f0,f1,f2,f3,f4,f5,f6,f7,f8,f9,f10,f11,f12,f13,f14,f15,f16,f17,f18,f19,f20,f21,f22,f23,f24,f25,f26,f27,f28,f29,f30,f31,f32,f33,f34,f35,f36,f37,f38,f39,f40,f41,f42,f43,f44,f45,f46,f47,f48,f49,f50,f51,f52,f53,f54,f55,f56,f57,f58,f59,f60,f61,f62,label
0.0,0.0,0.0,0.025482866913080215,-0.3095555901527405,-0.028928346931934357,0.08734731376171112,-0.572134792804718,-0.081612229347229,0.15117260813713074,-0.7908679246902466,-0.12832173705101013,0.1887308806180954,-0.9684587717056274,-0.16269074380397797,0.30919545888900757,-0.5764896869659424,-0.11831703782081604,0.5079516768455505,-0.5193802714347839,-0.1497095823287964,0.4412585496902466,-0.4426533281803131,-0.1487005203962326,0.3472732901573181,-0.43607160449028015,-0.14648312330245972,0.3652676045894623,-0.38211268186569214,-0.13374535739421844,0.5299770832061768,-0.34569230675697327,-0.1327967494726181,0.45303142070770264,-0.29376697540283203,-0.10517516732215881,0.3603430390357971,-0.2851966619491577,-0.0991307869553566,0.39392173290252686,-0.18043844401836395,-0.14599257707595825,0.5132262110710144,-0.17152836918830872,-0.1352616399526596,0.4396556615829468,-0.1307196021080017,-0.08432451635599136,0.35483598709106445,-0.11100956797599792,-0.06680690497159958,0.40568840503692627,0.009869124740362167,-0.16085368394851685,0.46390488743782043,-0.010040325112640858,-0.14891886711120605,0.3908913731575012,0.018731597810983658,-0.10361160337924957,0.32687845826148987,0.03734467178583145,-0.07668488472700119,APPROVED
0.0,0.0,0.0,0.022338414564728737,-0.3080349564552307,-0.030309438705444336,0.0798129066824913,-0.5732909440994263,-0.0840633288025856,0.14345361292362213,-0.7913554906845093,-0.13222037255764008,0.18647991120815277,-0.9679843187332153,-0.16802239418029785,0.3030156195163727,-0.5675402283668518,-0.11814393848180771,0.5035109519958496,-0.5176236033439636,-0.15392905473709106,0.4393296539783478,-0.4438575208187103,-0.1566353589296341,0.3463952839374542,-0.438123881816864,-0.1560811847448349,0.35803043842315674,-0.374835729598999,-0.13333934545516968,0.5254327654838562,-0.340381383895874,-0.13470762968063354,0.45036032795906067,-0.2901834547519684,-0.10736529529094696,0.35901519656181335,-0.28221485018730164,-0.10117027908563614,0.3855487108230591,-0.17552024126052856,-0.14633797109127045,0.5077311396598816,-0.16766603291034698,-0.13788115978240967,0.4358364939689636,-0.12699653208255768,-0.08678977191448212,0.35189878940582275,-0.10763159394264221,-0.06851603835821152,0.3969815969467163,0.013818882405757904,-0.16218753159046173,0.45798060297966003,-0.006485809572041035,-0.1520688235759735,0.38687601685523987,0.02273569069802761,-0.10689397156238556,0.32414868474006653,0.04201335832476616,-0.07962346822023392,APPROVED
0.0,0.0,0.0,0.025044390931725502,-0.3069084882736206,-0.026181304827332497,0.08146867156028748,-0.5729484558105469,-0.07946022599935532,0.14388583600521088,-0.7918863892555237,-0.1280708909034729,0.1920260637998581,-0.9675353765487671,-0.16432058811187744,0.30533087253570557,-0.5713481903076172,-0.11374633014202118,0.5073531866073608,-0.5197129845619202,-0.1496409922838211,0.4431546926498413,-0.44416606426239014,-0.1528966724872589,0.34950193762779236,-0.4384140372276306,-0.15262405574321747,0.3605251610279083,-0.3811189830303192,-0.13119715452194214,0.5289924740791321,-0.34401169419288635,-0.13153056800365448,0.4527312219142914,-0.28942885994911194,-0.10351181030273438,0.3597148358821869,-0.28115522861480713,-0.09680025279521942,0.38851398229599,-0.1828717291355133,-0.14633634686470032,0.5107457041740417,-0.17272187769412994,-0.1356823742389679,0.43806570768356323,-0.12747754156589508,-0.08291752636432648,0.3530162274837494,-0.10834434628486633,-0.06406797468662262,0.40049034357070923,0.006952160503715277,-0.16426749527454376,0.4607289731502533,-0.010251461528241634,-0.1524561196565628,0.388314813375473,0.021978911012411118,-0.1059473529458046,0.3244733512401581,0.04032076150178909,-0.07786428928375244,APPROVED
0.0,0.0,0.0,0.02412489429116249,-0.30685099959373474,-0.028248341754078865,0.08567816764116287,-0.5720170140266418,-0.08002884685993195,0.15050038695335388,-0.7913196682929993,-0.12671121954917908,0.19087553024291992,-0.9682983756065369,-0.16113583743572235,0.3077181279659271,-0.5691821575164795,-0.11075076460838318,0.5055431723594666,-0.5161938071250916,-0.1456354558467865,0.43961402773857117,-0.44172173738479614,-0.1496974676847458,0.3467102646827698,-0.4351544678211212,-0.15040938556194305,0.3615983724594116,-0.3780325949192047,-0.12686069309711456,0.5272929072380066,-0.34127077460289,-0.12728039920330048,0.45067355036735535,-0.2898675501346588,-0.10109442472457886,0.35869544744491577,-0.2817375957965851,-0.09549606591463089,0.38820576667785645,-0.1796751469373703,-0.14093612134456635,0.5082654356956482,-0.16968539357185364,-0.13157425820827484,0.4354645311832428,-0.12906846404075623,-0.08154173940420151,0.3516610264778137,-0.11087418347597122,-0.06388797610998154,0.39893460273742676,0.008631791919469833,-0.15785625576972961,0.4580720365047455,-0.009804626926779747,-0.1468615084886551,0.3858986794948578,0.01886656880378723,-0.10204131156206131,0.3226580023765564,0.03589463606476784,-0.0750175192952156,APPROVED
0.0,0.0,0.0,0.023359080776572227,-0.30839094519615173,-0.02753995545208454,0.08334580063819885,-0.5734118819236755,-0.07928100973367691,0.14777040481567383,-0.7924483418464661,-0.12589247524738312,0.18842308223247528,-0.9689074158668518,-0.16035936772823334,0.30593135952949524,-0.5699295401573181,-0.11106523126363754,0.5040552616119385,-0.5195178985595703,-0.1447395384311676,0.439216673374176,-0.44754475355148315,-0.14722508192062378,0.34670206904411316,-0.4411224126815796,-0.1466260701417923,0.3607645630836487,-0.3783559501171112,-0.12651073932647705,0.5258705615997314,-0.34361758828163147,-0.1257355809211731,0.4508571922779083,-0.2944280803203583,-0.09883829951286316,0.3598344624042511,-0.28535953164100647,-0.09279331564903259,0.38827046751976013,-0.18027691543102264,-0.1396476924419403,0.5089269876480103,-0.1709412932395935,-0.12903304398059845,0.43711984157562256,-0.1320277452468872,-0.0790882483124733,0.35342440009117126,-0.11304938793182373,-0.061608076095581055,0.39982134103775024,0.007552391849458218,-0.15544357895851135,0.45997264981269836,-0.011180814355611801,-0.14310099184513092,0.3883315324783325,0.016732383519411087,-0.09829255193471909,0.32538580894470215,0.03491867706179619,-0.07139827311038971,APPROVED
0.0,0.0,0.0,0.02458675019443035,-0.3062230944633484,-0.026018017902970314,0.08823598176240921,-0.5731555223464966,-0.07638641446828842,0.1537611037492752,-0.7924160957336426,-0.12148686498403549,0.18937355279922485,-0.9695977568626404,-0.15497703850269318,0.3047518730163574,-0.5664315819740295,-0.11144296824932098,0.4987432360649109,-0.5148098468780518,-0.14591924846172333,0.4308285117149353,-0.44355154037475586,-0.14972446858882904,0.3386147618293762,-0.43804097175598145,-0.15024566650390625,0.35786527395248413,-0.37478017807006836,-0.12710414826869965,0.5212088227272034,-0.34093794226646423,-0.1264055073261261,0.44543227553367615,-0.29230237007141113,-0.09910397231578827,0.3549273908138275,-0.2818411886692047,-0.0929395854473114,0.38451361656188965,-0.17733527719974518,-0.14020104706287384,0.5032054781913757,-0.16767412424087524,-0.12909956276416779,0.43160581588745117,-0.12959101796150208,-0.07845135033130646,0.34796273708343506,-0.10970935970544815,-0.06070151552557945,0.3953966200351715,0.008903966285288334,-0.15585707128047943,0.45434796810150146,-0.009151647798717022,-0.14274917542934418,0.38275155425071716,0.01958869770169258,-0.09751620143651962,0.3209933042526245,0.03829965367913246,-0.070591039955616,APPROVED
0.0,0.0,0.0,0.02392970398068428,-0.30816078186035156,-0.0252428837120533,0.08816514164209366,-0.573610782623291,-0.07548017054796219,0.1537056416273117,-0.7924008965492249,-0.12099532783031464,0.18958339095115662,-0.9695918560028076,-0.15475720167160034,0.3063250482082367,-0.5711202025413513,-0.11016926169395447,0.5047064423561096,-0.5226719379425049,-0.14495372772216797,0.43606770038604736,-0.44891422986984253,-0.1490338146686554,0.3418422341346741,-0.4418970048427582,-0.14951279759407043,0.3603198230266571,-0.3802684545516968,-0.12655064463615417,0.5259336233139038,-0.34408631920814514,-0.12583667039871216,0.4494107663631439,-0.294251024723053,-0.09933257848024368,0.3577998876571655,-0.2858663499355316,-0.09390193969011307,0.3877224326133728,-0.1819259226322174,-0.1403970718383789,0.5071718096733093,-0.16876769065856934,-0.12927164137363434,0.4338833689689636,-0.13051851093769073,-0.07920627295970917,0.34930428862571716,-0.11254247277975082,-0.06213589012622833,0.3992506265640259,0.005918162874877453,-0.15682700276374817,0.4579657018184662,-0.007998054847121239,-0.1437690407037735,0.3841085731983185,0.019749825820326805,-0.09886559098958969,0.32034555077552795,0.03622877970337868,-0.07233814150094986,APPROVED
0.0,0.0,0.0,0.02430712804198265,-0.306638240814209,-0.02951870672404766,0.08555726706981659,-0.5729693174362183,-0.081423319876194,0.1496199667453766,-0.7929231524467468,-0.12791089713573456,0.187102273106575,-0.9689100384712219,-0.16188295185565948,0.3079354166984558,-0.5709366202354431,-0.11357010155916214,0.5057991147041321,-0.518687903881073,-0.149461030960083,0.4380917549133301,-0.4437529742717743,-0.15362580120563507,0.34281986951828003,-0.4371265172958374,-0.15443313121795654,0.3620738685131073,-0.3799535036087036,-0.1295369416475296,0.5253452062606812,-0.34135088324546814,-0.1316441148519516,0.4483962059020996,-0.28951695561408997,-0.10655857622623444,0.35630467534065247,-0.28224509954452515,-0.1017317995429039,0.3892018795013428,-0.18123859167099,-0.1434212177991867,0.5061234831809998,-0.16714151203632355,-0.13584692776203156,0.4323006868362427,-0.127051442861557,-0.0867137759923935,0.3474430739879608,-0.1101827621459961,-0.06957090646028519,0.39993706345558167,0.007917404174804688,-0.1603044867515564,0.455901563167572,-0.004757039714604616,-0.15116983652114868,0.38238245248794556,0.02353244461119175,-0.10782454907894135,0.31837278604507446,0.03923588618636131,-0.081703782081604,APPROVED
0.0,0.0,0.0,0.024530351161956787,-0.3076286017894745,-0.02673543617129326,0.08774422854185104,-0.5741649270057678,-0.07713612169027328,0.1552620679140091,-0.7930131554603577,-0.12260778248310089,0.1913124918937683,-0.969078779220581,-0.1558394581079483,0.31201449036598206,-0.5740544199943542,-0.11115924268960953,0.5077403783798218,-0.517334520816803,-0.14494632184505463,0.4400283992290497,-0.44292712211608887,-0.14740702509880066,0.3452603220939636,-0.4377632439136505,-0.14752383530139923,0.3660748600959778,-0.38355088233947754,-0.12867814302444458,0.5287551283836365,-0.34175726771354675,-0.1303108185529709,0.4518304467201233,-0.2893201410770416,-0.10537341982126236,0.3588481843471527,-0.28146353363990784,-0.10043490678071976,0.39314794540405273,-0.18473748862743378,-0.1436159908771515,0.5104365944862366,-0.16561256349086761,-0.13568158447742462,0.43586140871047974,-0.12498516589403152,-0.08728968352079391,0.35004737973213196,-0.10849566757678986,-0.07062621414661407,0.4038839340209961,0.00568287493661046,-0.16135604679584503,0.4599946439266205,-0.00041171404882334173,-0.15276721119880676,0.3851708471775055,0.027915578335523605,-0.11069800704717636,0.3202243447303772,0.042260587215423584,-0.08532960712909698,APPROVED
0.0,0.0,0.0,0.02267100103199482,-0.30746692419052124,-0.027991581708192825,0.08395954966545105,-0.5719056725502014,-0.07934276759624481,0.15067560970783234,-0.7933440804481506,-0.12452970445156097,0.18729504942893982,-0.9696345925331116,-0.15725553035736084,0.3079584836959839,-0.5729543566703796,-0.11861566454172134,0.5030814409255981,-0.5144615769386292,-0.14827847480773926,0.43580836057662964,-0.44065508246421814,-0.14489790797233582,0.34224915504455566,-0.43513017892837524,-0.14136074483394623,0.36283746361732483,-0.38094234466552734,-0.1339753121137619,0.5238465666770935,-0.33844587206840515,-0.13151785731315613,0.44687703251838684,-0.28778085112571716,-0.10227232426404953,0.35527974367141724,-0.27969828248023987,-0.09548234939575195,0.389996737241745,-0.18112985789775848,-0.14595679938793182,0.5042356252670288,-0.16399450600147247,-0.13396888971328735,0.4304889738559723,-0.1257181465625763,-0.08307650685310364,0.3460719883441925,-0.10912805050611496,-0.06616081297397614,0.40092700719833374,0.008043571375310421,-0.1606362760066986,0.45570430159568787,-0.0025718556717038155,-0.14846783876419067,0.3818383812904358,0.024230724200606346,-0.10442348569631577,0.31812429428100586,0.0387774221599102,-0.07864471524953842,APPROVED
0.0,0.0,0.0,0.023910239338874817,-0.30679139494895935,-0.024346066638827324,0.09098172187805176,-0.574440062046051,-0.07255183160305023,0.15799503028392792,-0.7943800091743469,-0.11551134288311005,0.19036538898944855,-0.9706647992134094,-0.14687055349349976,0.31062787771224976,-0.5716803669929504,-0.10960565507411957,0.5024922490119934,-0.5178187489509583,-0.14018522202968597,0.4329760670661926,-0.4452165365219116,-0.14113081991672516,0.3392939269542694,-0.4387359023094177,-0.14058934152126312,0.3654646873474121,-0.38033875823020935,-0.12602171301841736,0.523523211479187,-0.3429635167121887,-0.1223597303032875,0.4465131461620331,-0.29381752014160156,-0.09469305723905563,0.3556113839149475,-0.2834605872631073,-0.08910777419805527,0.392107218503952,-0.18139120936393738,-0.13936029374599457,0.5060651302337646,-0.17075327038764954,-0.12607106566429138,0.4322516918182373,-0.1326611191034317,-0.07586833834648132,0.34803563356399536,-0.1135726273059845,-0.059349436312913895,0.40221089124679565,0.006770972162485123,-0.15522928535938263,0.45711326599121094,-0.009748894721269608,-0.1410498172044754,0.3832065165042877,0.01735052652657032,-0.09640662372112274,0.32019728422164917,0.03446807712316513,-0.07048359513282776,APPROVED
0.0,0.0,0.0,0.023452304303646088,-0.30570706725120544,-0.026616165414452553,0.08685470372438431,-0.5740829706192017,-0.07594054937362671,0.15234751999378204,-0.7955676317214966,-0.11944766342639923,0.18350361287593842,-0.9713819026947021,-0.15080992877483368,0.3066723942756653,-0.5718457698822021,-0.11256401985883713,0.4975949227809906,-0.5131277441978455,-0.1405666470527649,0.42905867099761963,-0.44028374552726746,-0.13805750012397766,0.33707183599472046,-0.4353128969669342,-0.13571642339229584,0.3614172637462616,-0.38043129444122314,-0.12793363630771637,0.51822829246521,-0.34080201387405396,-0.12460226565599442,0.44090139865875244,-0.29113349318504333,-0.09670554846525192,0.3500034809112549,-0.28171780705451965,-0.09077629446983337,0.3883441984653473,-0.18230168521404266,-0.1399143785238266,0.4998323619365692,-0.16858772933483124,-0.12673327326774597,0.42609837651252747,-0.1307183802127838,-0.07700171321630478,0.3423716723918915,-0.11304301023483276,-0.06086133047938347,0.3988695442676544,0.004342112224549055,-0.15452352166175842,0.4517556130886078,-0.00953139178454876,-0.14130067825317383,0.37779533863067627,0.01654519885778427,-0.09764022380113602,0.3144724369049072,0.03161533549427986,-0.07230587303638458,APPROVED
0.0,0.0,0.0,0.02456042356789112,-0.3065747022628784,-0.02520495466887951,0.09197844564914703,-0.5763439536094666,-0.07243708521127701,0.15925239026546478,-0.7951595187187195,-0.11447684466838837,0.19071520864963531,-0.9708667993545532,-0.1450704038143158,0.31389063596725464,-0.5643314719200134,-0.10516083240509033,0.49944546818733215,-0.5089527368545532,-0.13734163343906403,0.4286153018474579,-0.44177407026290894,-0.14132912456989288,0.33686140179634094,-0.436886727809906,-0.14265811443328857,0.3673592507839203,-0.37024492025375366,-0.12070272862911224,0.5222964286804199,-0.3365210294723511,-0.11852645874023438,0.445375919342041,-0.29273203015327454,-0.09194759279489517,0.35492658615112305,-0.28076595067977905,-0.0863332524895668,0.39259210228919983,-0.1724967062473297,-0.1338420808315277,0.5056959986686707,-0.16410033404827118,-0.1225244477391243,0.433350145816803,-0.13020475208759308,-0.0736483708024025,0.3494347929954529,-0.11026916652917862,-0.05681649595499039,0.4010677933692932,0.013555222190916538,-0.14953483641147614,0.45572301745414734,-0.0023025935515761375,-0.1369946300983429,0.3830118179321289,0.022821392863988876,-0.09351283311843872,0.32058051228523254,0.039338015019893646,-0.0675869807600975,APPROVED
0.0,0.0,0.0,0.026725027710199356,-0.3074125647544861,-0.022658368572592735,0.09272261708974838,-0.5798994898796082,-0.06881919503211975,0.15951460599899292,-0.79988694190979,-0.10964444279670715,0.19643265008926392,-0.97066330909729,-0.13866089284420013,0.31196752190589905,-0.5651386380195618,-0.10823296755552292,0.49743640422821045,-0.5180714130401611,-0.13546182215213776,0.4312094748020172,-0.4479469656944275,-0.13306348025798798,0.34211084246635437,-0.4422209560871124,-0.13004721701145172,0.36464306712150574,-0.3716126084327698,-0.12349169701337814,0.5235165357589722,-0.34255677461624146,-0.11720932275056839,0.4481719732284546,-0.29725295305252075,-0.08646700531244278,0.35690760612487793,-0.28746646642684937,-0.0782817080616951,0.3893631398677826,-0.1741531640291214,-0.13533082604408264,0.5071685314178467,-0.1706094890832901,-0.12029951065778732,0.43557944893836975,-0.1350688934326172,-0.06941545009613037,0.3511643707752228,-0.11525986343622208,-0.05181556195020676,0.3971388638019562,0.012552996166050434,-0.14924569427967072,0.457060307264328,-0.010929579846560955,-0.13395440578460693,0.3852638602256775,0.013719374313950539,-0.08866945654153824,0.3222300708293915,0.030600666999816895,-0.06182767078280449,APPROVED
0.0,0.0,0.0,0.02252955175936222,-0.30744925141334534,-0.027145851403474808,0.08732681721448898,-0.575684130191803,-0.07624809443950653,0.1587029993534088,-0.7939971685409546,-0.11967382580041885,0.19412468373775482,-0.9692277312278748,-0.1513710767030716,0.3125932216644287,-0.5674996972084045,-0.11208328604698181,0.5006392598152161,-0.51827073097229,-0.14160773158073425,0.43146196007728577,-0.4453485608100891,-0.14162015914916992,0.34028229117393494,-0.4390275478363037,-0.14052075147628784,0.3667130470275879,-0.3737218976020813,-0.1267794817686081,0.5215445160865784,-0.33995163440704346,-0.12253940105438232,0.4448688328266144,-0.29376932978630066,-0.09505429863929749,0.354362815618515,-0.2855786085128784,-0.08977479487657547,0.3914574682712555,-0.1737091988325119,-0.13834956288337708,0.5039131045341492,-0.16592377424240112,-0.12620319426059723,0.4310949146747589,-0.13072191178798676,-0.07733677327632904,0.346655011177063,-0.11222260445356369,-0.061332836747169495,0.39958277344703674,0.014418612234294415,-0.15235908329486847,0.45462125539779663,-0.0047111003659665585,-0.1398240178823471,0.38150954246520996,0.020122237503528595,-0.09563412517309189,0.3173521161079407,0.0368247851729393,-0.06948699802160263,APPROVED
0.0,0.0,0.0,0.02265203557908535,-0.30703240633010864,-0.026838237419724464,0.08655434846878052,-0.5759750008583069,-0.07597741484642029,0.15875296294689178,-0.7950364351272583,-0.11910892277956009,0.19550997018814087,-0.9691163897514343,-0.15029746294021606,0.31307253241539,-0.5671552419662476,-0.11408527195453644,0.5009828805923462,-0.5170091986656189,-0.1414327621459961,0.43226227164268494,-0.4431040287017822,-0.13844814896583557,0.34118613600730896,-0.4370403587818146,-0.135475292801857,0.3677400052547455,-0.3727019727230072,-0.12844853103160858,0.5217623114585876,-0.3382455110549927,-0.12227071076631546,0.4452212154865265,-0.29099777340888977,-0.09269284456968307,0.35467514395713806,-0.2823500335216522,-0.08627157658338547,0.3926675617694855,-0.17254523932933807,-0.13936839997768402,0.5031350255012512,-0.16403260827064514,-0.12521658837795258,0.4307771623134613,-0.1286037415266037,-0.07558002322912216,0.34631186723709106,-0.10977599024772644,-0.05958486720919609,0.40111857652664185,0.015797806903719902,-0.15267573297023773,0.4543081521987915,-0.002802246483042836,-0.1389484703540802,0.3812749981880188,0.021702619269490242,-0.09472564607858658,0.3170720636844635,0.038043633103370667,-0.06880548596382141,APPROVED
0.0,0.0,0.0,0.02711726538836956,-0.3083932399749756,-0.027767758816480637,0.0904940813779831,-0.5746700763702393,-0.0790308266878128,0.16258947551250458,-0.7944429516792297,-0.12365920841693878,0.2049882858991623,-0.9663631319999695,-0.1553129404783249,0.3152071535587311,-0.5565217137336731,-0.11877855658531189,0.5026473999023438,-0.5112918019294739,-0.14433155953884125,0.4330178201198578,-0.43878480792045593,-0.13706013560295105,0.3419749140739441,-0.430462509393692,-0.1311512291431427,0.37073397636413574,-0.361922949552536,-0.13285210728645325,0.5238823890686035,-0.33511996269226074,-0.12510144710540771,0.4470754861831665,-0.28994160890579224,-0.09247981011867523,0.3556987941265106,-0.2789544463157654,-0.08413515985012054,0.3953856825828552,-0.16194050014019012,-0.14317503571510315,0.5017228722572327,-0.15915992856025696,-0.12631437182426453,0.4293011724948883,-0.12494971603155136,-0.07444886863231659,0.3439194858074188,-0.10424892604351044,-0.05783332884311676,0.40277737379074097,0.026267826557159424,-0.15610913932323456,0.44936203956604004,0.007304045371711254,-0.14154350757598877,0.37652334570884705,0.029588593170046806,-0.09746962040662766,0.3116282522678375,0.04590548947453499,-0.07198711484670639,APPROVED
0.0,0.0,0.0,0.035311318933963776,-0.3114933669567108,-0.021828265860676765,0.1034267321228981,-0.5813445448875427,-0.06931744515895844,0.17600183188915253,-0.8021566271781921,-0.11158701032400131,0.2241707742214203,-0.9642909169197083,-0.1410336047410965,0.31973007321357727,-0.552749752998352,-0.11197529733181,0.5137210488319397,-0.5220840573310852,-0.13857810199260712,0.4488338530063629,-0.45076820254325867,-0.13158364593982697,0.35538265109062195,-0.4425198435783386,-0.1243968978524208,0.3713913857936859,-0.36141765117645264,-0.1281001716852188,0.5277475118637085,-0.34381842613220215,-0.12205176055431366,0.4549962878227234,-0.2978461682796478,-0.09034596383571625,0.36452722549438477,-0.2865086793899536,-0.08158891648054123,0.39473071694374084,-0.16329054534435272,-0.14053548872470856,0.5058749318122864,-0.16736193001270294,-0.12390592694282532,0.4371517598628998,-0.1318015307188034,-0.0727405697107315,0.3523024022579193,-0.11016425490379333,-0.055872026830911636,0.40094637870788574,0.025030331686139107,-0.15508858859539032,0.4547724723815918,1.4024438314663712e-05,-0.13840466737747192,0.3845139145851135,0.023141754791140556,-0.09372781962156296,0.321554034948349,0.04329902306199074,-0.06793087720870972,APPROVED
0.0,0.0,0.0,0.031831253319978714,-0.311315655708313,-0.016121448948979378,0.10606642812490463,-0.5850343704223633,-0.05890385061502457,0.18126851320266724,-0.8024972081184387,-0.09812897443771362,0.22376374900341034,-0.9664599299430847,-0.12603576481342316,0.32425013184547424,-0.5498685240745544,-0.10351862758398056,0.523166298866272,-0.5246075391769409,-0.12758861482143402,0.4606753885746002,-0.4542960524559021,-0.12068759649991989,0.3672235310077667,-0.44563424587249756,-0.11345381289720535,0.3743647336959839,-0.3595067858695984,-0.1209578886628151,0.5257773399353027,-0.34660035371780396,-0.11195595562458038,0.4538164436817169,-0.3011361062526703,-0.08145015686750412,0.3629451096057892,-0.2888967990875244,-0.0743437260389328,0.3950984477996826,-0.16078239679336548,-0.1342807114124298,0.5022523999214172,-0.1753862053155899,-0.11520335078239441,0.43745535612106323,-0.13739579916000366,-0.06540829688310623,0.35360315442085266,-0.11161153763532639,-0.04994998127222061,0.3996824324131012,0.02700822241604328,-0.14902852475643158,0.4604796767234802,-0.010620072484016418,-0.1292775720357895,0.39404600858688354,0.013894685544073582,-0.08319646120071411,0.3299594223499298,0.039482809603214264,-0.05703819915652275,APPROVED
0.0,0.0,0.0,0.0325196199119091,-0.3142337501049042,-0.013561304658651352,0.10574110597372055,-0.5857589244842529,-0.05491314083337784,0.1747908592224121,-0.8020365238189697,-0.09466762095689774,0.2071540355682373,-0.9703265428543091,-0.12471423298120499,0.3119431734085083,-0.5380622148513794,-0.09416961669921875,0.5154014825820923,-0.5201417803764343,-0.12090518325567245,0.4710712134838104,-0.4428667724132538,-0.119081050157547,0.3866390883922577,-0.4259871244430542,-0.1146957278251648,0.3641488552093506,-0.35445061326026917,-0.11202862113714218,0.5163941979408264,-0.3388676047325134,-0.10499649494886398,0.45223429799079895,-0.28812554478645325,-0.07745776325464249,0.3621792495250702,-0.2749851942062378,-0.07218389958143234,0.3869454562664032,-0.16150225698947906,-0.1267428994178772,0.4953298270702362,-0.16812121868133545,-0.10948672890663147,0.4378260672092438,-0.1281171590089798,-0.06315501779317856,0.35422778129577637,-0.10390780866146088,-0.04966767877340317,0.39558926224708557,0.021759245544672012,-0.14275850355625153,0.4608631432056427,-0.006550458259880543,-0.12297194451093674,0.3991427719593048,0.01896578259766102,-0.07838515937328339,0.3342965543270111,0.04179945960640907,-0.053462546318769455,APPROVED
0.0,0.0,0.0,0.03185499459505081,-0.31348714232444763,-0.009825816377997398,0.11120617389678955,-0.5868744254112244,-0.04854081943631172,0.17552627623081207,-0.7998092770576477,-0.08794882893562317,0.19707727432250977,-0.9730948209762573,-0.11936093866825104,0.32048696279525757,-0.5475332736968994,-0.08213979750871658,0.5333811044692993,-0.5251238942146301,-0.11109139770269394,0.5025866031646729,-0.4432492256164551,-0.11417944729328156,0.4263290464878082,-0.42270827293395996,-0.1126711517572403,0.36874324083328247,-0.365032821893692,-0.10321219265460968,0.5412007570266724,-0.3434038460254669,-0.09879951179027557,0.4835822284221649,-0.28848692774772644,-0.07425815612077713,0.39358556270599365,-0.2750806212425232,-0.06946694105863571,0.38965845108032227,-0.16850945353507996,-0.12194011360406876,0.5177211761474609,-0.17262513935565948,-0.10869212448596954,0.46227216720581055,-0.1286800503730774,-0.06502622365951538,0.37799736857414246,-0.10487289726734161,-0.051088809967041016,0.39744386076927185,0.02263118326663971,-0.14154426753520966,0.48805710673332214,-0.008187382481992245,-0.12373562157154083,0.4291991591453552,0.019289996474981308,-0.07840656489133835,0.3620680570602417,0.041050054132938385,-0.05194279924035072,APPROVED
0.0,0.0,0.0,0.028004800900816917,-0.3110176920890808,-0.010587001219391823,0.1076565682888031,-0.583215594291687,-0.050817497074604034,0.16973485052585602,-0.7972924113273621,-0.09187106788158417,0.18824169039726257,-0.9740819334983826,-0.12541700899600983,0.31343114376068115,-0.5516365170478821,-0.08278169482946396,0.516410231590271,-0.5233543515205383,-0.11388184875249863,0.47992250323295593,-0.43941518664360046,-0.12127772718667984,0.40439411997795105,-0.4209271967411041,-0.12365198135375977,0.3600429892539978,-0.3700139820575714,-0.10454732924699783,0.5241605639457703,-0.34966471791267395,-0.10069921612739563,0.4675513505935669,-0.29421886801719666,-0.0790913850069046,0.38136205077171326,-0.28066256642341614,-0.07735731452703476,0.38187673687934875,-0.17438209056854248,-0.1238381415605545,0.5001029968261719,-0.1784750521183014,-0.1106211319565773,0.4452560245990753,-0.13359394669532776,-0.06796300411224365,0.36549699306488037,-0.11011355370283127,-0.055342938750982285,0.3914593458175659,0.015223143622279167,-0.14408917725086212,0.47965478897094727,-0.020275425165891647,-0.1254930943250656,0.42222532629966736,0.006952627096325159,-0.07972046732902527,0.35737699270248413,0.028980307281017303,-0.053464844822883606,APPROVED
0.0,0.0,0.0,0.03487207740545273,-0.3041946589946747,-0.014597112312912941,0.11322648078203201,-0.5789270997047424,-0.057031676173210144,0.1812983602285385,-0.7904419898986816,-0.09879143536090851,0.20518182218074799,-0.9698857665061951,-0.13123272359371185,0.31540876626968384,-0.5503742694854736,-0.09160561114549637,0.5151185393333435,-0.5062375068664551,-0.12301341444253922,0.47908517718315125,-0.42074835300445557,-0.12472453713417053,0.39828357100486755,-0.39713290333747864,-0.12204544991254807,0.36352619528770447,-0.3636772632598877,-0.11321372538805008,0.5436809062957764,-0.3386290669441223,-0.11272300779819489,0.48866674304008484,-0.2727506756782532,-0.08723007887601852,0.39759084582328796,-0.25208860635757446,-0.08129194378852844,0.38878318667411804,-0.16598501801490784,-0.13241715729236603,0.5361522436141968,-0.16501475870609283,-0.12513965368270874,0.4768361449241638,-0.11369957774877548,-0.07835569232702255,0.38628241419792175,-0.08908199518918991,-0.06108850613236427,0.399006724357605,0.025901691988110542,-0.15272670984268188,0.5036067366600037,0.007768550422042608,-0.1427219808101654,0.4398220479488373,0.03726603090763092,-0.09884084761142731,0.36461010575294495,0.05131210759282112,-0.07219826430082321,APPROVED
0.0,0.0,0.0,0.034950271248817444,-0.30501243472099304,-0.011803693138062954,0.11137073487043381,-0.5838266015052795,-0.051193129271268845,0.1760983020067215,-0.7985312938690186,-0.09137386828660965,0.2013818472623825,-0.9718456864356995,-0.12231642007827759,0.29611286520957947,-0.5555247664451599,-0.07399924844503403,0.48084262013435364,-0.5312617421150208,-0.11097297817468643,0.4318084716796875,-0.4571739137172699,-0.12379801273345947,0.3486083149909973,-0.4316505789756775,-0.1292966604232788,0.3457529544830322,-0.3729032874107361,-0.09774734079837799,0.519256591796875,-0.36772528290748596,-0.10162857174873352,0.46472933888435364,-0.3067319691181183,-0.08600804954767227,0.3796725571155548,-0.28136998414993286,-0.08606378734111786,0.37589031457901,-0.17989207804203033,-0.12007033824920654,0.5191919207572937,-0.18843021988868713,-0.11560025066137314,0.4593988060951233,-0.13880939781665802,-0.0733398050069809,0.3737865090370178,-0.11060696095228195,-0.05826134234666824,0.3900076746940613,0.010603166185319424,-0.1436520516872406,0.4827178716659546,-0.013633029535412788,-0.13437920808792114,0.4170075058937073,0.015717297792434692,-0.09231528639793396,0.3486899435520172,0.036323919892311096,-0.06688951700925827,APPROVED
0.0,0.0,0.0,0.03435282036662102,-0.2992493808269501,-0.013075923547148705,0.11351364850997925,-0.5825116634368896,-0.05174776166677475,0.17286647856235504,-0.7987091541290283,-0.09165936708450317,0.1822480410337448,-0.9755834937095642,-0.12256594747304916,0.3051356077194214,-0.5525996685028076,-0.07151509821414948,0.4996606409549713,-0.5279278755187988,-0.11414992809295654,0.4423244893550873,-0.46016672253608704,-0.13413044810295105,0.35916197299957275,-0.44044849276542664,-0.14514566957950592,0.3497070074081421,-0.3680594861507416,-0.095897376537323,0.5282074809074402,-0.3517463207244873,-0.10157935321331024,0.467918336391449,-0.29846814274787903,-0.08580440282821655,0.38450923562049866,-0.28049206733703613,-0.08666133135557175,0.37556636333465576,-0.1725662648677826,-0.12028972059488297,0.519160807132721,-0.17357690632343292,-0.11936802417039871,0.4549732506275177,-0.12965868413448334,-0.07666616141796112,0.3703131079673767,-0.10541975498199463,-0.06097906455397606,0.3871430456638336,0.021037401631474495,-0.14625421166419983,0.477480411529541,-0.0015829657204449177,-0.13906940817832947,0.41016697883605957,0.02706904523074627,-0.09672166407108307,0.34470975399017334,0.04889363422989845,-0.07115292549133301,APPROVED
0.0,0.0,0.0,0.029952039942145348,-0.30378517508506775,-0.014463837258517742,0.1058385819196701,-0.5842467546463013,-0.053728703409433365,0.16429530084133148,-0.7993230223655701,-0.0944463238120079,0.17965368926525116,-0.9755758047103882,-0.1263977289199829,0.300626665353775,-0.5596411228179932,-0.07104117423295975,0.49462342262268066,-0.5516043901443481,-0.11670535802841187,0.4431122839450836,-0.47851938009262085,-0.14033545553684235,0.3603411316871643,-0.4542791545391083,-0.1527067869901657,0.34745243191719055,-0.38086965680122375,-0.09487259387969971,0.517914891242981,-0.36913272738456726,-0.10375838726758957,0.45706602931022644,-0.3119005560874939,-0.0913442000746727,0.37324613332748413,-0.29315438866615295,-0.09305018186569214,0.37407195568084717,-0.18744145333766937,-0.11920297145843506,0.5102078914642334,-0.1897217184305191,-0.12145442515611649,0.447346568107605,-0.14409588277339935,-0.0810246542096138,0.36467596888542175,-0.11955729126930237,-0.06514417380094528,0.38549208641052246,0.004323135130107403,-0.14511604607105255,0.475599080324173,-0.020384032279253006,-0.1399521380662918,0.41002050042152405,0.009877500124275684,-0.09729170799255371,0.3446807563304901,0.03414279222488403,-0.06988471746444702,APPROVED
0.0,0.0,0.0,0.03580355644226074,-0.3027193546295166,-0.016521289944648743,0.11576182395219803,-0.5835148096084595,-0.053784504532814026,0.1755518764257431,-0.800878643989563,-0.09091998636722565,0.17996524274349213,-0.9765084981918335,-0.11850593984127045,0.30095431208610535,-0.5532917380332947,-0.07077854126691818,0.5012129545211792,-0.5223588943481445,-0.1132345199584961,0.44420352578163147,-0.4648490846157074,-0.13326658308506012,0.3574482202529907,-0.4549158215522766,-0.1441895067691803,0.34721148014068604,-0.3709450364112854,-0.09211023151874542,0.5223998427391052,-0.352851927280426,-0.09754624217748642,0.455668568611145,-0.3062109053134918,-0.08246312290430069,0.369297593832016,-0.29315730929374695,-0.0828605592250824,0.37471264600753784,-0.1764529049396515,-0.11368890106678009,0.5168545842170715,-0.1746419221162796,-0.11199025809764862,0.44997403025627136,-0.13711796700954437,-0.07096054404973984,0.3652206063270569,-0.11695742607116699,-0.05536767467856407,0.3865082561969757,0.01412899699062109,-0.13717567920684814,0.46580225229263306,-0.007974447682499886,-0.1299489438533783,0.39928457140922546,0.015448632650077343,-0.08941945433616638,0.33757326006889343,0.034996047616004944,-0.06412634253501892,APPROVED
0.0,0.0,0.0,0.03648578003048897,-0.3025936782360077,-0.01570993848145008,0.11669156700372696,-0.5839993357658386,-0.0517965704202652,0.17609097063541412,-0.8012511134147644,-0.08851385116577148,0.18436919152736664,-0.9759493470191956,-0.11632240563631058,0.31563737988471985,-0.5489701628684998,-0.06279420107603073,0.5118870139122009,-0.5173577666282654,-0.10474103689193726,0.46495819091796875,-0.46356046199798584,-0.12719978392124176,0.3826097548007965,-0.45268914103507996,-0.13951222598552704,0.35994917154312134,-0.36793607473373413,-0.08364025503396988,0.5342763662338257,-0.3490593135356903,-0.08892304450273514,0.4793940782546997,-0.3066096901893616,-0.07811859995126724,0.3959764838218689,-0.29420191049575806,-0.08119657635688782,0.38622844219207764,-0.17550434172153473,-0.10503973066806793,0.5123467445373535,-0.1698862910270691,-0.09918677061796188,0.4557247459888458,-0.13368645310401917,-0.061431918293237686,0.37609046697616577,-0.11510071158409119,-0.04882911592721939,0.39792707562446594,0.013407211750745773,-0.12890098989009857,0.4724538028240204,-0.009760767221450806,-0.11597174406051636,0.41406479477882385,0.014965950511395931,-0.07552739977836609,0.35685059428215027,0.035490188747644424,-0.05120443180203438,APPROVED
0.0,0.0,0.0,0.03715142607688904,-0.303733229637146,-0.01613309606909752,0.11634625494480133,-0.582424521446228,-0.055114731192588806,0.17660656571388245,-0.7974439859390259,-0.0955154299736023,0.19066189229488373,-0.9733878374099731,-0.12713836133480072,0.31188562512397766,-0.5500707030296326,-0.0657271295785904,0.5138474106788635,-0.5209378004074097,-0.11177734285593033,0.4743225872516632,-0.45308443903923035,-0.1358029544353485,0.3996175527572632,-0.43574097752571106,-0.1483956128358841,0.3557626008987427,-0.3708135783672333,-0.08900897949934006,0.535435676574707,-0.3577011525630951,-0.10320158302783966,0.47465917468070984,-0.30948424339294434,-0.09368165582418442,0.384433388710022,-0.2938045263290405,-0.09371975064277649,0.380315899848938,-0.18013542890548706,-0.11317605525255203,0.5124663710594177,-0.17555886507034302,-0.11339638382196426,0.4522794783115387,-0.13575878739356995,-0.07499358803033829,0.36989638209342957,-0.1149744763970375,-0.05923817306756973,0.3904772698879242,0.0074575538747012615,-0.13986274600028992,0.46702948212623596,-0.014216863550245762,-0.13095763325691223,0.40658482909202576,0.01270785927772522,-0.09038421511650085,0.3479408919811249,0.03341621533036232,-0.06430201977491379,APPROVED
0.0,0.0,0.0,0.03983655571937561,-0.3003023564815521,-0.01466234028339386,0.12338827550411224,-0.5822957754135132,-0.05194832757115364,0.18787887692451477,-0.7975070476531982,-0.08938823640346527,0.1996159553527832,-0.9728826284408569,-0.11684567481279373,0.319892019033432,-0.5584578514099121,-0.06652679294347763,0.516352653503418,-0.5245696306228638,-0.10650422424077988,0.4596349895000458,-0.4544956386089325,-0.12486106157302856,0.37467628717422485,-0.44048163294792175,-0.13498130440711975,0.3655174970626831,-0.38042378425598145,-0.08956092596054077,0.5491654276847839,-0.35985836386680603,-0.09868678450584412,0.4836846888065338,-0.3047553300857544,-0.08580891788005829,0.3922262191772461,-0.2899706959724426,-0.084604911506176,0.39232030510902405,-0.18843282759189606,-0.11248555034399033,0.5275898575782776,-0.17756465077400208,-0.1102406233549118,0.46542924642562866,-0.1344408541917801,-0.07070557028055191,0.3824470341205597,-0.11559272557497025,-0.05495849624276161,0.403669148683548,0.001112941768951714,-0.13743692636489868,0.4879181683063507,-0.01975417695939541,-0.12717995047569275,0.424726277589798,0.010540442541241646,-0.08544808626174927,0.3647203743457794,0.03062046319246292,-0.059265512973070145,APPROVED
0.0,0.0,0.0,0.036738358438014984,-0.30156540870666504,-0.013329917564988136,0.12029332667589188,-0.5873167514801025,-0.04908846691250801,0.18554401397705078,-0.8013678193092346,-0.08605590462684631,0.19772884249687195,-0.9737503528594971,-0.11275441944599152,0.3080195188522339,-0.553499162197113,-0.059376299381256104,0.5023891925811768,-0.536814272403717,-0.10106860101222992,0.44785186648368835,-0.4688657820224762,-0.12158727645874023,0.36238014698028564,-0.4462643265724182,-0.13196231424808502,0.353644460439682,-0.3756934404373169,-0.08315585553646088,0.5447066426277161,-0.3721310496330261,-0.09326538443565369,0.48572468757629395,-0.32030582427978516,-0.08304784446954727,0.39817044138908386,-0.3006083071231842,-0.08314655721187592,0.3811340034008026,-0.18439775705337524,-0.10726660490036011,0.5222017168998718,-0.19089826941490173,-0.1058298721909523,0.4605068564414978,-0.15046465396881104,-0.0674518272280693,0.38071104884147644,-0.1288195550441742,-0.05212121456861496,0.3945861756801605,0.00640851492062211,-0.133211150765419,0.4875172972679138,-0.03197931498289108,-0.12249770760536194,0.4237610697746277,-0.00814901478588581,-0.07953394204378128,0.3650333285331726,0.012811792083084583,-0.05265207588672638,APPROVED
0.0,0.0,0.0,0.03247133269906044,-0.3049333393573761,-0.011743332259356976,0.11251465976238251,-0.5856512784957886,-0.05018299072980881,0.17275182902812958,-0.8002284169197083,-0.09004543721675873,0.18797998130321503,-0.9747187495231628,-0.1207759827375412,0.30867740511894226,-0.5609620809555054,-0.06967426836490631,0.5053755640983582,-0.5550126433372498,-0.11570435017347336,0.45574089884757996,-0.4760476350784302,-0.13916949927806854,0.3712675869464874,-0.4492826461791992,-0.15085765719413757,0.35446205735206604,-0.3825043737888336,-0.09471923857927322,0.5416654944419861,-0.3755900263786316,-0.10792981833219528,0.47932562232017517,-0.317788302898407,-0.09683527052402496,0.3883800804615021,-0.29936930537223816,-0.09584005177021027,0.3802475035190582,-0.18935608863830566,-0.11952700465917587,0.5176318287849426,-0.19625630974769592,-0.12007205933332443,0.45407551527023315,-0.15029644966125488,-0.07951175421476364,0.37316885590553284,-0.12769031524658203,-0.062465496361255646,0.3916874825954437,0.0040795630775392056,-0.1458909660577774,0.47813916206359863,-0.029856722801923752,-0.13724644482135773,0.41387879848480225,-0.0018667667172849178,-0.09321320056915283,0.3543302118778229,0.021160220727324486,-0.06452007591724396,APPROVED
0.0,0.0,0.0,0.02952463924884796,-0.30252817273139954,-0.014027003198862076,0.11363156139850616,-0.5887047648429871,-0.04624229297041893,0.1784278005361557,-0.8044416308403015,-0.07857499271631241,0.1902960240840912,-0.9765869379043579,-0.10032632946968079,0.3059670627117157,-0.553218424320221,-0.054161105304956436,0.5001459717750549,-0.5297722220420837,-0.08911290019750595,0.43727195262908936,-0.4670901596546173,-0.10588204860687256,0.35057467222213745,-0.446206271648407,-0.11480925977230072,0.35466837882995605,-0.37047436833381653,-0.07413692772388458,0.5351560115814209,-0.3746279180049896,-0.07748716324567795,0.46937745809555054,-0.3275297284126282,-0.06400678306818008,0.3844946324825287,-0.3042866289615631,-0.06281622499227524,0.38255104422569275,-0.17889809608459473,-0.09431611001491547,0.5184972882270813,-0.20072048902511597,-0.08945223689079285,0.45344674587249756,-0.16431711614131927,-0.049279458820819855,0.3745599389076233,-0.13942615687847137,-0.03272018954157829,0.3942650258541107,0.008277937769889832,-0.11600996553897858,0.48570528626441956,-0.04121877998113632,-0.1024840846657753,0.420497864484787,-0.019044021144509315,-0.05758215859532356,0.36048245429992676,0.005229157395660877,-0.02926184982061386,APPROVED
0.0,0.0,0.0,0.02501915581524372,-0.3093639314174652,-0.011189746670424938,0.1065092459321022,-0.5888420343399048,-0.04498770087957382,0.1673801988363266,-0.804925799369812,-0.07887222617864609,0.17970536649227142,-0.9783008694648743,-0.1031181737780571,0.3065330982208252,-0.5499973893165588,-0.0609113872051239,0.49921080470085144,-0.5335433483123779,-0.088322214782238,0.43682998418807983,-0.4794662296772003,-0.09700401872396469,0.3565591871738434,-0.4642937481403351,-0.10164112597703934,0.3553018867969513,-0.3618769645690918,-0.08065719157457352,0.5244085788726807,-0.3801937699317932,-0.07669107615947723,0.4543488323688507,-0.3436388373374939,-0.05790475755929947,0.37296798825263977,-0.3179871737957001,-0.05501588433980942,0.38162925839424133,-0.1683863252401352,-0.09895513951778412,0.5095784068107605,-0.21259723603725433,-0.0880427286028862,0.44311264157295227,-0.1797679364681244,-0.04512825608253479,0.36712124943733215,-0.14501677453517914,-0.02850288525223732,0.3920435905456543,0.017174439504742622,-0.11816000193357468,0.47612741589546204,-0.04935446009039879,-0.10108669847249985,0.4123772978782654,-0.02951847016811371,-0.054750341922044754,0.354844868183136,0.005284091457724571,-0.026041632518172264,APPROVED
0.0,0.0,0.0,0.0253835991024971,-0.3153599202632904,-0.009324712678790092,0.10170411318540573,-0.5912547707557678,-0.04400167986750603,0.16140900552272797,-0.8064123392105103,-0.07859775424003601,0.17883053421974182,-0.9783614873886108,-0.1040598675608635,0.30826514959335327,-0.5519015789031982,-0.06821385771036148,0.4982384741306305,-0.5409530401229858,-0.09584978222846985,0.43913719058036804,-0.48145365715026855,-0.10329040139913559,0.3580096662044525,-0.4641179144382477,-0.10651149600744247,0.3602699339389801,-0.36669695377349854,-0.08725778013467789,0.5265265107154846,-0.38243427872657776,-0.08051352202892303,0.4617001712322235,-0.34086960554122925,-0.05891190469264984,0.37878501415252686,-0.3157942295074463,-0.05508047714829445,0.38702017068862915,-0.17549243569374084,-0.10399539023637772,0.5087295174598694,-0.21412578225135803,-0.08736658841371536,0.4474317133426666,-0.17678816616535187,-0.04287081956863403,0.3705146610736847,-0.14395174384117126,-0.02749832347035408,0.39501073956489563,0.008545692078769207,-0.12170935422182083,0.46675029397010803,-0.047029945999383926,-0.10069654136896133,0.4062025547027588,-0.024708565324544907,-0.05423624441027641,0.349666565656662,0.005572890862822533,-0.026429856196045876,APPROVED
0.0,0.0,0.0,0.023445695638656616,-0.3146308958530426,-0.009844588115811348,0.09973674267530441,-0.5865662693977356,-0.04682581126689911,0.15986382961273193,-0.8034181594848633,-0.08382739871740341,0.174137145280838,-0.9782887101173401,-0.11237197369337082,0.3112579882144928,-0.5566556453704834,-0.06914640963077545,0.49625980854034424,-0.5389480590820312,-0.09905247390270233,0.4386467933654785,-0.4737815856933594,-0.11087030917406082,0.3577594757080078,-0.4564865231513977,-0.11732109636068344,0.3635111153125763,-0.3719821572303772,-0.08902530372142792,0.5211464762687683,-0.3780280351638794,-0.08247731626033783,0.45791664719581604,-0.3299143612384796,-0.06404847651720047,0.3766186237335205,-0.30520856380462646,-0.06336834281682968,0.39031919836997986,-0.1780058741569519,-0.10645798593759537,0.5046985745429993,-0.2092277705669403,-0.0912422239780426,0.4442732334136963,-0.16664834320545197,-0.04774577543139458,0.36984530091285706,-0.1352241188287735,-0.033466119319200516,0.3987620770931244,0.008039355278015137,-0.12486043572425842,0.4729306697845459,-0.04536646604537964,-0.10580816864967346,0.4121507704257965,-0.017902597784996033,-0.0580054335296154,0.3554486632347107,0.01315352227538824,-0.028946036472916603,APPROVED
0.0,0.0,0.0,0.022740615531802177,-0.31533294916152954,-0.009705309756100178,0.10094882547855377,-0.5882312655448914,-0.042054563760757446,0.1647777557373047,-0.8049583435058594,-0.07413053512573242,0.18373984098434448,-0.9781920909881592,-0.09684925526380539,0.3159252405166626,-0.5514383912086487,-0.05723210424184799,0.488505482673645,-0.5393280982971191,-0.077680803835392,0.427836149930954,-0.4803677499294281,-0.08316455781459808,0.3455740809440613,-0.46200302243232727,-0.08605873584747314,0.3687540292739868,-0.36332574486732483,-0.07313459366559982,0.5149694681167603,-0.3778792917728424,-0.05815449729561806,0.45121511816978455,-0.3389224112033844,-0.036736536771059036,0.37016358971595764,-0.3129723072052002,-0.03556375578045845,0.3943152129650116,-0.17115652561187744,-0.08693194389343262,0.5076941847801208,-0.2138250172138214,-0.0655154138803482,0.4477423429489136,-0.178689643740654,-0.022387025877833366,0.37012779712677,-0.14366298913955688,-0.009388172999024391,0.4009940028190613,0.011741351336240768,-0.10173789411783218,0.46844717860221863,-0.05005250498652458,-0.07828832417726517,0.4098168611526489,-0.030391570180654526,-0.032831236720085144,0.3529956042766571,0.00084508559666574,-0.006387853063642979,APPROVED
0.0,0.0,0.0,0.019142774865031242,-0.3166063725948334,-0.007516774814575911,0.09383009374141693,-0.5850020051002502,-0.04387828707695007,0.1607903093099594,-0.8035022020339966,-0.079877108335495,0.18088023364543915,-0.9776892066001892,-0.10679924488067627,0.31674498319625854,-0.5549228191375732,-0.06317050009965897,0.4959452152252197,-0.5401804447174072,-0.08588216453790665,0.4372466802597046,-0.4721521735191345,-0.09282403439283371,0.3563768267631531,-0.4484088122844696,-0.09620209783315659,0.3742842376232147,-0.3655560314655304,-0.08071887493133545,0.5214448571205139,-0.38145044445991516,-0.06614280492067337,0.45763394236564636,-0.33634546399116516,-0.044107671827077866,0.3754854202270508,-0.30674049258232117,-0.04214506968855858,0.4020928144454956,-0.172642782330513,-0.09536612778902054,0.5095216035842896,-0.21516495943069458,-0.0720674991607666,0.45061445236206055,-0.17638935148715973,-0.02741612307727337,0.3759886622428894,-0.14004552364349365,-0.014065551571547985,0.4114651679992676,0.009144116193056107,-0.11081012338399887,0.47551754117012024,-0.056489549577236176,-0.08520159125328064,0.41602635383605957,-0.02964421547949314,-0.037104424089193344,0.3611050248146057,0.0052252658642828465,-0.008935720659792423,APPROVED
0.0,0.0,0.0,0.01846006140112877,-0.31786197423934937,-0.008737342432141304,0.09053581953048706,-0.5902842283248901,-0.042394138872623444,0.15764282643795013,-0.8093870878219604,-0.07497676461935043,0.18079154193401337,-0.9786695241928101,-0.09757246822118759,0.321675181388855,-0.550065279006958,-0.0603976845741272,0.48990073800086975,-0.5490490198135376,-0.0794159546494484,0.4202510714530945,-0.486032634973526,-0.08335894346237183,0.3371891677379608,-0.46009770035743713,-0.08516979217529297,0.3793622851371765,-0.36242997646331787,-0.07479441165924072,0.5139484405517578,-0.38664641976356506,-0.058222949504852295,0.448205828666687,-0.34403926134109497,-0.036824412643909454,0.37117236852645874,-0.3139335811138153,-0.03572169691324234,0.40738749504089355,-0.17393699288368225,-0.08611885458230972,0.5000737309455872,-0.21420803666114807,-0.06255136430263519,0.4417778253555298,-0.1789286583662033,-0.02035372145473957,0.36993536353111267,-0.14523904025554657,-0.008111005648970604,0.416792631149292,0.0028803541790694,-0.09814903140068054,0.47891896963119507,-0.05995222553610802,-0.07154016196727753,0.41975751519203186,-0.03657819330692291,-0.024543089792132378,0.3659921884536743,-0.005759383551776409,0.0030062112491577864,APPROVED
0.0,0.0,0.0,0.02307949960231781,-0.3150258958339691,-0.008748186752200127,0.09881564229726791,-0.583052396774292,-0.04343071207404137,0.16528043150901794,-0.8042217493057251,-0.07777521014213562,0.18499712646007538,-0.9773746728897095,-0.10254168510437012,0.3324139416217804,-0.5452415347099304,-0.05146088823676109,0.4964320957660675,-0.5406720638275146,-0.07039669901132584,0.42480170726776123,-0.47636598348617554,-0.0795004591345787,0.3411886692047119,-0.4542204737663269,-0.085501529276371,0.3870699405670166,-0.35897910594940186,-0.06566556543111801,0.521597683429718,-0.3825838267803192,-0.0493420735001564,0.4539782702922821,-0.3385350704193115,-0.03183741122484207,0.3734813630580902,-0.3119295537471771,-0.03309973329305649,0.41125842928886414,-0.17035366594791412,-0.07711238414049149,0.507019579410553,-0.2114725559949875,-0.05383770540356636,0.44838738441467285,-0.17275157570838928,-0.013201765716075897,0.3753109872341156,-0.14014211297035217,-0.0014455105410888791,0.41728484630584717,0.005661791190505028,-0.08934943377971649,0.48356881737709045,-0.05817030370235443,-0.06284209340810776,0.42456579208374023,-0.03212284669280052,-0.01566123031079769,0.37017470598220825,-0.00015618825273122638,0.012402372434735298,APPROVED
0.0,0.0,0.0,0.020746668800711632,-0.319067120552063,-0.008832864463329315,0.09530410170555115,-0.5849382281303406,-0.043315839022397995,0.1631750762462616,-0.8045798540115356,-0.07755574584007263,0.18410606682300568,-0.9775602221488953,-0.10237714648246765,0.32922619581222534,-0.5430101752281189,-0.04915899410843849,0.49155715107917786,-0.5452761650085449,-0.06692244857549667,0.4207025170326233,-0.4817553460597992,-0.07553983479738235,0.337650865316391,-0.4574132561683655,-0.08088963478803635,0.3843804895877838,-0.355442613363266,-0.06219889968633652,0.5190269351005554,-0.3852703273296356,-0.04599682241678238,0.45171934366226196,-0.34345129132270813,-0.02963593415915966,0.3713305592536926,-0.3155876696109772,-0.03100525587797165,0.4079863131046295,-0.16759812831878662,-0.07231216132640839,0.5028701424598694,-0.21213671565055847,-0.04837522283196449,0.44539687037467957,-0.17557117342948914,-0.009295405820012093,0.37343651056289673,-0.1425981968641281,0.001809562905691564,0.41384389996528625,0.005943186115473509,-0.08310959488153458,0.48150327801704407,-0.05931691452860832,-0.055747050791978836,0.42315152287483215,-0.03481568768620491,-0.008873309008777142,0.3690791726112366,-0.0018914979882538319,0.019177908077836037,APPROVED
0.0,0.0,0.0,0.021945925429463387,-0.318308025598526,-0.010455867275595665,0.09717583656311035,-0.5861425995826721,-0.045132964849472046,0.16579335927963257,-0.8040367960929871,-0.07909119129180908,0.18750882148742676,-0.9768096804618835,-0.10335972160100937,0.33353257179260254,-0.5531895756721497,-0.051514338701963425,0.4908836781978607,-0.5419727563858032,-0.07035961002111435,0.42420122027397156,-0.47646909952163696,-0.07905508577823639,0.34290605783462524,-0.4544479250907898,-0.08481328189373016,0.3867264688014984,-0.36481818556785583,-0.06644468754529953,0.5157956480979919,-0.3804374039173126,-0.05173622444272041,0.44987884163856506,-0.3354881703853607,-0.03500000759959221,0.368583083152771,-0.30801910161972046,-0.03614414855837822,0.4101896584033966,-0.17596875131130219,-0.07915672659873962,0.5042362809181213,-0.21357150375843048,-0.058371346443891525,0.44656801223754883,-0.17403657734394073,-0.019923878833651543,0.3722294270992279,-0.14034393429756165,-0.00894204992800951,0.4165121018886566,0.0008409245638176799,-0.0929417759180069,0.47820642590522766,-0.06087985262274742,-0.07070740312337875,0.42106515169143677,-0.034039903432130814,-0.026866775006055832,0.3668639063835144,-0.0014364036032930017,-0.00013954166206531227,APPROVED
0.0,0.0,0.0,0.021290883421897888,-0.31825295090675354,-0.013530616648495197,0.09798285365104675,-0.5852460265159607,-0.049309223890304565,0.16936281323432922,-0.8013490438461304,-0.08415548503398895,0.1951441615819931,-0.974638044834137,-0.10954178869724274,0.335757315158844,-0.5477969646453857,-0.0541018582880497,0.49537962675094604,-0.5375002026557922,-0.07736153155565262,0.42603352665901184,-0.47248339653015137,-0.09000647813081741,0.34132757782936096,-0.4524448812007904,-0.09779306501150131,0.3886272609233856,-0.35657304525375366,-0.06888581067323685,0.5214287638664246,-0.37460216879844666,-0.058188095688819885,0.45418432354927063,-0.330787718296051,-0.04394373297691345,0.3705553412437439,-0.3052060306072235,-0.046142589300870895,0.411828875541687,-0.16606999933719635,-0.08189806342124939,0.512805700302124,-0.2072095423936844,-0.06537076830863953,0.45249900221824646,-0.16699346899986267,-0.026771442964673042,0.37681764364242554,-0.13358886539936066,-0.01469176635146141,0.4168843626976013,0.011314451694488525,-0.09617430716753006,0.4868752062320709,-0.0520319826900959,-0.07807782292366028,0.42636051774024963,-0.023706138134002686,-0.033834122121334076,0.37035343050956726,0.009850100614130497,-0.005931745748966932,APPROVED
0.0,0.0,0.0,0.018628375604748726,-0.3217422366142273,-0.009118500165641308,0.09584753960371017,-0.5861556529998779,-0.04244837164878845,0.1688430905342102,-0.8029482960700989,-0.0750889703631401,0.19518537819385529,-0.9758177399635315,-0.0983993262052536,0.33516189455986023,-0.5497826337814331,-0.04950433224439621,0.49157530069351196,-0.5343546271324158,-0.06381402909755707,0.42093658447265625,-0.4714895188808441,-0.06919103860855103,0.3383990526199341,-0.45165517926216125,-0.07315748184919357,0.3885308504104614,-0.3553607761859894,-0.06393445283174515,0.5186687111854553,-0.37366312742233276,-0.04547552019357681,0.45005083084106445,-0.33347660303115845,-0.026956431567668915,0.36830779910087585,-0.30634069442749023,-0.027276180684566498,0.41023045778274536,-0.16341355443000793,-0.0754980519413948,0.5075856447219849,-0.20791444182395935,-0.05253247171640396,0.4465952217578888,-0.1694977730512619,-0.013079998083412647,0.3722793161869049,-0.13394343852996826,-0.0017441886011511087,0.4146852195262909,0.013349907472729683,-0.08778224140405655,0.4806513786315918,-0.051268234848976135,-0.06534548103809357,0.4205315113067627,-0.023899327963590622,-0.02094770222902298,0.3660587668418884,0.010949032381176949,0.006174931302666664,APPROVED
0.0,0.0,0.0,0.02051796019077301,-0.32262277603149414,-0.010560215450823307,0.09908925741910934,-0.5882204174995422,-0.04306956008076668,0.17313535511493683,-0.8034209609031677,-0.07496942579746246,0.19834382832050323,-0.9752616882324219,-0.09759297221899033,0.33892330527305603,-0.5452463626861572,-0.04574599117040634,0.4930659234523773,-0.5304722189903259,-0.06201083958148956,0.42069873213768005,-0.47119221091270447,-0.07074800878763199,0.33679789304733276,-0.45359575748443604,-0.07683299481868744,0.39051353931427,-0.3510266840457916,-0.05966382473707199,0.5189296007156372,-0.37028583884239197,-0.04299260303378105,0.4499151110649109,-0.33242738246917725,-0.02760254591703415,0.3677889406681061,-0.30719655752182007,-0.029776567593216896,0.4111633002758026,-0.15923289954662323,-0.07123750448226929,0.508456289768219,-0.2041962742805481,-0.050191499292850494,0.4468255043029785,-0.16812995076179504,-0.012722679413855076,0.3720012605190277,-0.13390931487083435,-0.002028574701398611,0.41463977098464966,0.018072128295898438,-0.08364328742027283,0.4809626638889313,-0.0481853149831295,-0.06256572157144547,0.42040857672691345,-0.023611655458807945,-0.018792500719428062,0.3660387694835663,0.010787703096866608,0.008309204131364822,APPROVED
0.0,0.0,0.0,0.019847774878144264,-0.3218563497066498,-0.00955653190612793,0.09799809008836746,-0.5893640518188477,-0.04147684946656227,0.17104248702526093,-0.8046891689300537,-0.072943314909935,0.1959412842988968,-0.9759921431541443,-0.0951118990778923,0.33427974581718445,-0.5475788116455078,-0.045990776270627975,0.4909205734729767,-0.535395622253418,-0.06104280427098274,0.41968467831611633,-0.4759216904640198,-0.06776237487792969,0.33655327558517456,-0.4568888247013092,-0.0724123939871788,0.38593846559524536,-0.3547007441520691,-0.06004201993346214,0.5172879099845886,-0.37503111362457275,-0.04304402321577072,0.44852229952812195,-0.3374498188495636,-0.02646278217434883,0.3660820424556732,-0.3118419349193573,-0.02762402780354023,0.40688619017601013,-0.16399353742599487,-0.0716261938214302,0.5068279504776001,-0.20787958800792694,-0.04998954012989998,0.4460376799106598,-0.171791210770607,-0.01267112698405981,0.37126368284225464,-0.1374463140964508,-0.0022413991391658783,0.41143786907196045,0.012729961425065994,-0.08388999849557877,0.47948330640792847,-0.05212985724210739,-0.062227047979831696,0.41949835419654846,-0.02771124430000782,-0.0190169308334589,0.36495620012283325,0.0063737547025084496,0.007407936733216047,APPROVED
0.0,0.0,0.0,0.02191488817334175,-0.32052546739578247,-0.010035811923444271,0.10043510794639587,-0.5859341025352478,-0.04329361021518707,0.17483559250831604,-0.8018772006034851,-0.07636324316263199,0.2019634246826172,-0.9742710590362549,-0.10003311932086945,0.33612871170043945,-0.5502894520759583,-0.04710368439555168,0.4982143044471741,-0.5303943157196045,-0.0657501071691513,0.4283723533153534,-0.4647314250469208,-0.07543560862541199,0.34368816018104553,-0.4481273591518402,-0.08154863119125366,0.3884444832801819,-0.35905495285987854,-0.06211252510547638,0.5228925943374634,-0.3689800500869751,-0.046221744269132614,0.45501431822776794,-0.32507774233818054,-0.030485454946756363,0.3722458779811859,-0.30156582593917847,-0.03233136236667633,0.4107736051082611,-0.16683869063854218,-0.07492631673812866,0.5121791958808899,-0.20168283581733704,-0.05381612852215767,0.45033442974090576,-0.16133537888526917,-0.015196792781352997,0.37536701560020447,-0.12843382358551025,-0.003941194154322147,0.41583576798439026,0.012433202937245369,-0.08870828151702881,0.48489081859588623,-0.04503503814339638,-0.06694189459085464,0.4229777753353119,-0.01798059791326523,-0.022192304953932762,0.367789089679718,0.015403728932142258,0.005457674153149128,APPROVED
0.0,0.0,0.0,0.022782959043979645,-0.3187083303928375,-0.012195326387882233,0.10177358239889145,-0.5852752923965454,-0.04667767137289047,0.17557694017887115,-0.8007786273956299,-0.08074211329221725,0.20127956569194794,-0.9738441109657288,-0.10542375594377518,0.3358806371688843,-0.5486434698104858,-0.05046404153108597,0.49970677495002747,-0.5288034677505493,-0.07343902438879013,0.4325392246246338,-0.46363940834999084,-0.08543886989355087,0.3479263484477997,-0.44713833928108215,-0.09253866225481033,0.38714689016342163,-0.3580005466938019,-0.06612153351306915,0.5240733623504639,-0.36653169989585876,-0.054661840200424194,0.4570469856262207,-0.3225618004798889,-0.04057371988892555,0.374191015958786,-0.3003897964954376,-0.042711153626441956,0.4098806083202362,-0.16569706797599792,-0.08008510619401932,0.5123257637023926,-0.19866038858890533,-0.06347694247961044,0.45028433203697205,-0.15790830552577972,-0.02552766539156437,0.37547677755355835,-0.12577876448631287,-0.01370199304074049,0.4153715670108795,0.014607246965169907,-0.09517823159694672,0.4835055470466614,-0.042220789939165115,-0.07688384503126144,0.42142006754875183,-0.014289174228906631,-0.03273466229438782,0.3664965033531189,0.019326359033584595,-0.004820955917239189,APPROVED
0.0,0.0,0.0,0.02277587354183197,-0.3179943263530731,-0.011151552200317383,0.10228531062602997,-0.5849496126174927,-0.043899159878492355,0.17594465613365173,-0.8014428019523621,-0.07677937299013138,0.20270518958568573,-0.9740771055221558,-0.1004209890961647,0.33423060178756714,-0.5503423810005188,-0.044246796518564224,0.49868470430374146,-0.5288390517234802,-0.06584987044334412,0.431383341550827,-0.4630073010921478,-0.0779673382639885,0.34662947058677673,-0.446392297744751,-0.08527138084173203,0.38497307896614075,-0.36026376485824585,-0.05982731655240059,0.5218321084976196,-0.36779168248176575,-0.04746854677796364,0.4546882212162018,-0.3229184150695801,-0.03426189348101616,0.37147554755210876,-0.30020657181739807,-0.036932770162820816,0.4074753522872925,-0.16755539178848267,-0.07394065707921982,0.5096440315246582,-0.19809499382972717,-0.0562964491546154,0.4478130042552948,-0.15634219348430634,-0.019195016473531723,0.3727051615715027,-0.12360524386167526,-0.007989493198692799,0.4132286608219147,0.013953106477856636,-0.08921635150909424,0.4823658764362335,-0.04000457003712654,-0.0701947957277298,0.4199746251106262,-0.01220620609819889,-0.02668844535946846,0.36481961607933044,0.021387290209531784,0.0006291293539106846,APPROVED
0.0,0.0,0.0,0.02449248731136322,-0.317396879196167,-0.01053873635828495,0.10430935025215149,-0.5853793621063232,-0.043681126087903976,0.17806732654571533,-0.8020139336585999,-0.07647065073251724,0.20459222793579102,-0.9737289547920227,-0.09996923804283142,0.33747178316116333,-0.549679696559906,-0.04880136996507645,0.4997093677520752,-0.5311323404312134,-0.06952358782291412,0.43167632818222046,-0.46798789501190186,-0.08011382073163986,0.3488135039806366,-0.44997072219848633,-0.08681286126375198,0.3880918025970459,-0.3579138517379761,-0.06474654376506805,0.5254898071289062,-0.36916130781173706,-0.051388442516326904,0.4571816325187683,-0.32669204473495483,-0.035899270325899124,0.3743775188922882,-0.3026784658432007,-0.037346549332141876,0.41012507677078247,-0.16438469290733337,-0.07873038202524185,0.5128902792930603,-0.19770783185958862,-0.06025915965437889,0.45009884238243103,-0.15831036865711212,-0.021619390696287155,0.37539559602737427,-0.12540048360824585,-0.009851829148828983,0.41494569182395935,0.017472153529524803,-0.09370113909244537,0.4841030538082123,-0.038462571799755096,-0.0743057057261467,0.42059996724128723,-0.011945334263145924,-0.029904503375291824,0.36537590622901917,0.021293027326464653,-0.002193219494074583,APPROVED
0.0,0.0,0.0,0.024362193420529366,-0.3181493580341339,-0.011226615868508816,0.10403384268283844,-0.5851026177406311,-0.04499512538313866,0.17816759645938873,-0.8015435934066772,-0.07822902500629425,0.20361803472042084,-0.9737136363983154,-0.102085642516613,0.33613207936286926,-0.5490906238555908,-0.05012200400233269,0.4985835552215576,-0.5311455130577087,-0.07099599391222,0.43043047189712524,-0.4676811099052429,-0.08113405108451843,0.34737494587898254,-0.449294775724411,-0.08735693246126175,0.38690826296806335,-0.3577548861503601,-0.06570705771446228,0.5247608423233032,-0.36931487917900085,-0.05289466679096222,0.45619484782218933,-0.32674795389175415,-0.03725175932049751,0.3732124865055084,-0.3028741776943207,-0.038287922739982605,0.4088751971721649,-0.16464614868164062,-0.07929245382547379,0.5120434165000916,-0.19818930327892303,-0.06115313991904259,0.4491833746433258,-0.158867746591568,-0.02249130979180336,0.3746042549610138,-0.1260322779417038,-0.010489785112440586,0.4136781692504883,0.016880659386515617,-0.09386887401342392,0.48355019092559814,-0.03921400010585785,-0.07464543730020523,0.4202847182750702,-0.012956599704921246,-0.030244005843997,0.36529046297073364,0.02009478211402893,-0.0023906854912638664,APPROVED
0.0,0.0,0.0,0.02473800629377365,-0.3173835277557373,-0.008535303175449371,0.10506756603717804,-0.5863487124443054,-0.0409415066242218,0.17884144186973572,-0.8033037781715393,-0.07274874299764633,0.2030940055847168,-0.9745026230812073,-0.0953802540898323,0.33696210384368896,-0.5557131767272949,-0.05061743035912514,0.4983852803707123,-0.5336662530899048,-0.06968393921852112,0.43041059374809265,-0.4665382206439972,-0.07787298411130905,0.3467470705509186,-0.44844701886177063,-0.08301490545272827,0.3889964520931244,-0.36443132162094116,-0.06684701889753342,0.5245073437690735,-0.3717333674430847,-0.050667937844991684,0.4570092260837555,-0.32442474365234375,-0.032971229404211044,0.37502092123031616,-0.2993011474609375,-0.033571675419807434,0.4128851592540741,-0.17057965695858002,-0.08066342025995255,0.5124900341033936,-0.19718624651432037,-0.05909240245819092,0.44990968704223633,-0.15541204810142517,-0.02042161114513874,0.37477606534957886,-0.12346858531236649,-0.009832529351115227,0.4194391965866089,0.012476807460188866,-0.09536026418209076,0.48390504717826843,-0.03597847744822502,-0.07448172569274902,0.4199213683605194,-0.00734079722315073,-0.031255364418029785,0.3646709620952606,0.024640219286084175,-0.004891675431281328,APPROVED
0.0,0.0,0.0,0.024953318759799004,-0.3183869421482086,-0.007584498729556799,0.10597418993711472,-0.5891619324684143,-0.03793410211801529,0.18016670644283295,-0.8048633337020874,-0.0682571679353714,0.20463311672210693,-0.9747472405433655,-0.0894041582942009,0.34637439250946045,-0.5541703104972839,-0.04362824559211731,0.5007794499397278,-0.5332944393157959,-0.059637121856212616,0.4317736327648163,-0.46855783462524414,-0.06682762503623962,0.3492273986339569,-0.45117753744125366,-0.07209997624158859,0.39785516262054443,-0.36197564005851746,-0.06071107089519501,0.5285711288452148,-0.37132418155670166,-0.042985185980796814,0.45939281582832336,-0.32502564787864685,-0.026095926761627197,0.3772198259830475,-0.29974061250686646,-0.027420196682214737,0.41996264457702637,-0.16774724423885345,-0.07550012320280075,0.5180773735046387,-0.1958031952381134,-0.05390768125653267,0.4531809985637665,-0.15455584228038788,-0.01654398813843727,0.3768572509288788,-0.12238386273384094,-0.006774999666959047,0.4234744608402252,0.015886090695858,-0.0911734476685524,0.4832409918308258,-0.03285704180598259,-0.07106974720954895,0.41767579317092896,-0.004279837477952242,-0.02904261089861393,0.3621346652507782,0.027828432619571686,-0.003447170602157712,APPROVED
0.0,0.0,0.0,0.025047138333320618,-0.3177500069141388,-0.012881036847829819,0.1043185219168663,-0.5943784117698669,-0.04486960917711258,0.17459183931350708,-0.8071296215057373,-0.07664839178323746,0.19922931492328644,-0.9749394059181213,-0.09899912029504776,0.3401975631713867,-0.558063268661499,-0.047731511294841766,0.4951985776424408,-0.5416523218154907,-0.07146070152521133,0.42847388982772827,-0.4758634567260742,-0.08439211547374725,0.3469049334526062,-0.4575081169605255,-0.09283627569675446,0.3899261951446533,-0.3686923682689667,-0.06527131050825119,0.5220888257026672,-0.3778965473175049,-0.056744225323200226,0.4535590410232544,-0.3290538787841797,-0.04468899965286255,0.3719496726989746,-0.30407145619392395,-0.04719116911292076,0.41197922825813293,-0.17687352001667023,-0.08180917799472809,0.5107739567756653,-0.2030598521232605,-0.06892190128564835,0.4457493722438812,-0.15963006019592285,-0.03481411561369896,0.36950042843818665,-0.12792718410491943,-0.024639518931508064,0.41545408964157104,0.007286666892468929,-0.09979812055826187,0.475616455078125,-0.03837723284959793,-0.08637648820877075,0.4123515188694,-0.009289762005209923,-0.047256309539079666,0.3575211763381958,0.022249700501561165,-0.02214347943663597,APPROVED
0.0,0.0,0.0,0.02290918305516243,-0.32072749733924866,-0.008112931624054909,0.10267999023199081,-0.5920014381408691,-0.039088185876607895,0.1730395257472992,-0.8069058060646057,-0.07023397088050842,0.1919931173324585,-0.9770203828811646,-0.0925731286406517,0.3339642882347107,-0.5507290959358215,-0.04481114074587822,0.4907882809638977,-0.5362824201583862,-0.06287683546543121,0.4237944781780243,-0.4710776209831238,-0.07175017148256302,0.3439701497554779,-0.45276740193367004,-0.07841165363788605,0.38591936230659485,-0.36189261078834534,-0.06270549446344376,0.5195486545562744,-0.37501296401023865,-0.047977227717638016,0.4498228430747986,-0.32778504490852356,-0.032645996659994125,0.3685574531555176,-0.3017074167728424,-0.034619901329278946,0.4077607989311218,-0.16974520683288574,-0.07853590697050095,0.5101756453514099,-0.20134691894054413,-0.059280164539813995,0.44366028904914856,-0.15917593240737915,-0.022460756823420525,0.36720678210258484,-0.12542204558849335,-0.012882744893431664,0.41033896803855896,0.01291585247963667,-0.0953092947602272,0.467885285615921,-0.036333467811346054,-0.07695814222097397,0.40177908539772034,-0.007524457760155201,-0.03619761019945145,0.3476801812648773,0.025796204805374146,-0.011781723238527775,APPROVED
0.0,0.0,0.0,0.02355925925076008,-0.31905266642570496,-0.00815401878207922,0.10420701652765274,-0.5880681276321411,-0.04135558381676674,0.17542262375354767,-0.8045464158058167,-0.07412893325090408,0.19250181317329407,-0.976432204246521,-0.09758678823709488,0.33452239632606506,-0.5541661381721497,-0.0537177138030529,0.5004231333732605,-0.5325648188591003,-0.07114262133836746,0.4314200282096863,-0.46573808789253235,-0.07696864008903503,0.3486199676990509,-0.45120421051979065,-0.08154144138097763,0.38469722867012024,-0.36627906560897827,-0.07191524654626846,0.5239143371582031,-0.3734239339828491,-0.05561389774084091,0.4537399709224701,-0.32602253556251526,-0.03709089383482933,0.37180763483047485,-0.30386966466903687,-0.037551749497652054,0.4059332013130188,-0.1722864806652069,-0.08726616948843002,0.5108051300048828,-0.20254655182361603,-0.06604651361703873,0.4448308050632477,-0.15810060501098633,-0.02603754773736,0.3688756227493286,-0.12537598609924316,-0.015116900205612183,0.40957602858543396,0.013619301840662956,-0.10352236777544022,0.4723862111568451,-0.03662239760160446,-0.08394759893417358,0.4077003300189972,-0.006274738814681768,-0.041001249104738235,0.3536233901977539,0.026785941794514656,-0.015220669098198414,APPROVED
0.0,0.0,0.0,0.022072862833738327,-0.32196637988090515,-0.008523009717464447,0.10063546150922775,-0.5880520939826965,-0.04288090392947197,0.17101256549358368,-0.8042212724685669,-0.07715459167957306,0.18997052311897278,-0.9764636754989624,-0.10212662070989609,0.3294164538383484,-0.5528679490089417,-0.05425768345594406,0.4965839684009552,-0.5305601358413696,-0.07374106347560883,0.42729583382606506,-0.4630579948425293,-0.08096279203891754,0.3434792459011078,-0.4486340880393982,-0.08605707436800003,0.3803143799304962,-0.3660874664783478,-0.07268129289150238,0.518929123878479,-0.3704797923564911,-0.05783124640583992,0.4487040042877197,-0.3241453170776367,-0.03993099555373192,0.36683189868927,-0.3027880787849426,-0.040680717676877975,0.402652382850647,-0.17297255992889404,-0.08850239217281342,0.5071070194244385,-0.20106233656406403,-0.0682888850569725,0.4415208101272583,-0.15674132108688354,-0.02799801155924797,0.36644402146339417,-0.12479861825704575,-0.01673971675336361,0.40768930315971375,0.011891700327396393,-0.10530634969472885,0.4718450903892517,-0.03600749373435974,-0.08639894425868988,0.40825825929641724,-0.005083103664219379,-0.04289449751377106,0.35500532388687134,0.027617760002613068,-0.016486695036292076,APPROVED
0.0,0.0,0.0,0.022093240171670914,-0.3190142810344696,-0.008938588201999664,0.10073021054267883,-0.5871317386627197,-0.04244505614042282,0.17179515957832336,-0.8043825030326843,-0.07602398097515106,0.1897384375333786,-0.9766770005226135,-0.10050547122955322,0.32822173833847046,-0.5501317977905273,-0.05018847435712814,0.4923711121082306,-0.5322027802467346,-0.07077661901712418,0.4235461354255676,-0.4656257629394531,-0.08001144975423813,0.34116166830062866,-0.4493899643421173,-0.08652479201555252,0.3793066442012787,-0.3638235628604889,-0.06869011372327805,0.5177072882652283,-0.3720615804195404,-0.05552566796541214,0.4468729794025421,-0.3242364823818207,-0.03926637023687363,0.3651471734046936,-0.30108609795570374,-0.04061140865087509,0.40145474672317505,-0.1722794622182846,-0.0850258469581604,0.5053156018257141,-0.20174093544483185,-0.06626000255346298,0.43892404437065125,-0.15796679258346558,-0.027042372152209282,0.36365020275115967,-0.12527252733707428,-0.015967734158039093,0.40583914518356323,0.01096518523991108,-0.10242325812578201,0.4654948115348816,-0.03792707622051239,-0.08347512036561966,0.399924635887146,-0.00852908194065094,-0.04051954299211502,0.346927672624588,0.023960985243320465,-0.014601519331336021,APPROVED
0.0,0.0,0.0,0.02046074904501438,-0.3218083381652832,-0.011085564270615578,0.09709469228982925,-0.5871279835700989,-0.04678484797477722,0.16643664240837097,-0.804512619972229,-0.08108071982860565,0.18396872282028198,-0.9772124290466309,-0.10588409006595612,0.32915303111076355,-0.547691285610199,-0.05836135894060135,0.49359452724456787,-0.5239766240119934,-0.0752970427274704,0.42066705226898193,-0.45938190817832947,-0.08044615387916565,0.33603543043136597,-0.44520241022109985,-0.08433801680803299,0.3816147744655609,-0.3561234772205353,-0.07362670451402664,0.5159994959831238,-0.3650546669960022,-0.056004319339990616,0.4454070031642914,-0.3231234550476074,-0.0368303582072258,0.36514633893966675,-0.3013826608657837,-0.037465114146471024,0.40372392535209656,-0.16283263266086578,-0.08574607968330383,0.5039693713188171,-0.19837743043899536,-0.06262227892875671,0.4395720064640045,-0.15838007628917694,-0.02165241725742817,0.36659881472587585,-0.12558460235595703,-0.010561482980847359,0.40803268551826477,0.016629114747047424,-0.09881944954395294,0.46883347630500793,-0.0388525053858757,-0.076902374625206,0.4056323170661926,-0.010796810500323772,-0.03206382319331169,0.354076623916626,0.02249831147491932,-0.005239092744886875,APPROVED
0.0,0.0,0.0,0.022642547264695168,-0.3212490677833557,-0.009727831929922104,0.09982014447450638,-0.5883821249008179,-0.04413170367479324,0.16829603910446167,-0.8057558536529541,-0.0779411643743515,0.18427006900310516,-0.9775413870811462,-0.1022610142827034,0.3322646915912628,-0.5480670928955078,-0.05143488571047783,0.49337679147720337,-0.527616560459137,-0.06856292486190796,0.42155417799949646,-0.4619154632091522,-0.0757945254445076,0.33828040957450867,-0.44839346408843994,-0.08105837553739548,0.38364455103874207,-0.35998618602752686,-0.06745874881744385,0.5167646408081055,-0.3675623834133148,-0.0502936989068985,0.4468567669391632,-0.32168176770210266,-0.03286738321185112,0.3658716380596161,-0.2999248802661896,-0.033797487616539,0.40632763504981995,-0.16937875747680664,-0.08076465129852295,0.5058688521385193,-0.20156772434711456,-0.05805928632616997,0.4422692060470581,-0.1577558070421219,-0.019044211134314537,0.36806878447532654,-0.125681072473526,-0.008198256604373455,0.4116663336753845,0.010633495636284351,-0.09509371221065521,0.4750033915042877,-0.04282357543706894,-0.07369096577167511,0.4136179983615875,-0.012468665838241577,-0.030066167935729027,0.36074167490005493,0.020625542849302292,-0.003270638408139348,APPROVED
0.0,0.0,0.0,0.02465309202671051,-0.32108384370803833,-0.008094114251434803,0.1033935621380806,-0.5887643098831177,-0.04134412109851837,0.17162829637527466,-0.8061497211456299,-0.07459186017513275,0.1870894879102707,-0.9774024486541748,-0.09839680045843124,0.33226653933525085,-0.5490391254425049,-0.048372164368629456,0.4951408803462982,-0.5309479832649231,-0.06690146774053574,0.4231530725955963,-0.46572524309158325,-0.07560259103775024,0.33979251980781555,-0.45149123668670654,-0.08147081732749939,0.38328757882118225,-0.36091452836990356,-0.06508249789476395,0.5184044241905212,-0.37050390243530273,-0.04920867457985878,0.44831377267837524,-0.32626843452453613,-0.03257382661104202,0.36740756034851074,-0.3041343092918396,-0.033476199954748154,0.4058375656604767,-0.17041870951652527,-0.07922796159982681,0.5065948963165283,-0.20387795567512512,-0.05712250992655754,0.44309693574905396,-0.16175562143325806,-0.018147625029087067,0.36984241008758545,-0.1299702376127243,-0.0068701449781656265,0.41092345118522644,0.008925873786211014,-0.09430467337369919,0.47603482007980347,-0.045377202332019806,-0.07234139740467072,0.41496768593788147,-0.01602982170879841,-0.02807212807238102,0.3630310595035553,0.017003515735268593,-0.0007323477184399962,APPROVED
0.0,0.0,0.0,0.0238775797188282,-0.31866878271102905,-0.011331092566251755,0.09958450496196747,-0.5888921022415161,-0.046456195414066315,0.16820073127746582,-0.8063461184501648,-0.08040183037519455,0.18644526600837708,-0.9768908619880676,-0.10450997203588486,0.33314910531044006,-0.5499433279037476,-0.057733792811632156,0.49639835953712463,-0.5294166207313538,-0.07608900964260101,0.42447662353515625,-0.4612804651260376,-0.08199112862348557,0.3397887647151947,-0.4464579224586487,-0.08604586869478226,0.3852528929710388,-0.3616834878921509,-0.07362587749958038,0.5205389857292175,-0.3683028221130371,-0.05800022929906845,0.4502902925014496,-0.3197806477546692,-0.039625026285648346,0.3692132532596588,-0.2977670729160309,-0.03987349197268486,0.4087454080581665,-0.170244500041008,-0.08666448295116425,0.509627640247345,-0.19944941997528076,-0.06512299180030823,0.44494450092315674,-0.1551692932844162,-0.02503645420074463,0.3708076477050781,-0.12391044199466705,-0.013645202852785587,0.41405436396598816,0.011135926470160484,-0.1008630096912384,0.47951775789260864,-0.03835160285234451,-0.08061712235212326,0.41649705171585083,-0.008319228887557983,-0.036877408623695374,0.36337798833847046,0.023338744416832924,-0.010064094327390194,APPROVED
0.0,0.0,0.0,0.02551809884607792,-0.3186569809913635,-0.012926295399665833,0.10119263082742691,-0.5849368572235107,-0.05097886919975281,0.17067556083202362,-0.801903247833252,-0.08789142966270447,0.18867915868759155,-0.9752681851387024,-0.11511784791946411,0.33516833186149597,-0.549425482749939,-0.06112222746014595,0.4988919496536255,-0.5300845503807068,-0.08364133536815643,0.42642587423324585,-0.4635324478149414,-0.0926470160484314,0.34223899245262146,-0.44731587171554565,-0.09836455434560776,0.38764190673828125,-0.3571718633174896,-0.07764319330453873,0.5245457291603088,-0.36883580684661865,-0.06673410534858704,0.4522378444671631,-0.32263049483299255,-0.049996063113212585,0.3694535195827484,-0.29909852147102356,-0.05040659382939339,0.4110407531261444,-0.16299808025360107,-0.09153038263320923,0.5121183395385742,-0.19732116162776947,-0.07381220906972885,0.4463149309158325,-0.1541944444179535,-0.03313042223453522,0.37218979001045227,-0.12071685492992401,-0.0202650036662817,0.4166688919067383,0.02059553936123848,-0.10660457611083984,0.4837162494659424,-0.0350593626499176,-0.08869878202676773,0.4193916916847229,-0.0055694859474897385,-0.04393778368830681,0.36565855145454407,0.027584638446569443,-0.015688026323914528,APPROVED
0.0,0.0,0.0,0.02305859513580799,-0.31933853030204773,-0.010690880939364433,0.09942895919084549,-0.5880318284034729,-0.04597412794828415,0.16790257394313812,-0.8050140142440796,-0.0802864208817482,0.18613596260547638,-0.9769121408462524,-0.10486163944005966,0.3318599462509155,-0.5543349981307983,-0.05739138647913933,0.4940359592437744,-0.5344625115394592,-0.07523022592067719,0.421501487493515,-0.4690832793712616,-0.08026957511901855,0.3367902338504791,-0.45238837599754333,-0.0835641622543335,0.38486248254776,-0.3633992671966553,-0.07324805855751038,0.5202544927597046,-0.3749869763851166,-0.058362796902656555,0.4478954076766968,-0.3296475410461426,-0.039497483521699905,0.3648907244205475,-0.30561184883117676,-0.03879170119762421,0.40871018171310425,-0.17023582756519318,-0.0861084833741188,0.5071679949760437,-0.2035491019487381,-0.06466507911682129,0.4420294463634491,-0.16051837801933289,-0.024103982374072075,0.36760085821151733,-0.12644368410110474,-0.011978517286479473,0.4155605733394623,0.012826848775148392,-0.1000303402543068,0.48118239641189575,-0.040940217673778534,-0.07963667064905167,0.41811472177505493,-0.01137556042522192,-0.035640135407447815,0.3647634983062744,0.021404635161161423,-0.00844522938132286,APPROVED
0.0,0.0,0.0,0.024239571765065193,-0.31833145022392273,-0.010572945699095726,0.10183151066303253,-0.5863480567932129,-0.04532770812511444,0.17177574336528778,-0.8035593628883362,-0.07940977811813354,0.19147826731204987,-0.9759706854820251,-0.10400614142417908,0.3331087529659271,-0.5505195260047913,-0.055163510143756866,0.49435845017433167,-0.5348755121231079,-0.07522629201412201,0.4222859740257263,-0.4697454571723938,-0.08326008915901184,0.3385394513607025,-0.4537142217159271,-0.08837125450372696,0.38646987080574036,-0.3614330291748047,-0.07117357105016708,0.5208840370178223,-0.37465620040893555,-0.0578390397131443,0.4489131271839142,-0.3298937976360321,-0.0406547449529171,0.3665125370025635,-0.3064037561416626,-0.0408635176718235,0.41072365641593933,-0.1700497567653656,-0.08442764729261398,0.5104163885116577,-0.20465408265590668,-0.06453825533390045,0.44502589106559753,-0.16257354617118835,-0.024247001856565475,0.3710254430770874,-0.12919478118419647,-0.011807059869170189,0.41693323850631714,0.010333147831261158,-0.09875833988189697,0.48245999217033386,-0.044043704867362976,-0.07910964637994766,0.4187004864215851,-0.014701486565172672,-0.034818124026060104,0.36564767360687256,0.018267739564180374,-0.0071091982536017895,APPROVED
0.0,0.0,0.0,0.02278076857328415,-0.31509947776794434,-0.013864492997527122,0.09692342579364777,-0.5853849053382874,-0.050197720527648926,0.16523022949695587,-0.8046441674232483,-0.08447864651679993,0.18355615437030792,-0.9769810438156128,-0.10869777202606201,0.3322961926460266,-0.5607574582099915,-0.06246586889028549,0.4907057285308838,-0.5395190715789795,-0.08117778599262238,0.4199833571910858,-0.471138596534729,-0.08459100127220154,0.33484771847724915,-0.45139676332473755,-0.08638797700405121,0.386417955160141,-0.36878228187561035,-0.07762458175420761,0.5168634653091431,-0.3784242570400238,-0.06376566737890244,0.444872111082077,-0.3290573060512543,-0.04412786662578583,0.3626166582107544,-0.30149415135383606,-0.04262981191277504,0.4117797017097473,-0.17330516874790192,-0.09005260467529297,0.5073621273040771,-0.20131105184555054,-0.07088688760995865,0.44183921813964844,-0.1584995836019516,-0.030972136184573174,0.36759305000305176,-0.12528157234191895,-0.01897655613720417,0.41925373673439026,0.013857707381248474,-0.10367995500564575,0.48391133546829224,-0.03259271755814552,-0.08680698275566101,0.41829270124435425,-0.0027985339984297752,-0.04456470534205437,0.3637874126434326,0.027700992301106453,-0.017992960289120674,APPROVED
0.0,0.0,0.0,0.024579467251896858,-0.31616783142089844,-0.015297905541956425,0.10042426735162735,-0.5857799649238586,-0.051820166409015656,0.16834309697151184,-0.803253710269928,-0.08715539425611496,0.18689124286174774,-0.975860595703125,-0.11299479752779007,0.3331654369831085,-0.554236114025116,-0.058601200580596924,0.4920472204685211,-0.5363703966140747,-0.08322478085756302,0.42088982462882996,-0.4706553518772125,-0.09450545161962509,0.3364172875881195,-0.4537867605686188,-0.101273313164711,0.3849632143974304,-0.36383920907974243,-0.07411490380764008,0.5186461210250854,-0.3745017945766449,-0.06607577204704285,0.4474353492259979,-0.3289177119731903,-0.051861364394426346,0.3652310073375702,-0.3051815629005432,-0.05303751304745674,0.4089548587799072,-0.170340895652771,-0.08767491579055786,0.5091747641563416,-0.20177286863327026,-0.07418690621852875,0.44364431500434875,-0.1604159027338028,-0.03589373081922531,0.3695473074913025,-0.12798239290714264,-0.02296833135187626,0.415028840303421,0.013268266804516315,-0.10256867110729218,0.4825809895992279,-0.038972970098257065,-0.08802933990955353,0.41857343912124634,-0.010108969174325466,-0.04489739239215851,0.3650175631046295,0.02208010107278824,-0.016767671331763268,APPROVED
0.0,0.0,0.0,0.024934418499469757,-0.3156823515892029,-0.013148457743227482,0.10014195740222931,-0.5845987200737,-0.04960853233933449,0.16783328354358673,-0.8034024238586426,-0.08479221165180206,0.18629522621631622,-0.9762951731681824,-0.11018989980220795,0.3323551416397095,-0.5582654476165771,-0.05861342325806618,0.49242156744003296,-0.5353755950927734,-0.07925942540168762,0.42221057415008545,-0.46725529432296753,-0.08627899736166,0.33825141191482544,-0.4501411020755768,-0.09056026488542557,0.38486260175704956,-0.3665097951889038,-0.07458192855119705,0.519685685634613,-0.37454554438591003,-0.06310613453388214,0.44801726937294006,-0.32751739025115967,-0.046050406992435455,0.36503779888153076,-0.3039829730987549,-0.04576645419001579,0.408977746963501,-0.17167797684669495,-0.08798620104789734,0.5089707970619202,-0.20043279230594635,-0.07075033336877823,0.4433198571205139,-0.1587676852941513,-0.031014930456876755,0.3688138425350189,-0.1271630972623825,-0.018298564478754997,0.4154101312160492,0.012788785621523857,-0.10252195596694946,0.47948554158210754,-0.037774618715047836,-0.08535077422857285,0.41415712237358093,-0.0082615427672863,-0.04159128665924072,0.3607296943664551,0.02347453497350216,-0.013758770190179348,APPROVED
0.0,0.0,0.0,0.02458290569484234,-0.3160572648048401,-0.01668112352490425,0.09790316224098206,-0.5844888687133789,-0.05430126562714577,0.16479775309562683,-0.8029548525810242,-0.09028414636850357,0.18298056721687317,-0.9762186408042908,-0.11625463515520096,0.32995083928108215,-0.5510534644126892,-0.05971841886639595,0.4876594543457031,-0.5334551334381104,-0.08267568796873093,0.4170830249786377,-0.46864035725593567,-0.09201497584581375,0.33333051204681396,-0.4527599513530731,-0.09786934405565262,0.38239625096321106,-0.3604460060596466,-0.07421334832906723,0.514046847820282,-0.372416615486145,-0.06577035039663315,0.4431820213794708,-0.3276945948600769,-0.051041338592767715,0.36158114671707153,-0.30467677116394043,-0.05200495570898056,0.40625524520874023,-0.16816560924053192,-0.08664552122354507,0.5042328238487244,-0.20075051486492157,-0.07223879545927048,0.4395284652709961,-0.1608354151248932,-0.03383750468492508,0.3657916188240051,-0.12909309566020966,-0.021219978109002113,0.4122159481048584,0.013317790813744068,-0.10053514689207077,0.47410812973976135,-0.0395154170691967,-0.08550013601779938,0.41145312786102295,-0.011999094858765602,-0.043215036392211914,0.35982590913772583,0.019900435581803322,-0.01593480072915554,APPROVED
0.0,0.0,0.0,0.02300034463405609,-0.3163774013519287,-0.01679227501153946,0.09483375400304794,-0.5849059224128723,-0.05449334904551506,0.1629938781261444,-0.8032861948013306,-0.09082815796136856,0.18038015067577362,-0.9765639901161194,-0.11741359531879425,0.3291322588920593,-0.5487087965011597,-0.05923030152916908,0.4856635332107544,-0.5314227342605591,-0.08255364745855331,0.4153527021408081,-0.4662167429924011,-0.09239654988050461,0.33212825655937195,-0.4500555396080017,-0.09856950491666794,0.381486713886261,-0.3591906726360321,-0.0741460770368576,0.512772262096405,-0.37014251947402954,-0.06548567861318588,0.4417215585708618,-0.323147714138031,-0.05080676078796387,0.3601788580417633,-0.2992376983165741,-0.051897887140512466,0.40492790937423706,-0.16703151166439056,-0.08713626861572266,0.5032439827919006,-0.1966041773557663,-0.07302636653184891,0.43835917115211487,-0.15554340183734894,-0.03501253202557564,0.36423611640930176,-0.12430749088525772,-0.022703006863594055,0.4104785621166229,0.015465718694031239,-0.10164345055818558,0.4752572774887085,-0.0319746658205986,-0.08717025071382523,0.4116303324699402,-0.0039909291081130505,-0.045003704726696014,0.3584527373313904,0.026689155027270317,-0.017799142748117447,APPROVED
0.0,0.0,0.0,0.022875117138028145,-0.31666022539138794,-0.015355158597230911,0.09545831382274628,-0.5852388143539429,-0.051655031740665436,0.16389873623847961,-0.8040292859077454,-0.08690332621335983,0.18070131540298462,-0.9770837426185608,-0.1124923974275589,0.32908639311790466,-0.5488656163215637,-0.05675502493977547,0.48440566658973694,-0.5325781106948853,-0.0788348913192749,0.41347986459732056,-0.4682268798351288,-0.08801958709955215,0.33074313402175903,-0.45189133286476135,-0.09389915317296982,0.38121968507766724,-0.36112552881240845,-0.07159632444381714,0.5115278363227844,-0.3724016845226288,-0.06208520010113716,0.43982458114624023,-0.32656145095825195,-0.047003213316202164,0.3582582473754883,-0.302227646112442,-0.04772896319627762,0.40437257289886475,-0.17025019228458405,-0.08437276631593704,0.5022071003913879,-0.20051072537899017,-0.06941483169794083,0.4370799660682678,-0.16021186113357544,-0.031437501311302185,0.363037645816803,-0.12866805493831635,-0.019163671880960464,0.409589946269989,0.011231307871639729,-0.09856666624546051,0.47217753529548645,-0.03636583313345909,-0.08340569585561752,0.40864297747612,-0.00877954252064228,-0.04136810824275017,0.3560201823711395,0.021913902834057808,-0.014306287281215191,APPROVED
0.0,0.0,0.0,0.0244747344404459,-0.3148707151412964,-0.014025215990841389,0.09838777035474777,-0.5836538076400757,-0.05088496953248978,0.165317103266716,-0.8034808039665222,-0.08630070090293884,0.1814666986465454,-0.9770106673240662,-0.1118924543261528,0.3281973600387573,-0.5522953271865845,-0.06074408069252968,0.48672911524772644,-0.5312487483024597,-0.08141041547060013,0.4165789783000946,-0.46287333965301514,-0.08792201429605484,0.33369001746177673,-0.4468524754047394,-0.09232734143733978,0.3800617754459381,-0.36462029814720154,-0.07635701447725296,0.5132293105125427,-0.3718607723712921,-0.06520307064056396,0.442857027053833,-0.32204607129096985,-0.04803771525621414,0.3619532585144043,-0.2984759211540222,-0.04803993180394173,0.40433546900749207,-0.17284585535526276,-0.08934571593999863,0.5026267170906067,-0.20115312933921814,-0.07234006375074387,0.4390013515949249,-0.15646669268608093,-0.03262503445148468,0.36596447229385376,-0.12489912658929825,-0.0201139934360981,0.4114057719707489,0.010357614606618881,-0.1035749614238739,0.4746617376804352,-0.03922224044799805,-0.08690283447504044,0.41281580924987793,-0.008419797755777836,-0.04379558563232422,0.36116206645965576,0.022947706282138824,-0.016536878421902657,APPROVED
0.0,0.0,0.0,0.022956538945436478,-0.314674973487854,-0.014993321150541306,0.09600234776735306,-0.5807273983955383,-0.05291358754038811,0.16406746208667755,-0.8018216490745544,-0.08878731727600098,0.18018276989459991,-0.9769160151481628,-0.11475785821676254,0.3253385126590729,-0.5510675311088562,-0.06585612148046494,0.48699501156806946,-0.5287010669708252,-0.08568225055932999,0.4159047603607178,-0.45999735593795776,-0.09016202390193939,0.3317248225212097,-0.4457821547985077,-0.09304032474756241,0.37822678685188293,-0.36261820793151855,-0.0801844447851181,0.512389063835144,-0.3692752718925476,-0.06761206686496735,0.4413239061832428,-0.3212898075580597,-0.04867555946111679,0.3598352372646332,-0.29970023036003113,-0.048048388212919235,0.4028206765651703,-0.1705634444952011,-0.0913754552602768,0.5025951266288757,-0.19955042004585266,-0.07289288938045502,0.4385550618171692,-0.15647393465042114,-0.03167169541120529,0.365186482667923,-0.1256646066904068,-0.01876041479408741,0.4103216528892517,0.011393117718398571,-0.10372860729694366,0.4747289717197418,-0.03919639065861702,-0.08563157171010971,0.4124579131603241,-0.009329431690275669,-0.04135297238826752,0.36050841212272644,0.021272601559758186,-0.013657339848577976,APPROVED
0.0,0.0,0.0,0.02236589789390564,-0.31557193398475647,-0.013458188623189926,0.09707992523908615,-0.5820375084877014,-0.049873411655426025,0.1653738170862198,-0.8029274344444275,-0.08450743556022644,0.18127620220184326,-0.9773348569869995,-0.10934164375066757,0.3257609009742737,-0.5543733835220337,-0.062138788402080536,0.4867230951786041,-0.532796323299408,-0.08107465505599976,0.41671961545944214,-0.46376362442970276,-0.08560346812009811,0.33297833800315857,-0.44876307249069214,-0.08839859068393707,0.37905868887901306,-0.3675079047679901,-0.07649928331375122,0.5124715566635132,-0.3736865222454071,-0.06273374706506729,0.44204050302505493,-0.3254237771034241,-0.04375128448009491,0.36087557673454285,-0.3034082353115082,-0.04291307553648949,0.4042471647262573,-0.1760818362236023,-0.0877629891037941,0.5028730034828186,-0.20434896647930145,-0.06829789280891418,0.43934428691864014,-0.16180305182933807,-0.02785169519484043,0.3665221333503723,-0.13146603107452393,-0.015349657274782658,0.4121859073638916,0.005481480620801449,-0.10008243471384048,0.47622549533843994,-0.04453479126095772,-0.08098646998405457,0.4137657582759857,-0.014739280566573143,-0.03706526383757591,0.3619519770145416,0.01577857881784439,-0.009622201323509216,APPROVED
0.0,0.0,0.0,0.021302180364727974,-0.3152478039264679,-0.014031304977834225,0.09497777372598648,-0.5814264416694641,-0.050991032272577286,0.16306865215301514,-0.8027840256690979,-0.08629605919122696,0.17891505360603333,-0.9774897694587708,-0.1118180975317955,0.32183271646499634,-0.5554240942001343,-0.06238851323723793,0.4836176931858063,-0.5340309739112854,-0.08300942182540894,0.41434216499328613,-0.46376243233680725,-0.08884924650192261,0.3313416540622711,-0.44790181517601013,-0.09249690920114517,0.3751573860645294,-0.37050893902778625,-0.0771610215306282,0.5087425708770752,-0.3755503296852112,-0.06448118388652802,0.4383589029312134,-0.32632023096084595,-0.04589425027370453,0.35789352655410767,-0.3041447699069977,-0.04535059630870819,0.4006611406803131,-0.1797761619091034,-0.08914951980113983,0.49878278374671936,-0.20576508343219757,-0.07074596732854843,0.4350202977657318,-0.1626664698123932,-0.030293211340904236,0.36280056834220886,-0.13230489194393158,-0.017793895676732063,0.4092482626438141,0.0021890001371502876,-0.1023319810628891,0.47225233912467957,-0.04544565826654434,-0.08404767513275146,0.40942591428756714,-0.015223553404211998,-0.040260158479213715,0.3579314947128296,0.015134085901081562,-0.012924235314130783,APPROVED
0.0,0.0,0.0,0.02455655299127102,-0.31702375411987305,-0.013977504335343838,0.09819154441356659,-0.582490086555481,-0.05210015922784805,0.16340020298957825,-0.8019442558288574,-0.08876220881938934,0.17739135026931763,-0.9772924780845642,-0.11589549481868744,0.317749947309494,-0.5563589930534363,-0.06576260179281235,0.4846285581588745,-0.5329683423042297,-0.08915648609399796,0.41563525795936584,-0.46415406465530396,-0.09641847759485245,0.33111053705215454,-0.45039039850234985,-0.10063105821609497,0.3707484006881714,-0.36903369426727295,-0.0816282257437706,0.5095593929290771,-0.37412405014038086,-0.07142996788024902,0.43981775641441345,-0.3258945047855377,-0.05326652154326439,0.3582892119884491,-0.30487126111984253,-0.05304063856601715,0.3971819281578064,-0.17646671831607819,-0.09476882964372635,0.5007987022399902,-0.2031068056821823,-0.07843862473964691,0.4370940625667572,-0.1599782556295395,-0.037007153034210205,0.36373502016067505,-0.1297009438276291,-0.02376527339220047,0.40708649158477783,0.006394119001924992,-0.10906440019607544,0.47407853603363037,-0.04220728576183319,-0.09241631627082825,0.4111982583999634,-0.011439014226198196,-0.04786341264843941,0.3583848774433136,0.018931562080979347,-0.019992763176560402,APPROVED
0.0,0.0,0.0,0.03017468750476837,-0.3166773021221161,-0.007292596157640219,0.10416045039892197,-0.5825676918029785,-0.043985117226839066,0.16927006840705872,-0.8013589978218079,-0.08145476877689362,0.18382498621940613,-0.9767842888832092,-0.11000410467386246,0.3216817080974579,-0.5565919280052185,-0.05472305417060852,0.49011167883872986,-0.5263902544975281,-0.08025002479553223,0.4206705391407013,-0.45555806159973145,-0.09250126034021378,0.3353126645088196,-0.44376498460769653,-0.1000392809510231,0.3728024959564209,-0.36963868141174316,-0.0749739482998848,0.5146418213844299,-0.3655194342136383,-0.0636574774980545,0.4444354772567749,-0.3126644194126129,-0.04721182584762573,0.36035025119781494,-0.29306748509407043,-0.04907642677426338,0.39965003728866577,-0.17648756504058838,-0.09290605783462524,0.5056487321853638,-0.19280757009983063,-0.07484897971153259,0.4397673010826111,-0.14766289293766022,-0.0327957458794117,0.36292949318885803,-0.12131049484014511,-0.020091241225600243,0.4104323387145996,0.007647770922631025,-0.11187343299388885,0.481519490480423,-0.03191959857940674,-0.09281261265277863,0.4145200252532959,0.00045037269592285156,-0.04637893661856651,0.3573117256164551,0.027812357991933823,-0.01804293878376484,APPROVED
0.0,0.0,0.0,0.03111877106130123,-0.31753265857696533,-0.005085253622382879,0.10414503514766693,-0.5822432041168213,-0.039686743170022964,0.16894042491912842,-0.8025162220001221,-0.07614695280790329,0.18381176888942719,-0.9774453639984131,-0.10398979485034943,0.3211249113082886,-0.550713300704956,-0.0451400950551033,0.4888051450252533,-0.5272438526153564,-0.06988003104925156,0.42147085070610046,-0.4580223560333252,-0.08379461616277695,0.3380148708820343,-0.4433020353317261,-0.0924534946680069,0.37335067987442017,-0.3643582761287689,-0.06518451869487762,0.5164213180541992,-0.3660941421985626,-0.05244956538081169,0.4489009380340576,-0.316019207239151,-0.036905936896800995,0.3644702434539795,-0.29564595222473145,-0.03947586938738823,0.39941179752349854,-0.17338015139102936,-0.08341769874095917,0.5032132863998413,-0.19288502633571625,-0.06317421048879623,0.44020503759384155,-0.14905795454978943,-0.02194909006357193,0.3633561134338379,-0.12319490313529968,-0.009989081881940365,0.40890610218048096,0.007998188957571983,-0.10283757746219635,0.47728869318962097,-0.03176548331975937,-0.08097627013921738,0.4130307734012604,-7.430309779010713e-05,-0.03464042395353317,0.35572266578674316,0.025834690779447556,-0.006834633648395538,APPROVED
0.0,0.0,0.0,0.03140932694077492,-0.3167051374912262,-0.00441106827929616,0.11185053735971451,-0.5847934484481812,-0.03417818620800972,0.1787189245223999,-0.8046219944953918,-0.06631717085838318,0.1971343457698822,-0.9761907458305359,-0.09049689024686813,0.328742116689682,-0.5459240674972534,-0.037732724100351334,0.49080848693847656,-0.5316905975341797,-0.06327316910028458,0.42602428793907166,-0.46404600143432617,-0.07997123152017593,0.34360596537590027,-0.4458387792110443,-0.09046994894742966,0.38097336888313293,-0.3636151850223541,-0.05793938413262367,0.518648624420166,-0.36791858077049255,-0.04564232379198074,0.45387473702430725,-0.31750476360321045,-0.03340694308280945,0.3718721866607666,-0.29665687680244446,-0.038015443831682205,0.40681150555610657,-0.174550399184227,-0.07697774469852448,0.5056561827659607,-0.19601012766361237,-0.058448128402233124,0.4432850182056427,-0.1526084542274475,-0.02133038453757763,0.3685043454170227,-0.1278611123561859,-0.011600818485021591,0.41457751393318176,0.006352142430841923,-0.09721575677394867,0.48089921474456787,-0.03317106515169144,-0.07653037458658218,0.4167199730873108,-0.002495524240657687,-0.03260429948568344,0.3598627746105194,0.022722553461790085,-0.006433174479752779,APPROVED
0.0,0.0,0.0,0.03650229796767235,-0.3192283809185028,-0.0026897212956100702,0.11822111159563065,-0.5860711932182312,-0.03206035494804382,0.18499627709388733,-0.8048864006996155,-0.0642222911119461,0.20277145504951477,-0.9752516150474548,-0.08813618123531342,0.33747056126594543,-0.5436519384384155,-0.032054174691438675,0.49652424454689026,-0.5322792530059814,-0.05462086200714111,0.43138477206230164,-0.4662977457046509,-0.07034628093242645,0.3495677709579468,-0.4480723738670349,-0.08041063696146011,0.3876679241657257,-0.36109140515327454,-0.05199062451720238,0.519149661064148,-0.3688949644565582,-0.03714625537395477,0.45500436425209045,-0.32362818717956543,-0.02500799298286438,0.37364062666893005,-0.30070215463638306,-0.02986936643719673,0.4102312922477722,-0.17228782176971436,-0.07072702050209045,0.5053074359893799,-0.20006652176380157,-0.05013555660843849,0.4447877109050751,-0.16082832217216492,-0.014581996016204357,0.3705093562602997,-0.13250461220741272,-0.005886539816856384,0.41573411226272583,0.007966111414134502,-0.09048578888177872,0.48077720403671265,-0.03749546408653259,-0.06890509277582169,0.418442964553833,-0.010012826882302761,-0.025960758328437805,0.3620666563510895,0.018632004037499428,-0.00011743143841158599,APPROVED
0.0,0.0,0.0,0.03269162401556969,-0.318029522895813,-0.004229955840855837,0.1138698160648346,-0.5846539735794067,-0.03598477318882942,0.18506839871406555,-0.8019470572471619,-0.06921324878931046,0.20332275331020355,-0.9745879769325256,-0.09401161968708038,0.3327590525150299,-0.5541245937347412,-0.043039288371801376,0.49421191215515137,-0.5320606827735901,-0.06545088440179825,0.43091702461242676,-0.46097177267074585,-0.07808946073055267,0.3498474955558777,-0.4437643885612488,-0.08650130778551102,0.3853425681591034,-0.37009674310684204,-0.06325855106115341,0.517967939376831,-0.37169909477233887,-0.04954657703638077,0.4517078995704651,-0.31787943840026855,-0.0352180190384388,0.36933496594429016,-0.2945220470428467,-0.03820761293172836,0.41130951046943665,-0.17770259082317352,-0.08146826177835464,0.506176233291626,-0.1989891082048416,-0.061517320573329926,0.4429285526275635,-0.15403102338314056,-0.024255232885479927,0.3668615221977234,-0.12584514915943146,-0.014677884988486767,0.419891893863678,0.007509042043238878,-0.10067502409219742,0.4812912940979004,-0.03173000365495682,-0.08138595521450043,0.4154667556285858,-0.001373918610624969,-0.03918479382991791,0.3575814962387085,0.02690824866294861,-0.013509637676179409,APPROVED
0.0,0.0,0.0,0.033616743981838226,-0.3197872042655945,-0.0018105049384757876,0.11409370601177216,-0.5866408944129944,-0.02926354855298996,0.18432636559009552,-0.8044497966766357,-0.06027129292488098,0.2104075700044632,-0.974084198474884,-0.08299808949232101,0.33885663747787476,-0.5474214553833008,-0.02242175117135048,0.4874383211135864,-0.5388542413711548,-0.04419088736176491,0.4238368272781372,-0.47156649827957153,-0.06223435699939728,0.3441788852214813,-0.45075926184654236,-0.07430094480514526,0.39129677414894104,-0.36587440967559814,-0.04319855198264122,0.5149779319763184,-0.37346768379211426,-0.027878936380147934,0.4508417844772339,-0.3252524733543396,-0.01818935014307499,0.36894792318344116,-0.3001464307308197,-0.02445601113140583,0.4140446186065674,-0.1774713546037674,-0.06333491951227188,0.5009522438049316,-0.1998203843832016,-0.04222377762198448,0.43950021266937256,-0.16009274125099182,-0.009137289598584175,0.36431655287742615,-0.1324387639760971,-0.002141964854672551,0.4178767204284668,0.0028521311469376087,-0.08475784957408905,0.47388020157814026,-0.03307505324482918,-0.06387018412351608,0.4094800055027008,-0.005878972355276346,-0.02333948388695717,0.3519262671470642,0.02137698605656624,0.0010083792731165886,APPROVED
0.0,0.0,0.0,0.034192364662885666,-0.3207668960094452,-0.0008707630331628025,0.11539005488157272,-0.5867846608161926,-0.028286706656217575,0.18827150762081146,-0.8032302856445312,-0.0595083087682724,0.2173694372177124,-0.9726172685623169,-0.0822577029466629,0.3475688099861145,-0.5451102256774902,-0.017706124112010002,0.49573639035224915,-0.5276278853416443,-0.03817383944988251,0.42895182967185974,-0.46283188462257385,-0.05677404999732971,0.34514498710632324,-0.4449049234390259,-0.06894376873970032,0.3996628522872925,-0.3602749705314636,-0.03731917217373848,0.5211760997772217,-0.3646062910556793,-0.019940374419093132,0.45640742778778076,-0.31948450207710266,-0.010615460574626923,0.37166205048561096,-0.29632267355918884,-0.017338519915938377,0.42090755701065063,-0.17240360379219055,-0.05636443570256233,0.5064560174942017,-0.1918998509645462,-0.0324690118432045,0.44737645983695984,-0.1547062247991562,-0.00035726939677260816,0.37004756927490234,-0.12947069108486176,0.005658128298819065,0.4238889217376709,0.0047127013094723225,-0.07671398669481277,0.4766927659511566,-0.02847791090607643,-0.053525540977716446,0.4149906635284424,-0.003814588999375701,-0.01367910485714674,0.3563031256198883,0.019492674618959427,0.010081959888339043,APPROVED
0.0,0.0,0.0,0.033521249890327454,-0.3266567885875702,0.007962897419929504,0.11383072286844254,-0.588092029094696,-0.01746111549437046,0.18949569761753082,-0.8052030801773071,-0.0475018173456192,0.22215640544891357,-0.9725503325462341,-0.06922711431980133,0.34587037563323975,-0.5489456653594971,-0.01915198564529419,0.49983811378479004,-0.5348058342933655,-0.032188963145017624,0.4351896643638611,-0.46598318219184875,-0.04164690896868706,0.35242632031440735,-0.4443468451499939,-0.04798516631126404,0.4004763662815094,-0.36779797077178955,-0.040678784251213074,0.5220701098442078,-0.3697393536567688,-0.01372714713215828,0.456749826669693,-0.32090112566947937,0.004172035958617926,0.37485620379447937,-0.2954091727733612,0.0013734609819948673,0.4222269058227539,-0.1794547289609909,-0.060066286474466324,0.507127046585083,-0.19499927759170532,-0.02603190392255783,0.4478621482849121,-0.15592750906944275,0.010519392788410187,0.3718489408493042,-0.13005195558071136,0.016256563365459442,0.42629337310791016,0.00013632209447678179,-0.08015180379152298,0.47438934445381165,-0.024756992235779762,-0.04897143691778183,0.4129721522331238,-0.00010111578740179539,-0.007367435842752457,0.3554547429084778,0.020878704264760017,0.01568046770989895,APPROVED
0.0,0.0,0.0,0.03532595559954643,-0.3216390907764435,0.0006289376178756356,0.11836611479520798,-0.5843332409858704,-0.02717440575361252,0.19533255696296692,-0.8004040718078613,-0.05897904932498932,0.22585609555244446,-0.9706646203994751,-0.08245735615491867,0.3510771691799164,-0.5396159887313843,-0.021244777366518974,0.5018556118011475,-0.5208457708358765,-0.04258451238274574,0.43952158093452454,-0.4527949094772339,-0.0597563199698925,0.3565073311328888,-0.431289941072464,-0.07076584547758102,0.4029344320297241,-0.35880693793296814,-0.042203713208436966,0.5216277241706848,-0.35527023673057556,-0.02373930625617504,0.45824143290519714,-0.3053319454193115,-0.011555356904864311,0.37713438272476196,-0.28062012791633606,-0.017287462949752808,0.4236641824245453,-0.1716943383216858,-0.06261179596185684,0.5061039924621582,-0.18329693377017975,-0.037749044597148895,0.447584867477417,-0.1442660391330719,-0.0033270285930484533,0.3724959194660187,-0.11971413344144821,0.0030945371836423874,0.42580828070640564,0.006116172764450312,-0.08441545814275742,0.4744221270084381,-0.019414208829402924,-0.059612076729536057,0.4134586453437805,0.005191699601709843,-0.018713686615228653,0.3565002381801605,0.025731323286890984,0.005015139933675528,APPROVED
0.0,0.0,0.0,0.02983284555375576,-0.3220904469490051,-0.0005989423952996731,0.1098034679889679,-0.5840333104133606,-0.030954496935009956,0.19017697870731354,-0.7998063564300537,-0.06376153975725174,0.22343803942203522,-0.9707774519920349,-0.08755888789892197,0.34919700026512146,-0.5497584342956543,-0.031800974160432816,0.5006001591682434,-0.520957887172699,-0.048779137432575226,0.4371156096458435,-0.4472894072532654,-0.059881843626499176,0.3552241623401642,-0.42680200934410095,-0.06769710779190063,0.4020579755306244,-0.36813145875930786,-0.0522974468767643,0.5214235782623291,-0.35777008533477783,-0.030949605628848076,0.4542246460914612,-0.30161717534065247,-0.015061883255839348,0.3718637526035309,-0.2776161730289459,-0.018567757681012154,0.4244125187397003,-0.17711056768894196,-0.0710018053650856,0.5084254741668701,-0.18396297097206116,-0.04442199319601059,0.4468534588813782,-0.13993199169635773,-0.007945075631141663,0.3690761923789978,-0.11484749615192413,-0.0006792651838622987,0.42849698662757874,0.007233777083456516,-0.09089306741952896,0.4775293469429016,-0.016439154744148254,-0.0666196271777153,0.4132830798625946,0.010198671370744705,-0.025459622964262962,0.3533041775226593,0.031444136053323746,-0.001332343788817525,APPROVED
0.0,0.0,0.0,0.03366468474268913,-0.32669055461883545,0.003614671528339386,0.11906818300485611,-0.5852748155593872,-0.023156480863690376,0.19692987203598022,-0.8010521531105042,-0.05387569218873978,0.2265223264694214,-0.9709848761558533,-0.07665625959634781,0.35822391510009766,-0.5388144254684448,-0.01767227053642273,0.502496063709259,-0.5197014808654785,-0.03195490315556526,0.43760210275650024,-0.45385003089904785,-0.04574153944849968,0.3548930287361145,-0.432530015707016,-0.05575728788971901,0.41078150272369385,-0.355853408575058,-0.03852570429444313,0.5238844752311707,-0.35468927025794983,-0.013402052223682404,0.4602174460887909,-0.30875951051712036,0.00024396237859036773,0.37916889786720276,-0.2838066518306732,-0.005842186976224184,0.42931079864501953,-0.16715215146541595,-0.05780321732163429,0.5106922388076782,-0.18389710783958435,-0.0275637935847044,0.45234689116477966,-0.14832891523838043,0.007006392348557711,0.37617558240890503,-0.12334522604942322,0.012179022654891014,0.4290405809879303,0.010112397372722626,-0.07807818055152893,0.4770169258117676,-0.020387990400195122,-0.05036066472530365,0.4161253273487091,0.0031584585085511208,-0.008842382580041885,0.35771870613098145,0.02510518953204155,0.014722337946295738,APPROVED
0.0,0.0,0.0,0.03609668090939522,-0.32195353507995605,0.0060868170112371445,0.1254383623600006,-0.5850079655647278,-0.02005484700202942,0.20573894679546356,-0.7996169328689575,-0.05077943205833435,0.2333010733127594,-0.9696295261383057,-0.07341121882200241,0.3669680655002594,-0.5447747707366943,-0.01617063581943512,0.5098709464073181,-0.5222107172012329,-0.032692018896341324,0.44653066992759705,-0.45192328095436096,-0.04793167486786842,0.3647705912590027,-0.43107908964157104,-0.058619461953639984,0.41969743371009827,-0.3680303394794464,-0.03899478167295456,0.529817521572113,-0.35694798827171326,-0.01489405520260334,0.4646994173526764,-0.30503910779953003,-0.0010795473353937268,0.38346922397613525,-0.28148072957992554,-0.006487988866865635,0.4386711120605469,-0.18088474869728088,-0.06055241823196411,0.5139309167861938,-0.18519333004951477,-0.030374925583600998,0.453958660364151,-0.146410271525383,0.0031396904960274696,0.377841055393219,-0.12491611391305923,0.007561428006738424,0.43920230865478516,-0.00040289273601956666,-0.08331822603940964,0.48260077834129333,-0.017791543155908585,-0.05532824248075485,0.4195578396320343,0.005281768273562193,-0.015532012097537518,0.35939711332321167,0.021002361550927162,0.006742627359926701,APPROVED
0.0,0.0,0.0,0.038605064153671265,-0.3252289295196533,0.006116908974945545,0.12595701217651367,-0.588374137878418,-0.01982322707772255,0.20617888867855072,-0.8011733293533325,-0.05091525614261627,0.24366027116775513,-0.9670633673667908,-0.0736066997051239,0.3702286183834076,-0.552943766117096,-0.013111481443047523,0.5116186141967773,-0.5285462737083435,-0.03068387322127819,0.4496392607688904,-0.457990437746048,-0.04707954078912735,0.3681756556034088,-0.43741339445114136,-0.0581173412501812,0.422684907913208,-0.37399378418922424,-0.03645668551325798,0.533961832523346,-0.3612014949321747,-0.0148767726495862,0.4691091477870941,-0.3100629448890686,-0.003107055788859725,0.3856208324432373,-0.2867484986782074,-0.008662417531013489,0.4415906071662903,-0.1853221207857132,-0.05878109484910965,0.5178347826004028,-0.18565791845321655,-0.03076576255261898,0.4570659399032593,-0.14774282276630402,0.0013876366429030895,0.37943002581596375,-0.1264747828245163,0.006132105831056833,0.44102606177330017,-0.0033989562653005123,-0.08236496895551682,0.4840152859687805,-0.015871454030275345,-0.056036386638879776,0.42026349902153015,0.00717306649312377,-0.017247145995497704,0.3595626652240753,0.023074563592672348,0.00527185807004571,APPROVED
0.0,0.0,0.0,0.0362643226981163,-0.32430073618888855,0.005784379318356514,0.12362140417098999,-0.5881063342094421,-0.01794930174946785,0.2059866189956665,-0.8020036220550537,-0.04657905548810959,0.24382664263248444,-0.9675248265266418,-0.06666619330644608,0.3684188425540924,-0.5498666167259216,-0.007706254255026579,0.5066004395484924,-0.5187987089157104,-0.020805731415748596,0.4412304162979126,-0.45295464992523193,-0.03518034890294075,0.3606116771697998,-0.4339689612388611,-0.04598501697182655,0.42117971181869507,-0.3715125024318695,-0.029119111597537994,0.5279762744903564,-0.3566439151763916,-0.003511144081130624,0.4629873037338257,-0.309253066778183,0.008948275819420815,0.3822396397590637,-0.28578904271125793,0.0026736983563750982,0.43975022435188293,-0.1838838756084442,-0.04961080476641655,0.5126631259918213,-0.18478408455848694,-0.018874265253543854,0.4529249370098114,-0.14838285744190216,0.012496322393417358,0.3766648769378662,-0.12616869807243347,0.01585102267563343,0.4403075873851776,-0.003127912525087595,-0.07141795754432678,0.48099756240844727,-0.014882759191095829,-0.04301692917943001,0.41883885860443115,0.0069332849234342575,-0.0053741708397865295,0.35981425642967224,0.02324765734374523,0.015478008426725864,APPROVED
0.0,0.0,0.0,0.027955256402492523,-0.32423973083496094,0.0011393801541998982,0.1113605946302414,-0.585699737071991,-0.02665776014328003,0.19485808908939362,-0.7983849048614502,-0.05833468586206436,0.23456016182899475,-0.9686774611473083,-0.08151974529027939,0.362839013338089,-0.5569359660148621,-0.01702744886279106,0.4960491955280304,-0.5182140469551086,-0.03260021656751633,0.4328483045101166,-0.4477027654647827,-0.04789203405380249,0.35485807061195374,-0.42808592319488525,-0.059742458164691925,0.41625455021858215,-0.3788873851299286,-0.03869286924600601,0.5186050534248352,-0.3570244014263153,-0.016524136066436768,0.45061999559402466,-0.3036993741989136,-0.005120482761412859,0.36866188049316406,-0.2791382968425751,-0.011424543336033821,0.435979962348938,-0.18866300582885742,-0.059487465769052505,0.5016694068908691,-0.18293900787830353,-0.031962018460035324,0.43861323595046997,-0.1438644528388977,-0.0008422896498814225,0.3606840670108795,-0.12182985246181488,0.0027303271926939487,0.43741944432258606,-0.002894463948905468,-0.08208100497722626,0.4686393141746521,-0.007650515530258417,-0.05770106241106987,0.40183237195014954,0.014559931121766567,-0.02165435627102852,0.3399929106235504,0.030036967247724533,-0.0012507836800068617,APPROVED
0.0,0.0,0.0,0.03494098782539368,-0.3239990174770355,0.002772265812382102,0.11901237815618515,-0.5825935006141663,-0.025196174159646034,0.20283672213554382,-0.7977246046066284,-0.05757305026054382,0.24897326529026031,-0.9650940895080566,-0.08127550035715103,0.3699494004249573,-0.5481194257736206,-0.01723756641149521,0.5067951083183289,-0.5147614479064941,-0.034059491008520126,0.4376688003540039,-0.44726336002349854,-0.04955112934112549,0.3567655682563782,-0.4284900724887848,-0.061082541942596436,0.4234004318714142,-0.3666858971118927,-0.03967120870947838,0.5294312238693237,-0.3499751091003418,-0.018216386437416077,0.4600984454154968,-0.301662415266037,-0.005962465889751911,0.3779555559158325,-0.2783777415752411,-0.0122532295063138,0.44164326786994934,-0.17730645835399628,-0.06107525900006294,0.5126549601554871,-0.17667560279369354,-0.03365476801991463,0.44892972707748413,-0.1396215260028839,0.00011012854520231485,0.3712632358074188,-0.1175568550825119,0.005038372240960598,0.4408641457557678,0.003654675092548132,-0.08410100638866425,0.47636905312538147,-0.006931676063686609,-0.058092907071113586,0.410717636346817,0.015317300334572792,-0.019134582951664925,0.3503391146659851,0.031309109181165695,0.0027870123740285635,APPROVED
0.0,0.0,0.0,0.026685744524002075,-0.3241843581199646,0.000838618609122932,0.1138581857085228,-0.583946943283081,-0.026486700400710106,0.20423486828804016,-0.7969372868537903,-0.05769869312644005,0.24665547907352448,-0.9657480120658875,-0.08057299256324768,0.3708301782608032,-0.5459921360015869,-0.014541980810463428,0.49905067682266235,-0.5133899450302124,-0.02943124994635582,0.4311506748199463,-0.44825994968414307,-0.04517735540866852,0.3503210246562958,-0.4281517565250397,-0.05705247074365616,0.424734890460968,-0.3676340579986572,-0.03504065424203873,0.5212658047676086,-0.35085639357566833,-0.012934619560837746,0.4517256021499634,-0.30352625250816345,-0.0030731067527085543,0.36896565556526184,-0.2790444493293762,-0.010480943135917187,0.44238463044166565,-0.1803048551082611,-0.054468534886837006,0.5071651339530945,-0.179910808801651,-0.027188125997781754,0.44502562284469604,-0.14442217350006104,0.0029771137051284313,0.3679884672164917,-0.12206598371267319,0.006175719201564789,0.44130223989486694,-0.0013010874390602112,-0.07548630237579346,0.4745017886161804,-0.013378512114286423,-0.05013076588511467,0.4114185571670532,0.007778143510222435,-0.013088361360132694,0.35227271914482117,0.02487306296825409,0.008060656487941742,APPROVED
0.0,0.0,0.0,0.029714908450841904,-0.32419079542160034,-0.0026962936390191317,0.11565009504556656,-0.5833002924919128,-0.03265811502933502,0.20214992761611938,-0.7960944771766663,-0.06559181213378906,0.2444215714931488,-0.965488076210022,-0.08994889259338379,0.3710200786590576,-0.5477026104927063,-0.022270753979682922,0.5021882057189941,-0.5074151158332825,-0.04066280648112297,0.4355531930923462,-0.44365110993385315,-0.057860348373651505,0.3552916944026947,-0.42530420422554016,-0.07015541940927505,0.42434605956077576,-0.36635497212409973,-0.041542474180459976,0.5243252515792847,-0.3475431501865387,-0.022280054166913033,0.4562455117702484,-0.30236339569091797,-0.012409952469170094,0.37358030676841736,-0.2797289788722992,-0.01927502080798149,0.4420950710773468,-0.17676296830177307,-0.05999024957418442,0.507600724697113,-0.17711755633354187,-0.03566265478730202,0.44689634442329407,-0.14213837683200836,-0.005989920813590288,0.3696266710758209,-0.11996768414974213,-0.0022501260973513126,0.4414537847042084,0.0032918208744376898,-0.0801561176776886,0.47448399662971497,-0.010677109472453594,-0.05697156861424446,0.41297656297683716,0.010759817436337471,-0.020600367337465286,0.3538530468940735,0.027867112308740616,0.0006784956203773618,APPROVED
0.0,0.0,0.0,0.02690773457288742,-0.32711151242256165,-0.00047893080045469105,0.11385044455528259,-0.5902019739151001,-0.028121715411543846,0.20145657658576965,-0.8005208373069763,-0.05928599089384079,0.24505898356437683,-0.9660206437110901,-0.08215940743684769,0.3751201033592224,-0.552775502204895,-0.01726617105305195,0.49753665924072266,-0.5192424654960632,-0.036200426518917084,0.4293639063835144,-0.45702046155929565,-0.054879527539014816,0.35051387548446655,-0.43848633766174316,-0.06824106723070145,0.42814287543296814,-0.3743489980697632,-0.03769190236926079,0.522953450679779,-0.35791370272636414,-0.018771091476082802,0.45409053564071655,-0.31312617659568787,-0.00887022353708744,0.373312383890152,-0.28752297163009644,-0.015136385336518288,0.4459652304649353,-0.18718796968460083,-0.05774473026394844,0.5069078207015991,-0.18442539870738983,-0.03424648940563202,0.4458366930484772,-0.150763601064682,-0.0062476033344864845,0.36913320422172546,-0.1273689568042755,-0.0031641810201108456,0.44560083746910095,-0.006740693934261799,-0.07958155125379562,0.4734784960746765,-0.015089785680174828,-0.05742295831441879,0.41100427508354187,0.006932055577635765,-0.02333405427634716,0.35186898708343506,0.024432551115751266,-0.0033377264626324177,APPROVED
0.0,0.0,0.0,0.02362527884542942,-0.32372352480888367,-0.007370196748524904,0.10512273013591766,-0.5883616209030151,-0.03868655115365982,0.19143857061862946,-0.79795902967453,-0.07229369878768921,0.2370181828737259,-0.9666175246238708,-0.09732946753501892,0.3623594641685486,-0.5564189553260803,-0.02627408690750599,0.4834989607334137,-0.5227590203285217,-0.048613838851451874,0.41954806447029114,-0.4565454423427582,-0.06869447231292725,0.3451470136642456,-0.4359876811504364,-0.08337240666151047,0.4148811995983124,-0.378764271736145,-0.045800648629665375,0.5104905962944031,-0.36142879724502563,-0.03125740960240364,0.4419496953487396,-0.3101782202720642,-0.02248091623187065,0.3627336323261261,-0.2833998501300812,-0.0293404683470726,0.4339481294155121,-0.19113139808177948,-0.06550997495651245,0.4951927065849304,-0.1881904900074005,-0.046786949038505554,0.4330042600631714,-0.14957666397094727,-0.017324263229966164,0.35725048184394836,-0.12434978783130646,-0.012524006888270378,0.43572258949279785,-0.006776848807930946,-0.08751899003982544,0.46543005108833313,-0.019788358360528946,-0.06970221549272537,0.40039050579071045,0.001801870297640562,-0.03484813868999481,0.3397708833217621,0.01905527152121067,-0.013784444890916348,APPROVED
0.0,0.0,0.0,0.02430547960102558,-0.3264371156692505,-0.01044576894491911,0.10806281864643097,-0.591611385345459,-0.03888440504670143,0.19638273119926453,-0.8011137247085571,-0.06934439390897751,0.2401391714811325,-0.9664636850357056,-0.09100114554166794,0.37220117449760437,-0.5488494634628296,-0.01972932182252407,0.4894498586654663,-0.5168181657791138,-0.0420638844370842,0.4206969141960144,-0.45786023139953613,-0.06355473399162292,0.3429701328277588,-0.4404778778553009,-0.07898043096065521,0.42506200075149536,-0.3681088089942932,-0.0361144095659256,0.5144909024238586,-0.35642701387405396,-0.022888178005814552,0.44777148962020874,-0.3153946101665497,-0.0170501247048378,0.36924171447753906,-0.2894221246242523,-0.025213884189724922,0.44229018688201904,-0.183236762881279,-0.05345320701599121,0.5007003545761108,-0.184397354722023,-0.037859123200178146,0.44108834862709045,-0.15385322272777557,-0.013096988201141357,0.36624452471733093,-0.12997902929782867,-0.009819969534873962,0.43994131684303284,-0.006178762763738632,-0.07316513359546661,0.4671563506126404,-0.016998689621686935,-0.05843343958258629,0.4066751003265381,0.0019972501322627068,-0.027303896844387054,0.34896838665008545,0.019174722954630852,-0.007661099545657635,APPROVED
0.0,0.0,0.0,0.02420572005212307,-0.32686713337898254,-0.00882904976606369,0.1091291606426239,-0.5896016955375671,-0.03784961253404617,0.195295512676239,-0.8014573454856873,-0.0680229514837265,0.24034830927848816,-0.9665616750717163,-0.08939392864704132,0.3682989180088043,-0.54449862241745,-0.027731239795684814,0.4874018430709839,-0.5175093412399292,-0.04427569732069969,0.41831180453300476,-0.4593108892440796,-0.05929921194911003,0.3412169814109802,-0.43954068422317505,-0.07074278593063354,0.4221247434616089,-0.3614180386066437,-0.04268715903162956,0.513710618019104,-0.35792383551597595,-0.02450186386704445,0.4471484124660492,-0.31946510076522827,-0.01479355525225401,0.36922237277030945,-0.2936672568321228,-0.021149124950170517,0.4390326738357544,-0.1733337938785553,-0.05677033215761185,0.49854087829589844,-0.187533438205719,-0.03567592799663544,0.4400172233581543,-0.15593676269054413,-0.008286702446639538,0.366666316986084,-0.1289254128932953,-0.004634027369320393,0.4371997117996216,0.004177494440227747,-0.07267065346240997,0.46691447496414185,-0.02048000693321228,-0.05325678363442421,0.40831923484802246,-0.0005001839017495513,-0.0193222314119339,0.35278141498565674,0.021508794277906418,0.0013448984827846289,APPROVED
0.0,0.0,0.0,0.019520189613103867,-0.3308489918708801,-0.00494622765108943,0.10603377968072891,-0.5941383242607117,-0.03047693707048893,0.1939571648836136,-0.8048271536827087,-0.05850331112742424,0.23609796166419983,-0.9685694575309753,-0.07830141484737396,0.3691119849681854,-0.5366199612617493,-0.017125027254223824,0.4873708188533783,-0.5361474752426147,-0.028122415766119957,0.41936081647872925,-0.4828021824359894,-0.040608961135149,0.344591349363327,-0.45816850662231445,-0.0507686585187912,0.42273667454719543,-0.3572998344898224,-0.03205510228872299,0.5136609077453613,-0.3746573030948639,-0.008901793509721756,0.4480198323726654,-0.3409005105495453,0.0022386196069419384,0.37271079421043396,-0.3110940456390381,-0.0035099396482110023,0.43757200241088867,-0.1740245223045349,-0.04614145681262016,0.49940547347068787,-0.20181140303611755,-0.021006008610129356,0.4420470893383026,-0.17360582947731018,0.005253118462860584,0.37099480628967285,-0.1431640386581421,0.0075403922237455845,0.4343455731868744,-0.0007754435646347702,-0.06169857457280159,0.46777069568634033,-0.03247149661183357,-0.03872690722346306,0.4105733036994934,-0.015444597229361534,-0.005103392526507378,0.35648590326309204,0.009263796731829643,0.014545785263180733,APPROVED
0.0,0.0,0.0,0.015184651128947735,-0.3305323123931885,-0.010288090445101261,0.09803519397974014,-0.59406578540802,-0.03936595842242241,0.18561038374900818,-0.8029244542121887,-0.0696127787232399,0.22710180282592773,-0.9695544242858887,-0.09159085154533386,0.36323282122612,-0.5395429134368896,-0.02451675944030285,0.4725826382637024,-0.5325178503990173,-0.03734206780791283,0.4041175842285156,-0.4804573953151703,-0.051820188760757446,0.33376407623291016,-0.4587033987045288,-0.06438133865594864,0.41628992557525635,-0.35973209142684937,-0.03836522623896599,0.5030285120010376,-0.375215619802475,-0.018388986587524414,0.435924768447876,-0.34136006236076355,-0.008820172399282455,0.36134806275367737,-0.31147250533103943,-0.01564428210258484,0.43106532096862793,-0.1765291839838028,-0.051471758633852005,0.4899720847606659,-0.20360764861106873,-0.029515687376260757,0.4307490587234497,-0.17619925737380981,-0.003070124192163348,0.35962897539138794,-0.14574278891086578,-0.00034262449480593204,0.42786505818367004,-0.0027330948505550623,-0.06645328551530838,0.4586736857891083,-0.036192797124385834,-0.04656710475683212,0.39918673038482666,-0.02104371413588524,-0.013301937840878963,0.3446413576602936,0.0029086857102811337,0.006334180943667889,APPROVED
0.0,0.0,0.0,0.020742839202284813,-0.32848313450813293,-0.009532419964671135,0.1062810942530632,-0.5927196145057678,-0.037335414439439774,0.19296199083328247,-0.8037883639335632,-0.06678922474384308,0.23903870582580566,-0.9670876264572144,-0.08718965947628021,0.3700912296772003,-0.5337638854980469,-0.02099641226232052,0.4935418367385864,-0.535957932472229,-0.036941397935152054,0.4259258806705475,-0.4828498065471649,-0.052842479199171066,0.3497173488140106,-0.45647764205932617,-0.06432396918535233,0.42380741238594055,-0.35046127438545227,-0.0350092314183712,0.5169939994812012,-0.3735225200653076,-0.015295136719942093,0.45357567071914673,-0.3417225480079651,-0.005806671921163797,0.3784053325653076,-0.3119545578956604,-0.012043261900544167,0.4385053515434265,-0.16547003388404846,-0.04902571812272072,0.49966907501220703,-0.2001693993806839,-0.02773047238588333,0.44362011551856995,-0.17291709780693054,-0.002088035922497511,0.37358763813972473,-0.14164948463439941,0.0009867938933894038,0.4341141879558563,0.008942444808781147,-0.06478292495012283,0.4690997898578644,-0.03274622559547424,-0.04498561471700668,0.4128582179546356,-0.01570592075586319,-0.011303264647722244,0.35901162028312683,0.011806104332208633,0.009376377798616886,APPROVED
0.0,0.0,0.0,0.01948174461722374,-0.3309493064880371,-0.0079341484233737,0.10219117254018784,-0.5958053469657898,-0.03537261486053467,0.188982754945755,-0.8054673671722412,-0.06411773711442947,0.23524679243564606,-0.9683377146720886,-0.08355297148227692,0.3727703094482422,-0.5416300296783447,-0.02193768508732319,0.4958081543445587,-0.5356861352920532,-0.03256094083189964,0.42621973156929016,-0.4844804108142853,-0.04427042230963707,0.3498537242412567,-0.45936062932014465,-0.05358520522713661,0.4270040690898895,-0.3544066548347473,-0.03511286899447441,0.5178765058517456,-0.37306544184684753,-0.010774025693535805,0.45313483476638794,-0.34255456924438477,0.0010330863296985626,0.3781362771987915,-0.31160590052604675,-0.004505617078393698,0.44162505865097046,-0.1669456660747528,-0.047379519790410995,0.5032037496566772,-0.20064391195774078,-0.02190181240439415,0.4465441405773163,-0.17353326082229614,0.0047775632701814175,0.375735878944397,-0.14084450900554657,0.00774278212338686,0.43816515803337097,0.008181002922356129,-0.061143506318330765,0.4760191738605499,-0.03297910466790199,-0.03807588294148445,0.4203082323074341,-0.016761716455221176,-0.003529139095917344,0.3658355176448822,0.010676419362425804,0.01733137108385563,APPROVED
0.0,0.0,0.0,0.023148585110902786,-0.33150118589401245,-0.006662209052592516,0.10629798471927643,-0.5954352021217346,-0.03463520109653473,0.19217795133590698,-0.8060209155082703,-0.0637277290225029,0.23659099638462067,-0.9680137634277344,-0.08351130038499832,0.3668380677700043,-0.5421921610832214,-0.025836532935500145,0.4969744384288788,-0.5334781408309937,-0.037353020161390305,0.4306996762752533,-0.47851893305778503,-0.04689394310116768,0.35514938831329346,-0.4534161686897278,-0.054082777351140976,0.4204074442386627,-0.35714054107666016,-0.03949510306119919,0.5174703598022461,-0.3724805414676666,-0.01623009517788887,0.4550956189632416,-0.33882954716682434,-0.002492680912837386,0.3823040723800659,-0.3074982166290283,-0.006368877831846476,0.43729814887046814,-0.17058925330638885,-0.0519833043217659,0.5010021924972534,-0.20226618647575378,-0.025680772960186005,0.44656434655189514,-0.1718185544013977,0.0023314733989536762,0.3779628574848175,-0.13776732981204987,0.0058900415897369385,0.4377068281173706,0.0050314050167799,-0.06585405021905899,0.4750269949436188,-0.037179119884967804,-0.04092610254883766,0.42094165086746216,-0.018699122592806816,-0.005728800315409899,0.3691847324371338,0.009932544082403183,0.01517275907099247,APPROVED
0.0,0.0,0.0,0.017580391839146614,-0.3311470150947571,-0.008822266943752766,0.1017332524061203,-0.5949127674102783,-0.035100024193525314,0.18988125026226044,-0.8045667409896851,-0.06323404610157013,0.23564960062503815,-0.9683666825294495,-0.08206851780414581,0.3613456189632416,-0.5483819842338562,-0.01599087193608284,0.4921416938304901,-0.5415380001068115,-0.028837522491812706,0.42670637369155884,-0.4846186339855194,-0.04229413717985153,0.35155993700027466,-0.460798442363739,-0.05221620574593544,0.4156256318092346,-0.3660341203212738,-0.02962464466691017,0.5153440833091736,-0.3809770345687866,-0.007856232114136219,0.4512975811958313,-0.3450041711330414,0.002416053554043174,0.3763694763183594,-0.3168236315250397,-0.0030306812841445208,0.43215200304985046,-0.18010595440864563,-0.04334458336234093,0.4988558888435364,-0.2113211303949356,-0.02013043686747551,0.44226565957069397,-0.18075545132160187,0.0058469828218221664,0.3719918429851532,-0.14906659722328186,0.009287400171160698,0.43130186200141907,-0.00436437176540494,-0.05880605801939964,0.46907514333724976,-0.04679252207279205,-0.03648284077644348,0.41293904185295105,-0.02832488901913166,-0.0019590335432440042,0.3594869375228882,-0.00013173301704227924,0.0190739743411541,APPROVED
0.0,0.0,0.0,0.018507344648241997,-0.3297281265258789,-0.007895266637206078,0.10242203623056412,-0.592728316783905,-0.03434140980243683,0.18990515172481537,-0.8028853535652161,-0.06284371763467789,0.2332063615322113,-0.9689368009567261,-0.08231756091117859,0.3638373613357544,-0.5483867526054382,-0.014818710274994373,0.49337461590766907,-0.5384006500244141,-0.02745692804455757,0.4254394471645355,-0.4808608591556549,-0.04228777065873146,0.34936070442199707,-0.4602884352207184,-0.053710658103227615,0.41898635029792786,-0.36505669355392456,-0.029172243550419807,0.515665590763092,-0.3782413899898529,-0.005982810631394386,0.45147445797920227,-0.34087780117988586,0.003598257666453719,0.3765617609024048,-0.3129560053348541,-0.003261437639594078,0.43591681122779846,-0.17817449569702148,-0.04339065030217171,0.5009087920188904,-0.20554517209529877,-0.018969228491187096,0.4433631896972656,-0.17417973279953003,0.007590918336063623,0.37214308977127075,-0.1431960016489029,0.010783265344798565,0.43455836176872253,-0.0022808900102972984,-0.05940767377614975,0.47381579875946045,-0.0382348895072937,-0.036504633724689484,0.4164958894252777,-0.019431615248322487,-0.00145988748408854,0.3621167242527008,0.007059620693325996,0.019684597849845886,APPROVED
0.0,0.0,0.0,0.014543541707098484,-0.32938846945762634,-0.008811180479824543,0.09562509506940842,-0.5943783521652222,-0.03607858344912529,0.18445956707000732,-0.8040291666984558,-0.06451700627803802,0.22496038675308228,-0.970744252204895,-0.0839560329914093,0.35645928978919983,-0.5510918498039246,-0.0205885861068964,0.4838677942752838,-0.5371744632720947,-0.03184441849589348,0.41689246892929077,-0.4780358374118805,-0.04442733898758888,0.3414096236228943,-0.4568576216697693,-0.05464600399136543,0.4120239019393921,-0.36950400471687317,-0.03366390988230705,0.5058347582817078,-0.3787078261375427,-0.009627686813473701,0.4409884810447693,-0.3383665382862091,0.0010145889827981591,0.36637449264526367,-0.30949392914772034,-0.005452229641377926,0.4302387535572052,-0.18311908841133118,-0.04599430039525032,0.49288690090179443,-0.20598992705345154,-0.02049078978598118,0.43498483300209045,-0.17340077459812164,0.006164676509797573,0.36330553889274597,-0.14261622726917267,0.008851001039147377,0.43090540170669556,-0.0062598069198429585,-0.0600430890917778,0.46670863032341003,-0.0369255505502224,-0.036780379712581635,0.4083121120929718,-0.018290793523192406,-0.002466556616127491,0.35366615653038025,0.006650826428085566,0.017873190343379974,APPROVED
0.0,0.0,0.0,0.014847826212644577,-0.32148945331573486,-0.006687826011329889,0.09845879673957825,-0.5903652310371399,-0.03151334822177887,0.18776486814022064,-0.8043369650840759,-0.05850638449192047,0.22898077964782715,-0.9704118371009827,-0.0766076147556305,0.35522231459617615,-0.5480193495750427,-0.014455665834248066,0.48343515396118164,-0.5381289720535278,-0.029073279350996017,0.41840702295303345,-0.4761081337928772,-0.045263662934303284,0.34160280227661133,-0.45363980531692505,-0.057039327919483185,0.41091251373291016,-0.37150534987449646,-0.029156038537621498,0.5075421333312988,-0.3772735297679901,-0.006215020082890987,0.44409406185150146,-0.33324864506721497,0.003500827355310321,0.3678032159805298,-0.3052736520767212,-0.003217661054804921,0.4303044080734253,-0.18676939606666565,-0.04389766603708267,0.4931361973285675,-0.20359744131565094,-0.019553499296307564,0.43683329224586487,-0.16807544231414795,0.006584921386092901,0.3651616871356964,-0.1389128714799881,0.00928540900349617,0.43208348751068115,-0.009088234044611454,-0.060443487018346786,0.4695381820201874,-0.03595590218901634,-0.03791586682200432,0.411336213350296,-0.014320295304059982,-0.0036481802817434072,0.35553547739982605,0.009906626306474209,0.016760999336838722,APPROVED
0.0,0.0,0.0,0.021037325263023376,-0.3216468393802643,-0.004191794898360968,0.10498704016208649,-0.5935735106468201,-0.02819758839905262,0.19262364506721497,-0.805353045463562,-0.055367596447467804,0.23801670968532562,-0.9684810638427734,-0.0734340250492096,0.36269140243530273,-0.5513322949409485,-0.013551628217101097,0.4912015497684479,-0.5428760051727295,-0.030221015214920044,0.42866671085357666,-0.4783678352832794,-0.04676082357764244,0.35192570090293884,-0.45369431376457214,-0.05818186327815056,0.4180494248867035,-0.37602126598358154,-0.0308428555727005,0.5157769918441772,-0.37572887539863586,-0.009841633029282093,0.453231543302536,-0.32824069261550903,-0.0001565835700603202,0.3759653568267822,-0.30125877261161804,-0.006281684618443251,0.4376993477344513,-0.190658301115036,-0.04834085330367088,0.4998838007450104,-0.19736194610595703,-0.02564121037721634,0.4428476095199585,-0.16043825447559357,0.0003632797161117196,0.36973658204078674,-0.13377031683921814,0.003376601031050086,0.43827760219573975,-0.00945020280778408,-0.0676238015294075,0.4764139950275421,-0.024162961170077324,-0.04671190306544304,0.4165719449520111,-0.002984747989103198,-0.013275210745632648,0.35839274525642395,0.0165839996188879,0.007024863269180059,APPROVED
0.0,0.0,0.0,0.02820408158004284,-0.32130956649780273,-0.011436764150857925,0.11207344383001328,-0.5955271124839783,-0.03809630498290062,0.19858300685882568,-0.8037030100822449,-0.0675879418849945,0.23944780230522156,-0.9668918251991272,-0.08823233842849731,0.3657555878162384,-0.5367673635482788,-0.017545951530337334,0.49318021535873413,-0.5357114672660828,-0.048493772745132446,0.4287230968475342,-0.4798692464828491,-0.07659454643726349,0.34944528341293335,-0.4566968083381653,-0.0940670445561409,0.4185328483581543,-0.3600517511367798,-0.034672174602746964,0.5212655663490295,-0.3684379458427429,-0.029313208535313606,0.45851409435272217,-0.3292990028858185,-0.02833610214293003,0.3806513547897339,-0.3037203848361969,-0.037518955767154694,0.4388885796070099,-0.17698600888252258,-0.053822897374629974,0.5045509338378906,-0.18848244845867157,-0.04482624679803848,0.4470096528530121,-0.15874354541301727,-0.02231447771191597,0.37459781765937805,-0.13380400836467743,-0.01786705106496811,0.43893519043922424,0.0007690830971114337,-0.0753866583108902,0.4797666668891907,-0.018979450687766075,-0.06339258700609207,0.41950780153274536,-0.002487027086317539,-0.03147244453430176,0.3628635108470917,0.01598864048719406,-0.010151353664696217,APPROVED
0.0,0.0,0.0,0.02467626892030239,-0.3219212591648102,-0.012137223966419697,0.10659743845462799,-0.5936963558197021,-0.04147443175315857,0.19294390082359314,-0.8015613555908203,-0.0726669579744339,0.23365545272827148,-0.9676684737205505,-0.09498900175094604,0.3581223487854004,-0.5414579510688782,-0.023925693705677986,0.48315611481666565,-0.5340131521224976,-0.05055306851863861,0.4216760993003845,-0.4795769453048706,-0.07446130365133286,0.34691423177719116,-0.455990195274353,-0.09037068486213684,0.41075199842453003,-0.36415109038352966,-0.04023805260658264,0.5102306604385376,-0.37386712431907654,-0.031290262937545776,0.4467834532260895,-0.3325306475162506,-0.027488647028803825,0.3702433705329895,-0.3043580949306488,-0.03593386337161064,0.43136805295944214,-0.1796928197145462,-0.05768152326345444,0.4968186914920807,-0.19731102883815765,-0.04565748572349548,0.43830451369285583,-0.1655922681093216,-0.020950179547071457,0.36493584513664246,-0.13799382746219635,-0.016400713473558426,0.43268129229545593,1.1935904694837518e-05,-0.0774066224694252,0.4724488854408264,-0.026838185265660286,-0.06439284235239029,0.4112386405467987,-0.010878060013055801,-0.031810201704502106,0.3528926968574524,0.00968487374484539,-0.010661745443940163,APPROVED
0.0,0.0,0.0,0.025492673739790916,-0.32551559805870056,-0.01718730479478836,0.10740669816732407,-0.5943382978439331,-0.047738585621118546,0.1929018497467041,-0.8007724285125732,-0.08075522631406784,0.23633471131324768,-0.9659984707832336,-0.10484680533409119,0.36568689346313477,-0.5384964942932129,-0.01878410577774048,0.4904119372367859,-0.5267154574394226,-0.05210058018565178,0.425376296043396,-0.47088974714279175,-0.08296599984169006,0.3445833921432495,-0.44969677925109863,-0.10238013416528702,0.41786640882492065,-0.35682955384254456,-0.03522612527012825,0.5168246626853943,-0.36250489950180054,-0.03411393240094185,0.4530254900455475,-0.3232046365737915,-0.03732239827513695,0.37214788794517517,-0.29650408029556274,-0.048214953392744064,0.4357225000858307,-0.17115308344364166,-0.05446935072541237,0.5012620091438293,-0.18414025008678436,-0.04906541109085083,0.4425676465034485,-0.15346398949623108,-0.029457980766892433,0.3679942190647125,-0.1273466944694519,-0.025973176583647728,0.4328065514564514,0.009064478799700737,-0.07661967724561691,0.4678632915019989,-0.010195295326411724,-0.06851066648960114,0.4095219671726227,0.006246206816285849,-0.03952286019921303,0.3535213768482208,0.025984426960349083,-0.019386405125260353,APPROVED
0.0,0.0,0.0,0.027672596275806427,-0.3192160129547119,-0.016337275505065918,0.11332035809755325,-0.5881061553955078,-0.04844493418931961,0.200795978307724,-0.7962954044342041,-0.08286988735198975,0.23675155639648438,-0.965458333492279,-0.10880644619464874,0.3698594868183136,-0.5315935611724854,-0.026602964848279953,0.4894101023674011,-0.5183533430099487,-0.061418596655130386,0.4248099625110626,-0.45985835790634155,-0.09209240972995758,0.3466109037399292,-0.438765287399292,-0.11198218911886215,0.4217492640018463,-0.35148531198501587,-0.045640550553798676,0.5207582712173462,-0.34754979610443115,-0.046141885221004486,0.45728132128715515,-0.3065570592880249,-0.04797346144914627,0.3755795657634735,-0.2818026542663574,-0.05856233835220337,0.4399131238460541,-0.1658622920513153,-0.06691158562898636,0.50356125831604,-0.16418690979480743,-0.06248997524380684,0.4424012303352356,-0.133568674325943,-0.04085633531212807,0.36680930852890015,-0.11082497239112854,-0.03710450232028961,0.4376979470252991,0.016364190727472305,-0.0913231149315834,0.4710359275341034,0.013099756091833115,-0.08500440418720245,0.4077974557876587,0.028369354084134102,-0.0560232549905777,0.3489099442958832,0.0440959669649601,-0.03650957718491554,APPROVED
0.0,0.0,0.0,0.028971944004297256,-0.3250309228897095,-0.010173298418521881,0.11501806229352951,-0.6036389470100403,-0.038286447525024414,0.20490990579128265,-0.8053224086761475,-0.06900177150964737,0.24708855152130127,-0.964702308177948,-0.0910869762301445,0.38102075457572937,-0.5434138774871826,-0.029140528291463852,0.5075119137763977,-0.5343719124794006,-0.057408809661865234,0.4463443160057068,-0.4755665957927704,-0.0811632052063942,0.36804941296577454,-0.4549405574798584,-0.09687019139528275,0.42969751358032227,-0.36353036761283875,-0.048744961619377136,0.5270501971244812,-0.35337361693382263,-0.042139459401369095,0.4651920199394226,-0.31275567412376404,-0.0387519970536232,0.3854129910469055,-0.2906654477119446,-0.04765671491622925,0.4445130527019501,-0.17680227756500244,-0.06930139660835266,0.5057138800621033,-0.17071381211280823,-0.05873220041394234,0.4475908577442169,-0.1407763808965683,-0.03612703084945679,0.3721189796924591,-0.12075969576835632,-0.03376007080078125,0.4399847686290741,0.00849931314587593,-0.09236671030521393,0.47190922498703003,0.0062293545342981815,-0.08143427222967148,0.4130518436431885,0.019975164905190468,-0.05215682461857796,0.3545096516609192,0.03288600221276283,-0.033498458564281464,APPROVED
0.0,0.0,0.0,0.030074531212449074,-0.323188841342926,-0.010482525452971458,0.11173209547996521,-0.605465829372406,-0.03750599920749664,0.19438868761062622,-0.8095122575759888,-0.06758896261453629,0.24362319707870483,-0.9657314419746399,-0.08950179815292358,0.3804672658443451,-0.518834114074707,-0.027061784639954567,0.4929554760456085,-0.5302873253822327,-0.05663738027215004,0.43616732954978943,-0.4746427536010742,-0.08301239460706711,0.3592413365840912,-0.4502717852592468,-0.10018797963857651,0.4325539469718933,-0.34074047207832336,-0.046421222388744354,0.5137192010879517,-0.33781006932258606,-0.041805803775787354,0.4554066061973572,-0.2976563274860382,-0.04313408583402634,0.37883490324020386,-0.274072527885437,-0.055535972118377686,0.45166680216789246,-0.15425023436546326,-0.06667586416006088,0.4965808093547821,-0.14425519108772278,-0.05738584324717522,0.4397803843021393,-0.1155293881893158,-0.03808370977640152,0.3661503195762634,-0.09644881635904312,-0.03812292590737343,0.4495522677898407,0.03390735387802124,-0.08963790535926819,0.47145718336105347,0.04175572469830513,-0.07901892066001892,0.40837234258651733,0.050172269344329834,-0.05153506621718407,0.3464764952659607,0.0585331954061985,-0.03455643355846405,APPROVED
0.0,0.0,0.0,0.03432011604309082,-0.33709630370140076,-0.0046730344183743,0.12579476833343506,-0.5996825695037842,-0.03188067302107811,0.2107018381357193,-0.8011113405227661,-0.06331607699394226,0.2603147625923157,-0.961604654788971,-0.08690646290779114,0.3959586024284363,-0.5281534790992737,-0.026767589151859283,0.5059953331947327,-0.5317193269729614,-0.05481213703751564,0.44199925661087036,-0.4724157154560089,-0.07793005555868149,0.3621302843093872,-0.44702669978141785,-0.09303300082683563,0.44966262578964233,-0.34703636169433594,-0.04816779866814613,0.5204567313194275,-0.3297995328903198,-0.04017253965139389,0.45325976610183716,-0.2891044318675995,-0.03803281486034393,0.3760463297367096,-0.26719677448272705,-0.04906899109482765,0.46784552931785583,-0.15554282069206238,-0.06956390291452408,0.49760639667510986,-0.13471819460391998,-0.05792521312832832,0.4342690706253052,-0.10462167114019394,-0.037151895463466644,0.35886481404304504,-0.0871828943490982,-0.03772202506661415,0.46511685848236084,0.03606748580932617,-0.09338375180959702,0.4679986238479614,0.05614865571260452,-0.08231723308563232,0.40049421787261963,0.06914465874433517,-0.055038899183273315,0.3375096321105957,0.07691709697246552,-0.03830072283744812,APPROVED
0.0,0.0,0.0,0.03359517082571983,-0.3313855230808258,-0.007254040800035,0.12170743197202682,-0.6025278568267822,-0.034406401216983795,0.20123453438282013,-0.8053505420684814,-0.06483346968889236,0.24955451488494873,-0.9644176363945007,-0.08729880303144455,0.38700512051582336,-0.5360848307609558,-0.03529626503586769,0.5062308311462402,-0.5310007333755493,-0.062402646988630295,0.44418084621429443,-0.46767354011535645,-0.0850517749786377,0.3685167729854584,-0.44335848093032837,-0.10105452686548233,0.4420868456363678,-0.35536015033721924,-0.05510875955224037,0.517279326915741,-0.33263301849365234,-0.04459173604846001,0.45079824328422546,-0.2864610254764557,-0.040113694965839386,0.3750111162662506,-0.26773738861083984,-0.05074497312307358,0.46155133843421936,-0.16461428999900818,-0.07461965829133987,0.490548312664032,-0.14506830275058746,-0.057002272456884384,0.42933419346809387,-0.11139514297246933,-0.032658521085977554,0.3552572727203369,-0.09793658554553986,-0.03252216428518295,0.4588898718357086,0.026092104613780975,-0.09706997126340866,0.46713292598724365,0.04011441394686699,-0.0795595794916153,0.404621958732605,0.05157109722495079,-0.048032063990831375,0.34315744042396545,0.05601882189512253,-0.029814593493938446,APPROVED
0.0,0.0,0.0,0.038273513317108154,-0.3367428779602051,0.0034450949169695377,0.1389676034450531,-0.6068509221076965,-0.016047794371843338,0.22744068503379822,-0.8075823783874512,-0.040355537086725235,0.28510892391204834,-0.9568113088607788,-0.05679100379347801,0.41425031423568726,-0.549430787563324,-0.01224712748080492,0.5027697086334229,-0.5457456111907959,-0.030545959249138832,0.43513810634613037,-0.4840966463088989,-0.0490727536380291,0.3567119538784027,-0.4564821422100067,-0.0617879293859005,0.4708731472492218,-0.3700859844684601,-0.03524528816342354,0.5160049200057983,-0.3498498499393463,-0.019422419369220734,0.4479157030582428,-0.30969756841659546,-0.018547967076301575,0.3712640404701233,-0.28434082865715027,-0.030178187415003777,0.48966649174690247,-0.1761520504951477,-0.05693574622273445,0.49818286299705505,-0.15653537213802338,-0.038496848195791245,0.43458545207977295,-0.12595567107200623,-0.020602215081453323,0.36219027638435364,-0.1051144152879715,-0.02251884713768959,0.4860004484653473,0.017284834757447243,-0.08023734390735626,0.4851570427417755,0.032673805952072144,-0.06220346316695213,0.4186527729034424,0.04486360400915146,-0.03387908264994621,0.3569823205471039,0.05468716099858284,-0.015982380136847496,APPROVED
0.0,0.0,0.0,0.03510918468236923,-0.34994786977767944,-0.002076325938105583,0.13165158033370972,-0.6220093965530396,-0.026342153549194336,0.22439026832580566,-0.8131970763206482,-0.054245345294475555,0.2918263077735901,-0.9536620378494263,-0.07325372099876404,0.4299367070198059,-0.5804922580718994,-0.02692798525094986,0.5112004280090332,-0.5807006359100342,-0.04974387586116791,0.441007137298584,-0.5188811421394348,-0.0695897713303566,0.3595515787601471,-0.48961880803108215,-0.08281674981117249,0.49174240231513977,-0.3913900554180145,-0.05242059752345085,0.5346499681472778,-0.3668173849582672,-0.04347137734293938,0.46058428287506104,-0.3257272243499756,-0.04503539204597473,0.37864622473716736,-0.30017200112342834,-0.055635664612054825,0.5094717741012573,-0.18480916321277618,-0.0762535110116005,0.5152016878128052,-0.15795941650867462,-0.06489039957523346,0.44405651092529297,-0.12833555042743683,-0.048617884516716,0.3679971992969513,-0.10814885050058365,-0.04939720407128334,0.4991711676120758,0.020681196823716164,-0.10219107568264008,0.48402315378189087,0.050749603658914566,-0.09152974933385849,0.4131924510002136,0.06418512016534805,-0.0652778148651123,0.35234326124191284,0.07426158338785172,-0.04645221680402756,APPROVED
0.0,0.0,0.0,0.012484567239880562,-0.3649270534515381,-0.0019855911377817392,0.09949757158756256,-0.6358692646026611,-0.021630624309182167,0.20055845379829407,-0.8245469331741333,-0.04390087351202965,0.2735288739204407,-0.9601154327392578,-0.05796842277050018,0.4126272201538086,-0.5728830695152283,-0.028030497953295708,0.49085697531700134,-0.6057835221290588,-0.041013702750205994,0.4207591414451599,-0.5459011197090149,-0.05416330695152283,0.3434256911277771,-0.5014602541923523,-0.0638294443488121,0.4809185564517975,-0.3789220452308655,-0.04812883958220482,0.5105620622634888,-0.3881709575653076,-0.028613826259970665,0.4374498724937439,-0.3535407483577728,-0.02397545985877514,0.3618820309638977,-0.32116854190826416,-0.03302713483572006,0.50089430809021,-0.17473094165325165,-0.06584152579307556,0.49657273292541504,-0.17817552387714386,-0.046148333698511124,0.4278174042701721,-0.15597383677959442,-0.0284029021859169,0.35438311100006104,-0.12983624637126923,-0.030918506905436516,0.4930579662322998,0.024564027786254883,-0.08550344407558441,0.4676293134689331,0.030756263062357903,-0.06850804388523102,0.39734235405921936,0.033815283328294754,-0.041239723563194275,0.3350144326686859,0.045468442142009735,-0.023594658821821213,APPROVED
0.0,0.0,0.0,0.01117712166160345,-0.3510884642601013,-0.017002226784825325,0.0942128449678421,-0.6243622303009033,-0.045111238956451416,0.19438719749450684,-0.8138490915298462,-0.07277626544237137,0.2680724263191223,-0.9590231776237488,-0.09171531349420547,0.4032436013221741,-0.5553766489028931,-0.0520084984600544,0.4821968972682953,-0.5862848162651062,-0.0772617980837822,0.4094998836517334,-0.5333968997001648,-0.09728620201349258,0.3319900929927826,-0.4930042624473572,-0.11133618652820587,0.46984755992889404,-0.35868802666664124,-0.06938352435827255,0.5044888854026794,-0.36365899443626404,-0.06404349952936172,0.4304531514644623,-0.3286387026309967,-0.06407064944505692,0.35523465275764465,-0.29839128255844116,-0.07524028420448303,0.4884531795978546,-0.15543057024478912,-0.08537571877241135,0.48648732900619507,-0.15237489342689514,-0.07903766632080078,0.4147143065929413,-0.13217316567897797,-0.06146968901157379,0.34137892723083496,-0.11334999650716782,-0.062030646950006485,0.4774490296840668,0.04025230556726456,-0.10410486906766891,0.45952656865119934,0.05162609741091728,-0.09831879287958145,0.3924505114555359,0.05198194086551666,-0.07212288677692413,0.3345886468887329,0.056276824325323105,-0.053974516689777374,APPROVED
0.0,0.0,0.0,0.012418439611792564,-0.34818586707115173,-0.010682684369385242,0.10693949460983276,-0.6145667433738708,-0.032935455441474915,0.20758846402168274,-0.8092572689056396,-0.055374875664711,0.2664473354816437,-0.9613077640533447,-0.06994955986738205,0.399260550737381,-0.5545410513877869,-0.027536004781723022,0.46952009201049805,-0.5833728313446045,-0.03815474361181259,0.405259370803833,-0.5339505672454834,-0.05041864514350891,0.33404776453971863,-0.4904928207397461,-0.05987467244267464,0.46178120374679565,-0.3710426688194275,-0.039313435554504395,0.48023298382759094,-0.38525718450546265,-0.018696051090955734,0.41329216957092285,-0.3544626832008362,-0.015521395951509476,0.34603336453437805,-0.31710201501846313,-0.02600056491792202,0.4767248034477234,-0.17814598977565765,-0.04910188168287277,0.47344017028808594,-0.19491061568260193,-0.03128018602728844,0.41229522228240967,-0.17333734035491943,-0.016253523528575897,0.34421223402023315,-0.14113859832286835,-0.01928292214870453,0.46917104721069336,0.0061732446774840355,-0.060661159455776215,0.4536881446838379,-0.010104446671903133,-0.04499397426843643,0.39194199442863464,-0.0038924431428313255,-0.019025718793272972,0.33580273389816284,0.016603361815214157,-0.0017787660472095013,APPROVED
0.0,0.0,0.0,0.003935144282877445,-0.3576546013355255,-0.007770358584821224,0.1038733720779419,-0.624595046043396,-0.019338196143507957,0.21514074504375458,-0.8125888705253601,-0.03192547708749771,0.27295583486557007,-0.961269199848175,-0.03816914185881615,0.3940733075141907,-0.5563259720802307,-0.009168604388833046,0.4584915339946747,-0.5883007049560547,-0.011408050544559956,0.39106011390686035,-0.5384470224380493,-0.022339891642332077,0.32386043667793274,-0.4973558187484741,-0.032448139041662216,0.4625121057033539,-0.3723384439945221,-0.018640637397766113,0.46770238876342773,-0.3856751024723053,0.010986522771418095,0.39576613903045654,-0.3517630994319916,0.013297121040523052,0.33370986580848694,-0.31694296002388,0.000674569746479392,0.48009049892425537,-0.17773397266864777,-0.026244869455695152,0.47083422541618347,-0.1968214064836502,-0.005192354787141085,0.40667152404785156,-0.17484861612319946,0.006384817883372307,0.3423965871334076,-0.14261507987976074,0.0010515430476516485,0.47258496284484863,0.006873259320855141,-0.03487377241253853,0.4558146893978119,-0.013973891735076904,-0.01642589643597603,0.39363956451416016,-0.007031051442027092,0.010536875575780869,0.3392263948917389,0.016248293220996857,0.028375599533319473,APPROVED
0.0,0.0,0.0,0.0003199464117642492,-0.35454708337783813,-0.007143846247345209,0.09447736293077469,-0.6219046115875244,-0.024304550141096115,0.20587417483329773,-0.8142234086990356,-0.04193101078271866,0.27539730072021484,-0.9599045515060425,-0.052341364324092865,0.3910728394985199,-0.5671736001968384,-0.013394893147051334,0.4681491553783417,-0.5932556390762329,-0.013265969231724739,0.40053078532218933,-0.5448307991027832,-0.01942395605146885,0.32878410816192627,-0.5020237565040588,-0.025531969964504242,0.45654329657554626,-0.3797047436237335,-0.022783847525715828,0.4743853211402893,-0.40024957060813904,0.01063948031514883,0.4034636318683624,-0.36803916096687317,0.01602121815085411,0.339731901884079,-0.322975218296051,0.00450225779786706,0.4729021191596985,-0.18489961326122284,-0.029805216938257217,0.4717581570148468,-0.2110712230205536,-0.0022516557946801186,0.4067153036594391,-0.18816755712032318,0.013669537380337715,0.3403617739677429,-0.1488294154405594,0.009182981215417385,0.4678539037704468,-0.0010164191480726004,-0.03790588676929474,0.4620721936225891,-0.032003846019506454,-0.014411735348403454,0.4015839397907257,-0.018263887614011765,0.014942215755581856,0.3487323820590973,0.013661149889230728,0.033056654036045074,APPROVED
0.0,0.0,0.0,-0.008061753585934639,-0.34768709540367126,-0.015223781578242779,0.08382845669984818,-0.615939736366272,-0.03314775601029396,0.2031390368938446,-0.8099819421768188,-0.0484728179872036,0.2817171514034271,-0.9578430652618408,-0.05632267892360687,0.38575106859207153,-0.5653722286224365,-0.016187945380806923,0.4494325816631317,-0.5933005809783936,-0.004351611714810133,0.3793036937713623,-0.5459448099136353,-0.00414000079035759,0.31527942419052124,-0.5028245449066162,-0.009002444334328175,0.45170333981513977,-0.3764221966266632,-0.01914658024907112,0.46193748712539673,-0.4005461633205414,0.024005573242902756,0.39209118485450745,-0.36905819177627563,0.030691197142004967,0.33283889293670654,-0.3224036693572998,0.017407558858394623,0.4664105474948883,-0.18312957882881165,-0.01896354928612709,0.46024930477142334,-0.2166012078523636,0.014483850449323654,0.3943977355957031,-0.1936892420053482,0.03021959587931633,0.33112257719039917,-0.15189935266971588,0.024137107655405998,0.45927491784095764,-0.00441101286560297,-0.019981347024440765,0.45752736926078796,-0.04565717279911041,0.00683720363304019,0.39751943945884705,-0.03392590582370758,0.03703927621245384,0.3445262014865875,-0.0005435088532976806,0.05455317348241806,APPROVED
0.0,0.0,0.0,-0.006945517845451832,-0.3499729037284851,-0.012840835377573967,0.08437639474868774,-0.6155767440795898,-0.030409466475248337,0.2060379683971405,-0.8089171648025513,-0.045847900211811066,0.2824733853340149,-0.9577729105949402,-0.05366601422429085,0.3819383382797241,-0.5630281567573547,-0.014455726370215416,0.44933998584747314,-0.5937806367874146,-0.0039020299445837736,0.379621684551239,-0.5442240834236145,-0.0042961230501532555,0.3148508369922638,-0.500547468662262,-0.008894726634025574,0.4489164650440216,-0.3744519352912903,-0.01829577423632145,0.46530061960220337,-0.40279173851013184,0.02596072293817997,0.3962748944759369,-0.3704237937927246,0.033976584672927856,0.33667734265327454,-0.32411694526672363,0.021295838057994843,0.4643043875694275,-0.1817060112953186,-0.01898474618792534,0.46407777070999146,-0.2209867537021637,0.01679209992289543,0.3981299102306366,-0.1988886445760727,0.03460489585995674,0.333139032125473,-0.15752087533473969,0.0291929692029953,0.4580148458480835,-0.0033846322912722826,-0.020833756774663925,0.46127447485923767,-0.04840533435344696,0.009465617127716541,0.40211573243141174,-0.03751004859805107,0.04182993993163109,0.3490603566169739,-0.004078621976077557,0.060038890689611435,APPROVED
0.0,0.0,0.0,-0.004910280462354422,-0.3461172580718994,-0.016869040206074715,0.08628550916910172,-0.6074429750442505,-0.03847920149564743,0.20467892289161682,-0.8033151030540466,-0.05782114341855049,0.2852308750152588,-0.955883800983429,-0.0702095553278923,0.3865480422973633,-0.5551467537879944,-0.019479241222143173,0.43762722611427307,-0.5871732831001282,-0.014574741013348103,0.3656025528907776,-0.5393932461738586,-0.02133798599243164,0.30088719725608826,-0.4910191297531128,-0.03013329580426216,0.45130911469459534,-0.3659093379974365,-0.02339683659374714,0.437007337808609,-0.39282721281051636,0.016130099073052406,0.3672698438167572,-0.3586758077144623,0.018773933872580528,0.31356605887413025,-0.3075387179851532,0.001847373670898378,0.4615807831287384,-0.17193549871444702,-0.024455945938825607,0.43282607197761536,-0.21500805020332336,0.007109468337148428,0.3652542531490326,-0.19215306639671326,0.023767903447151184,0.3056262135505676,-0.14797824621200562,0.017949722707271576,0.44915494322776794,0.0034834048710763454,-0.027213502675294876,0.4362436830997467,-0.044296666979789734,-0.001376799657009542,0.3769342601299286,-0.03097706474363804,0.02977251447737217,0.3278375267982483,0.005003349389880896,0.04803916811943054,APPROVED
0.0,0.0,0.0,-0.001722591114230454,-0.35141757130622864,-0.011490553617477417,0.08521031588315964,-0.6141732931137085,-0.03217881917953491,0.20362043380737305,-0.8125147819519043,-0.05151916295289993,0.2894221246242523,-0.9550883173942566,-0.06356918811798096,0.38814395666122437,-0.5614485144615173,-0.013810639269649982,0.44279390573501587,-0.6078972816467285,-0.006329226307570934,0.37078914046287537,-0.5591793060302734,-0.00992554146796465,0.3043375611305237,-0.5048757791519165,-0.015688300132751465,0.45441049337387085,-0.37038150429725647,-0.017615152522921562,0.4452390968799591,-0.41555055975914,0.02489387057721615,0.37674495577812195,-0.3828006684780121,0.030363015830516815,0.32075104117393494,-0.32812029123306274,0.016140924766659737,0.46373507380485535,-0.17706696689128876,-0.0181921124458313,0.4381465017795563,-0.23252715170383453,0.01775585114955902,0.3716294765472412,-0.21063171327114105,0.03393099084496498,0.3102130591869354,-0.16357141733169556,0.02757204882800579,0.44936603307724,-0.0034808574710041285,-0.01993418298661709,0.4292742908000946,-0.06129802390933037,0.010509083047509193,0.3714001178741455,-0.04998961463570595,0.04079074040055275,0.3217874765396118,-0.012964574620127678,0.057925090193748474,APPROVED
0.0,0.0,0.0,-0.003710327437147498,-0.354123055934906,-0.014465888030827045,0.08785020560026169,-0.6160936951637268,-0.036285676062107086,0.20592902600765228,-0.8080801963806152,-0.0565200038254261,0.28727760910987854,-0.955262303352356,-0.07032515853643417,0.40127262473106384,-0.5593891739845276,-0.016164973378181458,0.439643919467926,-0.6136950850486755,-0.014698655344545841,0.36462312936782837,-0.5616865158081055,-0.026155643165111542,0.30075791478157043,-0.501552939414978,-0.037402212619781494,0.46687233448028564,-0.3665335476398468,-0.02096184715628624,0.4528796672821045,-0.42346662282943726,0.01643715612590313,0.38367289304733276,-0.3946525454521179,0.017466891556978226,0.3269670009613037,-0.33957406878471375,0.0009728724835440516,0.47375890612602234,-0.17214538156986237,-0.023093195632100105,0.4446469843387604,-0.2388419359922409,0.007733180187642574,0.37877461314201355,-0.21872952580451965,0.02147834189236164,0.31883612275123596,-0.17080456018447876,0.01459511835128069,0.45473209023475647,-0.00040591013384982944,-0.026793869212269783,0.4286179542541504,-0.06454302370548248,-0.0002991545479744673,0.3711342215538025,-0.054779116064310074,0.029220743104815483,0.3215893805027008,-0.01830257661640644,0.046687446534633636,APPROVED
0.0,0.0,0.0,-0.007131543941795826,-0.3649207055568695,-0.01701524667441845,0.08334305882453918,-0.6411806344985962,-0.03946368396282196,0.21154077351093292,-0.8259549140930176,-0.05906526744365692,0.30926525592803955,-0.9483277201652527,-0.0709182396531105,0.42470481991767883,-0.578728199005127,-0.024535972625017166,0.4569891095161438,-0.6286696195602417,-0.025582384318113327,0.37820571660995483,-0.5775496959686279,-0.0377558171749115,0.30868735909461975,-0.5165095925331116,-0.04920319467782974,0.4917309880256653,-0.37618398666381836,-0.03077487275004387,0.46958184242248535,-0.42126888036727905,0.005187519825994968,0.3965349495410919,-0.3900783360004425,0.005632360000163317,0.3365764319896698,-0.33690863847732544,-0.011960674077272415,0.50096595287323,-0.17051257193088531,-0.03426194563508034,0.47306859493255615,-0.22922588884830475,-0.006654696073383093,0.40410077571868896,-0.20879319310188293,0.008912289515137672,0.33889347314834595,-0.16477933526039124,0.003173705656081438,0.481663316488266,0.013616957701742649,-0.03967971354722977,0.4564284086227417,-0.04666230082511902,-0.01790744438767433,0.39323994517326355,-0.03677112236618996,0.012971471063792706,0.337716281414032,-0.003862968413159251,0.03248223289847374,APPROVED
0.0,0.0,0.0,-0.01547070313245058,-0.37043991684913635,-0.0174485445022583,0.07837221026420593,-0.6430007815361023,-0.03695983812212944,0.20985062420368195,-0.8282577991485596,-0.05235229805111885,0.3030819594860077,-0.9510721564292908,-0.06002581864595413,0.43538013100624084,-0.5922017097473145,-0.019843533635139465,0.46201205253601074,-0.6322340369224548,-0.01077762059867382,0.38101646304130554,-0.5756537318229675,-0.01633959636092186,0.31113573908805847,-0.5119648575782776,-0.024849219247698784,0.5107361078262329,-0.3836037516593933,-0.02284601889550686,0.49020814895629883,-0.4301120638847351,0.02262997068464756,0.41341641545295715,-0.3999539613723755,0.026819903403520584,0.3492128252983093,-0.3444727063179016,0.010216730646789074,0.5241914987564087,-0.17250308394432068,-0.022635281085968018,0.5052655935287476,-0.2342831939458847,0.014610548503696918,0.435524582862854,-0.21196600794792175,0.030809013172984123,0.36625704169273376,-0.16541878879070282,0.022297095507383347,0.5059404373168945,0.01863381266593933,-0.024814913049340248,0.4762430489063263,-0.03773917630314827,0.0028362495359033346,0.4097267985343933,-0.02580714225769043,0.03168388828635216,0.3503793179988861,0.007798944599926472,0.04783216118812561,APPROVED
0.0,0.0,0.0,-0.010543198324739933,-0.36836373805999756,-0.02022968977689743,0.08349882811307907,-0.6422804594039917,-0.04292517900466919,0.21289770305156708,-0.8281656503677368,-0.06111690029501915,0.30295082926750183,-0.9503159523010254,-0.07155636698007584,0.43432822823524475,-0.5986366271972656,-0.02736922726035118,0.45633241534233093,-0.607907772064209,-0.017567770555615425,0.37712588906288147,-0.5514523983001709,-0.022848915308713913,0.3119659125804901,-0.5016566514968872,-0.033210575580596924,0.5043327212333679,-0.3918773829936981,-0.03137937933206558,0.4830731451511383,-0.40721485018730164,0.012541193515062332,0.4094763696193695,-0.37178874015808105,0.015663517639040947,0.3455735445022583,-0.32377687096595764,-0.00233454629778862,0.5167542695999146,-0.18001660704612732,-0.03145968168973923,0.4875945448875427,-0.21487952768802643,0.005141990724951029,0.4162933826446533,-0.18895511329174042,0.023030420765280724,0.34498488903045654,-0.14725300669670105,0.015619831159710884,0.49917876720428467,0.01256808266043663,-0.03449326381087303,0.4731330871582031,-0.022165076807141304,-0.00625582505017519,0.406543493270874,-0.009194258600473404,0.025098789483308792,0.3464207947254181,0.020413991063833237,0.04281402751803398,APPROVED
0.0,0.0,0.0,-0.007931097410619259,-0.3612429201602936,-0.026162391528487206,0.07898321747779846,-0.6248777508735657,-0.051956601440906525,0.20047612488269806,-0.8198951482772827,-0.07175759226083755,0.30046916007995605,-0.950098991394043,-0.08384592831134796,0.427826851606369,-0.5541201829910278,-0.02774783782660961,0.44040408730506897,-0.6177935600280762,-0.018726356327533722,0.35239410400390625,-0.5658993721008301,-0.02266165241599083,0.28750696778297424,-0.4956159293651581,-0.029447216540575027,0.499834805727005,-0.34833458065986633,-0.020390382036566734,0.48460379242897034,-0.44731205701828003,0.015341011807322502,0.40518856048583984,-0.42780882120132446,0.019132442772388458,0.3421262204647064,-0.3593496084213257,0.005210956558585167,0.5121480226516724,-0.15152351558208466,-0.00927697028964758,0.5088157653808594,-0.2586996853351593,0.02182401902973652,0.4383693337440491,-0.2532890737056732,0.03890246897935867,0.36790937185287476,-0.2000613510608673,0.033988118171691895,0.4979100227355957,0.021578187122941017,-4.797001020051539e-05,0.4754432737827301,-0.07331440597772598,0.024446068331599236,0.4091935455799103,-0.07090196013450623,0.05217158794403076,0.35217714309692383,-0.028708312660455704,0.06873127818107605,APPROVED
0.0,0.0,0.0,-0.002360032871365547,-0.3535561263561249,-0.03527381643652916,0.08669829368591309,-0.6086929440498352,-0.0654982477426529,0.2061125785112381,-0.8041962385177612,-0.08849222213029861,0.3021443784236908,-0.9476081132888794,-0.10366988182067871,0.414436012506485,-0.5445639491081238,-0.03086172044277191,0.4169454276561737,-0.5824872255325317,-0.023662352934479713,0.3412874639034271,-0.5311605334281921,-0.030331803485751152,0.2837942838668823,-0.46877166628837585,-0.04066406935453415,0.4899146258831024,-0.3477763533592224,-0.021603966131806374,0.4708007574081421,-0.4230487048625946,0.012029426172375679,0.39932218194007874,-0.40300220251083374,0.011853075586259365,0.3393712043762207,-0.34496814012527466,-0.005803774110972881,0.5070835947990417,-0.1591416895389557,-0.009726925753057003,0.4990360736846924,-0.24843120574951172,0.016947511583566666,0.43430447578430176,-0.23752976953983307,0.03092990070581436,0.3654017746448517,-0.190878763794899,0.02433958277106285,0.49603497982025146,0.009219220839440823,-0.0007753327954560518,0.47566255927085876,-0.06878303736448288,0.019292548298835754,0.4169198274612427,-0.06321673095226288,0.04449082911014557,0.3597234785556793,-0.02693084254860878,0.05964941158890724,APPROVED
0.0,0.0,0.0,0.003699918044731021,-0.35070595145225525,-0.0376538410782814,0.09385761618614197,-0.6219094395637512,-0.06342612951993942,0.21596360206604004,-0.8218727111816406,-0.08042411506175995,0.32272371649742126,-0.9424784183502197,-0.08708468079566956,0.4348626434803009,-0.5669030547142029,-0.03193676844239235,0.44955986738204956,-0.542275607585907,-0.015475504100322723,0.37681666016578674,-0.49211156368255615,-0.012182761915028095,0.315717488527298,-0.45758816599845886,-0.017565114423632622,0.5059033632278442,-0.3635959327220917,-0.02285417914390564,0.49100571870803833,-0.3740272521972656,0.019925901666283607,0.4206879734992981,-0.35366612672805786,0.026045793667435646,0.3525431156158447,-0.3182827830314636,0.010799895972013474,0.5205639600753784,-0.16646572947502136,-0.011715130880475044,0.502873420715332,-0.2010105550289154,0.020893393084406853,0.43914908170700073,-0.18626055121421814,0.03666062653064728,0.3674359917640686,-0.15603011846542358,0.029631003737449646,0.5075640678405762,0.011967488564550877,-0.004415520932525396,0.4828352928161621,-0.025960255414247513,0.01837131939828396,0.42503172159194946,-0.022906877100467682,0.042657822370529175,0.36663249135017395,-0.0033490550704300404,0.05614212527871132,APPROVED
0.0,0.0,0.0,-0.00028483831556513906,-0.3497825860977173,-0.037341564893722534,0.08919961005449295,-0.6213169097900391,-0.0644262284040451,0.21005912125110626,-0.8197053670883179,-0.08252661675214767,0.3163536489009857,-0.9443463683128357,-0.09016785770654678,0.43527984619140625,-0.5655057430267334,-0.03353625163435936,0.4453109800815582,-0.5512593388557434,-0.018311643972992897,0.37115785479545593,-0.49951550364494324,-0.017670610919594765,0.30923697352409363,-0.4599606394767761,-0.024832364171743393,0.5063266158103943,-0.36331701278686523,-0.024663669988512993,0.48768267035484314,-0.3817221224308014,0.018574727699160576,0.4205241799354553,-0.36182382702827454,0.02338295802474022,0.3545244634151459,-0.3234432637691498,0.00683607766404748,0.5197550654411316,-0.16675986349582672,-0.013356160372495651,0.5022998452186584,-0.2100173979997635,0.020458940416574478,0.44171634316444397,-0.19704902172088623,0.035393767058849335,0.3712543845176697,-0.16394756734371185,0.027348462492227554,0.5041897296905518,0.00838547758758068,-0.00588816637173295,0.4776005446910858,-0.03460616245865822,0.01651805453002453,0.42433714866638184,-0.02901877649128437,0.04027123004198074,0.3687666058540344,-0.0052576689049601555,0.05379905179142952,APPROVED
0.0,0.0,0.0,-0.005215039476752281,-0.36712437868118286,-0.03613860905170441,0.08523377776145935,-0.6491596102714539,-0.0631919801235199,0.21264655888080597,-0.8352237343788147,-0.08121659606695175,0.31635454297065735,-0.9443612694740295,-0.09000855684280396,0.44965142011642456,-0.5936315059661865,-0.04997606202960014,0.4134678840637207,-0.5881946682929993,-0.04509179666638374,0.33442533016204834,-0.5164357423782349,-0.05132443830370903,0.2769361436367035,-0.4649330675601959,-0.0621645450592041,0.520716667175293,-0.3808923363685608,-0.04589337483048439,0.45376476645469666,-0.39226973056793213,-0.011841538362205029,0.38110706210136414,-0.3532503843307495,-0.010806356556713581,0.3186196982860565,-0.30787330865859985,-0.028865206986665726,0.5295005440711975,-0.17025211453437805,-0.03856738656759262,0.4574003219604492,-0.19933919608592987,-0.013557890430092812,0.39163967967033386,-0.18037506937980652,-0.00276296422816813,0.3278540372848511,-0.14950132369995117,-0.012559659779071808,0.5060141682624817,0.019553864374756813,-0.03509467840194702,0.4396889805793762,-0.004104618914425373,-0.018708987161517143,0.376936674118042,-0.0033866523299366236,0.0022573070600628853,0.3239382207393646,0.009362085722386837,0.014359178952872753,APPROVED
0.0,0.0,0.0,-0.008665059693157673,-0.3558697998523712,-0.03883860260248184,0.07406223565340042,-0.6376020312309265,-0.06979088485240936,0.19475117325782776,-0.8248787522315979,-0.09280814975500107,0.30225512385368347,-0.9472864270210266,-0.10625574737787247,0.4325033724308014,-0.5928199887275696,-0.04840943217277527,0.39790552854537964,-0.5825313925743103,-0.06109694391489029,0.32293447852134705,-0.510736346244812,-0.08018489927053452,0.2690342962741852,-0.4600764214992523,-0.09791628271341324,0.5107144713401794,-0.394944965839386,-0.05008283630013466,0.45007848739624023,-0.3808499872684479,-0.034684229642152786,0.3738400936126709,-0.33783337473869324,-0.042935460805892944,0.31213846802711487,-0.30211934447288513,-0.0633501410484314,0.5299720764160156,-0.19306513667106628,-0.05059918761253357,0.456520140171051,-0.19278614223003387,-0.042038287967443466,0.3864160180091858,-0.16755306720733643,-0.03214768320322037,0.32603737711906433,-0.14589233696460724,-0.03794652596116066,0.5134528875350952,-0.007841718383133411,-0.05555278807878494,0.4457387924194336,-0.013734941370785236,-0.05054163187742233,0.380392849445343,-0.010136968456208706,-0.028980880975723267,0.3272678852081299,-0.007919732481241226,-0.013232112862169743,APPROVED
0.0,0.0,0.0,-0.014751492999494076,-0.3670135736465454,-0.030289435759186745,0.061560362577438354,-0.6528069376945496,-0.058070432394742966,0.18072868883609772,-0.840354859828949,-0.07884158194065094,0.28871774673461914,-0.9530270099639893,-0.0915505662560463,0.43320879340171814,-0.5911480188369751,-0.04243990778923035,0.4013684391975403,-0.6292114853858948,-0.03898202255368233,0.32588618993759155,-0.555571436882019,-0.04776177927851677,0.2743256390094757,-0.48157763481140137,-0.059258803725242615,0.511864960193634,-0.39111587405204773,-0.04247384890913963,0.4504709541797638,-0.43321630358695984,-0.011314510367810726,0.3746870160102844,-0.3874931335449219,-0.01348569430410862,0.31469711661338806,-0.32580292224884033,-0.03214888274669647,0.5305283665657043,-0.18768002092838287,-0.03890253230929375,0.4735848009586334,-0.24356606602668762,-0.01827983558177948,0.4059939682483673,-0.2135571539402008,-0.007884800434112549,0.34466639161109924,-0.16432873904705048,-0.015411433763802052,0.5185149312019348,-0.003243180923163891,-0.0380396768450737,0.4746731221675873,-0.06002691760659218,-0.024757539853453636,0.4095885455608368,-0.04999137669801712,0.0004002390487585217,0.35554802417755127,-0.018210256472229958,0.01778905838727951,APPROVED
0.0,0.0,0.0,-0.010410484857857227,-0.3698970675468445,-0.024873407557606697,0.07293141633272171,-0.6490686535835266,-0.046685703098773956,0.17995235323905945,-0.8312839269638062,-0.062492337077856064,0.25803983211517334,-0.9634615182876587,-0.07181531935930252,0.44151103496551514,-0.589969277381897,-0.0317746140062809,0.38641852140426636,-0.620407223701477,-0.029295213520526886,0.3076804578304291,-0.5470864176750183,-0.04329535737633705,0.25966569781303406,-0.4759107530117035,-0.05782763287425041,0.5139302015304565,-0.38938525319099426,-0.033823028206825256,0.434644490480423,-0.4372680187225342,-0.00252846023067832,0.3607352375984192,-0.39122724533081055,-0.006845121271908283,0.3060574233531952,-0.32762566208839417,-0.026515549048781395,0.5279666781425476,-0.18789885938167572,-0.0323130264878273,0.4555613398551941,-0.25275588035583496,-0.011192843317985535,0.38843002915382385,-0.22154049575328827,-0.0032060930971056223,0.33227992057800293,-0.16820743680000305,-0.011781766079366207,0.5136988162994385,-0.0072629922069609165,-0.03342447057366371,0.45885103940963745,-0.07268056273460388,-0.018124740570783615,0.39175018668174744,-0.061163634061813354,0.007776588201522827,0.3402788043022156,-0.024366894736886024,0.02571839652955532,APPROVED
0.0,0.0,0.0,-0.012921609915792942,-0.3617340326309204,-0.032357245683670044,0.08028621971607208,-0.6367946863174438,-0.05189013108611107,0.2036365419626236,-0.8192876577377319,-0.0634501725435257,0.27992287278175354,-0.9575889110565186,-0.06831279397010803,0.42503488063812256,-0.5766953229904175,-0.025244953110814095,0.37763655185699463,-0.5823199152946472,-0.019504524767398834,0.3008095324039459,-0.5140637159347534,-0.032170649617910385,0.2539416253566742,-0.4606057405471802,-0.04740428179502487,0.5006206035614014,-0.3830057382583618,-0.021411998197436333,0.42163902521133423,-0.4071897864341736,0.011836308985948563,0.3491065800189972,-0.36118730902671814,0.005634416826069355,0.299496054649353,-0.3094814419746399,-0.016099750995635986,0.5182804465293884,-0.18915177881717682,-0.015211528167128563,0.4506914019584656,-0.23336261510849,0.005720909219235182,0.38747596740722656,-0.20240247249603271,0.010930449701845646,0.3348490595817566,-0.15879778563976288,0.00030596248689107597,0.5093044638633728,-0.014631827361881733,-0.012144392356276512,0.4563072621822357,-0.0672122910618782,0.00284893368370831,0.3904944062232971,-0.05270441621541977,0.026513025164604187,0.33865028619766235,-0.02061217464506626,0.04229600727558136,APPROVED
0.0,0.0,0.0,-0.017385343089699745,-0.36625581979751587,-0.03214060142636299,0.07569653540849686,-0.6407912373542786,-0.05234082043170929,0.19815441966056824,-0.816167414188385,-0.06664957851171494,0.2807873487472534,-0.956908106803894,-0.07406347990036011,0.4301004409790039,-0.5820356011390686,-0.019332200288772583,0.3919471502304077,-0.578743040561676,-0.025337643921375275,0.3130699396133423,-0.5144034624099731,-0.04811575263738632,0.2595556080341339,-0.4663557708263397,-0.0691433995962143,0.5079507231712341,-0.38871052861213684,-0.021205797791481018,0.4489074945449829,-0.40122413635253906,-0.0009171352139674127,0.37322720885276794,-0.35876601934432983,-0.014682985842227936,0.3128531575202942,-0.3147788345813751,-0.038300663232803345,0.5278794765472412,-0.19277192652225494,-0.02227683551609516,0.46502408385276794,-0.22454939782619476,-0.01057728286832571,0.39557498693466187,-0.19425228238105774,-0.005842097103595734,0.3347930610179901,-0.15898844599723816,-0.013926379382610321,0.5151538252830505,-0.014420107007026672,-0.027338458225131035,0.4600309729576111,-0.046360913664102554,-0.018837574869394302,0.396154522895813,-0.03243102878332138,0.003608210477977991,0.34349700808525085,-0.011068650521337986,0.020557276904582977,APPROVED
0.0,0.0,0.0,-0.010851271450519562,-0.36173301935195923,-0.0265054889023304,0.09750115871429443,-0.6372392177581787,-0.036657653748989105,0.23220397531986237,-0.8121692538261414,-0.040734488517045975,0.3168424665927887,-0.9476467370986938,-0.03970428928732872,0.4214772880077362,-0.5724252462387085,-0.005460343323647976,0.3635735809803009,-0.5739807486534119,-0.004218184854835272,0.28843510150909424,-0.5092940330505371,-0.02420331910252571,0.24545788764953613,-0.46218958497047424,-0.04376382380723953,0.4960108995437622,-0.3858574330806732,-0.003787657944485545,0.416068434715271,-0.40526995062828064,0.029833314940333366,0.3458101749420166,-0.36449652910232544,0.0212785005569458,0.298486590385437,-0.3191258907318115,-0.0018821614794433117,0.5119777321815491,-0.19695810973644257,-0.001417909748852253,0.44134828448295593,-0.2342899590730667,0.01796879991889,0.37936708331108093,-0.20892691612243652,0.020706212148070335,0.3307132124900818,-0.16998548805713654,0.008954685181379318,0.5021021366119385,-0.02719024196267128,-0.0020196326076984406,0.4441293776035309,-0.07867994904518127,0.012456024996936321,0.3792233169078827,-0.06487784534692764,0.03513485938310623,0.3302657902240753,-0.03341963514685631,0.04998823255300522,APPROVED
0.0,0.0,0.0,-0.023961998522281647,-0.381242036819458,-0.03172089904546738,0.07557427138090134,-0.6708343029022217,-0.04830097779631615,0.20870745182037354,-0.836054265499115,-0.05833011493086815,0.29605433344841003,-0.953109860420227,-0.06271601468324661,0.44635432958602905,-0.5910648107528687,-0.01967848651111126,0.3681139349937439,-0.6411824226379395,-0.02339754067361355,0.285346657037735,-0.5702663660049438,-0.046306174248456955,0.24496448040008545,-0.4937145411968231,-0.06723257154226303,0.5194675326347351,-0.391147643327713,-0.017671475186944008,0.4222145676612854,-0.46458303928375244,0.008718130178749561,0.34760674834251404,-0.4214598536491394,7.712390652159229e-05,0.3016119599342346,-0.34841716289520264,-0.022132152691483498,0.5302388072013855,-0.19574648141860962,-0.014933622442185879,0.447440505027771,-0.28242141008377075,-0.0012460026191547513,0.3821789026260376,-0.2541787028312683,0.003176134079694748,0.33445507287979126,-0.19221331179141998,-0.006363600958138704,0.513300359249115,-0.022644197568297386,-0.015681009739637375,0.4421674609184265,-0.1081448644399643,-0.006362376268953085,0.37683627009391785,-0.09237030148506165,0.01587788201868534,0.3313516080379486,-0.045393336564302444,0.03188731521368027,APPROVED
0.0,0.0,0.0,-0.0161215178668499,-0.3676297664642334,-0.036850206553936005,0.0753794014453888,-0.6518561244010925,-0.055557865649461746,0.20123359560966492,-0.8291803598403931,-0.06604823470115662,0.29892656207084656,-0.9517213702201843,-0.06978123635053635,0.425518661737442,-0.571001410484314,-0.019331883639097214,0.3559195101261139,-0.6078992486000061,-0.01736963540315628,0.276747465133667,-0.5352666974067688,-0.03551999107003212,0.23663976788520813,-0.46522724628448486,-0.05401107668876648,0.49536338448524475,-0.3813997507095337,-0.012303095310926437,0.40774479508399963,-0.43417155742645264,0.017958853393793106,0.33734649419784546,-0.39172589778900146,0.008428315632045269,0.2904956042766571,-0.3284754753112793,-0.015039964579045773,0.5065267086029053,-0.19408459961414337,-0.004427902400493622,0.4246551990509033,-0.2625923752784729,0.012652511708438396,0.3608594238758087,-0.23401199281215668,0.014875460416078568,0.3103361129760742,-0.1793832778930664,0.0035314559936523438,0.4919898808002472,-0.028002522885799408,-0.00015393088688142598,0.42572614550590515,-0.10153590887784958,0.010401767678558826,0.3623710870742798,-0.08650913834571838,0.030452823266386986,0.31484973430633545,-0.044248029589653015,0.04467790573835373,APPROVED
0.0,0.0,0.0,-0.01335552055388689,-0.3661721646785736,-0.042306654155254364,0.07667243480682373,-0.6453616619110107,-0.0672387108206749,0.1983906328678131,-0.8236134648323059,-0.08344443887472153,0.29968956112861633,-0.9495700001716614,-0.09221174567937851,0.41391947865486145,-0.5640041828155518,-0.03292291983962059,0.3381527066230774,-0.5985017418861389,-0.04010798782110214,0.2602972388267517,-0.5278330445289612,-0.06239296868443489,0.21744313836097717,-0.45985478162765503,-0.08223564922809601,0.4822077453136444,-0.37192967534065247,-0.027511361986398697,0.3949165940284729,-0.42620494961738586,-0.007167908828705549,0.3288145363330841,-0.3889577090740204,-0.019518066197633743,0.28424644470214844,-0.3269740343093872,-0.043431058526039124,0.4922676086425781,-0.1842518001794815,-0.021209903061389923,0.4137611985206604,-0.25660622119903564,-0.011364772915840149,0.3519495129585266,-0.23232392966747284,-0.007017476484179497,0.30489322543144226,-0.18022921681404114,-0.015603783540427685,0.47193583846092224,-0.020593008026480675,-0.019055437296628952,0.41054782271385193,-0.09214473515748978,-0.014696582220494747,0.35183390974998474,-0.0777975544333458,0.00680704927071929,0.3082581162452698,-0.03692873567342758,0.023327117785811424,APPROVED
0.0,0.0,0.0,-0.00865674763917923,-0.36168453097343445,-0.030614864081144333,0.08700843900442123,-0.6382784843444824,-0.04752744734287262,0.21077366173267365,-0.8199477195739746,-0.059014879167079926,0.30776867270469666,-0.9493036270141602,-0.06404004991054535,0.4158911108970642,-0.5733591318130493,-0.009027045220136642,0.3533768951892853,-0.5770272016525269,-0.01084194052964449,0.2762952744960785,-0.5113285779953003,-0.034652020782232285,0.23250998556613922,-0.45553261041641235,-0.05762382224202156,0.48426294326782227,-0.3883189260959625,-0.007806375622749329,0.4000824987888336,-0.4059412181377411,0.02395780198276043,0.33293911814689636,-0.3656758964061737,0.013973691500723362,0.28792279958724976,-0.3150520622730255,-0.012383842840790749,0.4953823983669281,-0.2005322426557541,-0.006830861791968346,0.41961485147476196,-0.2374626100063324,0.011526457965373993,0.35777750611305237,-0.211067795753479,0.01657925173640251,0.30702516436576843,-0.16979676485061646,0.005017274525016546,0.4806015193462372,-0.028986498713493347,-0.009594893082976341,0.4236059784889221,-0.0756293460726738,0.004810372367501259,0.36237284541130066,-0.06581659615039825,0.027860086411237717,0.3145838975906372,-0.03868992254137993,0.0417984314262867,APPROVED
0.0,0.0,0.0,-0.017436914145946503,-0.3542264997959137,-0.049201276153326035,0.07672445476055145,-0.6279489994049072,-0.07209445536136627,0.20838981866836548,-0.8102477788925171,-0.08598250895738602,0.31405580043792725,-0.9449054598808289,-0.09231705963611603,0.413906455039978,-0.557092010974884,-0.02548905834555626,0.3391806185245514,-0.5657973885536194,-0.03667695075273514,0.25943076610565186,-0.4975043833255768,-0.06381674110889435,0.2187260538339615,-0.44037824869155884,-0.08750185370445251,0.48649704456329346,-0.3729422986507416,-0.017913026735186577,0.38975241780281067,-0.39564990997314453,0.0018751755123957992,0.31988996267318726,-0.3504314124584198,-0.011844797991216183,0.2755213677883148,-0.2977401316165924,-0.037596385926008224,0.49910300970077515,-0.18614725768566132,-0.012509752064943314,0.4111139178276062,-0.2250395268201828,-0.007340813986957073,0.34838932752609253,-0.19626252353191376,-0.005302432458847761,0.30111730098724365,-0.15443158149719238,-0.015194104053080082,0.48262131214141846,-0.01603826880455017,-0.012094921432435513,0.4125099778175354,-0.06146258860826492,-0.011110513471066952,0.35080891847610474,-0.04641757905483246,0.006262181326746941,0.30553463101387024,-0.01847146824002266,0.01938074640929699,APPROVED
0.0,0.0,0.0,-0.01154446043074131,-0.35985875129699707,-0.047255247831344604,0.08611547946929932,-0.6355022192001343,-0.06844046711921692,0.21575860679149628,-0.8158259987831116,-0.0810527354478836,0.3222932815551758,-0.9427992105484009,-0.08518614619970322,0.42053693532943726,-0.5595241785049438,-0.01830741949379444,0.34189772605895996,-0.5677581429481506,-0.031424377113580704,0.2636985182762146,-0.5047416687011719,-0.05962953716516495,0.22360406816005707,-0.45440468192100525,-0.08352018892765045,0.4900602698326111,-0.3756824731826782,-0.01277643721550703,0.3926407992839813,-0.3971523940563202,0.002030040370300412,0.322549432516098,-0.35485824942588806,-0.01321739424020052,0.2792092561721802,-0.3088981509208679,-0.03812086209654808,0.5019692182540894,-0.1901911050081253,-0.009895091876387596,0.4180804491043091,-0.22772352397441864,-0.009103275835514069,0.3539735674858093,-0.20090751349925995,-0.0060111465863883495,0.3083266615867615,-0.1652139574289322,-0.01313220988959074,0.4830404818058014,-0.02061806619167328,-0.0119688231498003,0.421489417552948,-0.0608249232172966,-0.013491430319845676,0.35891205072402954,-0.04742206633090973,0.005361569579690695,0.3148086369037628,-0.02478792890906334,0.02098458632826805,APPROVED
0.0,0.0,0.0,-0.003043044824153185,-0.363241046667099,-0.046109650284051895,0.09460093080997467,-0.631576418876648,-0.07185181230306625,0.216970294713974,-0.8123866319656372,-0.08927346020936966,0.31822627782821655,-0.9428964853286743,-0.0983777716755867,0.42486676573753357,-0.5535872578620911,-0.02631733939051628,0.3546037971973419,-0.5680347084999084,-0.04150215908885002,0.27622830867767334,-0.5033635497093201,-0.06994344294071198,0.23052731156349182,-0.4512311518192291,-0.09330980479717255,0.4940067529678345,-0.36656174063682556,-0.021093154326081276,0.4076244831085205,-0.39831849932670593,-0.009186905808746815,0.33836936950683594,-0.35791143774986267,-0.02472531422972679,0.29179954528808594,-0.30925989151000977,-0.04912541061639786,0.5051580667495728,-0.18010199069976807,-0.017305247485637665,0.4286987781524658,-0.2288532853126526,-0.015506191179156303,0.3649362027645111,-0.205032616853714,-0.010858443565666676,0.3150392770767212,-0.16757826507091522,-0.0169395599514246,0.48323822021484375,-0.01296775322407484,-0.018298931419849396,0.4271877110004425,-0.05984191969037056,-0.018113400787115097,0.369125097990036,-0.04659971967339516,0.002234303392469883,0.32619208097457886,-0.021589642390608788,0.018999889492988586,APPROVED
0.0,0.0,0.0,-0.014989475719630718,-0.35405856370925903,-0.04903449863195419,0.0853373110294342,-0.6256078481674194,-0.07022260874509811,0.21828921139240265,-0.8070010542869568,-0.08195921033620834,0.3227778971195221,-0.9425309896469116,-0.0863121971487999,0.4122054874897003,-0.5474900603294373,-0.016525262966752052,0.31122931838035583,-0.5603509545326233,-0.014105076901614666,0.23048512637615204,-0.49662747979164124,-0.031871769577264786,0.19221992790699005,-0.44128531217575073,-0.05043666064739227,0.48054513335227966,-0.3613821268081665,-0.004435376264154911,0.37096405029296875,-0.3936804533004761,0.028089813888072968,0.30402636528015137,-0.357869416475296,0.020338604226708412,0.26528140902519226,-0.3055051565170288,-0.0035753860138356686,0.4861048758029938,-0.17929406464099884,0.006010864861309528,0.39804479479789734,-0.23392413556575775,0.020557451993227005,0.33638429641723633,-0.20999674499034882,0.02256462536752224,0.2950506806373596,-0.1632688343524933,0.010605297051370144,0.465437114238739,-0.014682631939649582,0.011821573600172997,0.40241867303848267,-0.07328610122203827,0.020495926961302757,0.34144848585128784,-0.0614219531416893,0.03928866982460022,0.29859307408332825,-0.02695286273956299,0.051252055913209915,APPROVED
0.0,0.0,0.0,-0.014741040766239166,-0.35447296500205994,-0.056077584624290466,0.08359167724847794,-0.624760627746582,-0.08236013352870941,0.21089747548103333,-0.8052347898483276,-0.09829281270503998,0.3101081848144531,-0.9447190165519714,-0.10648433864116669,0.4032934606075287,-0.5421411395072937,-0.032779645174741745,0.3219970464706421,-0.5558971762657166,-0.04175358638167381,0.24648401141166687,-0.4994659423828125,-0.0640692487359047,0.206416055560112,-0.4534648656845093,-0.08474509418010712,0.47214245796203613,-0.35723161697387695,-0.022436460480093956,0.3822658658027649,-0.3892238438129425,-0.007022411096841097,0.31497645378112793,-0.3566240966320038,-0.019968893378973007,0.27317968010902405,-0.310115247964859,-0.043723054230213165,0.48190924525260925,-0.17535200715065002,-0.013914885930716991,0.4009181559085846,-0.22612760961055756,-0.011825270019471645,0.3376123607158661,-0.2074601799249649,-0.008528749458491802,0.2930266559123993,-0.17030476033687592,-0.01627461425960064,0.45912793278694153,-0.012703802436590195,-0.010705988854169846,0.4012081027030945,-0.06279513239860535,-0.012158776633441448,0.34561216831207275,-0.05115723982453346,0.0065452964045107365,0.3059687912464142,-0.023807184770703316,0.021251698955893517,APPROVED
0.0,0.0,0.0,-0.02015794813632965,-0.36114439368247986,-0.056990187615156174,0.07985668629407883,-0.6309432983398438,-0.08218103647232056,0.2105245739221573,-0.8078874349594116,-0.09702588617801666,0.30994680523872375,-0.9449997544288635,-0.10444353520870209,0.39702534675598145,-0.5337589979171753,-0.03519046679139137,0.3201970160007477,-0.5653154850006104,-0.046621277928352356,0.24092896282672882,-0.5071591734886169,-0.06953751295804977,0.20080605149269104,-0.4482836127281189,-0.08964350074529648,0.46551185846328735,-0.34717151522636414,-0.023488756269216537,0.37742891907691956,-0.4014686942100525,-0.008351970463991165,0.3100217580795288,-0.3727392256259918,-0.019690100103616714,0.27004754543304443,-0.3164241909980774,-0.042462434619665146,0.4737555682659149,-0.16526153683662415,-0.01406112965196371,0.4004833698272705,-0.23959043622016907,-0.014466019347310066,0.3386157751083374,-0.2187863290309906,-0.011399338953197002,0.2966513931751251,-0.16688944399356842,-0.019203079864382744,0.45381852984428406,-0.0028125073295086622,-0.009686008095741272,0.3941307067871094,-0.07467392832040787,-0.01433530542999506,0.3367975950241089,-0.0627424567937851,0.0027496484108269215,0.297920823097229,-0.02302190475165844,0.016567066311836243,APPROVED
0.0,0.0,0.0,-0.022730175405740738,-0.3545665144920349,-0.058386966586112976,0.07401295006275177,-0.6214823126792908,-0.08426306396722794,0.2048373967409134,-0.802631676197052,-0.10040780156850815,0.3038250803947449,-0.9464154839515686,-0.10949020087718964,0.3948952555656433,-0.528489351272583,-0.025680886581540108,0.3188144862651825,-0.5387755632400513,-0.03880625218153,0.2390834093093872,-0.48372742533683777,-0.06681697070598602,0.19667625427246094,-0.43364474177360535,-0.09037294238805771,0.46210572123527527,-0.3402599096298218,-0.013604240491986275,0.3718813359737396,-0.37332358956336975,0.0012281837407499552,0.304416686296463,-0.34343576431274414,-0.014122013933956623,0.26222994923591614,-0.29279252886772156,-0.03955426067113876,0.4697295129299164,-0.15794704854488373,-0.004881747532635927,0.3934829831123352,-0.21561869978904724,-0.005452803336083889,0.33196935057640076,-0.19481152296066284,-0.004926902707666159,0.2870573103427887,-0.15057659149169922,-0.01396424975246191,0.44966089725494385,0.006091192364692688,-0.0016220712568610907,0.38821691274642944,-0.051093172281980515,-0.006084055174142122,0.331504225730896,-0.038711268454790115,0.00957157090306282,0.29077664017677307,-0.005618465133011341,0.022454075515270233,APPROVED
0.0,0.0,0.0,-0.022477131336927414,-0.3542793393135071,-0.05583610385656357,0.07507845014333725,-0.6168346405029297,-0.08231207728385925,0.20709235966205597,-0.797762930393219,-0.09846898913383484,0.30575019121170044,-0.9460353851318359,-0.1073959693312645,0.38804736733436584,-0.5386561751365662,-0.03060106560587883,0.3159179091453552,-0.5338001847267151,-0.04368330165743828,0.23810195922851562,-0.47545820474624634,-0.06942553073167801,0.194227397441864,-0.428585022687912,-0.09079299867153168,0.456455260515213,-0.3509249985218048,-0.01911623403429985,0.3663583993911743,-0.3715820610523224,-0.0022696610540151596,0.29955393075942993,-0.34007352590560913,-0.015517376363277435,0.257697194814682,-0.2941150963306427,-0.039992135018110275,0.46567127108573914,-0.16952913999557495,-0.010145191103219986,0.3856774866580963,-0.21462289988994598,-0.0071480064652860165,0.3242132067680359,-0.19325417280197144,-0.004570808727294207,0.27943867444992065,-0.15386472642421722,-0.013005299493670464,0.44541671872138977,-0.008809830993413925,-0.006414197850972414,0.381503164768219,-0.056356124579906464,-0.0065169851295650005,0.3266214430332184,-0.04404587298631668,0.01074282918125391,0.28623107075691223,-0.016679473221302032,0.02405533567070961,APPROVED
0.0,0.0,0.0,-0.017889264971017838,-0.35681790113449097,-0.05833960697054863,0.0818786695599556,-0.61641526222229,-0.08682464063167572,0.2128429114818573,-0.7949647903442383,-0.10460538417100906,0.3098035156726837,-0.9437986612319946,-0.1151777058839798,0.39649343490600586,-0.5343080163002014,-0.03700200095772743,0.31784433126449585,-0.5368165969848633,-0.049877312034368515,0.2403096705675125,-0.4785365164279938,-0.07410245388746262,0.19908294081687927,-0.43110376596450806,-0.0951186940073967,0.4639602601528168,-0.34340041875839233,-0.025486325845122337,0.37149906158447266,-0.37071138620376587,-0.010560567490756512,0.304507851600647,-0.3378700315952301,-0.02359212003648281,0.2650529444217682,-0.289443701505661,-0.047900114208459854,0.47155386209487915,-0.15873323380947113,-0.016032619401812553,0.3887871503829956,-0.21063512563705444,-0.014897248707711697,0.32581380009651184,-0.1923845410346985,-0.011766879819333553,0.2824171185493469,-0.1530216485261917,-0.01991075836122036,0.4467897415161133,0.0032686360646039248,-0.01185064110904932,0.38089579343795776,-0.04814884066581726,-0.014555803500115871,0.32765841484069824,-0.03548407554626465,0.00233315653167665,0.29129037261009216,-0.0072235120460391045,0.015584487468004227,APPROVED
0.0,0.0,0.0,-0.017998266965150833,-0.35089749097824097,-0.05784976854920387,0.0816226452589035,-0.6170063614845276,-0.08554822206497192,0.21173979341983795,-0.7981863617897034,-0.1024756208062172,0.3166635036468506,-0.9419397115707397,-0.1116860955953598,0.3984453082084656,-0.5451125502586365,-0.03649034723639488,0.31508636474609375,-0.5376376509666443,-0.053498368710279465,0.2404256910085678,-0.4807254672050476,-0.08166185766458511,0.20158353447914124,-0.43577122688293457,-0.1053456962108612,0.46721598505973816,-0.35813695192337036,-0.026413368061184883,0.3706660866737366,-0.37211281061172485,-0.014311294071376324,0.30523303151130676,-0.34193918108940125,-0.028149958699941635,0.26500406861305237,-0.29979488253593445,-0.05286199599504471,0.47656869888305664,-0.17536629736423492,-0.01914042979478836,0.39206433296203613,-0.21174246072769165,-0.020976807922124863,0.3317250907421112,-0.1932646930217743,-0.01758062094449997,0.28983837366104126,-0.16008752584457397,-0.025043440982699394,0.4536300301551819,-0.011475387029349804,-0.01737632043659687,0.38579946756362915,-0.05208336189389229,-0.022797124460339546,0.3322215974330902,-0.04265313223004341,-0.006532714236527681,0.29441186785697937,-0.022631654515862465,0.006709010805934668,APPROVED
0.0,0.0,0.0,-0.030733760446310043,-0.354984313249588,-0.056524962186813354,0.07371877133846283,-0.6229921579360962,-0.08021187782287598,0.20859107375144958,-0.8028983473777771,-0.0933714509010315,0.31301888823509216,-0.9445421695709229,-0.09929309040307999,0.39493831992149353,-0.5500253438949585,-0.026195159181952477,0.3134358525276184,-0.5583305954933167,-0.0365779735147953,0.23585402965545654,-0.4994167983531952,-0.06191571056842804,0.19701577723026276,-0.4435091018676758,-0.08382204920053482,0.46441131830215454,-0.3584038317203522,-0.014063178561627865,0.3750450015068054,-0.3971494436264038,0.006350520066916943,0.3080654442310333,-0.36656928062438965,-0.004273204132914543,0.2695510685443878,-0.3115370571613312,-0.027227500453591347,0.47335565090179443,-0.1747731864452362,-0.00504112197086215,0.397269070148468,-0.23445332050323486,-0.0007787877693772316,0.33509719371795654,-0.2142929583787918,0.002395096467807889,0.2951470911502838,-0.1686045229434967,-0.0059052929282188416,0.4527975022792816,-0.013241821900010109,-0.0012884762836620212,0.38912689685821533,-0.07299875468015671,-0.0005260894540697336,0.3333371877670288,-0.061715420335531235,0.01743958704173565,0.296818345785141,-0.029386166483163834,0.030932730063796043,APPROVED
0.0,0.0,0.0,-0.02877052314579487,-0.3558112680912018,-0.06077399477362633,0.07645536214113235,-0.6196734309196472,-0.08505052328109741,0.21208295226097107,-0.7954070568084717,-0.09947575628757477,0.3089422285556793,-0.9450708627700806,-0.1067504733800888,0.390346884727478,-0.5258985161781311,-0.025623034685850143,0.30881112813949585,-0.5422446727752686,-0.04279570281505585,0.22900861501693726,-0.4808063507080078,-0.0738033652305603,0.19194678962230682,-0.4190085232257843,-0.09872336685657501,0.45612385869026184,-0.33594778180122375,-0.013151041232049465,0.3643912971019745,-0.37845778465270996,-0.0013196362415328622,0.2980296313762665,-0.344841867685318,-0.016314635053277016,0.2649150788784027,-0.28515228629112244,-0.0412149615585804,0.4627092778682709,-0.15580202639102936,-0.0051458184607326984,0.3910669684410095,-0.2204180806875229,-0.009063134901225567,0.3294770121574402,-0.19890491664409637,-0.006376630160957575,0.2918282449245453,-0.14986488223075867,-0.013148251920938492,0.4404173493385315,0.0018892502412199974,-0.0029452964663505554,0.3858853280544281,-0.06033623218536377,-0.007304059807211161,0.3306601643562317,-0.04864942654967308,0.010306766256690025,0.2951296865940094,-0.01220439188182354,0.024312978610396385,APPROVED
0.0,0.0,0.0,-0.030023818835616112,-0.3589772582054138,-0.05850117653608322,0.07481461763381958,-0.6216652393341064,-0.08355788886547089,0.20776543021202087,-0.7984140515327454,-0.09804495424032211,0.30217117071151733,-0.9473332762718201,-0.1060761883854866,0.3878931701183319,-0.5319148302078247,-0.03180237486958504,0.2961929440498352,-0.5349853038787842,-0.041863054037094116,0.22082898020744324,-0.4759419858455658,-0.06784356385469437,0.18428517878055573,-0.4229404926300049,-0.09087011218070984,0.4546542167663574,-0.34173595905303955,-0.019065160304307938,0.3547457754611969,-0.3702801465988159,0.000349709385773167,0.28928709030151367,-0.3392491340637207,-0.012626415118575096,0.25655776262283325,-0.28473415970802307,-0.03846859931945801,0.46065929532051086,-0.1583256870508194,-0.008719905279576778,0.37857720255851746,-0.21304413676261902,-0.004811408929526806,0.3171289265155792,-0.19623422622680664,-0.0030474707018584013,0.27870383858680725,-0.15219812095165253,-0.01311689242720604,0.43572998046875,0.0018862067954614758,-0.003955919295549393,0.3755851089954376,-0.05363904684782028,-0.003266385290771723,0.3221895694732666,-0.04306664690375328,0.01471034437417984,0.2849827706813812,-0.009921304881572723,0.027322418987751007,APPROVED
0.0,0.0,0.0,-0.01764952391386032,-0.35747912526130676,-0.052804894745349884,0.09031466394662857,-0.6230087280273438,-0.07396921515464783,0.22447364032268524,-0.7998812794685364,-0.08622042834758759,0.3222663998603821,-0.9422460198402405,-0.09119676798582077,0.40251636505126953,-0.5442201495170593,-0.021216921508312225,0.33341559767723083,-0.5277959704399109,-0.035501234233379364,0.25642886757850647,-0.47219473123550415,-0.06472158432006836,0.21657800674438477,-0.43182453513145447,-0.0894058346748352,0.46878814697265625,-0.35723236203193665,-0.012156350538134575,0.37930259108543396,-0.3605893850326538,0.004847587551921606,0.3127439618110657,-0.3296371102333069,-0.007659335620701313,0.2734330892562866,-0.28993719816207886,-0.031927112489938736,0.47608432173728943,-0.17351508140563965,-0.00682601984590292,0.3993856608867645,-0.20177051424980164,-0.006502119358628988,0.3403223156929016,-0.18278060853481293,-0.004222287330776453,0.2958109974861145,-0.1507636308670044,-0.012278365902602673,0.453967422246933,-0.008986139670014381,-0.006723747123032808,0.39084184169769287,-0.0451371967792511,-0.010102278552949429,0.33659854531288147,-0.034600675106048584,0.006135124713182449,0.29596856236457825,-0.012436708435416222,0.019351297989487648,APPROVED
0.0,0.0,0.0,-0.02500416897237301,-0.35330674052238464,-0.05629957839846611,0.08275390416383743,-0.6176162362098694,-0.07823680341243744,0.21868979930877686,-0.7943785190582275,-0.09091012924909592,0.31847596168518066,-0.9430081844329834,-0.09648094326257706,0.39520376920700073,-0.5322014689445496,-0.017485909163951874,0.31621411442756653,-0.5544772744178772,-0.02858090028166771,0.2362731546163559,-0.4944230616092682,-0.05428387224674225,0.1975381076335907,-0.4369681179523468,-0.07551214098930359,0.4582962691783905,-0.3423413336277008,-0.004834506195038557,0.36536285281181335,-0.38862183690071106,0.01357393991202116,0.2986002564430237,-0.3577156066894531,0.0011815591715276241,0.26267653703689575,-0.3030003309249878,-0.022077245637774467,0.46220648288726807,-0.16134047508239746,0.003840664168819785,0.38814547657966614,-0.2299397587776184,0.007527320645749569,0.328650563955307,-0.20967243611812592,0.009813918732106686,0.2904009222984314,-0.16185840964317322,0.0016147576970979571,0.43828749656677246,-0.0027621823828667402,0.007157943677157164,0.37844744324684143,-0.0722765251994133,0.008587313815951347,0.3240545690059662,-0.06128593534231186,0.026348814368247986,0.28796300292015076,-0.023991866037249565,0.039964281022548676,APPROVED
0.0,0.0,0.0,-0.027943575754761696,-0.3625471293926239,-0.05584494397044182,0.07958734035491943,-0.6304470896720886,-0.0762866958975792,0.21698488295078278,-0.8038895130157471,-0.08659697324037552,0.3207392990589142,-0.9429721832275391,-0.0890498012304306,0.4031525254249573,-0.5310046076774597,-0.01949060894548893,0.315494179725647,-0.5811691284179688,-0.023669492453336716,0.2337479442358017,-0.5252589583396912,-0.04319283738732338,0.19731011986732483,-0.4623326361179352,-0.06082155182957649,0.4671524465084076,-0.3381107747554779,-0.005477885715663433,0.3690630793571472,-0.41295126080513,0.017074402421712875,0.3011518120765686,-0.385542094707489,0.007302725687623024,0.2673946022987366,-0.32506871223449707,-0.014252674765884876,0.46928930282592773,-0.15577635169029236,0.005794514901936054,0.39358919858932495,-0.24594515562057495,0.01311543583869934,0.33478599786758423,-0.22932752966880798,0.01581520400941372,0.30000630021095276,-0.1771649271249771,0.007288879714906216,0.4409233033657074,0.0018098090076819062,0.011944019235670567,0.379612535238266,-0.07816712558269501,0.015846285969018936,0.3284369111061096,-0.0693645179271698,0.03394627198576927,0.2962125539779663,-0.029633700847625732,0.047625698149204254,APPROVED
0.0,0.0,0.0,-0.02584260329604149,-0.3576609194278717,-0.05767303705215454,0.08254474401473999,-0.6256652474403381,-0.07956189662218094,0.2207762748003006,-0.8011696934700012,-0.09022990614175797,0.3210461437702179,-0.9425145387649536,-0.09271356463432312,0.39868849515914917,-0.5349332094192505,-0.025231868028640747,0.31122031807899475,-0.5755760669708252,-0.027662349864840508,0.22872698307037354,-0.5153619050979614,-0.044105108827352524,0.19087785482406616,-0.4544311463832855,-0.0603252612054348,0.4647050201892853,-0.34767600893974304,-0.009629256092011929,0.36225464940071106,-0.4110208749771118,0.012421645224094391,0.2925666570663452,-0.37642163038253784,0.002628969494253397,0.26072007417678833,-0.31681162118911743,-0.019280225038528442,0.46977943181991577,-0.16816392540931702,0.0038265236653387547,0.38386091589927673,-0.25091996788978577,0.011777492240071297,0.32219022512435913,-0.22806639969348907,0.015099926851689816,0.28697189688682556,-0.17641498148441315,0.006270482670515776,0.44611856341362,-0.011395315639674664,0.011963613331317902,0.38307830691337585,-0.08905164152383804,0.016160229220986366,0.32856515049934387,-0.0764055848121643,0.03446532040834427,0.29471275210380554,-0.036780327558517456,0.04777742922306061,APPROVED
0.0,0.0,0.0,-0.027254462242126465,-0.3561806380748749,-0.05990377813577652,0.0765661969780922,-0.6226022243499756,-0.08327680826187134,0.21729478240013123,-0.7973188757896423,-0.09442488104104996,0.3206733763217926,-0.9421894550323486,-0.09719894826412201,0.38999059796333313,-0.5189335942268372,-0.03569519892334938,0.3001965582370758,-0.5540031790733337,-0.03919385001063347,0.2206687331199646,-0.4943043291568756,-0.05331848934292793,0.184664785861969,-0.4341045320034027,-0.06761762499809265,0.45461833477020264,-0.32999104261398315,-0.019775455817580223,0.356645405292511,-0.3939993977546692,0.0020653593819588423,0.29031088948249817,-0.36366039514541626,-0.00509294867515564,0.2586754858493805,-0.3050784170627594,-0.026559511199593544,0.4586908221244812,-0.1518377661705017,-0.005623143631964922,0.38174059987068176,-0.23595842719078064,-9.415844397153705e-05,0.32008954882621765,-0.21584349870681763,0.005719528999179602,0.2841518819332123,-0.16375774145126343,-0.0015952526591718197,0.4335905909538269,0.0030801130924373865,0.003493010066449642,0.381101131439209,-0.07549671083688736,0.004789708647876978,0.3273642361164093,-0.06354862451553345,0.02420625649392605,0.2936420738697052,-0.022374803200364113,0.03821584954857826,APPROVED
0.0,0.0,0.0,-0.026028569787740707,-0.3594995439052582,-0.05635813623666763,0.08290983736515045,-0.6227020621299744,-0.07814154773950577,0.2210913747549057,-0.8000137209892273,-0.08758900314569473,0.3212394416332245,-0.9427317976951599,-0.08978813141584396,0.3999754786491394,-0.5208745002746582,-0.029572276398539543,0.3027926981449127,-0.558081865310669,-0.02320200763642788,0.21943195164203644,-0.5043156147003174,-0.033749256283044815,0.18239346146583557,-0.4475274980068207,-0.047122981399297714,0.46186164021492004,-0.3326466381549835,-0.011984274722635746,0.3549938499927521,-0.39688608050346375,0.02068079449236393,0.2829783260822296,-0.36916789412498474,0.014614751562476158,0.25303658843040466,-0.3100876808166504,-0.008110396564006805,0.46197664737701416,-0.15398024022579193,0.005440977402031422,0.3749698996543884,-0.2423699051141739,0.021391302347183228,0.3112936317920685,-0.22743448615074158,0.024677468463778496,0.27618926763534546,-0.1755402386188507,0.01322849839925766,0.4329093098640442,-0.0016604175325483084,0.01827644184231758,0.379307359457016,-0.08411100506782532,0.027186645194888115,0.32621413469314575,-0.07495993375778198,0.04750468209385872,0.2907276153564453,-0.03303493931889534,0.06079705059528351,APPROVED
0.0,0.0,0.0,-0.033725250512361526,-0.3604258596897125,-0.06403718888759613,0.06963947415351868,-0.6247297525405884,-0.08869051188230515,0.20889775454998016,-0.7963790893554688,-0.10125495493412018,0.31004440784454346,-0.9447982907295227,-0.10596601665019989,0.38976675271987915,-0.5193987488746643,-0.03533564507961273,0.2993547320365906,-0.5553775429725647,-0.0399860180914402,0.21493427455425262,-0.5002084970474243,-0.057718031108379364,0.17584732174873352,-0.4366551339626312,-0.07506530731916428,0.4530629813671112,-0.3259335160255432,-0.019636331126093864,0.35411572456359863,-0.3937537372112274,0.0011586685432121158,0.2840796709060669,-0.3698282837867737,-0.009876400232315063,0.2517445981502533,-0.3072371780872345,-0.03403898701071739,0.4522970914840698,-0.14403823018074036,-0.006071788724511862,0.3751637041568756,-0.2332528680562973,-0.0031489827670156956,0.3112351894378662,-0.21690338850021362,0.00035212625516578555,0.27697715163230896,-0.16141380369663239,-0.00804667267948389,0.4223082661628723,0.013666429556906223,0.0020888724830001593,0.3702295124530792,-0.06533996015787125,-0.00012832372158300132,0.3182809352874756,-0.05510423332452774,0.018148183822631836,0.2864644229412079,-0.012343457899987698,0.03185050189495087,APPROVED
0.0,0.0,0.0,-0.03305362910032272,-0.36084437370300293,-0.06985428929328918,0.06488308310508728,-0.623894214630127,-0.0982680693268776,0.20071262121200562,-0.7951295375823975,-0.11375714838504791,0.30044978857040405,-0.9459439516067505,-0.12214729934930801,0.378306120634079,-0.4945661723613739,-0.048106636852025986,0.2745816111564636,-0.5558040738105774,-0.057370975613594055,0.19262395799160004,-0.496814489364624,-0.07852162420749664,0.1608089804649353,-0.4236968457698822,-0.09816709905862808,0.44275444746017456,-0.302624374628067,-0.029553620144724846,0.3381689488887787,-0.39515450596809387,-0.014912285842001438,0.27039167284965515,-0.3710358440876007,-0.02796338126063347,0.24521715939044952,-0.2973426878452301,-0.05394462123513222,0.4435117542743683,-0.12484985589981079,-0.01276003010571003,0.36910194158554077,-0.23540078103542328,-0.015001663938164711,0.3059055507183075,-0.22025594115257263,-0.010728809051215649,0.27560338377952576,-0.15270665287971497,-0.01816004514694214,0.4160086512565613,0.02721804566681385,-0.0017073387280106544,0.3714107275009155,-0.07099561393260956,-0.007732972968369722,0.31804358959198,-0.0639766976237297,0.010965208522975445,0.28632810711860657,-0.01039168145507574,0.025075562298297882,APPROVED
0.0,0.0,0.0,-0.030770882964134216,-0.35861173272132874,-0.06736519932746887,0.07182079553604126,-0.6165500283241272,-0.09431757777929306,0.2071632742881775,-0.7915489077568054,-0.10969752818346024,0.3085416853427887,-0.9437169432640076,-0.11916529387235641,0.3850104510784149,-0.4826570153236389,-0.032819900661706924,0.29411280155181885,-0.5512515306472778,-0.03709745779633522,0.2082856446504593,-0.49479198455810547,-0.05975485220551491,0.1708083301782608,-0.42114540934562683,-0.08092224597930908,0.4481090307235718,-0.29386797547340393,-0.012796271592378616,0.3550138771533966,-0.3907265365123749,0.006301223300397396,0.2839473783969879,-0.3705929219722748,-0.010209592059254646,0.25166454911231995,-0.2959781587123871,-0.038482047617435455,0.4469901919364929,-0.12059354037046432,0.005280179437249899,0.3771792948246002,-0.231624573469162,0.006995723582804203,0.31223005056381226,-0.22039750218391418,0.00642556045204401,0.2773416340351105,-0.1533772498369217,-0.004188537131994963,0.4205409288406372,0.025505321100354195,0.017954211682081223,0.3772793710231781,-0.07172971218824387,0.016462264582514763,0.32194769382476807,-0.0683475062251091,0.03363990783691406,0.2862773537635803,-0.016264047473669052,0.04596816748380661,APPROVED
0.0,0.0,0.0,-0.03692242503166199,-0.35995158553123474,-0.06160362809896469,0.06277908384799957,-0.6193805932998657,-0.08366015553474426,0.2005387544631958,-0.7975091934204102,-0.09458484500646591,0.2988210916519165,-0.9490934610366821,-0.09963776916265488,0.3842664062976837,-0.501336932182312,-0.01442741323262453,0.278501033782959,-0.5459079742431641,-0.006294856779277325,0.19492854177951813,-0.48634880781173706,-0.02539900504052639,0.16208483278751373,-0.41740620136260986,-0.046624619513750076,0.44908276200294495,-0.3190726935863495,0.006174566689878702,0.33922621607780457,-0.39321959018707275,0.03880734741687775,0.2734287977218628,-0.36930033564567566,0.022922515869140625,0.24453580379486084,-0.29829883575439453,-0.008207988925278187,0.4477839171886444,-0.14884114265441895,0.025190018117427826,0.36522984504699707,-0.24237453937530518,0.04067394137382507,0.30483683943748474,-0.2288151979446411,0.03885775804519653,0.2696402370929718,-0.16580402851104736,0.024020852521061897,0.42176303267478943,-0.0023404480889439583,0.03864742070436478,0.3708193600177765,-0.08867637813091278,0.04933688044548035,0.31774649024009705,-0.08379366993904114,0.06702324748039246,0.28113242983818054,-0.034760981798172,0.07685389369726181,APPROVED
0.0,0.0,0.0,-0.03352460637688637,-0.35906559228897095,-0.051389750093221664,0.07286763191223145,-0.6165673732757568,-0.06823194026947021,0.21024544537067413,-0.7976731061935425,-0.0756324902176857,0.3049641251564026,-0.9492487907409668,-0.07696487009525299,0.395152747631073,-0.5019508600234985,0.0016474965959787369,0.30588945746421814,-0.559971272945404,0.015609217807650566,0.2148030549287796,-0.5058543086051941,2.3279586457647383e-05,0.17442376911640167,-0.43523192405700684,-0.017844341695308685,0.45492228865623474,-0.3201328217983246,0.020863795652985573,0.35907554626464844,-0.4061136543750763,0.06228082999587059,0.28622475266456604,-0.3816334903240204,0.05023133382201195,0.2581595480442047,-0.3098187744617462,0.022372132167220116,0.44968530535697937,-0.14822626113891602,0.03924570232629776,0.374288409948349,-0.253677099943161,0.06309301406145096,0.31021544337272644,-0.24089689552783966,0.060426343232393265,0.2762566804885864,-0.17753715813159943,0.044219087809324265,0.4207460582256317,-0.0012548775412142277,0.05320912227034569,0.37373414635658264,-0.09173038601875305,0.07076726853847504,0.32144394516944885,-0.08919423073530197,0.09011533111333847,0.28628861904144287,-0.038960687816143036,0.10102663189172745,APPROVED
0.0,0.0,0.0,-0.03485953435301781,-0.35973691940307617,-0.06423025578260422,0.055963680148124695,-0.6163675785064697,-0.0919584259390831,0.19244687259197235,-0.7994059920310974,-0.107547827064991,0.2955504357814789,-0.9481711387634277,-0.11671019345521927,0.38066115975379944,-0.4927738606929779,-0.03739393502473831,0.2827739119529724,-0.5302598476409912,-0.03319543972611427,0.20200702548027039,-0.46808791160583496,-0.05000241473317146,0.16760066151618958,-0.40043652057647705,-0.07024535536766052,0.45026838779449463,-0.31123965978622437,-0.0170750729739666,0.35203319787979126,-0.375849187374115,0.011314957402646542,0.28686198592185974,-0.35074156522750854,-0.0018444500165060163,0.2544649541378021,-0.2836339771747589,-0.032265450805425644,0.4511862099170685,-0.13512426614761353,0.002998106414452195,0.37698599696159363,-0.21824298799037933,0.015514087863266468,0.31639182567596436,-0.20272256433963776,0.017995523288846016,0.2764289379119873,-0.1451062709093094,0.004727132618427277,0.4253941774368286,0.02054983749985695,0.01754792407155037,0.3757929801940918,-0.05633516237139702,0.025343311950564384,0.3213825225830078,-0.050264425575733185,0.04337941110134125,0.2839438021183014,-0.007187328301370144,0.05258762463927269,APPROVED
0.0,0.0,0.0,-0.034280095249414444,-0.3594955801963806,-0.059067003428936005,0.06222099810838699,-0.6141439080238342,-0.08298052847385406,0.1987302005290985,-0.7961289882659912,-0.09516612440347672,0.2968462407588959,-0.9495475888252258,-0.10120118409395218,0.392530232667923,-0.4840703308582306,-0.02430708520114422,0.2863571345806122,-0.5374042987823486,-0.009571489877998829,0.1990794688463211,-0.4770442843437195,-0.01985771954059601,0.1635144054889679,-0.40777722001075745,-0.03581131994724274,0.45745864510536194,-0.3028806149959564,-0.003067515091970563,0.3503527045249939,-0.38084670901298523,0.03309211507439613,0.28160718083381653,-0.35501396656036377,0.021790053695440292,0.250387579202652,-0.2835424840450287,-0.007145455572754145,0.45480188727378845,-0.1318914294242859,0.01879056543111801,0.3735979199409485,-0.225005641579628,0.038832031190395355,0.31135252118110657,-0.2108883559703827,0.039173953235149384,0.27428144216537476,-0.14864806830883026,0.02404366061091423,0.4278615415096283,0.01594575308263302,0.035750702023506165,0.37699973583221436,-0.0658414214849472,0.049587298184633255,0.3211701214313507,-0.060553088784217834,0.06769510358572006,0.28496360778808594,-0.012929708696901798,0.07662675529718399,APPROVED
0.0,0.0,0.0,-0.0369291827082634,-0.3551000952720642,-0.0635971873998642,0.05999808758497238,-0.6113473773002625,-0.09047527611255646,0.19548563659191132,-0.7943243980407715,-0.10570739954710007,0.2949119210243225,-0.9486054182052612,-0.11478118598461151,0.38406240940093994,-0.4922986626625061,-0.029308747500181198,0.29379209876060486,-0.5206496119499207,-0.02441163919866085,0.21326035261154175,-0.46186527609825134,-0.041699230670928955,0.17809297144412994,-0.3987456262111664,-0.062216151505708694,0.45264938473701477,-0.31150221824645996,-0.010139139369130135,0.3546060025691986,-0.363396555185318,0.018600264564156532,0.2888386845588684,-0.3371272683143616,0.004959412384778261,0.25567230582237244,-0.27139225602149963,-0.024653073400259018,0.45545312762260437,-0.13736101984977722,0.007838991470634937,0.37696924805641174,-0.21036528050899506,0.019919073209166527,0.3143974542617798,-0.19264769554138184,0.02021782472729683,0.27570590376853943,-0.1367085725069046,0.006330434698611498,0.4319145977497101,0.017506008967757225,0.0200160164386034,0.37953290343284607,-0.051430318504571915,0.026447296142578125,0.32323580980300903,-0.04013292118906975,0.04271677881479263,0.2848389148712158,0.003175916848704219,0.05142289027571678,APPROVED
0.0,0.0,0.0,-0.03685514256358147,-0.35666778683662415,-0.06793443858623505,0.05960843339562416,-0.6106896996498108,-0.09691908210515976,0.19188743829727173,-0.7936463356018066,-0.11241655796766281,0.28608858585357666,-0.9504721164703369,-0.1214745044708252,0.3855333924293518,-0.4966864585876465,-0.04077906161546707,0.27740707993507385,-0.5425748229026794,-0.040219731628894806,0.1970861703157425,-0.47993966937065125,-0.05742914229631424,0.16618479788303375,-0.41016462445259094,-0.07643824070692062,0.45630449056625366,-0.3173041343688965,-0.019138013944029808,0.3447294235229492,-0.3880310356616974,0.004446859937161207,0.2787856161594391,-0.3602529466152191,-0.008733592927455902,0.24883317947387695,-0.2912721037864685,-0.036563195288181305,0.4593641757965088,-0.14531360566616058,0.0015031720977276564,0.3730851411819458,-0.232981875538826,0.008850173093378544,0.31225889921188354,-0.21750183403491974,0.007459588814526796,0.27759498357772827,-0.15786784887313843,-0.006206992547959089,0.4348795413970947,0.004732326604425907,0.01652441918849945,0.37436947226524353,-0.07542567700147629,0.01958603411912918,0.3191114068031311,-0.06696123629808426,0.03384873643517494,0.2836862802505493,-0.0209991205483675,0.04221273586153984,APPROVED
0.0,0.0,0.0,-0.04016521945595741,-0.3574526309967041,-0.05748311057686806,0.05200345441699028,-0.6127502918243408,-0.08244595676660538,0.18366709351539612,-0.7984510064125061,-0.09601721912622452,0.2765367329120636,-0.955328643321991,-0.10428143292665482,0.3701043725013733,-0.5079331994056702,-0.03135758638381958,0.298115074634552,-0.49325403571128845,-0.024364318698644638,0.22445853054523468,-0.43893080949783325,-0.03862438723444939,0.18485721945762634,-0.39610758423805237,-0.0567588210105896,0.4438426196575165,-0.3312162756919861,-0.01372692920267582,0.3580411970615387,-0.3400038182735443,0.021938398480415344,0.2954844832420349,-0.3147907555103302,0.011093173176050186,0.25521692633628845,-0.2675662636756897,-0.018728312104940414,0.45426687598228455,-0.15276944637298584,0.003733580932021141,0.37411221861839294,-0.18873441219329834,0.023138323798775673,0.31712040305137634,-0.16947326064109802,0.022611919790506363,0.2716600000858307,-0.12759092450141907,0.005610868334770203,0.4391805827617645,0.010151810944080353,0.016128787770867348,0.3841196894645691,-0.031148714944720268,0.02818361669778824,0.3302944004535675,-0.02063162438571453,0.04452215135097504,0.2864743769168854,0.008391927927732468,0.05182108283042908,APPROVED
0.0,0.0,0.0,-0.039876893162727356,-0.3532516658306122,-0.0506548136472702,0.05337923765182495,-0.6100399494171143,-0.07292965054512024,0.1821204125881195,-0.7985485196113586,-0.08620114624500275,0.26688840985298157,-0.9592054486274719,-0.09324993193149567,0.375460147857666,-0.504412829875946,-0.01601896993815899,0.3112551271915436,-0.510887622833252,-0.011065884493291378,0.23066675662994385,-0.45696985721588135,-0.028598736971616745,0.18544484674930573,-0.40404343605041504,-0.047767747193574905,0.4453091323375702,-0.32640567421913147,-0.0018823955906555057,0.3586561381816864,-0.352338969707489,0.036862052977085114,0.2910795211791992,-0.3261692225933075,0.027082551270723343,0.25562211871147156,-0.2750813663005829,-0.0018120865570381284,0.4528050720691681,-0.1485738754272461,0.01132278237491846,0.3750036954879761,-0.20362843573093414,0.033272478729486465,0.3133538067340851,-0.18608132004737854,0.03356527164578438,0.27052322030067444,-0.14438395202159882,0.0168179702013731,0.4333053231239319,0.011314197443425655,0.01971615105867386,0.3815271258354187,-0.04048841819167137,0.03345693275332451,0.32910647988319397,-0.03137556463479996,0.051780667155981064,0.2890106737613678,-0.000670272798743099,0.06094582378864288,APPROVED
0.0,0.0,0.0,-0.04679552838206291,-0.3566829264163971,-0.05382736772298813,0.044818442314863205,-0.6110951900482178,-0.07597805559635162,0.1762964427471161,-0.7984091639518738,-0.08833293616771698,0.26623207330703735,-0.9591489434242249,-0.09567496925592422,0.3692125678062439,-0.5217897295951843,-0.01987973041832447,0.2839297354221344,-0.5190048813819885,-0.014494386501610279,0.2047775685787201,-0.4572960138320923,-0.03325727581977844,0.16710692644119263,-0.4013534486293793,-0.05400834232568741,0.4422464966773987,-0.34220823645591736,-0.004988960921764374,0.3464679718017578,-0.36336517333984375,0.0325777530670166,0.2798852324485779,-0.3320066034793854,0.020664038136601448,0.24649882316589355,-0.2752401828765869,-0.010154224932193756,0.45255881547927856,-0.1612071692943573,0.009030445478856564,0.37117886543273926,-0.21190612018108368,0.028225315734744072,0.30919814109802246,-0.18588781356811523,0.028681540861725807,0.26939260959625244,-0.13492196798324585,0.0128407571464777,0.4371706247329712,0.0029856045730412006,0.018095027655363083,0.3896496593952179,-0.05339822918176651,0.03197098895907402,0.33418166637420654,-0.039188265800476074,0.05226502940058708,0.2922462224960327,-0.0013760055880993605,0.062482357025146484,APPROVED
0.0,0.0,0.0,-0.04192207753658295,-0.35731297731399536,-0.04829540476202965,0.05395858362317085,-0.6196039319038391,-0.0638226568698883,0.18375620245933533,-0.8031490445137024,-0.0712466835975647,0.2720962464809418,-0.9595094919204712,-0.07283665239810944,0.37209954857826233,-0.5151246190071106,0.000801689166110009,0.2818877696990967,-0.5482514500617981,0.008257909677922726,0.19782137870788574,-0.4871158301830292,-0.011301175691187382,0.16008934378623962,-0.4207859933376312,-0.03185493126511574,0.44198495149612427,-0.3352479338645935,0.014043075032532215,0.34481093287467957,-0.38935020565986633,0.04942061007022858,0.27633506059646606,-0.35767385363578796,0.034688182175159454,0.24531270563602448,-0.29074734449386597,0.0049505047500133514,0.4511517584323883,-0.15865562856197357,0.025746114552021027,0.36945223808288574,-0.2341679334640503,0.04360068589448929,0.30608877539634705,-0.21044185757637024,0.04312886670231819,0.2696020305156708,-0.1506083607673645,0.029018482193350792,0.4347362220287323,0.0006283853435888886,0.03281158208847046,0.3853372633457184,-0.07061132043600082,0.046133603900671005,0.3304155468940735,-0.05882195010781288,0.06651283800601959,0.2941141128540039,-0.012933974154293537,0.07846786081790924,APPROVED
0.0,0.0,0.0,-0.04229937121272087,-0.353674978017807,-0.05600729584693909,0.04819871485233307,-0.6107560396194458,-0.08001389354467392,0.17752668261528015,-0.7987796068191528,-0.09405462443828583,0.26762476563453674,-0.958109974861145,-0.1019914373755455,0.3741908669471741,-0.508844792842865,-0.02389908954501152,0.29201391339302063,-0.5587989091873169,-0.019972361624240875,0.20685549080371857,-0.49432119727134705,-0.03606100007891655,0.169815331697464,-0.4193034768104553,-0.05421014130115509,0.44510823488235474,-0.3313700556755066,-0.0070526148192584515,0.35312420129776,-0.4029488265514374,0.021487046033143997,0.2821003198623657,-0.369293749332428,0.010024476796388626,0.25092604756355286,-0.2953561544418335,-0.016812507063150406,0.45332610607147217,-0.1567174792289734,0.009001213125884533,0.3797849118709564,-0.24642345309257507,0.020730970427393913,0.3141440749168396,-0.22187358140945435,0.022310031577944756,0.27684301137924194,-0.15659981966018677,0.010238836519420147,0.4370473027229309,-9.914290421875194e-05,0.02039707452058792,0.38806092739105225,-0.08217162638902664,0.027926035225391388,0.3296631872653961,-0.06955217570066452,0.045936960726976395,0.29304102063179016,-0.019867688417434692,0.056698527187108994,APPROVED
0.0,0.0,0.0,-0.04373221844434738,-0.35182490944862366,-0.0483141764998436,0.045973412692546844,-0.6118844747543335,-0.06954250484704971,0.17277291417121887,-0.8021273612976074,-0.08296841382980347,0.2574722468852997,-0.9620636105537415,-0.09023076295852661,0.37606871128082275,-0.5113509297370911,-0.006121258717030287,0.3031189739704132,-0.5514076948165894,-0.0003026518097613007,0.21708595752716064,-0.4912266433238983,-0.018191220238804817,0.17669470608234406,-0.42219921946525574,-0.03705023601651192,0.44449010491371155,-0.333126038312912,0.007176031358540058,0.35723280906677246,-0.39537739753723145,0.04045422002673149,0.2824733555316925,-0.3616032302379608,0.029016919434070587,0.252692312002182,-0.29218584299087524,0.0026466420385986567,0.4505850076675415,-0.158744215965271,0.019458629190921783,0.3779604136943817,-0.24604076147079468,0.03661211207509041,0.30826520919799805,-0.22187583148479462,0.037712786346673965,0.27082595229148865,-0.161900132894516,0.024987485259771347,0.43211883306503296,-0.0026102412957698107,0.027384676039218903,0.38506025075912476,-0.0800548866391182,0.03925104811787605,0.3283785283565521,-0.0672801211476326,0.059420980513095856,0.29225340485572815,-0.02001059241592884,0.07207813858985901,APPROVED
0.0,0.0,0.0,-0.04395027458667755,-0.34998857975006104,-0.058540455996990204,0.04867899417877197,-0.6140387654304504,-0.08127228170633316,0.17274117469787598,-0.8025259971618652,-0.09331416338682175,0.2647912800312042,-0.9591996669769287,-0.09910305589437485,0.3723488450050354,-0.5188954472541809,-0.020047660917043686,0.27342313528060913,-0.5486062169075012,-0.01788458600640297,0.1940465271472931,-0.4881665110588074,-0.03740067034959793,0.16181613504886627,-0.4259173572063446,-0.05776287987828255,0.44455987215042114,-0.34285059571266174,-0.004035387188196182,0.3383059501647949,-0.3945550322532654,0.024638796225190163,0.27069810032844543,-0.3637217879295349,0.011196261271834373,0.24010692536830902,-0.29951775074005127,-0.01680317334830761,0.4535791575908661,-0.16762684285640717,0.01031101867556572,0.36376670002937317,-0.24140258133411407,0.02136726677417755,0.30145540833473206,-0.2176094949245453,0.020747408270835876,0.2664695680141449,-0.15969952940940857,0.0076829721219837666,0.43474841117858887,-0.009503336623311043,0.019450770691037178,0.37866106629371643,-0.07881174981594086,0.025193799287080765,0.3240754008293152,-0.06534392386674881,0.042714621871709824,0.28802335262298584,-0.0213790163397789,0.05390993878245354,APPROVED
0.0,0.0,0.0,-0.03935662657022476,-0.34979164600372314,-0.0659584254026413,0.0521789975464344,-0.6131627559661865,-0.09455028176307678,0.17357683181762695,-0.7979092001914978,-0.1110057681798935,0.2628590166568756,-0.9572580456733704,-0.12067407369613647,0.36973029375076294,-0.5127873420715332,-0.03873666748404503,0.2732117772102356,-0.5501081347465515,-0.046454351395368576,0.19427651166915894,-0.4860326945781708,-0.06918591260910034,0.16379494965076447,-0.41678962111473083,-0.09021691977977753,0.4421217739582062,-0.3366561532020569,-0.021129483357071877,0.34099283814430237,-0.3999612331390381,-0.0029356060549616814,0.27319982647895813,-0.3681664764881134,-0.015078959055244923,0.2467285841703415,-0.2977485656738281,-0.04042089357972145,0.45208173990249634,-0.1640946865081787,-0.005739842541515827,0.3729328513145447,-0.2499839812517166,-0.004048523027449846,0.30894991755485535,-0.22648747265338898,-0.0015697517665103078,0.27744975686073303,-0.1612830013036728,-0.010761253535747528,0.4335551857948303,-0.011598384939134121,0.004005767870694399,0.38143303990364075,-0.09058745950460434,0.001958465436473489,0.32481878995895386,-0.07676166296005249,0.019614718854427338,0.29146429896354675,-0.02571309357881546,0.032414618879556656,APPROVED
0.0,0.0,0.0,-0.03444226086139679,-0.34868118166923523,-0.05703718215227127,0.05823341757059097,-0.6130383610725403,-0.08220361173152924,0.17938724160194397,-0.8013473749160767,-0.09675957262516022,0.2646089792251587,-0.9586666822433472,-0.10459606349468231,0.3741048574447632,-0.5156934857368469,-0.028731677681207657,0.29557228088378906,-0.5586250424385071,-0.029827028512954712,0.21667955815792084,-0.496240496635437,-0.04720604419708252,0.1794903427362442,-0.4282708764076233,-0.06483887135982513,0.445050448179245,-0.34053027629852295,-0.01313062198460102,0.3561594486236572,-0.4075826108455658,0.010746407322585583,0.2874096632003784,-0.37487509846687317,0.0006275338819250464,0.25372254848480225,-0.30567604303359985,-0.023221207782626152,0.45509013533592224,-0.16848520934581757,0.0010381346801295877,0.3809923827648163,-0.2542043924331665,0.008340073749423027,0.31809622049331665,-0.22913311421871185,0.009785628877580166,0.2808092534542084,-0.16548606753349304,-0.0004920743522234261,0.43801888823509216,-0.014743675477802753,0.01053929328918457,0.39020973443984985,-0.09473943710327148,0.012678384780883789,0.3339928388595581,-0.08015523105859756,0.029844684526324272,0.2968986928462982,-0.03012269362807274,0.04206416383385658,APPROVED
0.0,0.0,0.0,-0.03312249481678009,-0.3520776927471161,-0.05287015065550804,0.05694284662604332,-0.6134377717971802,-0.07844414561986923,0.17739111185073853,-0.8006569743156433,-0.09406764060258865,0.2602140009403229,-0.9600459337234497,-0.10295850783586502,0.3821912705898285,-0.5099584460258484,-0.027202323079109192,0.3011242747306824,-0.56596440076828,-0.02413960173726082,0.21577806770801544,-0.505294919013977,-0.03936716914176941,0.17664100229740143,-0.43137940764427185,-0.055826183408498764,0.44944536685943604,-0.3304693400859833,-0.01164909079670906,0.36002829670906067,-0.4149816036224365,0.015548912808299065,0.2852450907230377,-0.38438141345977783,0.006693194154649973,0.2541508674621582,-0.3101402521133423,-0.017043620347976685,0.45464271306991577,-0.15877094864845276,0.004007722716778517,0.3828554153442383,-0.26361286640167236,0.016033360734581947,0.3148112893104553,-0.24283051490783691,0.020108485594391823,0.2781967520713806,-0.17604301869869232,0.01040917169302702,0.4334954619407654,-0.009142161346971989,0.01541854441165924,0.38960376381874084,-0.10072391480207443,0.02165980078279972,0.333187073469162,-0.08966034650802612,0.04208603873848915,0.2970386743545532,-0.036650050431489944,0.056070730090141296,APPROVED
0.0,0.0,0.0,-0.0350765697658062,-0.3464697301387787,-0.05650981515645981,0.05714528635144234,-0.6097233891487122,-0.0823412835597992,0.17602379620075226,-0.7989997863769531,-0.09755025804042816,0.2549802362918854,-0.9610354900360107,-0.1067519411444664,0.36980101466178894,-0.5160245299339294,-0.02999044582247734,0.27773478627204895,-0.5596436858177185,-0.03195402771234512,0.20187124609947205,-0.4983958601951599,-0.0513443648815155,0.171329066157341,-0.43236395716667175,-0.07077908515930176,0.44096386432647705,-0.3436130881309509,-0.014857994392514229,0.3406056761741638,-0.40921860933303833,0.009531870484352112,0.2748396396636963,-0.3774314820766449,-0.0003578749601729214,0.2482435405254364,-0.3084496259689331,-0.02514857053756714,0.4501906931400299,-0.1745377480983734,-0.0010022546630352736,0.3670090138912201,-0.2592792809009552,0.007666522637009621,0.3053203821182251,-0.23434433341026306,0.010168587788939476,0.2738192677497864,-0.1703660488128662,-0.0004925997345708311,0.4317554235458374,-0.02662348933517933,0.007835865952074528,0.3788682520389557,-0.10397900640964508,0.01178439799696207,0.3236512839794159,-0.08784736692905426,0.029744978994131088,0.2901412546634674,-0.03740986809134483,0.04145193099975586,APPROVED
0.0,0.0,0.0,-0.037619493901729584,-0.3504597544670105,-0.05352133512496948,0.05096251890063286,-0.613197386264801,-0.07862778007984161,0.1699957400560379,-0.8025504350662231,-0.09383976459503174,0.2520016133785248,-0.9622448682785034,-0.10285922139883041,0.37269914150238037,-0.5239612460136414,-0.027297113090753555,0.2871944010257721,-0.5577026009559631,-0.025655943900346756,0.20980341732501984,-0.49699461460113525,-0.04244675859808922,0.17453838884830475,-0.4337266683578491,-0.06066656857728958,0.44441863894462585,-0.34813714027404785,-0.01285364106297493,0.3453097939491272,-0.402154803276062,0.014176726341247559,0.27913638949394226,-0.3686631917953491,0.004388940986245871,0.24873070418834686,-0.30276256799697876,-0.020884867757558823,0.4545767307281494,-0.1751190721988678,0.0010025333613157272,0.3712123930454254,-0.2505304515361786,0.013670711778104305,0.31092914938926697,-0.22589866816997528,0.017009207978844643,0.2748919427394867,-0.16733208298683167,0.005922704469412565,0.4362429082393646,-0.021617237478494644,0.010017815046012402,0.381048321723938,-0.09108229726552963,0.01723259873688221,0.32759207487106323,-0.07635773718357086,0.036164164543151855,0.29246753454208374,-0.032080091536045074,0.04820482060313225,APPROVED
0.0,0.0,0.0,-0.0344640351831913,-0.3485647141933441,-0.0560460202395916,0.05315610393881798,-0.6117801070213318,-0.08263947814702988,0.16989490389823914,-0.8016869425773621,-0.09908067435026169,0.25346919894218445,-0.961194634437561,-0.10889588296413422,0.3780888319015503,-0.520056426525116,-0.027111295610666275,0.29106342792510986,-0.5622336864471436,-0.027794096618890762,0.21335811913013458,-0.5020630359649658,-0.045831408351659775,0.1788768172264099,-0.43687745928764343,-0.06452028453350067,0.4506508708000183,-0.3455071747303009,-0.012539389543235302,0.3507480323314667,-0.40158140659332275,0.01223020814359188,0.28227105736732483,-0.36683082580566406,0.000991178210824728,0.2508853077888489,-0.3012787103652954,-0.024517158046364784,0.46240273118019104,-0.1717877984046936,0.0009480742737650871,0.37650972604751587,-0.2479877471923828,0.010999769903719425,0.3134477436542511,-0.22172485291957855,0.013054853305220604,0.27608010172843933,-0.16351522505283356,0.0017675249837338924,0.4450949430465698,-0.015086255967617035,0.009345200844109058,0.3887971341609955,-0.08559025079011917,0.013577479869127274,0.3331708014011383,-0.07013677060604095,0.03127714619040489,0.2967758774757385,-0.02593608759343624,0.04326027259230614,APPROVED
0.0,0.0,0.0,-0.030070800334215164,-0.35025158524513245,-0.05353470891714096,0.062155887484550476,-0.6147404313087463,-0.0773022323846817,0.17893058061599731,-0.8062846064567566,-0.09039410203695297,0.2592610716819763,-0.9610419869422913,-0.09582225978374481,0.3807874023914337,-0.5194184184074402,-0.030478844419121742,0.2923540472984314,-0.5493413209915161,-0.02900126948952675,0.21495014429092407,-0.4852392077445984,-0.042907748371362686,0.17948809266090393,-0.42065149545669556,-0.05874447524547577,0.4514842629432678,-0.34611114859580994,-0.016403667628765106,0.35305196046829224,-0.3930928707122803,0.008187425322830677,0.28497010469436646,-0.35572415590286255,0.0001301316951867193,0.25352343916893005,-0.2921740710735321,-0.022869307547807693,0.463477224111557,-0.17269596457481384,-0.0026919785887002945,0.3804573118686676,-0.24355587363243103,0.006734163034707308,0.31814298033714294,-0.21636949479579926,0.011232353746891022,0.27952054142951965,-0.16093412041664124,0.0021912038791924715,0.4471587538719177,-0.016476206481456757,0.00625448115170002,0.3972148001194,-0.08387717604637146,0.010315150022506714,0.3430456221103668,-0.06780770421028137,0.029533857479691505,0.3069957494735718,-0.025582965463399887,0.04294055327773094,APPROVED
0.0,0.0,0.0,-0.02967599593102932,-0.34739941358566284,-0.05609641969203949,0.05950174480676651,-0.611606776714325,-0.08373092859983444,0.17485584318637848,-0.8011665940284729,-0.10064520686864853,0.2560262978076935,-0.9604058265686035,-0.10986866801977158,0.3828601539134979,-0.5218207240104675,-0.03233908861875534,0.2956072688102722,-0.5330498218536377,-0.0366261824965477,0.22248856723308563,-0.472746878862381,-0.05542445927858353,0.18799522519111633,-0.41750332713127136,-0.0743493139743805,0.4553406536579132,-0.3507744073867798,-0.020153580233454704,0.35855111479759216,-0.38076770305633545,0.002789340913295746,0.2921619713306427,-0.34523171186447144,-0.006362744141370058,0.26042675971984863,-0.2887485921382904,-0.030754605308175087,0.4682962894439697,-0.1776208132505417,-0.009387879632413387,0.3849356174468994,-0.23372845351696014,-0.002216530730947852,0.32255300879478455,-0.20742389559745789,0.0016217331867665052,0.2840362787246704,-0.15804210305213928,-0.008122540079057217,0.45109471678733826,-0.0184475127607584,-0.003859806340187788,0.40209680795669556,-0.07541698217391968,-0.0027885097078979015,0.3471275568008423,-0.06033242493867874,0.01576884463429451,0.3086470067501068,-0.02376566454768181,0.02879980206489563,APPROVED
0.0,0.0,0.0,-0.029198305681347847,-0.3463902771472931,-0.0482657328248024,0.060799483209848404,-0.6103598475456238,-0.07393589615821838,0.17716240882873535,-0.8001822829246521,-0.09044723212718964,0.25750574469566345,-0.9611523151397705,-0.09938355535268784,0.3888755440711975,-0.524790346622467,-0.030703766271471977,0.30479082465171814,-0.5380483269691467,-0.03363317996263504,0.22815969586372375,-0.47767719626426697,-0.05137051269412041,0.18965162336826324,-0.4199748933315277,-0.06953296065330505,0.4601452648639679,-0.35234564542770386,-0.021329477429389954,0.36325564980506897,-0.3810809254646301,0.004882677923887968,0.29349151253700256,-0.3446030914783478,-0.0021962234750390053,0.2603421211242676,-0.2880249321460724,-0.025893060490489006,0.47149014472961426,-0.17814810574054718,-0.012287667021155357,0.3864879310131073,-0.23173578083515167,-3.4102391509804875e-05,0.32290562987327576,-0.20780573785305023,0.005528425332158804,0.2822859287261963,-0.16359417140483856,-0.004696341697126627,0.452060341835022,-0.019047811627388,-0.00802600011229515,0.3992581069469452,-0.0685235932469368,-0.00169235875364393,0.3462158143520355,-0.056049756705760956,0.018200861290097237,0.3081968128681183,-0.026626359671354294,0.03093363344669342,APPROVED
0.0,0.0,0.0,-0.030597468838095665,-0.34689491987228394,-0.05489759519696236,0.054839689284563065,-0.6152842044830322,-0.0828724354505539,0.16956043243408203,-0.8055307269096375,-0.10056734085083008,0.2516061067581177,-0.9614541530609131,-0.1109067052602768,0.38718855381011963,-0.5233608484268188,-0.03343808278441429,0.2912631630897522,-0.5357294082641602,-0.03906956687569618,0.21528127789497375,-0.4779239296913147,-0.05988723412156105,0.17979663610458374,-0.42422789335250854,-0.08015412092208862,0.459450900554657,-0.3507385849952698,-0.02169608697295189,0.35088440775871277,-0.37886494398117065,-0.0007689706981182098,0.2838873863220215,-0.344172865152359,-0.011720072478055954,0.2511516213417053,-0.2881220281124115,-0.03726813569664955,0.4720112681388855,-0.17584054172039032,-0.011027014814317226,0.3763886094093323,-0.22770145535469055,-0.0034425107296556234,0.3150867521762848,-0.20209664106369019,9.807949390960857e-05,0.2756170928478241,-0.15421611070632935,-0.010062677785754204,0.45335477590560913,-0.015446062199771404,-0.005834474693983793,0.3925051987171173,-0.06580422073602676,-0.00434037484228611,0.33873113989830017,-0.0500282421708107,0.013065502047538757,0.30122047662734985,-0.015770919620990753,0.02531447447836399,APPROVED
0.0,0.0,0.0,-0.03509535640478134,-0.3465515077114105,-0.04870189353823662,0.04712238535284996,-0.6123790144920349,-0.07479455322027206,0.16314969956874847,-0.8053566217422485,-0.0928443968296051,0.24679051339626312,-0.9635064601898193,-0.1036812961101532,0.3805791139602661,-0.5277997851371765,-0.02077619545161724,0.29689672589302063,-0.5162575840950012,-0.02585260197520256,0.2207464724779129,-0.4563556909561157,-0.047695569694042206,0.18185214698314667,-0.4093393385410309,-0.06912638247013092,0.45646920800209045,-0.35632967948913574,-0.012390402145683765,0.3508964478969574,-0.3591853976249695,0.010171475820243359,0.28018155694007874,-0.3186381161212921,-0.0017464180709794164,0.24568600952625275,-0.26961538195610046,-0.028207240626215935,0.47284701466560364,-0.18108102679252625,-0.005517898127436638,0.37430813908576965,-0.20925012230873108,0.004158795345574617,0.3102746307849884,-0.18027600646018982,0.006842712871730328,0.26872003078460693,-0.14270320534706116,-0.0046691084280610085,0.45788100361824036,-0.0183672234416008,-0.003942037001252174,0.39029660820961,-0.046255845576524734,0.0002461881667841226,0.3345167934894562,-0.030624523758888245,0.016835587099194527,0.2956938147544861,-0.00917122233659029,0.027626410126686096,APPROVED
0.0,0.0,0.0,-0.039709895849227905,-0.34438446164131165,-0.05414879694581032,0.0389828197658062,-0.6123846769332886,-0.08361145853996277,0.1515878587961197,-0.8025946021080017,-0.10394662618637085,0.23007667064666748,-0.9660812616348267,-0.11726782470941544,0.37120935320854187,-0.5194066166877747,-0.03579762205481529,0.28536009788513184,-0.514768660068512,-0.0478496290743351,0.21365660429000854,-0.4586712121963501,-0.07305147498846054,0.17505080997943878,-0.4100591540336609,-0.09614714235067368,0.44641706347465515,-0.34463152289390564,-0.027848968282341957,0.3442501127719879,-0.3580727279186249,-0.01171294879168272,0.277324378490448,-0.32475149631500244,-0.02442232146859169,0.2420770823955536,-0.27324777841567993,-0.05113811045885086,0.4620549976825714,-0.16909508407115936,-0.02151692658662796,0.3668278157711029,-0.20607423782348633,-0.017742378637194633,0.3052346706390381,-0.1833372414112091,-0.013741138391196728,0.2656615972518921,-0.14354339241981506,-0.023969322443008423,0.4446195065975189,-0.007726185489445925,-0.02097972482442856,0.37665998935699463,-0.043585628271102905,-0.023454926908016205,0.3243979811668396,-0.030077265575528145,-0.007110925391316414,0.2891902029514313,-0.005132621619850397,0.004186700098216534,APPROVED
0.0,0.0,0.0,-0.045174598693847656,-0.34438857436180115,-0.04770101606845856,0.037118975073099136,-0.6108616590499878,-0.07322421669960022,0.1537531018257141,-0.8023549914360046,-0.09125388413667679,0.22969841957092285,-0.9677886962890625,-0.10307101905345917,0.36807987093925476,-0.5198994874954224,-0.026540089398622513,0.27925845980644226,-0.5085588693618774,-0.036149777472019196,0.20665918290615082,-0.4518895447254181,-0.06140293553471565,0.16826465725898743,-0.4026796221733093,-0.08493760973215103,0.44509103894233704,-0.34900912642478943,-0.020800316706299782,0.34454312920570374,-0.35342878103256226,-0.0006334187346510589,0.2749636471271515,-0.3205909729003906,-0.013047286309301853,0.23950842022895813,-0.27126404643058777,-0.040139805525541306,0.4618346691131592,-0.17469291388988495,-0.01629033498466015,0.3683181703090668,-0.20307394862174988,-0.00878050271421671,0.30492228269577026,-0.18202167749404907,-0.0058392067439854145,0.2654963731765747,-0.14614152908325195,-0.01759406365454197,0.44474270939826965,-0.013539994135499,-0.017195021733641624,0.3768092393875122,-0.04026038199663162,-0.014545085839927197,0.3236834704875946,-0.02894526906311512,0.002548854798078537,0.28719303011894226,-0.008937947452068329,0.013076426461338997,APPROVED
0.0,0.0,0.0,-0.03457758203148842,-0.3456352949142456,-0.04840610548853874,0.045535795390605927,-0.6131689548492432,-0.07672283798456192,0.15403740108013153,-0.8060413599014282,-0.09566309303045273,0.23186801373958588,-0.966857373714447,-0.10688383132219315,0.3797943592071533,-0.5346318483352661,-0.040023382753133774,0.2892318367958069,-0.5179320573806763,-0.046819932758808136,0.2164648324251175,-0.45603248476982117,-0.06665150076150894,0.17810067534446716,-0.40733543038368225,-0.08696191757917404,0.45717546343803406,-0.364690363407135,-0.03331289440393448,0.3491629958152771,-0.3602862060070038,-0.010872280225157738,0.28196921944618225,-0.32316240668296814,-0.019284149631857872,0.24873550236225128,-0.27582722902297974,-0.04500878229737282,0.4751082956790924,-0.18709570169448853,-0.026587512344121933,0.37469378113746643,-0.21066342294216156,-0.015617528930306435,0.31380391120910645,-0.1846989095211029,-0.008686650544404984,0.2731694281101227,-0.14807802438735962,-0.019258733838796616,0.4600997567176819,-0.021268077194690704,-0.02531486749649048,0.3939414322376251,-0.0499313622713089,-0.021472569555044174,0.3420313894748688,-0.03472341224551201,-0.0025942670181393623,0.3048701584339142,-0.012612727470695972,0.009091194719076157,APPROVED
0.0,0.0,0.0,-0.03678639605641365,-0.343263179063797,-0.05416188761591911,0.04094787314534187,-0.6081664562225342,-0.0844956487417221,0.14828898012638092,-0.8014106750488281,-0.10391116142272949,0.223174586892128,-0.9678885340690613,-0.11569324135780334,0.3744843602180481,-0.5325497388839722,-0.04070492461323738,0.27700603008270264,-0.5191781520843506,-0.042640477418899536,0.2080695629119873,-0.45899727940559387,-0.05963129922747612,0.173095241189003,-0.40840232372283936,-0.07884044200181961,0.4527810513973236,-0.35838961601257324,-0.030463477596640587,0.34258148074150085,-0.36594316363334656,-0.0037053190171718597,0.28016558289527893,-0.3320397436618805,-0.012358788400888443,0.249322310090065,-0.28121498227119446,-0.03939003497362137,0.4697253108024597,-0.18059134483337402,-0.020048348233103752,0.3728804588317871,-0.22057418525218964,-0.006568992976099253,0.31594744324684143,-0.19551555812358856,-0.0012667125556617975,0.2777642011642456,-0.15344025194644928,-0.013657248578965664,0.45257481932640076,-0.01787947490811348,-0.015246963128447533,0.3904114067554474,-0.06343407183885574,-0.011875197291374207,0.3411216139793396,-0.046055495738983154,0.006471129134297371,0.30431705713272095,-0.015703316777944565,0.01779700443148613,APPROVED
0.0,0.0,0.0,-0.03275018185377121,-0.343447208404541,-0.048150330781936646,0.04691807180643082,-0.6100282073020935,-0.07579834759235382,0.15058064460754395,-0.8032921552658081,-0.09467010200023651,0.22566144168376923,-0.9684281349182129,-0.10594260692596436,0.37930792570114136,-0.5379779934883118,-0.030187979340553284,0.28331202268600464,-0.5131217241287231,-0.0349833182990551,0.21255971491336823,-0.4512025713920593,-0.054732270538806915,0.1729610115289688,-0.4036008417606354,-0.07484328001737595,0.4555339813232422,-0.3667280972003937,-0.023508450016379356,0.34783363342285156,-0.3603118062019348,-0.0003174436860717833,0.2822140157222748,-0.32405832409858704,-0.011053591035306454,0.24551185965538025,-0.2774195075035095,-0.03789762035012245,0.47343170642852783,-0.19013163447380066,-0.017129063606262207,0.37632668018341064,-0.21324563026428223,-0.005203601438552141,0.31652557849884033,-0.187765434384346,0.00019412580877542496,0.2734663188457489,-0.15154528617858887,-0.011013469658792019,0.4571162164211273,-0.026044730097055435,-0.016274824738502502,0.39433732628822327,-0.05453843995928764,-0.011915327981114388,0.342754989862442,-0.039753422141075134,0.006978252436965704,0.3026467561721802,-0.01828155480325222,0.018938476219773293,APPROVED
0.0,0.0,0.0,-0.03787493705749512,-0.34201276302337646,-0.050037890672683716,0.0389358326792717,-0.6079647541046143,-0.07741133123636246,0.14587898552417755,-0.8028794527053833,-0.09556230902671814,0.22103433310985565,-0.9693669676780701,-0.10710494965314865,0.370728075504303,-0.5322306752204895,-0.03245433419942856,0.27603867650032043,-0.526573657989502,-0.033201102167367935,0.20676147937774658,-0.4679246246814728,-0.05031295120716095,0.16940265893936157,-0.41619157791137695,-0.06947413086891174,0.4472580850124359,-0.3585874140262604,-0.023465769365429878,0.3399721086025238,-0.37329286336898804,0.0028386791236698627,0.2751958966255188,-0.33952596783638,-0.007477559614926577,0.2390277236700058,-0.28591907024383545,-0.034805186092853546,0.4626559019088745,-0.1810799241065979,-0.014238519594073296,0.3673390746116638,-0.22170786559581757,-0.00043459556763991714,0.3076220154762268,-0.1981888860464096,0.003621371928602457,0.2650456130504608,-0.15535080432891846,-0.009206349030137062,0.44402578473091125,-0.017800483852624893,-0.010271506384015083,0.3791414499282837,-0.058457549661397934,-0.005812203511595726,0.32691261172294617,-0.04459216073155403,0.011547022499144077,0.2883124351501465,-0.01684984564781189,0.02177846059203148,APPROVED
0.0,0.0,0.0,-0.03429931029677391,-0.342781662940979,-0.04066448286175728,0.047716762870550156,-0.6068028211593628,-0.06479234248399734,0.15570475161075592,-0.8028135299682617,-0.08156857639551163,0.22858861088752747,-0.9692109227180481,-0.09152781218290329,0.3750637173652649,-0.5435817837715149,-0.024338239803910255,0.2924639880657196,-0.5165418982505798,-0.022710729390382767,0.22400476038455963,-0.4560786485671997,-0.036788322031497955,0.18167079985141754,-0.41168272495269775,-0.05361587554216385,0.4527096748352051,-0.3766445815563202,-0.018718168139457703,0.3556634783744812,-0.3640058636665344,0.011332791298627853,0.28850239515304565,-0.3274674415588379,0.004047913942486048,0.24726003408432007,-0.283694326877594,-0.02121378481388092,0.4715422987937927,-0.20018471777439117,-0.0124141750857234,0.38126426935195923,-0.2156330943107605,0.0066817947663366795,0.321144700050354,-0.1915842592716217,0.012106754817068577,0.2748343050479889,-0.1594056636095047,-0.0007108604768291116,0.4560733735561371,-0.033696986734867096,-0.010729354806244373,0.39385539293289185,-0.05324132367968559,0.0011323929065838456,0.34134572744369507,-0.04335812106728554,0.020399514585733414,0.2991712689399719,-0.029182253405451775,0.03071768395602703,APPROVED
0.0,0.0,0.0,-0.03371574357151985,-0.34148964285850525,-0.04325909540057182,0.0458550862967968,-0.6069794297218323,-0.06736990809440613,0.15239684283733368,-0.8049507737159729,-0.08303474634885788,0.2275191843509674,-0.9694309234619141,-0.09186224639415741,0.3730940520763397,-0.5389323830604553,-0.02645685151219368,0.28955432772636414,-0.5317620635032654,-0.02093854546546936,0.21848846971988678,-0.47204968333244324,-0.03170542046427727,0.1767786145210266,-0.4226923882961273,-0.04620877653360367,0.4492226243019104,-0.3696342706680298,-0.017668625339865685,0.3533627986907959,-0.37723565101623535,0.01604493334889412,0.28642013669013977,-0.3426501750946045,0.010584124363958836,0.2472633421421051,-0.2936461865901947,-0.013855959288775921,0.4659002423286438,-0.19358187913894653,-0.007810779381543398,0.3804605305194855,-0.22895412147045135,0.012830609455704689,0.32077500224113464,-0.20516140758991241,0.018563441932201385,0.2759077847003937,-0.1660190224647522,0.006054752040654421,0.45011794567108154,-0.03006952442228794,-0.0022092442959547043,0.39260533452033997,-0.06921198219060898,0.010655810125172138,0.34016546607017517,-0.05853058397769928,0.03133579343557358,0.29909980297088623,-0.03584889695048332,0.042834993451833725,APPROVED
0.0,0.0,0.0,-0.0358009859919548,-0.3400726020336151,-0.04247049614787102,0.04504755139350891,-0.6072331666946411,-0.066703200340271,0.15273012220859528,-0.8045873641967773,-0.08213787525892258,0.22634096443653107,-0.9698451161384583,-0.09038969874382019,0.37461787462234497,-0.5464195013046265,-0.031447652727365494,0.29080164432525635,-0.521762490272522,-0.02559821680188179,0.2216162383556366,-0.46272724866867065,-0.03457013890147209,0.1780066043138504,-0.4177647829055786,-0.04813392087817192,0.452498197555542,-0.37713295221328735,-0.023529671132564545,0.3543260395526886,-0.3678056597709656,0.010590748861432076,0.28782522678375244,-0.3321745991706848,0.0066939350217580795,0.24695436656475067,-0.28793707489967346,-0.017341850325465202,0.471839040517807,-0.19934654235839844,-0.014165393076837063,0.38334470987319946,-0.22043642401695251,0.007529820315539837,0.3240121304988861,-0.19472983479499817,0.014352818951010704,0.2771507501602173,-0.15961281955242157,0.0015474323881790042,0.45784884691238403,-0.03245608136057854,-0.009203643538057804,0.39809149503707886,-0.05909610167145729,0.0030567387584596872,0.3442055881023407,-0.04848014563322067,0.02303978055715561,0.30023035407066345,-0.03155184164643288,0.03371267393231392,APPROVED
0.0,0.0,0.0,-0.03364553302526474,-0.3399442136287689,-0.04067053273320198,0.047741133719682693,-0.6080724000930786,-0.06319812685251236,0.1558903455734253,-0.8064189553260803,-0.07772262394428253,0.23183850944042206,-0.9690240025520325,-0.08510800451040268,0.37509968876838684,-0.5474566221237183,-0.0250263474881649,0.2983674108982086,-0.526495635509491,-0.019141197204589844,0.22992847859859467,-0.46538880467414856,-0.028511980548501015,0.18557743728160858,-0.4181881248950958,-0.04187417030334473,0.4525507688522339,-0.377704381942749,-0.017538832500576973,0.35943302512168884,-0.3698285222053528,0.01704411208629608,0.2928355634212494,-0.3324602246284485,0.012593709863722324,0.2510570287704468,-0.2871546447277069,-0.011170068755745888,0.47218742966651917,-0.19933700561523438,-0.00895636435598135,0.3846312463283539,-0.22115182876586914,0.01335391215980053,0.3232708275318146,-0.19412179291248322,0.02019098773598671,0.2744033634662628,-0.15870818495750427,0.007981190457940102,0.4586508274078369,-0.03148067742586136,-0.0047145322896540165,0.3983856737613678,-0.05792905390262604,0.008884885348379612,0.34303417801856995,-0.04684343561530113,0.029486598446965218,0.2975263297557831,-0.030095119029283524,0.04089326411485672,APPROVED
0.0,0.0,0.0,-0.029848825186491013,-0.3402995765209198,-0.0425441637635231,0.051598843187093735,-0.6100609302520752,-0.06631231307983398,0.15749536454677582,-0.8062657117843628,-0.08175527304410934,0.2350020706653595,-0.9678293466567993,-0.08989113569259644,0.37782973051071167,-0.5448923110961914,-0.0276869535446167,0.29417887330055237,-0.5331664085388184,-0.024134669452905655,0.22527174651622772,-0.47413522005081177,-0.0354849137365818,0.1821218580007553,-0.42509037256240845,-0.05002565681934357,0.4554397165775299,-0.37522420287132263,-0.02003265731036663,0.35709452629089355,-0.3751016855239868,0.012194511480629444,0.29126468300819397,-0.3392568528652191,0.006728280335664749,0.2515445649623871,-0.29224562644958496,-0.017531676217913628,0.4753172993659973,-0.19875554740428925,-0.01145639456808567,0.3827725052833557,-0.22629043459892273,0.009334802627563477,0.32309094071388245,-0.19968973100185394,0.0161643847823143,0.27671006321907043,-0.16234759986400604,0.004123110789805651,0.46141380071640015,-0.033842653036117554,-0.007575004827231169,0.39903032779693604,-0.0660797730088234,0.004449994303286076,0.34509310126304626,-0.054197851568460464,0.024919528514146805,0.30122116208076477,-0.03543738275766373,0.03650446608662605,APPROVED
0.0,0.0,0.0,-0.030603690072894096,-0.3391612768173218,-0.04184682294726372,0.05038886517286301,-0.609129011631012,-0.06515533477067947,0.15656758844852448,-0.8057804107666016,-0.08033829927444458,0.23186235129833221,-0.9686862826347351,-0.08880767971277237,0.372909277677536,-0.5415033102035522,-0.024469126015901566,0.2907724976539612,-0.5361044406890869,-0.019888922572135925,0.22097888588905334,-0.47673922777175903,-0.032130904495716095,0.17880253493785858,-0.4254819452762604,-0.04744186997413635,0.4499131441116333,-0.3746684789657593,-0.016060790047049522,0.3529495894908905,-0.3841750919818878,0.016851332038640976,0.28724825382232666,-0.34697842597961426,0.010809863917529583,0.2488453984260559,-0.29518386721611023,-0.013975117355585098,0.46939465403556824,-0.2017907351255417,-0.006757939234375954,0.3795231580734253,-0.23910509049892426,0.01472483854740858,0.320231556892395,-0.2106475830078125,0.020797381177544594,0.2748166024684906,-0.16789785027503967,0.008248398080468178,0.4568372964859009,-0.04127183556556702,-0.001941003487445414,0.3961986005306244,-0.08291368186473846,0.010920737870037556,0.341985285282135,-0.0687093585729599,0.031451981514692307,0.2986915111541748,-0.04404649883508682,0.04294208437204361,APPROVED
0.0,0.0,0.0,-0.028531141579151154,-0.3384089469909668,-0.040657930076122284,0.05327821522951126,-0.6044239401817322,-0.06481925398111343,0.16056743264198303,-0.8019706010818481,-0.08057165145874023,0.2348720133304596,-0.9679483771324158,-0.08894407749176025,0.38153883814811707,-0.5477567315101624,-0.028742345049977303,0.30186381936073303,-0.5164397954940796,-0.02218385972082615,0.23320499062538147,-0.45560458302497864,-0.03124745562672615,0.18853166699409485,-0.4114130437374115,-0.045167721807956696,0.45862311124801636,-0.37719109654426575,-0.02152944914996624,0.35965362191200256,-0.3582129180431366,0.013534152880311012,0.29341545701026917,-0.3228690028190613,0.008259592577815056,0.25113871693611145,-0.28155288100242615,-0.016862859949469566,0.4772915542125702,-0.1981707066297531,-0.012704509310424328,0.38166338205337524,-0.20869605243206024,0.010460736230015755,0.32176586985588074,-0.18515917658805847,0.016076060011982918,0.2743648290634155,-0.1548488289117813,0.0021561000030487776,0.46255001425743103,-0.03087807074189186,-0.00828618835657835,0.3983011543750763,-0.04617432504892349,0.005199395585805178,0.3447522222995758,-0.03648095577955246,0.024169782176613808,0.3009152412414551,-0.024230357259511948,0.0338449664413929,APPROVED
0.0,0.0,0.0,-0.028131820261478424,-0.34198716282844543,-0.036685921251773834,0.05605354160070419,-0.6050488948822021,-0.05724429339170456,0.16336655616760254,-0.8026753664016724,-0.07085171341896057,0.2368219494819641,-0.9684354662895203,-0.0777696818113327,0.38090306520462036,-0.5413163304328918,-0.01731971465051174,0.29457342624664307,-0.5019729137420654,-0.0073626902885735035,0.22846479713916779,-0.441231906414032,-0.016003159806132317,0.18599189817905426,-0.4009600281715393,-0.030401231721043587,0.45752376317977905,-0.3722599744796753,-0.012196800671517849,0.3538608253002167,-0.342485249042511,0.02585780993103981,0.28740936517715454,-0.30790072679519653,0.018655315041542053,0.2452765852212906,-0.2700851559638977,-0.008437634445726871,0.47623616456985474,-0.19280456006526947,-0.005415197927504778,0.3763964772224426,-0.19417595863342285,0.02058696746826172,0.3156343102455139,-0.17232689261436462,0.024152711033821106,0.26851606369018555,-0.14489051699638367,0.008020204491913319,0.4604688584804535,-0.023201826959848404,-0.003027187893167138,0.39230239391326904,-0.030246375128626823,0.012578830122947693,0.3370586335659027,-0.021437646821141243,0.031003659591078758,0.291865736246109,-0.010821053758263588,0.03956349939107895,APPROVED
0.0,0.0,0.0,-0.029880546033382416,-0.345392107963562,-0.03689959645271301,0.052573613822460175,-0.607398271560669,-0.05921028554439545,0.1609353870153427,-0.802295982837677,-0.07459751516580582,0.23416584730148315,-0.9686216115951538,-0.08329777419567108,0.3858155310153961,-0.5443754196166992,-0.019724121317267418,0.29102984070777893,-0.5071078538894653,-0.013949713669717312,0.21996228396892548,-0.4419153928756714,-0.026198169216513634,0.18019504845142365,-0.3981057405471802,-0.0425824336707592,0.4605577290058136,-0.3730510175228119,-0.015922650694847107,0.352633535861969,-0.34784725308418274,0.01804298721253872,0.2824886441230774,-0.3103106617927551,0.010308456607162952,0.24140140414237976,-0.27031758427619934,-0.01630195789039135,0.478262722492218,-0.19396889209747314,-0.010611792095005512,0.37394586205482483,-0.19906684756278992,0.012696190737187862,0.30896782875061035,-0.17468048632144928,0.018422817811369896,0.2627069354057312,-0.14555980265140533,0.0045080590061843395,0.46299296617507935,-0.026783132925629616,-0.010005039162933826,0.3935272693634033,-0.03831025958061218,0.0051213703118264675,0.3363668620586395,-0.026538826525211334,0.025739027187228203,0.2928434908390045,-0.0130463233217597,0.036339886486530304,APPROVED
0.0,0.0,0.0,-0.021720541641116142,-0.34723061323165894,-0.03512680158019066,0.06346802413463593,-0.608413815498352,-0.056641362607479095,0.1670340597629547,-0.8031659722328186,-0.07123614847660065,0.24190257489681244,-0.9670969843864441,-0.07878212630748749,0.3992595672607422,-0.5525272488594055,-0.018369747325778008,0.2982649505138397,-0.51195228099823,-0.013142353855073452,0.2266530692577362,-0.44669437408447266,-0.026134993880987167,0.18920210003852844,-0.4050027132034302,-0.0431801863014698,0.470367431640625,-0.3756445050239563,-0.01707788184285164,0.35983023047447205,-0.349857896566391,0.01613747328519821,0.2882331609725952,-0.31244540214538574,0.007754724472761154,0.2482176125049591,-0.27511584758758545,-0.018864331766963005,0.4853946268558502,-0.1915677934885025,-0.014131254516541958,0.37820136547088623,-0.1963883340358734,0.006712614558637142,0.31202036142349243,-0.17104321718215942,0.012719234451651573,0.2686865031719208,-0.14297564327716827,-0.0001589538442203775,0.4670390784740448,-0.020786190405488014,-0.015614250674843788,0.39816275238990784,-0.034198734909296036,-0.0019847240764647722,0.33917614817619324,-0.020297788083553314,0.020477280020713806,0.29707419872283936,-0.005354100838303566,0.033083416521549225,APPROVED
0.0,0.0,0.0,-0.02433791197836399,-0.34233471751213074,-0.038016337901353836,0.056958913803100586,-0.6049092411994934,-0.06258506327867508,0.15994387865066528,-0.8023570775985718,-0.08070553094148636,0.23379117250442505,-0.9679252505302429,-0.09199132025241852,0.38842958211898804,-0.5474517941474915,-0.016848111525177956,0.31171858310699463,-0.5193321108818054,-0.015262571163475513,0.24169722199440002,-0.45372527837753296,-0.03298328444361687,0.2017081081867218,-0.4088151752948761,-0.052536822855472565,0.4620595872402191,-0.37262654304504395,-0.013049138709902763,0.36361947655677795,-0.3585204482078552,0.01966230943799019,0.29556241631507874,-0.31828323006629944,0.009833384305238724,0.25680187344551086,-0.2782505750656128,-0.017726659774780273,0.4782378375530243,-0.19153863191604614,-0.008780192583799362,0.38031113147735596,-0.20826391875743866,0.01340080052614212,0.3168945908546448,-0.17796631157398224,0.018991295248270035,0.2726796269416809,-0.14612989127635956,0.005692742299288511,0.46237924695014954,-0.02388010174036026,-0.009270227514207363,0.39671024680137634,-0.04568599537014961,0.00632114801555872,0.34064948558807373,-0.028673047199845314,0.028287610039114952,0.29798027873039246,-0.00910008605569601,0.040315065532922745,APPROVED
0.0,0.0,0.0,-0.017123373225331306,-0.34523218870162964,-0.03503790497779846,0.06568202376365662,-0.6094073057174683,-0.059503186494112015,0.16750875115394592,-0.80381178855896,-0.07623732835054398,0.23672540485858917,-0.9678086638450623,-0.08548372983932495,0.40132614970207214,-0.5542137622833252,-0.029868198558688164,0.306488037109375,-0.5076707005500793,-0.025799715891480446,0.23816150426864624,-0.4448489546775818,-0.037393245846033096,0.2006070613861084,-0.40583592653274536,-0.053706493228673935,0.4715437889099121,-0.3787773847579956,-0.029539383947849274,0.3683520257472992,-0.35166338086128235,0.001921568182297051,0.2998705804347992,-0.3167240619659424,-0.003626820631325245,0.2596835196018219,-0.2793075442314148,-0.028500929474830627,0.48531630635261536,-0.1958446502685547,-0.02687622420489788,0.3865183889865875,-0.19938185811042786,-0.0061706858687102795,0.32174935936927795,-0.17832668125629425,0.002659174846485257,0.2774968147277832,-0.1523909866809845,-0.008873740211129189,0.4660547375679016,-0.026210883632302284,-0.028683923184871674,0.40051692724227905,-0.039270322769880295,-0.01583060622215271,0.34181588888168335,-0.029186081141233444,0.007128632161766291,0.2994760274887085,-0.017328843474388123,0.019803717732429504,APPROVED
0.0,0.0,0.0,-0.023555435240268707,-0.3424566090106964,-0.033026646822690964,0.056590691208839417,-0.604790449142456,-0.056459151208400726,0.1596781313419342,-0.8040489554405212,-0.07283337414264679,0.22407792508602142,-0.9711134433746338,-0.08202270418405533,0.38490191102027893,-0.5547415018081665,-0.02574574574828148,0.29242950677871704,-0.5044682025909424,-0.01885824091732502,0.22668412327766418,-0.43866947293281555,-0.02742818370461464,0.18830431997776031,-0.3994287848472595,-0.0420348159968853,0.4583151638507843,-0.3799839913845062,-0.025940151885151863,0.3507067561149597,-0.3427298963069916,0.008668437600135803,0.28170493245124817,-0.30608469247817993,0.002353994408622384,0.2421400249004364,-0.27165886759757996,-0.023602506145834923,0.473908007144928,-0.19527994096279144,-0.023487193509936333,0.3688637316226959,-0.18994060158729553,-0.000896231853403151,0.3052736222743988,-0.1688855141401291,0.004175048787146807,0.2636202275753021,-0.14627867937088013,-0.010661467909812927,0.4553331434726715,-0.022513268515467644,-0.025052258744835854,0.3838672935962677,-0.027993610128760338,-0.011585616506636143,0.3264080286026001,-0.017918379977345467,0.00856029149144888,0.2846052050590515,-0.008424786850810051,0.018610844388604164,APPROVED
0.0,0.0,0.0,-0.01568513922393322,-0.33805614709854126,-0.032642003148794174,0.06439821422100067,-0.5990545153617859,-0.05774225294589996,0.16044209897518158,-0.8031915426254272,-0.07530011981725693,0.21856950223445892,-0.9720890522003174,-0.08526551723480225,0.3849541246891022,-0.5617383122444153,-0.03125804290175438,0.2982926666736603,-0.5110512971878052,-0.024305226281285286,0.22988684475421906,-0.44180816411972046,-0.029985904693603516,0.18846014142036438,-0.40256810188293457,-0.04237012192606926,0.4564472734928131,-0.39217594265937805,-0.031087882816791534,0.3580843508243561,-0.3555895686149597,0.001235979376360774,0.2866895794868469,-0.3159518241882324,-0.0020991854835301638,0.2431834638118744,-0.2788674533367157,-0.025246068835258484,0.47366973757743835,-0.21192878484725952,-0.027776364237070084,0.3788261413574219,-0.20784001052379608,-0.006828581914305687,0.3144666254520416,-0.1819629967212677,0.0019784895703196526,0.2687458395957947,-0.15261517465114594,-0.009501234628260136,0.4600273668766022,-0.04141507297754288,-0.028232848271727562,0.39579519629478455,-0.051897209137678146,-0.015489024110138416,0.3367602825164795,-0.036741118878126144,0.007145637646317482,0.2934407889842987,-0.020332271233201027,0.019571125507354736,APPROVED
0.0,0.0,0.0,-0.011896624229848385,-0.34014055132865906,-0.030681034550070763,0.06903485208749771,-0.6015969514846802,-0.056185461580753326,0.16675114631652832,-0.8030322790145874,-0.0747644305229187,0.22515828907489777,-0.9706047773361206,-0.08503011614084244,0.3890557289123535,-0.571645200252533,-0.030675243586301804,0.3145562410354614,-0.5287899374961853,-0.02787148393690586,0.2438717931509018,-0.4575217664241791,-0.03598102927207947,0.19984698295593262,-0.41685420274734497,-0.049305398017168045,0.460609495639801,-0.4065510332584381,-0.032572757452726364,0.3658270835876465,-0.3676466941833496,-0.005285193212330341,0.29254212975502014,-0.32338985800743103,-0.009824343957006931,0.24737410247325897,-0.2853703200817108,-0.03218148648738861,0.47886037826538086,-0.22890859842300415,-0.03180316835641861,0.3861270546913147,-0.21606437861919403,-0.013750981539487839,0.31943821907043457,-0.18922370672225952,-0.004758034832775593,0.27121618390083313,-0.16222842037677765,-0.014933787286281586,0.46602174639701843,-0.05892014503479004,-0.03481128066778183,0.4037861227989197,-0.058957818895578384,-0.023919057101011276,0.3420289158821106,-0.04513237997889519,-0.0024900587741285563,0.2967923879623413,-0.03409354388713837,0.010095404461026192,APPROVED
0.0,0.0,0.0,-0.013901079073548317,-0.33918243646621704,-0.02952473610639572,0.06853736191987991,-0.6021175980567932,-0.05126969516277313,0.16939935088157654,-0.8013966679573059,-0.06680779159069061,0.2277737557888031,-0.9707965850830078,-0.0753202959895134,0.39006176590919495,-0.5662643909454346,-0.025930749252438545,0.3174515664577484,-0.5119115710258484,-0.023566940799355507,0.2517050802707672,-0.4421146512031555,-0.03410101309418678,0.2096506655216217,-0.404736191034317,-0.04941617697477341,0.46539852023124695,-0.3946603238582611,-0.028555892407894135,0.3732745945453644,-0.3485053479671478,0.001080706249922514,0.3032582700252533,-0.30659767985343933,-0.005011523142457008,0.2583984434604645,-0.2737955152988434,-0.02942531928420067,0.4866149127483368,-0.20994986593723297,-0.02866820991039276,0.3927224278450012,-0.19304224848747253,-0.01084096822887659,0.3273969292640686,-0.16801698505878448,-0.003413816448301077,0.27954161167144775,-0.14689379930496216,-0.015019410289824009,0.4739321172237396,-0.03391135483980179,-0.032511141151189804,0.40996167063713074,-0.03267005831003189,-0.022752171382308006,0.347247838973999,-0.019993016496300697,-0.0014655254781246185,0.30009591579437256,-0.011849427595734596,0.010756490752100945,APPROVED
0.0,0.0,0.0,-0.02979099377989769,-0.3311428725719452,-0.03896639868617058,0.051971469074487686,-0.5933132171630859,-0.06387708336114883,0.1475435197353363,-0.7965477705001831,-0.08247596025466919,0.20291408896446228,-0.9745814204216003,-0.09495784342288971,0.36674028635025024,-0.5620830655097961,-0.02593008056282997,0.30761778354644775,-0.5087249875068665,-0.028867771849036217,0.24197883903980255,-0.44997164607048035,-0.0468631386756897,0.19791758060455322,-0.420382559299469,-0.06745747476816177,0.4448418915271759,-0.39243704080581665,-0.025021729990839958,0.35959669947624207,-0.34603577852249146,0.0017018221551552415,0.2905595898628235,-0.3100352883338928,-0.009232900105416775,0.245915949344635,-0.2825632691383362,-0.03729512169957161,0.4675895571708679,-0.2079365849494934,-0.023498089984059334,0.37694859504699707,-0.1934552937746048,-0.00791099201887846,0.3126319646835327,-0.1676664501428604,-0.00207938882522285,0.26421207189559937,-0.14771915972232819,-0.015007192268967628,0.458662748336792,-0.03232647851109505,-0.026727726683020592,0.39397773146629333,-0.027597863227128983,-0.018647873774170876,0.3342922329902649,-0.012580984272062778,0.0013684378936886787,0.28840965032577515,-0.0016010710969567299,0.012162779457867146,APPROVED
0.0,0.0,0.0,-0.013888191431760788,-0.34093841910362244,-0.03128781542181969,0.06249764934182167,-0.6025727391242981,-0.05518145114183426,0.15792275965213776,-0.8031035661697388,-0.0727725476026535,0.2199176400899887,-0.9720003604888916,-0.08277416229248047,0.3859267830848694,-0.5673149228096008,-0.03031349740922451,0.3094831705093384,-0.5080718398094177,-0.02961750328540802,0.2409597784280777,-0.43856778740882874,-0.03925104811787605,0.19788198173046112,-0.4015895128250122,-0.053650323301553726,0.461941659450531,-0.3964110016822815,-0.033441636711359024,0.36569151282310486,-0.3454379439353943,-0.006726923398673534,0.2924058139324188,-0.30411526560783386,-0.01216658391058445,0.24692218005657196,-0.2733594477176666,-0.03539494797587395,0.4838760793209076,-0.21092216670513153,-0.03410092741250992,0.3865024745464325,-0.1906200796365738,-0.017791911959648132,0.3187456727027893,-0.16599617898464203,-0.00891583040356636,0.27238407731056213,-0.14731954038143158,-0.0191853828728199,0.47027331590652466,-0.03235742077231407,-0.03873347118496895,0.4029119610786438,-0.02653258480131626,-0.030116984620690346,0.33907350897789,-0.015536933206021786,-0.008458218537271023,0.29348480701446533,-0.01127066183835268,0.004372230730950832,APPROVED
0.0,0.0,0.0,-0.0053325737826526165,-0.3385401666164398,-0.03414479270577431,0.0741066262125969,-0.5987286567687988,-0.06205965206027031,0.1675480604171753,-0.7994096875190735,-0.08307485282421112,0.22503989934921265,-0.9696073532104492,-0.09601370990276337,0.3920271396636963,-0.5592636466026306,-0.03815625235438347,0.3264773190021515,-0.4996058940887451,-0.03855479136109352,0.25822198390960693,-0.4341908395290375,-0.04779960960149765,0.2115510255098343,-0.40162014961242676,-0.06214519962668419,0.4657043218612671,-0.3891010880470276,-0.040738847106695175,0.37984827160835266,-0.3406115472316742,-0.0165559034794569,0.3079209327697754,-0.30164068937301636,-0.021871063858270645,0.258431077003479,-0.27184903621673584,-0.044681012630462646,0.4863426983356476,-0.205423966050148,-0.0407068133354187,0.3941786289215088,-0.18549786508083344,-0.02576396055519581,0.3271668553352356,-0.16293865442276,-0.015889979898929596,0.27634984254837036,-0.14459431171417236,-0.025188518688082695,0.47244560718536377,-0.028959736227989197,-0.04485202953219414,0.4103487432003021,-0.024931270629167557,-0.03785330429673195,0.34780237078666687,-0.01563262939453125,-0.016358569264411926,0.29965752363204956,-0.011705496348440647,-0.0034061202313750982,APPROVED
0.0,0.0,0.0,-0.004452089313417673,-0.33355459570884705,-0.030940119177103043,0.0774211660027504,-0.5958454012870789,-0.056670621037483215,0.1653570979833603,-0.7998998165130615,-0.07561452686786652,0.22138817608356476,-0.9713178277015686,-0.08676934242248535,0.3905266225337982,-0.568993330001831,-0.032524071633815765,0.3215171694755554,-0.5153605341911316,-0.028696486726403236,0.2573946416378021,-0.4462011456489563,-0.0354248471558094,0.21313060820102692,-0.4081369936466217,-0.04790392518043518,0.46492961049079895,-0.39811548590660095,-0.03439260274171829,0.3738945424556732,-0.3559040129184723,-0.005024436861276627,0.30460458993911743,-0.31678590178489685,-0.009377030655741692,0.258206844329834,-0.2831219434738159,-0.031473543494939804,0.48597678542137146,-0.2132381796836853,-0.0330381840467453,0.39275047183036804,-0.20349186658859253,-0.014027023687958717,0.3283589482307434,-0.18020479381084442,-0.00545076746493578,0.28073132038116455,-0.1574849784374237,-0.015894774347543716,0.47277724742889404,-0.037894394248723984,-0.03535833582282066,0.4059298038482666,-0.04322245344519615,-0.025164637714624405,0.344073086977005,-0.03072677180171013,-0.0031843185424804688,0.29729822278022766,-0.02028058096766472,0.01001148670911789,APPROVED
0.0,0.0,0.0,-0.006920096930116415,-0.3295104503631592,-0.03377756103873253,0.07363395392894745,-0.5891526937484741,-0.06138738989830017,0.1568201184272766,-0.7964788675308228,-0.08289127051830292,0.2134992927312851,-0.9720537066459656,-0.09761960804462433,0.38364526629447937,-0.5648379325866699,-0.030893752351403236,0.33161497116088867,-0.5167315006256104,-0.028531702235341072,0.2650008499622345,-0.45007628202438354,-0.039584171026945114,0.21923169493675232,-0.41645920276641846,-0.05563969910144806,0.4576679468154907,-0.3935885429382324,-0.030850449576973915,0.37614479660987854,-0.3552977442741394,-0.002060997998341918,0.3077253997325897,-0.31600940227508545,-0.009837079793214798,0.2595255672931671,-0.28228580951690674,-0.035147953778505325,0.47761818766593933,-0.20916450023651123,-0.02827991358935833,0.3916608691215515,-0.20418265461921692,-0.007737620733678341,0.3274773061275482,-0.17722441256046295,0.0014277221634984016,0.2746434509754181,-0.15216398239135742,-0.009499969892203808,0.46725472807884216,-0.0344548337161541,-0.029712075367569923,0.4052736163139343,-0.03966756910085678,-0.017287297174334526,0.3450451195240021,-0.02566520683467388,0.004930911120027304,0.29618126153945923,-0.012426212430000305,0.017468206584453583,APPROVED
0.0,0.0,0.0,-0.002440099138766527,-0.331665575504303,-0.02483665570616722,0.08627798408269882,-0.5906680226325989,-0.04618019983172417,0.1774422526359558,-0.794913649559021,-0.06296943873167038,0.22605547308921814,-0.971340537071228,-0.07346010953187943,0.39323800802230835,-0.5636429786682129,-0.01749095506966114,0.3253019154071808,-0.5005738139152527,-0.011973564513027668,0.2571096420288086,-0.4348914623260498,-0.02259082905948162,0.21023237705230713,-0.40257972478866577,-0.03881929814815521,0.4664936661720276,-0.39652562141418457,-0.022366933524608612,0.3748057186603546,-0.3435857594013214,0.010054045356810093,0.30424052476882935,-0.30675190687179565,0.003288391511887312,0.2569822669029236,-0.27722635865211487,-0.021186865866184235,0.4867149591445923,-0.21278873085975647,-0.024352911859750748,0.3924677073955536,-0.19372312724590302,-0.0020955177024006844,0.3270043432712555,-0.1712622493505478,0.0056216358207166195,0.27927106618881226,-0.1534985899925232,-0.006129353307187557,0.47290098667144775,-0.03715713694691658,-0.029945814982056618,0.4078719913959503,-0.03110569715499878,-0.016900867223739624,0.3458106517791748,-0.01926225796341896,0.0055945939384400845,0.29947489500045776,-0.013473753817379475,0.018495073541998863,APPROVED
0.0,0.0,0.0,-0.012472856789827347,-0.3303059935569763,-0.034165944904088974,0.07474738359451294,-0.5868514180183411,-0.05982809513807297,0.16617988049983978,-0.7909601926803589,-0.0793641209602356,0.2180783748626709,-0.9715853929519653,-0.09199809283018112,0.3841160833835602,-0.5590644478797913,-0.028349993750452995,0.31670185923576355,-0.4888461232185364,-0.028107965365052223,0.24985958635807037,-0.42168235778808594,-0.04026777297258377,0.2028731405735016,-0.39202964305877686,-0.05693510174751282,0.45929935574531555,-0.388525128364563,-0.030032331123948097,0.36590686440467834,-0.3290170729160309,-0.003791501047089696,0.29548075795173645,-0.2908375561237335,-0.012420913204550743,0.24921974539756775,-0.2625758647918701,-0.037599701434373856,0.48167696595191956,-0.20405949652194977,-0.02969546802341938,0.3858379125595093,-0.17763736844062805,-0.012392853386700153,0.32070234417915344,-0.1537078619003296,-0.004515359178185463,0.2733027935028076,-0.1377631574869156,-0.0156790092587471,0.4699826240539551,-0.027139313519001007,-0.03388519585132599,0.4031849503517151,-0.00971563532948494,-0.025431141257286072,0.3413994014263153,0.0025820082519203424,-0.004905323497951031,0.29552730917930603,0.005104832351207733,0.0070533002726733685,APPROVED
0.0,0.0,0.0,-0.01670750044286251,-0.3291686177253723,-0.031020477414131165,0.06299827247858047,-0.5914669632911682,-0.054288044571876526,0.1508582979440689,-0.7989208698272705,-0.07126530259847641,0.2052733302116394,-0.9752913117408752,-0.08166824281215668,0.3702000081539154,-0.564578652381897,-0.022110866382718086,0.3055263161659241,-0.5034713745117188,-0.011824161745607853,0.24146327376365662,-0.4412369132041931,-0.018334945663809776,0.19733987748622894,-0.40848544239997864,-0.031961824744939804,0.44369593262672424,-0.3964645564556122,-0.020991459488868713,0.35744139552116394,-0.3507327437400818,0.017714044079184532,0.29222527146339417,-0.3162224292755127,0.014111180789768696,0.24770082533359528,-0.2838345766067505,-0.010469094850122929,0.46497005224227905,-0.21669995784759521,-0.01703851856291294,0.3775530457496643,-0.20828942954540253,0.011881249025464058,0.3181050717830658,-0.18361712992191315,0.02213018573820591,0.26908284425735474,-0.1594322770833969,0.009879941120743752,0.455696702003479,-0.04664277657866478,-0.01718837395310402,0.39902108907699585,-0.04861007630825043,0.0012706791749224067,0.34216830134391785,-0.035693105310201645,0.025731468573212624,0.29486826062202454,-0.025254569947719574,0.0385412722826004,APPROVED
0.0,0.0,0.0,-0.013727081939578056,-0.3320516347885132,-0.02235771343111992,0.06802293658256531,-0.5928765535354614,-0.04103163629770279,0.1540399193763733,-0.8035733103752136,-0.05567985773086548,0.20474956929683685,-0.9767009615898132,-0.06428702920675278,0.3735228180885315,-0.5696767568588257,-0.004374793730676174,0.3286641836166382,-0.5297293066978455,0.012079736217856407,0.262791246175766,-0.4675779640674591,0.008079604245722294,0.21802674233913422,-0.4336123466491699,-0.003739316714927554,0.44734805822372437,-0.40440115332603455,-0.004035925958305597,0.3722650110721588,-0.3746855556964874,0.04007923603057861,0.3059719204902649,-0.335921049118042,0.03642091900110245,0.26136818528175354,-0.29823943972587585,0.012353654950857162,0.4681623578071594,-0.22558210790157318,-0.0005018631345592439,0.3892535865306854,-0.23016412556171417,0.03460263833403587,0.3293468654155731,-0.20175296068191528,0.04399538040161133,0.2782067358493805,-0.17261779308319092,0.03127261623740196,0.45886391401290894,-0.05602456256747246,-7.949589053168893e-05,0.40873590111732483,-0.06880972534418106,0.02603691816329956,0.3519696891307831,-0.054677993059158325,0.05171753838658333,0.30347856879234314,-0.03939805552363396,0.06499815732240677,APPROVED
0.0,0.0,0.0,-0.009784817695617676,-0.3271474242210388,-0.023211559280753136,0.07080113887786865,-0.5908321738243103,-0.04335668310523033,0.15583865344524384,-0.8023039698600769,-0.059021707624197006,0.20721827447414398,-0.9759314060211182,-0.06795991212129593,0.37629005312919617,-0.5746228694915771,-0.012194979935884476,0.3419478237628937,-0.5099143981933594,0.0025750647764652967,0.27529188990592957,-0.45213955640792847,0.0008485880680382252,0.22663863003253937,-0.4288298487663269,-0.00963818933814764,0.4495486617088318,-0.41093093156814575,-0.012957900762557983,0.38172608613967896,-0.35831114649772644,0.028273843228816986,0.31338876485824585,-0.3216794431209564,0.026670873165130615,0.26621630787849426,-0.2924374043941498,0.003966508433222771,0.47098472714424133,-0.23119010031223297,-0.010587899014353752,0.39945104718208313,-0.21609321236610413,0.02180429734289646,0.337994247674942,-0.18886734545230865,0.03265116736292839,0.28536465764045715,-0.16708676517009735,0.020694032311439514,0.46309641003608704,-0.0585186742246151,-0.011356222443282604,0.4169694483280182,-0.055903360247612,0.01152011752128601,0.3582853078842163,-0.04190542548894882,0.03595708683133125,0.309001088142395,-0.03351404890418053,0.048365268856287,APPROVED
0.0,0.0,0.0,-0.012065925635397434,-0.3244902789592743,-0.031331371515989304,0.06587541848421097,-0.5900381803512573,-0.05540270730853081,0.15028508007526398,-0.8023461699485779,-0.07312644273042679,0.20151004195213318,-0.975899875164032,-0.08374430239200592,0.3697853982448578,-0.5746252536773682,-0.0244882944971323,0.3349825441837311,-0.5093209147453308,-0.01449543796479702,0.2712855637073517,-0.45036831498146057,-0.017994247376918793,0.22227256000041962,-0.42779451608657837,-0.02912433072924614,0.4443442225456238,-0.40821048617362976,-0.022801149636507034,0.3756503462791443,-0.3586132824420929,0.012150230817496777,0.30910369753837585,-0.32157209515571594,0.00882477406412363,0.26065006852149963,-0.29260197281837463,-0.013948263600468636,0.4673745930194855,-0.22720888257026672,-0.018387380987405777,0.3948374092578888,-0.21517492830753326,0.006962095387279987,0.3341527283191681,-0.18761423230171204,0.016932925209403038,0.281351774930954,-0.16455116868019104,0.006101695355027914,0.46038439869880676,-0.053757671266794205,-0.01743282377719879,0.4125569462776184,-0.05617798492312431,-0.001550865825265646,0.3547310531139374,-0.041790302842855453,0.021083848550915718,0.3061365783214569,-0.03129292652010918,0.033596474677324295,APPROVED
0.0,0.0,0.0,-0.011843360960483551,-0.3278661072254181,-0.029655933380126953,0.06798014044761658,-0.5921921133995056,-0.0531364306807518,0.15283994376659393,-0.8020212650299072,-0.06991837918758392,0.20459550619125366,-0.975613534450531,-0.07949145138263702,0.3738726079463959,-0.5727295875549316,-0.027941899374127388,0.31919845938682556,-0.5175679326057434,-0.01730235479772091,0.25299036502838135,-0.45668935775756836,-0.01997045986354351,0.20672596991062164,-0.4286167621612549,-0.030712435021996498,0.44776442646980286,-0.40616267919540405,-0.026610704138875008,0.3641239106655121,-0.36004146933555603,0.009567990899085999,0.2964556813240051,-0.3217959403991699,0.007112873252481222,0.2504465878009796,-0.2905428111553192,-0.015629276633262634,0.46962451934814453,-0.22480404376983643,-0.021723322570323944,0.3810797333717346,-0.21323862671852112,0.005540470127016306,0.3206397294998169,-0.18870069086551666,0.015038243494927883,0.27017465233802795,-0.16630330681800842,0.002800666494295001,0.45977479219436646,-0.05245960131287575,-0.02028173953294754,0.3972903788089752,-0.05313681811094284,-0.004773886874318123,0.33960479497909546,-0.040362123399972916,0.01656235381960869,0.2924065887928009,-0.031893130391836166,0.027909239754080772,APPROVED
0.0,0.0,0.0,-0.012447547167539597,-0.3288721442222595,-0.031064484268426895,0.06987792998552322,-0.5903253555297852,-0.05521084740757942,0.15506049990653992,-0.7980660200119019,-0.07316787540912628,0.2056872695684433,-0.974945068359375,-0.08470501750707626,0.3778799772262573,-0.5669350028038025,-0.026707835495471954,0.31609997153282166,-0.5098732113838196,-0.01989034004509449,0.2480785846710205,-0.44740548729896545,-0.028369911015033722,0.2038203775882721,-0.416203111410141,-0.04327944666147232,0.45156192779541016,-0.3978809416294098,-0.026930296793580055,0.366319864988327,-0.35345226526260376,0.007445408962666988,0.2986375689506531,-0.31701093912124634,0.0024254501331597567,0.2540246546268463,-0.28482747077941895,-0.02214490808546543,0.4720020294189453,-0.2150977998971939,-0.024112775921821594,0.38266491889953613,-0.20759275555610657,0.0015904317842796445,0.32009971141815186,-0.18241989612579346,0.012303231284022331,0.2715522050857544,-0.15860264003276825,0.001099061919376254,0.46003660559654236,-0.04251584783196449,-0.02529345452785492,0.3985772430896759,-0.04730183258652687,-0.010151348076760769,0.3408195376396179,-0.03284766152501106,0.013648709282279015,0.2955890893936157,-0.02075718529522419,0.02674820087850094,APPROVED
0.0,0.0,0.0,-0.01627213880419731,-0.3306460678577423,-0.02339802496135235,0.07008425891399384,-0.5943892598152161,-0.043200891464948654,0.1593000441789627,-0.8003746271133423,-0.05825870856642723,0.20815198123455048,-0.9757829308509827,-0.06723348051309586,0.3811401128768921,-0.5713070034980774,-0.013565492816269398,0.31579604744911194,-0.5284444093704224,-0.0027509203646332026,0.2471235990524292,-0.46612539887428284,-0.011635269038379192,0.20400884747505188,-0.4307423233985901,-0.027095835655927658,0.4533500373363495,-0.4061797261238098,-0.015262174420058727,0.3643447756767273,-0.3701685667037964,0.02449936978518963,0.2967076897621155,-0.33227333426475525,0.02041754312813282,0.25329259037971497,-0.294742614030838,-0.0038117608055472374,0.47138139605522156,-0.22589898109436035,-0.013693886809051037,0.38129669427871704,-0.221917062997818,0.017316831275820732,0.3191514015197754,-0.19764918088912964,0.026907294988632202,0.26951804757118225,-0.1716306358575821,0.014342986047267914,0.4588667154312134,-0.054974645376205444,-0.01570737548172474,0.3961552083492279,-0.05734221637248993,0.004991135094314814,0.3374631404876709,-0.04550072178244591,0.028616445139050484,0.2903888523578644,-0.03477820008993149,0.04087328165769577,APPROVED
0.0,0.0,0.0,-0.01570686511695385,-0.3289790749549866,-0.021494241431355476,0.07459311932325363,-0.5947129130363464,-0.03799189627170563,0.16333484649658203,-0.8023247718811035,-0.05123956501483917,0.2107284814119339,-0.9757611155509949,-0.059023622423410416,0.3781762719154358,-0.5736942291259766,-0.0021508329082280397,0.3325245976448059,-0.5267888307571411,0.0075905718840658665,0.265727698802948,-0.47079792618751526,-0.0034201890230178833,0.22339682281017303,-0.44360366463661194,-0.020175553858280182,0.4515388607978821,-0.41041457653045654,-0.005061679054051638,0.3739281892776489,-0.3690628111362457,0.034258950501680374,0.30695733428001404,-0.332898885011673,0.0288751982152462,0.263300359249115,-0.29969388246536255,0.004446581471711397,0.4721161723136902,-0.2309185117483139,-0.006027646362781525,0.3906581699848175,-0.2219097912311554,0.02341677062213421,0.3292804956436157,-0.19648025929927826,0.03163266181945801,0.2789458930492401,-0.17206929624080658,0.01919718086719513,0.4627566337585449,-0.05909978598356247,-0.010432257317006588,0.4080101251602173,-0.05915382131934166,0.009636366739869118,0.3494754135608673,-0.045829903334379196,0.032725848257541656,0.30147621035575867,-0.03483620658516884,0.0451308898627758,APPROVED
0.0,0.0,0.0,-0.00967242568731308,-0.3311637341976166,-0.025075362995266914,0.08173894137144089,-0.5907796025276184,-0.04614831507205963,0.17072391510009766,-0.7959790825843811,-0.06267625093460083,0.2177494913339615,-0.973289966583252,-0.07274466753005981,0.3884868323802948,-0.5704987049102783,-0.017955318093299866,0.3446926474571228,-0.4979880154132843,-0.011273208074271679,0.27494391798973083,-0.44062522053718567,-0.020957911387085915,0.22600635886192322,-0.4220066964626312,-0.037510935217142105,0.4605904221534729,-0.40382975339889526,-0.022466454654932022,0.38533100485801697,-0.3412747085094452,0.011982782743871212,0.31530335545539856,-0.3050672113895416,0.006956436671316624,0.26841047406196594,-0.2803690433502197,-0.017458735033869743,0.48132139444351196,-0.2203415036201477,-0.02433476410806179,0.4002629518508911,-0.19412335753440857,0.00019597979553509504,0.3352137804031372,-0.17013689875602722,0.01019032672047615,0.2839733064174652,-0.15523765981197357,-0.001290903426706791,0.470156729221344,-0.04443574696779251,-0.029914865270256996,0.41265973448753357,-0.029257258400321007,-0.016169816255569458,0.35132327675819397,-0.015903694555163383,0.006078045349568129,0.30292487144470215,-0.012722114101052284,0.018235553056001663,APPROVED
0.0,0.0,0.0,-0.00805031880736351,-0.33644089102745056,-0.020273450762033463,0.09801092743873596,-0.5990961790084839,-0.0341838076710701,0.1947704702615738,-0.7977498173713684,-0.044220976531505585,0.2388981729745865,-0.9698547124862671,-0.04805644974112511,0.3946439027786255,-0.5770570635795593,-0.00878511369228363,0.3744385242462158,-0.4764643609523773,-0.0047139571979641914,0.3026776909828186,-0.4222527742385864,-0.018383974209427834,0.24522192776203156,-0.409417062997818,-0.036562565714120865,0.46528202295303345,-0.4120396375656128,-0.014868109486997128,0.40963417291641235,-0.3291878402233124,0.01981588639318943,0.3383687436580658,-0.2943618595600128,0.015650233253836632,0.2853230834007263,-0.2766123414039612,-0.006656954064965248,0.4866679906845093,-0.2275245189666748,-0.019500218331813812,0.4221378266811371,-0.1862889528274536,0.002267134143039584,0.35477250814437866,-0.16457518935203552,0.0096001997590065,0.2979448437690735,-0.15612691640853882,-0.0014039393281564116,0.47715887427330017,-0.049876317381858826,-0.02737547643482685,0.4279651641845703,-0.026971731334924698,-0.01457026693969965,0.3641335964202881,-0.012856077402830124,0.0060144574381411076,0.31175491213798523,-0.011160165071487427,0.017821723595261574,APPROVED
0.0,0.0,0.0,-0.0038862412329763174,-0.32725292444229126,-0.012109413743019104,0.1124306172132492,-0.592522919178009,-0.021321481093764305,0.21456417441368103,-0.7922507524490356,-0.029174385592341423,0.2539007365703583,-0.9667063355445862,-0.031831834465265274,0.4064927101135254,-0.5894166231155396,-0.00045918981777504086,0.4274255633354187,-0.4622809886932373,0.00047327092033810914,0.3538719713687897,-0.4084402024745941,-0.015840310603380203,0.28796181082725525,-0.40925952792167664,-0.03549288585782051,0.47606220841407776,-0.4264277219772339,-0.011263970285654068,0.45351502299308777,-0.31918415427207947,0.021986190229654312,0.3775463402271271,-0.28108546137809753,0.01864975318312645,0.31608283519744873,-0.2715945839881897,-0.0021202873904258013,0.49806010723114014,-0.23844632506370544,-0.02108372002840042,0.46045902371406555,-0.1729724109172821,-0.0002338269114261493,0.3867254853248596,-0.14782953262329102,0.00908856000751257,0.32120630145072937,-0.14657273888587952,-2.6694466214394197e-05,0.4901854395866394,-0.054410647600889206,-0.0337408110499382,0.4591362178325653,-0.01432513352483511,-0.020582471042871475,0.39012473821640015,0.004243829753249884,0.0004784013726748526,0.3312465250492096,0.0019813261460512877,0.012636708095669746,APPROVED
0.0,0.0,0.0,0.002267158590257168,-0.32400038838386536,-0.012197024188935757,0.11056961119174957,-0.5926277041435242,-0.02429058961570263,0.20443189144134521,-0.7950977087020874,-0.03631078451871872,0.24596388638019562,-0.9683230519294739,-0.04303714260458946,0.40999990701675415,-0.5879320502281189,0.002432550536468625,0.4307810068130493,-0.47559863328933716,0.0018833690555766225,0.3622052073478699,-0.4215518534183502,-0.014949776232242584,0.29833224415779114,-0.4180099666118622,-0.03461538255214691,0.48017507791519165,-0.42252740263938904,-0.00974187534302473,0.4574391543865204,-0.3283354341983795,0.01984483376145363,0.3846014738082886,-0.2926797866821289,0.01292015053331852,0.3209012448787689,-0.2802650034427643,-0.00949226412922144,0.5044942498207092,-0.23847581446170807,-0.021165834739804268,0.46457555890083313,-0.1787303388118744,0.0010956681799143553,0.39808112382888794,-0.14925707876682281,0.010095770470798016,0.33330678939819336,-0.14064349234104156,0.0003648300771601498,0.5001721382141113,-0.057165779173374176,-0.03604352846741676,0.46423420310020447,-0.016717031598091125,-0.021854717284440994,0.3993821442127228,0.005439373664557934,-0.0016468120738863945,0.3408229947090149,0.008801675401628017,0.01024726964533329,APPROVED
0.0,0.0,0.0,-0.0002501930866856128,-0.3284203112125397,-0.019123699516057968,0.09684997797012329,-0.6013694405555725,-0.03763946518301964,0.18978454172611237,-0.8024701476097107,-0.055250320583581924,0.22303470969200134,-0.9724861979484558,-0.06727606058120728,0.37135446071624756,-0.5832791924476624,-0.013222119770944118,0.39646080136299133,-0.48838600516319275,-0.027165984734892845,0.3244898319244385,-0.4226990044116974,-0.0520310252904892,0.25695928931236267,-0.40750133991241455,-0.07522764056921005,0.4407076835632324,-0.4219169616699219,-0.024964643642306328,0.42918360233306885,-0.3347484767436981,-0.00936869066208601,0.3528476357460022,-0.28643590211868286,-0.01781766302883625,0.2870367765426636,-0.26714015007019043,-0.03875109553337097,0.4658421277999878,-0.23794527351856232,-0.03719210997223854,0.4429225027561188,-0.1783594787120819,-0.03062083013355732,0.3698200583457947,-0.14689625799655914,-0.022018127143383026,0.3012886047363281,-0.1343735158443451,-0.02821706235408783,0.46492302417755127,-0.0544847808778286,-0.05271618440747261,0.4434967041015625,-0.013856012374162674,-0.048760123550891876,0.3740796148777008,0.008816689252853394,-0.028759103268384933,0.3157384395599365,0.015240318141877651,-0.015729347243905067,APPROVED
0.0,0.0,0.0,0.0019312482327222824,-0.3249436318874359,-0.020076239481568336,0.09533161669969559,-0.5972193479537964,-0.03913149982690811,0.18433786928653717,-0.7982394099235535,-0.05856534466147423,0.21989119052886963,-0.9728206992149353,-0.07257883995771408,0.38050833344459534,-0.5850875973701477,-0.005805943626910448,0.4145570695400238,-0.4854981303215027,-0.025535421445965767,0.3438358008861542,-0.4248189330101013,-0.058201029896736145,0.2774882912635803,-0.414361834526062,-0.08620767295360565,0.4475662410259247,-0.41778117418289185,-0.018043100833892822,0.44372522830963135,-0.33121541142463684,-0.003075656481087208,0.369365394115448,-0.28842830657958984,-0.014035076834261417,0.30277642607688904,-0.27398815751075745,-0.03752107918262482,0.4714638292789459,-0.23509348928928375,-0.032238081097602844,0.4512520730495453,-0.1759820580482483,-0.02222483977675438,0.3827734887599945,-0.1435115486383438,-0.01153028104454279,0.31409329175949097,-0.13203395903110504,-0.017818694934248924,0.4694422483444214,-0.055594783276319504,-0.05064476281404495,0.43994078040122986,-0.011014731600880623,-0.043586794286966324,0.3724491000175476,0.009478971362113953,-0.022596418857574463,0.3134104907512665,0.009786787442862988,-0.009370938874781132,APPROVED
0.0,0.0,0.0,-0.00982852466404438,-0.3289089500904083,-0.024748390540480614,0.08923769742250443,-0.6064062714576721,-0.04142876714468002,0.19053365290164948,-0.8047991991043091,-0.05496753007173538,0.2245190143585205,-0.9724740982055664,-0.06233208626508713,0.3783717155456543,-0.589415967464447,-0.016145985573530197,0.42808961868286133,-0.47885799407958984,-0.02502446062862873,0.35761743783950806,-0.42519503831863403,-0.04543539881706238,0.2878481149673462,-0.4223951995372772,-0.06534440815448761,0.4422159790992737,-0.41563478112220764,-0.02236061729490757,0.45197421312332153,-0.32883575558662415,0.0025649492163211107,0.3800314664840698,-0.2906005382537842,0.0002264547802042216,0.3135830760002136,-0.27757084369659424,-0.018510619178414345,0.4641627371311188,-0.22556349635124207,-0.029364358633756638,0.45694342255592346,-0.1736692637205124,-0.014521976932883263,0.3882600963115692,-0.14672034978866577,-0.0008968685287982225,0.3178289830684662,-0.1349630355834961,-0.005538038909435272,0.463701993227005,-0.04069996997714043,-0.04006985202431679,0.4540172517299652,-0.014297692105174065,-0.029145216569304466,0.38930702209472656,0.003829621011391282,-0.004886613693088293,0.3323213756084442,0.009651199914515018,0.009939535520970821,APPROVED
0.0,0.0,0.0,-0.012155416421592236,-0.324831485748291,-0.027600418776273727,0.07540908455848694,-0.5993788838386536,-0.05220077559351921,0.17808198928833008,-0.800723671913147,-0.07292178273200989,0.21257755160331726,-0.9732570052146912,-0.08707243949174881,0.35702916979789734,-0.5973668098449707,-0.03293772041797638,0.42982280254364014,-0.4926808178424835,-0.046911850571632385,0.35679522156715393,-0.43530651926994324,-0.06703553348779678,0.2842632532119751,-0.43432968854904175,-0.08547598868608475,0.4233185946941376,-0.4216540455818176,-0.03849407285451889,0.4542020857334137,-0.3385697901248932,-0.016918307170271873,0.38006049394607544,-0.29751595854759216,-0.01568301022052765,0.30986252427101135,-0.28380629420280457,-0.031408242881298065,0.44812479615211487,-0.23173296451568604,-0.04440171644091606,0.45542657375335693,-0.17986096441745758,-0.029980236664414406,0.3859933912754059,-0.15105515718460083,-0.012375413440167904,0.31210362911224365,-0.13641802966594696,-0.01478459220379591,0.4529895782470703,-0.0485655702650547,-0.05410045385360718,0.4459415078163147,-0.023067448288202286,-0.04392080008983612,0.37772780656814575,-0.001219476107507944,-0.018335729837417603,0.31730392575263977,0.008097173646092415,-0.0025494045112282038,APPROVED
0.0,0.0,0.0,0.012215892784297466,-0.32021504640579224,-0.028261030092835426,0.1012272983789444,-0.5893626809120178,-0.05771609768271446,0.18761754035949707,-0.7956653833389282,-0.08431418985128403,0.21407616138458252,-0.9713596701622009,-0.10311029106378555,0.37936943769454956,-0.5928657650947571,-0.03352615237236023,0.4644414186477661,-0.4872681200504303,-0.0584595613181591,0.394754558801651,-0.4232567846775055,-0.08508899062871933,0.31642791628837585,-0.41459694504737854,-0.10574117302894592,0.43975523114204407,-0.40885791182518005,-0.042353250086307526,0.48003730177879333,-0.3306046724319458,-0.03050515614449978,0.4093645215034485,-0.28427258133888245,-0.032014694064855576,0.33555617928504944,-0.2639637887477875,-0.04749177023768425,0.4609881341457367,-0.21277481317520142,-0.05268557369709015,0.47800490260124207,-0.15765158832073212,-0.044867876917123795,0.4107331931591034,-0.1287376880645752,-0.02697666361927986,0.33348578214645386,-0.11409899592399597,-0.027266038581728935,0.46067801117897034,-0.021186843514442444,-0.06699642539024353,0.45280441641807556,0.012893181294202805,-0.06179036945104599,0.3838646411895752,0.029479026794433594,-0.03782312944531441,0.32124078273773193,0.03119245357811451,-0.021733194589614868,APPROVED
0.0,0.0,0.0,0.008216817863285542,-0.3265416920185089,-0.0202457457780838,0.09628799557685852,-0.5914320945739746,-0.043381113559007645,0.17979741096496582,-0.8017403483390808,-0.0652027577161789,0.2123134732246399,-0.9739320278167725,-0.0798712894320488,0.37292909622192383,-0.5892128944396973,-0.016053397208452225,0.4452727735042572,-0.4975944757461548,-0.026528701186180115,0.37779396772384644,-0.4376014173030853,-0.0452127531170845,0.30794310569763184,-0.424300879240036,-0.06201573461294174,0.42952218651771545,-0.4106418788433075,-0.0228959359228611,0.4643353819847107,-0.34007129073143005,0.00313478522002697,0.3959067761898041,-0.29684868454933167,0.005528766196221113,0.32742124795913696,-0.2739565670490265,-0.009238187223672867,0.4473998248577118,-0.2201656997203827,-0.030258242040872574,0.46194854378700256,-0.1744074821472168,-0.009419131092727184,0.3982052505016327,-0.14596600830554962,0.007630364969372749,0.32480818033218384,-0.12763822078704834,0.0042727794498205185,0.4453856647014618,-0.03629329800605774,-0.04089759290218353,0.4338360130786896,-0.0085854921489954,-0.0250836368650198,0.3678407669067383,0.009854805655777454,-0.0003939347225241363,0.3074961006641388,0.01825309544801712,0.014376498758792877,APPROVED
0.0,0.0,0.0,0.02306840755045414,-0.3084089457988739,-0.029081027954816818,0.10435613989830017,-0.5865212678909302,-0.06639878451824188,0.18024364113807678,-0.7943379282951355,-0.10193901509046555,0.2091093361377716,-0.9694637060165405,-0.12811455130577087,0.3739800751209259,-0.5980520844459534,-0.04569852724671364,0.5027580857276917,-0.506738543510437,-0.0840863361954689,0.4442060589790344,-0.42502206563949585,-0.11590375006198883,0.35793471336364746,-0.40656977891921997,-0.13659602403640747,0.4300609827041626,-0.41062042117118835,-0.05950738862156868,0.5257990956306458,-0.3408600687980652,-0.06439759582281113,0.4636155664920807,-0.27923309803009033,-0.06879277527332306,0.3775552809238434,-0.25585314631462097,-0.08161868900060654,0.45427510142326355,-0.2124081701040268,-0.07583241909742355,0.5302973389625549,-0.15780861675739288,-0.07861294597387314,0.46738165616989136,-0.11930695176124573,-0.05765460431575775,0.3784506022930145,-0.10407401621341705,-0.052809495478868484,0.4567455053329468,-0.015454921871423721,-0.09605614095926285,0.5014718174934387,0.015659967437386513,-0.09762565791606903,0.43446552753448486,0.03730835020542145,-0.07094130665063858,0.36181876063346863,0.04005444794893265,-0.05125798285007477,APPROVED
0.0,0.0,0.0,0.03476179018616676,-0.2937820255756378,-0.02463623881340027,0.12563279271125793,-0.5786392092704773,-0.06130969151854515,0.2015691101551056,-0.7905763387680054,-0.09542687982320786,0.22871850430965424,-0.9659804105758667,-0.12070479989051819,0.3907329738140106,-0.596805989742279,-0.06542302668094635,0.5414835810661316,-0.44647344946861267,-0.09774249792098999,0.47137966752052307,-0.36157315969467163,-0.12026441842317581,0.3837627172470093,-0.3571164906024933,-0.1394299864768982,0.44549939036369324,-0.42008137702941895,-0.08415567874908447,0.5584457516670227,-0.26400426030158997,-0.08690592646598816,0.4803564250469208,-0.20354869961738586,-0.0836486965417862,0.39233875274658203,-0.2018739879131317,-0.09470223635435104,0.466426283121109,-0.22269253432750702,-0.10301750153303146,0.5655838251113892,-0.08766356110572815,-0.10339459031820297,0.48756399750709534,-0.049116749316453934,-0.07530609518289566,0.39550620317459106,-0.053832441568374634,-0.0696873888373375,0.46930503845214844,-0.02309471182525158,-0.1256011575460434,0.5250662565231323,0.07148569822311401,-0.1268678456544876,0.4459778964519501,0.09489689022302628,-0.09976763278245926,0.3697269856929779,0.07897736132144928,-0.0827082097530365,APPROVED
0.0,0.0,0.0,0.03360558673739433,-0.3059022128582001,-0.014980369247496128,0.13246698677539825,-0.5863788723945618,-0.04340927302837372,0.2055460512638092,-0.7971556186676025,-0.0736401155591011,0.22922910749912262,-0.9686276316642761,-0.0959925428032875,0.36661285161972046,-0.5922764539718628,-0.03448956459760666,0.5354467034339905,-0.46311795711517334,-0.05542096868157387,0.5433719754219055,-0.3627849817276001,-0.0699092373251915,0.5079901814460754,-0.32109692692756653,-0.08132144063711166,0.41616275906562805,-0.4351535737514496,-0.0532238706946373,0.5744954347610474,-0.3157370984554291,-0.04627111926674843,0.5611674785614014,-0.23658685386180878,-0.04185013100504875,0.5088165998458862,-0.20622937381267548,-0.0507165752351284,0.44029322266578674,-0.25176629424095154,-0.07258394360542297,0.5806166529655457,-0.16596728563308716,-0.06345801800489426,0.5559194087982178,-0.10234774649143219,-0.03622522950172424,0.4960384964942932,-0.07338307052850723,-0.029182761907577515,0.4481322169303894,-0.060695234686136246,-0.09516871720552444,0.5492934584617615,-0.019741125404834747,-0.08298853784799576,0.5168440937995911,0.0203536469489336,-0.04993376135826111,0.4635114073753357,0.037838757038116455,-0.029116669669747353,APPROVED
0.0,0.0,0.0,0.037934303283691406,-0.3034310042858124,-0.003957464825361967,0.12939170002937317,-0.5834755301475525,-0.029797358438372612,0.20034344494342804,-0.7976515293121338,-0.06002848595380783,0.22400864958763123,-0.9709597826004028,-0.08400756865739822,0.34870076179504395,-0.5907317996025085,-0.030935943126678467,0.525373101234436,-0.49403250217437744,-0.05810818821191788,0.5053703784942627,-0.40336671471595764,-0.08104128390550613,0.44993409514427185,-0.37459176778793335,-0.09813046455383301,0.4017789959907532,-0.43534913659095764,-0.054065555334091187,0.5218238830566406,-0.3209497332572937,-0.04362296313047409,0.4670133590698242,-0.25880351662635803,-0.03813527151942253,0.3908277451992035,-0.25325870513916016,-0.049296535551548004,0.4245370328426361,-0.2510850429534912,-0.07723882794380188,0.504892885684967,-0.16632448136806488,-0.0618770495057106,0.44640326499938965,-0.12087491899728775,-0.034248918294906616,0.3668088912963867,-0.11349223554134369,-0.03143103048205376,0.43312549591064453,-0.06581103056669235,-0.10308804363012314,0.47724178433418274,-0.02097383327782154,-0.08911146223545074,0.41680747270584106,0.008800139650702477,-0.0575823150575161,0.3504878580570221,0.01265451218932867,-0.039217520505189896,APPROVED
0.0,0.0,0.0,0.02543405443429947,-0.30584588646888733,-0.008716211654245853,0.11631148308515549,-0.5804678201675415,-0.03721185401082039,0.18425403535366058,-0.7962823510169983,-0.06938033550977707,0.21397076547145844,-0.9721823930740356,-0.09527818858623505,0.34135276079177856,-0.5866650342941284,-0.03996258229017258,0.5355197191238403,-0.497278094291687,-0.06985682994127274,0.5237600207328796,-0.4117996096611023,-0.08977056294679642,0.46775001287460327,-0.3781527280807495,-0.10255767405033112,0.3900223672389984,-0.4235462248325348,-0.061316490173339844,0.526540219783783,-0.32851579785346985,-0.055709753185510635,0.4740026295185089,-0.2648303806781769,-0.04841192066669464,0.39920637011528015,-0.2540208101272583,-0.05640830844640732,0.412771075963974,-0.23284541070461273,-0.08275048434734344,0.5013695359230042,-0.1680452823638916,-0.07172901183366776,0.439640611410141,-0.12360240519046783,-0.040789972990751266,0.36038756370544434,-0.11583205312490463,-0.03426668420433998,0.42373740673065186,-0.04408612102270126,-0.10661648958921432,0.478844553232193,-0.0189255028963089,-0.09383782744407654,0.41565319895744324,0.008041311986744404,-0.05827600508928299,0.35042428970336914,0.014249657280743122,-0.03666593134403229,APPROVED
0.0,0.0,0.0,0.03352206200361252,-0.29863259196281433,-0.00975541677325964,0.1215091347694397,-0.578943133354187,-0.039639126509428024,0.1962251216173172,-0.796716570854187,-0.07263188064098358,0.2235652655363083,-0.9697522521018982,-0.09797503054141998,0.3459242582321167,-0.5771023035049438,-0.04845207929611206,0.547537624835968,-0.514400839805603,-0.08398082852363586,0.5182422995567322,-0.42090368270874023,-0.10611254721879959,0.4514590799808502,-0.3891139328479767,-0.1198710948228836,0.4004829227924347,-0.40755173563957214,-0.07083095610141754,0.5459747910499573,-0.3211747705936432,-0.07007195800542831,0.479144424200058,-0.2551712393760681,-0.06070616841316223,0.3949201703071594,-0.24778805673122406,-0.06571784615516663,0.4241997301578522,-0.21260781586170197,-0.09369505941867828,0.5269148945808411,-0.14214177429676056,-0.08728916943073273,0.4617981016635895,-0.1002715677022934,-0.055200811475515366,0.37877610325813293,-0.09488517791032791,-0.046329859644174576,0.43043026328086853,-0.02056853659451008,-0.11851675808429718,0.4893781244754791,0.009261797182261944,-0.10741163045167923,0.42463093996047974,0.03421054407954216,-0.07147298008203506,0.35923123359680176,0.03503021225333214,-0.04888618364930153,APPROVED
0.0,0.0,0.0,0.038320910185575485,-0.299616277217865,0.0001610543258721009,0.12964622676372528,-0.5781349539756775,-0.026208963245153427,0.20739684998989105,-0.7975669503211975,-0.056523341685533524,0.23419660329818726,-0.9690796732902527,-0.07769528031349182,0.3510211706161499,-0.5860941410064697,-0.03884272649884224,0.5408819913864136,-0.5155318975448608,-0.06133757159113884,0.4823816120624542,-0.42458289861679077,-0.07352661341428757,0.4013620913028717,-0.407089501619339,-0.0834389328956604,0.4032803475856781,-0.4264902174472809,-0.06472623348236084,0.5474873781204224,-0.32931604981422424,-0.05201120674610138,0.4717545211315155,-0.26389002799987793,-0.0366174653172493,0.3849085867404938,-0.2631526291370392,-0.039732106029987335,0.4264485538005829,-0.23648914694786072,-0.08948945999145508,0.5353353023529053,-0.15878498554229736,-0.07176558673381805,0.4676669239997864,-0.1143641471862793,-0.03672466427087784,0.3843730092048645,-0.11046264320611954,-0.029026668518781662,0.43286189436912537,-0.045427802950143814,-0.115658700466156,0.4951231777667999,-0.002933088457211852,-0.09594018757343292,0.42706599831581116,0.023158015683293343,-0.05828193575143814,0.3607274293899536,0.022582795470952988,-0.03673168271780014,APPROVED
0.0,0.0,0.0,0.03320654109120369,-0.2998042404651642,0.004531849175691605,0.1271931380033493,-0.575896143913269,-0.023112492635846138,0.19717222452163696,-0.7966402173042297,-0.05489727854728699,0.2182224839925766,-0.972736656665802,-0.07850106060504913,0.3450721502304077,-0.5903177261352539,-0.0505870096385479,0.5434373021125793,-0.5119707584381104,-0.07021763175725937,0.480170339345932,-0.41798168420791626,-0.07625671476125717,0.3982968032360077,-0.40402325987815857,-0.08200139552354813,0.39155685901641846,-0.42350807785987854,-0.07839126884937286,0.5466337203979492,-0.330880731344223,-0.062111299484968185,0.472349613904953,-0.2666113078594208,-0.04019346460700035,0.3860357105731964,-0.2633434236049652,-0.04010365903377533,0.41210585832595825,-0.22946128249168396,-0.10329943150281906,0.5167701840400696,-0.16059383749961853,-0.07679957896471024,0.4491608738899231,-0.11440137028694153,-0.034115951508283615,0.3681942820549011,-0.10816417634487152,-0.02492571994662285,0.41938042640686035,-0.03953900933265686,-0.1297377347946167,0.4829052984714508,-0.007628728169947863,-0.09979730099439621,0.41251468658447266,0.021177921444177628,-0.05539025738835335,0.3458004891872406,0.02416795864701271,-0.032280728220939636,APPROVED
0.0,0.0,0.0,0.03212116286158562,-0.30378782749176025,0.005814809817820787,0.12521278858184814,-0.5793655514717102,-0.019088350236415863,0.19647787511348724,-0.7989200353622437,-0.046330638229846954,0.22037307918071747,-0.9732520580291748,-0.06493239104747772,0.3402138650417328,-0.5911380052566528,-0.048211462795734406,0.5073972344398499,-0.5042690634727478,-0.05263282731175423,0.44538143277168274,-0.4206162989139557,-0.04755374416708946,0.36802926659584045,-0.4087771773338318,-0.04801187664270401,0.38722699880599976,-0.4242229163646698,-0.07232645899057388,0.5311988592147827,-0.338448166847229,-0.0442679338157177,0.4618012309074402,-0.2743416726589203,-0.018208112567663193,0.38080668449401855,-0.26194873452186584,-0.017665589228272438,0.4100457429885864,-0.2306579053401947,-0.09143775701522827,0.5262067914009094,-0.17788155376911163,-0.05864512920379639,0.46323448419570923,-0.1301715075969696,-0.015168032608926296,0.382753849029541,-0.11519873887300491,-0.006309268996119499,0.4197426736354828,-0.0405580960214138,-0.11096905171871185,0.505254864692688,-0.03082807920873165,-0.0790574923157692,0.44335466623306274,-0.0036722631193697453,-0.03361239284276962,0.37749677896499634,0.003845757804811001,-0.010087484493851662,APPROVED
0.0,0.0,0.0,0.02917466126382351,-0.30041855573654175,0.0038132057525217533,0.11822258681058884,-0.5753929615020752,-0.023515380918979645,0.18962988257408142,-0.7988514304161072,-0.05204997584223747,0.2111770659685135,-0.9747625589370728,-0.07240322232246399,0.3249489963054657,-0.5920847654342651,-0.05817316845059395,0.511266827583313,-0.5090446472167969,-0.06457643210887909,0.4580383598804474,-0.4207001030445099,-0.058138418942689896,0.37609466910362244,-0.4015662968158722,-0.05582413077354431,0.37574344873428345,-0.42678314447402954,-0.0795333981513977,0.5233094692230225,-0.33711546659469604,-0.050672780722379684,0.45993730425834656,-0.26655036211013794,-0.023742729797959328,0.37767115235328674,-0.2550875246524811,-0.023188477382063866,0.40153300762176514,-0.23274947702884674,-0.09544233232736588,0.5121395587921143,-0.17455773055553436,-0.06069301441311836,0.45292726159095764,-0.12477216124534607,-0.01791553758084774,0.3726210296154022,-0.11561442911624908,-0.010890800505876541,0.4141705632209778,-0.044061437249183655,-0.1115485429763794,0.49169614911079407,-0.027882017195224762,-0.07919929176568985,0.4289635717868805,0.0006855300744064152,-0.03513418138027191,0.3604550361633301,0.004377877339720726,-0.01295989565551281,APPROVED
0.0,0.0,0.0,0.03055058792233467,-0.30178505182266235,0.003981438465416431,0.12485630810260773,-0.5778924822807312,-0.01974278874695301,0.19583140313625336,-0.7991399168968201,-0.04576332867145538,0.21517106890678406,-0.9745155572891235,-0.06341078132390976,0.34169888496398926,-0.5912540555000305,-0.040416792035102844,0.5040674805641174,-0.49586814641952515,-0.04685450717806816,0.43886661529541016,-0.41655105352401733,-0.04809161648154259,0.3615379333496094,-0.40881291031837463,-0.053976189345121384,0.38829556107521057,-0.42463624477386475,-0.06486894190311432,0.5261687636375427,-0.3358132243156433,-0.03752262890338898,0.45772457122802734,-0.27870988845825195,-0.015827754512429237,0.37598344683647156,-0.2729738652706146,-0.018189307302236557,0.4082433879375458,-0.23114190995693207,-0.08524227887392044,0.5039118528366089,-0.18023622035980225,-0.05200231820344925,0.44181710481643677,-0.13464312255382538,-0.012201209552586079,0.3635701835155487,-0.1254475861787796,-0.006268870551139116,0.4141647219657898,-0.041813503950834274,-0.10687295347452164,0.47257158160209656,-0.029665715992450714,-0.07725846022367477,0.407686322927475,-0.0033959047868847847,-0.03604860603809357,0.3430352807044983,0.0012852925574406981,-0.015286451205611229,APPROVED
0.0,0.0,0.0,0.02849998138844967,-0.295977383852005,-0.0030230889096856117,0.12121797353029251,-0.5747643113136292,-0.031873565167188644,0.19125351309776306,-0.7970888018608093,-0.06193936616182327,0.2119515985250473,-0.9736908078193665,-0.08368249982595444,0.3291161358356476,-0.5898467302322388,-0.05022919178009033,0.502003014087677,-0.49442264437675476,-0.06815700232982635,0.4456249475479126,-0.40992504358291626,-0.07648445665836334,0.368004709482193,-0.3953571021556854,-0.08445952832698822,0.3755681812763214,-0.4258754253387451,-0.07285119593143463,0.5255677103996277,-0.33676525950431824,-0.05536101385951042,0.46150121092796326,-0.27209824323654175,-0.036729101091623306,0.3806665539741516,-0.2625504434108734,-0.03839200735092163,0.3973960876464844,-0.23372972011566162,-0.09269071370363235,0.5075771808624268,-0.1829972267150879,-0.06827374547719955,0.44545042514801025,-0.1333102434873581,-0.029333416372537613,0.36799392104148865,-0.12432602792978287,-0.020944662392139435,0.4049108326435089,-0.04175243154168129,-0.11400020867586136,0.4660692512989044,-0.029108550399541855,-0.08950912952423096,0.4007502794265747,-0.0027440274134278297,-0.048917170614004135,0.33573099970817566,-0.0006771189509890974,-0.026977017521858215,APPROVED
0.0,0.0,0.0,0.03358650580048561,-0.2944076955318451,-0.010637229308485985,0.1269075721502304,-0.5718905329704285,-0.043465644121170044,0.1939077079296112,-0.7935202717781067,-0.07606875896453857,0.21548855304718018,-0.9713267683982849,-0.10044381022453308,0.32867446541786194,-0.5813431739807129,-0.06161585822701454,0.5095773339271545,-0.48343849182128906,-0.08793631196022034,0.4509672224521637,-0.40366241335868835,-0.10124345123767853,0.372279554605484,-0.39087164402008057,-0.11183992028236389,0.3729530870914459,-0.41051939129829407,-0.08309189230203629,0.5317002534866333,-0.32953178882598877,-0.07507529854774475,0.4649616479873657,-0.2701588571071625,-0.05869013071060181,0.38155195116996765,-0.2603534758090973,-0.06039101257920265,0.3942360579967499,-0.21522845327854156,-0.10260313004255295,0.5123568773269653,-0.17534227669239044,-0.0873216837644577,0.44773292541503906,-0.12777888774871826,-0.046974774450063705,0.3692057728767395,-0.11511395126581192,-0.03542368486523628,0.40079858899116516,-0.023739777505397797,-0.12389704585075378,0.4648764729499817,-0.024783873930573463,-0.10610341280698776,0.3990520238876343,0.0068723708391189575,-0.0642312541604042,0.3367460072040558,0.01797039620578289,-0.040117379277944565,APPROVED
0.0,0.0,0.0,0.03394242376089096,-0.2835504710674286,-0.020659565925598145,0.12290585041046143,-0.5686885714530945,-0.05874175578355789,0.18836849927902222,-0.7915993928909302,-0.09513135254383087,0.2087642103433609,-0.9702025651931763,-0.12298158556222916,0.33294641971588135,-0.5766901969909668,-0.07529594004154205,0.5141739845275879,-0.46276018023490906,-0.11304407566785812,0.45148593187332153,-0.37942349910736084,-0.13544437289237976,0.37308964133262634,-0.3710227310657501,-0.1519620716571808,0.37498071789741516,-0.4045388698577881,-0.0960438996553421,0.5379729270935059,-0.302818238735199,-0.10352209955453873,0.4644671082496643,-0.23899376392364502,-0.09419760853052139,0.37674951553344727,-0.23224548995494843,-0.096976138651371,0.3945310115814209,-0.21132327616214752,-0.11593649536371231,0.5100250244140625,-0.13650569319725037,-0.1121414378285408,0.44209620356559753,-0.09191331267356873,-0.07557996362447739,0.36248233914375305,-0.08982669562101364,-0.06307075172662735,0.3975493907928467,-0.02240581624209881,-0.13873974978923798,0.45834407210350037,0.00836778711527586,-0.12714126706123352,0.39162543416023254,0.03634200245141983,-0.08889321982860565,0.33072328567504883,0.036492981016635895,-0.06597798317670822,APPROVED
0.0,0.0,0.0,0.038895133882761,-0.29045718908309937,-0.017356960102915764,0.12670189142227173,-0.5690717697143555,-0.055155184119939804,0.19173507392406464,-0.7901223301887512,-0.09218819439411163,0.21396107971668243,-0.969404399394989,-0.12031564861536026,0.3253583312034607,-0.5756964683532715,-0.072517991065979,0.5195775628089905,-0.472659707069397,-0.10995941609144211,0.4674595594406128,-0.38543155789375305,-0.12803101539611816,0.39196309447288513,-0.3702947199344635,-0.14013712108135223,0.36791470646858215,-0.4057430922985077,-0.09385297447443008,0.542746365070343,-0.3137567639350891,-0.10071723163127899,0.4752187728881836,-0.24810433387756348,-0.08761154115200043,0.38796284794807434,-0.23894688487052917,-0.08751032501459122,0.3892272114753723,-0.21447159349918365,-0.11451489478349686,0.5131381750106812,-0.14814698696136475,-0.10953618586063385,0.4477400779724121,-0.10194835066795349,-0.07106150686740875,0.367607057094574,-0.09666498750448227,-0.05791395902633667,0.39508509635925293,-0.026133142411708832,-0.13776884973049164,0.45370084047317505,0.002067657420411706,-0.12674522399902344,0.3868090510368347,0.03260791674256325,-0.08890007436275482,0.3268047869205475,0.03587132319808006,-0.0661015436053276,APPROVED
0.0,0.0,0.0,0.0400044284760952,-0.2864612936973572,-0.01950082555413246,0.1292961686849594,-0.5749966502189636,-0.05441472306847572,0.19415144622325897,-0.7947137951850891,-0.0895436704158783,0.2139253318309784,-0.9699747562408447,-0.11569292843341827,0.33656859397888184,-0.5698893666267395,-0.0609794482588768,0.5109122395515442,-0.4759937822818756,-0.10479570925235748,0.4494006931781769,-0.40191972255706787,-0.13343797624111176,0.37245973944664,-0.3983338475227356,-0.15388846397399902,0.3744547367095947,-0.4034387171268463,-0.0839524194598198,0.5315027236938477,-0.3067311942577362,-0.09711483865976334,0.45698124170303345,-0.25223425030708313,-0.09194530546665192,0.37280088663101196,-0.2541900873184204,-0.09733133018016815,0.3905143141746521,-0.21414926648139954,-0.10822100192308426,0.5012534856796265,-0.14053693413734436,-0.11304820328950882,0.43242406845092773,-0.10136175900697708,-0.07973918318748474,0.3543936312198639,-0.10305619984865189,-0.06748689711093903,0.3915534019470215,-0.026140714064240456,-0.13562703132629395,0.4576577842235565,0.005744724068790674,-0.13078920543193817,0.39392468333244324,0.03322556987404823,-0.09470018744468689,0.3363988697528839,0.03213287144899368,-0.07207084447145462,APPROVED
0.0,0.0,0.0,0.03871433809399605,-0.2863355576992035,-0.013418683782219887,0.12990117073059082,-0.5740819573402405,-0.04723629727959633,0.19897302985191345,-0.793764054775238,-0.08235448598861694,0.2210991233587265,-0.9691912531852722,-0.10855208337306976,0.3359021246433258,-0.5706305503845215,-0.05784809961915016,0.5211719274520874,-0.4917777478694916,-0.09858153760433197,0.4649994969367981,-0.4099283516407013,-0.12370552122592926,0.3871719539165497,-0.40124014019966125,-0.14081725478172302,0.3747590482234955,-0.4069802463054657,-0.08248287439346313,0.5397478938102722,-0.31050166487693787,-0.09059279412031174,0.470084011554718,-0.24767588078975677,-0.08238182216882706,0.38668927550315857,-0.25020042061805725,-0.08672769367694855,0.3932061195373535,-0.21773776412010193,-0.10764681547880173,0.5111458897590637,-0.14133428037166595,-0.10797242075204849,0.44546177983283997,-0.09697015583515167,-0.07273086160421371,0.3674789071083069,-0.09919504821300507,-0.060461174696683884,0.3972812592983246,-0.028306307271122932,-0.1351647824048996,0.47504544258117676,0.0028683042619377375,-0.12548837065696716,0.4099849760532379,0.03337689861655235,-0.08575285226106644,0.3491431176662445,0.03339290991425514,-0.06135031208395958,APPROVED
0.0,0.0,0.0,0.04345693811774254,-0.29223302006721497,-0.017576785758137703,0.13351751863956451,-0.5806180238723755,-0.05093802139163017,0.20105142891407013,-0.7949060797691345,-0.08455589413642883,0.22520746290683746,-0.9681198596954346,-0.10966082662343979,0.344513475894928,-0.5584169626235962,-0.05942142382264137,0.5168716311454773,-0.4890834391117096,-0.10426744073629379,0.456165611743927,-0.42388543486595154,-0.1342383176088333,0.37438252568244934,-0.4193356931209564,-0.15401844680309296,0.38430336117744446,-0.3888375461101532,-0.0811900645494461,0.5399044156074524,-0.31400492787361145,-0.09033161401748657,0.47327205538749695,-0.26309823989868164,-0.08535042405128479,0.39366185665130615,-0.2656136751174927,-0.09232942014932632,0.40126076340675354,-0.2007157951593399,-0.10394938290119171,0.5083568096160889,-0.14744767546653748,-0.1052132323384285,0.443001925945282,-0.10988093167543411,-0.07131318002939224,0.36508920788764954,-0.1123800128698349,-0.059673719108104706,0.4013010263442993,-0.015476424247026443,-0.12952472269535065,0.4732038676738739,-0.0022190737072378397,-0.1200937032699585,0.41080600023269653,0.023746104910969734,-0.08041998744010925,0.35068514943122864,0.024748817086219788,-0.05589844286441803,APPROVED
0.0,0.0,0.0,0.047679174691438675,-0.2931935787200928,-0.017586521804332733,0.13818524777889252,-0.5756149888038635,-0.05453541502356529,0.20628687739372253,-0.790280282497406,-0.09260892868041992,0.2309487909078598,-0.9652183055877686,-0.12254084646701813,0.3501408100128174,-0.5573189854621887,-0.06248357892036438,0.5209345817565918,-0.4771815240383148,-0.10827580839395523,0.45824676752090454,-0.4045344591140747,-0.13901901245117188,0.37635165452957153,-0.4007440209388733,-0.15980030596256256,0.3867937922477722,-0.3887084424495697,-0.08571568876504898,0.5348548889160156,-0.29875752329826355,-0.0984855368733406,0.46194157004356384,-0.2458300143480301,-0.09406080842018127,0.37748923897743225,-0.25198960304260254,-0.10140597820281982,0.40303418040275574,-0.19870714843273163,-0.11007174104452133,0.5155460834503174,-0.13322171568870544,-0.11554218083620071,0.4473157823085785,-0.0932188630104065,-0.08080126345157623,0.36657845973968506,-0.09435060620307922,-0.06804442405700684,0.40402090549468994,-0.01111440360546112,-0.13706496357917786,0.4860384464263916,0.009773923084139824,-0.13252349197864532,0.41987359523773193,0.036895159631967545,-0.09258273243904114,0.3556305766105652,0.03824026510119438,-0.06680885702371597,APPROVED
0.0,0.0,0.0,0.039362385869026184,-0.2952788472175598,-0.017721306532621384,0.12653422355651855,-0.5762722492218018,-0.05417613685131073,0.19604246318340302,-0.7930325269699097,-0.0912121832370758,0.22251220047473907,-0.9675561189651489,-0.11968077719211578,0.3376813232898712,-0.5573219656944275,-0.07050134986639023,0.5294039845466614,-0.47781866788864136,-0.11261704564094543,0.4707009792327881,-0.4027477502822876,-0.13433408737182617,0.3896210193634033,-0.39094769954681396,-0.1471300572156906,0.37691187858581543,-0.3907276690006256,-0.09009948372840881,0.5386621952056885,-0.30065855383872986,-0.09699451923370361,0.467848002910614,-0.24727563560009003,-0.08344496786594391,0.3830198049545288,-0.24908694624900818,-0.08432973921298981,0.395160973072052,-0.20242315530776978,-0.11030987650156021,0.5120137929916382,-0.13771459460258484,-0.10891124606132507,0.4470919072628021,-0.0984535813331604,-0.07132066041231155,0.3674997091293335,-0.09602227807044983,-0.05768271163105965,0.3968793451786041,-0.017947610467672348,-0.13303489983081818,0.4718082547187805,0.007082727737724781,-0.12217098474502563,0.4066019058227539,0.03392552211880684,-0.0822964534163475,0.3433498442173004,0.03744926303625107,-0.05751614272594452,APPROVED
0.0,0.0,0.0,0.03365134075284004,-0.30132415890693665,-0.016218388453125954,0.11851835250854492,-0.578396737575531,-0.05290115997195244,0.1885346621274948,-0.7935997843742371,-0.0901808887720108,0.21506163477897644,-0.9693596959114075,-0.11870245635509491,0.32883331179618835,-0.5600177049636841,-0.07007954269647598,0.5308613181114197,-0.4861513674259186,-0.10924980044364929,0.48373696208000183,-0.4141806662082672,-0.12632036209106445,0.404703825712204,-0.4028947949409485,-0.13582170009613037,0.3703719973564148,-0.39044108986854553,-0.09049064666032791,0.53085857629776,-0.31096479296684265,-0.09356586635112762,0.46226030588150024,-0.2544531524181366,-0.07605723291635513,0.37885013222694397,-0.25430208444595337,-0.07518298178911209,0.38943517208099365,-0.19927021861076355,-0.11125830560922623,0.5049620866775513,-0.15192151069641113,-0.1082720011472702,0.44073686003685,-0.1058950200676918,-0.06812013685703278,0.36150676012039185,-0.09910333156585693,-0.05374166741967201,0.39448079466819763,-0.01043286919593811,-0.134212464094162,0.46474236249923706,0.004042409360408783,-0.12496533989906311,0.39837947487831116,0.035437364131212234,-0.0839938223361969,0.33390313386917114,0.04340394586324692,-0.058163274079561234,APPROVED
0.0,0.0,0.0,0.04058501869440079,-0.29884201288223267,-0.007920540869235992,0.13162900507450104,-0.581378161907196,-0.04008610546588898,0.20320428907871246,-0.7968925833702087,-0.07307811826467514,0.22568370401859283,-0.9693121314048767,-0.09747221320867538,0.33737045526504517,-0.5542404651641846,-0.0725422278046608,0.5290936231613159,-0.5069525241851807,-0.10470502823591232,0.4687710106372833,-0.42741671204566956,-0.11529845744371414,0.386157751083374,-0.409544438123703,-0.1211513951420784,0.3799799680709839,-0.3846682012081146,-0.09456580132246017,0.540642261505127,-0.3252124488353729,-0.09143990278244019,0.46900516748428345,-0.27015212178230286,-0.07048013806343079,0.3820514976978302,-0.26409831643104553,-0.06804980337619781,0.3995707631111145,-0.19459500908851624,-0.11461233347654343,0.5127257704734802,-0.15476909279823303,-0.10192817449569702,0.45014119148254395,-0.11539563536643982,-0.0597054660320282,0.36916640400886536,-0.10569006949663162,-0.046142686158418655,0.40128642320632935,-0.009677151218056679,-0.13610970973968506,0.4765143394470215,-0.0048226830549538136,-0.11777335405349731,0.4137605130672455,0.02205471135675907,-0.0741925835609436,0.3487715423107147,0.03165715932846069,-0.04845767095685005,APPROVED
0.0,0.0,0.0,0.04242611676454544,-0.30181747674942017,-0.00338669097982347,0.131339430809021,-0.582514762878418,-0.03728996589779854,0.20331816375255585,-0.7965518832206726,-0.07302020490169525,0.2256123572587967,-0.968921422958374,-0.10144194215536118,0.33402591943740845,-0.5568404197692871,-0.07839766889810562,0.522819995880127,-0.5150434970855713,-0.11415472626686096,0.46043848991394043,-0.4327864944934845,-0.12709464132785797,0.3780316114425659,-0.41351252794265747,-0.13445526361465454,0.37470051646232605,-0.38419297337532043,-0.10354235023260117,0.5398834347724915,-0.3388335406780243,-0.10338550806045532,0.4675426185131073,-0.2824161946773529,-0.08161915838718414,0.37945905327796936,-0.27089938521385193,-0.07848405838012695,0.39369532465934753,-0.19150248169898987,-0.12596751749515533,0.5134454965591431,-0.1652449518442154,-0.11611627042293549,0.44884997606277466,-0.12272551655769348,-0.07142847031354904,0.36629313230514526,-0.10692742466926575,-0.05612725391983986,0.3961629271507263,-0.003632776904851198,-0.1492166668176651,0.47440680861473083,-0.010952385142445564,-0.13239708542823792,0.40735742449760437,0.018143463879823685,-0.08620339632034302,0.3414256274700165,0.03378749638795853,-0.05884670838713646,APPROVED
0.0,0.0,0.0,0.04264586791396141,-0.29984501004219055,-0.004606541711837053,0.13499850034713745,-0.5803207159042358,-0.03751692175865173,0.2092992067337036,-0.7940877079963684,-0.07277778536081314,0.2346273511648178,-0.9668757319450378,-0.10050545632839203,0.3411008417606354,-0.5575202107429504,-0.07183388620615005,0.5237968564033508,-0.5114160776138306,-0.11115634441375732,0.4656878113746643,-0.4249069392681122,-0.1290626972913742,0.3846692144870758,-0.4107917845249176,-0.1400696337223053,0.381747305393219,-0.3835916221141815,-0.099430151283741,0.5422473549842834,-0.3338550925254822,-0.10428954660892487,0.4698857069015503,-0.27556753158569336,-0.08692871779203415,0.3810668885707855,-0.2685772478580475,-0.08593954890966415,0.39990973472595215,-0.1893879920244217,-0.1253064125776291,0.5150293707847595,-0.1580236703157425,-0.12058432400226593,0.44827741384506226,-0.11242020130157471,-0.07693300396203995,0.36685889959335327,-0.09831735491752625,-0.061204712837934494,0.40122899413108826,0.002840437227860093,-0.15260209143161774,0.4755311608314514,0.003136909566819668,-0.14069302380084991,0.406106561422348,0.03401963785290718,-0.09547429531812668,0.34172898530960083,0.04828681796789169,-0.0678008571267128,APPROVED
0.0,0.0,0.0,0.03777247294783592,-0.29865750670433044,-0.011507483199238777,0.12873737514019012,-0.5766941905021667,-0.04744572937488556,0.20130132138729095,-0.7924858331680298,-0.08490455150604248,0.22918321192264557,-0.966724693775177,-0.11365935951471329,0.3408243954181671,-0.5560920238494873,-0.061921484768390656,0.5211585760116577,-0.5003440380096436,-0.10310042649507523,0.46402594447135925,-0.42040756344795227,-0.12670263648033142,0.38440078496932983,-0.4088360667228699,-0.141591414809227,0.38035714626312256,-0.38418319821357727,-0.08699023723602295,0.5414758920669556,-0.33004868030548096,-0.09423591941595078,0.4724498987197876,-0.27450835704803467,-0.08264078944921494,0.3868698477745056,-0.26714983582496643,-0.08438190817832947,0.39745643734931946,-0.19248297810554504,-0.112253338098526,0.5168443322181702,-0.15920254588127136,-0.11081764101982117,0.4516749083995819,-0.11405986547470093,-0.07254163175821304,0.37232890725135803,-0.10015543550252914,-0.058895353227853775,0.39957094192504883,-5.04506824654527e-05,-0.1395692080259323,0.47450655698776245,0.0013610851019620895,-0.13242489099502563,0.405449241399765,0.03103521652519703,-0.09197571128606796,0.341819167137146,0.04488145187497139,-0.06615279614925385,APPROVED
0.0,0.0,0.0,0.03856915235519409,-0.30731019377708435,-0.008805696852505207,0.12887126207351685,-0.5826265811920166,-0.04512130096554756,0.2012767195701599,-0.7953644394874573,-0.0826709046959877,0.23207944631576538,-0.9663525223731995,-0.11091452091932297,0.3454360067844391,-0.5519253015518188,-0.07365547120571136,0.5340638160705566,-0.5019720196723938,-0.11334541440010071,0.47480127215385437,-0.41687124967575073,-0.13075686991214752,0.38927990198135376,-0.4028012156486511,-0.1405872106552124,0.3858341574668884,-0.3772614598274231,-0.0992821529507637,0.5422863960266113,-0.3205570876598358,-0.10067605972290039,0.46836525201797485,-0.26398953795433044,-0.08126559853553772,0.38015636801719666,-0.26039043068885803,-0.08001088351011276,0.40139293670654297,-0.182074636220932,-0.12399578839540482,0.5177375674247742,-0.15142422914505005,-0.11555302143096924,0.4499460458755493,-0.10724224150180817,-0.06955114752054214,0.36810407042503357,-0.09526340663433075,-0.053484659641981125,0.39952442049980164,0.011714287102222443,-0.1507115662097931,0.4700636863708496,0.010506131686270237,-0.13711754977703094,0.40295812487602234,0.03756155073642731,-0.09128286689519882,0.34069183468818665,0.04845729470252991,-0.06324179470539093,APPROVED
0.0,0.0,0.0,0.04237872362136841,-0.3048229217529297,-0.007929923012852669,0.13393205404281616,-0.5819878578186035,-0.04391868785023689,0.20852823555469513,-0.794447660446167,-0.08116769790649414,0.24048252403736115,-0.9644866585731506,-0.10924182087182999,0.34819990396499634,-0.5472998023033142,-0.06907837092876434,0.5297253131866455,-0.48863890767097473,-0.10717803984880447,0.4673500955104828,-0.4102519750595093,-0.12459197640419006,0.3832160532474518,-0.4016425907611847,-0.13514433801174164,0.3868076801300049,-0.3724774122238159,-0.09563776850700378,0.5423938632011414,-0.317240446805954,-0.09648129343986511,0.46945860981941223,-0.2629626393318176,-0.07809675484895706,0.38286492228507996,-0.25817811489105225,-0.07769162207841873,0.4018608331680298,-0.1788642555475235,-0.1212654709815979,0.5204159617424011,-0.14862759411334991,-0.1143559068441391,0.45116347074508667,-0.10392329096794128,-0.06932341307401657,0.368974506855011,-0.09080140292644501,-0.05341731756925583,0.3999311625957489,0.013686834834516048,-0.14875297248363495,0.4765735864639282,0.015033693052828312,-0.13788734376430511,0.4065133333206177,0.044992271810770035,-0.09292322397232056,0.342119425535202,0.05848988890647888,-0.0650954470038414,APPROVED
0.0,0.0,0.0,0.04357847198843956,-0.3092011511325836,-0.007515334989875555,0.13805252313613892,-0.5818386673927307,-0.04298374056816101,0.2126462757587433,-0.7938050031661987,-0.0791984349489212,0.24295489490032196,-0.964164674282074,-0.10658080130815506,0.35552459955215454,-0.53886878490448,-0.06635808944702148,0.5310324430465698,-0.46941041946411133,-0.10151702165603638,0.4641264081001282,-0.4025616943836212,-0.11825404316186905,0.37737295031547546,-0.3996206223964691,-0.12848824262619019,0.3929346799850464,-0.35815706849098206,-0.09177263081073761,0.5447361469268799,-0.3081512749195099,-0.0872548520565033,0.4718470275402069,-0.2578297555446625,-0.06780946254730225,0.3877144455909729,-0.24999256432056427,-0.06753809750080109,0.40550804138183594,-0.16271251440048218,-0.1159750372171402,0.5206058621406555,-0.1453145295381546,-0.10569701343774796,0.4510863125324249,-0.10116500407457352,-0.06054290384054184,0.3703443706035614,-0.08413106948137283,-0.04496758058667183,0.4000966250896454,0.02768896333873272,-0.14183171093463898,0.47154808044433594,0.012874851934611797,-0.12853392958641052,0.4013229012489319,0.041872136294841766,-0.08296684175729752,0.3383742570877075,0.059263601899147034,-0.055092088878154755,APPROVED
0.0,0.0,0.0,0.03855167329311371,-0.30911535024642944,-0.00612839637324214,0.12997187674045563,-0.5805391073226929,-0.04143334552645683,0.20485422015190125,-0.793806254863739,-0.07841294258832932,0.23553316295146942,-0.9659944772720337,-0.10667160898447037,0.3425185978412628,-0.55003422498703,-0.059825118631124496,0.5221554636955261,-0.4827532172203064,-0.0919419676065445,0.4608313739299774,-0.4070851802825928,-0.1067880392074585,0.37996387481689453,-0.4007051885128021,-0.11619970947504044,0.3832826018333435,-0.37270066142082214,-0.0851634070277214,0.5380088090896606,-0.3197222948074341,-0.07932751625776291,0.46597135066986084,-0.26321226358413696,-0.0602472685277462,0.3821030855178833,-0.25627827644348145,-0.05994578078389168,0.39987364411354065,-0.17809386551380157,-0.10949327796697617,0.515212893486023,-0.15274493396282196,-0.098380446434021,0.4454406201839447,-0.10379807651042938,-0.05576234310865402,0.36642196774482727,-0.08828499168157578,-0.04212887957692146,0.40006670355796814,0.01373849157243967,-0.13523711264133453,0.47234490513801575,0.007376170251518488,-0.12188220769166946,0.39980030059814453,0.038506992161273956,-0.07820817828178406,0.3359887897968292,0.054451581090688705,-0.05189419537782669,APPROVED
0.0,0.0,0.0,0.03987924009561539,-0.30695250630378723,-0.009287819266319275,0.1345062106847763,-0.579703688621521,-0.0451955571770668,0.21129518747329712,-0.7920694351196289,-0.08137155324220657,0.24186673760414124,-0.9641764163970947,-0.1089230477809906,0.34838855266571045,-0.5451817512512207,-0.06723550707101822,0.5264041423797607,-0.48239120841026306,-0.10223621129989624,0.45734068751335144,-0.413883239030838,-0.11902642995119095,0.3715042471885681,-0.40953293442726135,-0.12932394444942474,0.3866220712661743,-0.36211833357810974,-0.09129708260297775,0.5417609810829163,-0.32146307826042175,-0.08799782395362854,0.46712735295295715,-0.2715263068675995,-0.06924435496330261,0.38243407011032104,-0.26118627190589905,-0.06896206736564636,0.4015168845653534,-0.16512641310691833,-0.11417233198881149,0.5205984711647034,-0.1566430777311325,-0.10524696856737137,0.45035091042518616,-0.11187423765659332,-0.060566049069166183,0.3699909746646881,-0.09081598371267319,-0.04477127268910408,0.40057793259620667,0.02588421106338501,-0.13852401077747345,0.4770679175853729,0.0004823561175726354,-0.12573368847370148,0.40599480271339417,0.030864091590046883,-0.07967984676361084,0.34363630414009094,0.05303221568465233,-0.051340196281671524,APPROVED
0.0,0.0,0.0,0.0391291044652462,-0.30865585803985596,-0.006808593403548002,0.13265778124332428,-0.5851874351501465,-0.04145559296011925,0.20933492481708527,-0.7957239151000977,-0.0768488347530365,0.23463542759418488,-0.9665786027908325,-0.10330529510974884,0.3443091809749603,-0.5557289123535156,-0.0644713044166565,0.5264500975608826,-0.48661887645721436,-0.09711508452892303,0.45754924416542053,-0.41366899013519287,-0.11102151870727539,0.37299978733062744,-0.4122846722602844,-0.11979882419109344,0.3829660713672638,-0.3720313310623169,-0.08966682106256485,0.5453075170516968,-0.33042535185813904,-0.08647660166025162,0.46881601214408875,-0.27752453088760376,-0.06668557226657867,0.37981826066970825,-0.26769310235977173,-0.06461760401725769,0.39882758259773254,-0.17410673201084137,-0.11345383524894714,0.517296314239502,-0.15914864838123322,-0.10243070870637894,0.44602957367897034,-0.1122182160615921,-0.05892375856637955,0.36368528008461,-0.09145763516426086,-0.044033389538526535,0.3986149728298187,0.01886657252907753,-0.13868696987628937,0.4700262248516083,0.0012059151194989681,-0.12497252225875854,0.3994598090648651,0.03152120113372803,-0.08153774589300156,0.3378973603248596,0.05295969173312187,-0.0551636666059494,APPROVED
0.0,0.0,0.0,0.03967228904366493,-0.3058139979839325,-0.009970397688448429,0.13240917026996613,-0.5816735029220581,-0.04502679780125618,0.20899412035942078,-0.794667661190033,-0.07989786565303802,0.23219390213489532,-0.9669315814971924,-0.10549481213092804,0.34355470538139343,-0.5493330955505371,-0.06649543344974518,0.522489070892334,-0.48360252380371094,-0.09778927266597748,0.454861581325531,-0.41039276123046875,-0.11074892431497574,0.3694153130054474,-0.4078947901725769,-0.11925317347049713,0.3835197985172272,-0.36434072256088257,-0.09003249555826187,0.5415128469467163,-0.3243224024772644,-0.08605559915304184,0.4674500524997711,-0.27036362886428833,-0.06692444533109665,0.3798750936985016,-0.26092925667762756,-0.06587651371955872,0.39997434616088867,-0.1667826622724533,-0.11208081245422363,0.5163735747337341,-0.154706209897995,-0.10212581604719162,0.44652363657951355,-0.10824763774871826,-0.05905000492930412,0.3646005690097809,-0.08873642981052399,-0.04435531422495842,0.3991650640964508,0.023620659485459328,-0.13568544387817383,0.46981680393218994,0.004843073897063732,-0.12404829263687134,0.39971819519996643,0.034210722893476486,-0.08105067163705826,0.3371632397174835,0.05364250764250755,-0.05461456999182701,APPROVED
0.0,0.0,0.0,0.03688064590096474,-0.30636778473854065,-0.007158346474170685,0.130632221698761,-0.5803160667419434,-0.04088554531335831,0.2068886011838913,-0.7941917181015015,-0.07592921704053879,0.23050816357135773,-0.967696487903595,-0.1021248921751976,0.3424041271209717,-0.557063639163971,-0.056835900992155075,0.5213016271591187,-0.4940786063671112,-0.08827038109302521,0.4536687433719635,-0.41826072335243225,-0.10315143316984177,0.36973434686660767,-0.4124772846698761,-0.11292298883199692,0.3835064470767975,-0.375906765460968,-0.08205929398536682,0.5425085425376892,-0.3381153345108032,-0.07815830409526825,0.46869319677352905,-0.2813420295715332,-0.06042085587978363,0.3821365237236023,-0.2690422832965851,-0.059743732213974,0.40090715885162354,-0.18026143312454224,-0.10634621977806091,0.519094705581665,-0.16806063055992126,-0.09650229662656784,0.4485507607460022,-0.11864929646253586,-0.05434224382042885,0.36804336309432983,-0.09690963476896286,-0.03992103785276413,0.40137043595314026,0.010578218847513199,-0.13217853009700775,0.4750096797943115,-0.007764599751681089,-0.12028605490922928,0.4031009078025818,0.023989347741007805,-0.07723622769117355,0.3398372530937195,0.045480258762836456,-0.05069277808070183,APPROVED
0.0,0.0,0.0,0.03685368597507477,-0.3058871924877167,-0.00672282837331295,0.12935109436511993,-0.5816317796707153,-0.0385945662856102,0.20514048635959625,-0.7963848114013672,-0.0711808055639267,0.2297055423259735,-0.9686522483825684,-0.09459533542394638,0.3415384888648987,-0.5594660639762878,-0.05425315350294113,0.5174593329429626,-0.5012087225914001,-0.08250191062688828,0.4503190517425537,-0.4272332787513733,-0.09548839181661606,0.3660510182380676,-0.4209752082824707,-0.1042071059346199,0.3855831027030945,-0.37836140394210815,-0.07749652117490768,0.5388454794883728,-0.3445207476615906,-0.07057289779186249,0.4671875536441803,-0.28914207220077515,-0.05287642776966095,0.3817753195762634,-0.2760140299797058,-0.05265319347381592,0.40596893429756165,-0.18378719687461853,-0.09944326430559158,0.5182052254676819,-0.17224274575710297,-0.08700554072856903,0.4503988027572632,-0.12394918501377106,-0.04641827195882797,0.37116748094558716,-0.10217346996068954,-0.033429231494665146,0.4092389941215515,0.005188089795410633,-0.12281586974859238,0.4763277471065521,-0.010917838662862778,-0.10960385948419571,0.40630587935447693,0.021263960748910904,-0.06821311265230179,0.344417542219162,0.0430174395442009,-0.042880963534116745,APPROVED
0.0,0.0,0.0,0.03854961320757866,-0.30650413036346436,-0.004218888469040394,0.13232186436653137,-0.5817496180534363,-0.03474905714392662,0.20791217684745789,-0.7963476777076721,-0.0668577030301094,0.23431603610515594,-0.9679650068283081,-0.09022074937820435,0.3447229862213135,-0.5585044622421265,-0.05004759877920151,0.5190361142158508,-0.5014194250106812,-0.07833226025104523,0.45252400636672974,-0.42825013399124146,-0.09252874553203583,0.3690815567970276,-0.420784056186676,-0.10199609398841858,0.38768941164016724,-0.3777684271335602,-0.07433950155973434,0.5404223203659058,-0.34426558017730713,-0.06706301122903824,0.4693407714366913,-0.28947386145591736,-0.050166066735982895,0.3839513063430786,-0.2755489647388458,-0.05069172754883766,0.40776535868644714,-0.1834714710712433,-0.09732332825660706,0.5205333828926086,-0.17224544286727905,-0.0846734568476677,0.4525941014289856,-0.12442848086357117,-0.044280532747507095,0.37329021096229553,-0.1024961844086647,-0.031553715467453,0.4112224578857422,0.005520801991224289,-0.12158584594726562,0.4799724519252777,-0.010549855418503284,-0.10801228135824203,0.4088057279586792,0.021968267858028412,-0.06612356007099152,0.3458465039730072,0.043950155377388,-0.04059246927499771,APPROVED
0.0,0.0,0.0,0.03837382048368454,-0.30994024872779846,-0.0017344445222988725,0.13144221901893616,-0.5832025408744812,-0.03154642879962921,0.20914219319820404,-0.7971171140670776,-0.06229660287499428,0.2373117059469223,-0.9677623510360718,-0.08437515795230865,0.3441154360771179,-0.5649126768112183,-0.05236770957708359,0.5197558403015137,-0.4996977746486664,-0.0751723125576973,0.45633357763290405,-0.4276432991027832,-0.08313929289579391,0.37374359369277954,-0.4233350157737732,-0.08878040313720703,0.3914419412612915,-0.38337045907974243,-0.07563339918851852,0.5448985695838928,-0.35115817189216614,-0.0629022866487503,0.4753473103046417,-0.29532310366630554,-0.04057704284787178,0.39040955901145935,-0.2809894382953644,-0.038039397448301315,0.41484150290489197,-0.18801352381706238,-0.09683321416378021,0.5247142314910889,-0.17640574276447296,-0.07779446244239807,0.4584883451461792,-0.12888170778751373,-0.0354924313724041,0.38005295395851135,-0.1084725558757782,-0.02304237335920334,0.4218500256538391,0.0034444048069417477,-0.11904836446046829,0.4884765148162842,-0.011039630509912968,-0.10015362501144409,0.41837018728256226,0.020362207666039467,-0.05804448574781418,0.3561840355396271,0.038602590560913086,-0.033407095819711685,APPROVED
0.0,0.0,0.0,0.036275364458560944,-0.3083750903606415,-0.007932372391223907,0.12732787430286407,-0.5835132002830505,-0.0385073721408844,0.20635642111301422,-0.7963539958000183,-0.07003366947174072,0.23733080923557281,-0.966969907283783,-0.09296901524066925,0.3517031967639923,-0.5582268834114075,-0.04767964780330658,0.5196956992149353,-0.49714288115501404,-0.0763312429189682,0.45713403820991516,-0.429149329662323,-0.09159503132104874,0.3764701187610626,-0.4244886636734009,-0.10183791071176529,0.39685770869255066,-0.37758544087409973,-0.06936956197023392,0.5411691665649414,-0.3394651412963867,-0.06435828655958176,0.47060614824295044,-0.2869325876235962,-0.04871785640716553,0.3854921758174896,-0.2751115560531616,-0.048646483570337296,0.416515588760376,-0.1826041042804718,-0.09065042436122894,0.5178882479667664,-0.1645568460226059,-0.07901826500892639,0.4533933699131012,-0.12135384976863861,-0.04179726913571358,0.3753747045993805,-0.10425238311290741,-0.029955850914120674,0.41960498690605164,0.009784694761037827,-0.11359044164419174,0.4801853597164154,0.002040536142885685,-0.10004263371229172,0.4105348587036133,0.0294983871281147,-0.06108888238668442,0.34801363945007324,0.0434424988925457,-0.03670534864068031,APPROVED
0.0,0.0,0.0,0.03382161632180214,-0.3073657751083374,-0.010171080939471722,0.12196359783411026,-0.5798088312149048,-0.04279555380344391,0.2006939798593521,-0.7938886284828186,-0.07626933604478836,0.23465554416179657,-0.9668489694595337,-0.10069676488637924,0.36010798811912537,-0.5612801909446716,-0.049141258001327515,0.519771158695221,-0.4955208897590637,-0.07838565111160278,0.45936211943626404,-0.4234217405319214,-0.09524912387132645,0.3773769736289978,-0.4164530038833618,-0.10693446546792984,0.4076600670814514,-0.38315311074256897,-0.07095852494239807,0.5383415222167969,-0.3217936158180237,-0.06372624635696411,0.46901822090148926,-0.26690658926963806,-0.04826052114367485,0.385088711977005,-0.2601240277290344,-0.05013659968972206,0.42735084891319275,-0.18726423382759094,-0.09284412860870361,0.517247200012207,-0.14904941618442535,-0.07939128577709198,0.4550417363643646,-0.10556131601333618,-0.04252265393733978,0.37751713395118713,-0.09443514794111252,-0.032524701207876205,0.4290705621242523,0.007485058158636093,-0.11706630140542984,0.4840256869792938,0.016796423122286797,-0.10290290415287018,0.4183451235294342,0.04195801541209221,-0.06444951891899109,0.35633233189582825,0.04988032206892967,-0.04073990136384964,APPROVED
0.0,0.0,0.0,0.03619715943932533,-0.3086133897304535,-0.004849703051149845,0.12569008767604828,-0.581814706325531,-0.035707831382751465,0.2048480063676834,-0.7951462268829346,-0.06846025586128235,0.2405802607536316,-0.9662470817565918,-0.0921284481883049,0.3682810962200165,-0.5651983022689819,-0.04712466150522232,0.5332335829734802,-0.5026407241821289,-0.07133587449789047,0.471771240234375,-0.4240630865097046,-0.08368483930826187,0.38993507623672485,-0.4101502299308777,-0.09265560656785965,0.4158419370651245,-0.3902890086174011,-0.07000108063220978,0.5475238561630249,-0.33200719952583313,-0.05827214941382408,0.47592419385910034,-0.27240636944770813,-0.039730168879032135,0.3910282254219055,-0.2601495683193207,-0.03961498662829399,0.43535953760147095,-0.19483652710914612,-0.09197457879781723,0.5266489386558533,-0.16167427599430084,-0.07464863359928131,0.4615766704082489,-0.11433257162570953,-0.036184489727020264,0.38038143515586853,-0.09941016137599945,-0.02576722577214241,0.4366361200809479,0.0015537774888798594,-0.11587698012590408,0.49028533697128296,0.008803269825875759,-0.09958824515342712,0.42050841450691223,0.03742263838648796,-0.060183923691511154,0.3543832302093506,0.04770679026842117,-0.035857658833265305,APPROVED
0.0,0.0,0.0,0.03185927867889404,-0.30779221653938293,-0.009593809023499489,0.11679422110319138,-0.5828984975814819,-0.042783401906490326,0.1975523829460144,-0.7941532135009766,-0.07691021263599396,0.23417221009731293,-0.9667947888374329,-0.10232853889465332,0.35389411449432373,-0.5678502917289734,-0.049899861216545105,0.5135118961334229,-0.5000126361846924,-0.0823768898844719,0.4545951783657074,-0.4254392385482788,-0.1018943265080452,0.3720168173313141,-0.41324710845947266,-0.11390312016010284,0.4078277349472046,-0.38904044032096863,-0.07017998397350311,0.5425770282745361,-0.3295275866985321,-0.06816063076257706,0.47319892048835754,-0.2743099331855774,-0.05537908151745796,0.38352611660957336,-0.26129674911499023,-0.05645105615258217,0.4337412714958191,-0.19558335840702057,-0.09038292616605759,0.5211213231086731,-0.15688444674015045,-0.0778551995754242,0.46124178171157837,-0.11656104773283005,-0.043428268283605576,0.3800129294395447,-0.10291982442140579,-0.033585064113140106,0.4420388638973236,-0.003970579244196415,-0.11281304061412811,0.48706746101379395,0.003078652312979102,-0.09742282330989838,0.4237334132194519,0.027995925396680832,-0.060605667531490326,0.3610014021396637,0.036829736083745956,-0.03744720295071602,APPROVED
0.0,0.0,0.0,0.03112633340060711,-0.30200183391571045,-0.010395003482699394,0.11767402291297913,-0.5764164924621582,-0.04529229924082756,0.19790887832641602,-0.7898555994033813,-0.08169310539960861,0.23673808574676514,-0.9654740691184998,-0.1086965799331665,0.36536160111427307,-0.56737220287323,-0.04858919978141785,0.5251163840293884,-0.47898069024086,-0.080983467400074,0.4614808261394501,-0.4063303768634796,-0.09891669452190399,0.377530574798584,-0.40058591961860657,-0.1101367399096489,0.41662296652793884,-0.3853377401828766,-0.07115256786346436,0.5619059801101685,-0.31253868341445923,-0.0717606395483017,0.49276602268218994,-0.2595236897468567,-0.05999431014060974,0.40113264322280884,-0.2489190250635147,-0.059648558497428894,0.43927276134490967,-0.19015958905220032,-0.09372906386852264,0.5269908905029297,-0.13864220678806305,-0.0816260501742363,0.4645620584487915,-0.09943052381277084,-0.04841609671711922,0.3821225166320801,-0.09168729931116104,-0.038543399423360825,0.44342145323753357,0.0038417973555624485,-0.11894268542528152,0.4760138690471649,0.03138851746916771,-0.10531553626060486,0.41099652647972107,0.05367238074541092,-0.07267684489488602,0.3473818898200989,0.052616313099861145,-0.05181371048092842,APPROVED
0.0,0.0,0.0,0.036758240312337875,-0.30335700511932373,-0.0070432135835289955,0.12594330310821533,-0.5729381442070007,-0.04136701673269272,0.2074124664068222,-0.788507878780365,-0.07694923877716064,0.2429172843694687,-0.964483916759491,-0.10374024510383606,0.3617280125617981,-0.5504001975059509,-0.054340023547410965,0.5227715373039246,-0.46507570147514343,-0.07934615015983582,0.46838346123695374,-0.3851378858089447,-0.08857061713933945,0.3891853392124176,-0.3740663230419159,-0.09477004408836365,0.410768061876297,-0.37213435769081116,-0.07728869467973709,0.5542337894439697,-0.3066841959953308,-0.06959506124258041,0.49198779463768005,-0.24976880848407745,-0.05195743590593338,0.40192025899887085,-0.23695096373558044,-0.05042921379208565,0.43011510372161865,-0.17931370437145233,-0.09872859716415405,0.5189473628997803,-0.1362352818250656,-0.07826244831085205,0.4597803056240082,-0.09604372084140778,-0.041204746812582016,0.37866270542144775,-0.08707010000944138,-0.03258201479911804,0.43105053901672363,0.011762184090912342,-0.12251827865839005,0.4645515978336334,0.03144961595535278,-0.10354448854923248,0.4000481069087982,0.05382824316620827,-0.06814738363027573,0.33636122941970825,0.05402904376387596,-0.047805264592170715,APPROVED
0.0,0.0,0.0,0.033503904938697815,-0.3064397871494293,-0.016364658251404762,0.11914302408695221,-0.5780103802680969,-0.053769487887620926,0.20186688005924225,-0.7889452576637268,-0.08970523625612259,0.24317485094070435,-0.962813675403595,-0.11771074682474136,0.3659096360206604,-0.5510497689247131,-0.0652453750371933,0.5088315010070801,-0.4470021426677704,-0.09133327752351761,0.4529130756855011,-0.37484267354011536,-0.10477302223443985,0.3781740069389343,-0.3713454604148865,-0.11455985903739929,0.4174085259437561,-0.36590775847435,-0.08262837678194046,0.5470103025436401,-0.2988540530204773,-0.07750220596790314,0.4838368594646454,-0.24532680213451385,-0.06512520462274551,0.397014319896698,-0.22986233234405518,-0.06707841157913208,0.4384487569332123,-0.1690947413444519,-0.0979636013507843,0.5239641070365906,-0.12810097634792328,-0.08343258500099182,0.4621996581554413,-0.09241167455911636,-0.050082720816135406,0.3785800039768219,-0.08198217302560806,-0.04190986976027489,0.43876031041145325,0.02057582512497902,-0.11566531658172607,0.4735156297683716,0.029191460460424423,-0.10191930085420609,0.405191034078598,0.05050068348646164,-0.06703305244445801,0.3372700810432434,0.05345422402024269,-0.04535635933279991,APPROVED
0.0,0.0,0.0,0.03784383088350296,-0.3177085220813751,-0.001554509624838829,0.12574033439159393,-0.5872650146484375,-0.03144115209579468,0.2103607952594757,-0.7964208126068115,-0.06205964460968971,0.24922671914100647,-0.9647238850593567,-0.08481679856777191,0.37146589159965515,-0.5529143810272217,-0.04836629703640938,0.5048038959503174,-0.46943527460098267,-0.05947573110461235,0.4470495581626892,-0.394021213054657,-0.061059534549713135,0.37190595269203186,-0.38424625992774963,-0.06406710296869278,0.4255034327507019,-0.37022751569747925,-0.06936553120613098,0.5469285249710083,-0.31532230973243713,-0.04995594546198845,0.48364901542663574,-0.25817808508872986,-0.030827779322862625,0.3979302942752838,-0.240408793091774,-0.03085862472653389,0.4471321403980255,-0.17590628564357758,-0.08638874441385269,0.5276919007301331,-0.1487121880054474,-0.05815807729959488,0.46664339303970337,-0.11010889708995819,-0.021415950730443,0.3846694529056549,-0.0975690558552742,-0.01495436392724514,0.4478023052215576,0.0117943175137043,-0.10458739846944809,0.4847986102104187,0.007041994947940111,-0.0797896608710289,0.41745245456695557,0.027708599343895912,-0.04022065922617912,0.34948867559432983,0.03154267370700836,-0.01784939505159855,APPROVED
0.0,0.0,0.0,0.04255000501871109,-0.3158542215824127,-0.003040288807824254,0.13098523020744324,-0.5828873515129089,-0.0348903089761734,0.2142956256866455,-0.7929513454437256,-0.06760433316230774,0.2464102804660797,-0.9646918177604675,-0.09301424771547318,0.3715696334838867,-0.5469369888305664,-0.051978226751089096,0.5050008296966553,-0.4652550220489502,-0.06722340732812881,0.4508846700191498,-0.38968175649642944,-0.07214310765266418,0.37816473841667175,-0.37809011340141296,-0.07741016894578934,0.42378050088882446,-0.3670027554035187,-0.07287981361150742,0.5431637167930603,-0.31285879015922546,-0.057321757078170776,0.47998279333114624,-0.25587379932403564,-0.04023757204413414,0.3948171138763428,-0.23932023346424103,-0.04128977283835411,0.44447869062423706,-0.175873801112175,-0.09001429378986359,0.5243728160858154,-0.1458328813314438,-0.06605973094701767,0.4629049301147461,-0.10962441563606262,-0.030975911766290665,0.38041603565216064,-0.09896968305110931,-0.024636786431074142,0.44478875398635864,0.009528490714728832,-0.10830988734960556,0.47728264331817627,0.008564284071326256,-0.08621039241552353,0.40911078453063965,0.027305832132697105,-0.04778135195374489,0.3407645523548126,0.029578356072306633,-0.025731893256306648,APPROVED
0.0,0.0,0.0,0.03835335746407509,-0.3204815685749054,-0.004945914261043072,0.12933610379695892,-0.5838867425918579,-0.03790569677948952,0.21329402923583984,-0.7951579093933105,-0.07019734382629395,0.24546857178211212,-0.9648315906524658,-0.09404847025871277,0.37486380338668823,-0.5404556393623352,-0.0639570951461792,0.5210650563240051,-0.4624427556991577,-0.07224549353122711,0.4668635129928589,-0.38407284021377563,-0.06626510620117188,0.3935743570327759,-0.3694624602794647,-0.06408840417861938,0.4276975095272064,-0.3554401397705078,-0.08154269307851791,0.5482091307640076,-0.3042621612548828,-0.05969607084989548,0.48412883281707764,-0.24925938248634338,-0.03435882553458214,0.3976527154445648,-0.23119103908538818,-0.030991487205028534,0.44556188583374023,-0.1610206514596939,-0.09441100060939789,0.5159152746200562,-0.13364095985889435,-0.061399128288030624,0.4562855362892151,-0.09600323438644409,-0.022606199607253075,0.3762911856174469,-0.0828355997800827,-0.016857272014021873,0.44438016414642334,0.026632599532604218,-0.10878980159759521,0.4721847474575043,0.030922530218958855,-0.08034377545118332,0.40836861729621887,0.05006762966513634,-0.04252271726727486,0.3440457284450531,0.05105076730251312,-0.023060888051986694,APPROVED
0.0,0.0,0.0,0.04158046841621399,-0.31718507409095764,-0.009621945209801197,0.13258375227451324,-0.5808291435241699,-0.04692961275577545,0.21557775139808655,-0.7906045913696289,-0.08220896124839783,0.24545973539352417,-0.9633508920669556,-0.10818804800510406,0.38016563653945923,-0.5480096340179443,-0.07517372071743011,0.5297545790672302,-0.46279585361480713,-0.08565619587898254,0.47328823804855347,-0.382400780916214,-0.07914655655622482,0.3939753770828247,-0.37140804529190063,-0.07703784108161926,0.43213048577308655,-0.36748722195625305,-0.09317704290151596,0.5426231622695923,-0.2926582098007202,-0.07420618087053299,0.4735589027404785,-0.23383326828479767,-0.04980827867984772,0.3880082666873932,-0.22213895618915558,-0.04775474593043327,0.450035959482193,-0.17035923898220062,-0.10644601285457611,0.5170964002609253,-0.13019287586212158,-0.07901807129383087,0.453865647315979,-0.0904262512922287,-0.04070811718702316,0.3727142810821533,-0.07943680882453918,-0.03468969836831093,0.4508010447025299,0.02495582588016987,-0.1213809922337532,0.4794691205024719,0.033272240310907364,-0.09908200800418854,0.41329219937324524,0.055366918444633484,-0.06165723130106926,0.34813621640205383,0.059050075709819794,-0.04110832139849663,APPROVED
0.0,0.0,0.0,0.03671533986926079,-0.3219023644924164,-0.007879674434661865,0.12922678887844086,-0.5858907699584961,-0.04333648830652237,0.213578462600708,-0.7943260669708252,-0.07580310106277466,0.2364732176065445,-0.9665074944496155,-0.09971758723258972,0.3880259692668915,-0.555836021900177,-0.07865104079246521,0.5221661925315857,-0.46524208784103394,-0.08022001385688782,0.4572484791278839,-0.3946682810783386,-0.0673777312040329,0.3802392780780792,-0.3871455192565918,-0.06266233325004578,0.4402354955673218,-0.37116071581840515,-0.09392675757408142,0.5347638726234436,-0.30131614208221436,-0.0672677755355835,0.46183544397354126,-0.24958710372447968,-0.03839487209916115,0.3781300485134125,-0.23147226870059967,-0.034832824021577835,0.45616865158081055,-0.17255280911922455,-0.10272038727998734,0.5119063854217529,-0.1401955634355545,-0.06828050315380096,0.44619396328926086,-0.10580280423164368,-0.02766391634941101,0.3632451593875885,-0.08882138133049011,-0.021554142236709595,0.4551413953304291,0.019638709723949432,-0.11295706778764725,0.477081298828125,0.019514311105012894,-0.08425959944725037,0.4076397120952606,0.0369248129427433,-0.044965680688619614,0.3400771915912628,0.04305500164628029,-0.024332666769623756,APPROVED
0.0,0.0,0.0,0.03858046606183052,-0.32565781474113464,-0.011950308457016945,0.12565015256404877,-0.5952152013778687,-0.04740995541214943,0.20984691381454468,-0.7998921275138855,-0.07904233038425446,0.23857949674129486,-0.9657567739486694,-0.10194988548755646,0.37922403216362,-0.5585517883300781,-0.07947385311126709,0.5055568814277649,-0.4773576259613037,-0.0845508798956871,0.4431583285331726,-0.40707603096961975,-0.0751752182841301,0.3678889572620392,-0.3987262547016144,-0.0720178410410881,0.4336167871952057,-0.3687961995601654,-0.09188428521156311,0.5306727290153503,-0.31543800234794617,-0.06983933597803116,0.46205130219459534,-0.26300618052482605,-0.04383998364210129,0.3798259198665619,-0.2412041872739792,-0.04065854474902153,0.4529357850551605,-0.16989001631736755,-0.09829802066087723,0.5137982368469238,-0.14873091876506805,-0.06846866011619568,0.45253583788871765,-0.11336733400821686,-0.03025548905134201,0.3707629144191742,-0.09157909452915192,-0.02347191795706749,0.4542287290096283,0.02127603255212307,-0.10613734275102615,0.4797110855579376,0.011653496883809566,-0.07992170751094818,0.41351160407066345,0.02955859713256359,-0.041230231523513794,0.3474583625793457,0.040330179035663605,-0.019830159842967987,APPROVED
0.0,0.0,0.0,0.040153875946998596,-0.32087141275405884,-0.008618508465588093,0.13103143870830536,-0.588698148727417,-0.0427507646381855,0.21420353651046753,-0.7971744537353516,-0.07388772070407867,0.2411154806613922,-0.9657319784164429,-0.09604785591363907,0.3783491551876068,-0.5565751194953918,-0.07620241492986679,0.5136054754257202,-0.48049595952033997,-0.080653615295887,0.451822966337204,-0.4065278172492981,-0.06940098851919174,0.37184926867485046,-0.39698654413223267,-0.06442205607891083,0.43216681480407715,-0.3723590672016144,-0.09078004956245422,0.5324234366416931,-0.3118232190608978,-0.06846971064805984,0.46295860409736633,-0.2569189965724945,-0.041975636035203934,0.3780296742916107,-0.23921605944633484,-0.03838381543755531,0.4513806402683258,-0.1753925234079361,-0.0993223562836647,0.5149719715118408,-0.14937834441661835,-0.06948767602443695,0.45364639163017273,-0.11105663329362869,-0.030654001981019974,0.3715101182460785,-0.09225266426801682,-0.023695001378655434,0.4527874290943146,0.01475577987730503,-0.1089797168970108,0.48118916153907776,0.009058293886482716,-0.0833699107170105,0.41565555334091187,0.029215214774012566,-0.04421975091099739,0.348821222782135,0.03834696486592293,-0.02250055782496929,APPROVED
0.0,0.0,0.0,0.04587649554014206,-0.3253611922264099,-0.004544967785477638,0.1400194764137268,-0.6034520864486694,-0.03345618024468422,0.2244289219379425,-0.807187020778656,-0.060932207852602005,0.2472260594367981,-0.9656886458396912,-0.0795275866985321,0.39847758412361145,-0.5655300617218018,-0.062399718910455704,0.5315420031547546,-0.48026445508003235,-0.06795984506607056,0.47133883833885193,-0.4079875349998474,-0.061922721564769745,0.39216622710227966,-0.3989183008670807,-0.060392655432224274,0.450148344039917,-0.3781602382659912,-0.07983064651489258,0.5496506094932556,-0.3123328983783722,-0.056036531925201416,0.4810698926448822,-0.25845032930374146,-0.03142907842993736,0.39379024505615234,-0.2413877546787262,-0.02816392108798027,0.4673442542552948,-0.17763367295265198,-0.09234032779932022,0.526676595211029,-0.14665503799915314,-0.0602913461625576,0.4632817506790161,-0.11006959527730942,-0.02472836710512638,0.3778270483016968,-0.09373561292886734,-0.01916152983903885,0.46462276577949524,0.01910487562417984,-0.10641909390687943,0.4856675863265991,0.01884731650352478,-0.07867476344108582,0.41876378655433655,0.03502316772937775,-0.04180464893579483,0.34991762042045593,0.03985028341412544,-0.021170374006032944,APPROVED
0.0,0.0,0.0,0.03932197019457817,-0.3219033479690552,0.0003547558735590428,0.13135087490081787,-0.5980691909790039,-0.026777030900120735,0.21602100133895874,-0.8053293228149414,-0.05297660082578659,0.24327149987220764,-0.9674005508422852,-0.07039196789264679,0.3940730094909668,-0.5648475885391235,-0.059569377452135086,0.5294606685638428,-0.4794706106185913,-0.05696030706167221,0.4694214165210724,-0.4003872573375702,-0.04374358803033829,0.3910638093948364,-0.38893502950668335,-0.038028351962566376,0.4461168050765991,-0.3809174597263336,-0.07685046643018723,0.5448841452598572,-0.3065932095050812,-0.04353173449635506,0.4735381305217743,-0.24663983285427094,-0.013845204375684261,0.3875216245651245,-0.2305324673652649,-0.009171406738460064,0.46216610074043274,-0.18059006333351135,-0.08811143040657043,0.5217137932777405,-0.14061415195465088,-0.04760770499706268,0.4560437798500061,-0.10123124718666077,-0.010205966420471668,0.3704654574394226,-0.0876605212688446,-0.006311875302344561,0.459710955619812,0.016019197180867195,-0.10048649460077286,0.47926065325737,0.025662709027528763,-0.06754692643880844,0.4092084467411041,0.043960366398096085,-0.0305179376155138,0.33956724405288696,0.04603652283549309,-0.011537747457623482,APPROVED
0.0,0.0,0.0,0.042808279395103455,-0.31862112879753113,8.585838077124208e-05,0.13984036445617676,-0.5920051336288452,-0.0273608285933733,0.22789977490901947,-0.8010370135307312,-0.05265795812010765,0.24997547268867493,-0.9657698273658752,-0.06928989291191101,0.39579710364341736,-0.5600975751876831,-0.06605841219425201,0.5309320688247681,-0.4786164164543152,-0.061470918357372284,0.46567222476005554,-0.4071900248527527,-0.045502062886953354,0.3858463764190674,-0.4017047584056854,-0.03840738907456398,0.448708176612854,-0.37385544180870056,-0.08234335482120514,0.5472002625465393,-0.3117954134941101,-0.046962544322013855,0.4765540361404419,-0.2577475309371948,-0.01538943313062191,0.3917534053325653,-0.24005655944347382,-0.01012671459466219,0.4659353792667389,-0.17302870750427246,-0.09150122106075287,0.5278483629226685,-0.1457233428955078,-0.048928555101156235,0.464114785194397,-0.11000489443540573,-0.008968694135546684,0.3797896206378937,-0.09334012120962143,-0.0038737955037504435,0.46410349011421204,0.020964408293366432,-0.1014677956700325,0.4885715842247009,0.016256114467978477,-0.06639441847801208,0.42130354046821594,0.034291598945856094,-0.0265777837485075,0.35401079058647156,0.04154088348150253,-0.005932753439992666,APPROVED
0.0,0.0,0.0,0.0402616411447525,-0.32079824805259705,-0.002124947728589177,0.1353636234998703,-0.5885116457939148,-0.031246425583958626,0.2196352481842041,-0.7995085716247559,-0.05794992670416832,0.24060483276844025,-0.9676046371459961,-0.0764898881316185,0.38091135025024414,-0.5545060038566589,-0.06701211631298065,0.5121251940727234,-0.48908957839012146,-0.0630335807800293,0.4486538767814636,-0.41671571135520935,-0.048266615718603134,0.371806800365448,-0.40683597326278687,-0.04182194173336029,0.4324270486831665,-0.3709163963794708,-0.08041109889745712,0.5289457440376282,-0.32142409682273865,-0.04780825972557068,0.4581862688064575,-0.26868581771850586,-0.01888298988342285,0.3754904270172119,-0.2507759928703308,-0.015344392508268356,0.44841304421424866,-0.17379269003868103,-0.08649374544620514,0.512578010559082,-0.15612861514091492,-0.04722920060157776,0.4513058662414551,-0.12076923251152039,-0.008829645812511444,0.36939769983291626,-0.10145582258701324,-0.004056666046380997,0.4468778967857361,0.014032240025699139,-0.09290493279695511,0.47425296902656555,0.0012789523461833596,-0.05894320458173752,0.4092935621738434,0.019775500521063805,-0.018932970240712166,0.3446643650531769,0.03128254413604736,0.0017249882221221924,APPROVED
0.0,0.0,0.0,0.03568759188055992,-0.3178560137748718,0.00028567254776135087,0.1271597295999527,-0.5934150815010071,-0.02631695568561554,0.2119860202074051,-0.804958164691925,-0.05033503845334053,0.23962289094924927,-0.9686399698257446,-0.06570854038000107,0.3828907012939453,-0.5609293580055237,-0.0684368684887886,0.5202939510345459,-0.4910479187965393,-0.06068090721964836,0.4567888677120209,-0.4166886508464813,-0.04044831171631813,0.37571483850479126,-0.4075859487056732,-0.030287982895970345,0.43658098578453064,-0.3762377202510834,-0.08309387415647507,0.5364819169044495,-0.32062065601348877,-0.045749254524707794,0.46545299887657166,-0.26540011167526245,-0.012379206717014313,0.38084059953689575,-0.24630877375602722,-0.006654021795839071,0.45459842681884766,-0.17675358057022095,-0.09004899859428406,0.525559663772583,-0.15614621341228485,-0.04740642011165619,0.46249592304229736,-0.11873206496238708,-0.006347375921905041,0.3772595226764679,-0.09917544573545456,-0.0008556140819564462,0.45415255427360535,0.015202559530735016,-0.09722506254911423,0.4861051142215729,0.004170245956629515,-0.06362368911504745,0.4205351173877716,0.025465797632932663,-0.023315025493502617,0.3536267876625061,0.036494459956884384,-0.0023499669041484594,APPROVED
0.0,0.0,0.0,0.03944918140769005,-0.31349411606788635,-0.0009668071870692074,0.1316809058189392,-0.5867122411727905,-0.02918427810072899,0.2154206484556198,-0.8015223741531372,-0.05492577329277992,0.24502360820770264,-0.9668760895729065,-0.0715121179819107,0.3849796652793884,-0.5638879537582397,-0.06753312796354294,0.5153533220291138,-0.4880055785179138,-0.05885688215494156,0.4524593949317932,-0.4099878668785095,-0.03789890557527542,0.3730754256248474,-0.403218537569046,-0.028042353689670563,0.437701553106308,-0.3847167193889618,-0.08276444673538208,0.5336099863052368,-0.3195379376411438,-0.046207547187805176,0.46308454871177673,-0.2606967091560364,-0.014308584854006767,0.3785843849182129,-0.24449194967746735,-0.009387100115418434,0.45464643836021423,-0.18793396651744843,-0.09019583463668823,0.5201497077941895,-0.1562969982624054,-0.04692002385854721,0.45567306876182556,-0.1175042986869812,-0.006530625745654106,0.36925241351127625,-0.10227598994970322,-0.0019375054398551583,0.45308923721313477,0.0035126954317092896,-0.09840536117553711,0.47848889231681824,0.005532361567020416,-0.06525234878063202,0.4104621708393097,0.025594932958483696,-0.026776578277349472,0.3414327800273895,0.030962111428380013,-0.0071311225183308125,APPROVED
0.0,0.0,0.0,0.03500646725296974,-0.3173471689224243,0.0022395052947103977,0.12689009308815002,-0.5864656567573547,-0.02514944039285183,0.209624782204628,-0.8024805188179016,-0.05053483694791794,0.23570959270000458,-0.9694753289222717,-0.06751642376184464,0.38165903091430664,-0.5644101500511169,-0.06623959541320801,0.516374409198761,-0.49454620480537415,-0.05649213865399361,0.45084184408187866,-0.4141426682472229,-0.03549836948513985,0.37083718180656433,-0.40278324484825134,-0.025169676169753075,0.43589797616004944,-0.3834502398967743,-0.08070576936006546,0.5340932011604309,-0.3225899636745453,-0.04208064451813698,0.46153223514556885,-0.2638348340988159,-0.009185921400785446,0.3768673837184906,-0.24410662055015564,-0.0037272635381668806,0.45329222083091736,-0.18484681844711304,-0.08673784136772156,0.5212260484695435,-0.15769682824611664,-0.04203286021947861,0.4572114646434784,-0.11986307054758072,-0.0015009932685643435,0.37189891934394836,-0.10181105136871338,0.003337538568302989,0.4527834951877594,0.005376509856432676,-0.09282323718070984,0.4800221025943756,0.004098982084542513,-0.057180099189281464,0.41285598278045654,0.0252855084836483,-0.01710454188287258,0.3450809419155121,0.03373560309410095,0.0035439145285636187,APPROVED
0.0,0.0,0.0,0.035990871489048004,-0.3201582431793213,0.004126719199120998,0.12619918584823608,-0.5891370177268982,-0.022556468844413757,0.20937249064445496,-0.8040878772735596,-0.04723257198929787,0.23668599128723145,-0.9695227742195129,-0.06328675895929337,0.38170939683914185,-0.5707513093948364,-0.06636964529752731,0.5139378905296326,-0.4972919821739197,-0.05288618430495262,0.4528351128101349,-0.41722163558006287,-0.02771153301000595,0.3762654960155487,-0.40555399656295776,-0.015158170834183693,0.4378608763217926,-0.38964736461639404,-0.08162863552570343,0.5341400504112244,-0.32787343859672546,-0.03930501267313957,0.4641773998737335,-0.2694995701313019,-0.003545327577739954,0.3803538382053375,-0.24884437024593353,0.0029533219058066607,0.45635589957237244,-0.1913820207118988,-0.08802219480276108,0.5205371379852295,-0.16349029541015625,-0.038637060672044754,0.45645198225975037,-0.12559840083122253,0.0035187879111617804,0.37094929814338684,-0.10739742964506149,0.007720080204308033,0.4562879204750061,5.4288142564473674e-05,-0.0946635976433754,0.48060086369514465,0.0010711071081459522,-0.05608416348695755,0.4124625325202942,0.02087482437491417,-0.01604779250919819,0.34348729252815247,0.027375364676117897,0.0035960243549197912,APPROVED
0.0,0.0,0.0,0.03678540885448456,-0.31774815917015076,0.006668073125183582,0.12949922680854797,-0.5928934812545776,-0.016143139451742172,0.21151944994926453,-0.8064935803413391,-0.03797880932688713,0.2371588498353958,-0.9701249599456787,-0.0511193610727787,0.38317057490348816,-0.5707626938819885,-0.05650365352630615,0.5226410627365112,-0.49821174144744873,-0.045626621693372726,0.4622740149497986,-0.4154200851917267,-0.02442464791238308,0.38154128193855286,-0.40118464827537537,-0.013436715118587017,0.438529372215271,-0.39094170928001404,-0.07297851890325546,0.5380210280418396,-0.3218190371990204,-0.03244037553668022,0.4673401415348053,-0.2609042525291443,-9.35045045480365e-06,0.38134196400642395,-0.24253103137016296,0.005453522317111492,0.45769232511520386,-0.19229024648666382,-0.08142095059156418,0.5232841372489929,-0.1577237844467163,-0.03412512317299843,0.4596410095691681,-0.11889287829399109,0.004948608577251434,0.3742491602897644,-0.10429782420396805,0.008610202930867672,0.45803287625312805,-0.0006024480680935085,-0.08996646851301193,0.48266756534576416,0.004457089584320784,-0.05275650694966316,0.41512125730514526,0.026169750839471817,-0.013555673882365227,0.34635499119758606,0.03213829547166824,0.006540428381413221,APPROVED
0.0,0.0,0.0,0.03823379799723625,-0.3166792690753937,0.00553871737793088,0.13022670149803162,-0.5926256775856018,-0.017589803785085678,0.21090050041675568,-0.8059846758842468,-0.040267299860715866,0.23434492945671082,-0.9706291556358337,-0.054419536143541336,0.38518235087394714,-0.563778281211853,-0.05132657662034035,0.5215833783149719,-0.4934946298599243,-0.04391511529684067,0.4614774286746979,-0.4137246310710907,-0.02776617929339409,0.3816663324832916,-0.40023988485336304,-0.019807791337370872,0.438481867313385,-0.38821107149124146,-0.06765847653150558,0.5374825596809387,-0.31908226013183594,-0.030102252960205078,0.46703389286994934,-0.2596883177757263,-0.0009692958556115627,0.38191816210746765,-0.24246594309806824,0.0028583479579538107,0.45602497458457947,-0.19284693896770477,-0.07680236548185349,0.5217741131782532,-0.1572304666042328,-0.03207666054368019,0.4594876170158386,-0.11875974386930466,0.0052833762019872665,0.37621480226516724,-0.10439590364694595,0.008831014856696129,0.4552626311779022,-0.0032322569750249386,-0.08624584972858429,0.48359164595603943,0.002147128339856863,-0.04954930394887924,0.4172342121601105,0.023478414863348007,-0.010035720653831959,0.3501337766647339,0.030009055510163307,0.01070262212306261,APPROVED
0.0,0.0,0.0,0.03663388639688492,-0.3169344961643219,0.0064135342836380005,0.12663443386554718,-0.5914320349693298,-0.017374180257320404,0.20713108777999878,-0.8062742948532104,-0.039989762008190155,0.2367253601551056,-0.9700947999954224,-0.05363953113555908,0.3816945552825928,-0.5742071270942688,-0.057072971016168594,0.5196986198425293,-0.5001761317253113,-0.04546444118022919,0.4551735520362854,-0.4176290035247803,-0.024219749495387077,0.3743111491203308,-0.4044780731201172,-0.013231128454208374,0.4373394548892975,-0.39645248651504517,-0.07265844196081161,0.5366423726081848,-0.3260795474052429,-0.030650032684206963,0.46426817774772644,-0.2660088837146759,0.0022819985169917345,0.3789110779762268,-0.2474917620420456,0.007612844929099083,0.4569019079208374,-0.19993513822555542,-0.0799955427646637,0.5234323740005493,-0.16552947461605072,-0.030760716646909714,0.46051353216171265,-0.12710139155387878,0.00963435135781765,0.37619051337242126,-0.11132016032934189,0.013809937983751297,0.45807555317878723,-0.011221436783671379,-0.08745251595973969,0.4881754219532013,-0.0097289914265275,-0.04713853821158409,0.4218783676624298,0.013034604489803314,-0.005373651161789894,0.35397055745124817,0.021610131487250328,0.01611056737601757,APPROVED
