f0,f1,f2,f3,f4,f5,f6,f7,f8,f9,f10,f11,f12,f13,f14,f15,f16,f17,f18,f19,f20,f21,f22,f23,f24,f25,f26,f27,f28,f29,f30,f31,f32,f33,f34,f35,f36,f37,f38,f39,f40,f41,f42,f43,f44,f45,f46,f47,f48,f49,f50,f51,f52,f53,f54,f55,f56,f57,f58,f59,f60,f61,f62,f63,f64,f65,f66,f67,f68,f69,f70,f71,f72,f73,f74,f75,f76,f77,f78,f79,f80,f81,f82,f83,f84,f85,f86,f87,f88,f89,f90,f91,f92,f93,f94,f95,f96,f97,f98,f99,f100,f101,f102,f103,f104,f105,f106,f107,f108,f109,f110,f111,f112,f113,f114,f115,f116,f117,f118,f119,f120,f121,f122,f123,f124,f125,label
0.0,0.0,0.0,0.0549907311797142,-0.3122622072696686,0.08955793082714081,0.20071618258953094,-0.5043020844459534,0.15345382690429688,0.33752575516700745,-0.4943053126335144,0.21141161024570465,0.4121668040752411,-0.3733033537864685,0.2603582739830017,0.394257128238678,-0.465774267911911,0.0686861127614975,0.639781653881073,-0.5079692006111145,0.13286280632019043,0.7606360912322998,-0.49748286604881287,0.17032484710216522,0.8544266819953918,-0.483430415391922,0.19039463996887207,0.45463642477989197,-0.3074079155921936,0.07083825767040253,0.542726457118988,-0.3694462180137634,0.18089495599269867,0.45966917276382446,-0.3837446868419647,0.23946936428546906,0.3939797878265381,-0.3724098205566406,0.2602468430995941,0.46013131737709045,-0.15158356726169586,0.0854010283946991,0.48109057545661926,-0.24280084669589996,0.1959388107061386,0.40823668241500854,-0.24913884699344635,0.2207271009683609,0.34232407808303833,-0.22900845110416412,0.21003077924251556,0.4495418965816498,-0.027766630053520203,0.10823816806077957,0.4637294113636017,-0.11627409607172012,0.20267720520496368,0.4084015488624573,-0.12188846617937088,0.23705123364925385,0.3473099172115326,-0.10001621395349503,0.24722670018672943,0.0,0.0,0.0,-0.12615619599819183,-0.1629316657781601,0.04473098739981651,-0.14942847192287445,-0.35018351674079895,0.07359714806079865,-0.1395796537399292,-0.4811197817325592,0.08210691809654236,-0.11242097616195679,-0.5632537603378296,0.08816760778427124,0.000566168746445328,-0.5315595269203186,0.1183057576417923,-0.050970062613487244,-0.7008877396583557,0.12132585048675537,-0.09957841783761978,-0.8277019262313843,0.10872697830200195,-0.13455000519752502,-0.9338027834892273,0.09202733635902405,0.031427111476659775,-0.535862386226654,0.06542113423347473,-0.035024698823690414,-0.7302896976470947,0.0568072609603405,-0.08973215520381927,-0.8694674968719482,0.031641364097595215,-0.129720076918602,-0.9914786219596863,0.011949107050895691,0.044340915977954865,-0.5197311639785767,0.005476244259625673,-0.033839527517557144,-0.723667562007904,-0.02130700647830963,-0.08997777104377747,-0.8645690083503723,-0.043644826859235764,-0.1272560954093933,-0.9867035150527954,-0.05761903524398804,0.03284260258078575,-0.49577146768569946,-0.054262273013591766,-0.03774477168917656,-0.6946726441383362,-0.08781099319458008,-0.08219333738088608,-0.8143712282180786,-0.10382452607154846,-0.11217861622571945,-0.920813262462616,-0.11363206803798676,COLD
0.0,0.0,0.0,0.062062136828899384,-0.3091193735599518,0.11243654787540436,0.20448391139507294,-0.49077415466308594,0.1950177401304245,0.3261035978794098,-0.48588240146636963,0.2741662263870239,0.4027448892593384,-0.37838292121887207,0.34437695145606995,0.4012220501899719,-0.46361082792282104,0.08739886432886124,0.6398406028747559,-0.4988427758216858,0.1643408089876175,0.7563902139663696,-0.4918534755706787,0.2013469934463501,0.8497356176376343,-0.4786680042743683,0.22096657752990723,0.45018714666366577,-0.3011985719203949,0.09404844045639038,0.5242745280265808,-0.36116331815719604,0.2393592894077301,0.436819851398468,-0.376197874546051,0.3082706928253174,0.3716229498386383,-0.3678394854068756,0.3279438316822052,0.4454837441444397,-0.14423853158950806,0.11499138176441193,0.4613398015499115,-0.23620593547821045,0.25858378410339355,0.3800201714038849,-0.23762932419776917,0.27739301323890686,0.3174034059047699,-0.21732936799526215,0.25298964977264404,0.43598872423171997,-0.02332017384469509,0.1470031887292862,0.44000551104545593,-0.10863499343395233,0.26192453503608704,0.37931329011917114,-0.1128440722823143,0.2913779616355896,0.31838318705558777,-0.09365209937095642,0.29203277826309204,0.0,0.0,0.0,-0.12582522630691528,-0.1640160083770752,0.05185429006814957,-0.1479201316833496,-0.35485386848449707,0.08443810790777206,-0.13907311856746674,-0.4847377836704254,0.0946531742811203,-0.11306580156087875,-0.5662257671356201,0.1018691211938858,-0.0013003092026337981,-0.5347964763641357,0.12823434174060822,-0.05181603878736496,-0.7031863331794739,0.1346161663532257,-0.10052086412906647,-0.8278329372406006,0.12434446066617966,-0.1354198455810547,-0.9325369000434875,0.10903660953044891,0.030888190492987633,-0.5387627482414246,0.0715179443359375,-0.03499480336904526,-0.7324103713035583,0.06583978235721588,-0.09030890464782715,-0.8709601759910583,0.042444147169589996,-0.13051912188529968,-0.9911527037620544,0.02410721965134144,0.0455896370112896,-0.5205509066581726,0.007914924062788486,-0.03239106759428978,-0.7245620489120483,-0.017064739018678665,-0.08951479941606522,-0.8653172850608826,-0.03794299066066742,-0.12787187099456787,-0.985834002494812,-0.05090249702334404,0.03549448773264885,-0.49423983693122864,-0.0550718754529953,-0.03544062003493309,-0.6936985850334167,-0.08791757375001907,-0.08090494573116302,-0.8149015307426453,-0.10338858515024185,-0.11197954416275024,-0.9209651947021484,-0.11275838315486908,COLD
0.0,0.0,0.0,0.05826622620224953,-0.31010326743125916,0.1072789654135704,0.20124581456184387,-0.4929928183555603,0.18143850564956665,0.3298858404159546,-0.48651406168937683,0.24856290221214294,0.40754956007003784,-0.3753271698951721,0.30562281608581543,0.3972037732601166,-0.45967867970466614,0.0880860760807991,0.6393156051635742,-0.5008718967437744,0.16414429247379303,0.7547340393066406,-0.4921968877315521,0.20396104454994202,0.8469293713569641,-0.4819904863834381,0.22449027001857758,0.4529535472393036,-0.2972966432571411,0.0879371389746666,0.5246032476425171,-0.36475226283073425,0.2189515233039856,0.44091999530792236,-0.37898510694503784,0.2803771197795868,0.3803901672363281,-0.36603882908821106,0.29755300283432007,0.4531843066215515,-0.1389949768781662,0.10175403207540512,0.4644877016544342,-0.23563441634178162,0.2332949936389923,0.38780519366264343,-0.23741011321544647,0.25450608134269714,0.3278277516365051,-0.2148384153842926,0.2345300167798996,0.4429711401462555,-0.016837412491440773,0.1255066692829132,0.4492422938346863,-0.10744187980890274,0.23493847250938416,0.39116793870925903,-0.10998338460922241,0.26912447810173035,0.3324289619922638,-0.0858352929353714,0.27487677335739136,0.0,0.0,0.0,-0.12681300938129425,-0.16195079684257507,0.035669706761837006,-0.14907443523406982,-0.34839922189712524,0.056790854781866074,-0.1401384025812149,-0.47822657227516174,0.05885704606771469,-0.1113225668668747,-0.5609075427055359,0.058964699506759644,0.002332729520276189,-0.5308069586753845,0.10391825437545776,-0.050733111798763275,-0.6984524130821228,0.10038197785615921,-0.09917771816253662,-0.8255198001861572,0.08346883952617645,-0.13359872996807098,-0.9321692585945129,0.0642237439751625,0.034404147416353226,-0.5351298451423645,0.0536314994096756,-0.036009617149829865,-0.7292042374610901,0.040203649550676346,-0.08993878960609436,-0.8680406212806702,0.013148097321391106,-0.1290188878774643,-0.9916114807128906,-0.007794855162501335,0.048218391835689545,-0.5195095539093018,-0.0039899758994579315,-0.03434872627258301,-0.721921980381012,-0.033074989914894104,-0.08987274020910263,-0.8618068099021912,-0.05457805097103119,-0.1265593022108078,-0.9839934706687927,-0.0679127424955368,0.03619543835520744,-0.4951115846633911,-0.06231708824634552,-0.03730893135070801,-0.6902914047241211,-0.09452375024557114,-0.0813702791929245,-0.8085392713546753,-0.10816734284162521,-0.1113772764801979,-0.9141069650650024,-0.11649132519960403,COLD
0.0,0.0,0.0,0.0496661439538002,-0.3136384189128876,0.07939587533473969,0.1916406750679016,-0.507161021232605,0.13668662309646606,0.3303558826446533,-0.5006417632102966,0.18893471360206604,0.40740588307380676,-0.384845495223999,0.23239699006080627,0.398894339799881,-0.4586504101753235,0.0537731871008873,0.6470892429351807,-0.5012103915214539,0.10808321088552475,0.7700961828231812,-0.49211305379867554,0.13972273468971252,0.8642598986625671,-0.4781794548034668,0.15620258450508118,0.458817720413208,-0.2900451123714447,0.05582351237535477,0.5327914953231812,-0.3648792803287506,0.15469472110271454,0.4510243833065033,-0.3835510313510895,0.2100735902786255,0.3897329568862915,-0.3680063784122467,0.229606032371521,0.4605103135108948,-0.132498100399971,0.06900018453598022,0.4683358371257782,-0.23589389026165009,0.16758789122104645,0.39820048213005066,-0.2447481006383896,0.1915885955095291,0.3349832594394684,-0.22164158523082733,0.1825154572725296,0.446139931678772,-0.011715915985405445,0.08948124200105667,0.45298662781715393,-0.10778169333934784,0.172214075922966,0.3988528549671173,-0.11360727995634079,0.2043110430240631,0.33867037296295166,-0.08972353488206863,0.21505340933799744,0.0,0.0,0.0,-0.1303575485944748,-0.16346938908100128,0.041044801473617554,-0.15025559067726135,-0.3520492613315582,0.06658526510000229,-0.1407395452260971,-0.4810415506362915,0.07290782779455185,-0.11278873682022095,-0.5616773962974548,0.07725054770708084,-0.0011768690310418606,-0.5323823094367981,0.1088312566280365,-0.05440931394696236,-0.7014286518096924,0.10849636793136597,-0.10245224833488464,-0.827698826789856,0.09443672746419907,-0.13618037104606628,-0.9344791769981384,0.07729572802782059,0.031209073960781097,-0.5363730788230896,0.058241765946149826,-0.03962196409702301,-0.729198157787323,0.047068040817976,-0.09292232245206833,-0.8678968548774719,0.022126398980617523,-0.13099539279937744,-0.9913782477378845,0.0030541473533958197,0.04451020434498787,-0.5196390748023987,0.0009060908923856914,-0.038067832589149475,-0.7212920188903809,-0.026435570791363716,-0.0925208106637001,-0.8609269261360168,-0.04694901779294014,-0.12798865139484406,-0.9834499955177307,-0.05938217416405678,0.03171265497803688,-0.495047003030777,-0.056499794125556946,-0.0406452901661396,-0.6890954375267029,-0.08760227262973785,-0.08315832167863846,-0.8066014051437378,-0.10107177495956421,-0.11101868003606796,-0.9118195176124573,-0.10911161452531815,COLD
0.0,0.0,0.0,0.04688962176442146,-0.31752485036849976,0.07095321267843246,0.1912650763988495,-0.5086607933044434,0.12043678760528564,0.3298792243003845,-0.49701738357543945,0.16477735340595245,0.40444791316986084,-0.3841457962989807,0.20003895461559296,0.3975060284137726,-0.45313990116119385,0.04242385923862457,0.6474297642707825,-0.49814143776893616,0.08859416842460632,0.7721999883651733,-0.4911533296108246,0.11373602598905563,0.8693322539329529,-0.47799423336982727,0.1256306767463684,0.4572833478450775,-0.28170153498649597,0.04303665831685066,0.533025324344635,-0.36560317873954773,0.13369886577129364,0.4515485465526581,-0.3871317505836487,0.1857353001832962,0.3916075825691223,-0.37046727538108826,0.20369675755500793,0.4574798345565796,-0.1257047951221466,0.053734611719846725,0.464568555355072,-0.2384151816368103,0.14723068475723267,0.3959328234195709,-0.2486760914325714,0.17237548530101776,0.3352452218532562,-0.22488203644752502,0.164610356092453,0.43931496143341064,-0.00750228576362133,0.07043254375457764,0.4477047026157379,-0.1099768802523613,0.15242081880569458,0.3960510194301605,-0.11745094507932663,0.18778188526630402,0.3372584879398346,-0.09403440356254578,0.20063592493534088,0.0,0.0,0.0,-0.13006460666656494,-0.16438210010528564,0.042599260807037354,-0.15056319534778595,-0.358014315366745,0.0693264752626419,-0.14002792537212372,-0.48952144384384155,0.07632729411125183,-0.11184097826480865,-0.5653919577598572,0.0812959149479866,-0.00543732987716794,-0.5367670059204102,0.11133412271738052,-0.05753963440656662,-0.7055438160896301,0.1132696345448494,-0.10500560700893402,-0.8299092054367065,0.1009744331240654,-0.13869476318359375,-0.9350723028182983,0.08489645272493362,0.027148829773068428,-0.5397189259529114,0.05970877408981323,-0.04137594625353813,-0.7316275835037231,0.050018858164548874,-0.09433775395154953,-0.868922233581543,0.026421204209327698,-0.13262441754341125,-0.991129457950592,0.0085506122559309,0.04219323769211769,-0.5208648443222046,0.001402979134581983,-0.0390852615237236,-0.7232934832572937,-0.025320101529359818,-0.09354269504547119,-0.8633456230163574,-0.045538075268268585,-0.129044771194458,-0.9841726422309875,-0.05752572417259216,0.032706841826438904,-0.49492520093917847,-0.05688680708408356,-0.03892180323600769,-0.6924827098846436,-0.08811810612678528,-0.08191391825675964,-0.8112277388572693,-0.10155526548624039,-0.10969746112823486,-0.9144579768180847,-0.10938645899295807,COLD
0.0,0.0,0.0,0.046960122883319855,-0.3222162425518036,0.07071632146835327,0.18853759765625,-0.5089492797851562,0.12099243700504303,0.3237224519252777,-0.4955909848213196,0.1645212024450302,0.3939668834209442,-0.38917046785354614,0.1992468684911728,0.4070996344089508,-0.4539322257041931,0.05239657312631607,0.6483815908432007,-0.49691522121429443,0.09958131611347198,0.7717577219009399,-0.49174267053604126,0.12451241910457611,0.8672168254852295,-0.4790177345275879,0.13592977821826935,0.4636852741241455,-0.2787151038646698,0.049572065472602844,0.5292364358901978,-0.3590295612812042,0.13860705494880676,0.4488969147205353,-0.3838532865047455,0.18780417740345,0.3889588713645935,-0.36964720487594604,0.2043386548757553,0.45903897285461426,-0.1197056993842125,0.05588461831212044,0.4584047198295593,-0.2286863625049591,0.146270751953125,0.3912217319011688,-0.2416561394929886,0.16904976963996887,0.330329567193985,-0.2192986160516739,0.1606314331293106,0.43689265847206116,0.0008910726755857468,0.06753011047840118,0.4412260055541992,-0.09674639254808426,0.14511708915233612,0.389840692281723,-0.1050315573811531,0.17825131118297577,0.3294270932674408,-0.08101528882980347,0.19056583940982819,0.0,0.0,0.0,-0.1309070736169815,-0.1620578169822693,0.030192529782652855,-0.1520814299583435,-0.3541752099990845,0.049925267696380615,-0.1403089463710785,-0.48608672618865967,0.05251789465546608,-0.10760892182588577,-0.561629056930542,0.05383801460266113,-0.007575110998004675,-0.5338858366012573,0.09163033962249756,-0.05808081850409508,-0.7055389881134033,0.08732148259878159,-0.10371570289134979,-0.8309195041656494,0.07220225036144257,-0.135154128074646,-0.9368342161178589,0.05483353137969971,0.025914734229445457,-0.5352547764778137,0.045568954199552536,-0.041890550404787064,-0.7289828658103943,0.028720302507281303,-0.09277250617742538,-0.867804229259491,0.0034444977063685656,-0.12917868793010712,-0.9915160536766052,-0.014447723515331745,0.04413840174674988,-0.513188362121582,-0.0074618239887058735,-0.037887901067733765,-0.7156679630279541,-0.03981570154428482,-0.09204654395580292,-0.8554787039756775,-0.0610586479306221,-0.12739549577236176,-0.975216805934906,-0.07248768955469131,0.039205558598041534,-0.4818355441093445,-0.0611020103096962,-0.035561706870794296,-0.6734184622764587,-0.09448076039552689,-0.08030145615339279,-0.7856689691543579,-0.1074819266796112,-0.11009223759174347,-0.8801040053367615,-0.11433976888656616,COLD
0.0,0.0,0.0,0.046040765941143036,-0.31782475113868713,0.0709047019481659,0.18945370614528656,-0.5031552910804749,0.12239056080579758,0.3248150050640106,-0.49065858125686646,0.16889595985412598,0.3941952884197235,-0.38497042655944824,0.2067568600177765,0.4046102464199066,-0.4505263864994049,0.046369705349206924,0.651456892490387,-0.49137893319129944,0.09057401120662689,0.7779309153556824,-0.48292961716651917,0.1128380298614502,0.8765166997909546,-0.46537989377975464,0.12304516136646271,0.46109098196029663,-0.27661848068237305,0.04727988690137863,0.5347877144813538,-0.3578450083732605,0.13857077062129974,0.4541807174682617,-0.3840283453464508,0.19185219705104828,0.3935886025428772,-0.3691665232181549,0.2106797993183136,0.4570009112358093,-0.12002139538526535,0.05731365084648132,0.46371638774871826,-0.23046420514583588,0.1494762897491455,0.39668262004852295,-0.24391363561153412,0.1733030080795288,0.334423303604126,-0.22003865242004395,0.16514858603477478,0.4361027181148529,-0.0016188492299988866,0.07315182685852051,0.4433027505874634,-0.10188214480876923,0.1501106172800064,0.3907877802848816,-0.11125251650810242,0.18171225488185883,0.32977303862571716,-0.0872877985239029,0.19278965890407562,0.0,0.0,0.0,-0.13105760514736176,-0.1646675020456314,0.0412418507039547,-0.14963306486606598,-0.3512868285179138,0.06748814880847931,-0.1383143663406372,-0.481141060590744,0.07478491216897964,-0.10995112359523773,-0.5629569888114929,0.07992993295192719,-0.002521347254514694,-0.5294642448425293,0.10834585875272751,-0.05475827679038048,-0.7009033560752869,0.10917771607637405,-0.1032119020819664,-0.8272399306297302,0.0965256541967392,-0.13685613870620728,-0.9330761432647705,0.08076228201389313,0.03055305778980255,-0.5332059860229492,0.05878490209579468,-0.039403144270181656,-0.7292861938476562,0.04825637489557266,-0.09332647919654846,-0.8688425421714783,0.0244076456874609,-0.13138186931610107,-0.991310179233551,0.006550976540893316,0.045150503516197205,-0.5153907537460327,0.0026854935567826033,-0.03724866732954979,-0.720436155796051,-0.024280725046992302,-0.09283176064491272,-0.8606939315795898,-0.04452648013830185,-0.12936094403266907,-0.9815279841423035,-0.056472644209861755,0.03422932326793671,-0.49004560708999634,-0.0532648041844368,-0.03786296769976616,-0.6845924258232117,-0.08411095291376114,-0.08098499476909637,-0.8007404208183289,-0.09723979234695435,-0.1098412349820137,-0.9027829170227051,-0.10482829809188843,COLD
0.0,0.0,0.0,0.049917660653591156,-0.31455838680267334,0.07461492717266083,0.19579705595970154,-0.5019336938858032,0.13009139895439148,0.33002203702926636,-0.4912107288837433,0.18022023141384125,0.39892077445983887,-0.3818640112876892,0.22205840051174164,0.4034518599510193,-0.45058906078338623,0.05259864032268524,0.646308183670044,-0.49714720249176025,0.10016937553882599,0.7716692686080933,-0.4899808168411255,0.12483715265989304,0.8694950342178345,-0.4746439754962921,0.1367173045873642,0.4606834948062897,-0.2836454510688782,0.05276859924197197,0.5367186665534973,-0.3662712872028351,0.1473916620016098,0.4599633514881134,-0.39182618260383606,0.2005392163991928,0.40038296580314636,-0.37555184960365295,0.2186335176229477,0.4599158763885498,-0.13102099299430847,0.06238837167620659,0.4736754894256592,-0.24070440232753754,0.1567992866039276,0.40834787487983704,-0.2542060911655426,0.17936724424362183,0.34584712982177734,-0.22906386852264404,0.1696050614118576,0.4418569505214691,-0.014695270918309689,0.07812955230474472,0.4536290764808655,-0.11240337789058685,0.15662750601768494,0.402173787355423,-0.12260458618402481,0.18701131641864777,0.3400939404964447,-0.09748990833759308,0.1966664046049118,0.0,0.0,0.0,-0.13033896684646606,-0.16088837385177612,0.03944988176226616,-0.1511794924736023,-0.34911781549453735,0.06613735109567642,-0.13947640359401703,-0.4819471836090088,0.07406949251890182,-0.10858634114265442,-0.5593324303627014,0.0800972431898117,-0.005923499818891287,-0.5318512916564941,0.11012576520442963,-0.05464768037199974,-0.7038999199867249,0.11201967298984528,-0.10016625374555588,-0.8300459384918213,0.09950429201126099,-0.1325061023235321,-0.9364068508148193,0.08345524221658707,0.026142185553908348,-0.5365813970565796,0.06133703514933586,-0.039247673004865646,-0.7298075556755066,0.0508531853556633,-0.09026967734098434,-0.8687090873718262,0.026337914168834686,-0.12753145396709442,-0.9918011426925659,0.008138716220855713,0.04197949543595314,-0.5195376873016357,0.005624029319733381,-0.03684486821293831,-0.7221704125404358,-0.02204476110637188,-0.09037121385335922,-0.8622674345970154,-0.043674830347299576,-0.12626419961452484,-0.9831952452659607,-0.056084439158439636,0.03545626625418663,-0.4938615560531616,-0.05013652145862579,-0.036042068153619766,-0.690920352935791,-0.08179233223199844,-0.07957331091165543,-0.8095536828041077,-0.09612147510051727,-0.10911081731319427,-0.9130852222442627,-0.10429958999156952,COLD
0.0,0.0,0.0,0.0480630099773407,-0.31351691484451294,0.07930612564086914,0.187752366065979,-0.5067357420921326,0.1343553513288498,0.3235430419445038,-0.5101637840270996,0.1823151409626007,0.3945995569229126,-0.3993518054485321,0.22164644300937653,0.4038904309272766,-0.45516881346702576,0.05301748588681221,0.6508629322052002,-0.49242904782295227,0.10047455132007599,0.776091456413269,-0.4839588701725006,0.12755179405212402,0.8720523118972778,-0.468532919883728,0.141427680850029,0.46328112483024597,-0.2862430512905121,0.049984268844127655,0.5390721559524536,-0.35951748490333557,0.14242875576019287,0.46451038122177124,-0.38354405760765076,0.19691096246242523,0.40362289547920227,-0.36726105213165283,0.21660783886909485,0.4633377194404602,-0.12958374619483948,0.057189151644706726,0.47676828503608704,-0.23239675164222717,0.1505434513092041,0.4134715795516968,-0.24511374533176422,0.1765521615743637,0.3502511978149414,-0.22155062854290009,0.16961213946342468,0.44566065073013306,-0.008994990959763527,0.07077536731958389,0.4549470543861389,-0.10021355748176575,0.15072625875473022,0.404189795255661,-0.11102233082056046,0.1841370314359665,0.3423503339290619,-0.08833950757980347,0.19603294134140015,0.0,0.0,0.0,-0.1312256157398224,-0.16001638770103455,0.037281621247529984,-0.15058521926403046,-0.35363471508026123,0.062370285391807556,-0.1394439935684204,-0.48505011200904846,0.06998244673013687,-0.11200007796287537,-0.5631498694419861,0.07580283284187317,0.0028382614254951477,-0.5296199917793274,0.09779687970876694,-0.05033112317323685,-0.6968126893043518,0.09573188424110413,-0.09924986958503723,-0.8237340450286865,0.0815846174955368,-0.13348756730556488,-0.9304392337799072,0.06469062715768814,0.03581511974334717,-0.5333626866340637,0.049861710518598557,-0.03682006150484085,-0.7250274419784546,0.0366024523973465,-0.09015321731567383,-0.8666207194328308,0.012396140955388546,-0.12848488986492157,-0.9916946887969971,-0.005772353615611792,0.04875838756561279,-0.5148536562919617,-0.004399953875690699,-0.03508426621556282,-0.7149797081947327,-0.03390562906861305,-0.09111607819795609,-0.8564452528953552,-0.055351559072732925,-0.12806735932826996,-0.980216920375824,-0.06797155737876892,0.034669436514377594,-0.48778560757637024,-0.05871661379933357,-0.03872602432966232,-0.6789228916168213,-0.0927542895078659,-0.08237028121948242,-0.797222375869751,-0.10893965512514114,-0.11178570240736008,-0.9024306535720825,-0.11859548091888428,COLD
0.0,0.0,0.0,0.05014573782682419,-0.31625670194625854,0.07536538690328598,0.19717994332313538,-0.5132024884223938,0.13379961252212524,0.329595148563385,-0.5076574683189392,0.18579642474651337,0.3969000577926636,-0.3918938934803009,0.22958341240882874,0.4088086485862732,-0.46013373136520386,0.06614027172327042,0.6480906009674072,-0.49910005927085876,0.12412954121828079,0.7682307958602905,-0.49283507466316223,0.15636327862739563,0.8606750965118408,-0.4791930615901947,0.17208215594291687,0.467583030462265,-0.2916352450847626,0.06595213711261749,0.5346136093139648,-0.3657437860965729,0.165403351187706,0.4576610326766968,-0.3892533779144287,0.21764029562473297,0.3975382447242737,-0.37349021434783936,0.23577353358268738,0.4659510850906372,-0.13506388664245605,0.07515966892242432,0.4671218693256378,-0.23890823125839233,0.17438966035842896,0.40066471695899963,-0.2510870397090912,0.19331172108650208,0.3389318883419037,-0.22845640778541565,0.18087318539619446,0.4470811188220978,-0.014904380775988102,0.09026554971933365,0.44797199964523315,-0.10834778100252151,0.1717132329940796,0.3983366787433624,-0.11826605349779129,0.19858993589878082,0.33777347207069397,-0.09535010159015656,0.20547939836978912,0.0,0.0,0.0,-0.12564735114574432,-0.16052217781543732,0.027864549309015274,-0.14296770095825195,-0.34741896390914917,0.04602246358990669,-0.13145437836647034,-0.4753062427043915,0.04811607673764229,-0.1044381856918335,-0.558832049369812,0.04896888881921768,0.01013711653649807,-0.5286577939987183,0.08694959431886673,-0.04320801421999931,-0.6974360942840576,0.07757022976875305,-0.09152396023273468,-0.8272041082382202,0.057850468903779984,-0.12666845321655273,-0.9363483190536499,0.03767373412847519,0.04012858495116234,-0.5318348407745361,0.042423512786626816,-0.030460001900792122,-0.7234560251235962,0.02377874217927456,-0.08383695036172867,-0.8639362454414368,-0.004765697289258242,-0.12363510578870773,-0.9919864535331726,-0.026023365557193756,0.051459863781929016,-0.5168108940124512,-0.009024575352668762,-0.029384827241301537,-0.7157412767410278,-0.041112419217824936,-0.08386719226837158,-0.8561055660247803,-0.06337492167949677,-0.12087512016296387,-0.9812750220298767,-0.07642805576324463,0.03760457783937454,-0.4927881062030792,-0.06148294359445572,-0.03207675740122795,-0.6815951466560364,-0.09419660270214081,-0.07358469069004059,-0.798600971698761,-0.10811784118413925,-0.10207796841859818,-0.9056686162948608,-0.11621755361557007,COLD
0.0,0.0,0.0,0.04769418388605118,-0.3164958357810974,0.07423146814107895,0.19011443853378296,-0.5127242803573608,0.12161754071712494,0.3252336084842682,-0.5064687728881836,0.16011349856853485,0.3975396752357483,-0.3874439597129822,0.18942014873027802,0.4000988304615021,-0.4677295684814453,0.048097848892211914,0.6474670171737671,-0.5056880712509155,0.095272958278656,0.7738006711006165,-0.4940717816352844,0.12277723848819733,0.8682721257209778,-0.4771747887134552,0.13567478954792023,0.46280285716056824,-0.30508890748023987,0.04258253425359726,0.5332938432693481,-0.36012426018714905,0.12773191928863525,0.45587441325187683,-0.37562477588653564,0.17565791308879852,0.3938179612159729,-0.36194583773612976,0.1921377182006836,0.4663110673427582,-0.1464470475912094,0.04781946539878845,0.46958988904953003,-0.23040889203548431,0.1384725123643875,0.4040692150592804,-0.23688048124313354,0.16378414630889893,0.3419191539287567,-0.21646693348884583,0.15664786100387573,0.44955089688301086,-0.022502969950437546,0.05846330523490906,0.45224419236183167,-0.09793055802583694,0.1372111290693283,0.40180081129074097,-0.10258951038122177,0.17099177837371826,0.3433482348918915,-0.08173675835132599,0.1839618980884552,0.0,0.0,0.0,-0.12362407147884369,-0.15790443122386932,0.03049735724925995,-0.14256201684474945,-0.3483191728591919,0.0501454696059227,-0.13250119984149933,-0.4755987823009491,0.052373770624399185,-0.10501908510923386,-0.5596486330032349,0.053396739065647125,0.007131350692361593,-0.5314723253250122,0.09496191143989563,-0.04354943335056305,-0.6997199654579163,0.08760231733322144,-0.09089650958776474,-0.8289241790771484,0.068393275141716,-0.12565024197101593,-0.9380826950073242,0.048150911927223206,0.03836282715201378,-0.5352186560630798,0.048264600336551666,-0.02994564361870289,-0.7250052094459534,0.03221357241272926,-0.08322908729314804,-0.8649559020996094,0.004099779762327671,-0.12369991838932037,-0.9921705722808838,-0.017196711152791977,0.051752928644418716,-0.5203263163566589,-0.005661671981215477,-0.02709573321044445,-0.718680739402771,-0.03538554534316063,-0.08196425437927246,-0.8585598468780518,-0.05658997222781181,-0.12056847661733627,-0.9827187061309814,-0.06938909739255905,0.040481261909008026,-0.49614307284355164,-0.06074686720967293,-0.02945956587791443,-0.6848336458206177,-0.09150642156600952,-0.0713542103767395,-0.8017259240150452,-0.10405300557613373,-0.10052239149808884,-0.9081791639328003,-0.11137601733207703,COLD
0.0,0.0,0.0,0.04800731688737869,-0.31540489196777344,0.08042187988758087,0.19023171067237854,-0.5101444721221924,0.13913023471832275,0.3214908838272095,-0.5020981431007385,0.18906758725643158,0.3921593427658081,-0.3846294581890106,0.22989997267723083,0.4088340401649475,-0.46566513180732727,0.0744299367070198,0.6461318731307983,-0.4992050528526306,0.13335707783699036,0.767439067363739,-0.49070268869400024,0.16368047893047333,0.861463189125061,-0.47586238384246826,0.17730194330215454,0.46763545274734497,-0.29576337337493896,0.07038497179746628,0.5251419544219971,-0.3626707196235657,0.16794073581695557,0.44213205575942993,-0.3835320472717285,0.21568861603736877,0.3801647424697876,-0.36710789799690247,0.2307864874601364,0.4643206298351288,-0.1346704661846161,0.07649275660514832,0.4620554745197296,-0.23324079811573029,0.1742643564939499,0.3921007513999939,-0.24541252851486206,0.19496981799602509,0.32862818241119385,-0.22336511313915253,0.18454664945602417,0.4432116448879242,-0.010840332135558128,0.08882354199886322,0.4460725486278534,-0.10131049156188965,0.17048153281211853,0.39256197214126587,-0.11104456335306168,0.2020636647939682,0.3308587670326233,-0.08608957380056381,0.21318431198596954,0.0,0.0,0.0,-0.12690986692905426,-0.16008220613002777,0.03149460256099701,-0.14514321088790894,-0.3490450084209442,0.051184430718421936,-0.13544555008411407,-0.4772791862487793,0.05325537919998169,-0.10786833614110947,-0.5625503063201904,0.054001182317733765,0.006899095606058836,-0.5302478671073914,0.09555990993976593,-0.046251777559518814,-0.6984445452690125,0.08917002379894257,-0.09456734359264374,-0.826298713684082,0.07086010277271271,-0.12902575731277466,-0.9351866841316223,0.05114743858575821,0.03873712569475174,-0.5338191390037537,0.04825878143310547,-0.03209807723760605,-0.7252362966537476,0.03264353796839714,-0.08683972805738449,-0.8650588393211365,0.005250982008874416,-0.12624779343605042,-0.991875171661377,-0.015655023977160454,0.051269277930259705,-0.5172733068466187,-0.00625003594905138,-0.030041586607694626,-0.717582106590271,-0.036467310041189194,-0.08589743077754974,-0.8580797910690308,-0.05780405178666115,-0.12297020852565765,-0.9822610020637512,-0.07086847722530365,0.037845343351364136,-0.4924314320087433,-0.06169724464416504,-0.03199316933751106,-0.6816067695617676,-0.09383533895015717,-0.07393832504749298,-0.7983425259590149,-0.10727016627788544,-0.101844422519207,-0.9040321111679077,-0.1153421700000763,COLD
0.0,0.0,0.0,0.04845424368977547,-0.31442514061927795,0.07920030504465103,0.19058258831501007,-0.5079537630081177,0.13308416306972504,0.3246934115886688,-0.5017244815826416,0.17807842791080475,0.3971514403820038,-0.3833426237106323,0.21382711827754974,0.3985275626182556,-0.4656234383583069,0.06350527703762054,0.6440756320953369,-0.5045512914657593,0.11923643201589584,0.7677318453788757,-0.49459925293922424,0.15107278525829315,0.8612365126609802,-0.4801468551158905,0.16652555763721466,0.45932042598724365,-0.30151042342185974,0.05928759276866913,0.5316267609596252,-0.3601643145084381,0.1533578485250473,0.4534427225589752,-0.37542012333869934,0.20266814529895782,0.39122986793518066,-0.36191701889038086,0.21932823956012726,0.46182727813720703,-0.14221765100955963,0.06579671800136566,0.46548712253570557,-0.23107600212097168,0.16314978897571564,0.3991965055465698,-0.23736000061035156,0.18586795032024384,0.33740368485450745,-0.2168073207139969,0.17631366848945618,0.4453648328781128,-0.01918892003595829,0.07840878516435623,0.45059385895729065,-0.10152944177389145,0.16204234957695007,0.39907336235046387,-0.10689485818147659,0.19511398673057556,0.33936160802841187,-0.08531703799962997,0.20680499076843262,0.0,0.0,0.0,-0.12627214193344116,-0.16120493412017822,0.03584938123822212,-0.1455499529838562,-0.3498785197734833,0.05890711396932602,-0.13531842827796936,-0.47846877574920654,0.06350020319223404,-0.10796380788087845,-0.560880720615387,0.06639916449785233,0.004828396253287792,-0.5311880707740784,0.1039469763636589,-0.047402895987033844,-0.6986011266708374,0.1004578247666359,-0.09536507725715637,-0.8263587355613708,0.08380968868732452,-0.130154088139534,-0.934529185295105,0.0649355873465538,0.036692775785923004,-0.5354253053665161,0.05488446354866028,-0.03195137158036232,-0.7259892225265503,0.041559696197509766,-0.08670624345541,-0.8658637404441833,0.014656968414783478,-0.12696348130702972,-0.991888701915741,-0.006082931067794561,0.0487605482339859,-0.5199064016342163,-0.0014179659774526954,-0.030842244625091553,-0.7194380760192871,-0.030550681054592133,-0.08650064468383789,-0.8611196875572205,-0.052749570459127426,-0.12390851229429245,-0.9861812591552734,-0.06653300672769547,0.03409608453512192,-0.49633657932281494,-0.05833298712968826,-0.03500133007764816,-0.6873049736022949,-0.09081583470106125,-0.0764804407954216,-0.8062076568603516,-0.10553990304470062,-0.1039394959807396,-0.9144219756126404,-0.11466937512159348,COLD
0.0,0.0,0.0,0.048564352095127106,-0.3093484342098236,0.07523558288812637,0.19365617632865906,-0.5056240558624268,0.12725268304347992,0.3258233666419983,-0.4973444938659668,0.17126522958278656,0.39650818705558777,-0.3759775161743164,0.2061522901058197,0.4035646319389343,-0.4663386344909668,0.059127096086740494,0.6463890671730042,-0.5017532706260681,0.11452694982290268,0.7716786861419678,-0.4897910952568054,0.1442812979221344,0.8664512634277344,-0.4735974669456482,0.15801149606704712,0.46430614590644836,-0.3056641221046448,0.05651991069316864,0.5244633555412292,-0.3622945249080658,0.1493626981973648,0.4466657340526581,-0.37757888436317444,0.194846048951149,0.38596296310424805,-0.3656570017337799,0.20890770852565765,0.4651188254356384,-0.1495486944913864,0.06505802273750305,0.4648549556732178,-0.23843947052955627,0.15962691605091095,0.399772971868515,-0.24422340095043182,0.18000318109989166,0.3368194103240967,-0.22475703060626984,0.1699836254119873,0.44614458084106445,-0.029229745268821716,0.07964232563972473,0.45044034719467163,-0.11180084198713303,0.1600099503993988,0.4007028639316559,-0.11759480834007263,0.19217564165592194,0.34101060032844543,-0.09650815278291702,0.20449501276016235,0.0,0.0,0.0,-0.12498735636472702,-0.15851856768131256,0.041676878929138184,-0.1441568285226822,-0.35086923837661743,0.0686957910656929,-0.13281865417957306,-0.48094743490219116,0.07604050636291504,-0.10538516938686371,-0.5587407946586609,0.08112319558858871,0.0006761549157090485,-0.5326743721961975,0.11087136715650558,-0.0491642989218235,-0.7000226378440857,0.11090440303087234,-0.09673585742712021,-0.8270012140274048,0.09674134850502014,-0.1310994029045105,-0.9339352250099182,0.07909127324819565,0.033262982964515686,-0.5374255180358887,0.059512659907341,-0.033051781356334686,-0.7275664806365967,0.04856394603848457,-0.08682464808225632,-0.8666496276855469,0.022624805569648743,-0.1270705610513687,-0.9918904304504395,0.0025238466914743185,0.04785124957561493,-0.5212966799736023,0.0013250047340989113,-0.030836760997772217,-0.7206514477729797,-0.026645569130778313,-0.08628404140472412,-0.8617022037506104,-0.049457941204309464,-0.12471425533294678,-0.9862334728240967,-0.06388980895280838,0.03696098551154137,-0.4968582093715668,-0.05690242350101471,-0.033475469797849655,-0.686318576335907,-0.08957533538341522,-0.07606448978185654,-0.80457603931427,-0.1054086983203888,-0.10483352839946747,-0.912184476852417,-0.11552006751298904,COLD
0.0,0.0,0.0,0.053239669650793076,-0.3058638274669647,0.08250288665294647,0.19509504735469818,-0.49565643072128296,0.13875055313110352,0.32698848843574524,-0.4879121780395508,0.18642911314964294,0.40042734146118164,-0.3710288405418396,0.22485338151454926,0.4073088765144348,-0.45380011200904846,0.071024090051651,0.6475751996040344,-0.4906976521015167,0.13215062022209167,0.7699897885322571,-0.48179423809051514,0.16370294988155365,0.864683985710144,-0.46971821784973145,0.1780068427324295,0.4647393226623535,-0.29140570759773254,0.06768949329853058,0.5273081064224243,-0.35716646909713745,0.16865992546081543,0.4465287923812866,-0.3758087158203125,0.21674300730228424,0.38491594791412354,-0.3637101352214813,0.23075246810913086,0.4610775113105774,-0.1364225447177887,0.07567507028579712,0.46223050355911255,-0.23100045323371887,0.17844697833061218,0.39401376247406006,-0.2400609403848648,0.1991773396730423,0.3311309218406677,-0.2204536497592926,0.1869540959596634,0.44025179743766785,-0.0165437962859869,0.09030226618051529,0.4457547962665558,-0.10275612026453018,0.178251251578331,0.3941873013973236,-0.10943597555160522,0.21161215007305145,0.33337947726249695,-0.08820128440856934,0.22256533801555634,0.0,0.0,0.0,-0.12501560151576996,-0.155227392911911,0.04426691308617592,-0.14378371834754944,-0.34872931241989136,0.07342207431793213,-0.13338439166545868,-0.47793203592300415,0.08212030678987503,-0.10803403705358505,-0.5575050115585327,0.08834797143936157,-0.002772027626633644,-0.5350850820541382,0.11612623929977417,-0.05107931047677994,-0.7030609846115112,0.11898691207170486,-0.09781686216592789,-0.8291362524032593,0.10691256821155548,-0.13105426728725433,-0.934889018535614,0.09079204499721527,0.030472256243228912,-0.5390310883522034,0.0635640025138855,-0.034684281796216965,-0.7284302115440369,0.05546795204281807,-0.08754870295524597,-0.8675435185432434,0.03115096688270569,-0.12712864577770233,-0.9918105006217957,0.012259511277079582,0.04754375293850899,-0.5215763449668884,0.004114062990993261,-0.03068733960390091,-0.7204944491386414,-0.02204836718738079,-0.08520426601171494,-0.8612766265869141,-0.04380933195352554,-0.12345503270626068,-0.9840944409370422,-0.05728306621313095,0.039590392261743546,-0.4957706332206726,-0.05530659481883049,-0.03227024897933006,-0.688055694103241,-0.08713940531015396,-0.07589295506477356,-0.808051347732544,-0.10242413729429245,-0.10588835924863815,-0.9153231382369995,-0.11188122630119324,COLD
0.0,0.0,0.0,0.05343751236796379,-0.30809858441352844,0.0716511458158493,0.19711938500404358,-0.5005167126655579,0.11612442880868912,0.33166974782943726,-0.49290382862091064,0.15152165293693542,0.40704742074012756,-0.37231630086898804,0.17824700474739075,0.3995627164840698,-0.4656323194503784,0.04648413509130478,0.6475939154624939,-0.5038196444511414,0.09081967175006866,0.7762875556945801,-0.49046897888183594,0.11668510735034943,0.8723384737968445,-0.4716319739818573,0.12879769504070282,0.45855438709259033,-0.3068128824234009,0.04018618166446686,0.535252571105957,-0.3551599383354187,0.11834432929754257,0.457340806722641,-0.36603686213493347,0.1611206978559494,0.39321473240852356,-0.35296502709388733,0.17542830109596252,0.4629126489162445,-0.14960764348506927,0.044660117477178574,0.47306084632873535,-0.22613978385925293,0.12829338014125824,0.407266229391098,-0.2282095104455948,0.15167951583862305,0.34300073981285095,-0.20854315161705017,0.1452685296535492,0.44881701469421387,-0.024503059685230255,0.054547201842069626,0.4554693102836609,-0.09900547564029694,0.1293768286705017,0.40292465686798096,-0.09796900302171707,0.1635223627090454,0.3431745171546936,-0.07580754160881042,0.17814287543296814,0.0,0.0,0.0,-0.1263144612312317,-0.1603843718767166,0.05009409412741661,-0.1470872014760971,-0.35340648889541626,0.08375784009695053,-0.13627009093761444,-0.4832271933555603,0.0958297923207283,-0.10869612544775009,-0.5565665364265442,0.10517667979001999,-0.004950244911015034,-0.5331867337226868,0.1267586052417755,-0.054154008626937866,-0.7003169059753418,0.13335052132606506,-0.10145081579685211,-0.8258784413337708,0.12370379269123077,-0.13518103957176208,-0.9302543997764587,0.10896775871515274,0.02731126919388771,-0.5374700427055359,0.07242646813392639,-0.037878554314374924,-0.7293730974197388,0.06702376157045364,-0.09123177826404572,-0.8690043687820435,0.044699013233184814,-0.1318909227848053,-0.9908918142318726,0.027170341461896896,0.0433807447552681,-0.5195117592811584,0.011050635948777199,-0.03312871605157852,-0.7194085717201233,-0.013150031678378582,-0.0881267860531807,-0.8602648973464966,-0.03495652228593826,-0.1270982325077057,-0.9806324243545532,-0.0489763505756855,0.035516489297151566,-0.49393975734710693,-0.04991954565048218,-0.03300715610384941,-0.6824747323989868,-0.08189301192760468,-0.07589209079742432,-0.8006964921951294,-0.09912266582250595,-0.10602623224258423,-0.906046450138092,-0.11040081828832626,COLD
0.0,0.0,0.0,0.04996595159173012,-0.31222254037857056,0.07548698782920837,0.19381986558437347,-0.5070371031761169,0.12500233948230743,0.33042919635772705,-0.49451565742492676,0.16483420133590698,0.4039105176925659,-0.37087544798851013,0.19517889618873596,0.40349096059799194,-0.4638364017009735,0.054089274257421494,0.6462944746017456,-0.504115104675293,0.10448363423347473,0.7712528705596924,-0.494291752576828,0.13354946672916412,0.8653850555419922,-0.47896942496299744,0.14729943871498108,0.465094655752182,-0.30337679386138916,0.04709416255354881,0.5285322666168213,-0.3541603982448578,0.13201607763767242,0.4510101079940796,-0.368266761302948,0.17501798272132874,0.38984328508377075,-0.35409441590309143,0.18809258937835693,0.46837949752807617,-0.14379629492759705,0.051248881965875626,0.4684801995754242,-0.22586897015571594,0.138577401638031,0.40305352210998535,-0.23178094625473022,0.1596246063709259,0.34045010805130005,-0.21186012029647827,0.150969460606575,0.45280084013938904,-0.017603199928998947,0.06120816245675087,0.45533978939056396,-0.09564945846796036,0.13883645832538605,0.4033070504665375,-0.09872981160879135,0.17285192012786865,0.34285399317741394,-0.0763474777340889,0.18682917952537537,0.0,0.0,0.0,-0.1255791187286377,-0.15709279477596283,0.04253578186035156,-0.14752551913261414,-0.3504480719566345,0.0723624974489212,-0.13803023099899292,-0.48034870624542236,0.08212397992610931,-0.11106974631547928,-0.5593730807304382,0.08967434614896774,-0.006135700736194849,-0.5320660471916199,0.11857327818870544,-0.05480707809329033,-0.699852466583252,0.12187805771827698,-0.1023416593670845,-0.8260311484336853,0.10916785150766373,-0.13709746301174164,-0.9310843348503113,0.09235286712646484,0.026578163728117943,-0.5363883376121521,0.06759627163410187,-0.03801123797893524,-0.727307915687561,0.059503886848688126,-0.09127502143383026,-0.867398202419281,0.03390665352344513,-0.13247601687908173,-0.9910892248153687,0.013866746798157692,0.04374086856842041,-0.5207358598709106,0.009386223740875721,-0.03209130838513374,-0.7200888991355896,-0.016471238806843758,-0.08736154437065125,-0.8601464629173279,-0.03975851833820343,-0.1274629533290863,-0.9816145300865173,-0.05454741418361664,0.03718908131122589,-0.49744588136672974,-0.04895685985684395,-0.03309875726699829,-0.6872653961181641,-0.0807257890701294,-0.0779385045170784,-0.8050253987312317,-0.09707880020141602,-0.1100817546248436,-0.9105761647224426,-0.10760432481765747,COLD
0.0,0.0,0.0,0.04641355201601982,-0.3104134202003479,0.08641548454761505,0.1871594339609146,-0.5033033490180969,0.1485157608985901,0.31923821568489075,-0.5005510449409485,0.20356903970241547,0.3944472670555115,-0.39483317732810974,0.24978715181350708,0.39783990383148193,-0.4588777422904968,0.07350856065750122,0.6391279101371765,-0.4973970949649811,0.1382749229669571,0.7633909583091736,-0.48925095796585083,0.17006318271160126,0.8596832156181335,-0.47620293498039246,0.1848660111427307,0.45653948187828064,-0.2970751225948334,0.07314708083868027,0.5170718431472778,-0.355609267950058,0.18468306958675385,0.43558672070503235,-0.3742923140525818,0.23574015498161316,0.3760964274406433,-0.3603477478027344,0.24928736686706543,0.4549388587474823,-0.14234648644924164,0.08469690382480621,0.460049033164978,-0.230935201048851,0.1971713900566101,0.3905252516269684,-0.2405252754688263,0.2178432196378708,0.32828488945961,-0.21992307901382446,0.20255887508392334,0.43779149651527405,-0.021921377629041672,0.10338268429040909,0.441409707069397,-0.10359761118888855,0.19956502318382263,0.3878771662712097,-0.11025428771972656,0.23455961048603058,0.32644790410995483,-0.08957609534263611,0.24474622309207916,0.0,0.0,0.0,-0.11948458105325699,-0.15069954097270966,0.03853737190365791,-0.14199185371398926,-0.35077470541000366,0.06808104366064072,-0.13150377571582794,-0.4833303689956665,0.07841075211763382,-0.10308106243610382,-0.5555381774902344,0.08657162636518478,0.0005224242922849953,-0.5329364538192749,0.1120346412062645,-0.048004668205976486,-0.6964864730834961,0.11372756958007812,-0.0961700901389122,-0.824155330657959,0.10092046856880188,-0.13129612803459167,-0.9285566806793213,0.08379922807216644,0.03299432620406151,-0.5370604395866394,0.06217249855399132,-0.030469108372926712,-0.7263497710227966,0.05109253525733948,-0.08393951505422592,-0.8672221302986145,0.025217410176992416,-0.1272115260362625,-0.9918592572212219,0.0056956978514790535,0.05136866122484207,-0.5205100774765015,0.005006751045584679,-0.024306997656822205,-0.7178403735160828,-0.025033650919795036,-0.08010930567979813,-0.859076738357544,-0.04924833029508591,-0.12195587903261185,-0.9828859567642212,-0.06352897733449936,0.04519708454608917,-0.4945956766605377,-0.052465133368968964,-0.02779216878116131,-0.6845853328704834,-0.08848831057548523,-0.0736367255449295,-0.8038284778594971,-0.10674693435430527,-0.10646785795688629,-0.9113013744354248,-0.11789166927337646,COLD
0.0,0.0,0.0,0.04575885832309723,-0.31257396936416626,0.08193860948085785,0.18799614906311035,-0.5072969198226929,0.13534265756607056,0.32060739398002625,-0.5061658620834351,0.18042665719985962,0.3955342471599579,-0.3954245448112488,0.21651344001293182,0.3946196734905243,-0.4656318724155426,0.05892181396484375,0.6397428512573242,-0.5062775015830994,0.11202537268400192,0.7674930095672607,-0.495743989944458,0.13936541974544525,0.8646915555000305,-0.47879528999328613,0.15186707675457,0.45472127199172974,-0.30568206310272217,0.05410035699605942,0.5258680582046509,-0.3606308698654175,0.14940820634365082,0.44741111993789673,-0.37547609210014343,0.19875256717205048,0.38723039627075195,-0.3594069480895996,0.21397820115089417,0.4562603235244751,-0.15130528807640076,0.06065921485424042,0.46798717975616455,-0.23531562089920044,0.15981413424015045,0.4028779864311218,-0.2427629977464676,0.18409790098667145,0.3401050269603729,-0.22084076702594757,0.17407973110675812,0.44090622663497925,-0.030850408598780632,0.0736590325832367,0.4493303596973419,-0.10811956971883774,0.16045625507831573,0.3983879089355469,-0.11249680072069168,0.19611592590808868,0.3382248282432556,-0.09048344194889069,0.20859983563423157,0.0,0.0,0.0,-0.1264917254447937,-0.1634337157011032,0.04198857396841049,-0.14623920619487762,-0.3509393334388733,0.06856129318475723,-0.13636375963687897,-0.4785352945327759,0.07489502429962158,-0.11071143299341202,-0.5595155358314514,0.0788479894399643,-0.0005031967884860933,-0.5284937024116516,0.11440125852823257,-0.050412777811288834,-0.698896050453186,0.11454801261425018,-0.09834840893745422,-0.8274004459381104,0.099881112575531,-0.13363315165042877,-0.9350592494010925,0.08201953023672104,0.0323428176343441,-0.5329422354698181,0.06271258741617203,-0.034829385578632355,-0.7253966331481934,0.05279139056801796,-0.08947364240884781,-0.8663434386253357,0.026125404983758926,-0.13086986541748047,-0.9913864731788635,0.0050881472416222095,0.047078169882297516,-0.5178489089012146,0.003878112183883786,-0.030435550957918167,-0.7186768651008606,-0.02241670712828636,-0.08617287874221802,-0.859673023223877,-0.04557730257511139,-0.1260078102350235,-0.9817184805870056,-0.0606643445789814,0.036249302327632904,-0.49436426162719727,-0.05517785623669624,-0.03211991861462593,-0.6839181184768677,-0.08580861240625381,-0.07490050047636032,-0.8018465042114258,-0.10101832449436188,-0.10532962530851364,-0.9081816077232361,-0.11107046902179718,COLD
0.0,0.0,0.0,0.04694509506225586,-0.3114476501941681,0.0866914838552475,0.18799851834774017,-0.5066215395927429,0.14712588489055634,0.3207547664642334,-0.5080353021621704,0.19985909759998322,0.39559853076934814,-0.39601996541023254,0.24370606243610382,0.3953005373477936,-0.46292924880981445,0.07016853243112564,0.6357715129852295,-0.5039474368095398,0.13235090672969818,0.7587396502494812,-0.4996456801891327,0.1643078327178955,0.8535404801368713,-0.48925113677978516,0.17917023599147797,0.45446908473968506,-0.30536144971847534,0.06697528809309006,0.5193045139312744,-0.3631221055984497,0.17354105412960052,0.4388073980808258,-0.3785184919834137,0.22451205551624298,0.37982264161109924,-0.3643115758895874,0.23904839158058167,0.4556739628314972,-0.15180036425590515,0.07567767798900604,0.46353426575660706,-0.23806336522102356,0.18542425334453583,0.3959657847881317,-0.24587921798229218,0.20806971192359924,0.33437788486480713,-0.22600354254245758,0.19461795687675476,0.43939244747161865,-0.031012659892439842,0.09117070585489273,0.4447418451309204,-0.11055603623390198,0.1849372535943985,0.39382630586624146,-0.1152622327208519,0.21975752711296082,0.3334789574146271,-0.09294778853654861,0.23032130300998688,0.0,0.0,0.0,-0.1224859431385994,-0.1550808995962143,0.03916129097342491,-0.1440342217683792,-0.34865328669548035,0.06649354845285416,-0.13458037376403809,-0.47920018434524536,0.07436114549636841,-0.10784818977117538,-0.5551023483276367,0.08001316338777542,-0.0003053805558010936,-0.5296617746353149,0.11093805730342865,-0.05016858130693436,-0.6977126598358154,0.1112789660692215,-0.09844064712524414,-0.8263967037200928,0.09685759991407394,-0.1339407116174698,-0.9336591958999634,0.07866659760475159,0.03228487819433212,-0.5338863730430603,0.060710519552230835,-0.034401603043079376,-0.7245832681655884,0.04982438683509827,-0.08817977458238602,-0.8659305572509766,0.02265564538538456,-0.13022471964359283,-0.991483747959137,0.0011920863762497902,0.04860236868262291,-0.5179480314254761,0.003324584336951375,-0.027783647179603577,-0.7162298560142517,-0.024669112637639046,-0.08321975916624069,-0.857961893081665,-0.049631405621767044,-0.12382183969020844,-0.9805384874343872,-0.06587985903024673,0.04051889851689339,-0.49383196234703064,-0.054356977343559265,-0.029001466929912567,-0.6802851557731628,-0.0870649442076683,-0.07186512649059296,-0.7974850535392761,-0.10444262623786926,-0.10223881155252457,-0.9034700393676758,-0.11609590798616409,COLD
0.0,0.0,0.0,0.050311196595430374,-0.306252121925354,0.08992473781108856,0.19078576564788818,-0.5004855990409851,0.1517370343208313,0.3214610517024994,-0.5044491291046143,0.20728713274002075,0.3999108076095581,-0.39788201451301575,0.2538597583770752,0.3982136845588684,-0.4601057171821594,0.06790993362665176,0.6397892832756042,-0.5015296936035156,0.13295814394950867,0.7621811628341675,-0.4941647946834564,0.16414617002010345,0.8578050136566162,-0.48213350772857666,0.1780947595834732,0.4542851150035858,-0.2999155819416046,0.06738147884607315,0.5173712372779846,-0.3604760766029358,0.18229970335960388,0.4345252215862274,-0.37576088309288025,0.2350369393825531,0.3744584023952484,-0.36340972781181335,0.24808233976364136,0.4525580108165741,-0.14547249674797058,0.07977569848299026,0.45925667881965637,-0.23665285110473633,0.19838936626911163,0.3890056014060974,-0.24201369285583496,0.2198922038078308,0.3270423710346222,-0.22146059572696686,0.20255230367183685,0.43620219826698303,-0.02567371167242527,0.09973109513521194,0.43908461928367615,-0.1098313257098198,0.2001790702342987,0.38513678312301636,-0.11339104175567627,0.23526017367839813,0.32437917590141296,-0.09118428826332092,0.24395263195037842,0.0,0.0,0.0,-0.12267518043518066,-0.1566765457391739,0.038833606988191605,-0.14456935226917267,-0.34890493750572205,0.06559871882200241,-0.13279224932193756,-0.4788607954978943,0.07285100221633911,-0.10451523959636688,-0.5555342435836792,0.07803419232368469,-0.0038175673689693213,-0.5322113037109375,0.11205945909023285,-0.05181468650698662,-0.7017216086387634,0.1125638410449028,-0.09824907779693604,-0.8295807838439941,0.09823945164680481,-0.13235458731651306,-0.936701238155365,0.08041919022798538,0.028917403891682625,-0.5356757044792175,0.06178651377558708,-0.036246515810489655,-0.7252183556556702,0.050987664610147476,-0.08870145678520203,-0.8660509586334229,0.023595616221427917,-0.12950366735458374,-0.9915758967399597,0.002469026716426015,0.045830897986888885,-0.5198462009429932,0.004225826822221279,-0.03042713552713394,-0.7186845541000366,-0.023850614205002785,-0.0847330167889595,-0.8604497909545898,-0.048420216888189316,-0.12423092871904373,-0.983299970626831,-0.06362959742546082,0.03930743783712387,-0.4962296187877655,-0.05369437113404274,-0.030900128185749054,-0.688206136226654,-0.08609248697757721,-0.07394036650657654,-0.8066205382347107,-0.10227888822555542,-0.10394009947776794,-0.9128372669219971,-0.11240684241056442,COLD
0.0,0.0,0.0,0.04704708978533745,-0.3115822672843933,0.07461219280958176,0.1894581913948059,-0.5064418315887451,0.12256930768489838,0.32616758346557617,-0.503949761390686,0.16206315159797668,0.40206387639045715,-0.39164990186691284,0.19217437505722046,0.39777955412864685,-0.4597318470478058,0.04722726345062256,0.640964925289154,-0.5077853202819824,0.09590981155633926,0.7665170431137085,-0.502642810344696,0.12272335588932037,0.8610349297523499,-0.49032917618751526,0.134893000125885,0.45918914675712585,-0.299341082572937,0.04170035570859909,0.5188499093055725,-0.36325496435165405,0.1271861046552658,0.4400033950805664,-0.3800502121448517,0.17132019996643066,0.38118767738342285,-0.36434197425842285,0.18419302999973297,0.46218016743659973,-0.14387156069278717,0.047726865857839584,0.46232759952545166,-0.23726071417331696,0.1386299729347229,0.3972305357456207,-0.24571293592453003,0.16252142190933228,0.33533498644828796,-0.22438891232013702,0.1539706438779831,0.4455192983150482,-0.024119747802615166,0.059352993965148926,0.44692087173461914,-0.11012297123670578,0.14104099571704865,0.3956666886806488,-0.1155645027756691,0.17756997048854828,0.33626028895378113,-0.09283329546451569,0.19203796982765198,0.0,0.0,0.0,-0.12508752942085266,-0.16195213794708252,0.043602354824543,-0.1464250683784485,-0.3489491939544678,0.07360397279262543,-0.13641472160816193,-0.47497454285621643,0.08311939239501953,-0.11016777902841568,-0.55964595079422,0.09042035788297653,-0.007440212182700634,-0.5281788110733032,0.12357588112354279,-0.05502469092607498,-0.6974226832389832,0.12779943645000458,-0.10186471045017242,-0.8247717618942261,0.11482620984315872,-0.1353587955236435,-0.9319452047348022,0.09769119322299957,0.026487434282898903,-0.5327546000480652,0.07212597876787186,-0.039227746427059174,-0.7230897545814514,0.06524582207202911,-0.09170062839984894,-0.8646439909934998,0.038004353642463684,-0.13148188591003418,-0.9911839962005615,0.016334062442183495,0.044933151453733444,-0.5177338123321533,0.013290509581565857,-0.0316617526113987,-0.7167366147041321,-0.01124642975628376,-0.08648215979337692,-0.8577787280082703,-0.03573071211576462,-0.12670578062534332,-0.9814038872718811,-0.05174040421843529,0.04038858786225319,-0.49548274278640747,-0.04557976871728897,-0.031965840607881546,-0.6847478151321411,-0.0753152072429657,-0.07629294693470001,-0.8004185557365417,-0.09064046293497086,-0.10862420499324799,-0.9056525826454163,-0.100742869079113,COLD
0.0,0.0,0.0,0.04416947811841965,-0.31208592653274536,0.07787789404392242,0.1851900815963745,-0.5104096531867981,0.13146120309829712,0.3204819858074188,-0.5110519528388977,0.17735452950000763,0.3964570462703705,-0.39931145310401917,0.2143590897321701,0.39988505840301514,-0.46678128838539124,0.057715386152267456,0.6420839428901672,-0.5111172795295715,0.11140868067741394,0.7663620114326477,-0.5027719736099243,0.13928228616714478,0.8600897192955017,-0.4869903028011322,0.1519409418106079,0.45975565910339355,-0.3039399981498718,0.05448201671242714,0.5161690711975098,-0.3660147786140442,0.14800021052360535,0.4367862045764923,-0.38420191407203674,0.19371908903121948,0.37809300422668457,-0.3691782057285309,0.20654574036598206,0.46025997400283813,-0.14747609198093414,0.06264187395572662,0.46017882227897644,-0.2398846447467804,0.15893711149692535,0.39447644352912903,-0.2485705018043518,0.18058639764785767,0.333034485578537,-0.22693604230880737,0.16974154114723206,0.4430502653121948,-0.026638077571988106,0.07692287862300873,0.44551509618759155,-0.11234057694673538,0.16074112057685852,0.39293092489242554,-0.1192590743303299,0.19525399804115295,0.3321523368358612,-0.09721508622169495,0.20796582102775574,0.0,0.0,0.0,-0.12304683774709702,-0.15690723061561584,0.04431645944714546,-0.1457216888666153,-0.35111987590789795,0.07590509206056595,-0.13471165299415588,-0.4823154807090759,0.08693481981754303,-0.10697925090789795,-0.5562862753868103,0.09569225460290909,-0.008108746260404587,-0.5319481492042542,0.1238005980849266,-0.05591212585568428,-0.699067234992981,0.12880215048789978,-0.10306326299905777,-0.8259159326553345,0.11649288237094879,-0.13681574165821075,-0.9325084090232849,0.09945855289697647,0.026143379509449005,-0.5355411767959595,0.07189763337373734,-0.03978683799505234,-0.7235336303710938,0.0649094432592392,-0.09170080721378326,-0.8655323386192322,0.038583748042583466,-0.1319451481103897,-0.9910997152328491,0.01765732280910015,0.04460623860359192,-0.5189897418022156,0.012649753130972385,-0.032144080847501755,-0.7145057916641235,-0.012866328470408916,-0.08647821098566055,-0.8564585447311401,-0.03755892813205719,-0.1262769252061844,-0.979201078414917,-0.053497109562158585,0.039847228676080704,-0.49546128511428833,-0.0466463565826416,-0.03148293122649193,-0.6823773980140686,-0.07869820296764374,-0.07522846758365631,-0.7997663617134094,-0.09629849344491959,-0.10652656108140945,-0.9056208729743958,-0.10792651772499084,COLD
0.0,0.0,0.0,0.0489661879837513,-0.3121563792228699,0.09572408348321915,0.18921075761318207,-0.5009043216705322,0.15761205554008484,0.3205016255378723,-0.5013288855552673,0.2114148885011673,0.40269291400909424,-0.4047975540161133,0.25620409846305847,0.38527974486351013,-0.4703788757324219,0.07077902555465698,0.6319398880004883,-0.5172169804573059,0.13622254133224487,0.753666877746582,-0.508581817150116,0.16986535489559174,0.8476216793060303,-0.4970300495624542,0.18573808670043945,0.44462841749191284,-0.3177253007888794,0.06553265452384949,0.5189293622970581,-0.36479446291923523,0.17697088420391083,0.4359947741031647,-0.3699950575828552,0.22724877297878265,0.37616509199142456,-0.35627955198287964,0.23890528082847595,0.4517194628715515,-0.1648102104663849,0.07414233684539795,0.46705520153045654,-0.24177800118923187,0.19113610684871674,0.39475056529045105,-0.24141554534435272,0.21447663009166718,0.3339974582195282,-0.2220190316438675,0.19807685911655426,0.4443197548389435,-0.04256069287657738,0.09080091863870621,0.452714204788208,-0.11861138790845871,0.19384820759296417,0.3964456021785736,-0.119806669652462,0.23310746252536774,0.33697032928466797,-0.10056429356336594,0.24415482580661774,0.0,0.0,0.0,-0.12435580044984818,-0.15169404447078705,0.033504121005535126,-0.1466880887746811,-0.3452088236808777,0.05689985677599907,-0.13589467108249664,-0.4775692820549011,0.06218310445547104,-0.10514285415410995,-0.5540181398391724,0.0656941756606102,-0.0034970310516655445,-0.5314886569976807,0.1029244214296341,-0.05299085006117821,-0.698268711566925,0.10103484243154526,-0.10057718306779861,-0.8244696855545044,0.08533231168985367,-0.13493886590003967,-0.9300280213356018,0.06674675643444061,0.030372988432645798,-0.5355250835418701,0.055273544043302536,-0.0361272357404232,-0.7260974645614624,0.04285323619842529,-0.08854679018259048,-0.8663987517356873,0.01589025929570198,-0.12929391860961914,-0.9915939569473267,-0.004962078295648098,0.047682568430900574,-0.5199952125549316,0.000324423483107239,-0.030267102643847466,-0.7193655371665955,-0.028414899483323097,-0.08559110760688782,-0.8601710796356201,-0.05184123292565346,-0.1256149262189865,-0.9820565581321716,-0.06645092368125916,0.039772164076566696,-0.49676787853240967,-0.05537883937358856,-0.03371034190058708,-0.6868029832839966,-0.08800778537988663,-0.07772327959537506,-0.8038618564605713,-0.10377010703086853,-0.1086309477686882,-0.9084174633026123,-0.1136622205376625,COLD
0.0,0.0,0.0,0.047957923263311386,-0.3138180375099182,0.07721494883298874,0.18716785311698914,-0.5089991688728333,0.1256013959646225,0.3232406675815582,-0.5012080669403076,0.16462644934654236,0.3999462127685547,-0.3838924467563629,0.19376516342163086,0.39270561933517456,-0.4658111333847046,0.049825772643089294,0.637934148311615,-0.5110564827919006,0.09782616794109344,0.7640247344970703,-0.5048558115959167,0.12471185624599457,0.8602304458618164,-0.4912087023258209,0.13681243360042572,0.4534112513065338,-0.30614152550697327,0.04247567802667618,0.5242840647697449,-0.36832132935523987,0.12592864036560059,0.44545724987983704,-0.38298121094703674,0.17085717618465424,0.3853512406349182,-0.36502936482429504,0.1849052906036377,0.45785418152809143,-0.1492740511894226,0.0466165691614151,0.46605002880096436,-0.24046705663204193,0.1357530951499939,0.3992042541503906,-0.246785968542099,0.16197562217712402,0.3368936777114868,-0.22277849912643433,0.15579597651958466,0.4429832994937897,-0.02690267749130726,0.056577417999506,0.44934627413749695,-0.11453947424888611,0.1361200213432312,0.395555704832077,-0.11918499320745468,0.17356805503368378,0.33692049980163574,-0.09385358542203903,0.18914726376533508,0.0,0.0,0.0,-0.12646864354610443,-0.15820902585983276,0.032828688621520996,-0.14798885583877563,-0.3471356928348541,0.0554070882499218,-0.1370912343263626,-0.4788142442703247,0.0603037029504776,-0.10883356630802155,-0.560391366481781,0.0636925995349884,-0.0019106456311419606,-0.5289326906204224,0.10128115117549896,-0.0536455437541008,-0.7008700370788574,0.0991714596748352,-0.10143358260393143,-0.8280825614929199,0.08389882743358612,-0.13570503890514374,-0.9349938035011292,0.06611895561218262,0.030834686011075974,-0.5331659913063049,0.054782941937446594,-0.03750218078494072,-0.7269670963287354,0.04230331629514694,-0.0913267582654953,-0.8667341470718384,0.0156682338565588,-0.13132303953170776,-0.9913285970687866,-0.004687512293457985,0.04613691568374634,-0.517352819442749,0.0010775371920317411,-0.0315491147339344,-0.719447672367096,-0.027012387290596962,-0.08689981698989868,-0.8596053719520569,-0.05009375885128975,-0.12527939677238464,-0.9803463220596313,-0.06446661055088043,0.037233270704746246,-0.4940297305583954,-0.05330859124660492,-0.03292322903871536,-0.685163676738739,-0.08494161069393158,-0.07603206485509872,-0.8026149272918701,-0.100252166390419,-0.10507996380329132,-0.9073221683502197,-0.10973362624645233,COLD
0.0,0.0,0.0,0.045838989317417145,-0.3157942295074463,0.07135786861181259,0.19111596047878265,-0.5077739953994751,0.12006055563688278,0.329020231962204,-0.503213107585907,0.16150546073913574,0.4062217175960541,-0.39065656065940857,0.19432097673416138,0.3956052362918854,-0.46324294805526733,0.045765649527311325,0.6418353319168091,-0.5063016414642334,0.09167765825986862,0.7683260440826416,-0.4991503953933716,0.11682632565498352,0.86528080701828,-0.4846583306789398,0.12804505228996277,0.45529958605766296,-0.3016121983528137,0.041454922407865524,0.5310044884681702,-0.3606525957584381,0.12431875616312027,0.45133090019226074,-0.37718838453292847,0.1703430414199829,0.3899480998516083,-0.3628078103065491,0.18567053973674774,0.4591607451438904,-0.1448877453804016,0.04763113334774971,0.4707997739315033,-0.2342686504125595,0.13592363893985748,0.4037642478942871,-0.2422364205121994,0.16171106696128845,0.3415752351284027,-0.2203730195760727,0.15558713674545288,0.44354602694511414,-0.022537866607308388,0.05897046998143196,0.45266395807266235,-0.10682220011949539,0.13693486154079437,0.4004395306110382,-0.11278793960809708,0.1724819391965866,0.3412986397743225,-0.08929326385259628,0.1869010031223297,0.0,0.0,0.0,-0.12337864190340042,-0.16110748052597046,0.042173098772764206,-0.14403687417507172,-0.34860914945602417,0.06912020593881607,-0.13464345037937164,-0.47822070121765137,0.07570286095142365,-0.10789455473423004,-0.5599821209907532,0.07992404699325562,-0.0038418539334088564,-0.5302214026451111,0.11448147147893906,-0.052177589386701584,-0.7018547654151917,0.11508379876613617,-0.09878800064325333,-0.8287181258201599,0.10144616663455963,-0.13263565301895142,-0.935132622718811,0.08466361463069916,0.02850986085832119,-0.5348906517028809,0.06267856806516647,-0.03588881716132164,-0.7288060188293457,0.052249833941459656,-0.08851580321788788,-0.8683242201805115,0.026305556297302246,-0.12840941548347473,-0.9916989803314209,0.006649576593190432,0.04519011825323105,-0.51828533411026,0.003808518871665001,-0.029394740238785744,-0.7208448648452759,-0.02322712168097496,-0.08392703533172607,-0.8611744046211243,-0.04557225480675697,-0.12244635820388794,-0.9821364879608154,-0.05920887365937233,0.03851250559091568,-0.49284544587135315,-0.05513950437307358,-0.03116009570658207,-0.6865280866622925,-0.08658178895711899,-0.07427044957876205,-0.8062132596969604,-0.10146526992321014,-0.10362204164266586,-0.912800133228302,-0.11043111234903336,COLD
0.0,0.0,0.0,0.046555012464523315,-0.3140600025653839,0.08653141558170319,0.186776801943779,-0.5054866075515747,0.15001776814460754,0.3191802501678467,-0.5043400526046753,0.20726697146892548,0.39621520042419434,-0.40201762318611145,0.2559177875518799,0.39907532930374146,-0.46214166283607483,0.07365221530199051,0.6392278075218201,-0.5035449266433716,0.1369834542274475,0.7611010670661926,-0.4966750741004944,0.16768290102481842,0.8557475805282593,-0.4844292104244232,0.18172587454319,0.4573156237602234,-0.2982158958911896,0.07389702647924423,0.5216816067695618,-0.36425501108169556,0.18531501293182373,0.4400804936885834,-0.38375207781791687,0.23742341995239258,0.37982335686683655,-0.37179410457611084,0.2514638900756836,0.45602670311927795,-0.14227521419525146,0.08564437925815582,0.45855051279067993,-0.23876816034317017,0.19963252544403076,0.3879866600036621,-0.24795274436473846,0.22087383270263672,0.3269754648208618,-0.22593791782855988,0.20528937876224518,0.4388997256755829,-0.02247447706758976,0.104308120906353,0.43986228108406067,-0.11076219379901886,0.19967955350875854,0.3848669230937958,-0.11829399317502975,0.23293137550354004,0.3236112594604492,-0.09568478912115097,0.24158325791358948,0.0,0.0,0.0,-0.12570254504680634,-0.16027359664440155,0.043562114238739014,-0.14812541007995605,-0.34851425886154175,0.07181195914745331,-0.13923858106136322,-0.48044848442077637,0.0798279196023941,-0.11277413368225098,-0.564093828201294,0.08579257130622864,-0.006603425368666649,-0.5312023758888245,0.1167190745472908,-0.05712452530860901,-0.703119695186615,0.11921615153551102,-0.10443543642759323,-0.8288241028785706,0.10633668303489685,-0.13813453912734985,-0.9351632595062256,0.08970406651496887,0.02602331154048443,-0.5353865623474121,0.06512756645679474,-0.04186126962304115,-0.7287861108779907,0.05661262199282646,-0.09535326808691025,-0.8681354522705078,0.031478412449359894,-0.13495346903800964,-0.9907819032669067,0.011778478510677814,0.04176459088921547,-0.51788330078125,0.006570647470653057,-0.035560883581638336,-0.7191661596298218,-0.018518419936299324,-0.08993854373693466,-0.8580533266067505,-0.04004979133605957,-0.12738919258117676,-0.9778563380241394,-0.054033100605010986,0.034772612154483795,-0.49200698733329773,-0.05200023576617241,-0.03377854451537132,-0.6796332597732544,-0.08233799785375595,-0.07630228996276855,-0.7958050966262817,-0.0971483588218689,-0.10491246730089188,-0.9001381397247314,-0.10668185353279114,COLD
0.0,0.0,0.0,0.04552454873919487,-0.3130892515182495,0.07172535359859467,0.1878000944852829,-0.5068398714065552,0.12661798298358917,0.32012519240379333,-0.5001549124717712,0.1747562289237976,0.396410197019577,-0.3949275314807892,0.21456311643123627,0.40269696712493896,-0.46269339323043823,0.06622008979320526,0.6411675810813904,-0.5058189034461975,0.12355276942253113,0.7648049592971802,-0.49794191122055054,0.15153901278972626,0.8598191738128662,-0.4835793077945709,0.1638963371515274,0.46192094683647156,-0.298930823802948,0.0653989240527153,0.5150501132011414,-0.3621150255203247,0.1608339101076126,0.4344366490840912,-0.38243311643600464,0.20215976238250732,0.3749207854270935,-0.3712371289730072,0.21242021024227142,0.46192315220832825,-0.1441418081521988,0.07471045106649399,0.45579659938812256,-0.23943504691123962,0.1719253957271576,0.3866055905818939,-0.24758179485797882,0.18803487718105316,0.3264867663383484,-0.22760312259197235,0.17411549389362335,0.4443863332271576,-0.02609638310968876,0.0895502045750618,0.44309696555137634,-0.11564116925001144,0.17320357263088226,0.3899194002151489,-0.12242002040147781,0.20493386685848236,0.3297017812728882,-0.10041385143995285,0.2161942720413208,0.0,0.0,0.0,-0.12513914704322815,-0.15956073999404907,0.038869623094797134,-0.14909592270851135,-0.349161833524704,0.06530202180147171,-0.14052538573741913,-0.48099493980407715,0.07243338227272034,-0.11282549053430557,-0.5631867051124573,0.07767125964164734,-0.0057393149472773075,-0.5332028269767761,0.11151911318302155,-0.05592282488942146,-0.7005643248558044,0.11158851534128189,-0.1031930074095726,-0.8257232308387756,0.09670177102088928,-0.13786770403385162,-0.9316139221191406,0.07867332547903061,0.02566986344754696,-0.5380764007568359,0.06182783097028732,-0.03967566043138504,-0.7286562919616699,0.05101224407553673,-0.09237996488809586,-0.867287814617157,0.024299392476677895,-0.13260428607463837,-0.9911624789237976,0.0036038458347320557,0.04064261540770531,-0.522140622138977,0.004901916719973087,-0.03477887436747551,-0.721216082572937,-0.022592822089791298,-0.08908713608980179,-0.8601944446563721,-0.045648593455553055,-0.12758859992027283,-0.980620265007019,-0.06006303057074547,0.03233763203024864,-0.4974912405014038,-0.05239307880401611,-0.036879539489746094,-0.686398983001709,-0.08414094895124435,-0.08021041005849838,-0.8030657768249512,-0.09942767024040222,-0.11033512651920319,-0.9075199365615845,-0.10901965200901031,COLD
0.0,0.0,0.0,0.0476003959774971,-0.3168899416923523,0.08336693048477173,0.18852928280830383,-0.5118959546089172,0.1432296186685562,0.321435809135437,-0.5115280151367188,0.19607242941856384,0.3967018723487854,-0.39947453141212463,0.24011892080307007,0.3984076976776123,-0.4670950472354889,0.07038643956184387,0.6378164291381836,-0.5100584626197815,0.13262078166007996,0.758605420589447,-0.503466010093689,0.16474208235740662,0.8521192073822021,-0.49157243967056274,0.17958128452301025,0.45847639441490173,-0.30490371584892273,0.06910428404808044,0.5237601399421692,-0.36863183975219727,0.17477893829345703,0.4437400996685028,-0.38489699363708496,0.22500494122505188,0.3832687735557556,-0.3696824908256531,0.23900838196277618,0.4601127505302429,-0.14787450432777405,0.07921017706394196,0.46498173475265503,-0.24233926832675934,0.18718932569026947,0.3966871201992035,-0.24913373589515686,0.20820097625255585,0.3350703716278076,-0.22590354084968567,0.19399447739124298,0.4447663128376007,-0.02607700601220131,0.09596364200115204,0.45010754466056824,-0.1128465086221695,0.18692687153816223,0.3975881338119507,-0.11961131542921066,0.21975407004356384,0.3356074392795563,-0.09611012041568756,0.22909507155418396,0.0,0.0,0.0,-0.12191832065582275,-0.1585891991853714,0.03270386904478073,-0.14425921440124512,-0.346416711807251,0.055145829916000366,-0.13611221313476562,-0.4762965738773346,0.059722255915403366,-0.10815861076116562,-0.5613657832145691,0.06230757012963295,0.0005610135849565268,-0.5298583507537842,0.09724533557891846,-0.049743443727493286,-0.6981802582740784,0.09181205928325653,-0.09719471633434296,-0.8252540230751038,0.0743982121348381,-0.1319567859172821,-0.9318249821662903,0.05527789890766144,0.0310662891715765,-0.5343387722969055,0.04996327683329582,-0.03399890661239624,-0.7267240881919861,0.03384901583194733,-0.08688878268003464,-0.8664384484291077,0.005591194611042738,-0.12739436328411102,-0.9917287230491638,-0.015646785497665405,0.04635757580399513,-0.5182571411132812,-0.004463908262550831,-0.028565429151058197,-0.7180672287940979,-0.036256566643714905,-0.08279626816511154,-0.8585397005081177,-0.060359470546245575,-0.12126349657773972,-0.9809151291847229,-0.07465498894453049,0.03829825296998024,-0.49245619773864746,-0.05948879197239876,-0.030207756906747818,-0.6833444833755493,-0.09457427263259888,-0.07323213666677475,-0.8021901845932007,-0.11118185520172119,-0.10367107391357422,-0.9084917306900024,-0.1211397722363472,COLD
0.0,0.0,0.0,0.04810269922018051,-0.3152679204940796,0.07395491749048233,0.19492153823375702,-0.5134692788124084,0.1356934905052185,0.32950109243392944,-0.5064687132835388,0.19282887876033783,0.4038653075695038,-0.39034608006477356,0.2426111102104187,0.40565988421440125,-0.46727192401885986,0.07171594351530075,0.6434661746025085,-0.5064635276794434,0.13318295776844025,0.7626784443855286,-0.5001347661018372,0.1636442393064499,0.8560424447059631,-0.4854288697242737,0.17762362957000732,0.46179547905921936,-0.29809197783470154,0.07482907176017761,0.5257019400596619,-0.3688172698020935,0.17825880646705627,0.44166019558906555,-0.3919309377670288,0.22751635313034058,0.379678875207901,-0.3753696382045746,0.2429070621728897,0.4591236412525177,-0.14076773822307587,0.08741889894008636,0.4667375087738037,-0.24202613532543182,0.189120814204216,0.3949381411075592,-0.25476810336112976,0.20703397691249847,0.33227917551994324,-0.23137624561786652,0.19426749646663666,0.44094106554985046,-0.01926129125058651,0.10613281279802322,0.44916197657585144,-0.11436137557029724,0.19190911948680878,0.395907998085022,-0.1256575882434845,0.2225356251001358,0.33472710847854614,-0.10140401870012283,0.23213490843772888,0.0,0.0,0.0,-0.11856625974178314,-0.15203408896923065,0.032683007419109344,-0.14247362315654755,-0.3458472490310669,0.053978003561496735,-0.13248717784881592,-0.477285236120224,0.056412361562252045,-0.10347941517829895,-0.5599825382232666,0.05695313587784767,0.00014632994134444743,-0.5337497591972351,0.09960547089576721,-0.04869886115193367,-0.7009162306785583,0.09447088092565536,-0.09597858041524887,-0.8293040990829468,0.07720692455768585,-0.1306503415107727,-0.9363410472869873,0.05788477510213852,0.03180989995598793,-0.5370169878005981,0.04988044127821922,-0.03266758844256401,-0.7286156415939331,0.03525005653500557,-0.08514959365129471,-0.8680065870285034,0.008410402573645115,-0.12585259974002838,-0.9919750094413757,-0.012116276659071445,0.048549242317676544,-0.521127462387085,-0.0074918377213180065,-0.025972707197070122,-0.7219277620315552,-0.038169022649526596,-0.07990643382072449,-0.8645925521850586,-0.060582131147384644,-0.1183479055762291,-0.9878169894218445,-0.07422801852226257,0.04214659333229065,-0.49657994508743286,-0.06595788151025772,-0.02684854343533516,-0.6889930963516235,-0.10061228275299072,-0.06941340863704681,-0.8109397888183594,-0.11641144752502441,-0.0990019217133522,-0.9200927019119263,-0.12601694464683533,COLD
0.0,0.0,0.0,0.049797069281339645,-0.3180026113986969,0.06259960681200027,0.19734877347946167,-0.5151371955871582,0.11311131715774536,0.3337585926055908,-0.5057746171951294,0.1586569994688034,0.4076043367385864,-0.3917713165283203,0.19688569009304047,0.4040437340736389,-0.4649934768676758,0.049395814538002014,0.6423708200454712,-0.5096837878227234,0.096213199198246,0.7655985355377197,-0.5042567253112793,0.12005241960287094,0.8614402413368225,-0.4908665716648102,0.13027207553386688,0.4623866677284241,-0.2971300184726715,0.04911777749657631,0.5334010720252991,-0.37187981605529785,0.13445495069026947,0.4550551176071167,-0.3939957022666931,0.1789553463459015,0.39571356773376465,-0.37711164355278015,0.19293522834777832,0.46375173330307007,-0.14259222149848938,0.057337723672389984,0.47384798526763916,-0.2461942434310913,0.14316557347774506,0.4071711599826813,-0.2574262320995331,0.16317641735076904,0.345907598733902,-0.23358464241027832,0.15415020287036896,0.4467017650604248,-0.023458296433091164,0.0701855942606926,0.4557454288005829,-0.1201452687382698,0.14471234381198883,0.4043785333633423,-0.12937714159488678,0.17619092762470245,0.34388527274131775,-0.10442526638507843,0.18796788156032562,0.0,0.0,0.0,-0.11988861113786697,-0.15499719977378845,0.036070745438337326,-0.14254431426525116,-0.3485637307167053,0.059330977499485016,-0.1319429874420166,-0.48033931851387024,0.06298985332250595,-0.10332351922988892,-0.5626978874206543,0.06451253592967987,-0.0010282659204676747,-0.5331482291221619,0.10486385226249695,-0.04934505373239517,-0.7015937566757202,0.1016790121793747,-0.09648659825325012,-0.8298648595809937,0.08542029559612274,-0.13087201118469238,-0.9368651509284973,0.06667101383209229,0.030770419165492058,-0.5363831520080566,0.054095763713121414,-0.03296321630477905,-0.7281736731529236,0.04095073789358139,-0.08567002415657043,-0.8679918050765991,0.014310427941381931,-0.12619933485984802,-0.9919862747192383,-0.006081422325223684,0.04804811626672745,-0.5200608968734741,-0.0041327523067593575,-0.025150736793875694,-0.7220075130462646,-0.033950112760066986,-0.0794999971985817,-0.8647403717041016,-0.05668220296502113,-0.11839470267295837,-0.9875321388244629,-0.07057935744524002,0.04310818389058113,-0.4953280985355377,-0.06311482191085815,-0.02457311376929283,-0.6885115504264832,-0.09745952486991882,-0.06806895136833191,-0.8100371956825256,-0.11330301314592361,-0.098843514919281,-0.917830228805542,-0.1229376569390297,COLD
0.0,0.0,0.0,0.04991950839757919,-0.3161861300468445,0.0704307109117508,0.19665662944316864,-0.5135791897773743,0.1276712268590927,0.3338240385055542,-0.5071858167648315,0.17895135283470154,0.4066581130027771,-0.3922969400882721,0.22284835577011108,0.41511595249176025,-0.4638945162296295,0.06729260087013245,0.6483789086341858,-0.5027933120727539,0.12761619687080383,0.7658334374427795,-0.49686843156814575,0.1599000096321106,0.8571577668190002,-0.48434314131736755,0.17519226670265198,0.4726621210575104,-0.29516470432281494,0.06752423942089081,0.5318759083747864,-0.3596936762332916,0.1647113412618637,0.4506213665008545,-0.3828582763671875,0.21068395674228668,0.38780853152275085,-0.37028807401657104,0.22491532564163208,0.4689529538154602,-0.1357681006193161,0.07729607820510864,0.46727806329727173,-0.2328411340713501,0.17260107398033142,0.39774855971336365,-0.24327515065670013,0.18873198330402374,0.336503803730011,-0.22127345204353333,0.17602281272411346,0.44881734251976013,-0.012947623617947102,0.09264111518859863,0.4495401978492737,-0.09982846677303314,0.17466731369495392,0.3970414698123932,-0.1077614426612854,0.20439043641090393,0.33649685978889465,-0.08454889059066772,0.21415312588214874,0.0,0.0,0.0,-0.12011922150850296,-0.15616083145141602,0.03530736640095711,-0.1423892080783844,-0.34955164790153503,0.05859292671084404,-0.1333027184009552,-0.4783361554145813,0.06279356777667999,-0.1062910258769989,-0.5588271021842957,0.06509812921285629,-0.001215549884364009,-0.5315992832183838,0.10377414524555206,-0.049554381519556046,-0.6985799670219421,0.09973740577697754,-0.09680453687906265,-0.8275118470191956,0.08186183124780655,-0.13150131702423096,-0.9360910058021545,0.06171763688325882,0.030406145378947258,-0.5354800224304199,0.05417026951909065,-0.03479890152812004,-0.724213182926178,0.04053559526801109,-0.08642228692770004,-0.8654419779777527,0.011421295814216137,-0.12684166431427002,-0.9918583035469055,-0.011326181702315807,0.047113098204135895,-0.5198238492012024,-0.0025813921820372343,-0.02689400687813759,-0.716609537601471,-0.03192078322172165,-0.08012841641902924,-0.8578898310661316,-0.056419797241687775,-0.11945981532335281,-0.9809479713439941,-0.0720563605427742,0.04157155379652977,-0.49508893489837646,-0.06006938964128494,-0.026022301986813545,-0.6804062724113464,-0.09259677678346634,-0.06822595745325089,-0.7985110878944397,-0.10852276533842087,-0.09858811646699905,-0.9056746363639832,-0.11885668337345123,COLD
0.0,0.0,0.0,0.052993036806583405,-0.31282174587249756,0.0901656448841095,0.19585353136062622,-0.5012378096580505,0.16148360073566437,0.32519927620887756,-0.5016651153564453,0.22952218353748322,0.4006683826446533,-0.403576135635376,0.29042962193489075,0.406108558177948,-0.4588625729084015,0.0810624286532402,0.642061710357666,-0.4953337013721466,0.15302979946136475,0.7604421973228455,-0.4886239171028137,0.18592271208763123,0.8554046750068665,-0.4774845838546753,0.2007271945476532,0.4596015512943268,-0.2899419963359833,0.08618738502264023,0.5180097222328186,-0.3562418222427368,0.21283073723316193,0.4327681362628937,-0.37650007009506226,0.26932141184806824,0.3720704913139343,-0.36381593346595764,0.28310146927833557,0.45362359285354614,-0.13335326313972473,0.10299995541572571,0.45645731687545776,-0.23267483711242676,0.22823591530323029,0.3825418949127197,-0.2418031245470047,0.24619317054748535,0.32325369119644165,-0.21849264204502106,0.22526828944683075,0.43722158670425415,-0.012396353296935558,0.12770850956439972,0.43913549184799194,-0.10217287391424179,0.23112286627292633,0.3831506669521332,-0.11102062463760376,0.2622047960758209,0.32180410623550415,-0.0891614556312561,0.26662343740463257,0.0,0.0,0.0,-0.12169527262449265,-0.1617465764284134,0.047008875757455826,-0.14397960901260376,-0.3549022674560547,0.07677645981311798,-0.13560831546783447,-0.4835190176963806,0.08516879379749298,-0.1087685227394104,-0.5602347254753113,0.09145031869411469,-0.005676820874214172,-0.5346130728721619,0.1210680678486824,-0.05431580916047096,-0.6998768448829651,0.12370660901069641,-0.1008472591638565,-0.8253907561302185,0.10993383824825287,-0.13499875366687775,-0.9325988292694092,0.09201055765151978,0.026712005957961082,-0.5379164218902588,0.0664617046713829,-0.039682984352111816,-0.7258777618408203,0.058243874460458755,-0.09086943417787552,-0.8668966889381409,0.03236807882785797,-0.13100020587444305,-0.9913159012794495,0.011474267579615116,0.04292495548725128,-0.5207757353782654,0.004923830274492502,-0.03191056475043297,-0.7161435484886169,-0.020585356280207634,-0.08379095792770386,-0.8574851155281067,-0.0436902679502964,-0.12154712527990341,-0.9789661765098572,-0.0590858981013298,0.036943286657333374,-0.496247798204422,-0.0565597340464592,-0.028494613245129585,-0.6814874410629272,-0.08761142939329147,-0.06973539292812347,-0.7981727123260498,-0.1036645919084549,-0.09966662526130676,-0.9021517038345337,-0.11461057513952255,COLD
0.0,0.0,0.0,0.044521600008010864,-0.3184540271759033,0.07252353429794312,0.18941394984722137,-0.508619487285614,0.13231468200683594,0.32869741320610046,-0.505715548992157,0.18821322917938232,0.4039987325668335,-0.3997196853160858,0.23715734481811523,0.40171316266059875,-0.46038931608200073,0.059039872139692307,0.6455042958259583,-0.5039187073707581,0.11054924875497818,0.7689098715782166,-0.4957735240459442,0.13677839934825897,0.8647480010986328,-0.47938108444213867,0.14968201518058777,0.45978227257728577,-0.29060599207878113,0.06244611740112305,0.5316380262374878,-0.3630298674106598,0.15939559042453766,0.45120444893836975,-0.38611358404159546,0.21055389940738678,0.39024868607521057,-0.37056487798690796,0.2275652438402176,0.4595493972301483,-0.13380572199821472,0.07498323917388916,0.465545117855072,-0.23660512268543243,0.1710246503353119,0.3963538706302643,-0.24745440483093262,0.19122204184532166,0.33592289686203003,-0.22178424894809723,0.18037337064743042,0.44312819838523865,-0.012801476754248142,0.09353010356426239,0.4461488127708435,-0.10618451982736588,0.17572510242462158,0.3913499414920807,-0.11400160938501358,0.206490620970726,0.3304119110107422,-0.08973953872919083,0.2163107544183731,0.0,0.0,0.0,-0.12588097155094147,-0.15895189344882965,0.03215738385915756,-0.14938288927078247,-0.3493265211582184,0.054082125425338745,-0.13916748762130737,-0.47955167293548584,0.058110035955905914,-0.10758262127637863,-0.5580338835716248,0.06101631000638008,-0.009700705297291279,-0.5319845676422119,0.10128652304410934,-0.05666395276784897,-0.6976933479309082,0.09624164551496506,-0.10230455547571182,-0.8240852355957031,0.07728588581085205,-0.1363755464553833,-0.931637167930603,0.056495118886232376,0.02205318957567215,-0.5358000993728638,0.05412851274013519,-0.041622500866651535,-0.7245168089866638,0.038891904056072235,-0.09093158692121506,-0.8652063608169556,0.009248967282474041,-0.13092592358589172,-0.9912981390953064,-0.013656052760779858,0.03950175270438194,-0.5213307738304138,-0.00032726413337513804,-0.032903291285037994,-0.7174478769302368,-0.029742131009697914,-0.08452272415161133,-0.856319785118103,-0.05411152169108391,-0.12302424758672714,-0.9777337908744812,-0.06953637301921844,0.03683842346072197,-0.4990767538547516,-0.055764637887477875,-0.030336588621139526,-0.6831319332122803,-0.08732122927904129,-0.0728442370891571,-0.7983036637306213,-0.10267888754606247,-0.10407836735248566,-0.9023652672767639,-0.11254829913377762,COLD
0.0,0.0,0.0,0.04313426464796066,-0.31846582889556885,0.06328663975000381,0.18921653926372528,-0.5137656927108765,0.11518623679876328,0.3283110558986664,-0.509687602519989,0.16237814724445343,0.39976534247398376,-0.39799419045448303,0.20218834280967712,0.40534383058547974,-0.46205219626426697,0.04445500299334526,0.6461403369903564,-0.5062204599380493,0.08696392923593521,0.7723459005355835,-0.4991532266139984,0.1092011108994484,0.8681832551956177,-0.4816998541355133,0.11926010251045227,0.46518024802207947,-0.29226940870285034,0.044548965990543365,0.5289226174354553,-0.3598445653915405,0.1268729269504547,0.451175332069397,-0.3823668360710144,0.17283125221729279,0.39070820808410645,-0.36670053005218506,0.18846312165260315,0.46544957160949707,-0.13409613072872162,0.05318284034729004,0.4651017487049103,-0.23240110278129578,0.13630260527133942,0.4009431302547455,-0.24291010200977325,0.15703481435775757,0.34008362889289856,-0.21845130622386932,0.14916439354419708,0.44665753841400146,-0.011970441788434982,0.06635770946741104,0.44733360409736633,-0.09977532923221588,0.13692085444927216,0.3964637517929077,-0.10629172623157501,0.16620121896266937,0.3361662030220032,-0.0814022645354271,0.1774279624223709,0.0,0.0,0.0,-0.12500980496406555,-0.15630535781383514,0.04002876579761505,-0.14960403740406036,-0.35832521319389343,0.06997013092041016,-0.13675545156002045,-0.49084070324897766,0.08092711865901947,-0.1015600711107254,-0.5581219792366028,0.09034517407417297,-0.010306335985660553,-0.5366517901420593,0.11240381747484207,-0.06006259471178055,-0.6958000659942627,0.1137847974896431,-0.10659501701593399,-0.8213037252426147,0.10052784532308578,-0.13748420774936676,-0.9261024594306946,0.08281309902667999,0.027009109035134315,-0.5392493009567261,0.06184135749936104,-0.043035898357629776,-0.7256276607513428,0.05005815997719765,-0.09396270662546158,-0.8667728304862976,0.0242446381598711,-0.13322225213050842,-0.9910752177238464,0.00467115081846714,0.04837167635560036,-0.5198144912719727,0.004186584614217281,-0.031883638352155685,-0.7123786807060242,-0.026370158419013023,-0.08573107421398163,-0.8527227640151978,-0.05049625411629677,-0.12429378181695938,-0.9774258136749268,-0.06485776603221893,0.045674461871385574,-0.49144765734672546,-0.05360154062509537,-0.026244236156344414,-0.6719858050346375,-0.08969543129205704,-0.06969700753688812,-0.7858738899230957,-0.10817384719848633,-0.10108929872512817,-0.8917363882064819,-0.11970117688179016,COLD
0.0,0.0,0.0,0.046174075454473495,-0.31798404455184937,0.07227958738803864,0.19184811413288116,-0.5104393362998962,0.12898430228233337,0.3292900323867798,-0.5034202933311462,0.18088950216770172,0.4037335515022278,-0.3972300589084625,0.22519820928573608,0.4065514802932739,-0.46087247133255005,0.055298689752817154,0.6462975740432739,-0.5021896362304688,0.1081903949379921,0.7690317034721375,-0.4967726767063141,0.13566899299621582,0.8628860712051392,-0.48308733105659485,0.14850668609142303,0.46611014008522034,-0.2921355366706848,0.05585043877363205,0.5249223113059998,-0.35777977108955383,0.15237398445606232,0.44463467597961426,-0.37998059391975403,0.2017519623041153,0.38526296615600586,-0.3655761182308197,0.21690791845321655,0.46519842743873596,-0.13480855524539948,0.06619825214147568,0.4631420969963074,-0.23229755461215973,0.1622668206691742,0.39578065276145935,-0.24327616393566132,0.1824164241552353,0.33569321036338806,-0.22041793167591095,0.1707666963338852,0.4475105404853821,-0.014141395688056946,0.08228892087936401,0.44729816913604736,-0.10323309898376465,0.1633394956588745,0.3950178027153015,-0.11058469116687775,0.19421517848968506,0.33427634835243225,-0.08722931891679764,0.20429487526416779,0.0,0.0,0.0,-0.12419052422046661,-0.15361623466014862,0.03750954568386078,-0.14996382594108582,-0.35320138931274414,0.06710828095674515,-0.1346641182899475,-0.48425790667533875,0.07894714921712875,-0.10020795464515686,-0.5557079315185547,0.08962198346853256,-0.008421928621828556,-0.5423879027366638,0.10509368777275085,-0.060551825910806656,-0.7010734677314758,0.10562976449728012,-0.1077539324760437,-0.8264510035514832,0.09515118598937988,-0.1394726037979126,-0.9306798577308655,0.0801529586315155,0.02887723594903946,-0.5416285991668701,0.055369894951581955,-0.03972267732024193,-0.7268781661987305,0.03824162110686302,-0.09059936553239822,-0.8659960031509399,0.014453703537583351,-0.1320352703332901,-0.9912444949150085,-0.0010380084859207273,0.050902001559734344,-0.5190892219543457,-0.0014166516484692693,-0.02972659468650818,-0.7094124555587769,-0.03887959569692612,-0.08296181261539459,-0.8480280041694641,-0.060423772782087326,-0.12247460335493088,-0.9761059880256653,-0.06936386972665787,0.050348274409770966,-0.4858880937099457,-0.058081142604351044,-0.02484074980020523,-0.675504207611084,-0.09875574707984924,-0.06970736384391785,-0.7926397919654846,-0.11569737643003464,-0.1019662544131279,-0.9006019234657288,-0.1236073225736618,COLD
0.0,0.0,0.0,0.044335804879665375,-0.3147818148136139,0.07877973467111588,0.1878758668899536,-0.5015019178390503,0.13867253065109253,0.3209846019744873,-0.495993971824646,0.19257164001464844,0.3936431109905243,-0.3932703137397766,0.23827464878559113,0.4031220078468323,-0.4586119055747986,0.06844878941774368,0.6423269510269165,-0.4977153539657593,0.1264970302581787,0.7658665180206299,-0.49177658557891846,0.15589459240436554,0.8617538809776306,-0.4780617952346802,0.16981534659862518,0.46053051948547363,-0.2908692955970764,0.06946586817502975,0.5210424661636353,-0.35786256194114685,0.17182892560958862,0.4396538734436035,-0.37984004616737366,0.2237870991230011,0.37882199883461,-0.3641882836818695,0.24032489955425262,0.4570908546447754,-0.13365952670574188,0.08043324947357178,0.4576030969619751,-0.2330380380153656,0.18221288919448853,0.3897138833999634,-0.24278415739536285,0.20287856459617615,0.3294697105884552,-0.21793414652347565,0.19074946641921997,0.4388672113418579,-0.014331381767988205,0.09782600402832031,0.4411345422267914,-0.10577967762947083,0.18365254998207092,0.3876986503601074,-0.1131383553147316,0.2150280922651291,0.3279612362384796,-0.08754218369722366,0.2244989573955536,0.0,0.0,0.0,-0.12207622081041336,-0.1589049994945526,0.0421023964881897,-0.14716936647891998,-0.35375678539276123,0.07196523249149323,-0.13827179372310638,-0.4827469289302826,0.08226041495800018,-0.10753251612186432,-0.5642821192741394,0.09120454639196396,-0.005897046998143196,-0.5316835045814514,0.11621905118227005,-0.05680891126394272,-0.6961924433708191,0.11741601675748825,-0.10538329184055328,-0.8239837288856506,0.1041080504655838,-0.13988539576530457,-0.9308334589004517,0.08701471239328384,0.028547298163175583,-0.532757580280304,0.06424131244421005,-0.0402003712952137,-0.7226030230522156,0.052945565432310104,-0.09329453855752945,-0.8653253316879272,0.026713130995631218,-0.13509604334831238,-0.9908077716827393,0.007005837745964527,0.047541543841362,-0.5158486366271973,0.005083094816654921,-0.029991140589118004,-0.7137585878372192,-0.025369875133037567,-0.08477656543254852,-0.8567206859588623,-0.04905730485916138,-0.12496965378522873,-0.9839122295379639,-0.06257113069295883,0.04497556760907173,-0.49160146713256836,-0.053962718695402145,-0.02490292675793171,-0.6812088489532471,-0.09049984812736511,-0.06885924935340881,-0.7996076345443726,-0.10790132731199265,-0.10114035755395889,-0.9083197712898254,-0.11782918125391006,COLD
0.0,0.0,0.0,0.047883886843919754,-0.31236883997917175,0.07894062250852585,0.19193418323993683,-0.5015206336975098,0.1412641704082489,0.32339251041412354,-0.4962356686592102,0.19799615442752838,0.3972841203212738,-0.39072829484939575,0.2466093897819519,0.40036875009536743,-0.46331632137298584,0.07005895674228668,0.6396652460098267,-0.5052043199539185,0.1310768574476242,0.7620549201965332,-0.4983270466327667,0.1622367948293686,0.856454610824585,-0.48501867055892944,0.17675505578517914,0.4591982066631317,-0.29965144395828247,0.07144277542829514,0.5208932161331177,-0.3652035593986511,0.1758749634027481,0.43935418128967285,-0.3836030066013336,0.22480419278144836,0.3792684078216553,-0.36988699436187744,0.2384171187877655,0.46146541833877563,-0.14373548328876495,0.0832400694489479,0.4619339108467102,-0.23896653950214386,0.18824993073940277,0.3919979929924011,-0.24594470858573914,0.20658086240291595,0.3313789665699005,-0.22446812689304352,0.19149036705493927,0.44791755080223083,-0.023647021502256393,0.1013527661561966,0.4475943148136139,-0.11185196042060852,0.18737353384494781,0.3937932252883911,-0.11690676212310791,0.21602407097816467,0.3342272937297821,-0.09389811754226685,0.22342324256896973,0.0,0.0,0.0,-0.12574397027492523,-0.16421310603618622,0.04272652044892311,-0.14658339321613312,-0.3567381501197815,0.06926906108856201,-0.13574430346488953,-0.4841328263282776,0.07631310075521469,-0.10607373714447021,-0.5603557229042053,0.08122534304857254,-0.0023603879380971193,-0.5357853770256042,0.1050199568271637,-0.055024851113557816,-0.7033108472824097,0.10283613950014114,-0.10381701588630676,-0.8289098143577576,0.08811711519956589,-0.13788862526416779,-0.9357658624649048,0.07038956135511398,0.03248748928308487,-0.5346090793609619,0.052226338535547256,-0.04012913256883621,-0.7254737615585327,0.03833511844277382,-0.09322770684957504,-0.8668381571769714,0.01210014894604683,-0.13382621109485626,-0.9909728169441223,-0.007963331416249275,0.050295472145080566,-0.5132268071174622,-0.006915385834872723,-0.031138475984334946,-0.7125652432441711,-0.03814518451690674,-0.08647261559963226,-0.8558933734893799,-0.06171436980366707,-0.12540900707244873,-0.9808658361434937,-0.07587194442749023,0.04407350346446037,-0.4852229058742523,-0.06568353623151779,-0.02640148065984249,-0.6750885844230652,-0.10213259607553482,-0.06878522038459778,-0.7943276762962341,-0.11956176161766052,-0.09814692288637161,-0.9012329578399658,-0.13015936315059662,COLD
0.0,0.0,0.0,0.04612801596522331,-0.3134506046772003,0.07977384328842163,0.18895462155342102,-0.5025168061256409,0.1418691724538803,0.32232534885406494,-0.49259427189826965,0.19808633625507355,0.3976537585258484,-0.3844754695892334,0.2459578961133957,0.4007006883621216,-0.46410587430000305,0.07259766757488251,0.6380376815795898,-0.5057209730148315,0.13589078187942505,0.7605809569358826,-0.49828749895095825,0.16745968163013458,0.8554670214653015,-0.4847811162471771,0.1821088045835495,0.4582033157348633,-0.3006773293018341,0.07342655956745148,0.5139095783233643,-0.36064228415489197,0.17898352444171906,0.4308055639266968,-0.3782745599746704,0.22613559663295746,0.3704526722431183,-0.3656739592552185,0.23852375149726868,0.45865562558174133,-0.14390617609024048,0.08508794754743576,0.4561408460140228,-0.23468896746635437,0.19037118554115295,0.38443678617477417,-0.24148523807525635,0.20724394917488098,0.3235023617744446,-0.2205018550157547,0.1916162371635437,0.44477441906929016,-0.022943301126360893,0.1032891720533371,0.4427747130393982,-0.10925447195768356,0.19089865684509277,0.38753119111061096,-0.11346554011106491,0.22094544768333435,0.32705023884773254,-0.08937162160873413,0.22962313890457153,0.0,0.0,0.0,-0.12262291461229324,-0.16248713433742523,0.03939557075500488,-0.14523205161094666,-0.3548082113265991,0.06162957102060318,-0.13309793174266815,-0.48246023058891296,0.06455104053020477,-0.1014467179775238,-0.557769238948822,0.06553690880537033,0.0030137423891574144,-0.5364640355110168,0.09918321669101715,-0.05042360723018646,-0.7006217241287231,0.09323515743017197,-0.10037610679864883,-0.8262193202972412,0.07518526166677475,-0.13602447509765625,-0.9330822825431824,0.05499584600329399,0.03774430230259895,-0.5359617471694946,0.04633578285574913,-0.03544237092137337,-0.7258516550064087,0.029773851856589317,-0.0895535796880722,-0.8671614527702332,0.001956873806193471,-0.13099874556064606,-0.991187572479248,-0.01965940184891224,0.05406591668725014,-0.515082836151123,-0.013048523105680943,-0.02700713835656643,-0.7142422795295715,-0.0458478108048439,-0.08342987298965454,-0.8575083017349243,-0.06978142261505127,-0.12303899228572845,-0.9822189211845398,-0.08461400121450424,0.045870400965213776,-0.48550403118133545,-0.07245340198278427,-0.022998692467808723,-0.6735241413116455,-0.1093902438879013,-0.06632138043642044,-0.7930156588554382,-0.12678714096546173,-0.09713971614837646,-0.9004548788070679,-0.13768474757671356,COLD
0.0,0.0,0.0,0.050358157604932785,-0.31158700585365295,0.09181159734725952,0.19054767489433289,-0.4950043261051178,0.16767434775829315,0.3164856731891632,-0.488707959651947,0.24028122425079346,0.3936960995197296,-0.3948027491569519,0.3053515553474426,0.40089231729507446,-0.45911523699760437,0.09225009381771088,0.6352508068084717,-0.49983176589012146,0.1695062667131424,0.7536112666130066,-0.4939610958099365,0.20576341450214386,0.8470943570137024,-0.48206180334091187,0.2237132042646408,0.45180201530456543,-0.2956269085407257,0.10054463893175125,0.5072818398475647,-0.3661242127418518,0.23075538873672485,0.42348000407218933,-0.3859829008579254,0.28568464517593384,0.363569051027298,-0.37282252311706543,0.29926395416259766,0.4484705626964569,-0.14260393381118774,0.12045827507972717,0.4469647705554962,-0.24211616814136505,0.2476375848054886,0.36987730860710144,-0.2472577542066574,0.2604515552520752,0.31027400493621826,-0.2237396091222763,0.2370499074459076,0.4370746314525604,-0.02682386338710785,0.14880938827991486,0.43172338604927063,-0.11934133619070053,0.2509465515613556,0.3720804452896118,-0.1244303360581398,0.2771846354007721,0.3125070035457611,-0.10092614591121674,0.27948522567749023,0.0,0.0,0.0,-0.12235627323389053,-0.16527052223682404,0.04283753037452698,-0.1437099277973175,-0.3531676232814789,0.06675498187541962,-0.13304834067821503,-0.48006752133369446,0.07057759165763855,-0.10308846831321716,-0.5638033747673035,0.07225627452135086,0.004842482972890139,-0.5335925817489624,0.10424259305000305,-0.048694901168346405,-0.6982755661010742,0.09871138632297516,-0.0988960713148117,-0.8241019248962402,0.08084651827812195,-0.13461829721927643,-0.9318694472312927,0.0609053410589695,0.03862893953919411,-0.5350544452667236,0.05018462613224983,-0.035331159830093384,-0.7262552380561829,0.034777987748384476,-0.09087013453245163,-0.8676953315734863,0.007755589671432972,-0.13203343749046326,-0.9911485314369202,-0.013848473317921162,0.053302206099033356,-0.5153982639312744,-0.010607642121613026,-0.026992596685886383,-0.716261625289917,-0.042353555560112,-0.08483217656612396,-0.8593417406082153,-0.06550220400094986,-0.12443261593580246,-0.983124315738678,-0.08042455464601517,0.043493691831827164,-0.48722124099731445,-0.07126573473215103,-0.022468842566013336,-0.6743105053901672,-0.10825812816619873,-0.06495627760887146,-0.7947287559509277,-0.1260928511619568,-0.09521757811307907,-0.9033114910125732,-0.1376509964466095,COLD
0.0,0.0,0.0,0.04808541014790535,-0.3124292492866516,0.06935592740774155,0.19304022192955017,-0.5021076202392578,0.1268133521080017,0.32684633135795593,-0.4886864721775055,0.18015168607234955,0.4029514789581299,-0.38265740871429443,0.22578594088554382,0.3980901539325714,-0.4565882384777069,0.058883123099803925,0.6399692296981812,-0.5048803091049194,0.1143355518579483,0.7631300687789917,-0.5008071064949036,0.14359167218208313,0.8583512902259827,-0.48822101950645447,0.1577131152153015,0.454899400472641,-0.29246988892555237,0.06289571523666382,0.5197495818138123,-0.37216538190841675,0.15832123160362244,0.43895527720451355,-0.392972469329834,0.2056603878736496,0.37951135635375977,-0.37563154101371765,0.22018863260746002,0.4571038782596588,-0.14145579934120178,0.07643125206232071,0.4607412815093994,-0.24722708761692047,0.1714816838502884,0.39123570919036865,-0.25502273440361023,0.1895052194595337,0.3299815356731415,-0.23148629069328308,0.1771240383386612,0.4438551068305969,-0.026748377829790115,0.09574298560619354,0.4475918412208557,-0.12528212368488312,0.17367209494113922,0.39273059368133545,-0.12997578084468842,0.20169971883296967,0.33258700370788574,-0.10414383560419083,0.21055209636688232,0.0,0.0,0.0,-0.12492319941520691,-0.16446088254451752,0.045437317341566086,-0.1446721851825714,-0.3558361828327179,0.06961748749017715,-0.13320989906787872,-0.4834165573120117,0.07275933772325516,-0.1038762554526329,-0.5621963143348694,0.07326967269182205,0.004542879294604063,-0.5374585390090942,0.10565635561943054,-0.0492352657020092,-0.7020699381828308,0.1015067845582962,-0.0992257371544838,-0.8260285258293152,0.08483248949050903,-0.1343088150024414,-0.9328412413597107,0.06558676064014435,0.040075041353702545,-0.5370227098464966,0.049371007829904556,-0.03399570658802986,-0.7287522554397583,0.03477054461836815,-0.0900539755821228,-0.8692500591278076,0.008644429966807365,-0.13134610652923584,-0.9912627935409546,-0.012097717262804508,0.05626785755157471,-0.5144005417823792,-0.013372475281357765,-0.025476062670350075,-0.7159774899482727,-0.044959306716918945,-0.08396168053150177,-0.8589903116226196,-0.06725607067346573,-0.12359092384576797,-0.9809963703155518,-0.08123939484357834,0.0459093376994133,-0.48260796070098877,-0.07577627152204514,-0.023468030616641045,-0.6736621856689453,-0.11177170276641846,-0.06693463772535324,-0.7950459718704224,-0.12821434438228607,-0.0972609892487526,-0.9016380310058594,-0.1386532038450241,COLD
0.0,0.0,0.0,0.051999326795339584,-0.3056012988090515,0.0541609451174736,0.20069657266139984,-0.49827009439468384,0.0914420560002327,0.33738943934440613,-0.47982168197631836,0.12247845530509949,0.4117524027824402,-0.35206711292266846,0.14552226662635803,0.3883133828639984,-0.4634248912334442,0.028483634814620018,0.6378458738327026,-0.5096737742424011,0.06361867487430573,0.768764853477478,-0.5022472739219666,0.08457016199827194,0.8684560656547546,-0.486868292093277,0.09350528568029404,0.4486739933490753,-0.30525848269462585,0.02583358809351921,0.5279673933982849,-0.36680275201797485,0.09078611433506012,0.44995492696762085,-0.3769098222255707,0.1284334510564804,0.3887920677661896,-0.3625240623950958,0.14150765538215637,0.4603614807128906,-0.15450787544250488,0.03230175003409386,0.47195926308631897,-0.24220120906829834,0.10544374585151672,0.40522336959838867,-0.24173009395599365,0.12857724726200104,0.34249019622802734,-0.2215358316898346,0.12435466796159744,0.45192378759384155,-0.03617585822939873,0.042223043739795685,0.4582575559616089,-0.1236148327589035,0.10710199922323227,0.40639176964759827,-0.11845339834690094,0.13895046710968018,0.34965237975120544,-0.09345902502536774,0.15386560559272766,0.0,0.0,0.0,-0.12614557147026062,-0.16793328523635864,0.05509515479207039,-0.1467202603816986,-0.3573480546474457,0.08666698634624481,-0.13628309965133667,-0.48510998487472534,0.09523848444223404,-0.10780929028987885,-0.5666550993919373,0.10115426778793335,-0.0014351868303492665,-0.532821774482727,0.1264839768409729,-0.05187765881419182,-0.6998563408851624,0.12902972102165222,-0.10119476169347763,-0.8249983787536621,0.11573609709739685,-0.1364227831363678,-0.932727038860321,0.09847959876060486,0.03441161662340164,-0.5352494716644287,0.0675889179110527,-0.03818240016698837,-0.7273277640342712,0.05963216349482536,-0.09389544278383255,-0.8696703314781189,0.0358736626803875,-0.1356573849916458,-0.9906200170516968,0.016402622684836388,0.05043014883995056,-0.5159304738044739,0.0019515319727361202,-0.03047381341457367,-0.717417299747467,-0.023887259885668755,-0.0889994278550148,-0.8621017336845398,-0.04487054422497749,-0.12985600531101227,-0.9848389029502869,-0.05867792293429375,0.04128056764602661,-0.48850494623184204,-0.06293463706970215,-0.02564367465674877,-0.6780676245689392,-0.0961809977889061,-0.06938011199235916,-0.8006402254104614,-0.11268600821495056,-0.10122253000736237,-0.9092200994491577,-0.12347812205553055,COLD
0.0,0.0,0.0,0.04801388457417488,-0.30538666248321533,0.05965973809361458,0.19492952525615692,-0.5005308985710144,0.10508222132921219,0.33394867181777954,-0.4879726469516754,0.14522473514080048,0.4097294509410858,-0.36723819375038147,0.17669764161109924,0.39614829421043396,-0.4582436978816986,0.04282660782337189,0.6379047632217407,-0.5024815201759338,0.08938395231962204,0.7664246559143066,-0.4974043667316437,0.11458596587181091,0.8657311201095581,-0.4843972623348236,0.12597139179706573,0.45268818736076355,-0.2964596152305603,0.04412931576371193,0.5151968002319336,-0.36868056654930115,0.12295170873403549,0.4357624351978302,-0.3855060636997223,0.16206583380699158,0.37503382563591003,-0.37008923292160034,0.1738080233335495,0.45610755681991577,-0.14445637166500092,0.05526204779744148,0.4596143066883087,-0.24496200680732727,0.1362513303756714,0.391811728477478,-0.2494659125804901,0.15397994220256805,0.3287590742111206,-0.22803756594657898,0.14486974477767944,0.4433284401893616,-0.027275530621409416,0.07133081555366516,0.44390439987182617,-0.12554700672626495,0.1416085958480835,0.39089590311050415,-0.12539035081863403,0.17143405973911285,0.33198559284210205,-0.09955384582281113,0.1837007850408554,0.0,0.0,0.0,-0.125214621424675,-0.17438066005706787,0.0819401815533638,-0.14707249402999878,-0.35675546526908875,0.12556633353233337,-0.14142148196697235,-0.4791314899921417,0.13981664180755615,-0.11532263457775116,-0.5639835596084595,0.1496853232383728,-0.009915216825902462,-0.5319226384162903,0.16293920576572418,-0.0576668381690979,-0.7008860111236572,0.1767898052930832,-0.10610087960958481,-0.8246752619743347,0.1704866588115692,-0.139975905418396,-0.9322376251220703,0.15700452029705048,0.025511326268315315,-0.5359843373298645,0.0895848348736763,-0.04310838505625725,-0.7293576002120972,0.09064208716154099,-0.09896336495876312,-0.8714216947555542,0.070768341422081,-0.13982434570789337,-0.9887367486953735,0.05337508022785187,0.04254692420363426,-0.5165745615959167,0.01016732957214117,-0.03460531681776047,-0.7199894189834595,-0.00976513884961605,-0.09231932461261749,-0.8637216687202454,-0.027562333270907402,-0.13155880570411682,-0.9848222732543945,-0.04024584963917732,0.035725828260183334,-0.4896828234195709,-0.06669309735298157,-0.028893686830997467,-0.6841655373573303,-0.09882063418626785,-0.07214923202991486,-0.8073714375495911,-0.11442697793245316,-0.1034894660115242,-0.9153117537498474,-0.12508592009544373,COLD
0.0,0.0,0.0,0.04782317206263542,-0.3099324405193329,0.06738775223493576,0.1906084418296814,-0.5016736388206482,0.11524467170238495,0.3286285698413849,-0.4929961860179901,0.1578104943037033,0.40513700246810913,-0.37685060501098633,0.1913786083459854,0.3929445743560791,-0.4543149173259735,0.04439383000135422,0.6365116238594055,-0.5021370053291321,0.09048368036746979,0.7657421827316284,-0.49656954407691956,0.11427995562553406,0.8666936159133911,-0.4828838109970093,0.12516167759895325,0.4492649734020233,-0.29112130403518677,0.04495946690440178,0.5149601697921753,-0.36841416358947754,0.13092710077762604,0.43539321422576904,-0.38594552874565125,0.17598184943199158,0.3757022023200989,-0.3674778938293457,0.18974904716014862,0.45194634795188904,-0.13837391138076782,0.05574845150113106,0.45898136496543884,-0.24241280555725098,0.1433580070734024,0.39118027687072754,-0.24850240349769592,0.16410110890865326,0.32921281456947327,-0.22454415261745453,0.15477724373340607,0.4381435513496399,-0.019505677744746208,0.07228510081768036,0.4443434178829193,-0.11934240162372589,0.14854691922664642,0.39062321186065674,-0.12031868100166321,0.1814463585615158,0.3292650282382965,-0.09341023862361908,0.19420462846755981,0.0,0.0,0.0,-0.12623584270477295,-0.17271123826503754,0.05761975795030594,-0.1481955498456955,-0.3574664890766144,0.09245901554822922,-0.13994170725345612,-0.48354578018188477,0.10401459038257599,-0.11122075468301773,-0.5638269782066345,0.11231566965579987,-0.01155950129032135,-0.528042197227478,0.1299593448638916,-0.057919371873140335,-0.6991773843765259,0.13323768973350525,-0.10454624891281128,-0.8255987167358398,0.12095951288938522,-0.13775134086608887,-0.9340932369232178,0.1047375500202179,0.02385867014527321,-0.5301141142845154,0.07058277726173401,-0.043174952268600464,-0.7231601476669312,0.06110343337059021,-0.09654051065444946,-0.8671761751174927,0.035704806447029114,-0.1374465376138687,-0.9903792142868042,0.016042524948716164,0.043134190142154694,-0.5104873776435852,0.004735322669148445,-0.032936811447143555,-0.7123770117759705,-0.02355007641017437,-0.08874987810850143,-0.8572003245353699,-0.04721022769808769,-0.12830772995948792,-0.9802866578102112,-0.06134115159511566,0.03950115665793419,-0.48321953415870667,-0.059733886271715164,-0.02526000514626503,-0.6783615946769714,-0.09614045917987823,-0.06799572706222534,-0.8012209534645081,-0.11456480622291565,-0.09931708872318268,-0.9084675908088684,-0.12573020160198212,COLD
0.0,0.0,0.0,0.04693695157766342,-0.3081865608692169,0.07383791357278824,0.18980956077575684,-0.4983258843421936,0.127870574593544,0.3280293047428131,-0.49618813395500183,0.1777794063091278,0.407718688249588,-0.38913795351982117,0.2188771516084671,0.3929213285446167,-0.4528937339782715,0.051932863891124725,0.6367078423500061,-0.49838435649871826,0.104474276304245,0.7636227011680603,-0.4937276542186737,0.1297646462917328,0.8647832870483398,-0.4818628430366516,0.14127318561077118,0.4494663178920746,-0.28784364461898804,0.05554148927330971,0.510190486907959,-0.3661210834980011,0.15467190742492676,0.4291805326938629,-0.3847874701023102,0.20404233038425446,0.37111371755599976,-0.36794623732566833,0.21820248663425446,0.44966599345207214,-0.13482007384300232,0.07004617154598236,0.45412594079971313,-0.24054452776908875,0.1694299429655075,0.3846437335014343,-0.24696829915046692,0.18903623521327972,0.32338833808898926,-0.22329962253570557,0.17600977420806885,0.43464967608451843,-0.016797740012407303,0.09123527258634567,0.4400944411754608,-0.11581654846668243,0.17528709769248962,0.3868166208267212,-0.11757218092679977,0.20717327296733856,0.3258143365383148,-0.09139205515384674,0.2173449546098709,0.0,0.0,0.0,-0.12392552196979523,-0.1684095710515976,0.0617540180683136,-0.1482360064983368,-0.35731053352355957,0.09803246706724167,-0.14032380282878876,-0.483240008354187,0.10994888842105865,-0.11200443655252457,-0.5608655214309692,0.11833442002534866,-0.012597479857504368,-0.5283717513084412,0.13484972715377808,-0.059017423540353775,-0.6936230063438416,0.13877128064632416,-0.10671332478523254,-0.8196637034416199,0.125182643532753,-0.14008449018001556,-0.9283143877983093,0.10689949244260788,0.023240933194756508,-0.5321632027626038,0.07276666909456253,-0.046097226440906525,-0.7222724556922913,0.06465024501085281,-0.10027344524860382,-0.8667744994163513,0.03863317891955376,-0.14061835408210754,-0.9899132251739502,0.01727154664695263,0.04175083711743355,-0.5136721134185791,0.004404499661177397,-0.03566771000623703,-0.7120290398597717,-0.02212730422616005,-0.09134748578071594,-0.8559681177139282,-0.045953113585710526,-0.1302705556154251,-0.9803872108459473,-0.062108591198921204,0.037909310311079025,-0.4858439564704895,-0.06256314367055893,-0.02457420714199543,-0.6710864901542664,-0.09838885068893433,-0.06673771888017654,-0.7902328968048096,-0.11788441240787506,-0.09814982861280441,-0.8980772495269775,-0.13128045201301575,COLD
0.0,0.0,0.0,0.04378887638449669,-0.30806228518486023,0.07354274392127991,0.18643628060817719,-0.49864402413368225,0.1295699030160904,0.32372868061065674,-0.49725690484046936,0.18187136948108673,0.4016996920108795,-0.3932066857814789,0.22546134889125824,0.3939397931098938,-0.45029404759407043,0.05159950628876686,0.6388354301452637,-0.49980923533439636,0.10316713899374008,0.7651418447494507,-0.4951636493206024,0.128871887922287,0.8647618889808655,-0.4818703234195709,0.1413785219192505,0.4498860239982605,-0.2861012816429138,0.055751290172338486,0.5089645385742188,-0.3685486614704132,0.1519896537065506,0.4266972243785858,-0.38742804527282715,0.20047755539417267,0.36921581625938416,-0.37000325322151184,0.21494686603546143,0.45069757103919983,-0.13504834473133087,0.07073123008012772,0.45169901847839355,-0.24629947543144226,0.16671118140220642,0.38109368085861206,-0.251567006111145,0.18552541732788086,0.3213190734386444,-0.2262071818113327,0.17309051752090454,0.4367070198059082,-0.02020259015262127,0.09259968996047974,0.4418593645095825,-0.12499280273914337,0.17327013611793518,0.3858104646205902,-0.12781213223934174,0.20438429713249207,0.32442381978034973,-0.10076303780078888,0.21495498716831207,0.0,0.0,0.0,-0.1272130310535431,-0.17488372325897217,0.0799749419093132,-0.15015588700771332,-0.36160701513290405,0.12895424664020538,-0.14368382096290588,-0.4875008761882782,0.15034139156341553,-0.11838511377573013,-0.5627308487892151,0.1671776920557022,-0.01898813806474209,-0.5287078619003296,0.162944495677948,-0.06387322396039963,-0.6961603760719299,0.1770326793193817,-0.11201111972332001,-0.8213569521903992,0.17014209926128387,-0.14606495201587677,-0.9281444549560547,0.15589958429336548,0.01525444258004427,-0.5332408547401428,0.09450147300958633,-0.05094920098781586,-0.7253673076629639,0.09358572959899902,-0.10518655180931091,-0.8676028847694397,0.0707085132598877,-0.14667674899101257,-0.9878433346748352,0.05149281769990921,0.03498809039592743,-0.5153380036354065,0.020128712058067322,-0.038840681314468384,-0.7162417769432068,-0.002184676006436348,-0.09501207619905472,-0.8587756156921387,-0.025768650695681572,-0.1347818523645401,-0.9820141196250916,-0.042085640132427216,0.034754350781440735,-0.4906094968318939,-0.051320742815732956,-0.027938442304730415,-0.6778268218040466,-0.08739933371543884,-0.07135947793722153,-0.7976294755935669,-0.10898294299840927,-0.10377684235572815,-0.9064468741416931,-0.12397348880767822,COLD
0.0,0.0,0.0,0.04393545538187027,-0.3096107542514801,0.06437622010707855,0.18870650231838226,-0.5002056956291199,0.11646196991205215,0.3259955048561096,-0.4956919252872467,0.16533151268959045,0.40053385496139526,-0.38444775342941284,0.20595033466815948,0.39170801639556885,-0.4526415169239044,0.04122656583786011,0.6377655863761902,-0.5006324648857117,0.08341585099697113,0.7672314643859863,-0.49672845005989075,0.10430987924337387,0.8692592978477478,-0.48105525970458984,0.11390437185764313,0.44832003116607666,-0.2856682240962982,0.04440731182694435,0.5132486820220947,-0.3677102029323578,0.12819083034992218,0.431792676448822,-0.3870939314365387,0.17368032038211823,0.372483491897583,-0.367783784866333,0.18841417133808136,0.45033523440361023,-0.13309313356876373,0.056822407990694046,0.4531553089618683,-0.24313534796237946,0.1404372900724411,0.38440975546836853,-0.24834424257278442,0.15918412804603577,0.32337984442710876,-0.22162872552871704,0.1498141586780548,0.4361637830734253,-0.016428451985120773,0.07486164569854736,0.4439682364463806,-0.12034738808870316,0.14455945789813995,0.39063507318496704,-0.12158036977052689,0.17320474982261658,0.3296146094799042,-0.09288165718317032,0.18403764069080353,0.0,0.0,0.0,-0.12911516427993774,-0.1695428043603897,0.05868779867887497,-0.15116159617900848,-0.3604066073894501,0.09758125990629196,-0.14163129031658173,-0.49013209342956543,0.11368716508150101,-0.11255742609500885,-0.5593448281288147,0.1259271651506424,-0.017974132671952248,-0.5290346741676331,0.13140998780727386,-0.06386228650808334,-0.6944063901901245,0.13725720345973969,-0.11176210641860962,-0.8201043605804443,0.12641684710979462,-0.14493951201438904,-0.9268331527709961,0.11018982529640198,0.01719597354531288,-0.5325518846511841,0.07352260500192642,-0.050115302205085754,-0.7225484848022461,0.06487837433815002,-0.10342513024806976,-0.865195095539093,0.03961683064699173,-0.14303192496299744,-0.9895212054252625,0.019742313772439957,0.03837481886148453,-0.5126329064369202,0.009442068636417389,-0.03804809972643852,-0.712336003780365,-0.019621334969997406,-0.09380611032247543,-0.8586975336074829,-0.04630158096551895,-0.1327134221792221,-0.9856012463569641,-0.06307810544967651,0.03834538534283638,-0.4853001832962036,-0.052913714200258255,-0.025613021105527878,-0.6749921441078186,-0.09257607907056808,-0.06903485953807831,-0.7960949540138245,-0.11568177491426468,-0.10131483525037766,-0.9043787121772766,-0.130868598818779,COLD
0.0,0.0,0.0,0.04421738162636757,-0.3066243529319763,0.06335356086492538,0.1902742236852646,-0.49739590287208557,0.11213084310293198,0.3293971121311188,-0.4905601739883423,0.1575774848461151,0.4022110402584076,-0.3799963593482971,0.19459685683250427,0.3952537178993225,-0.4451829195022583,0.032752521336078644,0.6407744288444519,-0.49541211128234863,0.0702972412109375,0.7702178359031677,-0.4928022027015686,0.08815688639879227,0.8726502060890198,-0.4788903594017029,0.09563340991735458,0.4518570601940155,-0.27701234817504883,0.03476518392562866,0.5159698128700256,-0.36506330966949463,0.1170765832066536,0.4353417158126831,-0.38618189096450806,0.16475890576839447,0.3774559497833252,-0.3659806251525879,0.18023814260959625,0.4529722332954407,-0.1267525851726532,0.04599163681268692,0.4575299620628357,-0.2409256100654602,0.12835091352462769,0.39078086614608765,-0.2493605762720108,0.1508500576019287,0.329529732465744,-0.22203698754310608,0.14354486763477325,0.43744462728500366,-0.011537566781044006,0.06258455663919449,0.4475878179073334,-0.11770284175872803,0.13139298558235168,0.3948315978050232,-0.1205538883805275,0.16260193288326263,0.33407455682754517,-0.09109344333410263,0.17498289048671722,0.0,0.0,0.0,-0.12317237257957458,-0.1584136188030243,0.04995713010430336,-0.14871788024902344,-0.35579174757003784,0.0856739953160286,-0.13892289996147156,-0.4840511381626129,0.10007588565349579,-0.10882482677698135,-0.5521237254142761,0.11137545853853226,-0.016765953972935677,-0.534228503704071,0.12480758875608444,-0.061195582151412964,-0.6962831020355225,0.12922193109989166,-0.1076551005244255,-0.8226361870765686,0.11724108457565308,-0.13962110877037048,-0.929505467414856,0.10022375732660294,0.01900629885494709,-0.5362880229949951,0.06999155133962631,-0.04623669385910034,-0.721873939037323,0.0597294345498085,-0.09735926985740662,-0.8646560907363892,0.0328613817691803,-0.13697056472301483,-0.9904944896697998,0.01263499353080988,0.042302291840314865,-0.5151510238647461,0.008521795272827148,-0.03366187959909439,-0.7091589570045471,-0.02215769700706005,-0.08710500597953796,-0.8534786701202393,-0.048622287809848785,-0.12639062106609344,-0.9810391068458557,-0.0640067607164383,0.04387763887643814,-0.48454543948173523,-0.05208916589617729,-0.02442415989935398,-0.6719189882278442,-0.09028290957212448,-0.06758258491754532,-0.7913091778755188,-0.11088445782661438,-0.09926336258649826,-0.8998583555221558,-0.12351196259260178,COLD
0.0,0.0,0.0,0.04109567776322365,-0.3125356137752533,0.0658140704035759,0.18770341575145721,-0.49706193804740906,0.11365286260843277,0.32550904154777527,-0.48284825682640076,0.15750713646411896,0.4012955129146576,-0.37838783860206604,0.19212806224822998,0.39623135328292847,-0.44810739159584045,0.041178591549396515,0.6403568983078003,-0.4951670467853546,0.0847826600074768,0.7695807814598083,-0.4894152879714966,0.10360822081565857,0.8730010390281677,-0.47492891550064087,0.11095787584781647,0.45277073979377747,-0.2804699242115021,0.045052703469991684,0.5142271518707275,-0.364303320646286,0.13642065227031708,0.4332121014595032,-0.38806021213531494,0.18490907549858093,0.37415066361427307,-0.3712412118911743,0.1993781179189682,0.45159950852394104,-0.1299968808889389,0.05857178568840027,0.4545724093914032,-0.24031685292720795,0.15122443437576294,0.3863394558429718,-0.2504553496837616,0.17265568673610687,0.3244207501411438,-0.22475528717041016,0.16211934387683868,0.4356482923030853,-0.01653619483113289,0.07769177854061127,0.44138649106025696,-0.1173737421631813,0.1552993208169937,0.3865986764431,-0.122052863240242,0.18703587353229523,0.3256044089794159,-0.09530080109834671,0.19815394282341003,0.0,0.0,0.0,-0.1257535219192505,-0.16964849829673767,0.07882533222436905,-0.1491357684135437,-0.3619728982448578,0.1297784298658371,-0.14122967422008514,-0.48751887679100037,0.15302105247974396,-0.11538227647542953,-0.5605924725532532,0.171777606010437,-0.02264006994664669,-0.5312524437904358,0.16670288145542145,-0.06549867242574692,-0.6971602439880371,0.18387050926685333,-0.11128456890583038,-0.8217698335647583,0.18009203672409058,-0.14266999065876007,-0.9281637072563171,0.1678868532180786,0.013335345312952995,-0.5337041616439819,0.09765885025262833,-0.048770833760499954,-0.7227705121040344,0.09676066040992737,-0.09976860135793686,-0.8661113977432251,0.07431469112634659,-0.14016205072402954,-0.9884938597679138,0.056872520595788956,0.03693678230047226,-0.5128911137580872,0.02232690528035164,-0.03676106408238411,-0.709664523601532,-0.0032021033111959696,-0.09057514369487762,-0.8541694283485413,-0.02738475427031517,-0.1300465315580368,-0.9811781048774719,-0.04179023951292038,0.039792124181985855,-0.4856026768684387,-0.05008566007018089,-0.028733855113387108,-0.677214503288269,-0.0895271822810173,-0.07328126579523087,-0.7991626858711243,-0.11183350533246994,-0.10611158609390259,-0.9087036848068237,-0.12573395669460297,COLD
0.0,0.0,0.0,0.04519832879304886,-0.3135944902896881,0.07701551169157028,0.18958519399166107,-0.4917919337749481,0.14299289882183075,0.32465842366218567,-0.4796374440193176,0.20884910225868225,0.4028267562389374,-0.38187509775161743,0.2670164406299591,0.3980284631252289,-0.44644439220428467,0.06349986791610718,0.6384750008583069,-0.49104875326156616,0.12599769234657288,0.7623239159584045,-0.4874503016471863,0.1527460217475891,0.8634536862373352,-0.47676607966423035,0.16474772989749908,0.4489281177520752,-0.27559778094291687,0.07562686502933502,0.5085841417312622,-0.3620190918445587,0.19673331081867218,0.4236226975917816,-0.38645604252815247,0.25498655438423157,0.3626227080821991,-0.37147438526153564,0.271230548620224,0.44265881180763245,-0.12536455690860748,0.09793203324079514,0.4471418261528015,-0.2365647256374359,0.21500511467456818,0.3714439868927002,-0.24617554247379303,0.23306439816951752,0.31066417694091797,-0.21995379030704498,0.21484820544719696,0.42837440967559814,-0.011729320511221886,0.12746626138687134,0.4345623850822449,-0.11179127544164658,0.21981100738048553,0.3775785565376282,-0.11732570081949234,0.24758774042129517,0.3158402442932129,-0.09096558392047882,0.2522051930427551,0.0,0.0,0.0,-0.13083510100841522,-0.17733950912952423,0.08303406834602356,-0.15300580859184265,-0.36448195576667786,0.13760104775428772,-0.14788644015789032,-0.49142396450042725,0.1652218997478485,-0.12487001717090607,-0.5642378926277161,0.1884375959634781,-0.018671786412596703,-0.524743914604187,0.16900023818016052,-0.06693241000175476,-0.6930904984474182,0.18875578045845032,-0.11587880551815033,-0.8179588913917542,0.1867898553609848,-0.14842967689037323,-0.9245967864990234,0.17617106437683105,0.016383515670895576,-0.5289694666862488,0.10167291015386581,-0.054392009973526,-0.7224547863006592,0.10496555268764496,-0.10943471640348434,-0.865016520023346,0.08549067378044128,-0.14876973628997803,-0.9864388108253479,0.06932629644870758,0.03529411554336548,-0.5099872946739197,0.028643731027841568,-0.04533422365784645,-0.7118643522262573,0.008255619555711746,-0.10172293335199356,-0.855549693107605,-0.013869039714336395,-0.1383984088897705,-0.9809095859527588,-0.028187453746795654,0.03151923418045044,-0.4862142503261566,-0.04093252122402191,-0.03387131914496422,-0.67939692735672,-0.07737787067890167,-0.075799860060215,-0.8006676435470581,-0.0992712751030922,-0.1047341376543045,-0.9089476466178894,-0.1136186420917511,COLD
0.0,0.0,0.0,0.047896090894937515,-0.3076901435852051,0.08315593749284744,0.1925312578678131,-0.4835895597934723,0.13912996649742126,0.32629382610321045,-0.47383108735084534,0.18944327533245087,0.40242472290992737,-0.37337684631347656,0.22988131642341614,0.39166542887687683,-0.44605395197868347,0.05501409247517586,0.638842761516571,-0.4925175905227661,0.1091034859418869,0.7650511264801025,-0.48670607805252075,0.13321958482265472,0.8682059645652771,-0.4752082824707031,0.14281268417835236,0.44718417525291443,-0.27825090289115906,0.054737016558647156,0.5158064961433411,-0.35638627409935,0.16337591409683228,0.43408849835395813,-0.37501952052116394,0.21885620057582855,0.3737029731273651,-0.3584010899066925,0.2338799238204956,0.44520342350006104,-0.12419213354587555,0.06552407890558243,0.448787122964859,-0.22587549686431885,0.17757195234298706,0.3793741762638092,-0.22895659506320953,0.1994929164648056,0.31891632080078125,-0.20216050744056702,0.1827511042356491,0.43058282136917114,-0.007706018630415201,0.08313557505607605,0.43325090408325195,-0.0988655537366867,0.1744430959224701,0.3802107870578766,-0.09702954441308975,0.20533686876296997,0.31986767053604126,-0.06929492950439453,0.2112671136856079,0.0,0.0,0.0,-0.12588496506214142,-0.16385529935359955,0.05809684842824936,-0.15013225376605988,-0.35739651322364807,0.09879418462514877,-0.14112360775470734,-0.4844830334186554,0.1168479174375534,-0.11444414407014847,-0.5518087148666382,0.13197645545005798,-0.014780092053115368,-0.5357055068016052,0.1386241316795349,-0.0612010732293129,-0.6981782913208008,0.14776064455509186,-0.10875892639160156,-0.8247663378715515,0.13964742422103882,-0.1405031532049179,-0.9307149052619934,0.12534615397453308,0.019694920629262924,-0.5381500720977783,0.08069530129432678,-0.0482587032020092,-0.7247743010520935,0.07364014536142349,-0.10038924217224121,-0.8659093379974365,0.050593577325344086,-0.13980801403522491,-0.9896057844161987,0.03367612138390541,0.04095885530114174,-0.5179377198219299,0.016027018427848816,-0.03807590901851654,-0.7130393385887146,-0.01209824625402689,-0.09256003797054291,-0.8551351428031921,-0.03430839255452156,-0.13082747161388397,-0.9825935959815979,-0.04635964706540108,0.04132339358329773,-0.48896628618240356,-0.047370173037052155,-0.028248339891433716,-0.6778374910354614,-0.08469156920909882,-0.0715133547782898,-0.7982387542724609,-0.10356497019529343,-0.10151554644107819,-0.9094161987304688,-0.11447519809007645,COLD
0.0,0.0,0.0,0.04820132628083229,-0.312186598777771,0.06575983017683029,0.19329631328582764,-0.4930135905742645,0.11798971891403198,0.32972657680511475,-0.47979071736335754,0.16813868284225464,0.40350890159606934,-0.377529501914978,0.20978130400180817,0.3980403244495392,-0.44425755739212036,0.03869309648871422,0.6412585973739624,-0.49317866563796997,0.08346100151538849,0.7695748805999756,-0.48930612206459045,0.10410933941602707,0.8716634511947632,-0.4769139587879181,0.11294239014387131,0.449954092502594,-0.2745143473148346,0.04416196048259735,0.5206920504570007,-0.3617580831050873,0.13947294652462006,0.4412217140197754,-0.38560590147972107,0.19242453575134277,0.3805348873138428,-0.3690737783908844,0.2092730700969696,0.44601404666900635,-0.12380281835794449,0.05874577909708023,0.45210000872612,-0.23494409024715424,0.1528317630290985,0.3838191032409668,-0.2435055822134018,0.1725565493106842,0.3222057819366455,-0.21735085546970367,0.1602092683315277,0.4286050498485565,-0.01004368532449007,0.07917224615812302,0.43349799513816833,-0.11290755867958069,0.15437032282352448,0.3801416754722595,-0.11537720263004303,0.18161870539188385,0.3186568021774292,-0.08781049400568008,0.18904125690460205,0.0,0.0,0.0,-0.12197284400463104,-0.162802591919899,0.05760963261127472,-0.14419449865818024,-0.36035144329071045,0.09703528881072998,-0.13550440967082977,-0.48655810952186584,0.11350972205400467,-0.11032091826200485,-0.5580892562866211,0.1266833245754242,-0.0168908704072237,-0.5361606478691101,0.1316792219877243,-0.06058577448129654,-0.6999739408493042,0.13767927885055542,-0.10698702186346054,-0.8248063921928406,0.1278061419725418,-0.138693705201149,-0.9303702116012573,0.11251800507307053,0.018592484295368195,-0.5388592481613159,0.07314170897006989,-0.04614091292023659,-0.7241988182067871,0.06528932601213455,-0.09771770983934402,-0.8663896322250366,0.041502390056848526,-0.13843876123428345,-0.9900947213172913,0.023392120376229286,0.04233579710125923,-0.5178167819976807,0.00816828478127718,-0.03402094170451164,-0.7119470834732056,-0.020113810896873474,-0.08735708147287369,-0.8537155985832214,-0.04313324764370918,-0.12663905322551727,-0.9783871173858643,-0.05662010610103607,0.045054841786623,-0.4874509572982788,-0.055635564029216766,-0.022583216428756714,-0.6729310750961304,-0.0943884328007698,-0.0655188113451004,-0.7931857109069824,-0.11488059163093567,-0.09725615382194519,-0.9022037982940674,-0.12730203568935394,COLD
0.0,0.0,0.0,0.04791000857949257,-0.3125309944152832,0.06776650995016098,0.19750824570655823,-0.49385836720466614,0.12432469427585602,0.33221855759620667,-0.4796628952026367,0.17976385354995728,0.4065992534160614,-0.37753432989120483,0.22717447578907013,0.39797231554985046,-0.4423697888851166,0.04484536126255989,0.6388976573944092,-0.49467936158180237,0.09518955647945404,0.7648360729217529,-0.49234089255332947,0.11804796010255814,0.8673714399337769,-0.48100459575653076,0.12767678499221802,0.4512009918689728,-0.2742532789707184,0.05267205461859703,0.5180773138999939,-0.3642697036266327,0.15477992594242096,0.4357946217060089,-0.38870471715927124,0.20885351300239563,0.3767629563808441,-0.371406227350235,0.2249348908662796,0.4488108456134796,-0.12542901933193207,0.06978073716163635,0.45854267477989197,-0.23886074125766754,0.16985473036766052,0.3879612982273102,-0.2489248812198639,0.1891150027513504,0.32728254795074463,-0.22442445158958435,0.17469409108161926,0.43311169743537903,-0.013107496313750744,0.0930149257183075,0.4409838318824768,-0.11511743813753128,0.17350856959819794,0.3885518014431,-0.11841218918561935,0.20087024569511414,0.32769903540611267,-0.09210383892059326,0.20687229931354523,0.0,0.0,0.0,-0.125679612159729,-0.1662663221359253,0.06001758575439453,-0.14984266459941864,-0.3637685775756836,0.10077020525932312,-0.14260026812553406,-0.490701287984848,0.11813224107027054,-0.11518805474042892,-0.5577926635742188,0.13249637186527252,-0.018395237624645233,-0.536335289478302,0.13838526606559753,-0.06347353756427765,-0.6992806196212769,0.1463707685470581,-0.11071603000164032,-0.8246001601219177,0.13652785122394562,-0.14317606389522552,-0.9309237003326416,0.12073453515768051,0.016631871461868286,-0.5393974184989929,0.07932528853416443,-0.05127429589629173,-0.7243963479995728,0.07333479821681976,-0.10349402576684952,-0.8660120368003845,0.049665939062833786,-0.14358167350292206,-0.9891527891159058,0.031001633033156395,0.03830691799521446,-0.5191441774368286,0.01372507680207491,-0.039809130132198334,-0.7127555012702942,-0.012134557589888573,-0.09431891143321991,-0.8541063666343689,-0.03503401577472687,-0.13302569091320038,-0.9784756302833557,-0.049365244805812836,0.0394500270485878,-0.4906936287879944,-0.05069843679666519,-0.026465410366654396,-0.674024760723114,-0.08691424876451492,-0.06943054497241974,-0.7928294539451599,-0.10706876218318939,-0.10099931806325912,-0.9007032513618469,-0.12010613083839417,COLD
0.0,0.0,0.0,0.048669684678316116,-0.3131856620311737,0.07553110271692276,0.19327513873577118,-0.4937482178211212,0.1340697705745697,0.3269260823726654,-0.4806029796600342,0.19017867743968964,0.4023779034614563,-0.377078115940094,0.23774075508117676,0.3977314233779907,-0.44421395659446716,0.05303187295794487,0.6372445821762085,-0.49496710300445557,0.10694723576307297,0.7625937461853027,-0.49151715636253357,0.13200044631958008,0.8643395304679871,-0.4821561872959137,0.14297734200954437,0.45013749599456787,-0.2765287160873413,0.05959819629788399,0.5210759043693542,-0.36123955249786377,0.16698892414569855,0.43925562500953674,-0.3841252326965332,0.2242521494626999,0.3786378800868988,-0.3698483407497406,0.24159713089466095,0.44576597213745117,-0.12469680607318878,0.07625215500593185,0.46004942059516907,-0.23254720866680145,0.18203669786453247,0.3892817795276642,-0.24298113584518433,0.20358526706695557,0.32734212279319763,-0.2195585072040558,0.18926438689231873,0.4287194013595581,-0.008615645579993725,0.09981753677129745,0.43676480650901794,-0.10668908059597015,0.18485286831855774,0.38185957074165344,-0.11364118754863739,0.21395143866539001,0.3187788128852844,-0.09048757702112198,0.22023150324821472,0.0,0.0,0.0,-0.12582875788211823,-0.16018538177013397,0.04428519308567047,-0.15017655491828918,-0.36034777760505676,0.07684716582298279,-0.14126469194889069,-0.490000456571579,0.08975653350353241,-0.11411088705062866,-0.5597146153450012,0.10089956969022751,-0.017498958855867386,-0.5319998264312744,0.11724887043237686,-0.06481226533651352,-0.6927366256713867,0.11961079388856888,-0.11177778989076614,-0.8192819356918335,0.10612268000841141,-0.14385034143924713,-0.9267838597297668,0.08818665891885757,0.017410865053534508,-0.5362390279769897,0.06633272022008896,-0.05316995829343796,-0.720833957195282,0.05612025409936905,-0.10484059900045395,-0.8626116514205933,0.030047733336687088,-0.14366930723190308,-0.9895771741867065,0.009805582463741302,0.03782292827963829,-0.5177473425865173,0.008701061829924583,-0.04183502867817879,-0.7099628448486328,-0.0194564089179039,-0.09526319801807404,-0.8512802124023438,-0.0441448874771595,-0.13334152102470398,-0.9775351881980896,-0.05947888270020485,0.03713502734899521,-0.4900377690792084,-0.04876544326543808,-0.028857864439487457,-0.6690967082977295,-0.083033986389637,-0.07106614112854004,-0.7844621539115906,-0.10190945863723755,-0.10198581963777542,-0.8906704783439636,-0.11426286399364471,COLD
0.0,0.0,0.0,0.04613498970866203,-0.31471431255340576,0.062071751803159714,0.19573073089122772,-0.5056242942810059,0.1124325692653656,0.3366403877735138,-0.49555256962776184,0.16085316240787506,0.41130584478378296,-0.38403502106666565,0.20150519907474518,0.39418482780456543,-0.4495973587036133,0.03726455941796303,0.6352227330207825,-0.5026110410690308,0.08175871521234512,0.7616707682609558,-0.5002253651618958,0.10457281023263931,0.8636213541030884,-0.4909383952617645,0.11461946368217468,0.45241236686706543,-0.2827994227409363,0.04340531677007675,0.5272254347801208,-0.368970662355423,0.13468366861343384,0.4476677179336548,-0.389864057302475,0.18800945580005646,0.3866324722766876,-0.3726712763309479,0.20638898015022278,0.4545966684818268,-0.1310999095439911,0.0583193339407444,0.4687841534614563,-0.24239952862262726,0.14756052196025848,0.4003409445285797,-0.2520863115787506,0.1693451702594757,0.33710137009620667,-0.2277611792087555,0.16000086069107056,0.4390282928943634,-0.014174132607877254,0.07877283543348312,0.4501383900642395,-0.11365260928869247,0.15207453072071075,0.39782050251960754,-0.11862622946500778,0.18026350438594818,0.3354656994342804,-0.09318270534276962,0.18891410529613495,0.0,0.0,0.0,-0.125606507062912,-0.16088587045669556,0.05068247765302658,-0.149055615067482,-0.3581605851650238,0.08693810552358627,-0.13922974467277527,-0.48557305335998535,0.10163004696369171,-0.11309967190027237,-0.5576772689819336,0.11411502957344055,-0.02033563144505024,-0.5372825860977173,0.13063549995422363,-0.0648902952671051,-0.698458194732666,0.13663457334041595,-0.11088850349187851,-0.8230315446853638,0.12455861270427704,-0.14350904524326324,-0.9297162294387817,0.1074620857834816,0.013240157626569271,-0.5415686964988708,0.07671497762203217,-0.05340178683400154,-0.7239032983779907,0.0698724314570427,-0.10426727682352066,-0.8641600012779236,0.044576358050107956,-0.1443328559398651,-0.9892159104347229,0.024898549541831017,0.034327346831560135,-0.5225872993469238,0.015825049951672554,-0.04161179065704346,-0.7138259410858154,-0.00953284464776516,-0.09407670050859451,-0.8529215455055237,-0.033100612461566925,-0.1330023854970932,-0.9764994978904724,-0.047723930329084396,0.036678727716207504,-0.4948611855506897,-0.04472082108259201,-0.027699634432792664,-0.6742208003997803,-0.07729349285364151,-0.07007905095815659,-0.7895134091377258,-0.09516880661249161,-0.10211202502250671,-0.8953332304954529,-0.10664211213588715,COLD
0.0,0.0,0.0,0.048580631613731384,-0.316853791475296,0.056874148547649384,0.20287464559078217,-0.5064910650253296,0.09943970292806625,0.34729233384132385,-0.4921468198299408,0.13901039958000183,0.42461758852005005,-0.3744939863681793,0.17075391113758087,0.39326319098472595,-0.4515482783317566,0.02600696310400963,0.635168731212616,-0.5073016881942749,0.0640338808298111,0.761419951915741,-0.5055595636367798,0.08549652248620987,0.8628785014152527,-0.49640265107154846,0.09500053524971008,0.4538928270339966,-0.28490543365478516,0.029061777517199516,0.5356625914573669,-0.37289077043533325,0.10812477767467499,0.45631033182144165,-0.39325207471847534,0.1581483781337738,0.39357414841651917,-0.3752037286758423,0.1769646257162094,0.45924291014671326,-0.13335391879081726,0.04101103916764259,0.4801831841468811,-0.2450430691242218,0.1218101903796196,0.4122089445590973,-0.25599604845046997,0.1474100947380066,0.3471766412258148,-0.23222045600414276,0.14298619329929352,0.4429109990596771,-0.017450187355279922,0.05760383605957031,0.46031662821769714,-0.11609656363725662,0.12684418261051178,0.4097641110420227,-0.12149708718061447,0.15820033848285675,0.3477908670902252,-0.09636946767568588,0.17054639756679535,0.0,0.0,0.0,-0.12555436789989471,-0.15635062754154205,0.059994909912347794,-0.15368595719337463,-0.36244696378707886,0.10487648844718933,-0.1443677693605423,-0.4938167631626129,0.12681452929973602,-0.11420699208974838,-0.5582224130630493,0.14598283171653748,-0.03198199346661568,-0.5406525135040283,0.14348047971725464,-0.07564537227153778,-0.6989806890487671,0.15704843401908875,-0.12021823227405548,-0.8206982612609863,0.15172415971755981,-0.15005019307136536,-0.9240507483482361,0.13831183314323425,0.003941373433917761,-0.5441531538963318,0.08507600426673889,-0.060415320098400116,-0.7268841862678528,0.0812486857175827,-0.11083467304706573,-0.8659944534301758,0.05874541401863098,-0.15038913488388062,-0.9877487421035767,0.04165862128138542,0.02848134934902191,-0.5218135118484497,0.020030608400702477,-0.046789053827524185,-0.7133443355560303,-0.0075370981357991695,-0.09997472167015076,-0.8544008731842041,-0.03288251906633377,-0.13904884457588196,-0.9809346199035645,-0.04764791578054428,0.03308288753032684,-0.490042120218277,-0.04339931160211563,-0.0339711531996727,-0.6762069463729858,-0.08231057971715927,-0.07728411257266998,-0.793414831161499,-0.10481874644756317,-0.109021857380867,-0.9001187682151794,-0.11887410283088684,COLD
0.0,0.0,0.0,0.04878268390893936,-0.3204669654369354,0.06607786566019058,0.19794169068336487,-0.5062201023101807,0.11643430590629578,0.34264612197875977,-0.49983668327331543,0.16284500062465668,0.4210059344768524,-0.3843630254268646,0.2015199065208435,0.3966327905654907,-0.45485037565231323,0.04648631066083908,0.6367921829223633,-0.5008146166801453,0.09385185688734055,0.7608557939529419,-0.49794092774391174,0.11997697502374649,0.8623629808425903,-0.4885914623737335,0.13269656896591187,0.4546196162700653,-0.28760048747062683,0.04906193166971207,0.531234622001648,-0.37021806836128235,0.13816028833389282,0.4494773745536804,-0.394396036863327,0.1898876279592514,0.38531041145324707,-0.37798503041267395,0.20909428596496582,0.45696282386779785,-0.1335979849100113,0.060961317270994186,0.47625136375427246,-0.24370244145393372,0.1501007378101349,0.4050377905368805,-0.25752177834510803,0.1747199445962906,0.3400390148162842,-0.23357059061527252,0.16877852380275726,0.44022637605667114,-0.014907410368323326,0.07832914590835571,0.4547339081764221,-0.11479193717241287,0.15619981288909912,0.40120893716812134,-0.12469378858804703,0.18927399814128876,0.33748745918273926,-0.10035905241966248,0.20187236368656158,0.0,0.0,0.0,-0.1269511878490448,-0.15602879226207733,0.05045096203684807,-0.15553241968154907,-0.35733187198638916,0.09030801802873611,-0.14489765465259552,-0.4916016757488251,0.10910909622907639,-0.11417017877101898,-0.5564360022544861,0.1255614012479782,-0.027399854734539986,-0.5391602516174316,0.13300523161888123,-0.07496271282434464,-0.6951301097869873,0.14258399605751038,-0.12067640572786331,-0.8179029226303101,0.13494935631752014,-0.1501007080078125,-0.9212852716445923,0.12049955129623413,0.010363304987549782,-0.5418607592582703,0.07892423123121262,-0.056671954691410065,-0.7230048179626465,0.06980228424072266,-0.10829798877239227,-0.8631623387336731,0.045448943972587585,-0.1481429636478424,-0.9885634183883667,0.02821371890604496,0.03550819680094719,-0.5193251371383667,0.017690738663077354,-0.045508794486522675,-0.7073344588279724,-0.014121521264314651,-0.0984770804643631,-0.8478533029556274,-0.03921499475836754,-0.13626384735107422,-0.9768660068511963,-0.052179787307977676,0.03844656050205231,-0.48663806915283203,-0.04262664541602135,-0.03443954512476921,-0.6719261407852173,-0.08226299285888672,-0.0791439488530159,-0.7890569567680359,-0.103117935359478,-0.11111202090978622,-0.8977962136268616,-0.11521612852811813,COLD
0.0,0.0,0.0,0.04453509673476219,-0.3203497529029846,0.062053460627794266,0.19425834715366364,-0.5061150789260864,0.1184944212436676,0.33887118101119995,-0.49714910984039307,0.17480474710464478,0.4185786843299866,-0.38817742466926575,0.22451423108577728,0.3925844728946686,-0.45376843214035034,0.04751264676451683,0.6341366171836853,-0.5042451024055481,0.10089141130447388,0.7559946775436401,-0.5023289322853088,0.12995167076587677,0.8575427532196045,-0.49353858828544617,0.14505182206630707,0.4485105276107788,-0.28271013498306274,0.05776676535606384,0.5310366749763489,-0.37419191002845764,0.15769290924072266,0.4498460590839386,-0.3992172181606293,0.21341930329799652,0.3864201009273529,-0.3808426260948181,0.2340954691171646,0.45016366243362427,-0.12949946522712708,0.07663420587778091,0.47229912877082825,-0.24645791947841644,0.17285068333148956,0.3986668586730957,-0.25910255312919617,0.19292385876178741,0.33585691452026367,-0.23332378268241882,0.18275189399719238,0.436318963766098,-0.012396743521094322,0.10125432163476944,0.4519645571708679,-0.11905742436647415,0.18240785598754883,0.3970426917076111,-0.12908199429512024,0.2114836424589157,0.3336811065673828,-0.10358570516109467,0.22017209231853485,0.0,0.0,0.0,-0.12645940482616425,-0.16003866493701935,0.05355311930179596,-0.15355153381824493,-0.3566206097602844,0.0927073061466217,-0.145103320479393,-0.48452162742614746,0.10966786742210388,-0.11898687481880188,-0.5615395903587341,0.1240120604634285,-0.029492171481251717,-0.5359415411949158,0.13493208587169647,-0.07359004020690918,-0.697640061378479,0.14228971302509308,-0.11822488903999329,-0.8216807842254639,0.13207532465457916,-0.1487317979335785,-0.9276110529899597,0.11627162992954254,0.005322053097188473,-0.5399051308631897,0.0791621059179306,-0.059845272451639175,-0.7227656245231628,0.07143613696098328,-0.10996488481760025,-0.8635336756706238,0.045864466577768326,-0.1491570919752121,-0.9884521961212158,0.026728278025984764,0.02944980189204216,-0.5202169418334961,0.0163711104542017,-0.04731593653559685,-0.7106754183769226,-0.01189458929002285,-0.09974061697721481,-0.8501073122024536,-0.036647114902734756,-0.13846608996391296,-0.975837767124176,-0.05102067068219185,0.035011593252420425,-0.4908798038959503,-0.04558437690138817,-0.033435698598623276,-0.6737832427024841,-0.08284185826778412,-0.07700135558843613,-0.7903466820716858,-0.10320694744586945,-0.10937304049730301,-0.8986522555351257,-0.11557397246360779,COLD
0.0,0.0,0.0,0.045446258038282394,-0.32040080428123474,0.06075805425643921,0.19676177203655243,-0.5059074759483337,0.11859586834907532,0.34056901931762695,-0.4952838122844696,0.17790639400482178,0.42037567496299744,-0.3852352499961853,0.23167887330055237,0.3968607187271118,-0.4505409300327301,0.04461835324764252,0.6367337107658386,-0.5023375749588013,0.09791702032089233,0.7582083940505981,-0.5009253621101379,0.12651965022087097,0.8592566847801208,-0.49149009585380554,0.1418287754058838,0.4518217444419861,-0.27837464213371277,0.05712880194187164,0.5337986350059509,-0.37235307693481445,0.1606857031583786,0.4520695209503174,-0.4008540213108063,0.2190229892730713,0.3870835304260254,-0.38267290592193604,0.24082577228546143,0.451901912689209,-0.12696288526058197,0.07802359759807587,0.47821927070617676,-0.24597707390785217,0.17570090293884277,0.4041680097579956,-0.26117658615112305,0.19685013592243195,0.3399941325187683,-0.2355874627828598,0.1873617172241211,0.43646228313446045,-0.010247385129332542,0.1046673059463501,0.45391184091567993,-0.1161695197224617,0.18685448169708252,0.399443656206131,-0.12613844871520996,0.21667373180389404,0.33526062965393066,-0.10113143920898438,0.2259635031223297,0.0,0.0,0.0,-0.12792974710464478,-0.1615164577960968,0.05743904784321785,-0.1561698019504547,-0.3550383448600769,0.09884792566299438,-0.14806030690670013,-0.48358601331710815,0.11781440675258636,-0.1197822242975235,-0.5579739809036255,0.13409394025802612,-0.026279058307409286,-0.5317685008049011,0.1402762085199356,-0.07314630597829819,-0.6942848563194275,0.1512395441532135,-0.11966933310031891,-0.8182485103607178,0.14374473690986633,-0.1511441320180893,-0.9240227937698364,0.1295388638973236,0.00822054035961628,-0.5350841283798218,0.08319693803787231,-0.059091370552778244,-0.7217878699302673,0.07731010764837265,-0.11150649189949036,-0.8629624843597412,0.052821166813373566,-0.1517157107591629,-0.9878201484680176,0.03454993665218353,0.030253726989030838,-0.5159569382667542,0.019381441175937653,-0.04911436140537262,-0.7102142572402954,-0.008097734302282333,-0.1035413071513176,-0.8514015674591064,-0.03289232775568962,-0.1429886817932129,-0.9794826507568359,-0.04716327786445618,0.032638952136039734,-0.4882605969905853,-0.043010760098695755,-0.03789502754807472,-0.6768091320991516,-0.08039866387844086,-0.08292248845100403,-0.7936702370643616,-0.10087110847234726,-0.11610199511051178,-0.9023771286010742,-0.11325465887784958,COLD
0.0,0.0,0.0,0.04848627746105194,-0.32063010334968567,0.06035327538847923,0.1998801976442337,-0.5031752586364746,0.12174388021230698,0.3403272330760956,-0.4910966455936432,0.1843685805797577,0.4212300777435303,-0.3889608085155487,0.24170614778995514,0.4054395258426666,-0.4443722367286682,0.06576504558324814,0.6376639008522034,-0.49500572681427,0.13189385831356049,0.755037784576416,-0.49408620595932007,0.16575750708580017,0.8534249067306519,-0.4878573417663574,0.18346968293190002,0.4562181532382965,-0.2701769471168518,0.0808572992682457,0.5290553569793701,-0.36394745111465454,0.1967039853334427,0.44724398851394653,-0.39678364992141724,0.2546868920326233,0.38233864307403564,-0.38351869583129883,0.2750431001186371,0.4498339891433716,-0.1184992864727974,0.10354200750589371,0.47116515040397644,-0.23919877409934998,0.20992356538772583,0.3951399326324463,-0.2576153576374054,0.2267639935016632,0.3329574763774872,-0.23566550016403198,0.21324266493320465,0.43066173791885376,-0.000604138826020062,0.13206467032432556,0.4452778697013855,-0.10796714574098587,0.22178423404693604,0.39155808091163635,-0.1227155476808548,0.25124984979629517,0.32757043838500977,-0.10239256918430328,0.2590181231498718,0.0,0.0,0.0,-0.12455377727746964,-0.17025060951709747,0.08145362138748169,-0.15242406725883484,-0.35548514127731323,0.13135747611522675,-0.14829091727733612,-0.477571964263916,0.15259285271167755,-0.12172435969114304,-0.554985523223877,0.16966426372528076,-0.027228696271777153,-0.5285812616348267,0.1720174103975296,-0.07316631078720093,-0.6937010288238525,0.18958836793899536,-0.1190536767244339,-0.8162276148796082,0.1840970814228058,-0.15014085173606873,-0.9228812456130981,0.17055034637451172,0.00687777204439044,-0.5323507189750671,0.10128672420978546,-0.059427253901958466,-0.7215328812599182,0.10385288298130035,-0.11101257801055908,-0.864395260810852,0.08106040954589844,-0.15019358694553375,-0.9867135882377625,0.06195320188999176,0.028668267652392387,-0.5144017338752747,0.024223892018198967,-0.04831596091389656,-0.7097079753875732,0.004783069249242544,-0.10094761848449707,-0.8505203723907471,-0.017706653103232384,-0.13809771835803986,-0.9753313660621643,-0.033256616443395615,0.03189967945218086,-0.48960620164871216,-0.0502321720123291,-0.034335341304540634,-0.6762929558753967,-0.08363816142082214,-0.0772572010755539,-0.7925914525985718,-0.10314590483903885,-0.10929859429597855,-0.899501621723175,-0.1166035532951355,COLD
0.0,0.0,0.0,0.04814225807785988,-0.31857025623321533,0.05926338583230972,0.20435623824596405,-0.5047195553779602,0.11430252343416214,0.3490188717842102,-0.4931695759296417,0.16907458007335663,0.42690610885620117,-0.38314253091812134,0.21763001382350922,0.40368205308914185,-0.45088574290275574,0.046304699033498764,0.641141951084137,-0.49861881136894226,0.10019934177398682,0.7616876363754272,-0.4958888292312622,0.13009770214557648,0.8607890009880066,-0.4877071678638458,0.14554713666439056,0.45874327421188354,-0.2780810594558716,0.055906474590301514,0.5336933135986328,-0.36478471755981445,0.15696164965629578,0.45334392786026,-0.39278721809387207,0.21298432350158691,0.3891414403915405,-0.3786381483078003,0.23323798179626465,0.4577436149120331,-0.12443723529577255,0.07357781380414963,0.4767964780330658,-0.2395867258310318,0.16822457313537598,0.4036500155925751,-0.2547152638435364,0.18757888674736023,0.34013810753822327,-0.23346173763275146,0.1768030971288681,0.4412253797054291,-0.005367848090827465,0.09670427441596985,0.45042723417282104,-0.1075228676199913,0.1777734011411667,0.39705538749694824,-0.11649023741483688,0.20687223970890045,0.3345142602920532,-0.09480895102024078,0.21525833010673523,0.0,0.0,0.0,-0.1238696351647377,-0.15803781151771545,0.055711016058921814,-0.15448838472366333,-0.35380738973617554,0.09573140740394592,-0.14689572155475616,-0.4830792248249054,0.11233029514551163,-0.11816243827342987,-0.5564691424369812,0.1261080950498581,-0.03492232784628868,-0.5334892868995667,0.143278107047081,-0.0753977969288826,-0.6966152191162109,0.1530463844537735,-0.11849699914455414,-0.8198093771934509,0.142648383975029,-0.14927540719509125,-0.9267874360084534,0.12635092437267303,-0.0010070680873468518,-0.5384246110916138,0.08580418676137924,-0.06087155640125275,-0.721632719039917,0.0815642774105072,-0.10874863713979721,-0.8638132214546204,0.0555385947227478,-0.1476420760154724,-0.9884063601493835,0.0354217067360878,0.023833250626921654,-0.5204235911369324,0.021015964448451996,-0.04876095429062843,-0.7120729684829712,-0.003311328124254942,-0.09872705489397049,-0.8534888029098511,-0.028415683656930923,-0.13679912686347961,-0.9782112240791321,-0.0439169779419899,0.03196728229522705,-0.4933815896511078,-0.043162260204553604,-0.03474130854010582,-0.6797782778739929,-0.0766448974609375,-0.0773104801774025,-0.7970793843269348,-0.09563737362623215,-0.10965386778116226,-0.9045610427856445,-0.10774939507246017,COLD
0.0,0.0,0.0,0.05259387567639351,-0.31505700945854187,0.0759657472372055,0.20478713512420654,-0.4985174238681793,0.14179834723472595,0.33949801325798035,-0.48891130089759827,0.2059928923845291,0.41473132371902466,-0.3783820569515228,0.2641494870185852,0.40195542573928833,-0.452822744846344,0.06712754815816879,0.6369892358779907,-0.4995726943016052,0.13240239024162292,0.7541066408157349,-0.4978020489215851,0.16958968341350555,0.8502564430236816,-0.4907829761505127,0.19025249779224396,0.45503896474838257,-0.28271713852882385,0.07641367614269257,0.5360570549964905,-0.36746636033058167,0.19209997355937958,0.4570821225643158,-0.396719366312027,0.2549718916416168,0.39158886671066284,-0.38400888442993164,0.2785949409008026,0.45383909344673157,-0.12808184325695038,0.095245860517025,0.4817344546318054,-0.24151457846164703,0.20415952801704407,0.40736010670661926,-0.2576656937599182,0.22600212693214417,0.34189894795417786,-0.2364070564508438,0.21463942527770996,0.44039201736450195,-0.008961821906268597,0.121233731508255,0.45390263199806213,-0.11139462143182755,0.2108107954263687,0.3993763327598572,-0.12337139993906021,0.24034805595874786,0.3351743221282959,-0.10278022289276123,0.24793295562267303,0.0,0.0,0.0,-0.125039741396904,-0.16060025990009308,0.0771217793226242,-0.15389412641525269,-0.3541710078716278,0.12790420651435852,-0.14812153577804565,-0.48224130272865295,0.15090958774089813,-0.12211664766073227,-0.554833173751831,0.1700328141450882,-0.034250713884830475,-0.532191276550293,0.17152084410190582,-0.07667505741119385,-0.6954889297485352,0.19154489040374756,-0.12021389603614807,-0.8169447779655457,0.1880127638578415,-0.149422287940979,-0.9222077131271362,0.17549699544906616,0.0016018152236938477,-0.5369276404380798,0.10311096161603928,-0.060966234654188156,-0.7228962182998657,0.10754905641078949,-0.10944652557373047,-0.8649319410324097,0.08679776638746262,-0.14704126119613647,-0.9866904020309448,0.06943317502737045,0.026217486709356308,-0.5178693532943726,0.027771858498454094,-0.049782201647758484,-0.7110496759414673,0.008380405604839325,-0.09953353554010391,-0.8527947664260864,-0.013566726818680763,-0.13488467037677765,-0.9777617454528809,-0.028220543637871742,0.030903203412890434,-0.4923710227012634,-0.04546608030796051,-0.039667077362537384,-0.6799019575119019,-0.07999874651432037,-0.08239299803972244,-0.7975652813911438,-0.10046593099832535,-0.11346010118722916,-0.9050620198249817,-0.11433721333742142,COLD
0.0,0.0,0.0,0.055793646723032,-0.3149685561656952,0.069682776927948,0.21264825761318207,-0.5009884238243103,0.1343659609556198,0.351380318403244,-0.4896196126937866,0.1987151801586151,0.4284197986125946,-0.37672582268714905,0.2573292553424835,0.4031018614768982,-0.45467206835746765,0.06325249373912811,0.6363102793693542,-0.5044393539428711,0.1296025663614273,0.7515472173690796,-0.5040214657783508,0.16828452050685883,0.8468665480613708,-0.4969068765640259,0.18947459757328033,0.4564931094646454,-0.28617241978645325,0.07353618741035461,0.5360475778579712,-0.37016555666923523,0.18620812892913818,0.45356178283691406,-0.3978147804737091,0.24480591714382172,0.3890610933303833,-0.38557618856430054,0.26587995886802673,0.4577569365501404,-0.13227246701717377,0.0930168405175209,0.4825546145439148,-0.2435707002878189,0.1979941576719284,0.4049784243106842,-0.2577003538608551,0.21392150223255157,0.34104108810424805,-0.23925037682056427,0.19908620417118073,0.4458850026130676,-0.012940935790538788,0.1194048523902893,0.4577522575855255,-0.11614587903022766,0.207743301987648,0.40278348326683044,-0.12434300035238266,0.23460879921913147,0.33924600481987,-0.1030951589345932,0.23998484015464783,0.0,0.0,0.0,-0.12714117765426636,-0.16403840482234955,0.08911121636629105,-0.15622352063655853,-0.3551562428474426,0.14541751146316528,-0.15030503273010254,-0.48219817876815796,0.17123070359230042,-0.12453429400920868,-0.5544273257255554,0.19260407984256744,-0.03612089902162552,-0.5306707620620728,0.18709617853164673,-0.07903649657964706,-0.6920530796051025,0.21157509088516235,-0.12163419276475906,-0.8121689558029175,0.21094851195812225,-0.1496514528989792,-0.9170114994049072,0.199857696890831,0.0006537025328725576,-0.5355623960494995,0.11230121552944183,-0.062455955892801285,-0.7218211889266968,0.11871998012065887,-0.11128364503383636,-0.8643211722373962,0.09914537519216537,-0.1489102840423584,-0.9853920936584473,0.08263272792100906,0.025306547060608864,-0.5164667963981628,0.03092411905527115,-0.05054468289017677,-0.7075944542884827,0.011818764731287956,-0.10047568380832672,-0.8483666181564331,-0.00987271685153246,-0.13571079075336456,-0.9726576209068298,-0.024281207472085953,0.029477864503860474,-0.49096471071243286,-0.04740802198648453,-0.03948966786265373,-0.6776383519172668,-0.08235333859920502,-0.08219234645366669,-0.7941601872444153,-0.10314353555440903,-0.11303465068340302,-0.900352418422699,-0.11743400990962982,COLD
0.0,0.0,0.0,0.06183837726712227,-0.3094322383403778,0.08356231451034546,0.21972768008708954,-0.48674795031547546,0.15370935201644897,0.3545113205909729,-0.48026660084724426,0.2238193303346634,0.4386650323867798,-0.3791084289550781,0.2876035273075104,0.40084460377693176,-0.45717212557792664,0.06867712736129761,0.6342360973358154,-0.5022796392440796,0.1438703089952469,0.7477372288703918,-0.5011446475982666,0.18592369556427002,0.8433862924575806,-0.4948728680610657,0.2092854082584381,0.44883644580841064,-0.2905447781085968,0.07869642972946167,0.5287836194038391,-0.36478373408317566,0.21189334988594055,0.44591224193573,-0.38941332697868347,0.27744853496551514,0.3805903196334839,-0.3796918988227844,0.29812344908714294,0.4480827748775482,-0.13515900075435638,0.09979546070098877,0.4746612310409546,-0.2375108301639557,0.22707577049732208,0.39274945855140686,-0.2447710782289505,0.2425801008939743,0.3317035138607025,-0.22681573033332825,0.22009198367595673,0.44078534841537476,-0.014556647278368473,0.1292705535888672,0.44844305515289307,-0.11037079989910126,0.23741985857486725,0.38958555459976196,-0.11445789784193039,0.266614705324173,0.3272573947906494,-0.09528636187314987,0.26801615953445435,0.0,0.0,0.0,-0.12629756331443787,-0.15147541463375092,0.05433216318488121,-0.15929779410362244,-0.3604181408882141,0.09993205219507217,-0.1481539011001587,-0.49421077966690063,0.1238374263048172,-0.11629398167133331,-0.557870090007782,0.1453595608472824,-0.03416633605957031,-0.5417195558547974,0.14085891842842102,-0.07967328280210495,-0.6931426525115967,0.15385408699512482,-0.12309720367193222,-0.8164793252944946,0.149729385972023,-0.15034914016723633,-0.9190821647644043,0.13762083649635315,0.0054700192995369434,-0.5423601269721985,0.0848468467593193,-0.05809369683265686,-0.7215722799301147,0.07587555050849915,-0.10765180736780167,-0.8617247939109802,0.05323844775557518,-0.14792591333389282,-0.9882305860519409,0.03896412253379822,0.03457954525947571,-0.5178067684173584,0.0215755607932806,-0.04441513866186142,-0.7007145881652832,-0.013186702504754066,-0.09538942575454712,-0.8411964178085327,-0.03767405077815056,-0.13363859057426453,-0.9732227325439453,-0.0478581041097641,0.0411570742726326,-0.481533408164978,-0.04033474624156952,-0.03370589390397072,-0.6684402823448181,-0.08383931964635849,-0.07863176614046097,-0.7861312031745911,-0.105561263859272,-0.11146516352891922,-0.8956561088562012,-0.11656095832586288,COLD
0.0,0.0,0.0,0.0611700676381588,-0.311593234539032,0.07587879151105881,0.22161920368671417,-0.4878503084182739,0.13098682463169098,0.3663569390773773,-0.4749056398868561,0.18174917995929718,0.4471499025821686,-0.3602335453033447,0.2253275066614151,0.39408400654792786,-0.45631885528564453,0.05301876738667488,0.6334903240203857,-0.5051005482673645,0.10874927043914795,0.7548993825912476,-0.5027614235877991,0.1421661227941513,0.8542973399162292,-0.49443554878234863,0.1603420227766037,0.4499574601650238,-0.29150694608688354,0.053125519305467606,0.5349079370498657,-0.35927847027778625,0.15554586052894592,0.45566967129707336,-0.37907645106315613,0.21176889538764954,0.3915405571460724,-0.3668704032897949,0.23139405250549316,0.4560152590274811,-0.13498084247112274,0.06358018517494202,0.48160600662231445,-0.23085977137088776,0.16486123204231262,0.4080061912536621,-0.2390829175710678,0.18599508702754974,0.3430447280406952,-0.21954108774662018,0.17361235618591309,0.44742441177368164,-0.009714290499687195,0.08078040182590485,0.45864659547805786,-0.0988834947347641,0.171161949634552,0.4052366614341736,-0.1012100875377655,0.20422184467315674,0.3415045142173767,-0.07799644023180008,0.21312245726585388,0.0,0.0,0.0,-0.12437129020690918,-0.15285979211330414,0.04490967467427254,-0.156378835439682,-0.35337528586387634,0.07984749972820282,-0.14453282952308655,-0.48540741205215454,0.09436456859111786,-0.10925983637571335,-0.5534913539886475,0.10682212561368942,-0.0280542504042387,-0.5393235087394714,0.1246424987912178,-0.07147739827632904,-0.6959096789360046,0.1300380527973175,-0.11465273797512054,-0.8187860250473022,0.11939693987369537,-0.14321082830429077,-0.9231774806976318,0.10335378348827362,0.009315764531493187,-0.5404635667800903,0.07154755294322968,-0.05407773330807686,-0.7223191261291504,0.05954769253730774,-0.1023774966597557,-0.8635354042053223,0.033854734152555466,-0.14091672003269196,-0.9898898005485535,0.016141341999173164,0.03532230108976364,-0.5181827545166016,0.01101610902696848,-0.04161554202437401,-0.7061807513237,-0.02191425859928131,-0.09188494831323624,-0.8467831611633301,-0.04616574943065643,-0.1293746381998062,-0.9743456840515137,-0.0580165833234787,0.040419116616249084,-0.4849250018596649,-0.04925612732768059,-0.030881091952323914,-0.6726173758506775,-0.08815031498670578,-0.07397014647722244,-0.7902317643165588,-0.10696569085121155,-0.10550633072853088,-0.8982709050178528,-0.11704585701227188,COLD
0.0,0.0,0.0,0.058614812791347504,-0.31381896138191223,0.07157649844884872,0.22220243513584137,-0.48869359493255615,0.1246490478515625,0.3710215985774994,-0.47128090262413025,0.17282627522945404,0.45416200160980225,-0.3632895350456238,0.21444636583328247,0.3909482955932617,-0.4594537913799286,0.05540963262319565,0.6303122043609619,-0.5111671686172485,0.11351370811462402,0.7514283061027527,-0.5066370368003845,0.14980468153953552,0.8502558469772339,-0.49834978580474854,0.16944736242294312,0.4487590491771698,-0.2941783368587494,0.054651759564876556,0.5421937108039856,-0.3601834177970886,0.1538211554288864,0.4654008746147156,-0.3794882297515869,0.20862898230552673,0.40053868293762207,-0.3675065040588379,0.2287718653678894,0.4566650986671448,-0.13945066928863525,0.06368193030357361,0.48966100811958313,-0.2321225106716156,0.16301564872264862,0.4161830246448517,-0.24169735610485077,0.1859894096851349,0.35047289729118347,-0.22238163650035858,0.17572660744190216,0.44848886132240295,-0.01658659242093563,0.0785580575466156,0.4616321623325348,-0.10229183733463287,0.1678050458431244,0.4088458716869354,-0.10555572062730789,0.20115503668785095,0.34689319133758545,-0.08361371606588364,0.21075662970542908,0.0,0.0,0.0,-0.12405245006084442,-0.1513744294643402,0.0538826584815979,-0.1536692976951599,-0.35180044174194336,0.0952288955450058,-0.14247684180736542,-0.48277747631073,0.11422321945428848,-0.11182689666748047,-0.5507174730300903,0.1303378939628601,-0.026417940855026245,-0.536658525466919,0.13669636845588684,-0.06959140300750732,-0.6953191757202148,0.14640966057777405,-0.11282850056886673,-0.8186204433441162,0.1386243849992752,-0.14098459482192993,-0.9231933355331421,0.12412738800048828,0.010076837614178658,-0.5390981435775757,0.07974568009376526,-0.05195613577961922,-0.7232100367546082,0.07152935862541199,-0.10054599493741989,-0.8643675446510315,0.04701513424515724,-0.13852763175964355,-0.9899169206619263,0.029574625194072723,0.036290138959884644,-0.5173937082290649,0.015560355968773365,-0.039224378764629364,-0.7076526880264282,-0.015843013301491737,-0.09041311591863632,-0.84934002161026,-0.04161131754517555,-0.12759971618652344,-0.97757887840271,-0.055226851254701614,0.04243781417608261,-0.4857211112976074,-0.047590065747499466,-0.0276980958878994,-0.6742257475852966,-0.08873385936021805,-0.07137686014175415,-0.7937523722648621,-0.11104345321655273,-0.10280834883451462,-0.9032685160636902,-0.12396595627069473,COLD
0.0,0.0,0.0,0.05582915246486664,-0.3091427683830261,0.059492141008377075,0.22507718205451965,-0.4869939684867859,0.0996323674917221,0.3790431320667267,-0.47251492738723755,0.13403284549713135,0.46093040704727173,-0.3619791567325592,0.16197584569454193,0.3849228322505951,-0.459320604801178,0.03151249513030052,0.6244251728057861,-0.5142771601676941,0.07095737010240555,0.7525111436843872,-0.5128655433654785,0.098056361079216,0.8546670079231262,-0.5067752599716187,0.11279644817113876,0.44757720828056335,-0.2995114028453827,0.027664780616760254,0.5496992468833923,-0.36443400382995605,0.10013578087091446,0.48013418912887573,-0.38109901547431946,0.14648903906345367,0.41621944308280945,-0.37022992968559265,0.16634541749954224,0.4633401036262512,-0.1508347988128662,0.03347554802894592,0.5062628984451294,-0.2450799196958542,0.11208557337522507,0.44118455052375793,-0.2559390664100647,0.14020243287086487,0.373857706785202,-0.23719419538974762,0.13936075568199158,0.4575652480125427,-0.035721227526664734,0.04354173690080643,0.4768201410770416,-0.12597809731960297,0.11916693300008774,0.43021488189697266,-0.13059557974338531,0.15562178194522858,0.37175267934799194,-0.10850997269153595,0.17164747416973114,0.0,0.0,0.0,-0.12639418244361877,-0.16617721319198608,0.07216894626617432,-0.1536758691072464,-0.35648125410079956,0.1201215386390686,-0.1466364711523056,-0.48595288395881653,0.14196336269378662,-0.11595091223716736,-0.559258222579956,0.16018666326999664,-0.02466503158211708,-0.5284784436225891,0.1591530591249466,-0.0690714567899704,-0.6959032416343689,0.17494717240333557,-0.11446376144886017,-0.8197270631790161,0.16990159451961517,-0.14564818143844604,-0.9256936311721802,0.15719585120677948,0.009700847789645195,-0.5313045382499695,0.09404448419809341,-0.053124457597732544,-0.7221570014953613,0.09405435621738434,-0.10427767783403397,-0.865129828453064,0.07186473160982132,-0.14397311210632324,-0.9880884885787964,0.054340947419404984,0.032206203788518906,-0.5128506422042847,0.022387679666280746,-0.042277052998542786,-0.7116708755493164,-0.0005737313767895103,-0.09467767179012299,-0.8555696606636047,-0.024133289232850075,-0.1315794736146927,-0.980787992477417,-0.03871593251824379,0.03482221066951752,-0.48885104060173035,-0.04703860729932785,-0.03229507431387901,-0.6839168667793274,-0.08459492027759552,-0.07641196995973587,-0.8056110143661499,-0.10640174895524979,-0.10879973322153091,-0.9129310846328735,-0.12007366120815277,COLD
0.0,0.0,0.0,0.05189765989780426,-0.3034515678882599,0.0825921893119812,0.21385228633880615,-0.47753122448921204,0.13170847296714783,0.35802584886550903,-0.463312029838562,0.17356722056865692,0.44358202815055847,-0.360411137342453,0.20703557133674622,0.3787109851837158,-0.4710657596588135,0.04859664663672447,0.6209269762039185,-0.515507698059082,0.10386057943105698,0.749443531036377,-0.5081654787063599,0.14071530103683472,0.8507670760154724,-0.49998873472213745,0.1618845909833908,0.4401412904262543,-0.31538811326026917,0.045302703976631165,0.5403961539268494,-0.3637973964214325,0.14142051339149475,0.46320000290870667,-0.3714155852794647,0.19841264188289642,0.3971405625343323,-0.36093807220458984,0.2208240032196045,0.4541647136211395,-0.1621294617652893,0.05457325652241707,0.4913690686225891,-0.2401340752840042,0.1564701646566391,0.4203977584838867,-0.24289433658123016,0.18561771512031555,0.3538357615470886,-0.22491389513015747,0.17899806797504425,0.453080952167511,-0.04204532876610756,0.07125227153301239,0.4651053547859192,-0.12120559811592102,0.16857755184173584,0.4118441641330719,-0.12092316150665283,0.2086057811975479,0.35593122243881226,-0.10258230566978455,0.2220546454191208,0.0,0.0,0.0,-0.12214373052120209,-0.158059224486351,0.0662737488746643,-0.1498691290616989,-0.35208776593208313,0.11150600016117096,-0.14244353771209717,-0.478954553604126,0.13152572512626648,-0.11692848056554794,-0.5525590181350708,0.14811594784259796,-0.0250813290476799,-0.5325394868850708,0.15321171283721924,-0.06915614753961563,-0.6932756304740906,0.16697156429290771,-0.11359492689371109,-0.8168379068374634,0.16070814430713654,-0.14355254173278809,-0.9225445985794067,0.14717060327529907,0.010129481554031372,-0.5358923077583313,0.08983788639307022,-0.05339164659380913,-0.721379816532135,0.08716858923435211,-0.10311291366815567,-0.8638833165168762,0.06392384320497513,-0.14232288300991058,-0.9887288808822632,0.046468980610370636,0.03399195894598961,-0.5162436366081238,0.019718177616596222,-0.04123179242014885,-0.7093104124069214,-0.006005575880408287,-0.09262184798717499,-0.8511331677436829,-0.029122143983840942,-0.13070747256278992,-0.9788605570793152,-0.042159345000982285,0.037659574300050735,-0.48789384961128235,-0.04871490225195885,-0.030924851074814796,-0.679344892501831,-0.08514462411403656,-0.07357683777809143,-0.797587513923645,-0.1040758341550827,-0.10506674647331238,-0.9058777689933777,-0.1152593195438385,COLD
0.0,0.0,0.0,0.051697246730327606,-0.3130906820297241,0.06263576447963715,0.21518906950950623,-0.49245402216911316,0.11231284588575363,0.3671070635318756,-0.47665366530418396,0.15857245028018951,0.4568707048892975,-0.3797590732574463,0.19873686134815216,0.3846079409122467,-0.46249377727508545,0.049831654876470566,0.6208940744400024,-0.5201895833015442,0.10714533179998398,0.7436150908470154,-0.5190103054046631,0.14468437433242798,0.8421091437339783,-0.5130455493927002,0.16624194383621216,0.44466105103492737,-0.30555644631385803,0.05448269471526146,0.5453015565872192,-0.3785390555858612,0.1448564976453781,0.467938095331192,-0.3954218924045563,0.19706234335899353,0.39969921112060547,-0.38049840927124023,0.2195449322462082,0.45478111505508423,-0.15802612900733948,0.06887850910425186,0.4972718060016632,-0.2541423738002777,0.16025695204734802,0.42627549171447754,-0.2643078565597534,0.18585923314094543,0.35874781012535095,-0.2440948635339737,0.18184809386730194,0.4473158121109009,-0.040399737656116486,0.08876833319664001,0.46640488505363464,-0.12936729192733765,0.17519627511501312,0.41573217511177063,-0.13587629795074463,0.21147805452346802,0.3584068715572357,-0.11572496592998505,0.2254541963338852,0.0,0.0,0.0,-0.12549909949302673,-0.17422081530094147,0.09097544103860855,-0.15349771082401276,-0.3575174808502197,0.14368592202663422,-0.15018466114997864,-0.4804880917072296,0.1655949354171753,-0.12456627935171127,-0.5567201375961304,0.18268391489982605,-0.02916497178375721,-0.5287808775901794,0.17721155285835266,-0.07624004781246185,-0.6940439939498901,0.19564834237098694,-0.12242847681045532,-0.816551923751831,0.1928272247314453,-0.1528586745262146,-0.9219620227813721,0.18127596378326416,0.006764968857169151,-0.5308568477630615,0.10001479089260101,-0.06141389533877373,-0.722602128982544,0.10076426714658737,-0.11268990486860275,-0.8657231330871582,0.08043814450502396,-0.15178823471069336,-0.986312747001648,0.0644015222787857,0.02944406308233738,-0.5111485123634338,0.017027422785758972,-0.05028974637389183,-0.7092593312263489,-0.005990900099277496,-0.10260534286499023,-0.8504567742347717,-0.025716859847307205,-0.1394576132297516,-0.975180447101593,-0.037914808839559555,0.032093144953250885,-0.4851868450641632,-0.06246365234255791,-0.036572061479091644,-0.6759918928146362,-0.10071533173322678,-0.07865410298109055,-0.7938069105148315,-0.12051458656787872,-0.10942746698856354,-0.9002044200897217,-0.1329885870218277,COLD
0.0,0.0,0.0,0.050310757011175156,-0.3115161657333374,0.054133106023073196,0.2183426469564438,-0.4943859875202179,0.0994391217827797,0.37138631939888,-0.47831374406814575,0.1402491182088852,0.4555775821208954,-0.37491610646247864,0.17534518241882324,0.38342276215553284,-0.470231831073761,0.04721403494477272,0.6164788603782654,-0.5279231071472168,0.09619227051734924,0.741061806678772,-0.5264778137207031,0.1278756707906723,0.8415919542312622,-0.5202575922012329,0.14510363340377808,0.4458301365375519,-0.31173592805862427,0.04914088919758797,0.5400543212890625,-0.37899866700172424,0.12564723193645477,0.46242526173591614,-0.39204975962638855,0.16936472058296204,0.39564985036849976,-0.3779437839984894,0.18860867619514465,0.45957890152931213,-0.16228188574314117,0.0595184825360775,0.4920380413532257,-0.25528836250305176,0.13991035521030426,0.4227924346923828,-0.2622397541999817,0.16189339756965637,0.3572154641151428,-0.24139349162578583,0.15809975564479828,0.45166638493537903,-0.04408855736255646,0.07397942245006561,0.46617773175239563,-0.1306496113538742,0.15194061398506165,0.41847777366638184,-0.1333550065755844,0.18583504855632782,0.362867146730423,-0.10794680565595627,0.20020371675491333,0.0,0.0,0.0,-0.12460635602474213,-0.16501381993293762,0.0806019976735115,-0.15275593101978302,-0.349223256111145,0.13086113333702087,-0.14698806405067444,-0.47319284081459045,0.15264326333999634,-0.12276966124773026,-0.5544291734695435,0.17045466601848602,-0.031528446823358536,-0.5326719880104065,0.17394734919071198,-0.07444152981042862,-0.697321891784668,0.19360466301441193,-0.11796882748603821,-0.8179668188095093,0.19057032465934753,-0.14815719425678253,-0.922468364238739,0.17901334166526794,0.0028755608946084976,-0.5359099507331848,0.1037822738289833,-0.058378759771585464,-0.7253310680389404,0.10652579367160797,-0.10741402208805084,-0.8662766814231873,0.08542800694704056,-0.146266907453537,-0.9868562817573547,0.06870734691619873,0.025582553818821907,-0.5175730586051941,0.027020802721381187,-0.048054829239845276,-0.7132981419563293,0.006534380838274956,-0.0978623628616333,-0.8527247905731201,-0.01454287301748991,-0.1347074806690216,-0.975636899471283,-0.02760547772049904,0.029337940737605095,-0.49260109663009644,-0.04713721573352814,-0.037005648016929626,-0.6839141845703125,-0.0807623416185379,-0.07875580340623856,-0.8010927438735962,-0.09894097596406937,-0.10966445505619049,-0.908350944519043,-0.11044523864984512,COLD
0.0,0.0,0.0,0.054397329688072205,-0.30057111382484436,0.07796458154916763,0.21683470904827118,-0.47680023312568665,0.13519854843616486,0.36144793033599854,-0.46372097730636597,0.18851642310619354,0.4465997815132141,-0.35737505555152893,0.23536205291748047,0.3856973946094513,-0.46784648299217224,0.05289239436388016,0.6239220499992371,-0.5134329199790955,0.11033167690038681,0.7476072311401367,-0.5094439387321472,0.1456139087677002,0.8499910235404968,-0.5001103281974792,0.1655445396900177,0.44367069005966187,-0.30685317516326904,0.053366485983133316,0.5419294834136963,-0.36950045824050903,0.15559881925582886,0.46197637915611267,-0.38434743881225586,0.21548520028591156,0.3939034640789032,-0.36820605397224426,0.23985163867473602,0.4517943263053894,-0.1540420800447464,0.06452076882123947,0.49572449922561646,-0.24425607919692993,0.16837666928768158,0.42125165462493896,-0.2522103786468506,0.19602195918560028,0.35379213094711304,-0.23114289343357086,0.1891295462846756,0.44553497433662415,-0.03412466123700142,0.08243998140096664,0.4639747440814972,-0.12165956199169159,0.17598038911819458,0.4106706380844116,-0.12662102282047272,0.21198970079421997,0.3527163565158844,-0.10542111843824387,0.22322985529899597,0.0,0.0,0.0,-0.1276673525571823,-0.1488925814628601,0.0569443516433239,-0.15976522862911224,-0.3558580279350281,0.10258691757917404,-0.14578843116760254,-0.4880928695201874,0.12592409551143646,-0.11448406428098679,-0.5501805543899536,0.14691859483718872,-0.03145304322242737,-0.5404038429260254,0.14251288771629333,-0.08095471560955048,-0.692837655544281,0.15660247206687927,-0.1263519525527954,-0.8168718814849854,0.1549912989139557,-0.15517982840538025,-0.9192892909049988,0.14489877223968506,0.00960590224713087,-0.540164053440094,0.08375798910856247,-0.05669470131397247,-0.7225356101989746,0.07317722588777542,-0.10624957084655762,-0.8623917698860168,0.052294544875621796,-0.14706386625766754,-0.9882944822311401,0.04057331755757332,0.038111794739961624,-0.5162119269371033,0.017815222963690758,-0.04271189495921135,-0.7020561099052429,-0.01965850405395031,-0.09542203694581985,-0.8416245579719543,-0.04229807108640671,-0.13659299910068512,-0.973931074142456,-0.04958895221352577,0.04219907149672508,-0.4808250963687897,-0.04649874195456505,-0.03694641962647438,-0.6728882789611816,-0.0905865803360939,-0.08284177631139755,-0.7905003428459167,-0.11059269309043884,-0.11643240600824356,-0.8989543914794922,-0.11956039816141129,COLD
0.0,0.0,0.0,0.05515101179480553,-0.3060869872570038,0.0596427284181118,0.22321568429470062,-0.488945335149765,0.11219783872365952,0.3664308190345764,-0.4700292944908142,0.16310885548591614,0.44833582639694214,-0.36504608392715454,0.2082301378250122,0.39005112648010254,-0.4650174379348755,0.04374989494681358,0.6241806149482727,-0.518406093120575,0.09610436111688614,0.7462438941001892,-0.5184953808784485,0.12740905582904816,0.8470969200134277,-0.5114502310752869,0.1443796008825302,0.44870465993881226,-0.30437591671943665,0.04893318563699722,0.539398193359375,-0.38135015964508057,0.14249436557292938,0.4613859951496124,-0.4013257324695587,0.1963137686252594,0.39636579155921936,-0.3876931071281433,0.2183638960123062,0.4550900161266327,-0.1579509973526001,0.06265688687562943,0.4917338490486145,-0.2590384781360626,0.15716469287872314,0.4232296049594879,-0.2689528167247772,0.18158195912837982,0.3597862422466278,-0.24867704510688782,0.17541055381298065,0.44230416417121887,-0.04462038353085518,0.0811757892370224,0.462308406829834,-0.13762982189655304,0.16512690484523773,0.4153366684913635,-0.144158735871315,0.1984095424413681,0.3580970764160156,-0.1222473755478859,0.21019457280635834,0.0,0.0,0.0,-0.12579390406608582,-0.1675628125667572,0.0761643499135971,-0.1542605757713318,-0.3591434061527252,0.12588511407375336,-0.14463137090206146,-0.4825715124607086,0.14803826808929443,-0.11574655026197433,-0.5550849437713623,0.16700071096420288,-0.030975302681326866,-0.5386762619018555,0.16827432811260223,-0.07865501195192337,-0.6944125890731812,0.1860528290271759,-0.12421779334545135,-0.8168511986732483,0.1850254088640213,-0.15383575856685638,-0.9204966425895691,0.17498740553855896,0.008267750032246113,-0.5388001203536987,0.09838780760765076,-0.05850934982299805,-0.7239490151405334,0.0942629724740982,-0.10957352817058563,-0.8646430969238281,0.07542465627193451,-0.15025630593299866,-0.9866211414337158,0.06325998902320862,0.03494039177894592,-0.5162498354911804,0.021388234570622444,-0.044572871178388596,-0.7054712176322937,-0.00844648014754057,-0.09718561172485352,-0.8445163369178772,-0.027270596474409103,-0.13680361211299896,-0.9727087020874023,-0.034671783447265625,0.04001466557383537,-0.48368409276008606,-0.05322442948818207,-0.03349181264638901,-0.6749228835105896,-0.09345424920320511,-0.07837070524692535,-0.7930530905723572,-0.11158163100481033,-0.11173365265130997,-0.9005083441734314,-0.12054748833179474,COLD
0.0,0.0,0.0,0.056544091552495956,-0.3015424907207489,0.05748094618320465,0.22414198517799377,-0.4875316321849823,0.10795821249485016,0.37166833877563477,-0.47433772683143616,0.15616238117218018,0.4537244439125061,-0.36707717180252075,0.19923821091651917,0.38824477791786194,-0.466943621635437,0.04348829388618469,0.6205179691314697,-0.5226104259490967,0.09657032787799835,0.7412683367729187,-0.5239124894142151,0.13053713738918304,0.8405224084854126,-0.5208638906478882,0.14907383918762207,0.44927287101745605,-0.31053146719932556,0.04793686419725418,0.5386917591094971,-0.384115070104599,0.13596315681934357,0.4610099792480469,-0.399150013923645,0.18650373816490173,0.39682725071907043,-0.38505125045776367,0.207643523812294,0.46128758788108826,-0.16574276983737946,0.06128061190247536,0.497124582529068,-0.26389750838279724,0.15115457773208618,0.42869675159454346,-0.2723909914493561,0.17509974539279938,0.3645552396774292,-0.25302624702453613,0.16999687254428864,0.4534287750720978,-0.052693117409944534,0.07917962223291397,0.47074154019355774,-0.14334537088871002,0.16169634461402893,0.42403775453567505,-0.150916188955307,0.1951332837343216,0.3680744767189026,-0.13078957796096802,0.20775020122528076,0.0,0.0,0.0,-0.12592162191867828,-0.15580099821090698,0.04719153046607971,-0.156374990940094,-0.3565629720687866,0.08534926921129227,-0.1421222686767578,-0.48498278856277466,0.10258571803569794,-0.1081831231713295,-0.5562191605567932,0.1182682141661644,-0.028731027618050575,-0.5435910224914551,0.13260875642299652,-0.07640082389116287,-0.6975772380828857,0.1410016268491745,-0.12090334296226501,-0.822115421295166,0.1346651017665863,-0.15039673447608948,-0.9253049492835999,0.12182967364788055,0.010397742502391338,-0.5436716079711914,0.07807817310094833,-0.054738517850637436,-0.7247942686080933,0.06482988595962524,-0.10478417575359344,-0.863567590713501,0.041352905333042145,-0.14625778794288635,-0.9888646602630615,0.0274826530367136,0.038323357701301575,-0.5220019221305847,0.015732206404209137,-0.041310541331768036,-0.706803560256958,-0.02081361413002014,-0.09353602677583694,-0.8450464010238647,-0.04279788210988045,-0.13497790694236755,-0.975637674331665,-0.05005845054984093,0.04419837146997452,-0.487898588180542,-0.046126026660203934,-0.032967858016490936,-0.6793127059936523,-0.08655159920454025,-0.07869520783424377,-0.7976175546646118,-0.10344935953617096,-0.11283427476882935,-0.9070961475372314,-0.11030320823192596,COLD
0.0,0.0,0.0,0.053220294415950775,-0.29650264978408813,0.06688376516103745,0.21660281717777252,-0.47739315032958984,0.1225036010146141,0.35964435338974,-0.4646080732345581,0.17676526308059692,0.443454772233963,-0.36417582631111145,0.22586455941200256,0.386474609375,-0.4687230587005615,0.04849960654973984,0.6171450614929199,-0.5212153196334839,0.10751412808895111,0.739082396030426,-0.5220101475715637,0.14354856312274933,0.8389631509780884,-0.5188984274864197,0.1639670431613922,0.4458889663219452,-0.3126833140850067,0.05483934283256531,0.5286235213279724,-0.3827907145023346,0.15872566401958466,0.449172705411911,-0.3982713520526886,0.2163655310869217,0.3846193253993988,-0.38573703169822693,0.23883265256881714,0.4546481668949127,-0.16789335012435913,0.07106033712625504,0.4888218939304352,-0.2630375921726227,0.17477747797966003,0.41721412539482117,-0.27171361446380615,0.19942618906497955,0.35235846042633057,-0.25424912571907043,0.1907140463590622,0.44740527868270874,-0.05618607997894287,0.0931214839220047,0.4580704867839813,-0.14526908099651337,0.186645969748497,0.4091635048389435,-0.15090568363666534,0.22142478823661804,0.3535797595977783,-0.13336342573165894,0.23222367465496063,0.0,0.0,0.0,-0.12375954538583755,-0.15430451929569244,0.04909244179725647,-0.1547505259513855,-0.35460150241851807,0.08858613669872284,-0.1431136429309845,-0.4822300374507904,0.10667616128921509,-0.11273020505905151,-0.5561071634292603,0.12299861758947372,-0.03542768582701683,-0.5422969460487366,0.13453751802444458,-0.07955531030893326,-0.6973609328269958,0.14283347129821777,-0.12243855744600296,-0.8220759034156799,0.13561144471168518,-0.1511562317609787,-0.9262804388999939,0.12198322266340256,0.0027954273391515017,-0.5435494184494019,0.07929246127605438,-0.05843929201364517,-0.7228413820266724,0.06772395223379135,-0.10737507790327072,-0.8625699281692505,0.043498292565345764,-0.1478724628686905,-0.988608717918396,0.028043990954756737,0.03155713155865669,-0.5217943787574768,0.016325246542692184,-0.04395197704434395,-0.7066835761070251,-0.01856881007552147,-0.09494319558143616,-0.8457868695259094,-0.04231618344783783,-0.13511955738067627,-0.9756435751914978,-0.05212736129760742,0.04099103435873985,-0.48810848593711853,-0.046079762279987335,-0.03176306188106537,-0.6777170300483704,-0.08765476942062378,-0.07718754559755325,-0.7972404956817627,-0.10717575997114182,-0.11154589802026749,-0.9070472717285156,-0.11655162274837494,COLD
0.0,0.0,0.0,0.05004803091287613,-0.2899772524833679,0.06758853793144226,0.20906679332256317,-0.46979647874832153,0.11533044278621674,0.35388171672821045,-0.46290531754493713,0.1589045226573944,0.43861544132232666,-0.3620584011077881,0.19593596458435059,0.37347206473350525,-0.4712602496147156,0.04072768613696098,0.6101033091545105,-0.5231789350509644,0.09311409294605255,0.7364084720611572,-0.5250591039657593,0.1259729266166687,0.8390544056892395,-0.524757444858551,0.14358720183372498,0.4355205297470093,-0.314956933259964,0.04083112254738808,0.5258414149284363,-0.37628379464149475,0.13371452689170837,0.4493516683578491,-0.38337579369544983,0.18698391318321228,0.3851819634437561,-0.3684190511703491,0.20702676475048065,0.4485771954059601,-0.16613471508026123,0.05164426192641258,0.48762959241867065,-0.2530575692653656,0.14905941486358643,0.41946136951446533,-0.2553059160709381,0.17679430544376373,0.3552016317844391,-0.23618245124816895,0.17021127045154572,0.442758709192276,-0.04957886040210724,0.06799838691949844,0.4617706537246704,-0.13086988031864166,0.1586814820766449,0.4133282005786896,-0.1309252232313156,0.19707265496253967,0.35765865445137024,-0.10960230231285095,0.2104099541902542,0.0,0.0,0.0,-0.12615333497524261,-0.14432868361473083,0.04449671134352684,-0.1616375744342804,-0.3498619794845581,0.08439494669437408,-0.14773374795913696,-0.48236051201820374,0.1043177917599678,-0.11766485124826431,-0.5559157729148865,0.12274383753538132,-0.03779403120279312,-0.5398026704788208,0.12962424755096436,-0.0836900919675827,-0.6904498338699341,0.1385604441165924,-0.1263071596622467,-0.8157687783241272,0.1319848895072937,-0.15396340191364288,-0.9202956557273865,0.11860284209251404,0.002909156261011958,-0.5418412685394287,0.07706490159034729,-0.06009257957339287,-0.7186915874481201,0.06457450985908508,-0.10945206880569458,-0.8590574264526367,0.04053975269198418,-0.1503814309835434,-0.9882903099060059,0.025839146226644516,0.032581426203250885,-0.520272970199585,0.016695939004421234,-0.045191194862127304,-0.7007313370704651,-0.020405853167176247,-0.09713306277990341,-0.8397177457809448,-0.04470404237508774,-0.13826553523540497,-0.9731203317642212,-0.05399753525853157,0.04086489975452423,-0.48557814955711365,-0.04330575093626976,-0.034747082740068436,-0.6737746596336365,-0.08636321127414703,-0.081845223903656,-0.7919583916664124,-0.10637572407722473,-0.11769977957010269,-0.9022974967956543,-0.11570596694946289,COLD
0.0,0.0,0.0,0.05103381723165512,-0.29913854598999023,0.06262633204460144,0.2060190737247467,-0.47910651564598083,0.11054874956607819,0.35308513045310974,-0.46855148673057556,0.15612415969371796,0.43975743651390076,-0.367723286151886,0.19523340463638306,0.372973769903183,-0.4634910523891449,0.0375843308866024,0.6085734367370605,-0.521811842918396,0.08953025192022324,0.7350989580154419,-0.5251837372779846,0.12160366773605347,0.8388640284538269,-0.5263782143592834,0.13868382573127747,0.4344041049480438,-0.30435073375701904,0.04181260988116264,0.5219117403030396,-0.37877416610717773,0.13110336661338806,0.4411817789077759,-0.38931331038475037,0.1827915459871292,0.3741369843482971,-0.37175896763801575,0.20297010242938995,0.4469785690307617,-0.15582208335399628,0.056336600333452225,0.48051196336746216,-0.25306373834609985,0.14821480214595795,0.4078364074230194,-0.25881242752075195,0.17228201031684875,0.34249404072761536,-0.23767615854740143,0.16523079574108124,0.4430284798145294,-0.04043639823794365,0.07671646773815155,0.4570794999599457,-0.13181762397289276,0.16142910718917847,0.4052172899246216,-0.13621482253074646,0.1956804245710373,0.34909671545028687,-0.11391450464725494,0.20718543231487274,0.0,0.0,0.0,-0.12446896731853485,-0.14441010355949402,0.0486718975007534,-0.15900719165802002,-0.3525259792804718,0.09071480482816696,-0.14501285552978516,-0.4850238263607025,0.11120577901601791,-0.11046447604894638,-0.5559839606285095,0.12959595024585724,-0.042785532772541046,-0.5412133932113647,0.13934695720672607,-0.08262036740779877,-0.6943230628967285,0.15000323951244354,-0.12379846721887589,-0.8178260922431946,0.14206759631633759,-0.151163712143898,-0.922374427318573,0.12699896097183228,-0.0039182137697935104,-0.5443283319473267,0.08495742082595825,-0.06214648857712746,-0.7220308780670166,0.07684292644262314,-0.10829778015613556,-0.862670361995697,0.05144217610359192,-0.14704370498657227,-0.9885522723197937,0.03380013629794121,0.027265725657343864,-0.5229969024658203,0.022539447993040085,-0.045072659850120544,-0.7053863406181335,-0.009747066535055637,-0.09475135803222656,-0.8445888757705688,-0.0363762229681015,-0.13468942046165466,-0.9728175401687622,-0.049778733402490616,0.04003029689192772,-0.48951685428619385,-0.03953045979142189,-0.030949288979172707,-0.6725666522979736,-0.07979168742895126,-0.07506196200847626,-0.7885712385177612,-0.10146790742874146,-0.10919659584760666,-0.8971461057662964,-0.11376835405826569,COLD
0.0,0.0,0.0,0.05377443879842758,-0.294442743062973,0.07313716411590576,0.2153674215078354,-0.47489142417907715,0.13426055014133453,0.3555885851383209,-0.4727267026901245,0.19872096180915833,0.4456038475036621,-0.3890862762928009,0.25829407572746277,0.3765532970428467,-0.4703774154186249,0.03261258080601692,0.6090218424797058,-0.5253832936286926,0.09170122444629669,0.7315206527709961,-0.5295457243919373,0.12341311573982239,0.8351607918739319,-0.5318379998207092,0.14019577205181122,0.43218228220939636,-0.31089362502098083,0.04393093287944794,0.5146302580833435,-0.38556867837905884,0.16755574941635132,0.43298259377479553,-0.3947298526763916,0.23531970381736755,0.3701428771018982,-0.3809954822063446,0.2569655179977417,0.44152966141700745,-0.16419978439807892,0.06640995293855667,0.4792945981025696,-0.26135045289993286,0.18946494162082672,0.4021713435649872,-0.2616410553455353,0.21488799154758453,0.3405973017215729,-0.24318653345108032,0.19803088903427124,0.44053781032562256,-0.05162549018859863,0.0959971621632576,0.4536178410053253,-0.1379118710756302,0.2006702870130539,0.4009149372577667,-0.13667181134223938,0.23401886224746704,0.3454074263572693,-0.11664899438619614,0.23825615644454956,0.0,0.0,0.0,-0.12676507234573364,-0.14598535001277924,0.056258268654346466,-0.1613496094942093,-0.3528565764427185,0.10078305006027222,-0.14619609713554382,-0.488739550113678,0.1212104931473732,-0.11248213052749634,-0.5606164932250977,0.13899226486682892,-0.04742197319865227,-0.5421819090843201,0.15154799818992615,-0.08722495287656784,-0.6970590949058533,0.16684909164905548,-0.12785884737968445,-0.8184353113174438,0.16235563158988953,-0.15413324534893036,-0.9207791090011597,0.14957453310489655,-0.007800084073096514,-0.5461657643318176,0.09199660271406174,-0.06466973572969437,-0.7250903844833374,0.0888000950217247,-0.11170864850282669,-0.8646625280380249,0.06681420654058456,-0.15041524171829224,-0.9872921109199524,0.05127854645252228,0.024189991876482964,-0.524192750453949,0.024094639346003532,-0.046598292887210846,-0.7068291902542114,-0.005078548565506935,-0.09662492573261261,-0.8476094603538513,-0.029514985159039497,-0.13506759703159332,-0.974473237991333,-0.04212191700935364,0.03658361732959747,-0.49054983258247375,-0.04322405159473419,-0.03535943105816841,-0.6756709814071655,-0.08394256234169006,-0.08168110996484756,-0.7945243120193481,-0.10634460300207138,-0.11673793941736221,-0.9026083946228027,-0.11933332681655884,COLD
0.0,0.0,0.0,0.054649125784635544,-0.29441359639167786,0.07423067837953568,0.21072857081890106,-0.47250422835350037,0.13285702466964722,0.3488340675830841,-0.4673634171485901,0.19355173408985138,0.43732503056526184,-0.3728078603744507,0.24832062423229218,0.3778717815876007,-0.46875035762786865,0.029660936444997787,0.6116460561752319,-0.5244448781013489,0.08483795821666718,0.7359257936477661,-0.5273206830024719,0.11591867357492447,0.8394724130630493,-0.5268998742103577,0.13290047645568848,0.4329994320869446,-0.31007200479507446,0.0396886020898819,0.5187671780586243,-0.3896191418170929,0.15364889800548553,0.4368579685688019,-0.40065711736679077,0.2188529223203659,0.37157997488975525,-0.3846206068992615,0.2411038726568222,0.44146156311035156,-0.16286326944828033,0.06141072139143944,0.4802611470222473,-0.2633250653743744,0.17490456998348236,0.40488263964653015,-0.26431727409362793,0.20030000805854797,0.3401850759983063,-0.2431439608335495,0.1865558624267578,0.43989697098731995,-0.05069972947239876,0.09065496921539307,0.45297741889953613,-0.14319901168346405,0.186081662774086,0.3993949294090271,-0.14322850108146667,0.21754616498947144,0.34152165055274963,-0.12270025163888931,0.2229498326778412,0.0,0.0,0.0,-0.12402831763029099,-0.14150913059711456,0.043429676443338394,-0.15959666669368744,-0.35234910249710083,0.08110498636960983,-0.14250409603118896,-0.4896553158760071,0.09746420383453369,-0.10385007411241531,-0.5520603656768799,0.11127530038356781,-0.04482463747262955,-0.5439327359199524,0.13104623556137085,-0.08405344188213348,-0.6984419226646423,0.14030824601650238,-0.12461031228303909,-0.8207741975784302,0.13177332282066345,-0.15129134058952332,-0.9245044589042664,0.11612138897180557,-0.00429201265797019,-0.5462472438812256,0.07683523744344711,-0.06085234507918358,-0.7237263321876526,0.06700044870376587,-0.10829870402812958,-0.8635725975036621,0.04051319137215614,-0.1478842794895172,-0.9887552857398987,0.02220979705452919,0.02843708172440529,-0.5226519703865051,0.01445199828594923,-0.044632647186517715,-0.7050608992576599,-0.019898418337106705,-0.09419431537389755,-0.8480135798454285,-0.04821391776204109,-0.1324596256017685,-0.9786093235015869,-0.06258701533079147,0.04068947955965996,-0.4862397313117981,-0.04790319502353668,-0.03476514667272568,-0.6734111905097961,-0.08981209993362427,-0.0808057114481926,-0.7932451963424683,-0.1122908815741539,-0.11467810720205307,-0.9032719731330872,-0.12512977421283722,COLD
0.0,0.0,0.0,0.045179467648267746,-0.29932019114494324,0.06572096794843674,0.20031185448169708,-0.48135918378829956,0.11702708899974823,0.34848976135253906,-0.48681771755218506,0.1695958822965622,0.4406048059463501,-0.39763012528419495,0.21585404872894287,0.37274304032325745,-0.4674885869026184,0.02661127969622612,0.6081647872924805,-0.5287976264953613,0.07685493677854538,0.7334042191505432,-0.5330352187156677,0.10402515530586243,0.8387849926948547,-0.5315804481506348,0.11773664504289627,0.42976972460746765,-0.3079856038093567,0.03563652187585831,0.5161210298538208,-0.39454206824302673,0.13817639648914337,0.43521928787231445,-0.40727493166923523,0.197726771235466,0.3697308301925659,-0.3879399597644806,0.2181909829378128,0.43954217433929443,-0.1617012917995453,0.055378008633852005,0.47523438930511475,-0.2670990824699402,0.15854229032993317,0.40260836482048035,-0.269940048456192,0.18216025829315186,0.33728983998298645,-0.24424976110458374,0.16948571801185608,0.43731141090393066,-0.049040086567401886,0.0816306471824646,0.4504167139530182,-0.14358551800251007,0.1687394082546234,0.3966076672077179,-0.14156199991703033,0.19865694642066956,0.3376796245574951,-0.11326082050800323,0.20442749559879303,0.0,0.0,0.0,-0.12891623377799988,-0.12379047274589539,0.04603060334920883,-0.17133313417434692,-0.3489072322845459,0.09711914509534836,-0.15502968430519104,-0.4905052185058594,0.12840542197227478,-0.11538881808519363,-0.5468598008155823,0.1587296575307846,-0.050832800567150116,-0.5433788299560547,0.14328056573867798,-0.0977698415517807,-0.6838895678520203,0.16108931601047516,-0.14272046089172363,-0.8107120394706726,0.16317777335643768,-0.17029814422130585,-0.9107733368873596,0.15488171577453613,-0.003964733798056841,-0.5438050627708435,0.09133462607860565,-0.06689842790365219,-0.7192390561103821,0.07756836712360382,-0.11730441451072693,-0.8599104881286621,0.05627138540148735,-0.16255825757980347,-0.9855970740318298,0.04661600664258003,0.03153686597943306,-0.5178099870681763,0.03095937706530094,-0.043490320444107056,-0.6889492869377136,-0.013783734291791916,-0.09874221682548523,-0.8307065367698669,-0.03845488280057907,-0.14720703661441803,-0.9679200649261475,-0.04310281574726105,0.04057782143354416,-0.47785040736198425,-0.028436098247766495,-0.04308063164353371,-0.6635111570358276,-0.07750160992145538,-0.09206947684288025,-0.7848824858665466,-0.09986785054206848,-0.13000723719596863,-0.8977149724960327,-0.10844846814870834,COLD
0.0,0.0,0.0,0.04827757552266121,-0.2960842549800873,0.07485926896333694,0.20342415571212769,-0.47437092661857605,0.12984788417816162,0.3492627739906311,-0.4735272526741028,0.18410712480545044,0.4403163194656372,-0.38311225175857544,0.23193567991256714,0.377245157957077,-0.4692988097667694,0.036019466817379,0.6119770407676697,-0.5259902477264404,0.08877240121364594,0.7372629642486572,-0.5271480083465576,0.11659040302038193,0.8416493535041809,-0.5239948034286499,0.13059726357460022,0.4329608678817749,-0.30826812982559204,0.04111037030816078,0.5143535733222961,-0.388729453086853,0.1483186036348343,0.43141239881515503,-0.39974531531333923,0.20818845927715302,0.3663696050643921,-0.3801349699497223,0.2274845391511917,0.44152364134788513,-0.15899495780467987,0.05769649147987366,0.4762294292449951,-0.2627241909503937,0.16593725979328156,0.4014297425746918,-0.26700302958488464,0.1920444518327713,0.3362581133842468,-0.24253442883491516,0.17975303530693054,0.43900933861732483,-0.043915100395679474,0.08133160322904587,0.4514387249946594,-0.13940013945102692,0.17443585395812988,0.3973137140274048,-0.14028894901275635,0.20874103903770447,0.33907559514045715,-0.11581754684448242,0.21685244143009186,0.0,0.0,0.0,-0.12194878607988358,-0.13387185335159302,0.03261015564203262,-0.1578914076089859,-0.34838002920150757,0.06679703295230865,-0.14396122097969055,-0.48665547370910645,0.08298242837190628,-0.10495130717754364,-0.547914981842041,0.09736312925815582,-0.03993116319179535,-0.5406410694122314,0.11427395045757294,-0.08203636109828949,-0.6921866536140442,0.1191803589463234,-0.12520867586135864,-0.8174325227737427,0.10870093107223511,-0.1538938283920288,-0.9220468997955322,0.09186054021120071,0.0016386820934712887,-0.542248547077179,0.0665547102689743,-0.05868300050497055,-0.719880223274231,0.05136843025684357,-0.10657981038093567,-0.8607749342918396,0.022949855774641037,-0.148090198636055,-0.988966703414917,0.003780730301514268,0.03534479811787605,-0.5191892385482788,0.01087497640401125,-0.04059861972928047,-0.7004444003105164,-0.027906375005841255,-0.09185249358415604,-0.8407936692237854,-0.05768559128046036,-0.13418903946876526,-0.9719341993331909,-0.07201036065816879,0.04799952730536461,-0.4823288023471832,-0.045195091515779495,-0.028391676023602486,-0.6650159955024719,-0.08794975280761719,-0.07431560754776001,-0.782827615737915,-0.11050455272197723,-0.1093035414814949,-0.8927480578422546,-0.1230955496430397,COLD
0.0,0.0,0.0,0.045369889587163925,-0.29912298917770386,0.07177133858203888,0.19856587052345276,-0.480231374502182,0.12590555846691132,0.3379592001438141,-0.4784811735153198,0.1801415979862213,0.4244154691696167,-0.3778025209903717,0.22777758538722992,0.3712937831878662,-0.4720029830932617,0.027772972360253334,0.6095390319824219,-0.5287631154060364,0.07398098707199097,0.736457109451294,-0.5321536660194397,0.0981823280453682,0.8419217467308044,-0.5281370878219604,0.11062975227832794,0.42845070362091064,-0.3098188042640686,0.03325121849775314,0.512245774269104,-0.396498441696167,0.13667653501033783,0.429456502199173,-0.41045254468917847,0.19815868139266968,0.364082008600235,-0.388055682182312,0.21949180960655212,0.43675240874290466,-0.16078467667102814,0.04934965819120407,0.4710371196269989,-0.26644468307495117,0.1524512767791748,0.397817462682724,-0.2690795660018921,0.1774483323097229,0.33299198746681213,-0.2405068576335907,0.16589778661727905,0.43288344144821167,-0.04336617514491081,0.07231121510267258,0.4476710259914398,-0.13918893039226532,0.15988299250602722,0.3937969505786896,-0.13559961318969727,0.19216860830783844,0.33349230885505676,-0.10576567053794861,0.19985997676849365,0.0,0.0,0.0,-0.12046003341674805,-0.12933744490146637,0.03135519102215767,-0.15968987345695496,-0.3486197888851166,0.0668521299958229,-0.14349286258220673,-0.4879772961139679,0.08503704518079758,-0.09878607839345932,-0.5463894605636597,0.10222344845533371,-0.04136168211698532,-0.5455873608589172,0.11250370740890503,-0.08478274196386337,-0.6935232877731323,0.11871160566806793,-0.12773163616657257,-0.8200462460517883,0.11159876734018326,-0.15586121380329132,-0.9239299893379211,0.09706608206033707,0.002291755983605981,-0.5462797284126282,0.06520814448595047,-0.057672128081321716,-0.7226424813270569,0.04662170633673668,-0.10609565675258636,-0.8613049387931824,0.02008247934281826,-0.1502275913953781,-0.9886404275894165,0.004670344293117523,0.03815827891230583,-0.5224785804748535,0.01007361151278019,-0.038829121738672256,-0.702407956123352,-0.033774234354496,-0.09205389022827148,-0.8436704277992249,-0.06168026104569435,-0.13805492222309113,-0.9790650606155396,-0.07154329121112823,0.051507048308849335,-0.4833522439002991,-0.045238196849823,-0.029170561581850052,-0.6718419194221497,-0.09126430004835129,-0.07703539729118347,-0.7927456498146057,-0.11276908963918686,-0.11358937621116638,-0.9043230414390564,-0.12241058051586151,COLD
0.0,0.0,0.0,0.04534214735031128,-0.29633212089538574,0.06465623527765274,0.19830650091171265,-0.47838810086250305,0.11358919739723206,0.34066975116729736,-0.47633111476898193,0.16253149509429932,0.42735224962234497,-0.37542271614074707,0.2045200616121292,0.37914571166038513,-0.4665047526359558,0.026038741692900658,0.6121137738227844,-0.5235207676887512,0.07025755941867828,0.7399439811706543,-0.5272662043571472,0.09233319759368896,0.8459582924842834,-0.5232521891593933,0.10277051478624344,0.4353089928627014,-0.303598016500473,0.03199462592601776,0.5092240571975708,-0.3928273320198059,0.12982657551765442,0.42712804675102234,-0.40823987126350403,0.18699149787425995,0.36302298307418823,-0.3879607319831848,0.20622332394123077,0.44084417819976807,-0.15542149543762207,0.04792215675115585,0.46791934967041016,-0.26403528451919556,0.14593268930912018,0.39657366275787354,-0.2685934603214264,0.16976207494735718,0.3315311074256897,-0.24184301495552063,0.15861332416534424,0.43326544761657715,-0.03964986279606819,0.06990011781454086,0.4432726800441742,-0.13843728601932526,0.1530177891254425,0.39116862416267395,-0.1342504322528839,0.1845812052488327,0.33169132471084595,-0.10341821610927582,0.1928284466266632,0.0,0.0,0.0,-0.12340008467435837,-0.13917480409145355,0.041165389120578766,-0.15966366231441498,-0.35223662853240967,0.07930035144090652,-0.14526386559009552,-0.48781251907348633,0.09800637513399124,-0.10524101555347443,-0.551400899887085,0.11501959711313248,-0.042524076998233795,-0.5431024432182312,0.12152090668678284,-0.08620163053274155,-0.6949004530906677,0.12977848947048187,-0.12805108726024628,-0.81846022605896,0.12419424951076508,-0.15531298518180847,-0.9215904474258423,0.11108201742172241,0.0015311960596591234,-0.5435797572135925,0.0694514736533165,-0.05883461609482765,-0.7240147590637207,0.05291695520281792,-0.10764465481042862,-0.862718403339386,0.027139896526932716,-0.15140782296657562,-0.9883983135223389,0.012014489620923996,0.03674653545022011,-0.5192912220954895,0.01010721456259489,-0.04030456393957138,-0.7028619050979614,-0.03172564134001732,-0.09369483590126038,-0.8437767028808594,-0.05919504165649414,-0.13966290652751923,-0.9761499166488647,-0.06919360160827637,0.04898286238312721,-0.47955521941185,-0.04847259074449539,-0.031065678223967552,-0.6716269850730896,-0.09288434684276581,-0.07863160967826843,-0.7921470999717712,-0.11341974139213562,-0.11538887768983841,-0.9010300040245056,-0.12265639007091522,COLD
0.0,0.0,0.0,0.048424333333969116,-0.2984163463115692,0.06753138452768326,0.20022307336330414,-0.47608983516693115,0.11921262741088867,0.338545560836792,-0.4748407006263733,0.17467646300792694,0.43018901348114014,-0.3849060535430908,0.22400513291358948,0.3764568567276001,-0.46812939643859863,0.00960453413426876,0.6142680048942566,-0.5273587703704834,0.051351308822631836,0.741870641708374,-0.5281010866165161,0.0717591792345047,0.8488025069236755,-0.5222453474998474,0.0824262797832489,0.43103277683258057,-0.3032603859901428,0.020846692845225334,0.5150833129882812,-0.39571407437324524,0.12799690663814545,0.4308268427848816,-0.41078832745552063,0.1933438926935196,0.3655979633331299,-0.39118459820747375,0.21486565470695496,0.43741029500961304,-0.15408478677272797,0.04320981353521347,0.4755682051181793,-0.2669653594493866,0.14987513422966003,0.39890056848526,-0.2701369822025299,0.1767234206199646,0.3342573344707489,-0.2437361776828766,0.16414855420589447,0.43302059173583984,-0.03796755149960518,0.07275030761957169,0.447645366191864,-0.1399899423122406,0.16303986310958862,0.39256855845451355,-0.13741958141326904,0.1967540830373764,0.3323916792869568,-0.11030517518520355,0.20399446785449982,0.0,0.0,0.0,-0.12459050118923187,-0.14259657263755798,0.04561971127986908,-0.16103407740592957,-0.3545161187648773,0.08545418828725815,-0.14775975048542023,-0.4923996329307556,0.10464570671319962,-0.10703512281179428,-0.5522844791412354,0.12192770838737488,-0.041753362864255905,-0.5432956218719482,0.13027013838291168,-0.08531041443347931,-0.6957363486289978,0.1410353034734726,-0.12793435156345367,-0.8180844783782959,0.1365075558423996,-0.15667623281478882,-0.9200999736785889,0.12400790303945541,0.000475734326755628,-0.5441095232963562,0.07622931897640228,-0.059129051864147186,-0.7234796285629272,0.06307501345872879,-0.1089978814125061,-0.8627700805664062,0.03886452317237854,-0.1530666947364807,-0.9879167675971985,0.024310411885380745,0.033645711839199066,-0.5204115509986877,0.014709049835801125,-0.04223521426320076,-0.7044396996498108,-0.02393231727182865,-0.09489058703184128,-0.8458189368247986,-0.04999757185578346,-0.13864760100841522,-0.9762492179870605,-0.05980055034160614,0.043884821236133575,-0.4828723669052124,-0.046029917895793915,-0.03402423858642578,-0.6754776835441589,-0.08899983018636703,-0.08058842271566391,-0.7967748641967773,-0.10924707353115082,-0.1153143048286438,-0.9058654308319092,-0.1186869740486145,COLD
0.0,0.0,0.0,0.05117623507976532,-0.2997634708881378,0.07323937863111496,0.20190323889255524,-0.47576093673706055,0.1293983906507492,0.33680951595306396,-0.4778611361980438,0.19289709627628326,0.43408793210983276,-0.398069828748703,0.2504996955394745,0.3749212324619293,-0.47628068923950195,0.0003941269242204726,0.6120433807373047,-0.5321979522705078,0.04628847539424896,0.7372639775276184,-0.534153163433075,0.06567993760108948,0.844336986541748,-0.5305160880088806,0.07515188306570053,0.42490437626838684,-0.31076779961586,0.01653323322534561,0.5086944699287415,-0.39963677525520325,0.14272962510585785,0.42306309938430786,-0.4121752083301544,0.21502575278282166,0.3575049638748169,-0.3953171670436859,0.23487511277198792,0.43027549982070923,-0.16154253482818604,0.045293178409338,0.47053998708724976,-0.2697725296020508,0.1712615042924881,0.38957661390304565,-0.2663610875606537,0.19732511043548584,0.32580792903900146,-0.24045519530773163,0.1765826940536499,0.43099501729011536,-0.045645974576473236,0.0821535587310791,0.4417720437049866,-0.14104411005973816,0.18546301126480103,0.3828149139881134,-0.13330703973770142,0.2182527780532837,0.32230567932128906,-0.1078844964504242,0.2198949009180069,0.0,0.0,0.0,-0.1226176843047142,-0.12755849957466125,0.04154413938522339,-0.16680720448493958,-0.353256493806839,0.08441183716058731,-0.15155726671218872,-0.495700865983963,0.1080840677022934,-0.10643737018108368,-0.5439463257789612,0.13082024455070496,-0.049328628927469254,-0.5469562411308289,0.1268712878227234,-0.09485720843076706,-0.6900811195373535,0.1388804018497467,-0.13806962966918945,-0.8150686621665955,0.13792584836483002,-0.16535741090774536,-0.9149996638298035,0.1276375949382782,-0.002439691685140133,-0.5468541383743286,0.07526920735836029,-0.06556756794452667,-0.7231322526931763,0.05731052905321121,-0.11413520574569702,-0.8612014651298523,0.03576214984059334,-0.1585572063922882,-0.9870074987411499,0.025994572788476944,0.034862540662288666,-0.5218115448951721,0.015969375148415565,-0.044685982167720795,-0.6988736391067505,-0.029043003916740417,-0.09781835973262787,-0.8377181887626648,-0.05137806758284569,-0.1440708339214325,-0.9725046157836914,-0.055011145770549774,0.04714977368712425,-0.48067957162857056,-0.04277371987700462,-0.036499425768852234,-0.6699629426002502,-0.08914335817098618,-0.08430752158164978,-0.7904289364814758,-0.10783717781305313,-0.1202474907040596,-0.9006070494651794,-0.11416799575090408,COLD
0.0,0.0,0.0,0.05027712136507034,-0.2968558371067047,0.07135022431612015,0.2022002935409546,-0.47310560941696167,0.12443063408136368,0.34225428104400635,-0.4721509516239166,0.18196576833724976,0.43779340386390686,-0.38906288146972656,0.23325079679489136,0.37404847145080566,-0.4646308124065399,0.006902685854583979,0.61115962266922,-0.522680401802063,0.04847506433725357,0.7392800450325012,-0.5256305932998657,0.06616409868001938,0.8486658930778503,-0.523669958114624,0.07440397888422012,0.4266331195831299,-0.3006911277770996,0.017718957737088203,0.5106455087661743,-0.39331069588661194,0.13080549240112305,0.42607954144477844,-0.40599021315574646,0.1976166069507599,0.3616575598716736,-0.38596203923225403,0.21730610728263855,0.4328441023826599,-0.1545386165380478,0.04017538204789162,0.4708669185638428,-0.2654474377632141,0.15317322313785553,0.3930707275867462,-0.2659580409526825,0.17990675568580627,0.32882577180862427,-0.23812831938266754,0.1640450358390808,0.4315631687641144,-0.04073934629559517,0.07012399286031723,0.4427212178707123,-0.14064443111419678,0.16405366361141205,0.3848471939563751,-0.13474120199680328,0.19727453589439392,0.32473519444465637,-0.10600501298904419,0.2021956443786621,0.0,0.0,0.0,-0.1258157640695572,-0.13916921615600586,0.040196776390075684,-0.1643574982881546,-0.3565557897090912,0.07980860769748688,-0.15011994540691376,-0.4962494671344757,0.1001085564494133,-0.10740617662668228,-0.5538696050643921,0.11894675344228745,-0.04957064613699913,-0.5408478379249573,0.12757089734077454,-0.09192344546318054,-0.6914058327674866,0.13767875730991364,-0.13427135348320007,-0.816110372543335,0.1320379376411438,-0.1634950488805771,-0.9188312888145447,0.11843927204608917,-0.007063353434205055,-0.5422825813293457,0.07729081064462662,-0.0660758689045906,-0.7196977734565735,0.0626310333609581,-0.11470943689346313,-0.8593164682388306,0.036294519901275635,-0.15912199020385742,-0.9870495200157166,0.020336288958787918,0.02774905413389206,-0.5207804441452026,0.01933685876429081,-0.04741059988737106,-0.70102459192276,-0.02004092000424862,-0.09875843673944473,-0.8409221172332764,-0.047828901559114456,-0.14308379590511322,-0.9724828600883484,-0.05870235711336136,0.041139937937259674,-0.48584476113319397,-0.038249678909778595,-0.035880547016859055,-0.6724106073379517,-0.07987628132104874,-0.08213859796524048,-0.7901948094367981,-0.0999213233590126,-0.11725544184446335,-0.8982772827148438,-0.10959336906671524,COLD
0.0,0.0,0.0,0.048834193497896194,-0.2974860966205597,0.06396646052598953,0.20626060664653778,-0.4775595963001251,0.11504910886287689,0.35022538900375366,-0.4749114215373993,0.17100803554058075,0.44375064969062805,-0.38673996925354004,0.22125661373138428,0.37930595874786377,-0.4634953737258911,0.006859872490167618,0.6165578961372375,-0.523596465587616,0.04855238273739815,0.743773877620697,-0.5241910815238953,0.0671069547533989,0.8520610332489014,-0.5179157853126526,0.07586327940225601,0.4326718747615814,-0.2977159321308136,0.019096091389656067,0.5123432278633118,-0.3942126929759979,0.12891849875450134,0.42678868770599365,-0.40937602519989014,0.19417548179626465,0.36226558685302734,-0.3878219723701477,0.21426625549793243,0.4380949139595032,-0.152520552277565,0.04181570187211037,0.47384411096572876,-0.266801655292511,0.15054243803024292,0.39684611558914185,-0.2683943808078766,0.17601682245731354,0.3330882787704468,-0.24075563251972198,0.16107966005802155,0.434368371963501,-0.039409931749105453,0.07122447341680527,0.445900559425354,-0.1400386095046997,0.16260764002799988,0.3907295763492584,-0.13442407548427582,0.19512337446212769,0.33225464820861816,-0.10609985142946243,0.20049549639225006,0.0,0.0,0.0,-0.12364336848258972,-0.1342286616563797,0.03933870792388916,-0.1623009294271469,-0.35510075092315674,0.07973193377256393,-0.1470547914505005,-0.4939279556274414,0.10108866542577744,-0.1054898127913475,-0.5552688241004944,0.12094633281230927,-0.0463532917201519,-0.5407918095588684,0.1256095916032791,-0.08699176460504532,-0.6905977725982666,0.1357782483100891,-0.1282901018857956,-0.8150936365127563,0.12992942333221436,-0.15588687360286713,-0.9177277684211731,0.11606547236442566,-0.003989292774349451,-0.5429189205169678,0.07571424543857574,-0.06263874471187592,-0.7198136448860168,0.061203956604003906,-0.11013103276491165,-0.8602127432823181,0.034203771501779556,-0.1524142026901245,-0.9881618022918701,0.017499957233667374,0.030219798907637596,-0.5203728079795837,0.018179552629590034,-0.044146981090307236,-0.6990059018135071,-0.020655322819948196,-0.09533292055130005,-0.8376638889312744,-0.04920787736773491,-0.13891741633415222,-0.969577968120575,-0.06119634956121445,0.04318409040570259,-0.48265931010246277,-0.03912034630775452,-0.03331346437335014,-0.6660177111625671,-0.08050894737243652,-0.07965650409460068,-0.7819918990135193,-0.10147448629140854,-0.11491438746452332,-0.8899905681610107,-0.11227477341890335,COLD
0.0,0.0,0.0,0.046811748296022415,-0.29343584179878235,0.07157595455646515,0.2015155553817749,-0.4701842665672302,0.12010163813829422,0.3484590947628021,-0.4695965647697449,0.17113454639911652,0.44285374879837036,-0.3820033371448517,0.21583063900470734,0.372254341840744,-0.46355581283569336,0.0046315426006913185,0.6152451634407043,-0.5208932161331177,0.04181768372654915,0.7451186776161194,-0.5203372836112976,0.05871683731675148,0.8543835878372192,-0.515334963798523,0.0667729526758194,0.42798924446105957,-0.2945419251918793,0.013487070798873901,0.5178569555282593,-0.38646239042282104,0.11985338479280472,0.43319183588027954,-0.3995457589626312,0.18739360570907593,0.36799854040145874,-0.37940967082977295,0.20907530188560486,0.43661677837371826,-0.14482654631137848,0.033987175673246384,0.48110145330429077,-0.2573692798614502,0.142632856965065,0.40595540404319763,-0.25977176427841187,0.17478205263614655,0.34072044491767883,-0.2321390062570572,0.16384896636009216,0.43474671244621277,-0.03036060743033886,0.06186727434396744,0.45331600308418274,-0.12759754061698914,0.15617099404335022,0.3978736400604248,-0.12301496416330338,0.19430866837501526,0.33989661931991577,-0.09486905485391617,0.20303423702716827,0.0,0.0,0.0,-0.12654918432235718,-0.14022913575172424,0.045681677758693695,-0.16980746388435364,-0.3551081120967865,0.08814843744039536,-0.15743952989578247,-0.4919377863407135,0.10929659754037857,-0.11692723631858826,-0.5449162125587463,0.1284308284521103,-0.060610055923461914,-0.5359684824943542,0.13731709122657776,-0.10118455439805984,-0.6869239807128906,0.14932143688201904,-0.14041630923748016,-0.8117175102233887,0.14331753551959991,-0.16702912747859955,-0.9155362844467163,0.12909775972366333,-0.016986902803182602,-0.5370336771011353,0.08294831961393356,-0.07327529042959213,-0.7166244983673096,0.06956842541694641,-0.11942040175199509,-0.8592350482940674,0.04112197458744049,-0.1612224578857422,-0.9866506457328796,0.0229738000780344,0.01859256625175476,-0.5131915807723999,0.020754430443048477,-0.0502706915140152,-0.6917226910591125,-0.0180524829775095,-0.1003260612487793,-0.8343196511268616,-0.049256421625614166,-0.14387357234954834,-0.9655163884162903,-0.06312016397714615,0.03284734860062599,-0.473999559879303,-0.04070650413632393,-0.04221852123737335,-0.6596173644065857,-0.08208183944225311,-0.08857648074626923,-0.7793302536010742,-0.10419303178787231,-0.12410018593072891,-0.8873699307441711,-0.11622043699026108,COLD
0.0,0.0,0.0,0.04258577898144722,-0.2941705584526062,0.06096669286489487,0.19498789310455322,-0.4755258858203888,0.10455526411533356,0.34370800852775574,-0.4723062515258789,0.14860759675502777,0.4303821921348572,-0.37004902958869934,0.1861344277858734,0.36917951703071594,-0.4603734612464905,0.004743477795273066,0.6115351319313049,-0.518796980381012,0.03276754170656204,0.7451779842376709,-0.5195139050483704,0.04627851024270058,0.8562037348747253,-0.5140076279640198,0.05206909030675888,0.42879071831703186,-0.29146653413772583,0.009220020845532417,0.5165737271308899,-0.3876385986804962,0.09192540496587753,0.4321722388267517,-0.4006085991859436,0.14975778758525848,0.3675713837146759,-0.37720322608947754,0.1710655838251114,0.440043568611145,-0.14318814873695374,0.02336646430194378,0.477357417345047,-0.2581408619880676,0.10812905430793762,0.4054548740386963,-0.2614361047744751,0.1387350857257843,0.3396596312522888,-0.23126377165317535,0.13450326025485992,0.43669140338897705,-0.028209907934069633,0.043252527713775635,0.4541550874710083,-0.13007988035678864,0.11627557873725891,0.40039077401161194,-0.12431095540523529,0.15036660432815552,0.3421115577220917,-0.09242412447929382,0.16196559369564056,0.0,0.0,0.0,-0.12732204794883728,-0.13751688599586487,0.044607825577259064,-0.17021414637565613,-0.35230547189712524,0.08708763867616653,-0.15708021819591522,-0.4905339479446411,0.10880261659622192,-0.11656763404607773,-0.5429307818412781,0.12831038236618042,-0.05777418985962868,-0.5387502312660217,0.13511186838150024,-0.09898490458726883,-0.6863707304000854,0.14709335565567017,-0.13937923312187195,-0.8088285326957703,0.14201204478740692,-0.16562561690807343,-0.9106239676475525,0.12861225008964539,-0.013795199804008007,-0.539459228515625,0.08133113384246826,-0.07162066549062729,-0.7175365686416626,0.06720241904258728,-0.11890057474374771,-0.8593206405639648,0.040506135672330856,-0.16040273010730743,-0.9867514371871948,0.02434457652270794,0.022468144074082375,-0.5137178301811218,0.01959267631173134,-0.04997938126325607,-0.6909346580505371,-0.02109593339264393,-0.10082023590803146,-0.8315275311470032,-0.051130373030900955,-0.14347849786281586,-0.9621918201446533,-0.063264861702919,0.03664333373308182,-0.47122901678085327,-0.04141693189740181,-0.040061235427856445,-0.6563250422477722,-0.08552922308444977,-0.08759507536888123,-0.7744837999343872,-0.10823829472064972,-0.12357692420482635,-0.881987452507019,-0.11989973485469818,COLD
0.0,0.0,0.0,0.04292166978120804,-0.29967859387397766,0.05143139138817787,0.19926336407661438,-0.48257988691329956,0.09056403487920761,0.3511345386505127,-0.4740781784057617,0.13163866102695465,0.4406960904598236,-0.3750893771648407,0.16662625968456268,0.3776250183582306,-0.45688551664352417,-0.0021633636206388474,0.6173645257949829,-0.5177082419395447,0.024773091077804565,0.7490397095680237,-0.5168069005012512,0.037736788392066956,0.8595702648162842,-0.5092140436172485,0.04289398714900017,0.4360484480857849,-0.28624293208122253,0.0056607685983181,0.5197477340698242,-0.38874322175979614,0.08349989354610443,0.4333617091178894,-0.40587908029556274,0.13913844525814056,0.36899176239967346,-0.3813692033290863,0.16007237136363983,0.4443501830101013,-0.13903529942035675,0.02245468460023403,0.4824984669685364,-0.26005324721336365,0.10175485163927078,0.4106987714767456,-0.26952987909317017,0.1323148012161255,0.3443336486816406,-0.23999479413032532,0.1299528181552887,0.4372763931751251,-0.025129757821559906,0.04424049332737923,0.45713889598846436,-0.1302133947610855,0.11391428858041763,0.40419331192970276,-0.1315675526857376,0.1478506177663803,0.3465062081813812,-0.10194914788007736,0.16042906045913696,0.0,0.0,0.0,-0.13035857677459717,-0.1439477503299713,0.04914746806025505,-0.1709229201078415,-0.35444778203964233,0.09152062237262726,-0.16029512882232666,-0.4908314049243927,0.11184140294790268,-0.12140930444002151,-0.5439245104789734,0.12972864508628845,-0.0616905614733696,-0.5364283323287964,0.13950082659721375,-0.1017170399427414,-0.6871033906936646,0.1515500396490097,-0.14156244695186615,-0.8089714050292969,0.14563265442848206,-0.16873791813850403,-0.9113523364067078,0.1314340978860855,-0.02007659152150154,-0.5378140211105347,0.08391604572534561,-0.0770871490240097,-0.7182084321975708,0.0713522881269455,-0.12426614761352539,-0.8597224354743958,0.0444367378950119,-0.165353462100029,-0.9858621954917908,0.02709205262362957,0.014719568192958832,-0.5129308104515076,0.02068261243402958,-0.05516015738248825,-0.6937486529350281,-0.016249749809503555,-0.1044854074716568,-0.8329554796218872,-0.04598547890782356,-0.14529946446418762,-0.9596073627471924,-0.059783365577459335,0.029497843235731125,-0.47181734442710876,-0.0416426807641983,-0.03927301615476608,-0.6533064246177673,-0.08191006630659103,-0.08407474309206009,-0.7683053016662598,-0.10370651632547379,-0.11870566010475159,-0.8720405101776123,-0.11608083546161652,COLD
0.0,0.0,0.0,0.04480208829045296,-0.29446160793304443,0.05642731860280037,0.2028752565383911,-0.4702003300189972,0.09259051829576492,0.3577319383621216,-0.46351656317710876,0.12803517282009125,0.4484955966472626,-0.37016358971595764,0.15686175227165222,0.3714871108531952,-0.45718809962272644,-0.0003563141799531877,0.6143834590911865,-0.5174208283424377,0.02535650134086609,0.7482037544250488,-0.5160325169563293,0.03830939158797264,0.8591977953910828,-0.509827196598053,0.043072618544101715,0.43126317858695984,-0.2895447313785553,0.0024089866783469915,0.52277010679245,-0.3754446506500244,0.07758737355470657,0.43888360261917114,-0.38736194372177124,0.13239385187625885,0.3748558461666107,-0.3663061857223511,0.1525801718235016,0.44243425130844116,-0.13999426364898682,0.014946876093745232,0.4856244623661041,-0.24650442600250244,0.09613797068595886,0.4165858030319214,-0.2526080310344696,0.13146112859249115,0.35133153200149536,-0.226240873336792,0.1307140439748764,0.43641456961631775,-0.02365182340145111,0.03235369548201561,0.4617540240287781,-0.1149524673819542,0.10616114735603333,0.4104541540145874,-0.11312029510736465,0.14483405649662018,0.35462963581085205,-0.08465505391359329,0.15958817303180695,0.0,0.0,0.0,-0.1292036771774292,-0.14621718227863312,0.06333281844854355,-0.1711636632680893,-0.35545116662979126,0.11159631609916687,-0.15936189889907837,-0.4942869544029236,0.1336883157491684,-0.11991032212972641,-0.5499972701072693,0.1524980366230011,-0.06889384239912033,-0.5382911562919617,0.16419781744480133,-0.10713768750429153,-0.6916691660881042,0.18451446294784546,-0.14580155909061432,-0.8103010058403015,0.1833159327507019,-0.17102572321891785,-0.9109228253364563,0.17171667516231537,-0.025818748399615288,-0.5402932167053223,0.0996103286743164,-0.07949018478393555,-0.7227717041969299,0.0946350023150444,-0.12436036020517349,-0.8642137050628662,0.07061903178691864,-0.16328942775726318,-0.9850600957870483,0.05470980331301689,0.011007347144186497,-0.5148301720619202,0.027055177837610245,-0.056953079998493195,-0.6976039409637451,-0.006217021960765123,-0.10654719173908234,-0.8402889370918274,-0.03509611263871193,-0.14733721315860748,-0.9656901955604553,-0.04871143028140068,0.02785426378250122,-0.47424691915512085,-0.043788570910692215,-0.04366695135831833,-0.6614530086517334,-0.08347424119710922,-0.08971874415874481,-0.7789592742919922,-0.1052001342177391,-0.1247439906001091,-0.882203221321106,-0.117786705493927,COLD
0.0,0.0,0.0,0.043778546154499054,-0.2939293086528778,0.05504313111305237,0.19933921098709106,-0.4695017337799072,0.09069699794054031,0.3565227687358856,-0.46201130747795105,0.12357502430677414,0.44349581003189087,-0.36054158210754395,0.15004709362983704,0.37122952938079834,-0.46152907609939575,0.008329925127327442,0.6144343614578247,-0.5153443217277527,0.03236892819404602,0.7502784729003906,-0.5142789483070374,0.04674997925758362,0.8600876927375793,-0.5073915123939514,0.05294327065348625,0.43006566166877747,-0.293057918548584,0.008357267826795578,0.5255582928657532,-0.36974915862083435,0.07004204392433167,0.4430466592311859,-0.3804958164691925,0.1189878061413765,0.3759162724018097,-0.3611612617969513,0.1399780809879303,0.4421048164367676,-0.1417323648929596,0.017522700130939484,0.48470616340637207,-0.24211852252483368,0.08632790297269821,0.4177590608596802,-0.2503495216369629,0.1200503259897232,0.3498840034008026,-0.225723534822464,0.1232735887169838,0.43701231479644775,-0.024621032178401947,0.031182507053017616,0.45834824442863464,-0.1143905520439148,0.09553535282611847,0.4070679247379303,-0.1144980788230896,0.13142843544483185,0.3519474267959595,-0.08654775470495224,0.14748576283454895,0.0,0.0,0.0,-0.13158383965492249,-0.13992497324943542,0.052615974098443985,-0.17703735828399658,-0.3553917706012726,0.09652518481016159,-0.16475270688533783,-0.4971826672554016,0.11695991456508636,-0.12381912767887115,-0.550290584564209,0.13470526039600372,-0.07635084539651871,-0.5392404198646545,0.1481398046016693,-0.11278851330280304,-0.6898435354232788,0.16462688148021698,-0.14978189766407013,-0.8086084127426147,0.16201068460941315,-0.17389552295207977,-0.9083908796310425,0.14988991618156433,-0.03123411163687706,-0.5403929352760315,0.08932951092720032,-0.08421246707439423,-0.7215867638587952,0.07951848953962326,-0.12851591408252716,-0.8625749349594116,0.05456629395484924,-0.1670657992362976,-0.9851754307746887,0.03896522521972656,0.007241241168230772,-0.5133900046348572,0.022555764764547348,-0.057899247854948044,-0.6941370368003845,-0.014164065942168236,-0.10817061364650726,-0.8362915515899658,-0.04314383119344711,-0.15014779567718506,-0.9625392556190491,-0.05553866922855377,0.024677833542227745,-0.46916326880455017,-0.043072815984487534,-0.04662970453500748,-0.6557309627532959,-0.08249690383672714,-0.09291475266218185,-0.7731151580810547,-0.10272067785263062,-0.12762705981731415,-0.8761323690414429,-0.11365346610546112,COLD
0.0,0.0,0.0,0.0381193608045578,-0.29841479659080505,0.04240834712982178,0.19057317078113556,-0.4806451201438904,0.07101190835237503,0.3478471040725708,-0.4757925271987915,0.0983646884560585,0.4363759458065033,-0.37652644515037537,0.11958172172307968,0.3695032298564911,-0.46150070428848267,-0.005470581818372011,0.6090355515480042,-0.5216601490974426,0.011566929519176483,0.7444836497306824,-0.5233475565910339,0.02166966162621975,0.8555250763893127,-0.5171400308609009,0.025357045233249664,0.4295729994773865,-0.2894676923751831,-0.004462347831577063,0.5149601697921753,-0.3816983997821808,0.048859603703022,0.4327237010002136,-0.395866334438324,0.09512834995985031,0.36834242939949036,-0.3710514008998871,0.1153845265507698,0.440654993057251,-0.13943539559841156,0.004224254284054041,0.4748152196407318,-0.25065702199935913,0.06175112724304199,0.40934163331985474,-0.2584434449672699,0.09364576637744904,0.34446871280670166,-0.22871163487434387,0.09833182394504547,0.4344763159751892,-0.022678818553686142,0.016320107504725456,0.4550406336784363,-0.12056918442249298,0.07122331112623215,0.40401723980903625,-0.1196654811501503,0.10635100305080414,0.34815508127212524,-0.0876520499587059,0.12380319088697433,0.0,0.0,0.0,-0.130456805229187,-0.1355421096086502,0.04318331182003021,-0.17696939408779144,-0.3511654734611511,0.08292624354362488,-0.16565291583538055,-0.4942491054534912,0.10147888213396072,-0.12603269517421722,-0.5529090166091919,0.11801415681838989,-0.07821814715862274,-0.5363960862159729,0.13647566735744476,-0.11538049578666687,-0.6880075335502625,0.14950378239154816,-0.15264637768268585,-0.807862401008606,0.14430133998394012,-0.17755557596683502,-0.908604621887207,0.1309012472629547,-0.03493916615843773,-0.5391442775726318,0.08331843465566635,-0.08912378549575806,-0.7204957604408264,0.07170236110687256,-0.1328163892030716,-0.8604437112808228,0.045332763344049454,-0.17140145599842072,-0.984784722328186,0.028645260259509087,0.002475374611094594,-0.5144360661506653,0.02195657603442669,-0.0636344701051712,-0.6960986256599426,-0.014335615560412407,-0.11237724125385284,-0.8370143175125122,-0.043640442192554474,-0.15396246314048767,-0.9633313417434692,-0.05657896772027016,0.019836580380797386,-0.4734387695789337,-0.03903635963797569,-0.052010782063007355,-0.6588427424430847,-0.07690081000328064,-0.09787330776453018,-0.7757120132446289,-0.09666283428668976,-0.13269513845443726,-0.8798670768737793,-0.10742665827274323,COLD
0.0,0.0,0.0,0.04103366658091545,-0.28643178939819336,0.06936920434236526,0.18928119540214539,-0.4556010663509369,0.10524303466081619,0.3433426320552826,-0.4659764766693115,0.13578744232654572,0.4319259524345398,-0.3730818033218384,0.15859165787696838,0.371484637260437,-0.4643668830394745,0.009508201852440834,0.614246129989624,-0.5125734806060791,0.031438346952199936,0.7499268054962158,-0.5138853788375854,0.04315992072224617,0.8600707054138184,-0.5079191327095032,0.04792176932096481,0.42904743552207947,-0.2922538220882416,0.0015453614760190248,0.524311900138855,-0.359568327665329,0.06838320940732956,0.44264844059944153,-0.36816003918647766,0.12194261699914932,0.372420072555542,-0.3487986624240875,0.14409945905208588,0.4355650842189789,-0.13289779424667358,0.00416409969329834,0.47462689876556396,-0.22424845397472382,0.07729008048772812,0.4090942144393921,-0.22927504777908325,0.11337614059448242,0.34082990884780884,-0.2040804773569107,0.11588582396507263,0.4266315996646881,-0.007794754114001989,0.012650379911065102,0.4522545337677002,-0.08751775324344635,0.08094682544469833,0.3989793062210083,-0.0850541815161705,0.1207895502448082,0.3402782380580902,-0.0565008781850338,0.13794569671154022,0.0,0.0,0.0,-0.12994472682476044,-0.13549768924713135,0.033076487481594086,-0.1735629141330719,-0.3495572507381439,0.06606393307447433,-0.16168847680091858,-0.4929657280445099,0.08028113096952438,-0.11744693666696548,-0.5500838160514832,0.09284325689077377,-0.06327979266643524,-0.5356691479682922,0.11911429464817047,-0.10415515303611755,-0.6877094507217407,0.1267264038324356,-0.1443328857421875,-0.8107746839523315,0.11848551034927368,-0.17121955752372742,-0.9125166535377502,0.10338278114795685,-0.02027078904211521,-0.5388158559799194,0.07041491568088531,-0.0789719894528389,-0.7216346263885498,0.05495978891849518,-0.12452670931816101,-0.8620315194129944,0.027235260233283043,-0.16444411873817444,-0.9863390326499939,0.009670325554907322,0.014411340467631817,-0.5143426656723022,0.013620441779494286,-0.05740166828036308,-0.6980212926864624,-0.024066373705863953,-0.10719143599271774,-0.8378556370735168,-0.05215148627758026,-0.14908385276794434,-0.9640699625015259,-0.06424660980701447,0.02623048610985279,-0.47192466259002686,-0.04358717426657677,-0.04962928965687752,-0.6581721305847168,-0.08177509903907776,-0.09628181159496307,-0.7752082347869873,-0.10074108093976974,-0.1318150758743286,-0.8797892928123474,-0.11070569604635239,COLD
0.0,0.0,0.0,0.042664457112550735,-0.28893694281578064,0.06950026005506516,0.19392889738082886,-0.4605236053466797,0.11138061434030533,0.3479437530040741,-0.4661920964717865,0.14987243711948395,0.4364878535270691,-0.3725864291191101,0.1814255267381668,0.374826580286026,-0.46168044209480286,0.013503546826541424,0.6148973107337952,-0.5158145427703857,0.040575966238975525,0.7476974725723267,-0.5176925659179688,0.054438017308712006,0.8563975095748901,-0.5128093957901001,0.06008235365152359,0.43232619762420654,-0.2906956672668457,0.010289388708770275,0.5261521935462952,-0.3628016412258148,0.08566296845674515,0.44277530908584595,-0.37262848019599915,0.14181141555309296,0.3736732602119446,-0.35369428992271423,0.16363364458084106,0.4398910403251648,-0.13434463739395142,0.017458559945225716,0.4776665270328522,-0.23033814132213593,0.09867896139621735,0.40996190905570984,-0.2345758080482483,0.1340281218290329,0.3433469533920288,-0.20880037546157837,0.13356298208236694,0.4319816827774048,-0.013914738781750202,0.03047553449869156,0.45368167757987976,-0.0950189083814621,0.10300169885158539,0.4002915918827057,-0.09114348888397217,0.14042125642299652,0.3436610698699951,-0.06181776896119118,0.15435905754566193,0.0,0.0,0.0,-0.12932124733924866,-0.14124664664268494,0.04968393221497536,-0.1710328608751297,-0.3538089990615845,0.08955395966768265,-0.16174176335334778,-0.4948534667491913,0.10666743665933609,-0.1258704662322998,-0.5532393455505371,0.12059564888477325,-0.06752961874008179,-0.539846658706665,0.13967818021774292,-0.10273287445306778,-0.6976870894432068,0.15358766913414001,-0.14042945206165314,-0.8164695501327515,0.14848187565803528,-0.16681885719299316,-0.9165748357772827,0.13511385023593903,-0.026518909260630608,-0.5410239100456238,0.08339487761259079,-0.07881829887628555,-0.7261174917221069,0.07617999613285065,-0.12319574505090714,-0.8661181926727295,0.051602497696876526,-0.16202807426452637,-0.9861821532249451,0.034523095935583115,0.007858273573219776,-0.5145043134689331,0.01935921609401703,-0.0573442280292511,-0.7021886110305786,-0.011800700798630714,-0.10605279356241226,-0.8445481657981873,-0.040287427604198456,-0.14647288620471954,-0.966473400592804,-0.05520414933562279,0.021243056282401085,-0.4737204909324646,-0.043922096490859985,-0.04691831395030022,-0.6617474555969238,-0.08018634468317032,-0.09164389222860336,-0.7805172204971313,-0.10075400024652481,-0.12552978098392487,-0.8853626847267151,-0.11332998424768448,COLD
0.0,0.0,0.0,0.040669217705726624,-0.28579381108283997,0.07007426768541336,0.18859562277793884,-0.458626925945282,0.11161956936120987,0.3424241840839386,-0.4668401777744293,0.14977915585041046,0.4301317036151886,-0.3729863464832306,0.1814214438199997,0.374655544757843,-0.46583881974220276,0.011344751343131065,0.6158037781715393,-0.5162736177444458,0.03759417682886124,0.748562753200531,-0.5176734328269958,0.05138033255934715,0.85664302110672,-0.5127385854721069,0.057111721485853195,0.43003010749816895,-0.2920866906642914,0.007649162784218788,0.5254325866699219,-0.3589269816875458,0.08094624429941177,0.4403592050075531,-0.3678496479988098,0.1367306113243103,0.37027856707572937,-0.35008418560028076,0.15844188630580902,0.4368557035923004,-0.1332329511642456,0.014633872546255589,0.4772140383720398,-0.22617590427398682,0.09331629425287247,0.4089612364768982,-0.23001542687416077,0.12925897538661957,0.3409372568130493,-0.20379279553890228,0.1298266500234604,0.4295156002044678,-0.012180320918560028,0.027708671987056732,0.4528910517692566,-0.0919337272644043,0.0992152988910675,0.3985823690891266,-0.08866891264915466,0.1375775933265686,0.34129998087882996,-0.059576041996479034,0.15251819789409637,0.0,0.0,0.0,-0.127053365111351,-0.13860833644866943,0.044016189873218536,-0.17101752758026123,-0.3538108170032501,0.08139002323150635,-0.16001850366592407,-0.4972033202648163,0.09667852520942688,-0.12082553654909134,-0.55223548412323,0.10912809520959854,-0.06851943582296371,-0.53980553150177,0.1353985220193863,-0.10469895601272583,-0.6941771507263184,0.14685048162937164,-0.1418554037809372,-0.8138007521629333,0.13932165503501892,-0.1670447289943695,-0.915280282497406,0.12425091862678528,-0.025741463527083397,-0.5426121950149536,0.08047786355018616,-0.08025725930929184,-0.7245042324066162,0.07160373777151108,-0.12334069609642029,-0.8649709224700928,0.04598038271069527,-0.1609707623720169,-0.9865506887435913,0.028393974527716637,0.010096614249050617,-0.5165238380432129,0.017217082902789116,-0.057773757725954056,-0.6991049647331238,-0.01550921518355608,-0.10594219714403152,-0.8409853577613831,-0.043564267456531525,-0.14578813314437866,-0.9643517732620239,-0.05760335922241211,0.02387135848402977,-0.47361624240875244,-0.046003326773643494,-0.048330727964639664,-0.6576719284057617,-0.08232233673334122,-0.09385111182928085,-0.7746904492378235,-0.10161353647708893,-0.12830360233783722,-0.8779651522636414,-0.11299954354763031,COLD
0.0,0.0,0.0,0.04037666693329811,-0.2878762185573578,0.06445728242397308,0.1889849156141281,-0.4612821340560913,0.10160355269908905,0.34254756569862366,-0.46444812417030334,0.13544149696826935,0.4295441210269928,-0.3657320737838745,0.16258969902992249,0.3719778060913086,-0.4654548466205597,0.002139146439731121,0.615646243095398,-0.5162346363067627,0.021377667784690857,0.7505014538764954,-0.5171753764152527,0.03216659650206566,0.859373927116394,-0.5100426077842712,0.0365104153752327,0.4291658103466034,-0.2940916419029236,-0.0018742457032203674,0.5254920125007629,-0.3594244718551636,0.06268908083438873,0.4410977363586426,-0.3675662875175476,0.11725321412086487,0.3719050884246826,-0.34856921434402466,0.14001287519931793,0.43764474987983704,-0.13740484416484833,0.0040014153346419334,0.47584375739097595,-0.22739477455615997,0.07468035072088242,0.4089188277721405,-0.22979308664798737,0.11098156869411469,0.34193697571754456,-0.20303146541118622,0.11386299878358841,0.430887371301651,-0.01621982641518116,0.01531010027974844,0.45119860768318176,-0.09428737312555313,0.0796440839767456,0.39727291464805603,-0.08896669000387192,0.11652413010597229,0.34140339493751526,-0.06001487374305725,0.1321059763431549,0.0,0.0,0.0,-0.1269531100988388,-0.14189831912517548,0.04775329679250717,-0.17185083031654358,-0.35524338483810425,0.08576827496290207,-0.16274935007095337,-0.49833863973617554,0.100196473300457,-0.12364094704389572,-0.5612277388572693,0.11186384409666061,-0.07247698307037354,-0.5382207632064819,0.14463023841381073,-0.10728440433740616,-0.6963006258010864,0.15905165672302246,-0.14360205829143524,-0.8148687481880188,0.15281224250793457,-0.168674498796463,-0.9159225821495056,0.1384562849998474,-0.030360903590917587,-0.5413815975189209,0.08738221228122711,-0.08206059783697128,-0.7253848314285278,0.08221159130334854,-0.12449118494987488,-0.8661090731620789,0.05661805346608162,-0.16208966076374054,-0.9860259890556335,0.038467276841402054,0.0062334113754332066,-0.5161811113357544,0.021697217598557472,-0.059453465044498444,-0.7023662328720093,-0.008103749714791775,-0.10795534402132034,-0.8451867699623108,-0.036283574998378754,-0.1488589197397232,-0.9666236639022827,-0.0510476790368557,0.021922489628195763,-0.47541630268096924,-0.043731287121772766,-0.050533320754766464,-0.6631560325622559,-0.07772445678710938,-0.0965689867734909,-0.7802130579948425,-0.09588368982076645,-0.13175247609615326,-0.8814374208450317,-0.1067756861448288,COLD
0.0,0.0,0.0,0.039924364537000656,-0.28846490383148193,0.057178229093551636,0.1866297721862793,-0.4599199891090393,0.08927367627620697,0.3421008288860321,-0.4620324969291687,0.1183682456612587,0.4309976398944855,-0.3633089065551758,0.14095398783683777,0.3700224757194519,-0.4596276581287384,-0.004146588500589132,0.6139575242996216,-0.5108672976493835,0.008317760191857815,0.7517925500869751,-0.5120735764503479,0.014165292493999004,0.8629047274589539,-0.5051331520080566,0.015360763296484947,0.427082896232605,-0.2856576442718506,-0.007848395965993404,0.5233277082443237,-0.3597944676876068,0.047497719526290894,0.4398617744445801,-0.36913999915122986,0.09844644367694855,0.3707932233810425,-0.347493052482605,0.12051419913768768,0.4346722960472107,-0.12981392443180084,-0.002673506271094084,0.4734020233154297,-0.22612886130809784,0.05937006697058678,0.40787041187286377,-0.23011571168899536,0.09598776698112488,0.3413241505622864,-0.20152217149734497,0.10157275944948196,0.4261481761932373,-0.009392124600708485,0.00714378897100687,0.45008766651153564,-0.0912025198340416,0.0642535388469696,0.3964478373527527,-0.08732414990663528,0.1007983535528183,0.34056562185287476,-0.057420406490564346,0.11792685091495514,0.0,0.0,0.0,-0.12916548550128937,-0.1394314020872116,0.04113580659031868,-0.17276710271835327,-0.3518362045288086,0.077763132750988,-0.16208133101463318,-0.49409863352775574,0.09315432608127594,-0.12217018753290176,-0.5570167303085327,0.1061614528298378,-0.07220304757356644,-0.5358419418334961,0.1352040022611618,-0.10828825831413269,-0.6925126314163208,0.14739950001239777,-0.14552181959152222,-0.8121984004974365,0.14006571471691132,-0.17058324813842773,-0.9136242866516113,0.12532652914524078,-0.029775554314255714,-0.5398828983306885,0.08305169641971588,-0.08285629004240036,-0.723591685295105,0.07471276074647903,-0.125759094953537,-0.8635702729225159,0.04764488711953163,-0.16319501399993896,-0.9861664772033691,0.02903583273291588,0.006447352934628725,-0.5161790251731873,0.022584104910492897,-0.06070263311266899,-0.7011359930038452,-0.009231050498783588,-0.10911466181278229,-0.8427950739860535,-0.03894412890076637,-0.1500004529953003,-0.9662533402442932,-0.05409640446305275,0.022028235718607903,-0.476845920085907,-0.03781415522098541,-0.050994981080293655,-0.6623755693435669,-0.07230287790298462,-0.0973961353302002,-0.7783077359199524,-0.09102971851825714,-0.13292573392391205,-0.8812664747238159,-0.1020335853099823,COLD
0.0,0.0,0.0,0.041005972772836685,-0.2896944582462311,0.060462117195129395,0.1907053291797638,-0.45864683389663696,0.09239586442708969,0.3480200171470642,-0.4582982361316681,0.12059175968170166,0.4374958574771881,-0.35900434851646423,0.1419106274843216,0.3721408545970917,-0.4582938253879547,-0.0031796302646398544,0.617120623588562,-0.508643627166748,0.010396038182079792,0.7543506622314453,-0.5084823369979858,0.017162643373012543,0.8649769425392151,-0.501458466053009,0.01882222481071949,0.42864900827407837,-0.2829282581806183,-0.008659237995743752,0.5306174755096436,-0.35314515233039856,0.049265306442976,0.4471850097179413,-0.3627851605415344,0.10254627466201782,0.3762095272541046,-0.3431077003479004,0.12548422813415527,0.43551871180534363,-0.12427305430173874,-0.004954720847308636,0.47864753007888794,-0.2184215635061264,0.06004154309630394,0.41286996006965637,-0.22303301095962524,0.09897613525390625,0.34582510590553284,-0.1959255486726761,0.10507349669933319,0.42617377638816833,-0.00033529242500662804,0.003659193404018879,0.45242932438850403,-0.08261677622795105,0.06504780054092407,0.3996102213859558,-0.07978243380784988,0.10448528826236725,0.344155877828598,-0.05077340826392174,0.12247758358716965,0.0,0.0,0.0,-0.12811172008514404,-0.13476744294166565,0.046885620802640915,-0.17524580657482147,-0.3522549867630005,0.08756507933139801,-0.1630716323852539,-0.4972037672996521,0.10533884912729263,-0.12029636651277542,-0.5537554621696472,0.12082254141569138,-0.07577525079250336,-0.539326012134552,0.14660491049289703,-0.11159686744213104,-0.6906967759132385,0.1643856018781662,-0.14829812943935394,-0.8092752695083618,0.16212202608585358,-0.17193737626075745,-0.9087724685668945,0.15028050541877747,-0.031344324350357056,-0.5434257388114929,0.09027819335460663,-0.08295273780822754,-0.7252634167671204,0.08328650891780853,-0.1260944902896881,-0.8643341660499573,0.05978799983859062,-0.1644056886434555,-0.9853574633598328,0.04518258571624756,0.00723733427003026,-0.517762303352356,0.02548333816230297,-0.059363193809986115,-0.6995173096656799,-0.007992634549736977,-0.10828904062509537,-0.8404857516288757,-0.03427841514348984,-0.1505383551120758,-0.9658458232879639,-0.04492085427045822,0.024156901985406876,-0.4732680320739746,-0.038898833096027374,-0.05091499164700508,-0.6629026532173157,-0.07373154163360596,-0.09808310866355896,-0.778965950012207,-0.08959421515464783,-0.13428884744644165,-0.879759669303894,-0.09740149229764938,COLD
0.0,0.0,0.0,0.03937513381242752,-0.28812164068222046,0.056032512336969376,0.19003866612911224,-0.45856335759162903,0.08095259219408035,0.34898072481155396,-0.4604904055595398,0.1024693101644516,0.4390317499637604,-0.36412888765335083,0.11669406294822693,0.3628857731819153,-0.46244746446609497,-0.018366510048508644,0.6094374060630798,-0.5147533416748047,-0.007770441938191652,0.7470251321792603,-0.516484797000885,-0.0005491282790899277,0.8590253591537476,-0.5119319558143616,0.0010480680502951145,0.4238277077674866,-0.2908514142036438,-0.024273794144392014,0.5261561274528503,-0.3562268316745758,0.02804390713572502,0.44524815678596497,-0.36054325103759766,0.08007200062274933,0.3769681751728058,-0.3407905399799347,0.10285995900630951,0.43608835339546204,-0.13392414152622223,-0.020063653588294983,0.47576963901519775,-0.22536326944828033,0.04314364120364189,0.41177260875701904,-0.22651158273220062,0.08374715596437454,0.34593072533607483,-0.20107004046440125,0.09059487283229828,0.4307897984981537,-0.012201471254229546,-0.011475874111056328,0.45010218024253845,-0.09217594563961029,0.048569586127996445,0.39730730652809143,-0.08649560064077377,0.08779068291187286,0.34392645955085754,-0.05908770114183426,0.10563068836927414,0.0,0.0,0.0,-0.1289626657962799,-0.13867464661598206,0.049169301986694336,-0.17409630119800568,-0.35676807165145874,0.09144821763038635,-0.16036009788513184,-0.5014448165893555,0.11047420650720596,-0.11596766114234924,-0.5538428425788879,0.12708711624145508,-0.07237406820058823,-0.5407689213752747,0.14992296695709229,-0.1087612733244896,-0.6924665570259094,0.16873446106910706,-0.14625853300094604,-0.8108546733856201,0.16716453433036804,-0.17020174860954285,-0.9097838997840881,0.15568819642066956,-0.02676568739116192,-0.5441192388534546,0.09288491308689117,-0.08019548654556274,-0.7266601324081421,0.08617518097162247,-0.12430005520582199,-0.8654103875160217,0.06279399991035461,-0.16313418745994568,-0.9854205846786499,0.04830603301525116,0.01242145337164402,-0.5185813307762146,0.02745312824845314,-0.05569065734744072,-0.7007416486740112,-0.0057230801321566105,-0.1059095710515976,-0.8417919874191284,-0.03208282217383385,-0.14870907366275787,-0.9665752053260803,-0.04282313212752342,0.029224969446659088,-0.47501686215400696,-0.03739438205957413,-0.046560149639844894,-0.6639111042022705,-0.07237192988395691,-0.09419535845518112,-0.7809321284294128,-0.08883117139339447,-0.13025611639022827,-0.8828316330909729,-0.09716126322746277,COLD
0.0,0.0,0.0,0.04374594986438751,-0.2946633994579315,0.057119183242321014,0.19772975146770477,-0.47160035371780396,0.08504168689250946,0.3498291075229645,-0.47307872772216797,0.10711173713207245,0.43962833285331726,-0.36780208349227905,0.12145008891820908,0.3708098828792572,-0.4782852232456207,0.004107500426471233,0.6090320944786072,-0.5255483388900757,0.025728337466716766,0.7450827360153198,-0.5248527526855469,0.04114457219839096,0.8548427820205688,-0.516665518283844,0.04796425998210907,0.4316166341304779,-0.31105485558509827,-0.0038196484092622995,0.5226905345916748,-0.3658791482448578,0.049004118889570236,0.4364220201969147,-0.36673465371131897,0.09363716840744019,0.3659311532974243,-0.3490639626979828,0.11368923634290695,0.44429174065589905,-0.1526852697134018,-0.0015351426554843783,0.4776255786418915,-0.23336683213710785,0.06207220256328583,0.40980157256126404,-0.23398460447788239,0.09675831347703934,0.34336405992507935,-0.21276502311229706,0.10172118246555328,0.438704252243042,-0.028234705328941345,0.005055490881204605,0.45848551392555237,-0.10501299798488617,0.06887398660182953,0.4051414132118225,-0.0990145355463028,0.10811754316091537,0.35031867027282715,-0.07178137451410294,0.12717650830745697,0.0,0.0,0.0,-0.12525390088558197,-0.1469099223613739,0.03440815955400467,-0.16721993684768677,-0.3597045838832855,0.0651819258928299,-0.15416507422924042,-0.500444769859314,0.07681245356798172,-0.10625804215669632,-0.552741289138794,0.08669289201498032,-0.04792937636375427,-0.5481255054473877,0.11681877821683884,-0.09114933758974075,-0.701499342918396,0.1239631250500679,-0.13126985728740692,-0.8212127685546875,0.11573745310306549,-0.15843449532985687,-0.9215021729469299,0.10043371468782425,-0.00497609144076705,-0.5471777319908142,0.0672183632850647,-0.06418684870004654,-0.7297715544700623,0.05231470242142677,-0.11090794205665588,-0.8662856221199036,0.025644343346357346,-0.15271277725696564,-0.9882348775863647,0.008400624617934227,0.028308706358075142,-0.5203402638435364,0.009889216162264347,-0.044922444969415665,-0.7034382224082947,-0.027020802721381187,-0.09559208154678345,-0.8443073630332947,-0.05444197729229927,-0.1382235586643219,-0.9701646566390991,-0.06647025793790817,0.03771030902862549,-0.4769901931285858,-0.047643087804317474,-0.03492066264152527,-0.6665827035903931,-0.08477016538381577,-0.08166712522506714,-0.7832659482955933,-0.10240533947944641,-0.11846005171537399,-0.8839336633682251,-0.11148276180028915,COLD
0.0,0.0,0.0,0.04571637883782387,-0.29344210028648376,0.05708984658122063,0.19906215369701385,-0.4710880517959595,0.09108567982912064,0.34876948595046997,-0.46919193863868713,0.1216060072183609,0.43649178743362427,-0.363993763923645,0.14455735683441162,0.37267425656318665,-0.4686577022075653,0.0050647929310798645,0.6131635904312134,-0.5195780396461487,0.02974097989499569,0.7475702166557312,-0.5206838846206665,0.044414222240448,0.857128918170929,-0.5126287937164307,0.05041501671075821,0.4330696165561676,-0.3007192611694336,0.00250447285361588,0.5207180380821228,-0.36881089210510254,0.06431784480810165,0.4347119927406311,-0.3755324184894562,0.11250311136245728,0.3669065535068512,-0.35443779826164246,0.13275645673274994,0.4439091086387634,-0.1451839953660965,0.009767584502696991,0.4745856821537018,-0.2382141798734665,0.07948116958141327,0.4061075448989868,-0.23993870615959167,0.11185818910598755,0.33961284160614014,-0.21315740048885345,0.11353165656328201,0.4381992518901825,-0.023786624893546104,0.021602919325232506,0.4514768719673157,-0.10868674516677856,0.0856110230088234,0.39755555987358093,-0.10228850692510605,0.12068187445402145,0.3416532576084137,-0.07140763849020004,0.13608036935329437,0.0,0.0,0.0,-0.12348013371229172,-0.15312820672988892,0.037635888904333115,-0.1606152057647705,-0.3601112961769104,0.06575917452573776,-0.1464790552854538,-0.49671393632888794,0.073774054646492,-0.10783268511295319,-0.5613380074501038,0.07972319424152374,-0.044448308646678925,-0.5494394898414612,0.11438320577144623,-0.08413079380989075,-0.7076112627983093,0.11774170398712158,-0.12461139261722565,-0.8269282579421997,0.10656789690256119,-0.15329888463020325,-0.9269459247589111,0.09008695185184479,-0.004782333504408598,-0.5473896265029907,0.06242164596915245,-0.0608089454472065,-0.7324435114860535,0.04797300696372986,-0.10809328407049179,-0.8702959418296814,0.021712923422455788,-0.14920459687709808,-0.9887993931770325,0.003710403572767973,0.026504144072532654,-0.5193095803260803,0.002715085167437792,-0.044780079275369644,-0.7094529271125793,-0.03261582553386688,-0.0955161526799202,-0.8497381806373596,-0.05897260084748268,-0.13573741912841797,-0.9697826504707336,-0.07200106233358383,0.036483895033597946,-0.47692129015922546,-0.057136449962854385,-0.033431798219680786,-0.6664592027664185,-0.0959504172205925,-0.07994893193244934,-0.7856026887893677,-0.11505306512117386,-0.11519747972488403,-0.8887500166893005,-0.1255563199520111,COLD
0.0,0.0,0.0,0.04308703541755676,-0.29836010932922363,0.06207527965307236,0.19845733046531677,-0.4759620428085327,0.10459192097187042,0.3508068025112152,-0.4791330397129059,0.14523828029632568,0.44427990913391113,-0.3884827792644501,0.17893268167972565,0.3764604330062866,-0.4669586718082428,0.020643919706344604,0.6113269329071045,-0.5240820646286011,0.056748177856206894,0.7409728169441223,-0.5259924530982971,0.07554035633802414,0.8487122654914856,-0.5221337676048279,0.08404641598463058,0.4350866377353668,-0.3003866970539093,0.022754764184355736,0.5144134163856506,-0.3741495907306671,0.1033855527639389,0.42743363976478577,-0.3820148706436157,0.15530280768871307,0.3594876527786255,-0.36227720975875854,0.17459480464458466,0.44356611371040344,-0.1466032713651657,0.03471587970852852,0.4697001874446869,-0.24300847947597504,0.11942901462316513,0.3967720568180084,-0.24238406121730804,0.14652056992053986,0.33242109417915344,-0.21616260707378387,0.140616312623024,0.4382297396659851,-0.02790454775094986,0.052315402776002884,0.4474227726459503,-0.11192499101161957,0.12879298627376556,0.3911536931991577,-0.10489576309919357,0.16226783394813538,0.33491262793540955,-0.07547282427549362,0.17329074442386627,0.0,0.0,0.0,-0.12318889051675797,-0.14862988889217377,0.036992207169532776,-0.1606699675321579,-0.3559292256832123,0.06846360117197037,-0.14630861580371857,-0.49007004499435425,0.08026016503572464,-0.10703397542238235,-0.5534044504165649,0.09000279009342194,-0.046473946422338486,-0.5459359288215637,0.1176048293709755,-0.08662386983633041,-0.6997259855270386,0.12259165197610855,-0.12627218663692474,-0.8198965787887573,0.11236262321472168,-0.1533825546503067,-0.9209844470024109,0.09617465734481812,-0.005696408916264772,-0.5440104007720947,0.0663524642586708,-0.06174859032034874,-0.7260124683380127,0.05075995996594429,-0.10853942483663559,-0.8653967976570129,0.02242809347808361,-0.1498412787914276,-0.9887029528617859,0.0037586395628750324,0.02705112285912037,-0.5165697932243347,0.007312033791095018,-0.04569420590996742,-0.7034993171691895,-0.031064268201589584,-0.09639159590005875,-0.844375491142273,-0.060348883271217346,-0.13786830008029938,-0.9688494205474854,-0.07392735034227371,0.038785986602306366,-0.4747951030731201,-0.051621973514556885,-0.03636087849736214,-0.6660085320472717,-0.09301576018333435,-0.08391086012125015,-0.7847619652748108,-0.11375845968723297,-0.12005432695150375,-0.8888895511627197,-0.12464170902967453,COLD
0.0,0.0,0.0,0.05114560201764107,-0.29951027035713196,0.07028599083423615,0.20786119997501373,-0.47700852155685425,0.12658818066120148,0.34987249970436096,-0.4771997034549713,0.1845519244670868,0.4414597153663635,-0.3887122869491577,0.2365110069513321,0.38709524273872375,-0.46858710050582886,0.03502708300948143,0.6152531504631042,-0.5263786911964417,0.08861017972230911,0.7376424670219421,-0.5272793173789978,0.11372894048690796,0.8430148959159851,-0.5230430960655212,0.12550599873065948,0.4392119348049164,-0.304452508687973,0.04474625736474991,0.5141631960868835,-0.37749284505844116,0.15553057193756104,0.42526692152023315,-0.38867801427841187,0.2156423181295395,0.35686999559402466,-0.37152302265167236,0.23429469764232635,0.4415356516838074,-0.15260526537895203,0.06505457311868668,0.4671913683414459,-0.2482631653547287,0.1759503036737442,0.3894491195678711,-0.24685770273208618,0.19669079780578613,0.326318621635437,-0.22057102620601654,0.17936758697032928,0.4369766116142273,-0.0360090471804142,0.09227651357650757,0.44286230206489563,-0.11882402747869492,0.18587438762187958,0.3848538100719452,-0.1148187592625618,0.21486622095108032,0.3275832235813141,-0.08827375620603561,0.2178519070148468,0.0,0.0,0.0,-0.12620382010936737,-0.1464778035879135,0.03623107820749283,-0.1647370606660843,-0.3527456223964691,0.06591526418924332,-0.15205687284469604,-0.48815038800239563,0.07608340680599213,-0.11421526968479156,-0.552014172077179,0.08433382958173752,-0.046682871878147125,-0.5424794554710388,0.11411245167255402,-0.08961235731840134,-0.6957225203514099,0.11816976964473724,-0.12983398139476776,-0.8165833950042725,0.10737244039773941,-0.15705262124538422,-0.9185094833374023,0.09067445993423462,-0.0058461823500692844,-0.5415449738502502,0.06277189403772354,-0.06444518268108368,-0.723974347114563,0.046500787138938904,-0.1114770695567131,-0.8638936281204224,0.018144382163882256,-0.15207327902317047,-0.9883686900138855,-0.0010483989026397467,0.025508834049105644,-0.5151813626289368,0.0037618812639266253,-0.04863443970680237,-0.7001076340675354,-0.03451797738671303,-0.09941566735506058,-0.8407052755355835,-0.06398474425077438,-0.1404113620519638,-0.9655365943908691,-0.07846160233020782,0.03498858958482742,-0.4742116630077362,-0.05520611256361008,-0.038395632058382034,-0.6619924902915955,-0.09550425410270691,-0.08502823859453201,-0.778849720954895,-0.11612799018621445,-0.12093435227870941,-0.8819054365158081,-0.12776781618595123,COLD
0.0,0.0,0.0,0.05800892785191536,-0.29485884308815,0.07385373115539551,0.21413885056972504,-0.4702150225639343,0.13761457800865173,0.34849756956100464,-0.4734121263027191,0.20616719126701355,0.44016116857528687,-0.39401954412460327,0.26938167214393616,0.39330214262008667,-0.4696321487426758,0.03432789072394371,0.617327868938446,-0.5226204991340637,0.09543606638908386,0.7362344861030579,-0.5264216065406799,0.12343301624059677,0.8393893837928772,-0.5260083079338074,0.13689649105072021,0.4402291774749756,-0.3027002513408661,0.04865852743387222,0.5079048871994019,-0.3765026032924652,0.17701159417629242,0.4176144599914551,-0.38855066895484924,0.24241231381893158,0.350780189037323,-0.37642809748649597,0.26006239652633667,0.43910661339759827,-0.1491164267063141,0.07437203079462051,0.4617694318294525,-0.24642665684223175,0.20094355940818787,0.3802376985549927,-0.24277283251285553,0.2186381220817566,0.3185163140296936,-0.21975091099739075,0.1943640261888504,0.43421798944473267,-0.034094855189323425,0.10764450579881668,0.4339516758918762,-0.11903463304042816,0.210454061627388,0.37596237659454346,-0.11490559577941895,0.2364855408668518,0.3181706368923187,-0.09244044125080109,0.23451754450798035,0.0,0.0,0.0,-0.1274680197238922,-0.14470943808555603,0.046868305653333664,-0.1666109561920166,-0.353534072637558,0.08453615009784698,-0.15511244535446167,-0.49068963527679443,0.10065200924873352,-0.11781645566225052,-0.5513237118721008,0.1144375428557396,-0.0537845715880394,-0.5428420305252075,0.13092030584812164,-0.0931333601474762,-0.6963434219360352,0.14134927093982697,-0.13279472291469574,-0.8156321048736572,0.1355152130126953,-0.15986070036888123,-0.9154614806175232,0.12205855548381805,-0.013729332014918327,-0.5436732769012451,0.07571245729923248,-0.06957120448350906,-0.7266600728034973,0.0644807443022728,-0.11561375856399536,-0.8659763336181641,0.04084397107362747,-0.15561574697494507,-0.9874928593635559,0.025326654314994812,0.018494335934519768,-0.5177720189094543,0.012776210904121399,-0.05297578498721123,-0.7040241956710815,-0.022359848022460938,-0.10158150643110275,-0.8440697193145752,-0.04897832125425339,-0.14056068658828735,-0.9671211242675781,-0.061531174927949905,0.029324397444725037,-0.4775853753089905,-0.04953627660870552,-0.04133521392941475,-0.6643014550209045,-0.08961860090494156,-0.08550494909286499,-0.7821200489997864,-0.1105591431260109,-0.11854449659585953,-0.8867009878158569,-0.12241902947425842,COLD
0.0,0.0,0.0,0.0671759620308876,-0.2808411717414856,0.10748005658388138,0.21742896735668182,-0.4525899589061737,0.1836538016796112,0.32944002747535706,-0.45609790086746216,0.2605797052383423,0.41200849413871765,-0.37038296461105347,0.33032095432281494,0.3899358808994293,-0.4787859320640564,0.044895414263010025,0.621087908744812,-0.5155234336853027,0.11238094419240952,0.741852879524231,-0.5174547433853149,0.14252257347106934,0.8451926708221436,-0.5110751986503601,0.15636925399303436,0.4355596899986267,-0.3145141899585724,0.04742167145013809,0.5006139874458313,-0.3620122969150543,0.194721519947052,0.4039445221424103,-0.37028855085372925,0.26882538199424744,0.33429017663002014,-0.3577023446559906,0.28620007634162903,0.43416863679885864,-0.15556710958480835,0.06497526168823242,0.4562672972679138,-0.23544776439666748,0.21735882759094238,0.3684057891368866,-0.22511453926563263,0.2414650321006775,0.30516165494918823,-0.20003683865070343,0.21178248524665833,0.431803822517395,-0.03372516855597496,0.09202631562948227,0.42815589904785156,-0.10439730435609818,0.21123702824115753,0.3665144741535187,-0.0983918234705925,0.24002091586589813,0.3069244623184204,-0.07921916246414185,0.2348220944404602,0.0,0.0,0.0,-0.13206440210342407,-0.16211509704589844,0.050880469381809235,-0.16940027475357056,-0.3606821894645691,0.09034791588783264,-0.15659210085868835,-0.49803146719932556,0.10691779106855392,-0.11979398131370544,-0.5595597624778748,0.12045757472515106,-0.054692190140485764,-0.5435697436332703,0.14318498969078064,-0.09492103010416031,-0.7006349563598633,0.15371480584144592,-0.13571977615356445,-0.8207725286483765,0.14485618472099304,-0.16461452841758728,-0.9241748452186584,0.1289176195859909,-0.015661975368857384,-0.5443917512893677,0.0867171660065651,-0.07276876270771027,-0.7263650894165039,0.07704804837703705,-0.11946957558393478,-0.8639935851097107,0.05035633593797684,-0.1598137617111206,-0.9866434335708618,0.03153179958462715,0.014320677146315575,-0.5205168128013611,0.02199690043926239,-0.055495958775281906,-0.7067677974700928,-0.010108822956681252,-0.10256452113389969,-0.8467767238616943,-0.0376691035926342,-0.14101693034172058,-0.9728687405586243,-0.05235379561781883,0.025340458378195763,-0.48588624596595764,-0.04213172569870949,-0.04143833741545677,-0.6726163029670715,-0.08088500797748566,-0.08464674651622772,-0.7890104055404663,-0.10174887627363205,-0.11872616410255432,-0.8956741094589233,-0.11431506276130676,COLD
0.0,0.0,0.0,0.0605299174785614,-0.2782966196537018,0.08985289186239243,0.21062491834163666,-0.45022517442703247,0.14972400665283203,0.32592901587486267,-0.45873719453811646,0.20658408105373383,0.4049854278564453,-0.37116578221321106,0.25542759895324707,0.3841249346733093,-0.46904030442237854,0.03140411525964737,0.6242042183876038,-0.5086933970451355,0.07669413834810257,0.7534382939338684,-0.5092422366142273,0.09806956350803375,0.8596028685569763,-0.4994353652000427,0.10792213678359985,0.43851834535598755,-0.304833322763443,0.027283212170004845,0.5010663866996765,-0.3632793128490448,0.1345423012971878,0.41527295112609863,-0.37270835041999817,0.19478739798069,0.3505589962005615,-0.35570958256721497,0.21203693747520447,0.4402669370174408,-0.14691509306430817,0.035648588091135025,0.4464768171310425,-0.23480038344860077,0.1501256376504898,0.3717137575149536,-0.22580701112747192,0.17459113895893097,0.3106044828891754,-0.19815610349178314,0.1566835343837738,0.4323953688144684,-0.024430522695183754,0.05134068429470062,0.41999486088752747,-0.10432618111371994,0.1433424949645996,0.365494042634964,-0.0970483049750328,0.17116603255271912,0.30901750922203064,-0.07433026283979416,0.17314724624156952,0.0,0.0,0.0,-0.12870094180107117,-0.15918613970279694,0.05127792805433273,-0.16369546949863434,-0.358072429895401,0.09251797944307327,-0.1524684876203537,-0.49914872646331787,0.1104319840669632,-0.11937247961759567,-0.5640485882759094,0.12498407810926437,-0.05743410065770149,-0.5364205837249756,0.14858289062976837,-0.09565263986587524,-0.701809287071228,0.16141019761562347,-0.1359245777130127,-0.8232938647270203,0.15222355723381042,-0.16430002450942993,-0.928806722164154,0.13604411482810974,-0.01991765759885311,-0.5425464510917664,0.0931413322687149,-0.07277519255876541,-0.7260411381721497,0.08967515826225281,-0.11682002991437912,-0.8653836250305176,0.062242258340120316,-0.15363718569278717,-0.987281084060669,0.040885958820581436,0.01049569621682167,-0.524223268032074,0.029177343472838402,-0.05533770099282265,-0.7144840359687805,0.003342164447531104,-0.10125512629747391,-0.8584059476852417,-0.026787694543600082,-0.13689292967319489,-0.9829941987991333,-0.04591120406985283,0.02349153906106949,-0.4984731376171112,-0.03439320996403694,-0.04537494480609894,-0.6845589876174927,-0.07088448852300644,-0.09035624563694,-0.8029055595397949,-0.09412068873643875,-0.12482287734746933,-0.9107378125190735,-0.10987242311239243,COLD
0.0,0.0,0.0,0.06327857822179794,-0.27549755573272705,0.10332220792770386,0.213230699300766,-0.4424002170562744,0.16948692500591278,0.32989782094955444,-0.4591112434864044,0.23349979519844055,0.4150696098804474,-0.3871142566204071,0.28953516483306885,0.38604065775871277,-0.47678354382514954,0.03594362363219261,0.6265786290168762,-0.5112860202789307,0.08690092712640762,0.7549644112586975,-0.5073628425598145,0.10823586583137512,0.860359251499176,-0.49584388732910156,0.11798655241727829,0.4350445568561554,-0.31311872601509094,0.034143295139074326,0.5061740279197693,-0.36096203327178955,0.16015663743019104,0.41985884308815,-0.3659081757068634,0.2281268835067749,0.35328128933906555,-0.35552915930747986,0.24567312002182007,0.43634146451950073,-0.15540023148059845,0.04673682525753975,0.4505166709423065,-0.23584438860416412,0.17970548570156097,0.37227097153663635,-0.22458821535110474,0.20484037697315216,0.30830490589141846,-0.20116838812828064,0.18138210475444794,0.4338080883026123,-0.03539402782917023,0.06851934641599655,0.421434611082077,-0.1113993376493454,0.17422497272491455,0.3623702824115753,-0.10255341976881027,0.2034713178873062,0.303663969039917,-0.08364516496658325,0.2026953250169754,0.0,0.0,0.0,-0.12881502509117126,-0.16251346468925476,0.04928578808903694,-0.1635967344045639,-0.35957714915275574,0.08848714083433151,-0.15261295437812805,-0.5012139081954956,0.10475008934736252,-0.11249419301748276,-0.5724824070930481,0.118546262383461,-0.05417986959218979,-0.5363516211509705,0.15043193101882935,-0.09314946830272675,-0.7036312818527222,0.1641293317079544,-0.13179171085357666,-0.8256699442863464,0.1550413966178894,-0.1580228954553604,-0.9322152137756348,0.13931287825107574,-0.016476694494485855,-0.5418028831481934,0.09553966671228409,-0.06990211457014084,-0.7248415946960449,0.09346026182174683,-0.11252328753471375,-0.8653528094291687,0.06557957828044891,-0.14739227294921875,-0.9880852103233337,0.044308144599199295,0.013355563394725323,-0.5246623158454895,0.03190632164478302,-0.054777879267930984,-0.7118112444877625,0.007268222514539957,-0.09964065253734589,-0.8577104210853577,-0.021626237779855728,-0.13384903967380524,-0.9839025139808655,-0.03909359499812126,0.024183137342333794,-0.5002750754356384,-0.031570591032505035,-0.0475345179438591,-0.687784731388092,-0.06496928632259369,-0.09177607297897339,-0.8064417243003845,-0.085183285176754,-0.12523861229419708,-0.9129468202590942,-0.09824750572443008,COLD
0.0,0.0,0.0,0.061899375170469284,-0.2899925708770752,0.07185400277376175,0.2130851149559021,-0.46176573634147644,0.11596136540174484,0.3313262164592743,-0.4426228702068329,0.15124677121639252,0.4027225077152252,-0.3272479772567749,0.17748616635799408,0.3896491527557373,-0.4774347245693207,0.027756573632359505,0.6227111220359802,-0.5224588513374329,0.06676627695560455,0.7516480684280396,-0.524289071559906,0.09110014140605927,0.8519529700279236,-0.5136200785636902,0.10183582454919815,0.44994381070137024,-0.32095178961753845,0.018017219379544258,0.4887741208076477,-0.365071564912796,0.09089972078800201,0.4062533378601074,-0.37210068106651306,0.13220420479774475,0.34754079580307007,-0.3570287525653839,0.14391818642616272,0.4547322690486908,-0.16245466470718384,0.020211009308695793,0.4425507187843323,-0.23459284007549286,0.10167331993579865,0.3748016357421875,-0.23430649936199188,0.12530608475208282,0.31411904096603394,-0.21668937802314758,0.1166519895195961,0.4415358304977417,-0.0417994000017643,0.027386583387851715,0.42349228262901306,-0.10699763894081116,0.09528020024299622,0.3738837242126465,-0.10165859013795853,0.12378650903701782,0.3194383680820465,-0.08087825030088425,0.13398624956607819,0.0,0.0,0.0,-0.12652456760406494,-0.1757654994726181,0.058359295129776,-0.15773014724254608,-0.36610645055770874,0.10180211812257767,-0.1467762589454651,-0.50245600938797,0.12102101743221283,-0.10707935690879822,-0.5584518909454346,0.1373932659626007,-0.037560634315013885,-0.5392072200775146,0.16263660788536072,-0.08116147667169571,-0.7060673236846924,0.18063069880008698,-0.12533649802207947,-0.8259625434875488,0.17444179952144623,-0.15593671798706055,-0.9300629496574402,0.1601634919643402,-0.0043541318736970425,-0.5451935529708862,0.10567610710859299,-0.06183117628097534,-0.7314464449882507,0.1071847453713417,-0.108377605676651,-0.8674608469009399,0.0830807313323021,-0.1433064341545105,-0.9876188635826111,0.06381392478942871,0.018957698717713356,-0.5295710563659668,0.040244851261377335,-0.052547190338373184,-0.7237606644630432,0.020233456045389175,-0.09931953251361847,-0.8637779951095581,-0.004791215993463993,-0.13094541430473328,-0.9837273359298706,-0.02090185321867466,0.02376367151737213,-0.5103254318237305,-0.02451399341225624,-0.045224208384752274,-0.7034167647361755,-0.05596216022968292,-0.0884251669049263,-0.8196256160736084,-0.07503742724657059,-0.11838103830814362,-0.923555850982666,-0.08791757375001907,COLD
0.0,0.0,0.0,0.05339314788579941,-0.2867562472820282,0.07263777405023575,0.20095232129096985,-0.45928528904914856,0.11176703870296478,0.32181066274642944,-0.4499472379684448,0.14077115058898926,0.3923370838165283,-0.3422926962375641,0.15982912480831146,0.38986077904701233,-0.4708150625228882,0.026766568422317505,0.6252023577690125,-0.511235237121582,0.060939379036426544,0.757358968257904,-0.5130448937416077,0.07992607355117798,0.8593243956565857,-0.5040115714073181,0.08679758012294769,0.4483862519264221,-0.30762049555778503,0.013740315102040768,0.4946833848953247,-0.3479090631008148,0.08152076601982117,0.41085323691368103,-0.3552466630935669,0.122420534491539,0.34740588068962097,-0.3421778082847595,0.13432727754116058,0.44870254397392273,-0.1442859172821045,0.012259070761501789,0.4414558708667755,-0.21613726019859314,0.08820223063230515,0.3767065107822418,-0.21384911239147186,0.11440413445234299,0.3140324354171753,-0.19458717107772827,0.10853729397058487,0.43368449807167053,-0.02047141268849373,0.01587948389351368,0.42093735933303833,-0.08679280430078506,0.08289305865764618,0.36949530243873596,-0.08142493665218353,0.11535940319299698,0.31515392661094666,-0.06149550899863243,0.12804533541202545,0.0,0.0,0.0,-0.1318434625864029,-0.18851658701896667,0.10162641108036041,-0.15807972848415375,-0.3632943630218506,0.16873764991760254,-0.1533810943365097,-0.48952534794807434,0.20511019229888916,-0.12543755769729614,-0.5656748414039612,0.23745611310005188,-0.03714531660079956,-0.5271396040916443,0.21043188869953156,-0.08389723300933838,-0.6946033239364624,0.243337944149971,-0.12889042496681213,-0.8162305355072021,0.24703210592269897,-0.16022787988185883,-0.9204457998275757,0.2393689602613449,-0.005624060053378344,-0.5309025049209595,0.1361721009016037,-0.06700774282217026,-0.7260411381721497,0.15191103518009186,-0.11572664231061935,-0.8642758727073669,0.1348734349012375,-0.15264567732810974,-0.9810986518859863,0.11893158406019211,0.013780814595520496,-0.5160719156265259,0.05537991225719452,-0.05897451564669609,-0.713815450668335,0.04485074803233147,-0.10882937163114548,-0.8537946939468384,0.021506110206246376,-0.14234541356563568,-0.9737720489501953,0.004192840773612261,0.015218367800116539,-0.5013391971588135,-0.020932340994477272,-0.05070270970463753,-0.691204845905304,-0.05316019430756569,-0.093267522752285,-0.8072313070297241,-0.07728969305753708,-0.12411565333604813,-0.9112473726272583,-0.09471772611141205,COLD
0.0,0.0,0.0,0.045298654586076736,-0.29263871908187866,0.0551648885011673,0.19867223501205444,-0.4674016833305359,0.08714364469051361,0.3334183096885681,-0.4552266001701355,0.11039288341999054,0.40839943289756775,-0.3447418808937073,0.1256723552942276,0.3864647448062897,-0.4737257957458496,0.0213615819811821,0.6210541725158691,-0.5198866128921509,0.04945366829633713,0.7542834281921387,-0.5206039547920227,0.06378184258937836,0.8570246696472168,-0.5108402967453003,0.06745941191911697,0.4444334805011749,-0.3134229779243469,0.010784311220049858,0.4914262890815735,-0.34832748770713806,0.0650067999958992,0.4102197289466858,-0.3551384508609772,0.09746730327606201,0.3488444983959198,-0.3428517282009125,0.10655738413333893,0.4470616579055786,-0.15784385800361633,0.00963545311242342,0.444576233625412,-0.224004864692688,0.07190419733524323,0.38087040185928345,-0.22408555448055267,0.0961274802684784,0.3190685510635376,-0.20747493207454681,0.09287215769290924,0.4323957562446594,-0.03808468207716942,0.011649640277028084,0.4235105514526367,-0.10195092111825943,0.07243241369724274,0.37355849146842957,-0.09831090271472931,0.10635081678628922,0.32125481963157654,-0.07998105883598328,0.12208018451929092,0.0,0.0,0.0,-0.12719467282295227,-0.18211020529270172,0.07936828583478928,-0.1532391905784607,-0.3626893162727356,0.13322515785694122,-0.14776499569416046,-0.4928530752658844,0.15960024297237396,-0.11788314580917358,-0.5571856498718262,0.1821890026330948,-0.03373396024107933,-0.5287634134292603,0.1811002939939499,-0.08026670664548874,-0.697977602481842,0.20446205139160156,-0.12509101629257202,-0.8208113312721252,0.20290899276733398,-0.15524806082248688,-0.9264097213745117,0.1920921802520752,-0.0018349331803619862,-0.5333331227302551,0.11478523164987564,-0.06254276633262634,-0.7250393033027649,0.12195035815238953,-0.10904856026172638,-0.8650642037391663,0.10183699429035187,-0.14339789748191833,-0.9860395193099976,0.08463479578495026,0.019873706623911858,-0.5164599418640137,0.04099193587899208,-0.05347470939159393,-0.7133025527000427,0.023748937994241714,-0.10176163911819458,-0.8556832671165466,-0.0013266829773783684,-0.13386449217796326,-0.9788084030151367,-0.01869407668709755,0.023647742345929146,-0.4974130392074585,-0.03011578880250454,-0.045479338616132736,-0.6880424618721008,-0.06521157175302505,-0.08870328217744827,-0.8049415349960327,-0.08915725350379944,-0.11987104266881943,-0.9098368287086487,-0.10587500035762787,COLD
0.0,0.0,0.0,0.0472525954246521,-0.2914174497127533,0.056489162147045135,0.19628779590129852,-0.463535875082016,0.08959414809942245,0.3292749226093292,-0.44999757409095764,0.11498704552650452,0.4069010317325592,-0.33921173214912415,0.1324124038219452,0.38088783621788025,-0.46905598044395447,0.01911572366952896,0.6186926364898682,-0.5149103999137878,0.049776650965213776,0.7518272399902344,-0.518947422504425,0.06660374999046326,0.8553130626678467,-0.5130083560943604,0.07253944873809814,0.4389342665672302,-0.3062669336795807,0.010380535386502743,0.48761776089668274,-0.34637704491615295,0.07173272222280502,0.40723878145217896,-0.35352185368537903,0.10888707637786865,0.34829914569854736,-0.3395330309867859,0.11998740583658218,0.4411829113960266,-0.1497574746608734,0.011379796080291271,0.4401579797267914,-0.21983127295970917,0.07964316755533218,0.37614449858665466,-0.22085218131542206,0.10443362593650818,0.3158224821090698,-0.2038743644952774,0.10036873072385788,0.42677125334739685,-0.030290180817246437,0.01596049778163433,0.41751495003700256,-0.09670986980199814,0.08105755597352982,0.3676498532295227,-0.09319788962602615,0.11567796766757965,0.3153345584869385,-0.07459266483783722,0.1310672014951706,0.0,0.0,0.0,-0.1249266043305397,-0.1765720695257187,0.07792150229215622,-0.1498657912015915,-0.35520824790000916,0.1288643479347229,-0.14355798065662384,-0.47953179478645325,0.1520295888185501,-0.12000869959592819,-0.5485917925834656,0.1709005981683731,-0.02619224227964878,-0.5282189846038818,0.17723624408245087,-0.07401742786169052,-0.6974805593490601,0.19877691566944122,-0.12059488147497177,-0.8203698396682739,0.19514299929141998,-0.15344038605690002,-0.9262754917144775,0.18279655277729034,0.007989498786628246,-0.5331546068191528,0.11017344146966934,-0.0552058182656765,-0.725059986114502,0.11664024740457535,-0.10409502685070038,-0.8661596775054932,0.0942850187420845,-0.1426192671060562,-0.9869291186332703,0.07503753155469894,0.02963855490088463,-0.5179005861282349,0.03595700114965439,-0.043550606817007065,-0.715785801410675,0.01947447843849659,-0.09303926676511765,-0.858623743057251,-0.005971410311758518,-0.12974323332309723,-0.9820552468299866,-0.024013834074139595,0.0318722166121006,-0.499432235956192,-0.035835977643728256,-0.03809747099876404,-0.6886325478553772,-0.06732017546892166,-0.08227132260799408,-0.8043385148048401,-0.08820393681526184,-0.11650499701499939,-0.9095245003700256,-0.10321255028247833,COLD
0.0,0.0,0.0,0.053775958716869354,-0.2807750999927521,0.05767024680972099,0.19468244910240173,-0.44332045316696167,0.07487659156322479,0.3118841052055359,-0.4544581174850464,0.07992257177829742,0.3731573820114136,-0.3696301281452179,0.07655616849660873,0.3829214870929718,-0.47631773352622986,-0.0068878429010510445,0.6247812509536743,-0.5128522515296936,0.002659689402207732,0.7640347480773926,-0.50920569896698,0.010286667384207249,0.867962658405304,-0.4964905381202698,0.01175436470657587,0.44247040152549744,-0.3174826502799988,-0.027397364377975464,0.4991907477378845,-0.3205777108669281,0.007136286702007055,0.42857155203819275,-0.3173457384109497,0.03748539090156555,0.36925795674324036,-0.3069452941417694,0.04803234338760376,0.4484275281429291,-0.15643197298049927,-0.03640497475862503,0.4453332722187042,-0.19977089762687683,0.01253465749323368,0.3898893892765045,-0.19678346812725067,0.045023951679468155,0.3316264748573303,-0.18545940518379211,0.05027298629283905,0.4338938891887665,-0.0348564088344574,-0.04241514205932617,0.42542511224746704,-0.07955704629421234,0.012865043245255947,0.3755283057689667,-0.07360278069972992,0.05493080988526344,0.3234284520149231,-0.0617249496281147,0.07864983379840851,0.0,0.0,0.0,-0.12960851192474365,-0.16852416098117828,0.052810586988925934,-0.15625496208667755,-0.3568606674671173,0.08960213512182236,-0.14222484827041626,-0.49065861105918884,0.10391057282686234,-0.1092035099864006,-0.5579876899719238,0.11460137367248535,-0.023139670491218567,-0.5344306230545044,0.1366119682788849,-0.0710262581706047,-0.703966498374939,0.144931361079216,-0.11776246130466461,-0.8276281952857971,0.13440071046352386,-0.15245096385478973,-0.9337483048439026,0.11813391745090485,0.010841947048902512,-0.5379612445831299,0.08202240616083145,-0.05390084162354469,-0.7296804189682007,0.07509151846170425,-0.1040697768330574,-0.8666623830795288,0.04993590712547302,-0.144033744931221,-0.9891141653060913,0.030125010758638382,0.03020225279033184,-0.5211455225944519,0.019855884835124016,-0.04657436162233353,-0.7221197485923767,-0.004805488977581263,-0.09860315918922424,-0.8602949976921082,-0.02880028821527958,-0.13739962875843048,-0.9804506897926331,-0.0444585345685482,0.029867032542824745,-0.49853336811065674,-0.04166501760482788,-0.0424339696764946,-0.6899078488349915,-0.07530731707811356,-0.0873320996761322,-0.8080440759658813,-0.09425660222768784,-0.12072238326072693,-0.9158890843391418,-0.10694720596075058,COLD
0.0,0.0,0.0,0.05354832485318184,-0.2806861400604248,0.063535675406456,0.1982012391090393,-0.4468768835067749,0.09015486389398575,0.31979846954345703,-0.4510746896266937,0.10594777762889862,0.3852061927318573,-0.353398859500885,0.11276309937238693,0.3847309350967407,-0.4669347405433655,0.0004918311606161296,0.6240314841270447,-0.5070391893386841,0.01717768795788288,0.7610145807266235,-0.5108956694602966,0.03075532056391239,0.8641896843910217,-0.5018031597137451,0.03701155260205269,0.4429611265659332,-0.3054701089859009,-0.016335034742951393,0.5039265751838684,-0.32993268966674805,0.028395414352416992,0.42980101704597473,-0.33318331837654114,0.06705334782600403,0.3673504889011383,-0.3162088394165039,0.08333474397659302,0.44551095366477966,-0.14576248824596405,-0.021683018654584885,0.44604918360710144,-0.2044018805027008,0.03261763975024223,0.3903936445713043,-0.20491522550582886,0.06298964470624924,0.32894304394721985,-0.18655070662498474,0.06694070249795914,0.42949891090393066,-0.02654905989766121,-0.022612106055021286,0.4233792722225189,-0.08181086927652359,0.03323233500123024,0.3767402768135071,-0.07680155336856842,0.07058358937501907,0.3228849768638611,-0.05973060801625252,0.090586818754673,0.0,0.0,0.0,-0.1257319301366806,-0.15808187425136566,0.04758182168006897,-0.15311405062675476,-0.3541548550128937,0.08211079984903336,-0.14356999099254608,-0.4848814010620117,0.09540984779596329,-0.1196499913930893,-0.546372652053833,0.10577356070280075,-0.022624947130680084,-0.5387380719184875,0.12467414885759354,-0.06923727691173553,-0.7055529356002808,0.13029298186302185,-0.11534580588340759,-0.8273693323135376,0.11952424794435501,-0.14804236590862274,-0.9308784604072571,0.10376226156949997,0.011562185361981392,-0.5420209765434265,0.07134346663951874,-0.05362585932016373,-0.7299733757972717,0.06297046691179276,-0.10391547530889511,-0.8672722578048706,0.03914763778448105,-0.14281654357910156,-0.9895232319831848,0.02114817127585411,0.03223388269543648,-0.5233431458473206,0.010617685504257679,-0.045162346214056015,-0.7218825817108154,-0.01654672622680664,-0.09685909748077393,-0.8598400950431824,-0.03981493413448334,-0.13345195353031158,-0.9802993535995483,-0.05356338247656822,0.031095359474420547,-0.49877434968948364,-0.049864862114191055,-0.04117705300450325,-0.6918569207191467,-0.08524537831544876,-0.08563238382339478,-0.8100971579551697,-0.10387030243873596,-0.11714836955070496,-0.9149854183197021,-0.11538243293762207,COLD
0.0,0.0,0.0,0.05040295422077179,-0.27768459916114807,0.06809861212968826,0.1936839371919632,-0.44129395484924316,0.0925891101360321,0.3129705488681793,-0.45203766226768494,0.10512594133615494,0.3761959969997406,-0.3625580668449402,0.10855621844530106,0.38483157753944397,-0.473438024520874,0.00093979318626225,0.6289281249046326,-0.5083410739898682,0.018130619078874588,0.7671827077865601,-0.5055484771728516,0.03186063840985298,0.8713918328285217,-0.4891040325164795,0.038124702870845795,0.44280681014060974,-0.3152658939361572,-0.01830727607011795,0.5060603022575378,-0.3140822649002075,0.026742534711956978,0.42912033200263977,-0.31582993268966675,0.06541751325130463,0.36515894532203674,-0.3036280870437622,0.08131653815507889,0.4453401267528534,-0.1557457596063614,-0.025151873007416725,0.44874295592308044,-0.19639381766319275,0.031076299026608467,0.39046812057495117,-0.19575092196464539,0.06294336169958115,0.32819390296936035,-0.18256866931915283,0.06683875620365143,0.4310916066169739,-0.036892201751470566,-0.027210863307118416,0.42407500743865967,-0.07889439165592194,0.032431136816740036,0.3735101819038391,-0.0716240331530571,0.07259216159582138,0.3193863034248352,-0.05940719321370125,0.09392332285642624,0.0,0.0,0.0,-0.1264539211988449,-0.15774241089820862,0.03368253633379936,-0.15099593997001648,-0.3509756326675415,0.06114267185330391,-0.14087843894958496,-0.4820842444896698,0.07109753787517548,-0.11836718022823334,-0.5578495860099792,0.07931800931692123,-0.0181557796895504,-0.5297921299934387,0.10390014946460724,-0.06674450635910034,-0.6980605721473694,0.1022520661354065,-0.11420901864767075,-0.8235681056976318,0.08671269565820694,-0.14931552112102509,-0.929794192314148,0.06823372840881348,0.01628686860203743,-0.5322418808937073,0.0579681321978569,-0.05173258110880852,-0.72278892993927,0.04356449842453003,-0.1032540574669838,-0.8638525605201721,0.015876762568950653,-0.14403970539569855,-0.9895586371421814,-0.005139451939612627,0.03618907183408737,-0.5142109990119934,0.004497014917433262,-0.04160022363066673,-0.712863028049469,-0.02626178041100502,-0.09423841536045074,-0.853307843208313,-0.053098585456609726,-0.13294069468975067,-0.9758887887001038,-0.06960747390985489,0.03415001556277275,-0.4902305603027344,-0.04943658411502838,-0.03711060807108879,-0.6778443455696106,-0.08678974211215973,-0.0817490667104721,-0.7949243783950806,-0.1080118715763092,-0.11447769403457642,-0.8999053239822388,-0.12154937535524368,COLD
0.0,0.0,0.0,0.053016144782304764,-0.27702122926712036,0.06874317675828934,0.20167170464992523,-0.446649968624115,0.09920626878738403,0.3266773521900177,-0.4559696316719055,0.11791427433490753,0.3963107168674469,-0.36073800921440125,0.1284925639629364,0.3781967759132385,-0.4805934429168701,0.012180422432720661,0.6190922260284424,-0.5238153338432312,0.03580645099282265,0.7555477023124695,-0.521978497505188,0.05371618643403053,0.8588249683380127,-0.508460521697998,0.062350425869226456,0.4376959800720215,-0.3379589915275574,-0.005963334813714027,0.50615394115448,-0.3179151713848114,0.044757116585969925,0.4329036474227905,-0.30737414956092834,0.08282075822353363,0.37077921628952026,-0.29606595635414124,0.0980987697839737,0.4454270601272583,-0.18184542655944824,-0.011792842298746109,0.4510256350040436,-0.20465435087680817,0.04898791387677193,0.39281952381134033,-0.19716668128967285,0.07917208224534988,0.33219653367996216,-0.18617570400238037,0.08133648335933685,0.4345571994781494,-0.05919298902153969,-0.012995725497603416,0.4310792088508606,-0.08916240930557251,0.049529701471328735,0.38093429803848267,-0.07877671718597412,0.08881565928459167,0.3270340859889984,-0.06721765547990799,0.10919913649559021,0.0,0.0,0.0,-0.1266762614250183,-0.1528906524181366,0.037590835243463516,-0.15083737671375275,-0.35044145584106445,0.06652497500181198,-0.14094386994838715,-0.4836201071739197,0.07742290198802948,-0.1170126274228096,-0.5539326071739197,0.08631835877895355,-0.013828362338244915,-0.5332369208335876,0.10657951235771179,-0.06235558167099953,-0.6996323466300964,0.10695593804121017,-0.11081639677286148,-0.8237071633338928,0.09271019697189331,-0.14810442924499512,-0.929185152053833,0.07468963414430618,0.020636634901165962,-0.5377628803253174,0.059128280729055405,-0.048285964876413345,-0.7271130681037903,0.04780878871679306,-0.10187064856290817,-0.8659542202949524,0.023064209148287773,-0.145568385720253,-0.9893423318862915,0.003402634523808956,0.03819651156663895,-0.5198822021484375,0.004489137325435877,-0.03861932456493378,-0.7200010418891907,-0.022812552750110626,-0.09233914315700531,-0.8563193678855896,-0.04588838294148445,-0.13318508863449097,-0.9749913215637207,-0.060856010764837265,0.03214719519019127,-0.4946962296962738,-0.05061529949307442,-0.03552476689219475,-0.6828105449676514,-0.08493180572986603,-0.0789901465177536,-0.7998968958854675,-0.10384565591812134,-0.11211618781089783,-0.9045285582542419,-0.11643444001674652,COLD
0.0,0.0,0.0,0.058615587651729584,-0.2697439193725586,0.055274125188589096,0.1947324573993683,-0.4283302426338196,0.06660809367895126,0.3016508221626282,-0.445068359375,0.06419350951910019,0.3538949489593506,-0.3722004294395447,0.054586514830589294,0.3836902379989624,-0.48480746150016785,-0.01319226436316967,0.6251890659332275,-0.5131427645683289,-0.009811682626605034,0.7635488510131836,-0.5088584423065186,-0.0035572764463722706,0.8657227754592896,-0.5005154609680176,-0.00287911226041615,0.44462013244628906,-0.3418862819671631,-0.039739806205034256,0.5101029276847839,-0.26836293935775757,-0.019964955747127533,0.4407058358192444,-0.2437913715839386,0.0033275012392550707,0.3797154426574707,-0.2447679042816162,0.011808638460934162,0.4563747048377991,-0.17882150411605835,-0.05473630130290985,0.4600915312767029,-0.15207959711551666,-0.01837141253054142,0.40396231412887573,-0.13899928331375122,0.012556684203445911,0.3482031524181366,-0.14379212260246277,0.01977822557091713,0.44642361998558044,-0.04787931591272354,-0.06717285513877869,0.4422754943370819,-0.03735114261507988,-0.017502661794424057,0.38946419954299927,-0.024294497445225716,0.024944428354501724,0.3369990289211273,-0.026181040331721306,0.05083499476313591,0.0,0.0,0.0,-0.13377238810062408,-0.16653087735176086,0.04075876623392105,-0.15974436700344086,-0.3531917929649353,0.063067227602005,-0.14875900745391846,-0.48470282554626465,0.06536421924829483,-0.11883667856454849,-0.5659972429275513,0.06510619074106216,-0.013731583952903748,-0.5286006331443787,0.10835392773151398,-0.06595869362354279,-0.7001508474349976,0.10653911530971527,-0.11397629976272583,-0.8228434324264526,0.08945349603891373,-0.1503646969795227,-0.9305773973464966,0.06987771391868591,0.02164771594107151,-0.5305361151695251,0.05724943429231644,-0.0497913733124733,-0.7284564971923828,0.045888591557741165,-0.10734720528125763,-0.8663383722305298,0.019562961533665657,-0.14929260313510895,-0.9887908101081848,-0.0020867600105702877,0.03276916593313217,-0.5112366080284119,-0.0008978369878605008,-0.04704036936163902,-0.7190963625907898,-0.025111554190516472,-0.1065133586525917,-0.8600059151649475,-0.04678957909345627,-0.14712359011173248,-0.9784459471702576,-0.062293943017721176,0.013952427543699741,-0.4846137464046478,-0.059328142553567886,-0.053816646337509155,-0.677983283996582,-0.08698270469903946,-0.09874539077281952,-0.7947328090667725,-0.10026147216558456,-0.13098153471946716,-0.8965149521827698,-0.10998369008302689,COLD
0.0,0.0,0.0,0.046663880348205566,-0.27272799611091614,0.055474258959293365,0.17767749726772308,-0.42558881640434265,0.06534165889024734,0.2811775803565979,-0.44321125745773315,0.06297658383846283,0.32694002985954285,-0.38412266969680786,0.05283277481794357,0.38371822237968445,-0.48426496982574463,-0.02407296933233738,0.6264404058456421,-0.5115712881088257,-0.020488688722252846,0.7660524249076843,-0.5054049491882324,-0.01533816009759903,0.8689740896224976,-0.4946182370185852,-0.015386772342026234,0.4457419216632843,-0.3380855619907379,-0.048093281686306,0.500965416431427,-0.25662761926651,-0.022029360756278038,0.4307810366153717,-0.23301789164543152,0.004577455576509237,0.37268561124801636,-0.2376420497894287,0.012573686428368092,0.4523457884788513,-0.17150157690048218,-0.05950464308261871,0.44707420468330383,-0.14590679109096527,-0.018278824165463448,0.39339056611061096,-0.13477487862110138,0.014127208851277828,0.33954063057899475,-0.14292319118976593,0.02017844468355179,0.4380062520503998,-0.04208483174443245,-0.06790344417095184,0.4275479018688202,-0.03230609744787216,-0.014657199382781982,0.37488824129104614,-0.02170530892908573,0.029950551688671112,0.32216116786003113,-0.027675537392497063,0.056148312985897064,0.0,0.0,0.0,-0.13270880281925201,-0.16340039670467377,0.02271498180925846,-0.15564559400081635,-0.35512349009513855,0.03446965292096138,-0.145528644323349,-0.48654845356941223,0.03108932636678219,-0.11838207393884659,-0.5721405148506165,0.026912886649370193,-0.004223226569592953,-0.5305420756340027,0.0749906376004219,-0.06178677827119827,-0.6967336535453796,0.06182445213198662,-0.11267923563718796,-0.8195089101791382,0.039524681866168976,-0.14898520708084106,-0.9258829951286316,0.018174273893237114,0.02932698465883732,-0.5305467844009399,0.032689716666936874,-0.04838772490620613,-0.7259700298309326,0.011729830875992775,-0.10782165080308914,-0.8638312816619873,-0.014911591075360775,-0.14848630130290985,-0.9882864356040955,-0.03523761034011841,0.039620377123355865,-0.5101648569107056,-0.016599692404270172,-0.04238814115524292,-0.7188883423805237,-0.048191096633672714,-0.10250186175107956,-0.8576884269714355,-0.067588672041893,-0.14011670649051666,-0.9738035798072815,-0.07904739677906036,0.020001426339149475,-0.48063600063323975,-0.06737464666366577,-0.04535564407706261,-0.6746865510940552,-0.09713833779096603,-0.09059955924749374,-0.7893995046615601,-0.10759048908948898,-0.12383159250020981,-0.8842799663543701,-0.11368412524461746,COLD
0.0,0.0,0.0,0.048770345747470856,-0.28371644020080566,0.03897043690085411,0.1977030336856842,-0.43803870677948,0.04629790410399437,0.3321377635002136,-0.42842769622802734,0.043942589312791824,0.4082574248313904,-0.3294612765312195,0.035800766199827194,0.3792082965373993,-0.4840358793735504,-0.024419918656349182,0.6225995421409607,-0.5190748572349548,-0.021908674389123917,0.7612475752830505,-0.5128653049468994,-0.017831938341259956,0.8644011616706848,-0.5024534463882446,-0.018740661442279816,0.43728870153427124,-0.3401503264904022,-0.042493585497140884,0.5007319450378418,-0.2733583152294159,-0.022078750655055046,0.43160486221313477,-0.2506769001483917,-0.0003783110296353698,0.3744194805622101,-0.25403672456741333,0.00651457067579031,0.4466034173965454,-0.17795661091804504,-0.05026431009173393,0.4549938142299652,-0.15624812245368958,-0.0172011349350214,0.3965352773666382,-0.14607810974121094,0.011540789157152176,0.34215518832206726,-0.1535763442516327,0.017965689301490784,0.43541672825813293,-0.04771263152360916,-0.05641213059425354,0.4370790719985962,-0.04156000167131424,-0.009353598579764366,0.3817823529243469,-0.030188769102096558,0.03217445686459541,0.3318270146846771,-0.03280378133058548,0.057600196450948715,0.0,0.0,0.0,-0.1322464942932129,-0.16883479058742523,0.028258850798010826,-0.14917272329330444,-0.3539011478424072,0.04437648132443428,-0.13827751576900482,-0.48075923323631287,0.044871214777231216,-0.1144912987947464,-0.5715050101280212,0.04396198317408562,0.010597862303256989,-0.5260480046272278,0.080424964427948,-0.04894726350903511,-0.695045530796051,0.06965269893407822,-0.09984847903251648,-0.8187465071678162,0.049072422087192535,-0.13663849234580994,-0.9263778328895569,0.028719892725348473,0.04434453323483467,-0.5258503556251526,0.03636162355542183,-0.03743600472807884,-0.7238062620162964,0.01655484549701214,-0.0978432223200798,-0.8650416731834412,-0.010845845565199852,-0.14056457579135895,-0.9895548820495605,-0.03197992965579033,0.0521465465426445,-0.5056207776069641,-0.014241178520023823,-0.0356111004948616,-0.7139386534690857,-0.04560991749167442,-0.09598169475793839,-0.8529006242752075,-0.06690162420272827,-0.13486982882022858,-0.9704641699790955,-0.08019968867301941,0.029637042433023453,-0.4767984449863434,-0.06559763848781586,-0.04065810516476631,-0.6668423414230347,-0.09763127565383911,-0.08563423901796341,-0.7809618711471558,-0.1114412471652031,-0.11784186959266663,-0.8792826533317566,-0.12008240073919296,COLD
0.0,0.0,0.0,0.047580327838659286,-0.27095526456832886,0.05725228041410446,0.18526355922222137,-0.42909687757492065,0.07333668321371078,0.29250630736351013,-0.4488482177257538,0.07713885605335236,0.3406757712364197,-0.38417690992355347,0.07281912863254547,0.3769136369228363,-0.4877587854862213,-0.012160610407590866,0.622807502746582,-0.5141128897666931,-0.004857945721596479,0.7639744281768799,-0.5076716542243958,0.0025983848609030247,0.8682457804679871,-0.49611523747444153,0.004359918180853128,0.43844881653785706,-0.3467978239059448,-0.034851688891649246,0.5028683543205261,-0.27413690090179443,-0.0050360048189759254,0.43284520506858826,-0.25206825137138367,0.02220483310520649,0.37154507637023926,-0.2567637264728546,0.03127820044755936,0.4489881992340088,-0.18414869904518127,-0.04551570490002632,0.4505043625831604,-0.1605071872472763,-0.001732082455419004,0.39316028356552124,-0.1469135284423828,0.02889556996524334,0.33571356534957886,-0.15297962725162506,0.0340299978852272,0.43804264068603516,-0.054963868111371994,-0.05321228876709938,0.4353952705860138,-0.04617166519165039,0.0004702827427536249,0.38012751936912537,-0.03163289651274681,0.042529672384262085,0.3252876102924347,-0.03356323018670082,0.06680978089570999,0.0,0.0,0.0,-0.12887738645076752,-0.16283062100410461,0.011741078458726406,-0.1468535214662552,-0.3504689633846283,0.015619194135069847,-0.13344444334506989,-0.4771283268928528,0.007013470865786076,-0.1051541343331337,-0.5646121501922607,-0.0022761633154004812,0.010232311673462391,-0.5238223671913147,0.049535080790519714,-0.04855421558022499,-0.6924858093261719,0.027737203985452652,-0.09702348709106445,-0.8185563087463379,0.0002776544133666903,-0.13196556270122528,-0.9283391833305359,-0.024226980283856392,0.043279439210891724,-0.5208099484443665,0.011549876071512699,-0.03850742056965828,-0.720501720905304,-0.016735060140490532,-0.09659148752689362,-0.8622074723243713,-0.04765275493264198,-0.1365482658147812,-0.9880706667900085,-0.07121005654335022,0.051386840641498566,-0.4981481730937958,-0.03281792625784874,-0.03363964706659317,-0.7063708901405334,-0.06838802248239517,-0.09328753501176834,-0.8480418920516968,-0.0909896194934845,-0.13089704513549805,-0.9663673639297485,-0.10561136156320572,0.029697271063923836,-0.4653199017047882,-0.07913047820329666,-0.03774517402052879,-0.6478761434555054,-0.11156991124153137,-0.0803186446428299,-0.760545015335083,-0.12491382658481598,-0.10867489129304886,-0.8573857545852661,-0.13354025781154633,COLD
0.0,0.0,0.0,0.04567762464284897,-0.26494044065475464,0.05326990783214569,0.17831534147262573,-0.42016685009002686,0.06443029642105103,0.2728689908981323,-0.4480665922164917,0.06191224977374077,0.3089011013507843,-0.4087442457675934,0.05169736221432686,0.38277310132980347,-0.4871065020561218,-0.011534820310771465,0.6241788268089294,-0.5131738781929016,-0.009829970076680183,0.7655602693557739,-0.5043094158172607,-0.008346506394445896,0.8697035312652588,-0.49345001578330994,-0.011079375632107258,0.4432339370250702,-0.35247930884361267,-0.03809364512562752,0.5052404403686523,-0.25932034850120544,-0.01635483279824257,0.43766269087791443,-0.22804482281208038,0.0025480459444224834,0.3812539875507355,-0.2399841696023941,0.006173666566610336,0.45282888412475586,-0.18843303620815277,-0.0534997433423996,0.45454180240631104,-0.1442147195339203,-0.015983041375875473,0.39758405089378357,-0.12557749450206757,0.012078200466930866,0.34515634179115295,-0.14195333421230316,0.015972979366779327,0.4407624900341034,-0.05381651595234871,-0.06672953814268112,0.4375848174095154,-0.025333842262625694,-0.01477361936122179,0.3827689290046692,-0.009564311243593693,0.027973927557468414,0.33092206716537476,-0.020330369472503662,0.05267401784658432,0.0,0.0,0.0,-0.12753048539161682,-0.16164366900920868,0.018898723646998405,-0.14348779618740082,-0.34633079171180725,0.025406915694475174,-0.13133713603019714,-0.47154536843299866,0.01747242920100689,-0.10802452266216278,-0.5606873631477356,0.008373824879527092,0.018264751881361008,-0.5277721285820007,0.06195855885744095,-0.04051782935857773,-0.6968381404876709,0.04415811970829964,-0.0898735523223877,-0.8222205638885498,0.018361948430538177,-0.12566420435905457,-0.9324115514755249,-0.005578845739364624,0.050779636949300766,-0.5258252024650574,0.01915496401488781,-0.03163507580757141,-0.7239976525306702,-0.004518001340329647,-0.09013617038726807,-0.864833414554596,-0.03405899554491043,-0.1311686933040619,-0.9896918535232544,-0.05748802796006203,0.05636255070567131,-0.5043036937713623,-0.030141469091176987,-0.030569888651371002,-0.7125775218009949,-0.06187503784894943,-0.09020271897315979,-0.8541061282157898,-0.08227180689573288,-0.12875638902187347,-0.9752430319786072,-0.09647127985954285,0.030440213158726692,-0.4734368920326233,-0.08122646063566208,-0.03993628919124603,-0.6605177521705627,-0.1113220676779747,-0.08234118670225143,-0.7752297520637512,-0.12306780368089676,-0.11100766807794571,-0.8769512176513672,-0.1311584711074829,COLD
0.0,0.0,0.0,0.0548364482820034,-0.2828723192214966,0.046651482582092285,0.20023536682128906,-0.44860541820526123,0.054699238389730453,0.33023497462272644,-0.4449918568134308,0.05085637792944908,0.4025234282016754,-0.34620317816734314,0.03909050300717354,0.3779427707195282,-0.4868185520172119,-0.022863207384943962,0.6235418319702148,-0.5204228162765503,-0.022541427984833717,0.7622858881950378,-0.5146378874778748,-0.02139938995242119,0.8642969131469727,-0.502387523651123,-0.024448398500680923,0.4369176924228668,-0.3368915021419525,-0.044828351587057114,0.49070292711257935,-0.29439663887023926,-0.02407933585345745,0.4191269278526306,-0.2778742015361786,-0.0020742013584822416,0.3631099462509155,-0.2765011787414551,0.003648493904620409,0.44587525725364685,-0.1730288714170456,-0.055840637534856796,0.45350009202957153,-0.1699908822774887,-0.02002166397869587,0.39385315775871277,-0.16441310942173004,0.01196880079805851,0.3350078761577606,-0.16854478418827057,0.018640460446476936,0.4329671263694763,-0.04249265417456627,-0.06480448693037033,0.430120587348938,-0.05168678238987923,-0.016152989119291306,0.37550368905067444,-0.044516369700431824,0.027729284018278122,0.32564014196395874,-0.045942194759845734,0.05383961275219917,0.0,0.0,0.0,-0.13456539809703827,-0.16730475425720215,0.018423525616526604,-0.1570170670747757,-0.3627426028251648,0.026942728087306023,-0.140678271651268,-0.49335977435112,0.020732680335640907,-0.10716557502746582,-0.5691261291503906,0.013492233119904995,0.0052590989507734776,-0.5309272408485413,0.06972373276948929,-0.04975876957178116,-0.6991592049598694,0.05607552453875542,-0.09753590822219849,-0.824278712272644,0.03191523998975754,-0.13321857154369354,-0.9324753284454346,0.008062051609158516,0.04043974727392197,-0.5295062065124512,0.02899116650223732,-0.03606083244085312,-0.7294377088546753,0.00923167821019888,-0.09244435280561447,-0.868200957775116,-0.018161922693252563,-0.1321975588798523,-0.9903953075408936,-0.04050854966044426,0.0489896684885025,-0.5074719786643982,-0.01895545795559883,-0.03427724540233612,-0.7165929079055786,-0.0479002483189106,-0.09548523277044296,-0.8564685583114624,-0.06916962563991547,-0.13639876246452332,-0.969390869140625,-0.08425207436084747,0.02666289545595646,-0.4754169285297394,-0.06895586848258972,-0.043974291533231735,-0.6606731414794922,-0.09736333787441254,-0.09400500357151031,-0.7724918723106384,-0.11005261540412903,-0.1316850781440735,-0.8636776208877563,-0.11917227506637573,COLD
0.0,0.0,0.0,0.04410060867667198,-0.2790321707725525,0.05882539600133896,0.17693331837654114,-0.4539543390274048,0.07935493439435959,0.29269811511039734,-0.47454679012298584,0.08801288157701492,0.3458033800125122,-0.4057437777519226,0.08816445618867874,0.3913615942001343,-0.4870917499065399,-0.005663061980158091,0.6330502033233643,-0.5235037803649902,0.012049549259245396,0.7681931853294373,-0.5148910284042358,0.024198560044169426,0.8663549423217773,-0.498672753572464,0.027469266206026077,0.45422595739364624,-0.33747488260269165,-0.0254807211458683,0.5006038546562195,-0.28422266244888306,0.014853432774543762,0.42511671781539917,-0.2717142701148987,0.04335140064358711,0.36241039633750916,-0.2745424211025238,0.050493985414505005,0.45981985330581665,-0.17159278690814972,-0.03281213715672493,0.4500369429588318,-0.16826379299163818,0.01859283447265625,0.39257577061653137,-0.16137591004371643,0.046438656747341156,0.33350902795791626,-0.16449357569217682,0.047133635729551315,0.44565877318382263,-0.04336782917380333,-0.036760296672582626,0.43491607904434204,-0.049777135252952576,0.01956174522638321,0.3818821310997009,-0.04209193214774132,0.05903857201337814,0.3261876404285431,-0.04312941059470177,0.08052948117256165,0.0,0.0,0.0,-0.13200412690639496,-0.1729092299938202,0.024731719866394997,-0.1497471034526825,-0.35651707649230957,0.03465351089835167,-0.13905002176761627,-0.4813458323478699,0.02964727394282818,-0.1148139238357544,-0.5771664977073669,0.02372114174067974,0.010059943422675133,-0.526440441608429,0.07015541940927505,-0.04808386415243149,-0.6995232105255127,0.05575493350625038,-0.09785190224647522,-0.8246840834617615,0.03300175070762634,-0.1336946189403534,-0.9337231516838074,0.011583881452679634,0.04274247959256172,-0.5267258882522583,0.0273574311286211,-0.03833572193980217,-0.7273221015930176,0.005901193246245384,-0.0974697396159172,-0.8674986958503723,-0.02135111205279827,-0.1375051885843277,-0.9895846247673035,-0.042600683867931366,0.04798932373523712,-0.5063111782073975,-0.02167557366192341,-0.038390226662158966,-0.7159201502799988,-0.051325779408216476,-0.09874511510133743,-0.8554099202156067,-0.07053950428962708,-0.13669635355472565,-0.9704005122184753,-0.0832245796918869,0.02267155610024929,-0.47632503509521484,-0.07186765223741531,-0.04671118035912514,-0.6648831963539124,-0.09946254640817642,-0.09279830008745193,-0.7775360345840454,-0.10971763730049133,-0.12515980005264282,-0.8719518184661865,-0.11632902175188065,COLD
0.0,0.0,0.0,0.04865024983882904,-0.2782634496688843,0.04238446429371834,0.1878814697265625,-0.4481199383735657,0.05151466652750969,0.31115755438804626,-0.4512283205986023,0.050766218453645706,0.3761957287788391,-0.3655051589012146,0.04337440803647041,0.3847038745880127,-0.4810307025909424,-0.025019187480211258,0.6302728652954102,-0.51527339220047,-0.02253037877380848,0.7700613141059875,-0.5071308016777039,-0.019564084708690643,0.8706129789352417,-0.49150246381759644,-0.021408865228295326,0.4451639652252197,-0.33325621485710144,-0.04303673282265663,0.5005670189857483,-0.27938249707221985,-0.019722430035471916,0.4304976463317871,-0.26584798097610474,0.003435460152104497,0.3732738196849823,-0.2709472179412842,0.009852555580437183,0.4534876346588135,-0.1728907823562622,-0.050566572695970535,0.45044082403182983,-0.1642744094133377,-0.011271370574831963,0.3944821357727051,-0.15885069966316223,0.018053540959954262,0.3394165337085724,-0.16616903245449066,0.022094253450632095,0.440639853477478,-0.04697991535067558,-0.05680764093995094,0.42911067605018616,-0.04570496082305908,-0.008308463729918003,0.3756530284881592,-0.03879595920443535,0.03092019632458687,0.3248083293437958,-0.04455413296818733,0.05382895469665527,0.0,0.0,0.0,-0.13268204033374786,-0.1691019982099533,0.026626266539096832,-0.1469949185848236,-0.3518695533275604,0.0356239415705204,-0.1377032995223999,-0.47710201144218445,0.028848599642515182,-0.11983272433280945,-0.5767379999160767,0.02105126343667507,0.014716912060976028,-0.5254483819007874,0.07210420072078705,-0.04384759068489075,-0.6975431442260742,0.05843226984143257,-0.09329750388860703,-0.8212735652923584,0.036009531468153,-0.12739883363246918,-0.930526852607727,0.014912793412804604,0.04676985368132591,-0.5254985094070435,0.02749350666999817,-0.0352819561958313,-0.7282904386520386,0.009323236532509327,-0.09550036489963531,-0.8675757646560669,-0.015476961620151997,-0.13375675678253174,-0.9903738498687744,-0.035619672387838364,0.05058589205145836,-0.5056953430175781,-0.02329489402472973,-0.03482653200626373,-0.7194610238075256,-0.04925577715039253,-0.09522683173418045,-0.8603784441947937,-0.06445309519767761,-0.13088305294513702,-0.9777961373329163,-0.07546137273311615,0.022205792367458344,-0.4779979884624481,-0.07549344748258591,-0.04257657006382942,-0.667487382888794,-0.0993371233344078,-0.08452256768941879,-0.7815285325050354,-0.10606665909290314,-0.11189828813076019,-0.8793207406997681,-0.11087829619646072,COLD
0.0,0.0,0.0,0.05273732915520668,-0.28012391924858093,0.05611482635140419,0.18419402837753296,-0.443897545337677,0.06626290082931519,0.2967779338359833,-0.4485953748226166,0.0633373111486435,0.3490118980407715,-0.36827516555786133,0.05125340819358826,0.3877185881137848,-0.47905710339546204,-0.022229565307497978,0.6332150101661682,-0.5012973546981812,-0.018366103991866112,0.7740699052810669,-0.49633610248565674,-0.014460660517215729,0.8742870688438416,-0.48514750599861145,-0.015938717871904373,0.44951295852661133,-0.3235372006893158,-0.04732654243707657,0.4902629554271698,-0.280764639377594,-0.020997460931539536,0.41750404238700867,-0.2685149610042572,0.004886725451797247,0.35899800062179565,-0.2656666934490204,0.011719089932739735,0.45438212156295776,-0.15525111556053162,-0.06015351414680481,0.44358834624290466,-0.16212281584739685,-0.020429186522960663,0.3875933587551117,-0.15470634400844574,0.010693566873669624,0.3313515782356262,-0.15266725420951843,0.015886100009083748,0.4376611113548279,-0.024665024131536484,-0.06967325508594513,0.42500942945480347,-0.04150101915001869,-0.020230261608958244,0.37256062030792236,-0.032818205654621124,0.02330072969198227,0.32027536630630493,-0.02837485261261463,0.049228958785533905,0.0,0.0,0.0,-0.12948955595493317,-0.16360075771808624,0.015920739620923996,-0.15336275100708008,-0.35216546058654785,0.02227131277322769,-0.14196397364139557,-0.47980716824531555,0.013607003726065159,-0.10996109992265701,-0.5555116534233093,0.0037833016831427813,-0.002111821435391903,-0.5248759388923645,0.06536344438791275,-0.053579192608594894,-0.6974644660949707,0.04788321629166603,-0.09828736633062363,-0.8248420357704163,0.02164294198155403,-0.13312748074531555,-0.9346200823783875,-0.0032467921264469624,0.03148812800645828,-0.5223814249038696,0.02391967736184597,-0.04136604815721512,-0.7219364643096924,-6.387133180396631e-05,-0.09502162039279938,-0.8628000617027283,-0.031288992613554,-0.1349436640739441,-0.9892470836639404,-0.05639547109603882,0.04305986687541008,-0.5010588765144348,-0.024927562102675438,-0.03584383800625801,-0.7083470821380615,-0.0570974238216877,-0.09416556358337402,-0.848686933517456,-0.08166182786226273,-0.13489195704460144,-0.9652999639511108,-0.09904900938272476,0.027596406638622284,-0.4709525406360626,-0.07591928541660309,-0.04259316995739937,-0.6536769866943359,-0.10676003992557526,-0.0884980782866478,-0.7672405242919922,-0.12188338488340378,-0.1216895654797554,-0.8642086386680603,-0.13291724026203156,COLD
0.0,0.0,0.0,0.04169731214642525,-0.2760881185531616,0.06680450588464737,0.1672496348619461,-0.44585320353507996,0.08625227957963943,0.2748176157474518,-0.4737914800643921,0.09270556271076202,0.32201406359672546,-0.40733686089515686,0.08938802778720856,0.3873671889305115,-0.4863723814487457,-0.01117644552141428,0.6350447535514832,-0.5092330574989319,-0.0013779470464214683,0.7759738564491272,-0.5012246966362,0.0058393171057105064,0.8754753470420837,-0.4832080006599426,0.007269045803695917,0.4499815106391907,-0.33057910203933716,-0.035101260989904404,0.48732250928878784,-0.29784274101257324,0.0031508111860603094,0.4121629595756531,-0.29092419147491455,0.03473209962248802,0.35122328996658325,-0.2885861098766327,0.04378456249833107,0.4532076418399811,-0.16227176785469055,-0.045981768518686295,0.43831467628479004,-0.1792839914560318,0.002693219343200326,0.38290417194366455,-0.172066792845726,0.03378528356552124,0.32344508171081543,-0.16620533168315887,0.0375417023897171,0.4365691542625427,-0.033954355865716934,-0.05242073908448219,0.42568981647491455,-0.05233350768685341,0.0008931885822676122,0.3739478290081024,-0.04111345112323761,0.04258532449603081,0.3181782066822052,-0.03259129077196121,0.06664977967739105,0.0,0.0,0.0,-0.1280251294374466,-0.16640207171440125,0.02194184809923172,-0.14423136413097382,-0.3499026894569397,0.030481461435556412,-0.1358949840068817,-0.47362643480300903,0.02401343360543251,-0.11435440182685852,-0.570594847202301,0.016553249210119247,0.009401828981935978,-0.527313232421875,0.06799392402172089,-0.04522790387272835,-0.6989694833755493,0.051747534424066544,-0.09299454838037491,-0.8229069113731384,0.027590878307819366,-0.1274297684431076,-0.9307326078414917,0.005207598675042391,0.041234780102968216,-0.525836706161499,0.0246376134455204,-0.037732433527708054,-0.7232992053031921,0.0013120861258357763,-0.09426415711641312,-0.8643067479133606,-0.028064996004104614,-0.13317972421646118,-0.9897933006286621,-0.05071701109409332,0.050248969346284866,-0.502899169921875,-0.02524339221417904,-0.034742359071969986,-0.7088186144828796,-0.05651244521141052,-0.09236151725053787,-0.8457669019699097,-0.07700624316930771,-0.1290702074766159,-0.9632271528244019,-0.0905446857213974,0.03167291730642319,-0.4684993326663971,-0.0766519084572792,-0.0382707342505455,-0.6533644795417786,-0.10569699853658676,-0.08239180594682693,-0.7641891837120056,-0.11674696207046509,-0.1131085529923439,-0.8603524565696716,-0.12389461696147919,COLD
0.0,0.0,0.0,0.04432784020900726,-0.27597081661224365,0.06821605563163757,0.17306798696517944,-0.4426027536392212,0.08904236555099487,0.27741363644599915,-0.4684617519378662,0.09624951332807541,0.32203006744384766,-0.3995612561702728,0.09372705221176147,0.3912075459957123,-0.48638877272605896,-0.003115257015451789,0.6334266662597656,-0.5115466713905334,0.009672262705862522,0.7726433277130127,-0.5074785351753235,0.017396287992596626,0.8703086972236633,-0.49214398860931396,0.018899962306022644,0.4570326805114746,-0.32936960458755493,-0.027640098705887794,0.49276214838027954,-0.2965337634086609,0.013961024582386017,0.42145663499832153,-0.28901153802871704,0.04438386484980583,0.3609811067581177,-0.28503453731536865,0.05244746804237366,0.46209847927093506,-0.15915212035179138,-0.03923376649618149,0.4467737376689911,-0.17813237011432648,0.012931253761053085,0.3934221565723419,-0.17133677005767822,0.04244247078895569,0.333609014749527,-0.16598950326442719,0.04444247484207153,0.44514405727386475,-0.029102684929966927,-0.04644769802689552,0.429985374212265,-0.04919058829545975,0.010519921779632568,0.3788191080093384,-0.03779249265789986,0.05253254249691963,0.3227725028991699,-0.02841358445584774,0.07618383318185806,0.0,0.0,0.0,-0.13250933587551117,-0.17338573932647705,0.0250881128013134,-0.14591191709041595,-0.3539474904537201,0.03408580273389816,-0.1363292783498764,-0.47668761014938354,0.027564574033021927,-0.11111663281917572,-0.5674954652786255,0.019711825996637344,0.012204346247017384,-0.5238685607910156,0.06809383630752563,-0.044415105134248734,-0.69711834192276,0.05251995846629143,-0.09228864312171936,-0.8223216533660889,0.029385043308138847,-0.12624458968639374,-0.932869553565979,0.00757924560457468,0.04658585786819458,-0.5216460824012756,0.02366350218653679,-0.0363178588449955,-0.722629964351654,-1.4188419299898669e-05,-0.09446807205677032,-0.8651703000068665,-0.028351403772830963,-0.13333459198474884,-0.9897916913032532,-0.05034201592206955,0.055030371993780136,-0.4980768859386444,-0.026815516874194145,-0.033470917493104935,-0.7078566551208496,-0.059262245893478394,-0.09446512907743454,-0.8487009406089783,-0.07982415705919266,-0.1332554668188095,-0.9669956564903259,-0.0932665690779686,0.033096782863140106,-0.46507591009140015,-0.07827013731002808,-0.03822636231780052,-0.651810348033905,-0.10819927603006363,-0.08332273364067078,-0.763626754283905,-0.11949537694454193,-0.11462109535932541,-0.8589654564857483,-0.12687665224075317,COLD
0.0,0.0,0.0,0.047739069908857346,-0.2727389633655548,0.06317629665136337,0.18009713292121887,-0.4389745593070984,0.0801844373345375,0.28936994075775146,-0.4612797200679779,0.0841822549700737,0.33727651834487915,-0.385915070772171,0.07909021526575089,0.39014148712158203,-0.4845641255378723,-0.012410699389874935,0.6362156271934509,-0.5080065727233887,-0.004486413206905127,0.7762539386749268,-0.5007784962654114,0.0012314539635553956,0.8751387000083923,-0.48387014865875244,0.0014067793963477015,0.4528379440307617,-0.33102118968963623,-0.037182100117206573,0.49885332584381104,-0.281433641910553,-0.002796017099171877,0.4269254803657532,-0.2703625559806824,0.026464717462658882,0.36562302708625793,-0.2702028453350067,0.03493613749742508,0.45849788188934326,-0.16191528737545013,-0.04934408515691757,0.4492184519767761,-0.164980947971344,-0.0024176277220249176,0.39386048913002014,-0.15604832768440247,0.028696060180664062,0.33438798785209656,-0.1538926661014557,0.032761894166469574,0.44321417808532715,-0.030198778957128525,-0.057842373847961426,0.4318956434726715,-0.03904356434941292,-0.003912684507668018,0.37882232666015625,-0.027295907959342003,0.038566697388887405,0.3231974244117737,-0.021970156580209732,0.06305837631225586,0.0,0.0,0.0,-0.13351312279701233,-0.16737684607505798,0.019266769289970398,-0.149349644780159,-0.351963609457016,0.02481452189385891,-0.13774019479751587,-0.47665154933929443,0.01643097773194313,-0.10558195412158966,-0.5546407103538513,0.006692948751151562,0.00807651411741972,-0.5249724388122559,0.054623544216156006,-0.04794522002339363,-0.7004310488700867,0.036726489663124084,-0.09367672353982925,-0.8275348544120789,0.01328181754797697,-0.12661860883235931,-0.9385320544242859,-0.00811710860580206,0.04480369761586189,-0.5189371109008789,0.012399082072079182,-0.037755079567432404,-0.7216602563858032,-0.012452666647732258,-0.09325019270181656,-0.8660595417022705,-0.03897174075245857,-0.13247361779212952,-0.9894275665283203,-0.05902254581451416,0.05450333654880524,-0.49226534366607666,-0.03567378968000412,-0.03490753099322319,-0.7047158479690552,-0.06855615228414536,-0.09362850338220596,-0.8498353958129883,-0.08747256547212601,-0.1312279850244522,-0.9684505462646484,-0.09926033765077591,0.030878137797117233,-0.45652446150779724,-0.08509662747383118,-0.043232109397649765,-0.6455580592155457,-0.11503993719816208,-0.08620637655258179,-0.7593961358070374,-0.12492877244949341,-0.11514057964086533,-0.8529361486434937,-0.13072513043880463,COLD
0.0,0.0,0.0,0.058425817638635635,-0.2813950777053833,0.05265648290514946,0.20341317355632782,-0.4448310136795044,0.06728380918502808,0.3253513276576996,-0.45175015926361084,0.06797066330909729,0.39044293761253357,-0.3619537949562073,0.06146429479122162,0.3976646661758423,-0.48624512553215027,0.0017172779189422727,0.6315099000930786,-0.5120757818222046,0.01222862210124731,0.7680824398994446,-0.5066900849342346,0.017402106896042824,0.8673946261405945,-0.4973675608634949,0.015872931107878685,0.456574946641922,-0.34020766615867615,-0.02308768965303898,0.4997844398021698,-0.284761518239975,0.0038759533781558275,0.4320823848247528,-0.26496008038520813,0.022213486954569817,0.37287986278533936,-0.2658539414405823,0.02573966234922409,0.463515043258667,-0.1753632128238678,-0.037176888436079025,0.45591652393341064,-0.16844654083251953,0.0032538478262722492,0.40013402700424194,-0.15499959886074066,0.028622502461075783,0.3420218825340271,-0.1578914374113083,0.030708443373441696,0.4486304819583893,-0.04185796529054642,-0.04926955699920654,0.4351527690887451,-0.04542597010731697,0.0012144566280767322,0.3822634518146515,-0.03435536473989487,0.04072127863764763,0.32884395122528076,-0.03505653515458107,0.06401065737009048,0.0,0.0,0.0,-0.12838102877140045,-0.16651836037635803,0.01309374812990427,-0.15047188103199005,-0.3549255132675171,0.018136626109480858,-0.13756847381591797,-0.48298779129981995,0.009227090515196323,-0.10178528726100922,-0.5586482286453247,-0.0005588879575952888,0.005140149500221014,-0.5259803533554077,0.060740578919649124,-0.045573629438877106,-0.6972602605819702,0.04142744839191437,-0.0905103087425232,-0.8254173994064331,0.01384167280048132,-0.12462706863880157,-0.93586665391922,-0.011733788065612316,0.0387149415910244,-0.5238040685653687,0.02079341560602188,-0.033120233565568924,-0.724018394947052,-0.005301757249981165,-0.08657580614089966,-0.8652971386909485,-0.037572138011455536,-0.12568697333335876,-0.9901013970375061,-0.06246662512421608,0.04953569918870926,-0.5011429786682129,-0.02621155045926571,-0.029347451403737068,-0.7102188467979431,-0.05988506227731705,-0.0877964198589325,-0.8519265651702881,-0.08378870040178299,-0.12665055692195892,-0.9681029915809631,-0.09961404651403427,0.032103534787893295,-0.46693411469459534,-0.07549741119146347,-0.03513144329190254,-0.6518559455871582,-0.10639651119709015,-0.07914959639310837,-0.7645310759544373,-0.11989033222198486,-0.10890873521566391,-0.8575925230979919,-0.12891371548175812,COLD
0.0,0.0,0.0,0.0346706323325634,-0.2691894769668579,0.0670814961194992,0.15393662452697754,-0.43501144647598267,0.08936043083667755,0.2442016750574112,-0.48329177498817444,0.09851808845996857,0.2771686315536499,-0.45301729440689087,0.0984734371304512,0.38241416215896606,-0.4932391941547394,-0.0075854104943573475,0.6304740905761719,-0.5195429921150208,0.0035488640423864126,0.7711660265922546,-0.5111868977546692,0.012217502109706402,0.8701212406158447,-0.492617130279541,0.014745858497917652,0.44701409339904785,-0.3430050313472748,-0.03066263534128666,0.4886271357536316,-0.2764841914176941,0.0063813370652496815,0.4153897762298584,-0.2621591091156006,0.036270871758461,0.35319921374320984,-0.2698618769645691,0.04425762593746185,0.4531543254852295,-0.17403917014598846,-0.040701206773519516,0.43838784098625183,-0.16022111475467682,0.01029693242162466,0.38489657640457153,-0.1501643806695938,0.041727256029844284,0.32601654529571533,-0.15681248903274536,0.044588252902030945,0.4375110864639282,-0.04589463025331497,-0.046870484948158264,0.4230428636074066,-0.0373949334025383,0.006942521780729294,0.3718799948692322,-0.02630678564310074,0.04668071120977402,0.31543079018592834,-0.029485370963811874,0.06897164136171341,0.0,0.0,0.0,-0.12152799963951111,-0.16507963836193085,0.005555742885917425,-0.13726995885372162,-0.35143813490867615,0.004661356098949909,-0.1249857023358345,-0.4750133156776428,-0.007350154221057892,-0.09508784115314484,-0.5613638758659363,-0.019650990143418312,0.016275428235530853,-0.5194401144981384,0.037341367453336716,-0.03831544518470764,-0.6929343342781067,0.011520985513925552,-0.08462240546941757,-0.8209254145622253,-0.0173919890075922,-0.11739011108875275,-0.9307997226715088,-0.04189726710319519,0.049349263310432434,-0.5141463279724121,0.0016749993665143847,-0.02880871295928955,-0.7173010110855103,-0.029574451968073845,-0.08299570530653,-0.8616988062858582,-0.06051480770111084,-0.12058132886886597,-0.9892185926437378,-0.08310689777135849,0.060214683413505554,-0.48914262652397156,-0.04027131572365761,-0.024084145203232765,-0.6998811960220337,-0.07633713632822037,-0.08008351176977158,-0.8400601744651794,-0.0978027880191803,-0.11470594257116318,-0.9567461609840393,-0.11105091869831085,0.04298190400004387,-0.45318201184272766,-0.08469028770923615,-0.02374735288321972,-0.6347346305847168,-0.11588837951421738,-0.06607075035572052,-0.7416577339172363,-0.12689721584320068,-0.09453573077917099,-0.8293878436088562,-0.1332545131444931,COLD
0.0,0.0,0.0,0.04791292920708656,-0.27912309765815735,0.04374280571937561,0.1877278834581375,-0.4457786977291107,0.05577743425965309,0.307545930147171,-0.4514564573764801,0.05713609233498573,0.36884647607803345,-0.36598724126815796,0.05162704363465309,0.3922758102416992,-0.48058030009269714,-0.015302220359444618,0.630973756313324,-0.5058770775794983,-0.006459331139922142,0.7687298059463501,-0.5041030049324036,-0.0015203082002699375,0.8675659894943237,-0.497310996055603,-0.003320957301184535,0.4513397812843323,-0.32807719707489014,-0.03406083956360817,0.497453510761261,-0.26137858629226685,-0.007202500943094492,0.43230363726615906,-0.2402169406414032,0.013342228718101978,0.3760773837566376,-0.2468872219324112,0.01735895685851574,0.4565042555332184,-0.1577422022819519,-0.04214850813150406,0.44715672731399536,-0.1422002911567688,-0.001840033452026546,0.39505115151405334,-0.12994445860385895,0.024459565058350563,0.33935704827308655,-0.1402449756860733,0.02651049941778183,0.43874794244766235,-0.022701920941472054,-0.04867825284600258,0.4254801571369171,-0.017912475392222404,-0.0011986169265583158,0.37574630975723267,-0.008500270545482635,0.03652862086892128,0.3235095143318176,-0.016938507556915283,0.05860554054379463,0.0,0.0,0.0,-0.1252855360507965,-0.16533251106739044,0.007689254824072123,-0.14150959253311157,-0.35405823588371277,0.006137778516858816,-0.12518781423568726,-0.48091670870780945,-0.006931438110768795,-0.08994632959365845,-0.5666713118553162,-0.020203083753585815,0.02762364223599434,-0.5200604200363159,0.03833817318081856,-0.030336717143654823,-0.6929628252983093,0.013284564018249512,-0.07843988388776779,-0.8213117122650146,-0.01550403330475092,-0.11235064268112183,-0.9324348568916321,-0.040737830102443695,0.06089683249592781,-0.5159529447555542,0.0006879624561406672,-0.02103250101208687,-0.7200892567634583,-0.030198557302355766,-0.07850290089845657,-0.8639626502990723,-0.060771260410547256,-0.1165367066860199,-0.9896242618560791,-0.08404095470905304,0.06688597053289413,-0.4939603805541992,-0.043155111372470856,-0.01947319507598877,-0.709624171257019,-0.08015839755535126,-0.07915134727954865,-0.8564900159835815,-0.10057409107685089,-0.1145506277680397,-0.9782719016075134,-0.1137022078037262,0.041232865303754807,-0.46331116557121277,-0.08924398571252823,-0.02580261044204235,-0.6541832089424133,-0.12210024148225784,-0.06615206599235535,-0.7713586688041687,-0.133554607629776,-0.09067850559949875,-0.8704555630683899,-0.14074116945266724,COLD
0.0,0.0,0.0,0.03612975403666496,-0.2709333896636963,0.05023979768157005,0.15694107115268707,-0.43923625349998474,0.06602800637483597,0.25310206413269043,-0.47790947556495667,0.07174079120159149,0.2938266694545746,-0.4320637285709381,0.0699801966547966,0.38453981280326843,-0.48774075508117676,-0.019162090495228767,0.6305618286132812,-0.5154120922088623,-0.010291339829564095,0.7681599855422974,-0.509083092212677,-0.0031464151106774807,0.8679242730140686,-0.49668973684310913,-0.0025934306904673576,0.44763612747192383,-0.34099143743515015,-0.03639786317944527,0.5054647922515869,-0.25860610604286194,-0.0038392669521272182,0.4390404522418976,-0.2371104657649994,0.019853126257658005,0.3820631206035614,-0.25238263607025146,0.023857489228248596,0.45646777749061584,-0.17164629697799683,-0.0415138378739357,0.4514923691749573,-0.14547495543956757,0.004691009409725666,0.39962929487228394,-0.13186384737491608,0.03184130787849426,0.3434503972530365,-0.14657235145568848,0.03255521506071091,0.44288432598114014,-0.038163162767887115,-0.04419693723320961,0.43491947650909424,-0.02453741431236267,0.005790560506284237,0.385335236787796,-0.012568406760692596,0.042704224586486816,0.3296298086643219,-0.022603582590818405,0.06329943239688873,0.0,0.0,0.0,-0.12902536988258362,-0.17165078222751617,0.009377804584801197,-0.14220522344112396,-0.3609907329082489,0.008540092036128044,-0.12464670836925507,-0.4854044020175934,-0.00429027434438467,-0.09097646921873093,-0.576879620552063,-0.017019834369421005,0.018818508833646774,-0.515570342540741,0.041316695511341095,-0.038843847811222076,-0.6895608901977539,0.018501391634345055,-0.08612049371004105,-0.8191638588905334,-0.0076395501382648945,-0.11876049637794495,-0.9309666752815247,-0.030493440106511116,0.0553370825946331,-0.5109123587608337,0.0037160690408200026,-0.02778782695531845,-0.7184913158416748,-0.023953599855303764,-0.0838024690747261,-0.8642379641532898,-0.050444502383470535,-0.11990760266780853,-0.9902902245521545,-0.07033771276473999,0.06420455127954483,-0.4883016049861908,-0.0402144193649292,-0.023419691249728203,-0.7058295011520386,-0.07480794191360474,-0.08378364890813828,-0.8522233366966248,-0.09238728135824203,-0.12019916623830795,-0.9708635210990906,-0.10329288244247437,0.04062345251441002,-0.456908643245697,-0.08637971431016922,-0.027685631066560745,-0.6428283452987671,-0.11698068678379059,-0.0721564069390297,-0.7535226941108704,-0.1261504590511322,-0.10272403061389923,-0.8420048952102661,-0.13131536543369293,COLD
0.0,0.0,0.0,0.030942991375923157,-0.2755281925201416,0.061051174998283386,0.1477569341659546,-0.43806904554367065,0.08065880835056305,0.2399671971797943,-0.47871100902557373,0.08825331926345825,0.27781349420547485,-0.43922650814056396,0.08687698096036911,0.3763327896595001,-0.4910851716995239,-0.009898628108203411,0.6232104301452637,-0.513380229473114,0.0014794782036915421,0.7639845013618469,-0.5107819437980652,0.009294681251049042,0.8643216490745544,-0.5028350353240967,0.010261209681630135,0.4428885281085968,-0.34274783730506897,-0.031572334468364716,0.4987907111644745,-0.2718352675437927,0.005845881067216396,0.4299876093864441,-0.2547062039375305,0.03325376287102699,0.37010839581489563,-0.26706627011299133,0.038906581699848175,0.4519749581813812,-0.17058607935905457,-0.04063586890697479,0.44693127274513245,-0.1539975255727768,0.010553485713899136,0.3925515115261078,-0.1429700255393982,0.04066799581050873,0.3346628248691559,-0.15565307438373566,0.041850365698337555,0.4371604919433594,-0.033439889550209045,-0.04636479914188385,0.4280751347541809,-0.025712434202432632,0.0071030110120773315,0.37623289227485657,-0.016420787200331688,0.045944876968860626,0.3201131820678711,-0.025671955198049545,0.06681202352046967,0.0,0.0,0.0,-0.13099725544452667,-0.16893136501312256,0.01120944693684578,-0.14645518362522125,-0.3597732186317444,0.012604099698364735,-0.12905165553092957,-0.4850182831287384,0.0012590527767315507,-0.09323979169130325,-0.5687958598136902,-0.01020221970975399,0.00849140901118517,-0.5157569646835327,0.04517921060323715,-0.0451679527759552,-0.689967691898346,0.025808952748775482,-0.08967046439647675,-0.8170081377029419,0.002617182908579707,-0.12042737752199173,-0.9261494278907776,-0.018535763025283813,0.04533904418349266,-0.5117434859275818,0.00626093614846468,-0.03357134014368057,-0.7199884653091431,-0.020622212439775467,-0.08739588409662247,-0.864851176738739,-0.04572846367955208,-0.12163214385509491,-0.9905056357383728,-0.06406322121620178,0.05744250491261482,-0.4875956177711487,-0.03897424414753914,-0.026313884183764458,-0.7069717049598694,-0.07393012195825577,-0.08611538261175156,-0.850946843624115,-0.09100250154733658,-0.12148936092853546,-0.9671198129653931,-0.10087060183286667,0.03847900778055191,-0.4521658718585968,-0.08629235625267029,-0.02864908240735531,-0.6426146030426025,-0.11671583354473114,-0.0734199583530426,-0.7522704601287842,-0.1249852329492569,-0.10322986543178558,-0.836981475353241,-0.129297137260437,COLD
0.0,0.0,0.0,0.03286254405975342,-0.27955126762390137,0.05163490027189255,0.1609688103199005,-0.4484729766845703,0.07057876139879227,0.2766403555870056,-0.4694879353046417,0.07890751212835312,0.3326417803764343,-0.39821499586105347,0.07921767234802246,0.38021451234817505,-0.4864955544471741,-0.010249411687254906,0.6195601224899292,-0.5183860659599304,0.0005705365911126137,0.7591410279273987,-0.5194248557090759,0.007502094376832247,0.8582589030265808,-0.5131566524505615,0.007870265282690525,0.44462358951568604,-0.330472469329834,-0.028587277978658676,0.49175453186035156,-0.2878377437591553,0.004846617113798857,0.4218921661376953,-0.27663785219192505,0.030951138585805893,0.3619445264339447,-0.28052839636802673,0.037700105458498,0.45131346583366394,-0.15979790687561035,-0.03592712804675102,0.4428543746471405,-0.16565555334091187,0.007519868668168783,0.3874298632144928,-0.16029223799705505,0.03522346541285515,0.32891491055488586,-0.16513235867023468,0.03797866031527519,0.43417418003082275,-0.02739665098488331,-0.04036925733089447,0.4255773425102234,-0.038930654525756836,0.007884121499955654,0.37535542249679565,-0.0338013656437397,0.04523884505033493,0.3216352164745331,-0.037432704120874405,0.0665721669793129,0.0,0.0,0.0,-0.13690802454948425,-0.167681023478508,0.0045310817658901215,-0.15169945359230042,-0.3569697141647339,0.002825422678142786,-0.13320676982402802,-0.4863000512123108,-0.008202865719795227,-0.09813106805086136,-0.5740182399749756,-0.01910499669611454,0.009815656580030918,-0.5123052597045898,0.028229407966136932,-0.04838811606168747,-0.6898030042648315,0.004143409430980682,-0.09539660066366196,-0.8178539872169495,-0.021336739882826805,-0.1284864991903305,-0.92922443151474,-0.04316435381770134,0.04575284197926521,-0.5093317627906799,-0.004624504130333662,-0.03787845000624657,-0.7178230285644531,-0.03554380312561989,-0.09518615901470184,-0.8635402917861938,-0.061468373984098434,-0.13215336203575134,-0.9879984259605408,-0.07996607571840286,0.05317404866218567,-0.4860936403274536,-0.042932987213134766,-0.03524387627840042,-0.7044376134872437,-0.07951264828443527,-0.09436134994029999,-0.8493452072143555,-0.09602952748537064,-0.1271355003118515,-0.9666537046432495,-0.10528240352869034,0.02765868417918682,-0.4528661370277405,-0.08336479216814041,-0.03956509754061699,-0.6392747163772583,-0.11436828225851059,-0.0798991248011589,-0.7492604851722717,-0.12265612185001373,-0.10333281010389328,-0.8377329111099243,-0.12675535678863525,COLD
0.0,0.0,0.0,0.033151909708976746,-0.285268098115921,0.05914841219782829,0.16064801812171936,-0.45933929085731506,0.08112703263759613,0.2757539451122284,-0.4791410267353058,0.09092802554368973,0.3283461928367615,-0.40479642152786255,0.09203290939331055,0.3793036937713623,-0.4892156720161438,-9.08111032913439e-05,0.6194140315055847,-0.5260758399963379,0.017141597345471382,0.7561116814613342,-0.5270660519599915,0.028074001893401146,0.8527845740318298,-0.5213784575462341,0.03038199432194233,0.44248098134994507,-0.3318505585193634,-0.020198307931423187,0.48778367042541504,-0.3050619661808014,0.02100098878145218,0.41874366998672485,-0.29650530219078064,0.049251489341259,0.35874053835868835,-0.29891330003738403,0.055861037224531174,0.4500468075275421,-0.16419579088687897,-0.028563981875777245,0.4377588629722595,-0.18437331914901733,0.023733604699373245,0.3852771520614624,-0.17872180044651031,0.0521719753742218,0.32618144154548645,-0.17981456220149994,0.05311410129070282,0.43697789311408997,-0.035008642822504044,-0.03384246304631233,0.4265729486942291,-0.0574675016105175,0.020916413515806198,0.3765396177768707,-0.050046470016241074,0.05983511731028557,0.3210512697696686,-0.048320479691028595,0.08109892904758453,0.0,0.0,0.0,-0.12765520811080933,-0.16390551626682281,0.006106714252382517,-0.14151746034622192,-0.35501089692115784,0.005333823151886463,-0.12445928901433945,-0.4830702841281891,-0.0059495228342711926,-0.09180115908384323,-0.5737636089324951,-0.017434412613511086,0.026258517056703568,-0.5135757327079773,0.03517985716462135,-0.033157676458358765,-0.6876074075698853,0.010189192369580269,-0.08297974616289139,-0.8182733058929443,-0.017774751409888268,-0.1182805746793747,-0.9310977458953857,-0.041822656989097595,0.05930459499359131,-0.5116035342216492,0.00018328703299630433,-0.022649221122264862,-0.7174831628799438,-0.02978786639869213,-0.08227095752954483,-0.8610733151435852,-0.05918571352958679,-0.1208861917257309,-0.9893467426300049,-0.08111437410116196,0.06374717503786087,-0.49193283915519714,-0.0406283475458622,-0.020699776709079742,-0.7106375098228455,-0.0774165689945221,-0.08139017224311829,-0.8590884208679199,-0.09678541868925095,-0.11695463955402374,-0.9834779500961304,-0.10830937325954437,0.03439144417643547,-0.4643416702747345,-0.08354204893112183,-0.028384188190102577,-0.6592555642127991,-0.1152515634894371,-0.0676473006606102,-0.7769579887390137,-0.12446635216474533,-0.09132227301597595,-0.8758882284164429,-0.1295224130153656,COLD
0.0,0.0,0.0,0.03248877078294754,-0.2891870439052582,0.057275380939245224,0.16424012184143066,-0.4677713215351105,0.08167901635169983,0.2830096185207367,-0.484735906124115,0.0945204645395279,0.3375309109687805,-0.4037802815437317,0.09865368157625198,0.38634011149406433,-0.48933541774749756,0.004161926917731762,0.621671736240387,-0.5247218608856201,0.02289493940770626,0.7571973204612732,-0.5270019173622131,0.033677373081445694,0.8536842465400696,-0.5195556282997131,0.035848893225193024,0.44812896847724915,-0.3255525827407837,-0.013919920660555363,0.4817373752593994,-0.32759469747543335,0.028842639178037643,0.4108855128288269,-0.3234286904335022,0.05832844227552414,0.35350918769836426,-0.31496840715408325,0.06624559313058853,0.45094770193099976,-0.15846416354179382,-0.021040864288806915,0.43719950318336487,-0.20345090329647064,0.02969735860824585,0.3841383755207062,-0.20193909108638763,0.05758272856473923,0.3249155282974243,-0.19410313665866852,0.059531647711992264,0.43270695209503174,-0.03321283683180809,-0.024943294003605843,0.42393627762794495,-0.0715382918715477,0.027049819007515907,0.3741784989833832,-0.06757986545562744,0.06439390033483505,0.3197447955608368,-0.05857052281498909,0.08530239760875702,0.0,0.0,0.0,-0.13182790577411652,-0.16839870810508728,0.004438046365976334,-0.14242754876613617,-0.36115366220474243,0.002553728176280856,-0.12486141920089722,-0.48713043332099915,-0.009421865455806255,-0.09055311977863312,-0.5752128958702087,-0.021749386563897133,0.02002883143723011,-0.5163787007331848,0.03234211355447769,-0.038886480033397675,-0.6890198588371277,0.008196856826543808,-0.08738449215888977,-0.8183104991912842,-0.019738424569368362,-0.12179069221019745,-0.9309341907501221,-0.04385104030370712,0.05571223050355911,-0.5100610852241516,-0.001846939674578607,-0.028665853664278984,-0.7163307666778564,-0.031070930883288383,-0.08564291894435883,-0.8614575862884521,-0.059653908014297485,-0.12250315397977829,-0.989149272441864,-0.08109748363494873,0.06362053751945496,-0.4856436550617218,-0.04179665073752403,-0.022920208051800728,-0.7050262093544006,-0.07798667997121811,-0.08183056861162186,-0.8512650728225708,-0.0964847207069397,-0.11673860251903534,-0.9719383120536804,-0.10744205117225647,0.0372786670923233,-0.451681524515152,-0.0839724987745285,-0.02860224060714245,-0.6437259912490845,-0.11459863930940628,-0.07040748745203018,-0.7554939389228821,-0.12245632708072662,-0.09841406345367432,-0.844849169254303,-0.12640365958213806,COLD
0.0,0.0,0.0,0.03836839273571968,-0.281671404838562,0.05263901501893997,0.17100830376148224,-0.4483039081096649,0.06958458572626114,0.28553691506385803,-0.46266767382621765,0.0749376118183136,0.3395819664001465,-0.3889550268650055,0.0721529871225357,0.38744232058525085,-0.4808661937713623,-0.0065336572006344795,0.6245127320289612,-0.5154126286506653,0.0057061901316046715,0.7617703676223755,-0.5168566107749939,0.01209067553281784,0.8595747947692871,-0.5108860731124878,0.011252503842115402,0.44806259870529175,-0.32557615637779236,-0.026518484577536583,0.48687419295310974,-0.2951016426086426,0.0073001268319785595,0.4188407063484192,-0.28708416223526,0.030691079795360565,0.36158961057662964,-0.29140329360961914,0.034955088049173355,0.4529198408126831,-0.16065804660320282,-0.035137806087732315,0.4419308006763458,-0.17966197431087494,0.009081886149942875,0.3903086483478546,-0.1737368404865265,0.03581637516617775,0.3325360417366028,-0.17642474174499512,0.037550266832113266,0.4364803731441498,-0.03512204438447952,-0.04104643687605858,0.4288925230503082,-0.05672699213027954,0.007599192671477795,0.380187451839447,-0.04775403439998627,0.04617593064904213,0.32559993863105774,-0.04570622742176056,0.06863182783126831,0.0,0.0,0.0,-0.12857992947101593,-0.16294370591640472,0.007461839355528355,-0.1442331075668335,-0.35105037689208984,0.006554985884577036,-0.12924836575984955,-0.4742990732192993,-0.0056436569429934025,-0.09836255759000778,-0.5616022348403931,-0.018171925097703934,0.018224220722913742,-0.5157548785209656,0.03923095390200615,-0.03936390206217766,-0.6870918869972229,0.015501842834055424,-0.0876491591334343,-0.8162013292312622,-0.01282484456896782,-0.12289060652256012,-0.9285078644752502,-0.037649817764759064,0.05122840404510498,-0.5124598741531372,0.0028585707768797874,-0.03035542368888855,-0.7173182964324951,-0.025502551347017288,-0.08778543770313263,-0.8610591888427734,-0.05540389567613602,-0.1253177374601364,-0.9890004396438599,-0.07857099175453186,0.05660045146942139,-0.491314172744751,-0.0395464226603508,-0.025286100804805756,-0.7079797983169556,-0.07463633269071579,-0.08516063541173935,-0.8550640940666199,-0.09538034349679947,-0.12192351371049881,-0.9767407774925232,-0.10888688266277313,0.029225081205368042,-0.4609028398990631,-0.08414474129676819,-0.03462143987417221,-0.6519943475723267,-0.11510775238275528,-0.07748993486166,-0.7677735686302185,-0.12550042569637299,-0.106766477227211,-0.8636669516563416,-0.1319790482521057,COLD
0.0,0.0,0.0,0.03809887915849686,-0.2762185037136078,0.0563463419675827,0.16826166212558746,-0.4508466422557831,0.07575155794620514,0.27536091208457947,-0.48161745071411133,0.08292939513921738,0.32352888584136963,-0.42251017689704895,0.08230561763048172,0.38380399346351624,-0.49562567472457886,-0.0021023147273808718,0.6223040819168091,-0.5270636081695557,0.012177971191704273,0.7575816512107849,-0.5262222290039062,0.020429091528058052,0.8545032143592834,-0.5190339684486389,0.020686669275164604,0.44769200682640076,-0.34909817576408386,-0.02372206188738346,0.4907305836677551,-0.2918155789375305,0.01298788283020258,0.4237653613090515,-0.27703356742858887,0.03564571589231491,0.3674021363258362,-0.2865596115589142,0.0385330431163311,0.45762938261032104,-0.18473900854587555,-0.03353505581617355,0.4481361508369446,-0.18197506666183472,0.01495667640119791,0.3971076011657715,-0.17069171369075775,0.0415332093834877,0.3408311903476715,-0.17804859578609467,0.04158134385943413,0.44616103172302246,-0.056104931980371475,-0.04067668318748474,0.4374461770057678,-0.06137925013899803,0.012220146134495735,0.38857296109199524,-0.04855497553944588,0.0512542687356472,0.3334425687789917,-0.050391118973493576,0.07305719703435898,0.0,0.0,0.0,-0.131105437874794,-0.16425687074661255,0.0047729541547596455,-0.14810021221637726,-0.3527548313140869,0.0015909024514257908,-0.1367740035057068,-0.4762216806411743,-0.011758790351450443,-0.10903103649616241,-0.5596914887428284,-0.02519833669066429,0.01064840704202652,-0.5161734223365784,0.029101962223649025,-0.04617933928966522,-0.6897900700569153,0.004346351604908705,-0.09281258285045624,-0.8186795711517334,-0.02249988354742527,-0.1255480945110321,-0.9297225475311279,-0.0452447384595871,0.043941181153059006,-0.5117853879928589,-0.005025189369916916,-0.038451019674539566,-0.7188078761100769,-0.034066058695316315,-0.09469249099493027,-0.861875593662262,-0.05990167334675789,-0.12993879616260529,-0.9883869886398315,-0.07878465950489044,0.05146977677941322,-0.48686864972114563,-0.044673532247543335,-0.033299222588539124,-0.7044050097465515,-0.07879982888698578,-0.09211524575948715,-0.8499394655227661,-0.09478838741779327,-0.12553824484348297,-0.9692463278770447,-0.10426884889602661,0.027286017313599586,-0.4507084786891937,-0.08667264133691788,-0.03657827153801918,-0.6341450810432434,-0.11511816829442978,-0.0775861144065857,-0.7434897422790527,-0.12151584029197693,-0.10308016836643219,-0.8315141797065735,-0.12441959232091904,COLD
0.0,0.0,0.0,0.04370550811290741,-0.27975499629974365,0.052492693066596985,0.18116866052150726,-0.4580434262752533,0.07308144867420197,0.3012503981590271,-0.4694707989692688,0.08175633102655411,0.36363857984542847,-0.38097748160362244,0.08264956623315811,0.3791638910770416,-0.49183762073516846,0.0024296636693179607,0.6177219152450562,-0.5305310487747192,0.020997975021600723,0.7515707612037659,-0.5318784713745117,0.03229537606239319,0.8494298458099365,-0.5265934467315674,0.03418007120490074,0.44499489665031433,-0.3434651494026184,-0.015528924763202667,0.484530508518219,-0.31435325741767883,0.022300899028778076,0.41627418994903564,-0.3034043610095978,0.04437820613384247,0.3612084686756134,-0.30338597297668457,0.04765700176358223,0.4588959813117981,-0.1833953559398651,-0.022125694900751114,0.4496868848800659,-0.20194131135940552,0.027712924405932426,0.3952951729297638,-0.19634297490119934,0.05273061245679855,0.337116539478302,-0.19743885099887848,0.05204727128148079,0.45202431082725525,-0.058043017983436584,-0.026376400142908096,0.4385720193386078,-0.08035793900489807,0.02666470967233181,0.3887099623680115,-0.07087693363428116,0.06316430121660233,0.335306316614151,-0.06624411046504974,0.08340495824813843,0.0,0.0,0.0,-0.1276681274175644,-0.16140729188919067,0.005069834645837545,-0.14256641268730164,-0.3492106795310974,0.002646256238222122,-0.1300840675830841,-0.4735172390937805,-0.009593196213245392,-0.10113716870546341,-0.5581986308097839,-0.022092435508966446,0.027624696493148804,-0.5115648508071899,0.029465975239872932,-0.033786870539188385,-0.6874966621398926,0.0036102563608437777,-0.08438800275325775,-0.8190485835075378,-0.0250288937240839,-0.12083148211240768,-0.9321921467781067,-0.04942641034722328,0.060111235827207565,-0.5073422789573669,-0.004830201622098684,-0.027283430099487305,-0.7157479524612427,-0.034594181925058365,-0.08751033246517181,-0.8607082366943359,-0.06402380764484406,-0.12656594812870026,-0.9881765842437744,-0.08653286099433899,0.06362432986497879,-0.48753735423088074,-0.04439026489853859,-0.02481260523200035,-0.7067381739616394,-0.07921355217695236,-0.08417334407567978,-0.8531713485717773,-0.09852568805217743,-0.1188986524939537,-0.9759860634803772,-0.11119478940963745,0.033571671694517136,-0.4594413638114929,-0.08611610531806946,-0.03130331635475159,-0.6476744413375854,-0.1162610650062561,-0.07016167044639587,-0.7614539265632629,-0.12563955783843994,-0.09403421729803085,-0.8590679168701172,-0.13137494027614594,COLD
0.0,0.0,0.0,0.04531796649098396,-0.28216686844825745,0.058455828577280045,0.1846344769001007,-0.46266812086105347,0.08205217868089676,0.3047286570072174,-0.4750690162181854,0.09372366219758987,0.36417582631111145,-0.39422938227653503,0.09666610509157181,0.3899698853492737,-0.48371750116348267,0.005527212284505367,0.6244489550590515,-0.5218321084976196,0.0254107266664505,0.7575454115867615,-0.5252740383148193,0.03716374561190605,0.8528558015823364,-0.520652711391449,0.03946938365697861,0.4518023431301117,-0.3286263048648834,-0.01372230239212513,0.4879215955734253,-0.3263348340988159,0.029291220009326935,0.4167167842388153,-0.32199347019195557,0.05579064041376114,0.3613659739494324,-0.3179057836532593,0.061062537133693695,0.459023118019104,-0.16840402781963348,-0.021209320053458214,0.45127153396606445,-0.20967818796634674,0.0319623239338398,0.3961960971355438,-0.20682454109191895,0.0602562390267849,0.3365471661090851,-0.2021540403366089,0.06117336079478264,0.4464700520038605,-0.046226173639297485,-0.0255472119897604,0.4397190511226654,-0.08772896975278854,0.02901730313897133,0.3906566798686981,-0.07982785254716873,0.06835755705833435,0.3371914029121399,-0.06969999521970749,0.0902877226471901,0.0,0.0,0.0,-0.12811623513698578,-0.1621120423078537,0.00911862775683403,-0.1408320814371109,-0.3475966453552246,0.011708831414580345,-0.12793688476085663,-0.46881604194641113,0.003566604107618332,-0.10201089829206467,-0.5463874340057373,-0.005685308016836643,0.03016120381653309,-0.5118711590766907,0.03857762739062309,-0.03225865587592125,-0.6863737106323242,0.01605924218893051,-0.08227942883968353,-0.8192877173423767,-0.011311788111925125,-0.1204950362443924,-0.9330480694770813,-0.03560074791312218,0.06170357018709183,-0.5064031481742859,0.003183403518050909,-0.025117794051766396,-0.7144985795021057,-0.025107499212026596,-0.08355578035116196,-0.8601481318473816,-0.05610229820013046,-0.12325305491685867,-0.9891607165336609,-0.0798109918832779,0.06402944773435593,-0.48457226157188416,-0.03755199909210205,-0.023304317146539688,-0.7020503878593445,-0.07364264130592346,-0.08254189789295197,-0.8499211668968201,-0.09757638722658157,-0.12057924270629883,-0.9749580025672913,-0.11290998011827469,0.03251754492521286,-0.4541691839694977,-0.07986561208963394,-0.03437885642051697,-0.6433613896369934,-0.11238211393356323,-0.07688414305448532,-0.7578251361846924,-0.12541018426418304,-0.1064653992652893,-0.8558641672134399,-0.13350504636764526,COLD
0.0,0.0,0.0,0.04529375955462456,-0.2811347544193268,0.05716398358345032,0.1831609308719635,-0.45946529507637024,0.07924775034189224,0.2989002764225006,-0.47738969326019287,0.08815423399209976,0.3567952513694763,-0.39408791065216064,0.0890197902917862,0.3908073306083679,-0.48789897561073303,0.010293619707226753,0.6257270574569702,-0.5249342918395996,0.02888135053217411,0.7595930099487305,-0.5246583223342896,0.03838885575532913,0.8555971384048462,-0.5161718130111694,0.03898979350924492,0.4525684118270874,-0.33492976427078247,-0.01146279089152813,0.4896417260169983,-0.3136647045612335,0.027256252244114876,0.4170266389846802,-0.3098652958869934,0.049368716776371,0.3586585819721222,-0.3142794668674469,0.052373312413692474,0.4596240818500519,-0.17124122381210327,-0.022069068625569344,0.452935129404068,-0.1984473168849945,0.028256813064217567,0.3961830139160156,-0.19579638540744781,0.05527789145708084,0.3367936909198761,-0.19836030900478363,0.055979810655117035,0.4450761377811432,-0.04438719153404236,-0.03003643825650215,0.43993961811065674,-0.07285558432340622,0.025073125958442688,0.39010608196258545,-0.0667596384882927,0.06554538011550903,0.3360222578048706,-0.06285958737134933,0.08839614689350128,0.0,0.0,0.0,-0.12656164169311523,-0.1603359878063202,0.003198830643668771,-0.13910730183124542,-0.34589824080467224,0.0009909020736813545,-0.12683776021003723,-0.4676245152950287,-0.010340177454054356,-0.10104802250862122,-0.5518107414245605,-0.02209741622209549,0.02807961031794548,-0.507958710193634,0.02585645020008087,-0.034114111214876175,-0.6848493218421936,-0.0013547406997531652,-0.0830010175704956,-0.8192843198776245,-0.03150373697280884,-0.11981821060180664,-0.9336418509483337,-0.05694970116019249,0.05953182652592659,-0.5013207793235779,-0.006862696725875139,-0.027351077646017075,-0.7112362384796143,-0.038319509476423264,-0.08518679440021515,-0.8580946326255798,-0.06979577243328094,-0.1238148882985115,-0.987876296043396,-0.09364991635084152,0.06217554211616516,-0.47950777411460876,-0.04475833848118782,-0.024020718410611153,-0.6982766389846802,-0.08121618628501892,-0.08194449543952942,-0.8466161489486694,-0.10376152396202087,-0.11770693957805634,-0.9714793562889099,-0.11839084327220917,0.03211800009012222,-0.4485762417316437,-0.08471155166625977,-0.031496066600084305,-0.6352518796920776,-0.11650760471820831,-0.07300673425197601,-0.7493026256561279,-0.12845197319984436,-0.10138189792633057,-0.8462557196617126,-0.13580431044101715,COLD
0.0,0.0,0.0,0.042106349021196365,-0.28352227807044983,0.06049024313688278,0.180406391620636,-0.4602894186973572,0.08541467785835266,0.300610214471817,-0.47126737236976624,0.09760473668575287,0.36533838510513306,-0.3832972049713135,0.1007838025689125,0.38109341263771057,-0.48472467064857483,0.009424208663403988,0.621760368347168,-0.5231793522834778,0.03138686716556549,0.7563373446464539,-0.5246822834014893,0.04416169226169586,0.854094386100769,-0.5179769396781921,0.04714517295360565,0.44550561904907227,-0.3321526348590851,-0.009600627236068249,0.4796173870563507,-0.32594001293182373,0.034639742225408554,0.4032861888408661,-0.3267453908920288,0.06084003672003746,0.3434079885482788,-0.32658299803733826,0.06584497541189194,0.4553069770336151,-0.17112436890602112,-0.016850342974066734,0.44415467977523804,-0.20647992193698883,0.03941170126199722,0.3838352560997009,-0.2055269330739975,0.06708821654319763,0.3214264512062073,-0.20323850214481354,0.06680668145418167,0.4440579116344452,-0.0476389117538929,-0.02102707512676716,0.4303016662597656,-0.07949385792016983,0.037660326808691025,0.3780108392238617,-0.07432372123003006,0.07652971148490906,0.3232197165489197,-0.0678744688630104,0.09731694310903549,0.0,0.0,0.0,-0.126377135515213,-0.1588674634695053,-0.0032592799980193377,-0.1390324980020523,-0.3443555235862732,-0.008848908357322216,-0.12595422565937042,-0.46886390447616577,-0.022283043712377548,-0.09680728614330292,-0.5545970797538757,-0.0351543202996254,0.02393156662583351,-0.5088708400726318,0.019894447177648544,-0.03521011769771576,-0.6881700158119202,-0.007816847413778305,-0.08248941600322723,-0.8228689432144165,-0.0376424640417099,-0.11711155623197556,-0.936504065990448,-0.06218159198760986,0.056083664298057556,-0.5025514364242554,-0.009763424284756184,-0.027088124305009842,-0.7137957811355591,-0.04124360531568527,-0.08173763006925583,-0.8610867261886597,-0.07058129459619522,-0.11746235936880112,-0.988788902759552,-0.09219098091125488,0.06113577261567116,-0.48014193773269653,-0.045161377638578415,-0.022847315296530724,-0.6995260715484619,-0.08117002993822098,-0.07781382650136948,-0.8457773923873901,-0.1009662002325058,-0.11008495837450027,-0.9659199714660645,-0.11307625472545624,0.033339738845825195,-0.44801750779151917,-0.083319291472435,-0.031414881348609924,-0.6362680196762085,-0.1139521524310112,-0.07336156070232391,-0.7468404173851013,-0.12329445034265518,-0.10202571749687195,-0.8362433314323425,-0.12818185985088348,COLD
0.0,0.0,0.0,0.04036303609609604,-0.2879665195941925,0.06011899933218956,0.1794806271791458,-0.46672359108924866,0.08759406208992004,0.30228814482688904,-0.4756132662296295,0.10274437069892883,0.36879590153694153,-0.38354936242103577,0.10926271975040436,0.382408082485199,-0.4858345687389374,0.014182347804307938,0.6198816895484924,-0.5271776914596558,0.038152266293764114,0.7530381083488464,-0.5300712585449219,0.05150909721851349,0.8507568836212158,-0.522716224193573,0.054594736546278,0.44533026218414307,-0.33108633756637573,-0.003933903761208057,0.4800030291080475,-0.3304601013660431,0.04286174848675728,0.4051733613014221,-0.3303989768028259,0.06926988065242767,0.3495740294456482,-0.3271186053752899,0.07425958663225174,0.45331135392189026,-0.16976980865001678,-0.010507465340197086,0.4433823823928833,-0.21069523692131042,0.047125283628702164,0.38492551445961,-0.21010634303092957,0.07466387003660202,0.3267683982849121,-0.20580311119556427,0.07427298277616501,0.4406856596469879,-0.0462019108235836,-0.013976875692605972,0.43357402086257935,-0.08490647375583649,0.04490300640463829,0.3835349678993225,-0.08050476759672165,0.08423177897930145,0.33150234818458557,-0.07099463045597076,0.10544703155755997,0.0,0.0,0.0,-0.13018211722373962,-0.1628970205783844,-0.0003488514048513025,-0.14145340025424957,-0.34581825137138367,-0.006089817266911268,-0.12828268110752106,-0.4702540636062622,-0.019869757816195488,-0.10154342651367188,-0.5603444576263428,-0.03384513407945633,0.02724361978471279,-0.5076797008514404,0.0176492091268301,-0.03451353684067726,-0.6846131086349487,-0.011503603309392929,-0.08358857780694962,-0.816662609577179,-0.04211737588047981,-0.11912049353122711,-0.9294183850288391,-0.067165806889534,0.058123718947172165,-0.5012854337692261,-0.012427067384123802,-0.02882937714457512,-0.710814893245697,-0.04511866718530655,-0.0860009640455246,-0.857117235660553,-0.07560346275568008,-0.12198692560195923,-0.9876533150672913,-0.09828586131334305,0.06116005778312683,-0.47658851742744446,-0.047380879521369934,-0.025428153574466705,-0.6940842866897583,-0.08365533500909805,-0.08135183155536652,-0.8394307494163513,-0.10284776240587234,-0.11237426847219467,-0.9609557390213013,-0.11482059955596924,0.03137926384806633,-0.4412112832069397,-0.08464421331882477,-0.032760199159383774,-0.6235722899436951,-0.11496534943580627,-0.07303649932146072,-0.7348818182945251,-0.12403512001037598,-0.09768493473529816,-0.8285995721817017,-0.1289461851119995,COLD
0.0,0.0,0.0,0.03336232900619507,-0.2889580726623535,0.053798288106918335,0.16706033051013947,-0.4703138470649719,0.07619379460811615,0.2891557514667511,-0.4889034628868103,0.08746066689491272,0.3517071306705475,-0.4016663134098053,0.09005287289619446,0.3795243501663208,-0.483379065990448,0.0002876216312870383,0.6176909804344177,-0.526417076587677,0.01624257303774357,0.7547324299812317,-0.5286948680877686,0.025360990315675735,0.8539731502532959,-0.5196303725242615,0.026721158996224403,0.4427972137928009,-0.32232487201690674,-0.01569177210330963,0.46402937173843384,-0.3531340956687927,0.02353597618639469,0.3910320997238159,-0.3600327968597412,0.04977322742342949,0.33654338121414185,-0.35055816173553467,0.05597987025976181,0.4495084881782532,-0.16318193078041077,-0.020591704174876213,0.42984896898269653,-0.23167537152767181,0.02923828549683094,0.3739047944545746,-0.2346954345703125,0.05755440145730972,0.3148357570171356,-0.22413727641105652,0.06009700149297714,0.43490350246429443,-0.0445377491414547,-0.022668279707431793,0.42112255096435547,-0.10097372531890869,0.02879621833562851,0.3729764521121979,-0.09863666445016861,0.06671565026044846,0.3209379315376282,-0.08546075969934464,0.08899813145399094,0.0,0.0,0.0,-0.12869252264499664,-0.1655832827091217,-0.005293781869113445,-0.13897153735160828,-0.35130342841148376,-0.013721888884902,-0.1237894743680954,-0.4741521179676056,-0.028867080807685852,-0.09570563584566116,-0.5667374730110168,-0.04349946603178978,0.02705446630716324,-0.5097252726554871,0.010377665050327778,-0.033093441277742386,-0.6859733462333679,-0.02062208577990532,-0.08145357668399811,-0.8182826042175293,-0.05211541801691055,-0.11607518047094345,-0.9307276010513306,-0.0774395763874054,0.056474752724170685,-0.5006260275840759,-0.017354076728224754,-0.0276959165930748,-0.7126142382621765,-0.05176346376538277,-0.08431800454854965,-0.8582947254180908,-0.08218994736671448,-0.11933274567127228,-0.9873351454734802,-0.10454206168651581,0.05833064764738083,-0.47388097643852234,-0.050070375204086304,-0.024775970727205276,-0.6944987177848816,-0.0871574878692627,-0.0793626680970192,-0.8400595784187317,-0.10623231530189514,-0.10843078792095184,-0.9606662392616272,-0.11790867149829865,0.027797074988484383,-0.43553394079208374,-0.08543364703655243,-0.02958020009100437,-0.6195996403694153,-0.11449607461690903,-0.068815216422081,-0.7291032671928406,-0.1221616268157959,-0.0939672514796257,-0.8178767561912537,-0.12625759840011597,COLD
0.0,0.0,0.0,0.03464918211102486,-0.29059669375419617,0.05495220422744751,0.16596587002277374,-0.46771442890167236,0.07641889899969101,0.2882024645805359,-0.48304492235183716,0.08660642802715302,0.35137873888015747,-0.39521998167037964,0.0880211815237999,0.3802879750728607,-0.4803619980812073,-0.0012150132097303867,0.6186659336090088,-0.5233595371246338,0.011471608653664589,0.755950391292572,-0.5275458693504333,0.019382964819669724,0.8548613786697388,-0.5184355974197388,0.02089759334921837,0.44458460807800293,-0.31579679250717163,-0.018069712445139885,0.47048309445381165,-0.355334609746933,0.020091339945793152,0.3993970453739166,-0.3656822144985199,0.047656528651714325,0.3456633985042572,-0.35290780663490295,0.055120401084423065,0.45217862725257874,-0.15537825226783752,-0.024073192849755287,0.43504419922828674,-0.23216502368450165,0.023704692721366882,0.3803083896636963,-0.23686319589614868,0.052434179931879044,0.3216671943664551,-0.22231538593769073,0.05603957548737526,0.4382440447807312,-0.03628522902727127,-0.02696496993303299,0.42515021562576294,-0.09962562471628189,0.022947272285819054,0.3769979476928711,-0.09785924106836319,0.06105601042509079,0.32446205615997314,-0.08146724104881287,0.08392409235239029,0.0,0.0,0.0,-0.13054926693439484,-0.16278721392154694,-0.002505267271772027,-0.1422511637210846,-0.34979814291000366,-0.008193794637918472,-0.12826822698116302,-0.47573357820510864,-0.021190844476222992,-0.1014452874660492,-0.5651034116744995,-0.03411531820893288,0.026774955913424492,-0.5133050084114075,0.016438789665699005,-0.03250398114323616,-0.6873332858085632,-0.01224943995475769,-0.07973941415548325,-0.8178497552871704,-0.04288075119256973,-0.11495279520750046,-0.9297237396240234,-0.0682443231344223,0.05666007846593857,-0.5051344037055969,-0.01220699306577444,-0.025827333331108093,-0.7134196162223816,-0.04521121084690094,-0.08194506168365479,-0.8581020832061768,-0.07531715929508209,-0.11749356240034103,-0.988237738609314,-0.09788458794355392,0.05838199704885483,-0.47900480031967163,-0.04602046310901642,-0.024829749017953873,-0.6966890692710876,-0.08234652876853943,-0.07975293695926666,-0.8422370553016663,-0.10207515954971313,-0.11018816381692886,-0.9642173051834106,-0.11449476331472397,0.02719574049115181,-0.4423072040081024,-0.08237173408269882,-0.03464019298553467,-0.6273844838142395,-0.11172995716333389,-0.07530304044485092,-0.7416616678237915,-0.1213548332452774,-0.10098320245742798,-0.8377667665481567,-0.12721869349479675,COLD
0.0,0.0,0.0,0.036057960242033005,-0.28926873207092285,0.06149296090006828,0.16811133921146393,-0.46884700655937195,0.08718293160200119,0.291198194026947,-0.4888820946216583,0.10085239261388779,0.3524598479270935,-0.40506604313850403,0.10565750300884247,0.3888426423072815,-0.48372864723205566,0.007769482210278511,0.6227298974990845,-0.5226839780807495,0.025832803919911385,0.7561383247375488,-0.5292575359344482,0.0369914248585701,0.8515716791152954,-0.5227101445198059,0.03999731317162514,0.4512820541858673,-0.3167186975479126,-0.01167688425630331,0.47559693455696106,-0.35594987869262695,0.032014135271310806,0.40305718779563904,-0.36640438437461853,0.06216839328408241,0.3463217318058014,-0.3529057204723358,0.0705857202410698,0.45513609051704407,-0.15326504409313202,-0.02002694644033909,0.43606460094451904,-0.22993434965610504,0.030679017305374146,0.3816137909889221,-0.23213791847229004,0.0586068257689476,0.32110974192619324,-0.21521078050136566,0.060833774507045746,0.439217209815979,-0.03170447051525116,-0.024682866409420967,0.42516714334487915,-0.09376001358032227,0.025963841006159782,0.37594860792160034,-0.08910798281431198,0.06255634129047394,0.3215063512325287,-0.07022079825401306,0.08362337946891785,0.0,0.0,0.0,-0.13338647782802582,-0.16478648781776428,-0.0017980302218347788,-0.14563243091106415,-0.35114893317222595,-0.0076829432509839535,-0.13066063821315765,-0.47531360387802124,-0.020563820376992226,-0.10348928719758987,-0.5614396333694458,-0.03325696289539337,0.031034642830491066,-0.5099857449531555,0.013506103307008743,-0.034480176866054535,-0.6837317943572998,-0.014582122676074505,-0.08409236371517181,-0.8133000731468201,-0.043493255972862244,-0.11987927556037903,-0.9244332909584045,-0.06761271506547928,0.05859801545739174,-0.5028858780860901,-0.014399703592061996,-0.026682550087571144,-0.71388179063797,-0.048311613500118256,-0.08470658212900162,-0.8576940298080444,-0.07750380039215088,-0.12043241411447525,-0.9877663850784302,-0.09906373172998428,0.05620438978075981,-0.47853025794029236,-0.0469377264380455,-0.027235329151153564,-0.6997349858283997,-0.08468176424503326,-0.08360247313976288,-0.8460997939109802,-0.10429562628269196,-0.11346866935491562,-0.967519998550415,-0.11602184176445007,0.01945401355624199,-0.44569191336631775,-0.08166822791099548,-0.038147006183862686,-0.6326783895492554,-0.1111597940325737,-0.07772869616746902,-0.7481926679611206,-0.12062104791402817,-0.10226012021303177,-0.8441585302352905,-0.12638533115386963,COLD
0.0,0.0,0.0,0.04091332107782364,-0.28583863377571106,0.055894602090120316,0.17816795408725739,-0.46639934182167053,0.07648853957653046,0.29911476373672485,-0.47785696387290955,0.08527359366416931,0.35711926221847534,-0.39072296023368835,0.08538622409105301,0.38873082399368286,-0.48579859733581543,-0.00048162738676182926,0.6249598264694214,-0.5182260870933533,0.010040117427706718,0.7629526257514954,-0.5188546776771545,0.01606987603008747,0.8610594868659973,-0.5082551836967468,0.015910623595118523,0.4514748752117157,-0.322643905878067,-0.01969616301357746,0.48555558919906616,-0.34397444128990173,0.015895619988441467,0.41448110342025757,-0.3490969240665436,0.04363550990819931,0.3569525182247162,-0.3371139466762543,0.051624927669763565,0.4585477113723755,-0.16081349551677704,-0.028486883267760277,0.4441528618335724,-0.22069892287254333,0.01802043430507183,0.389721542596817,-0.22177867591381073,0.047094766050577164,0.3286357820034027,-0.2082897126674652,0.05074125900864601,0.44550028443336487,-0.039106324315071106,-0.03452673554420471,0.429185688495636,-0.09009718149900436,0.015430898405611515,0.3782302141189575,-0.08430689573287964,0.05305135250091553,0.32468289136886597,-0.06936797499656677,0.07486869394779205,0.0,0.0,0.0,-0.1312689483165741,-0.1654500663280487,-0.0030472504440695047,-0.1408025324344635,-0.3515186607837677,-0.00958278588950634,-0.1270889937877655,-0.4763655662536621,-0.022702664136886597,-0.10201386362314224,-0.5716729760169983,-0.03535691276192665,0.030253669247031212,-0.5034371614456177,0.014346868731081486,-0.03056170418858528,-0.6809805035591125,-0.01565059833228588,-0.07900804281234741,-0.8135342597961426,-0.04651707038283348,-0.11420471221208572,-0.9268956780433655,-0.07147617638111115,0.058820899575948715,-0.4958006739616394,-0.01308765634894371,-0.02503059245646,-0.7105042934417725,-0.04621532931923866,-0.08266912400722504,-0.8575265407562256,-0.07653384655714035,-0.11795037239789963,-0.9880279302597046,-0.09944159537553787,0.05636003986001015,-0.4736648499965668,-0.04534304141998291,-0.02557019516825676,-0.6981601715087891,-0.08113346993923187,-0.08122903853654861,-0.8466426730155945,-0.10081332921981812,-0.11117882281541824,-0.9709972143173218,-0.1135505884885788,0.0201882291585207,-0.44343301653862,-0.07999887317419052,-0.035344552248716354,-0.6306156516075134,-0.10834921896457672,-0.07329748570919037,-0.7467359900474548,-0.1176123097538948,-0.09672712534666061,-0.846315324306488,-0.12350846827030182,COLD
0.0,0.0,0.0,0.041504304856061935,-0.2890308201313019,0.05170765891671181,0.1844286173582077,-0.47048071026802063,0.07337852567434311,0.30944398045539856,-0.473384290933609,0.08387453109025955,0.37396547198295593,-0.37010499835014343,0.08601992577314377,0.3912016749382019,-0.48267826437950134,0.0010943273082375526,0.6269556879997253,-0.5194472074508667,0.01632702350616455,0.7620363235473633,-0.5218478441238403,0.02494620345532894,0.8584774732589722,-0.5122073888778687,0.025693852454423904,0.4541875123977661,-0.31682196259498596,-0.016015633940696716,0.4789198338985443,-0.34394973516464233,0.021818865090608597,0.4071265161037445,-0.3489427864551544,0.04804547131061554,0.35115063190460205,-0.33586934208869934,0.055002667009830475,0.45907214283943176,-0.1538536250591278,-0.022734569385647774,0.4368027448654175,-0.21728795766830444,0.02701721154153347,0.3816851079463959,-0.21948175132274628,0.054854098707437515,0.3215859532356262,-0.2074476182460785,0.05703488737344742,0.44105038046836853,-0.03311847895383835,-0.027290627360343933,0.4166046977043152,-0.08735480159521103,0.024622557684779167,0.3671135902404785,-0.08303576707839966,0.061784207820892334,0.3155650496482849,-0.06875622272491455,0.0831543505191803,0.0,0.0,0.0,-0.13108748197555542,-0.1582580953836441,-0.011193083599209785,-0.14557860791683197,-0.35010257363319397,-0.02093578688800335,-0.1290362924337387,-0.4809284210205078,-0.036188043653964996,-0.09922818839550018,-0.5731099843978882,-0.04981493204832077,0.027414727956056595,-0.512063205242157,0.009873855859041214,-0.03280656412243843,-0.687660276889801,-0.020022304728627205,-0.07914018630981445,-0.8153906464576721,-0.05116228014230728,-0.11183573305606842,-0.9251755475997925,-0.07662070542573929,0.056185539811849594,-0.5039979219436646,-0.014713848009705544,-0.02692064456641674,-0.7164045572280884,-0.0485583059489727,-0.08237911760807037,-0.8609453439712524,-0.07863977551460266,-0.1154615730047226,-0.9881480932235718,-0.10115333646535873,0.055617690086364746,-0.4807385206222534,-0.045272231101989746,-0.02689015306532383,-0.7025050520896912,-0.08254190534353256,-0.084056556224823,-0.8483564257621765,-0.10287141799926758,-0.11453146487474442,-0.9678548574447632,-0.11541164666414261,0.023596258834004402,-0.44806745648384094,-0.07913646101951599,-0.035285018384456635,-0.6403364539146423,-0.10958333313465118,-0.07800813764333725,-0.7572664022445679,-0.12026496976613998,-0.10608784854412079,-0.8522355556488037,-0.12652446329593658,COLD
0.0,0.0,0.0,0.036691050976514816,-0.2902947962284088,0.045020539313554764,0.17487874627113342,-0.4720522165298462,0.061693355441093445,0.29956039786338806,-0.4780538082122803,0.06788606196641922,0.36032214760780334,-0.38966625928878784,0.06598582118749619,0.38875237107276917,-0.48486870527267456,-0.011661123484373093,0.630049467086792,-0.5170708894729614,-0.006372089963406324,0.7700009346008301,-0.5119589567184448,-0.0030650231055915356,0.8693048357963562,-0.4942566156387329,-0.0044203102588653564,0.4512912631034851,-0.31878238916397095,-0.0278187058866024,0.48055800795555115,-0.33907440304756165,-0.0016313012456521392,0.4087217152118683,-0.3473641574382782,0.02192717231810093,0.35077551007270813,-0.3366538882255554,0.029029937461018562,0.4556356966495514,-0.1571720540523529,-0.034361422061920166,0.43920624256134033,-0.21535737812519073,0.003148050280287862,0.38445091247558594,-0.21773241460323334,0.030591659247875214,0.3247336745262146,-0.20470722019672394,0.03571685776114464,0.4384186565876007,-0.03757580369710922,-0.03892697021365166,0.42084717750549316,-0.08683795481920242,0.003869724925607443,0.36997827887535095,-0.08661370724439621,0.04001114144921303,0.31738102436065674,-0.0751822367310524,0.06276426464319229,0.0,0.0,0.0,-0.13110850751399994,-0.1568356156349182,-0.009044590406119823,-0.14486061036586761,-0.3478841185569763,-0.018566658720374107,-0.1268278956413269,-0.4772219657897949,-0.03359318524599075,-0.09752431511878967,-0.5678002238273621,-0.04726950079202652,0.03627781942486763,-0.5083074569702148,0.0080783786252141,-0.029642952606081963,-0.686467170715332,-0.021517828106880188,-0.07987163960933685,-0.815631091594696,-0.05147930607199669,-0.11480724811553955,-0.9243428707122803,-0.0759517177939415,0.06265661865472794,-0.5019718408584595,-0.01663210615515709,-0.023488985374569893,-0.7188767790794373,-0.05092119425535202,-0.08129207044839859,-0.8622106313705444,-0.08044931292533875,-0.11538863927125931,-0.9880338311195374,-0.10234501957893372,0.05863716080784798,-0.48175564408302307,-0.04669976606965065,-0.022467926144599915,-0.7072347402572632,-0.08449599891901016,-0.08057431131601334,-0.8542221188545227,-0.10536705702543259,-0.1121329516172409,-0.9738348722457886,-0.11810702830553055,0.02194911427795887,-0.4524216949939728,-0.07957512885332108,-0.03408128768205643,-0.6457208395004272,-0.10964479297399521,-0.07657123357057571,-0.7627877593040466,-0.12027432024478912,-0.10541820526123047,-0.8578554391860962,-0.12660068273544312,COLD
0.0,0.0,0.0,0.040603477507829666,-0.29836565256118774,0.053298283368349075,0.1795131266117096,-0.481378436088562,0.07510481774806976,0.3023044168949127,-0.4872552752494812,0.08567041158676147,0.3615225851535797,-0.384719580411911,0.08745598793029785,0.38677069544792175,-0.4902472198009491,0.00054561608703807,0.6217237710952759,-0.5256451368331909,0.013503819704055786,0.7583716511726379,-0.5264557600021362,0.02140473574399948,0.8568657636642456,-0.5150659680366516,0.022096868604421616,0.45282477140426636,-0.3250032365322113,-0.01700003817677498,0.48837852478027344,-0.36234888434410095,0.01904202625155449,0.4169757068157196,-0.371208518743515,0.04601249098777771,0.3603692948818207,-0.35925260186195374,0.053883712738752365,0.4618724286556244,-0.16309311985969543,-0.024148909375071526,0.4507213830947876,-0.23671583831310272,0.02266775444149971,0.39494505524635315,-0.241282656788826,0.05108753219246864,0.3345045745372772,-0.227595716714859,0.054766152054071426,0.44776368141174316,-0.04177877679467201,-0.028647031635046005,0.43860894441604614,-0.10361135751008987,0.01958085596561432,0.3906175196170807,-0.09985925257205963,0.056024063378572464,0.3383782207965851,-0.0815717801451683,0.07766632735729218,0.0,0.0,0.0,-0.13313475251197815,-0.16403673589229584,0.003953465726226568,-0.1422109156847,-0.3546261489391327,0.0015418605180457234,-0.12686607241630554,-0.47829997539520264,-0.00815588515251875,-0.10580256581306458,-0.5589693188667297,-0.01832905411720276,0.04085557162761688,-0.5083485841751099,0.01861165463924408,-0.02314305119216442,-0.6864010095596313,-0.005744020454585552,-0.07232784479856491,-0.8164688944816589,-0.032449569553136826,-0.1084379255771637,-0.9284375309944153,-0.055251456797122955,0.070289745926857,-0.49911317229270935,-0.010747316293418407,-0.02030082233250141,-0.716201663017273,-0.039125699549913406,-0.080154649913311,-0.8617923259735107,-0.06558109074831009,-0.11925826221704483,-0.9891355037689209,-0.0859558954834938,0.06443969160318375,-0.47563040256500244,-0.04397743195295334,-0.0257992222905159,-0.7000091075897217,-0.07645484060049057,-0.08536347001791,-0.8469171524047852,-0.09429430216550827,-0.12076516449451447,-0.9714557528495789,-0.10583467036485672,0.022543620318174362,-0.4452615976333618,-0.07891138643026352,-0.03736468404531479,-0.6347589492797852,-0.10620030015707016,-0.07926546037197113,-0.7496959567070007,-0.11485902220010757,-0.10785225033760071,-0.8463244438171387,-0.12004850804805756,COLD
0.0,0.0,0.0,0.039889395236968994,-0.29455843567848206,0.05157998576760292,0.17706307768821716,-0.48106980323791504,0.07271704822778702,0.2999991476535797,-0.4932158887386322,0.0826307162642479,0.35961946845054626,-0.40364980697631836,0.08413960784673691,0.38763341307640076,-0.490143358707428,-0.000411011278629303,0.623591959476471,-0.522307276725769,0.01142618153244257,0.7625604271888733,-0.5197654366493225,0.01801283285021782,0.8627927303314209,-0.5052410364151001,0.01789672113955021,0.4520387351512909,-0.32952943444252014,-0.01868326961994171,0.4835861921310425,-0.3427080512046814,0.01392197422683239,0.409601092338562,-0.3479158878326416,0.03886418417096138,0.34849676489830017,-0.33917880058288574,0.045952655375003815,0.45908141136169434,-0.16611126065254211,-0.02678573504090309,0.444182813167572,-0.21784837543964386,0.016204269602894783,0.3864813446998596,-0.21773506700992584,0.04382896050810814,0.3241550028324127,-0.20611529052257538,0.04776962846517563,0.44469964504241943,-0.04017098993062973,-0.03252490982413292,0.4345954358577728,-0.08286254107952118,0.013007011264562607,0.38348719477653503,-0.07867956906557083,0.049043700098991394,0.3282663822174072,-0.0649864673614502,0.07092826813459396,0.0,0.0,0.0,-0.1334894746541977,-0.15962031483650208,-0.004037962760776281,-0.14145076274871826,-0.34968137741088867,-0.011263524182140827,-0.12314596027135849,-0.47667354345321655,-0.024416999891400337,-0.0987168550491333,-0.562666654586792,-0.03734331950545311,0.036116547882556915,-0.5114275217056274,0.007859990000724792,-0.027797268703579903,-0.6912741661071777,-0.020558129996061325,-0.07591904699802399,-0.821046769618988,-0.04917355999350548,-0.11091456562280655,-0.9311390519142151,-0.07294865697622299,0.06374216079711914,-0.5008346438407898,-0.0184123944491148,-0.025852710008621216,-0.7193236947059631,-0.05000106990337372,-0.08463053405284882,-0.8628997206687927,-0.0782657340168953,-0.12137866765260696,-0.987566351890564,-0.09989931434392929,0.058294717222452164,-0.47586721181869507,-0.04915151372551918,-0.029958391562104225,-0.7007157802581787,-0.08441458642482758,-0.08880320936441422,-0.8454559445381165,-0.10457920283079147,-0.12299693375825882,-0.9665753245353699,-0.11783379316329956,0.018599234521389008,-0.44266650080680847,-0.08216110616922379,-0.03938421607017517,-0.6298789381980896,-0.1115146353840828,-0.08085513114929199,-0.7451841831207275,-0.12296461313962936,-0.10940422117710114,-0.8427026867866516,-0.13028906285762787,COLD
0.0,0.0,0.0,0.03902721405029297,-0.2969416379928589,0.0539684072136879,0.17773380875587463,-0.47956612706184387,0.07785186916589737,0.2949809730052948,-0.49096983671188354,0.08990000933408737,0.3508830666542053,-0.41211721301078796,0.09320849925279617,0.38854849338531494,-0.4889272153377533,0.005757347214967012,0.6230300664901733,-0.5219727754592896,0.01702926494181156,0.7620657682418823,-0.5210238099098206,0.021761499345302582,0.8616740107536316,-0.5070533156394958,0.020370380952954292,0.45024025440216064,-0.32756227254867554,-0.013958710245788097,0.4755260646343231,-0.3535190522670746,0.017766570672392845,0.40352120995521545,-0.35815832018852234,0.041032321751117706,0.3457598388195038,-0.34475958347320557,0.046842921525239944,0.4552473723888397,-0.16684794425964355,-0.023893019184470177,0.43899816274642944,-0.23139120638370514,0.017611341550946236,0.38450002670288086,-0.23026977479457855,0.04406357184052467,0.3238815367221832,-0.2135826200246811,0.047525085508823395,0.4392169117927551,-0.04527438059449196,-0.03133044391870499,0.4311189651489258,-0.10136762261390686,0.012163694947957993,0.38111287355422974,-0.09658948332071304,0.047926101833581924,0.32633015513420105,-0.07678517699241638,0.06992383301258087,0.0,0.0,0.0,-0.13557927310466766,-0.16418680548667908,-0.002491304185241461,-0.14464859664440155,-0.3483632802963257,-0.010613069869577885,-0.12874071300029755,-0.4731598496437073,-0.024642817676067352,-0.10463033616542816,-0.5590820908546448,-0.038671161979436874,0.03968854621052742,-0.5093938708305359,0.008183473721146584,-0.02793586626648903,-0.6886463761329651,-0.018735209479928017,-0.07723048329353333,-0.8157767057418823,-0.04588869586586952,-0.1123461201786995,-0.9250862002372742,-0.06881556659936905,0.06619255244731903,-0.5010511875152588,-0.0179840587079525,-0.027198119089007378,-0.722439706325531,-0.04934817552566528,-0.0870538055896759,-0.8635742664337158,-0.07668331265449524,-0.12376652657985687,-0.9874832034111023,-0.09776891767978668,0.057620350271463394,-0.47680240869522095,-0.048249900341033936,-0.03289180248975754,-0.7062879204750061,-0.08348612487316132,-0.09282161295413971,-0.8502265214920044,-0.1025850772857666,-0.12702222168445587,-0.9708258509635925,-0.11489856243133545,0.013218500651419163,-0.44439733028411865,-0.08044188469648361,-0.046671874821186066,-0.6366360783576965,-0.10910198837518692,-0.0882193073630333,-0.7531686425209045,-0.11935020238161087,-0.11587164551019669,-0.8516979813575745,-0.12591582536697388,COLD
0.0,0.0,0.0,0.041999150067567825,-0.29846927523612976,0.06423892080783844,0.17766183614730835,-0.47554904222488403,0.09232286363840103,0.2915407121181488,-0.4867323935031891,0.10719779878854752,0.3456490635871887,-0.40245527029037476,0.11215804517269135,0.39309874176979065,-0.4853658676147461,0.015600201673805714,0.6255638599395752,-0.518514096736908,0.03691239655017853,0.7616381645202637,-0.5201985836029053,0.04734700545668602,0.8589721322059631,-0.5096979737281799,0.048733994364738464,0.4564741253852844,-0.32250332832336426,-0.00546520808711648,0.4743690490722656,-0.34022343158721924,0.03838343918323517,0.3990049958229065,-0.34429803490638733,0.06405587494373322,0.3391589820384979,-0.3351016342639923,0.06910432875156403,0.4597897231578827,-0.15665137767791748,-0.015018855221569538,0.43536466360092163,-0.2162761390209198,0.037578023970127106,0.37852415442466736,-0.21463795006275177,0.06288272142410278,0.31689581274986267,-0.2018229067325592,0.06275491416454315,0.441738486289978,-0.032612383365631104,-0.020877061411738396,0.4277079999446869,-0.08471549302339554,0.031124582514166832,0.3773846924304962,-0.07940264046192169,0.06773382425308228,0.32133397459983826,-0.06155449151992798,0.08855747431516647,0.0,0.0,0.0,-0.1361120045185089,-0.16010208427906036,-0.0024274252355098724,-0.1457892656326294,-0.34551435708999634,-0.009489060379564762,-0.12840254604816437,-0.4713967740535736,-0.022382717579603195,-0.10340771824121475,-0.5578969120979309,-0.03522619232535362,0.035430971533060074,-0.5075809955596924,0.00916012842208147,-0.030668407678604126,-0.6881002187728882,-0.016141582280397415,-0.07904129475355148,-0.8157742619514465,-0.04201972484588623,-0.11380547285079956,-0.9265578389167786,-0.06419320404529572,0.06304056197404861,-0.5007323026657104,-0.016902189701795578,-0.028064921498298645,-0.7226381897926331,-0.04681430757045746,-0.08716713637113571,-0.8641844391822815,-0.07304885983467102,-0.1238594502210617,-0.9879077672958374,-0.09325751662254333,0.05525685474276543,-0.4784165024757385,-0.04703355208039284,-0.033410023897886276,-0.7089441418647766,-0.08158569782972336,-0.09373754262924194,-0.8559024930000305,-0.1001831591129303,-0.12864021956920624,-0.9786361455917358,-0.1122092753648758,0.010989750735461712,-0.4495459198951721,-0.07907167077064514,-0.04884368181228638,-0.6445052027702332,-0.10778755694627762,-0.09054169803857803,-0.7615906000137329,-0.11763020604848862,-0.11808905005455017,-0.860764741897583,-0.12382372468709946,COLD
0.0,0.0,0.0,0.04073069989681244,-0.3055276870727539,0.06380822509527206,0.17855902016162872,-0.48117539286613464,0.08929521590471268,0.3019605875015259,-0.48406997323036194,0.10160048305988312,0.3657872676849365,-0.393405944108963,0.1040516197681427,0.3943663537502289,-0.4878543019294739,0.014088671654462814,0.6304453611373901,-0.5181520581245422,0.033731184899806976,0.7669894695281982,-0.5135641098022461,0.04178626090288162,0.8660618662834167,-0.49820756912231445,0.041546545922756195,0.4575171172618866,-0.32156455516815186,-0.00655678566545248,0.48167842626571655,-0.3426479995250702,0.03936372697353363,0.40587878227233887,-0.34927424788475037,0.06693112850189209,0.3457421362400055,-0.3376150131225586,0.0723797008395195,0.45926445722579956,-0.15491195023059845,-0.016006125137209892,0.43820464611053467,-0.21495512127876282,0.03788026049733162,0.38121655583381653,-0.21447479724884033,0.06532381474971771,0.3188017010688782,-0.199242502450943,0.0659087598323822,0.4415160119533539,-0.0292594525963068,-0.02186807058751583,0.42851126194000244,-0.08297933638095856,0.032417431473731995,0.37649741768836975,-0.07845476269721985,0.07141020894050598,0.32010605931282043,-0.061038434505462646,0.0932505801320076,0.0,0.0,0.0,-0.1335860937833786,-0.16708938777446747,0.002795565640553832,-0.14068946242332458,-0.34849366545677185,-0.004421855788677931,-0.124451644718647,-0.470855712890625,-0.018924731761217117,-0.10132601112127304,-0.5593740940093994,-0.03351994603872299,0.04510997608304024,-0.5081835389137268,0.01439746841788292,-0.024789221584796906,-0.6917744278907776,-0.010843094438314438,-0.0745469331741333,-0.8196989893913269,-0.03645967319607735,-0.10923309624195099,-0.9300385117530823,-0.05813547596335411,0.07018917053937912,-0.49817386269569397,-0.015090987086296082,-0.02718230150640011,-0.7219676971435547,-0.044273678213357925,-0.08719021081924438,-0.8634924292564392,-0.07028117030858994,-0.12384781241416931,-0.9881570339202881,-0.09059382975101471,0.05993441492319107,-0.47542956471443176,-0.04847189411520958,-0.03418974578380585,-0.7072437405586243,-0.08123260736465454,-0.09398318827152252,-0.8509796857833862,-0.09754081070423126,-0.1277257651090622,-0.9725227355957031,-0.10832971334457397,0.014309603720903397,-0.4471302628517151,-0.08355869352817535,-0.047753266990184784,-0.6432570219039917,-0.11012385785579681,-0.08688583225011826,-0.759871244430542,-0.1178615465760231,-0.11168471723794937,-0.8600504994392395,-0.12276527285575867,COLD
0.0,0.0,0.0,0.03804698958992958,-0.29213690757751465,0.07264210283756256,0.17655017971992493,-0.4709313213825226,0.10921923816204071,0.29065078496932983,-0.48818811774253845,0.13205726444721222,0.34449198842048645,-0.4077591001987457,0.1448572725057602,0.39321526885032654,-0.49616098403930664,0.030060043558478355,0.6278712749481201,-0.5237050652503967,0.05751817300915718,0.7639743685722351,-0.5189305543899536,0.07086796313524246,0.8618282079696655,-0.501701295375824,0.07448377460241318,0.45813408493995667,-0.33736884593963623,0.009108907543122768,0.48257529735565186,-0.33990076184272766,0.062489647418260574,0.4060930907726288,-0.3439239263534546,0.09064032137393951,0.344292551279068,-0.3386400043964386,0.09642896056175232,0.46369874477386475,-0.17208993434906006,5.932914518780308e-06,0.4449588358402252,-0.21903660893440247,0.05996525287628174,0.38647592067718506,-0.21455784142017365,0.08383741974830627,0.32391053438186646,-0.20267438888549805,0.08144447207450867,0.4488426744937897,-0.049003999680280685,-0.004576082341372967,0.4387831687927246,-0.09119464457035065,0.05089428648352623,0.38670429587364197,-0.08201196789741516,0.08552512526512146,0.32966163754463196,-0.06429819017648697,0.10431771725416183,0.0,0.0,0.0,-0.1377420425415039,-0.1673087179660797,0.004947356879711151,-0.14590942859649658,-0.3539535403251648,0.000721998861990869,-0.13079121708869934,-0.47819143533706665,-0.010955954901874065,-0.11074623465538025,-0.560662567615509,-0.023271899670362473,0.038647573441267014,-0.5123671889305115,0.01699165254831314,-0.02911246567964554,-0.690479576587677,-0.006953316740691662,-0.07859689742326736,-0.8184553980827332,-0.03259827569127083,-0.11481896042823792,-0.9299683570861816,-0.05502549931406975,0.06605572998523712,-0.5020836591720581,-0.013576064258813858,-0.031048232689499855,-0.719883143901825,-0.04171678423881531,-0.09122343361377716,-0.8618320226669312,-0.06748813390731812,-0.12954239547252655,-0.9876353740692139,-0.08829038590192795,0.057593993842601776,-0.4788762032985687,-0.04802273213863373,-0.03708282485604286,-0.7067804336547852,-0.08140447735786438,-0.0974322110414505,-0.8515929579734802,-0.09864155203104019,-0.13297058641910553,-0.9761650562286377,-0.11025843769311905,0.012972545810043812,-0.45079106092453003,-0.0839325562119484,-0.05303551256656647,-0.6487780809402466,-0.11253239959478378,-0.09505273401737213,-0.7673196196556091,-0.12171751260757446,-0.12278587371110916,-0.8698870539665222,-0.1277277022600174,COLD
0.0,0.0,0.0,0.042237289249897,-0.2943226993083954,0.0632697194814682,0.18342120945453644,-0.47774893045425415,0.09435509145259857,0.3038512170314789,-0.4913489818572998,0.11310726404190063,0.3656468987464905,-0.40205657482147217,0.12266671657562256,0.3935577869415283,-0.489825576543808,0.020997444167733192,0.6271539926528931,-0.5265825986862183,0.043589428067207336,0.7612921595573425,-0.5255032777786255,0.05514984205365181,0.8576923608779907,-0.510890781879425,0.05791674926877022,0.4570361375808716,-0.3286571502685547,0.002444843528792262,0.48106276988983154,-0.3568011522293091,0.04870034009218216,0.40593063831329346,-0.36383289098739624,0.07517487555742264,0.3462637662887573,-0.3548964560031891,0.08149538934230804,0.4616308808326721,-0.16521887481212616,-0.005231811199337244,0.44003406167030334,-0.23230697214603424,0.04823603481054306,0.3829573690891266,-0.22901982069015503,0.07159236818552017,0.3212583661079407,-0.21334367990493774,0.0707840695977211,0.44476455450057983,-0.04267251864075661,-0.009117364883422852,0.43539804220199585,-0.09998704493045807,0.04129236936569214,0.38556310534477234,-0.09251540899276733,0.07494331151247025,0.33015695214271545,-0.07133255153894424,0.09435327351093292,0.0,0.0,0.0,-0.1343945413827896,-0.16832059621810913,0.003108604345470667,-0.14546692371368408,-0.3533693552017212,-0.002486658515408635,-0.13242210447788239,-0.476428359746933,-0.015200137160718441,-0.10811560600996017,-0.556494414806366,-0.02812669426202774,0.03733843192458153,-0.5136464834213257,0.015532759949564934,-0.031433816999197006,-0.6911252737045288,-0.00972315575927496,-0.08136370778083801,-0.8189823031425476,-0.036058537662029266,-0.11732498556375504,-0.9296653270721436,-0.05882205069065094,0.06308578699827194,-0.5041227340698242,-0.014315248467028141,-0.03197266161441803,-0.7222537994384766,-0.04388968273997307,-0.09147600084543228,-0.862921416759491,-0.07048984616994858,-0.128856360912323,-0.9874439239501953,-0.09138165414333344,0.054166607558727264,-0.4807024598121643,-0.04811079800128937,-0.03787510097026825,-0.7083058953285217,-0.08239264041185379,-0.0974985882639885,-0.8522535562515259,-0.0998435690999031,-0.13186711072921753,-0.9757733345031738,-0.11113961786031723,0.009575264528393745,-0.45022889971733093,-0.08351083099842072,-0.053246449679136276,-0.646484375,-0.11200564354658127,-0.0940457284450531,-0.7629556059837341,-0.12073027342557907,-0.120892733335495,-0.8624863624572754,-0.12611569464206696,COLD
0.0,0.0,0.0,0.04572351276874542,-0.29155096411705017,0.06127123162150383,0.18940788507461548,-0.471322238445282,0.09002707153558731,0.3087307810783386,-0.48272019624710083,0.10653743147850037,0.37117329239845276,-0.3894391357898712,0.11428539454936981,0.39166200160980225,-0.4975365996360779,0.017650162801146507,0.6294176578521729,-0.5284458994865417,0.03989134356379509,0.763748049736023,-0.5232412815093994,0.051868487149477005,0.8604985475540161,-0.5065053105354309,0.05472533032298088,0.45718544721603394,-0.3424147367477417,-0.0005533909425139427,0.4904983937740326,-0.34739676117897034,0.045958008617162704,0.41503849625587463,-0.349321186542511,0.07204828411340714,0.35425376892089844,-0.34445497393608093,0.07775803655385971,0.4667104184627533,-0.1798526495695114,-0.007620769087225199,0.45225438475608826,-0.2268807291984558,0.04853453114628792,0.3928243815898895,-0.22090862691402435,0.07357630133628845,0.3308388888835907,-0.21015629172325134,0.0727292001247406,0.45432931184768677,-0.05651618167757988,-0.01142604649066925,0.4473361670970917,-0.0996505469083786,0.042703431099653244,0.3972129225730896,-0.08880552649497986,0.07850220799446106,0.3419269919395447,-0.07112523913383484,0.09870832413434982,0.0,0.0,0.0,-0.14046736061573029,-0.1715577095746994,0.004172843415290117,-0.1514519453048706,-0.35717853903770447,-0.0013689405750483274,-0.13711152970790863,-0.48244938254356384,-0.01409983541816473,-0.11177507042884827,-0.5705781579017639,-0.027323972433805466,0.032284386456012726,-0.5145912170410156,0.01564822718501091,-0.0353776216506958,-0.6937195658683777,-0.007638457231223583,-0.08462150394916534,-0.8191026449203491,-0.0322173610329628,-0.1202419251203537,-0.9291245341300964,-0.05387735366821289,0.05949116498231888,-0.5051751136779785,-0.013721594586968422,-0.036556582897901535,-0.7227441668510437,-0.04172167554497719,-0.09688112139701843,-0.8624393939971924,-0.06736534088850021,-0.13467079401016235,-0.9869781732559204,-0.08796510845422745,0.05074264481663704,-0.4806053936481476,-0.04680243134498596,-0.04340118169784546,-0.7074601650238037,-0.07919963449239731,-0.10365961492061615,-0.8514112234115601,-0.09579218924045563,-0.13824236392974854,-0.9741443395614624,-0.10707711428403854,0.005690696183592081,-0.44975513219833374,-0.08135814219713211,-0.05842661112546921,-0.6463896036148071,-0.10803191363811493,-0.09916350245475769,-0.7631316781044006,-0.11605444550514221,-0.12612493336200714,-0.8623868823051453,-0.12142360955476761,COLD
0.0,0.0,0.0,0.045431945472955704,-0.2874431908130646,0.045767515897750854,0.18570229411125183,-0.4718687832355499,0.06275385618209839,0.3084823191165924,-0.47508496046066284,0.06887366622686386,0.3750271499156952,-0.37541791796684265,0.06740737706422806,0.38827288150787354,-0.4907262623310089,-0.0038195622619241476,0.6274815201759338,-0.5281342267990112,0.0042059593833982944,0.7637786269187927,-0.5235260725021362,0.008484698832035065,0.8614944815635681,-0.5077211856842041,0.006813082844018936,0.45254290103912354,-0.3352903425693512,-0.021434249356389046,0.49038201570510864,-0.35267341136932373,0.0058436645194888115,0.4150606691837311,-0.35536205768585205,0.026909882202744484,0.35531991720199585,-0.34925490617752075,0.03238295391201973,0.46415504813194275,-0.17687870562076569,-0.029506703838706017,0.45429521799087524,-0.22823144495487213,0.01031185407191515,0.3942439556121826,-0.2237367331981659,0.0370863676071167,0.33245551586151123,-0.21342402696609497,0.04116455838084221,0.45223137736320496,-0.054508503526449203,-0.03585619106888771,0.4474552273750305,-0.10016884654760361,0.007366832811385393,0.396236389875412,-0.09105037152767181,0.04383739456534386,0.34301260113716125,-0.07528068125247955,0.06694202125072479,0.0,0.0,0.0,-0.1384558528661728,-0.17088763415813446,0.005050790496170521,-0.14665159583091736,-0.3532969653606415,-0.001110124052502215,-0.1334860920906067,-0.4757879078388214,-0.014196952804923058,-0.11211567372083664,-0.5618850588798523,-0.028055088594555855,0.042735710740089417,-0.5127437710762024,0.01290060207247734,-0.0272175595164299,-0.6911353468894958,-0.010660568252205849,-0.07779542356729507,-0.8158397674560547,-0.034748438745737076,-0.11420091986656189,-0.925421416759491,-0.05595934018492699,0.0691433772444725,-0.5040165185928345,-0.01670617051422596,-0.027851754799485207,-0.7235365509986877,-0.04618027061223984,-0.08842708170413971,-0.8627868890762329,-0.07182769477367401,-0.12717752158641815,-0.9875796437263489,-0.09226272255182266,0.05863478034734726,-0.48056545853614807,-0.04952135309576988,-0.03614672273397446,-0.7090617418289185,-0.08331164717674255,-0.0966290682554245,-0.8532504439353943,-0.09951643645763397,-0.13177937269210815,-0.977881133556366,-0.11019015312194824,0.010261008515954018,-0.45099303126335144,-0.08350254595279694,-0.054686374962329865,-0.6511327028274536,-0.11073258519172668,-0.09474316984415054,-0.7688890099525452,-0.11845684051513672,-0.12036478519439697,-0.8704560995101929,-0.12359465658664703,COLD
0.0,0.0,0.0,0.04192361980676651,-0.28845444321632385,0.07049616426229477,0.18016864359378815,-0.4690895676612854,0.10634464770555496,0.29673781991004944,-0.4870547652244568,0.12969434261322021,0.3618442118167877,-0.3971547782421112,0.14388728141784668,0.3877112567424774,-0.49376624822616577,0.026216795668005943,0.6248233318328857,-0.530421257019043,0.05147181823849678,0.758761465549469,-0.5281457901000977,0.06583759188652039,0.8559959530830383,-0.5120845437049866,0.07099602371454239,0.45039457082748413,-0.34030821919441223,0.007842833176255226,0.48619022965431213,-0.35917019844055176,0.05979691445827484,0.40843743085861206,-0.36152923107147217,0.08991120010614395,0.34810975193977356,-0.35436466336250305,0.09780130535364151,0.45892900228500366,-0.17924940586090088,0.0010664680739864707,0.4494660198688507,-0.2337038218975067,0.06106692925095558,0.38921689987182617,-0.22796015441417694,0.08640164881944656,0.3264085650444031,-0.21498844027519226,0.08512556552886963,0.44674286246299744,-0.05632086470723152,-0.0011531340423971415,0.4451376497745514,-0.10522070527076721,0.05403716489672661,0.39402368664741516,-0.09546119719743729,0.08851232379674911,0.33749330043792725,-0.07582982629537582,0.10737278312444687,0.0,0.0,0.0,-0.1400672048330307,-0.16734132170677185,0.001862232806161046,-0.1519511491060257,-0.3544498383998871,-0.004632072988897562,-0.13795948028564453,-0.4817159175872803,-0.017650488764047623,-0.11410873383283615,-0.5663623213768005,-0.0309603288769722,0.036540765315294266,-0.5124600529670715,0.01094976719468832,-0.031008392572402954,-0.6896526217460632,-0.013309843838214874,-0.0811958760023117,-0.8150812983512878,-0.03863698989152908,-0.11762973666191101,-0.9254340529441833,-0.06103050708770752,0.06407970190048218,-0.5025604963302612,-0.01781524531543255,-0.032636214047670364,-0.7200534343719482,-0.047602761536836624,-0.09485843777656555,-0.8616982102394104,-0.07315396517515182,-0.13375315070152283,-0.9865777492523193,-0.09367192536592484,0.055375825613737106,-0.4773953855037689,-0.050312742590904236,-0.03917336463928223,-0.705196738243103,-0.08504746854305267,-0.10089784115552902,-0.8498133420944214,-0.10143666714429855,-0.13562756776809692,-0.9724106788635254,-0.11227788031101227,0.009586631320416927,-0.4455408453941345,-0.08435776084661484,-0.05587320402264595,-0.6435862183570862,-0.11433998495340347,-0.09898171573877335,-0.7629257440567017,-0.1237802505493164,-0.1264226734638214,-0.8640652894973755,-0.1297578364610672,COLD
0.0,0.0,0.0,0.04050624370574951,-0.2945602238178253,0.0740085020661354,0.1775519698858261,-0.47138509154319763,0.11201613396406174,0.29799309372901917,-0.4839865565299988,0.1379050612449646,0.364058256149292,-0.3984922766685486,0.1539432555437088,0.3861268162727356,-0.4894478917121887,0.02628611959517002,0.6227341890335083,-0.5293817520141602,0.052673935890197754,0.7558249831199646,-0.5295674800872803,0.06648102402687073,0.853145182132721,-0.5167908072471619,0.0712079107761383,0.44828400015830994,-0.33152785897254944,0.009463215246796608,0.48040395975112915,-0.3678683340549469,0.06647380441427231,0.4014693796634674,-0.37513506412506104,0.09903023391962051,0.34273138642311096,-0.36422866582870483,0.10727062076330185,0.4546469748020172,-0.17141146957874298,0.004839080385863781,0.4409848153591156,-0.24018537998199463,0.069306381046772,0.38006627559661865,-0.2397313416004181,0.09566421806812286,0.31700149178504944,-0.22228607535362244,0.09391050040721893,0.4413035809993744,-0.05146325007081032,0.005333322566002607,0.4364669919013977,-0.11072958260774612,0.06324105709791183,0.38485240936279297,-0.10370960831642151,0.09837077558040619,0.3288184702396393,-0.07995546609163284,0.11708013713359833,0.0,0.0,0.0,-0.14298883080482483,-0.16905216872692108,0.0051260096952319145,-0.15006329119205475,-0.3517782390117645,-6.907461647642776e-05,-0.13496394455432892,-0.4761146306991577,-0.011779543943703175,-0.11737100780010223,-0.569830596446991,-0.02440205216407776,0.036391135305166245,-0.5116400122642517,0.01123037002980709,-0.033294372260570526,-0.6932352781295776,-0.00968322716653347,-0.08349398523569107,-0.8176450133323669,-0.03135281056165695,-0.12089238315820694,-0.9280979037284851,-0.05086636543273926,0.06409479677677155,-0.503286600112915,-0.016963941976428032,-0.033154118806123734,-0.725278913974762,-0.044752370566129684,-0.0944119468331337,-0.8638603091239929,-0.06890850514173508,-0.13411417603492737,-0.9870299100875854,-0.08823362737894058,0.053947772830724716,-0.4789968729019165,-0.047796040773391724,-0.040227118879556656,-0.7092529535293579,-0.08005619049072266,-0.10147687792778015,-0.8529507517814636,-0.09508069604635239,-0.13742581009864807,-0.9751453995704651,-0.10491781681776047,0.004917493090033531,-0.4491373598575592,-0.07953735440969467,-0.06067719683051109,-0.65106201171875,-0.10477796941995621,-0.10225313156843185,-0.7677195072174072,-0.11069533228874207,-0.12927110493183136,-0.8647893071174622,-0.1145697608590126,COLD
0.0,0.0,0.0,0.03594889119267464,-0.29949846863746643,0.0757710412144661,0.16396255791187286,-0.4771881401538849,0.1160041019320488,0.2783990502357483,-0.497219055891037,0.14462658762931824,0.3389551639556885,-0.42461124062538147,0.16355448961257935,0.3867335617542267,-0.4876629114151001,0.029641127213835716,0.6195028424263,-0.5311551690101624,0.05756472051143646,0.7514975666999817,-0.5340871810913086,0.07296217978000641,0.8481318354606628,-0.5238673686981201,0.07896491885185242,0.4496306777000427,-0.31898874044418335,0.013201562687754631,0.47450417280197144,-0.3890341818332672,0.07172244787216187,0.3985651731491089,-0.40111348032951355,0.10728712379932404,0.34140080213546753,-0.381450355052948,0.11734706163406372,0.4527813792228699,-0.15906348824501038,0.008360734209418297,0.43262016773223877,-0.2584790289402008,0.07085848599672318,0.37420853972435,-0.2611550986766815,0.09628047794103622,0.3123024106025696,-0.23461884260177612,0.09462077915668488,0.4379386603832245,-0.043897610157728195,0.009200569242238998,0.4278271496295929,-0.12807238101959229,0.062011297792196274,0.3774034082889557,-0.12302375584840775,0.0937277302145958,0.3214217722415924,-0.09329376369714737,0.11052455753087997,0.0,0.0,0.0,-0.14351077377796173,-0.17207635939121246,0.005545615218579769,-0.1529998630285263,-0.3567962944507599,0.00045719524496234953,-0.13940031826496124,-0.4794979691505432,-0.011442681774497032,-0.11989428102970123,-0.5633809566497803,-0.024304592981934547,0.03635311871767044,-0.5159095525741577,0.012989435344934464,-0.037254612892866135,-0.6922961473464966,-0.009118725545704365,-0.08901738375425339,-0.8156679272651672,-0.03249483183026314,-0.1259290874004364,-0.9258409738540649,-0.05346605181694031,0.0648980438709259,-0.5076800584793091,-0.016238251700997353,-0.03736099228262901,-0.7250804305076599,-0.043942950665950775,-0.0999968945980072,-0.8626249432563782,-0.0680885836482048,-0.13868507742881775,-0.9864487051963806,-0.08766632527112961,0.05550474300980568,-0.4828580915927887,-0.04848681762814522,-0.04411890357732773,-0.7092307806015015,-0.08086350560188293,-0.10577233880758286,-0.8516952991485596,-0.09493575245141983,-0.1394321173429489,-0.9757689833641052,-0.10427740961313248,0.006603642366826534,-0.4519280195236206,-0.08186909556388855,-0.062377624213695526,-0.6497610807418823,-0.1077437624335289,-0.10308942198753357,-0.7652829885482788,-0.11333636194467545,-0.12673188745975494,-0.8647238612174988,-0.11698731780052185,COLD
0.0,0.0,0.0,0.02758956514298916,-0.290921688079834,0.07038076967000961,0.1493149995803833,-0.46637359261512756,0.10179220885038376,0.2544472813606262,-0.4914797842502594,0.12036752700805664,0.3051111102104187,-0.42428889870643616,0.12934845685958862,0.3794848322868347,-0.5055288672447205,0.01935718208551407,0.6162589192390442,-0.5357073545455933,0.04222099855542183,0.7531210780143738,-0.5339474081993103,0.053834762424230576,0.8519433736801147,-0.5205375552177429,0.056859832257032394,0.4470852017402649,-0.34763580560684204,-0.0016592979663982987,0.47840702533721924,-0.3556911051273346,0.05046926066279411,0.40276551246643066,-0.35869866609573364,0.08125864714384079,0.34077730774879456,-0.34858837723731995,0.08811168372631073,0.45443063974380493,-0.18128778040409088,-0.01091102696955204,0.4390784800052643,-0.2296949326992035,0.0491410568356514,0.38035425543785095,-0.22297213971614838,0.0766967162489891,0.31846868991851807,-0.20625409483909607,0.0758456438779831,0.44093284010887146,-0.05462015047669411,-0.015888776630163193,0.4330611228942871,-0.0944763571023941,0.04005950689315796,0.38029083609580994,-0.08440155535936356,0.07725919038057327,0.32288658618927,-0.06514190137386322,0.09743255376815796,0.0,0.0,0.0,-0.14962434768676758,-0.16443510353565216,0.0035055193584412336,-0.16337598860263824,-0.3439243733882904,-0.004614012315869331,-0.15580421686172485,-0.4718681275844574,-0.019568247720599174,-0.1482858806848526,-0.5695363283157349,-0.03525373712182045,0.02709263190627098,-0.5069628357887268,0.011292343959212303,-0.04052500054240227,-0.6804490685462952,-0.013473080471158028,-0.09051210433244705,-0.8047004342079163,-0.039676014333963394,-0.12749627232551575,-0.9153546094894409,-0.062289413064718246,0.05638745427131653,-0.5005494952201843,-0.01780407503247261,-0.03876017779111862,-0.7189851403236389,-0.04726756736636162,-0.09961160272359848,-0.8606720566749573,-0.07270161807537079,-0.13806714117527008,-0.9860244393348694,-0.09323742240667343,0.046540167182683945,-0.4745255708694458,-0.05009235069155693,-0.04939480125904083,-0.7010324597358704,-0.08315026760101318,-0.1086152121424675,-0.8419442772865295,-0.09757522493600845,-0.14060069620609283,-0.9614677429199219,-0.10772056877613068,-0.0032470347359776497,-0.4409552812576294,-0.08366438746452332,-0.07238588482141495,-0.6289022564888,-0.11040475219488144,-0.11307503283023834,-0.7438981533050537,-0.11716994643211365,-0.13541747629642487,-0.8434577584266663,-0.12203100323677063,COLD
0.0,0.0,0.0,0.030955137684941292,-0.2851299047470093,0.090500108897686,0.15256522595882416,-0.4554101824760437,0.13437481224536896,0.2545141875743866,-0.4885326325893402,0.16351298987865448,0.3087829053401947,-0.4308658838272095,0.18184250593185425,0.38053062558174133,-0.4984208643436432,0.04100479558110237,0.6128897666931152,-0.5323665142059326,0.07500795274972916,0.7468623518943787,-0.5370126962661743,0.09200919419527054,0.8432918787002563,-0.5283612012863159,0.09845481067895889,0.44484058022499084,-0.3445579409599304,0.017970088869333267,0.46856456995010376,-0.3549332618713379,0.08641617000102997,0.3911708891391754,-0.355329692363739,0.1219775602221489,0.33151572942733765,-0.3485812842845917,0.12944696843624115,0.449837863445282,-0.17934739589691162,0.008809423074126244,0.4296625852584839,-0.22696009278297424,0.08354919403791428,0.3703702986240387,-0.2191895991563797,0.11091513931751251,0.3093433380126953,-0.20498938858509064,0.1067872866988182,0.43628495931625366,-0.05497844144701958,0.006061612628400326,0.4264507293701172,-0.10009550303220749,0.07023192942142487,0.37340763211250305,-0.08786730468273163,0.1069439947605133,0.3165334165096283,-0.06721635907888412,0.12534356117248535,0.0,0.0,0.0,-0.14212805032730103,-0.16849932074546814,0.010961741209030151,-0.14958296716213226,-0.34596213698387146,0.007161351386457682,-0.14218296110630035,-0.4650236964225769,-0.0045581115409731865,-0.13413065671920776,-0.5556458234786987,-0.017997542396187782,0.03238104656338692,-0.5131641626358032,0.01365291140973568,-0.04100511968135834,-0.6930128931999207,-0.007557501085102558,-0.09160585701465607,-0.8143324255943298,-0.02905173785984516,-0.12829139828681946,-0.9233323931694031,-0.04815185070037842,0.0578896664083004,-0.50501948595047,-0.017154011875391006,-0.03933873772621155,-0.7287932634353638,-0.045439958572387695,-0.09919748455286026,-0.8649791479110718,-0.07021299004554749,-0.13722525537014008,-0.9864708781242371,-0.08969106525182724,0.046305879950523376,-0.47546759247779846,-0.04968089610338211,-0.047025445848703384,-0.7054646015167236,-0.08157072961330414,-0.1051798164844513,-0.8460895419120789,-0.09657152742147446,-0.1383306086063385,-0.966457724571228,-0.10645220428705215,-0.004286494106054306,-0.439233660697937,-0.08241859823465347,-0.06723185628652573,-0.6336075663566589,-0.10560710728168488,-0.1048102155327797,-0.7452604174613953,-0.10992235690355301,-0.1273922175168991,-0.8387320637702942,-0.11311917006969452,COLD
0.0,0.0,0.0,0.02967950701713562,-0.2839571535587311,0.07874193042516708,0.15389709174633026,-0.4592636823654175,0.11999311298131943,0.25279611349105835,-0.48997464776039124,0.14833879470825195,0.3019934892654419,-0.43250834941864014,0.1671263873577118,0.3861692249774933,-0.4963594377040863,0.033781714737415314,0.6149036884307861,-0.5334134101867676,0.06277346611022949,0.7490360736846924,-0.5382657647132874,0.07704461365938187,0.8448455929756165,-0.5286797881126404,0.08205924928188324,0.452265202999115,-0.33639514446258545,0.013646822422742844,0.47093531489372253,-0.35802826285362244,0.07361816614866257,0.3943653702735901,-0.3634040951728821,0.1057969331741333,0.3360108435153961,-0.3547452986240387,0.11320210993289948,0.4557034373283386,-0.17155036330223083,0.0057447971776127815,0.4309261441230774,-0.23086391389369965,0.07137129455804825,0.3733947277069092,-0.22625164687633514,0.09548162668943405,0.3132959008216858,-0.20966854691505432,0.09219852834939957,0.4370954930782318,-0.050792496651411057,0.0032736395951360464,0.4229777753353119,-0.10329627990722656,0.059827011078596115,0.3738088309764862,-0.09406787157058716,0.09267467260360718,0.31924349069595337,-0.07317639142274857,0.11018530279397964,0.0,0.0,0.0,-0.141270712018013,-0.16904523968696594,0.011273959651589394,-0.15090398490428925,-0.34584757685661316,0.0074527976103127,-0.14541201293468475,-0.46630677580833435,-0.004587339702993631,-0.14121150970458984,-0.5564302802085876,-0.018517445772886276,0.03294599428772926,-0.5125257968902588,0.015116733498871326,-0.043117862194776535,-0.6918462514877319,-0.006364742759615183,-0.09313155710697174,-0.8119043111801147,-0.028625620529055595,-0.12820304930210114,-0.921169638633728,-0.04856102913618088,0.0599701963365078,-0.5056172609329224,-0.016294125467538834,-0.0413283072412014,-0.7285155057907104,-0.04321267083287239,-0.10052257776260376,-0.8640913963317871,-0.06728611886501312,-0.13746842741966248,-0.9866597652435303,-0.08720701187849045,0.04817601293325424,-0.47702232003211975,-0.04980216547846794,-0.04922595992684364,-0.7058296203613281,-0.08135310560464859,-0.10697297006845474,-0.8443025946617126,-0.09559599310159683,-0.13894455134868622,-0.9633748531341553,-0.10550177097320557,-0.004071217495948076,-0.44211044907569885,-0.08366724103689194,-0.0713663399219513,-0.6328043341636658,-0.10805627703666687,-0.11064723134040833,-0.743802011013031,-0.11311725527048111,-0.13401514291763306,-0.8385090231895447,-0.1171029731631279,COLD
0.0,0.0,0.0,0.03213825449347496,-0.2870633900165558,0.07658010721206665,0.15645474195480347,-0.4618334472179413,0.11319006979465485,0.2563723027706146,-0.48738059401512146,0.1358112096786499,0.3062213361263275,-0.41944757103919983,0.14851294457912445,0.3877805769443512,-0.49502038955688477,0.028877491131424904,0.617990255355835,-0.5329449772834778,0.05320224538445473,0.7540243268013,-0.5336170196533203,0.06518976390361786,0.8509713411331177,-0.5206979513168335,0.06871282309293747,0.45299801230430603,-0.3370356559753418,0.006121463142335415,0.4759349226951599,-0.3559240698814392,0.05867330729961395,0.39959579706192017,-0.36139583587646484,0.08784134685993195,0.3384835422039032,-0.35407164692878723,0.09409099072217941,0.45804446935653687,-0.1715940684080124,-0.004454562906175852,0.4372168481349945,-0.22984854876995087,0.054609254002571106,0.37798836827278137,-0.2269701510667801,0.07963445782661438,0.3145619034767151,-0.21184702217578888,0.07821976393461227,0.44120651483535767,-0.04804050922393799,-0.009868001565337181,0.4317346215248108,-0.10231102257966995,0.042555566877126694,0.3794960081577301,-0.09459301829338074,0.07730693370103836,0.3206114172935486,-0.07359084486961365,0.09705270826816559,0.0,0.0,0.0,-0.14084549248218536,-0.1696198731660843,0.012522188946604729,-0.14909148216247559,-0.3457871675491333,0.008513274602591991,-0.14183409512043,-0.462717205286026,-0.003907165955752134,-0.1344396471977234,-0.5490924715995789,-0.018264707177877426,0.033152900636196136,-0.5165651440620422,0.013734342530369759,-0.04106634482741356,-0.6951799392700195,-0.0076904562301933765,-0.09105943143367767,-0.8154252767562866,-0.029348382726311684,-0.12640519440174103,-0.9239473938941956,-0.04887094348669052,0.05971330404281616,-0.5076524615287781,-0.018690358847379684,-0.040941912680864334,-0.729011595249176,-0.046278778463602066,-0.10037263482809067,-0.8641891479492188,-0.06998372077941895,-0.1376173198223114,-0.9864637851715088,-0.08916586637496948,0.048292893916368484,-0.47658440470695496,-0.05282074585556984,-0.04852913320064545,-0.7042956352233887,-0.08442626893520355,-0.10525213181972504,-0.8420857191085815,-0.09766753762960434,-0.13607943058013916,-0.9607899188995361,-0.10669651627540588,-0.002519274828955531,-0.4381125271320343,-0.08718128502368927,-0.06763631105422974,-0.6257498264312744,-0.11030250042676926,-0.10504564642906189,-0.7330870032310486,-0.11369013041257858,-0.12688741087913513,-0.823311984539032,-0.11645378172397614,COLD
0.0,0.0,0.0,0.02836911380290985,-0.2924974262714386,0.08000385016202927,0.15104851126670837,-0.46608999371528625,0.12013545632362366,0.24967724084854126,-0.49501386284828186,0.1449659913778305,0.2967320680618286,-0.4401889741420746,0.15971601009368896,0.3844219446182251,-0.4982568621635437,0.039675500243902206,0.6143916249275208,-0.5349292159080505,0.06667624413967133,0.750128984451294,-0.5363649129867554,0.07921542227268219,0.8470057845115662,-0.5249955654144287,0.08343138545751572,0.449878990650177,-0.3408806622028351,0.015950150787830353,0.46607813239097595,-0.35683321952819824,0.0691722184419632,0.38948488235473633,-0.3648031949996948,0.0950477197766304,0.3294885754585266,-0.3601820766925812,0.09946005046367645,0.4537491202354431,-0.17467235028743744,0.004484905395656824,0.4287666976451874,-0.22871628403663635,0.06364861130714417,0.3691089451313019,-0.22605374455451965,0.0856735035777092,0.30777987837791443,-0.2109861969947815,0.08310842514038086,0.43536871671676636,-0.05075405165553093,-0.0014219473814591765,0.4232763350009918,-0.09822257608175278,0.053882017731666565,0.37087196111679077,-0.09218650311231613,0.08924934267997742,0.3133399784564972,-0.07179617881774902,0.10966542363166809,0.0,0.0,0.0,-0.14257360994815826,-0.16923554241657257,0.011285573244094849,-0.1514950841665268,-0.34369605779647827,0.006640577223151922,-0.14457924664020538,-0.4614216387271881,-0.0064368415623903275,-0.1398039162158966,-0.5485312342643738,-0.021999536082148552,0.02998981811106205,-0.515537440776825,0.0112569909542799,-0.044297222048044205,-0.692406177520752,-0.012019422836601734,-0.09244582802057266,-0.8135154843330383,-0.035671088844537735,-0.12687832117080688,-0.9236409664154053,-0.05687415227293968,0.05640886723995209,-0.5057480335235596,-0.02097800374031067,-0.04265214502811432,-0.7250657081604004,-0.0497286356985569,-0.10083968937397003,-0.8605931401252747,-0.0756366029381752,-0.138327494263649,-0.9856233596801758,-0.09701574593782425,0.04508702829480171,-0.47216829657554626,-0.05497875437140465,-0.051191411912441254,-0.6976401209831238,-0.08860035985708237,-0.10681834071874619,-0.83621746301651,-0.10511523485183716,-0.1383289247751236,-0.9571573734283447,-0.11656484752893448,-0.00556764705106616,-0.430888831615448,-0.08919769525527954,-0.0690828189253807,-0.6165109276771545,-0.11596182733774185,-0.107125423848629,-0.7273446321487427,-0.1234879419207573,-0.13082951307296753,-0.8226376175880432,-0.12927502393722534,COLD
0.0,0.0,0.0,0.033460017293691635,-0.29515525698661804,0.07428784668445587,0.16182811558246613,-0.47147101163864136,0.10779138654470444,0.26749035716056824,-0.4913373291492462,0.12661734223365784,0.3197118639945984,-0.4288758635520935,0.13502830266952515,0.39000821113586426,-0.4951581060886383,0.028375064954161644,0.6196481585502625,-0.5343357920646667,0.05298912897706032,0.7551646828651428,-0.5330573916435242,0.06328614056110382,0.8524729013442993,-0.5187216401100159,0.06494561582803726,0.45550060272216797,-0.3373272716999054,0.003791794879361987,0.46937429904937744,-0.35097017884254456,0.05409454181790352,0.3910255432128906,-0.3565761148929596,0.07935000956058502,0.33057013154029846,-0.35132527351379395,0.08301225304603577,0.45826712250709534,-0.17073610424995422,-0.008548757992684841,0.4330117106437683,-0.22414743900299072,0.048166465014219284,0.3732810318470001,-0.22000755369663239,0.07235533744096756,0.31180137395858765,-0.20671997964382172,0.07084845751523972,0.4392635226249695,-0.0446736142039299,-0.016050396487116814,0.43040934205055237,-0.09428216516971588,0.037731777876615524,0.3782336115837097,-0.08555898070335388,0.07571721076965332,0.3212180435657501,-0.06534791737794876,0.09779983758926392,0.0,0.0,0.0,-0.1441304087638855,-0.1698930561542511,0.010000426322221756,-0.15378835797309875,-0.34381362795829773,0.004713363945484161,-0.14866545796394348,-0.4637027084827423,-0.008674942888319492,-0.142917200922966,-0.5533685088157654,-0.024390460923314095,0.03001970425248146,-0.5163484811782837,0.009653736837208271,-0.04532671719789505,-0.6922262907028198,-0.014337534084916115,-0.09328858554363251,-0.8141716122627258,-0.03829432651400566,-0.12735356390476227,-0.9247186183929443,-0.0594528466463089,0.05633361637592316,-0.5069977045059204,-0.021561259403824806,-0.04489505663514137,-0.7251768708229065,-0.05088862404227257,-0.10232207924127579,-0.8607655167579651,-0.07656027376651764,-0.13848313689231873,-0.9855436682701111,-0.09760147333145142,0.044726837426424026,-0.47359591722488403,-0.05469389632344246,-0.05326572433114052,-0.6952707171440125,-0.08765295892953873,-0.10857533663511276,-0.8334493041038513,-0.10396629571914673,-0.14001986384391785,-0.9544947743415833,-0.11539312452077866,-0.006959118414670229,-0.43203383684158325,-0.08828363567590714,-0.0720444917678833,-0.6144145727157593,-0.1132025420665741,-0.11001091450452805,-0.7239773273468018,-0.1202283725142479,-0.13377468287944794,-0.8190208673477173,-0.12590180337429047,COLD
0.0,0.0,0.0,0.033797115087509155,-0.2895422875881195,0.08861660957336426,0.15947212278842926,-0.4620317816734314,0.12947463989257812,0.2555446922779083,-0.4951920509338379,0.1548539102077484,0.29952549934387207,-0.4408608078956604,0.1692584753036499,0.37888333201408386,-0.5040299892425537,0.0345434844493866,0.6135130524635315,-0.5365990996360779,0.06422808766365051,0.7494076490402222,-0.5363503098487854,0.07934052497148514,0.8469641208648682,-0.5249103307723999,0.08438541740179062,0.4474306106567383,-0.3580135703086853,0.007534608710557222,0.4866971969604492,-0.337013304233551,0.06956660002470016,0.4103427529335022,-0.33332088589668274,0.10314365476369858,0.34659016132354736,-0.333976149559021,0.11029880493879318,0.4565175473690033,-0.19089272618293762,-0.0056087300181388855,0.4446816146373749,-0.21051974594593048,0.06625132262706757,0.3852825164794922,-0.2012338936328888,0.09499741345643997,0.3227415978908539,-0.19459795951843262,0.0919484943151474,0.4426678717136383,-0.06074542924761772,-0.013150257058441639,0.43570223450660706,-0.08176170289516449,0.052607808262109756,0.383849561214447,-0.06810484081506729,0.09216589480638504,0.3251820504665375,-0.054152969270944595,0.11207010596990585,0.0,0.0,0.0,-0.14706072211265564,-0.1703517884016037,0.012435424141585827,-0.15594913065433502,-0.3502054214477539,0.009713999927043915,-0.1487637162208557,-0.47474727034568787,-0.0013469367986544967,-0.1451500803232193,-0.565989077091217,-0.014688770286738873,0.02901422791182995,-0.5131561160087585,0.014719555154442787,-0.04715440794825554,-0.6918741464614868,-0.006392205599695444,-0.096530020236969,-0.8131281733512878,-0.027999531477689743,-0.13084281980991364,-0.9236662983894348,-0.04792433977127075,0.05524268373847008,-0.5052185654640198,-0.017510822042822838,-0.045601941645145416,-0.7271419167518616,-0.044558096677064896,-0.10387580841779709,-0.8625166416168213,-0.06875083595514297,-0.14010801911354065,-0.9861318469047546,-0.08895941823720932,0.04277106374502182,-0.4742356836795807,-0.05176305025815964,-0.05440586060285568,-0.7015374898910522,-0.0840507447719574,-0.11131878942251205,-0.8405659198760986,-0.09984331578016281,-0.1427905112504959,-0.9617359638214111,-0.11103534698486328,-0.010668198578059673,-0.43631711602211,-0.08621378242969513,-0.07708045840263367,-0.6271656155586243,-0.11221972107887268,-0.11556806415319443,-0.7397211194038391,-0.11974822729825974,-0.13851742446422577,-0.8371239304542542,-0.12575680017471313,COLD
0.0,0.0,0.0,0.033941566944122314,-0.29213643074035645,0.07900425791740417,0.16049480438232422,-0.46728774905204773,0.11594600230455399,0.25958600640296936,-0.4965551793575287,0.1392836719751358,0.30630064010620117,-0.44106146693229675,0.1519555151462555,0.3771176338195801,-0.5006570219993591,0.02476794272661209,0.6114469170570374,-0.5353116393089294,0.051205698400735855,0.7467421293258667,-0.5408304333686829,0.06628641486167908,0.84266597032547,-0.5336095094680786,0.07193612307310104,0.44569066166877747,-0.35190367698669434,0.001996164908632636,0.4857577085494995,-0.35303935408592224,0.05882033333182335,0.4120842516422272,-0.35033175349235535,0.09302461892366409,0.35018688440322876,-0.34393611550331116,0.10219722241163254,0.4564421474933624,-0.18819798529148102,-0.007775153033435345,0.4452238082885742,-0.22680246829986572,0.05854408070445061,0.38833367824554443,-0.21988528966903687,0.08789291232824326,0.3254736065864563,-0.20918218791484833,0.0870606005191803,0.4444902539253235,-0.06103977933526039,-0.012530585750937462,0.43783026933670044,-0.09909682720899582,0.047175660729408264,0.3878418207168579,-0.0865480825304985,0.08525985479354858,0.32967090606689453,-0.06874898821115494,0.10541106760501862,0.0,0.0,0.0,-0.14530180394649506,-0.16903424263000488,0.015109450556337833,-0.1558002084493637,-0.3449220359325409,0.012501531280577183,-0.1514902561903,-0.46966463327407837,0.0012980910250917077,-0.14800284802913666,-0.5622467398643494,-0.0122908353805542,0.031543586403131485,-0.5057723522186279,0.015864329412579536,-0.044570181518793106,-0.6880121231079102,-0.004146748222410679,-0.09357678145170212,-0.8091362118721008,-0.02444310300052166,-0.12863895297050476,-0.9202179312705994,-0.043426524847745895,0.05607546120882034,-0.5002747774124146,-0.017073916271328926,-0.042592450976371765,-0.7279262542724609,-0.043316829949617386,-0.10001135617494583,-0.8637834787368774,-0.06709036976099014,-0.13749171793460846,-0.9866540431976318,-0.08723429590463638,0.04120709002017975,-0.4727421998977661,-0.051503799855709076,-0.0534917414188385,-0.7057316303253174,-0.0829283595085144,-0.10962846130132675,-0.8453899025917053,-0.09849117696285248,-0.14194533228874207,-0.9652052521705627,-0.10988904535770416,-0.015410765074193478,-0.4397876262664795,-0.08569614589214325,-0.08028436452150345,-0.6327722668647766,-0.11094918102025986,-0.11640749126672745,-0.7457878589630127,-0.11818301677703857,-0.13725169003009796,-0.8433881402015686,-0.12434975057840347,COLD
0.0,0.0,0.0,0.034469641745090485,-0.2886143922805786,0.06213436275720596,0.1673409640789032,-0.47431451082229614,0.08765766024589539,0.2758665680885315,-0.4930729866027832,0.10050082206726074,0.32946693897247314,-0.41781243681907654,0.10373549908399582,0.3831624388694763,-0.4966181516647339,0.007992428727447987,0.614976167678833,-0.5344568490982056,0.022839203476905823,0.7516660690307617,-0.5387204885482788,0.02996922843158245,0.8474159836769104,-0.5300887823104858,0.029865160584449768,0.4513387382030487,-0.34565386176109314,-0.01432416494935751,0.4841618239879608,-0.34912410378456116,0.02544001303613186,0.4116572141647339,-0.34557387232780457,0.052249353379011154,0.3511015474796295,-0.3377811312675476,0.05867881700396538,0.46219950914382935,-0.18388651311397552,-0.02551085874438286,0.44679051637649536,-0.22322234511375427,0.02587803453207016,0.39101430773735046,-0.21696707606315613,0.05437595024704933,0.3283977806568146,-0.20649471879005432,0.055848658084869385,0.4488435983657837,-0.05943858623504639,-0.033719051629304886,0.43751242756843567,-0.0964483991265297,0.01632865145802498,0.38703176379203796,-0.0853341594338417,0.05380946025252342,0.33096328377723694,-0.06980689615011215,0.07523656636476517,0.0,0.0,0.0,-0.14546595513820648,-0.17354565858840942,0.015222488902509212,-0.15547113120555878,-0.3460043668746948,0.011290320195257664,-0.15311764180660248,-0.46701779961586,-0.0012988701928406954,-0.1520153433084488,-0.5611622333526611,-0.01643483154475689,0.032092444598674774,-0.5095862150192261,0.012550869956612587,-0.04454849660396576,-0.6909788250923157,-0.008384596556425095,-0.09332944452762604,-0.8110483288764954,-0.029232457280158997,-0.1289845108985901,-0.921660840511322,-0.04846454784274101,0.05616244673728943,-0.5016190409660339,-0.02005627565085888,-0.04487146437168121,-0.728445291519165,-0.04683626815676689,-0.10220450907945633,-0.8631103038787842,-0.07083408534526825,-0.1397337019443512,-0.985966145992279,-0.09135215729475021,0.0410272553563118,-0.4703093469142914,-0.05374671518802643,-0.056366462260484695,-0.6998457312583923,-0.08436498790979385,-0.11153272539377213,-0.8364496231079102,-0.09926601499319077,-0.14337870478630066,-0.9541872143745422,-0.11048753559589386,-0.014727160334587097,-0.4326041340827942,-0.08721945434808731,-0.07863045483827591,-0.6187978982925415,-0.11082518845796585,-0.11483390629291534,-0.7301908135414124,-0.11760878562927246,-0.1366199553012848,-0.8266406059265137,-0.12371951341629028,COLD
0.0,0.0,0.0,0.0407995730638504,-0.29057881236076355,0.07007481902837753,0.17714357376098633,-0.47443825006484985,0.10520583391189575,0.2875452935695648,-0.49580633640289307,0.12780241668224335,0.3445163667201996,-0.4191022515296936,0.14084649085998535,0.3890969157218933,-0.49834802746772766,0.025080526247620583,0.618116021156311,-0.5332366228103638,0.05141134187579155,0.7513812184333801,-0.5368727445602417,0.06572182476520538,0.8462437391281128,-0.5282003879547119,0.0698276236653328,0.45646414160728455,-0.3479097783565521,0.004462182987481356,0.484413743019104,-0.3649428188800812,0.05757579207420349,0.40957337617874146,-0.3648103177547455,0.08714236319065094,0.3508724570274353,-0.3568190038204193,0.0938529446721077,0.4663073420524597,-0.18667005002498627,-0.004242678172886372,0.4499639570713043,-0.24064227938652039,0.05663203075528145,0.3909855782985687,-0.23635323345661163,0.08271586894989014,0.3281749188899994,-0.22468578815460205,0.08114457875490189,0.45311179757118225,-0.06128266453742981,-0.008753551170229912,0.444770485162735,-0.11157941818237305,0.04595594480633736,0.39502596855163574,-0.10226944088935852,0.0812671035528183,0.33784833550453186,-0.08297710865736008,0.10050497204065323,0.0,0.0,0.0,-0.14570210874080658,-0.17337501049041748,0.015459325164556503,-0.1551935076713562,-0.3500182330608368,0.011431420221924782,-0.1518402248620987,-0.4746546447277069,-0.0012203584192320704,-0.15201373398303986,-0.5691052675247192,-0.016636060550808907,0.033631082624197006,-0.5098777413368225,0.011763253249228,-0.04554205760359764,-0.6908678412437439,-0.009680908173322678,-0.0948859304189682,-0.809628963470459,-0.030764291062951088,-0.1290300488471985,-0.9198004007339478,-0.05028822273015976,0.05691301077604294,-0.5024231672286987,-0.021720601245760918,-0.04559870809316635,-0.7289744019508362,-0.04933615401387215,-0.10323294252157211,-0.8633123636245728,-0.07312759011983871,-0.13865673542022705,-0.9859121441841125,-0.09354966133832932,0.041084423661231995,-0.4716607332229614,-0.056494493037462234,-0.056058116257190704,-0.7034460306167603,-0.0890711098909378,-0.11190733313560486,-0.8419453501701355,-0.10429830849170685,-0.1420830935239792,-0.9618600010871887,-0.11557415872812271,-0.015623441897332668,-0.43451035022735596,-0.09092917293310165,-0.07999354600906372,-0.6263695955276489,-0.11746831983327866,-0.1169353723526001,-0.7406750321388245,-0.12543605268001556,-0.1381315290927887,-0.8403099179267883,-0.1321861296892166,COLD
0.0,0.0,0.0,0.04136903956532478,-0.29784756898880005,0.07241762429475784,0.17643499374389648,-0.47788283228874207,0.10985920578241348,0.2908998429775238,-0.4933677315711975,0.1358911097049713,0.3540138602256775,-0.40594297647476196,0.15218079090118408,0.3870042562484741,-0.4923161566257477,0.023390065878629684,0.6195209622383118,-0.5306041240692139,0.054156359285116196,0.7506800889968872,-0.5362293124198914,0.07209953665733337,0.8450186252593994,-0.5289251804351807,0.07862331718206406,0.45281025767326355,-0.3378431499004364,0.006349296774715185,0.4845971465110779,-0.36503106355667114,0.0675245001912117,0.4064337909221649,-0.3677874505519867,0.10276272892951965,0.3468170166015625,-0.3566938638687134,0.11198297142982483,0.46073997020721436,-0.17389622330665588,0.0018297870410606265,0.4434594213962555,-0.235075905919075,0.07126625627279282,0.38211706280708313,-0.23364222049713135,0.09951946884393692,0.31925666332244873,-0.2193436473608017,0.0973721444606781,0.44659703969955444,-0.04688618704676628,0.0019117369083687663,0.43784305453300476,-0.10195891559123993,0.06296447664499283,0.3878456950187683,-0.09568972885608673,0.0990271344780922,0.3314957320690155,-0.07565617561340332,0.1173466295003891,0.0,0.0,0.0,-0.14757879078388214,-0.1772451549768448,0.013773317448794842,-0.1563836634159088,-0.3544355034828186,0.009219905361533165,-0.15335819125175476,-0.48068657517433167,-0.0038767517544329166,-0.15582606196403503,-0.5804466605186462,-0.019283456727862358,0.03252857178449631,-0.514498233795166,0.012780697084963322,-0.04387466609477997,-0.6950042247772217,-0.008688450790941715,-0.09241370856761932,-0.8134207725524902,-0.030197469517588615,-0.12611261010169983,-0.9232040643692017,-0.049835868179798126,0.05641107261180878,-0.5052669644355774,-0.01962556131184101,-0.04473184794187546,-0.7292866110801697,-0.046323809772729874,-0.10200563818216324,-0.8633986711502075,-0.0697341337800026,-0.1373002529144287,-0.9864474534988403,-0.08983416855335236,0.041700299829244614,-0.4720107316970825,-0.05367932841181755,-0.05622193589806557,-0.6996973156929016,-0.08457312732934952,-0.1114562600851059,-0.836523711681366,-0.09891566634178162,-0.1411731094121933,-0.9551159739494324,-0.10974323004484177,-0.012904691509902477,-0.4322547912597656,-0.0878344401717186,-0.07704773545265198,-0.6178166270256042,-0.11217112094163895,-0.11435648053884506,-0.7302783131599426,-0.1193230077624321,-0.13615098595619202,-0.8282123804092407,-0.1255892515182495,COLD
0.0,0.0,0.0,0.03740856051445007,-0.29135987162590027,0.08236583322286606,0.16517521440982819,-0.46958157420158386,0.12208768725395203,0.2740682065486908,-0.5006664991378784,0.14940477907657623,0.33033764362335205,-0.4222809672355652,0.16663868725299835,0.37795332074165344,-0.502630352973938,0.026851937174797058,0.6171697378158569,-0.5369988679885864,0.05709711089730263,0.7507822513580322,-0.5365803837776184,0.07443542033433914,0.8472151160240173,-0.5250252485275269,0.08108794689178467,0.44526395201683044,-0.3509756028652191,0.006711266934871674,0.5010549426078796,-0.36200055480003357,0.0708337053656578,0.42397719621658325,-0.36192062497138977,0.10876535624265671,0.35825732350349426,-0.35566818714141846,0.11919835954904556,0.45721277594566345,-0.18426181375980377,0.00019245734438300133,0.4564908742904663,-0.2341497242450714,0.07396644353866577,0.39478254318237305,-0.22780099511146545,0.10415934026241302,0.3284170925617218,-0.2143041342496872,0.10209864377975464,0.446620374917984,-0.05337503179907799,-0.0006769143510609865,0.4455152153968811,-0.10346560925245285,0.0652066096663475,0.39323854446411133,-0.09258438646793365,0.10392378270626068,0.3329361379146576,-0.07252461463212967,0.12304108589887619,0.0,0.0,0.0,-0.14677824079990387,-0.17400287091732025,0.013283910229802132,-0.15567775070667267,-0.35075682401657104,0.009695920161902905,-0.1535136103630066,-0.476491242647171,-0.002200943883508444,-0.15068043768405914,-0.5778211951255798,-0.01644299179315567,0.034296657890081406,-0.5126774907112122,0.013776636682450771,-0.041703734546899796,-0.6898535490036011,-0.008564528077840805,-0.09078162908554077,-0.8108985424041748,-0.03120194748044014,-0.12569472193717957,-0.9227293729782104,-0.05179747939109802,0.05812731012701988,-0.5048507452011108,-0.01821259967982769,-0.0411638580262661,-0.7272053956985474,-0.04611421376466751,-0.09990885853767395,-0.8612881898880005,-0.07148421555757523,-0.13760343194007874,-0.9861142635345459,-0.09297315776348114,0.04327899217605591,-0.47502923011779785,-0.05181901529431343,-0.05109303072094917,-0.7035831212997437,-0.08455231040716171,-0.10760357975959778,-0.8421205282211304,-0.10052871704101562,-0.14072425663471222,-0.9635758399963379,-0.11213371157646179,-0.012861983850598335,-0.43900901079177856,-0.08540228754281998,-0.07494461536407471,-0.627382218837738,-0.1112334281206131,-0.11116570979356766,-0.7414711117744446,-0.11922238767147064,-0.13322505354881287,-0.8411447405815125,-0.12599565088748932,COLD
0.0,0.0,0.0,0.0354902558028698,-0.2977612614631653,0.08841777592897415,0.16281017661094666,-0.4732975363731384,0.13175638020038605,0.2712896168231964,-0.5009962320327759,0.16176404058933258,0.33162832260131836,-0.4273354113101959,0.18107518553733826,0.37207287549972534,-0.5017968416213989,0.03589557483792305,0.612047016620636,-0.5403226017951965,0.07128805667161942,0.7456544637680054,-0.5402480363845825,0.09165510535240173,0.8428449630737305,-0.5286725759506226,0.10058560222387314,0.43995678424835205,-0.3550286591053009,0.016172772273421288,0.493096262216568,-0.36069443821907043,0.08694660663604736,0.4159872233867645,-0.3570505678653717,0.12658126652240753,0.35173898935317993,-0.35085874795913696,0.13744065165519714,0.45288020372390747,-0.18952667713165283,0.010694149881601334,0.4497855603694916,-0.2318260818719864,0.09019575268030167,0.38822510838508606,-0.2231527864933014,0.11939125508069992,0.3221176862716675,-0.21048445999622345,0.1157403290271759,0.4437195062637329,-0.05931093916296959,0.011664208024740219,0.43921658396720886,-0.10476839542388916,0.08169472962617874,0.3869433104991913,-0.09214655309915543,0.12055632472038269,0.32668906450271606,-0.07301553338766098,0.13940681517124176,0.0,0.0,0.0,-0.14512550830841064,-0.1780060976743698,0.012523848563432693,-0.15506359934806824,-0.35774874687194824,0.00745663745328784,-0.15502490103244781,-0.4858558475971222,-0.005457415711134672,-0.15495891869068146,-0.5898842215538025,-0.020802205428481102,0.03469722345471382,-0.5109042525291443,0.007568714674562216,-0.041721705347299576,-0.6901163458824158,-0.016372840851545334,-0.09066460281610489,-0.8113892078399658,-0.03964361175894737,-0.1269967257976532,-0.9232679605484009,-0.060429781675338745,0.057594601064920425,-0.49961623549461365,-0.024233609437942505,-0.04067767411470413,-0.7243332862854004,-0.05298507958650589,-0.09875112771987915,-0.8596652746200562,-0.07835578173398972,-0.1373414546251297,-0.9854562282562256,-0.10006728023290634,0.042057886719703674,-0.46710267663002014,-0.057230014353990555,-0.05104612186551094,-0.6992436647415161,-0.09027817845344543,-0.10735628008842468,-0.8396342992782593,-0.10610631853342056,-0.14089034497737885,-0.9624934196472168,-0.11787930130958557,-0.01391965989023447,-0.4292137920856476,-0.09004047513008118,-0.07556554675102234,-0.6202064752578735,-0.11690990626811981,-0.1116531491279602,-0.7365434765815735,-0.12525811791419983,-0.13355357944965363,-0.8378044366836548,-0.13224340975284576,COLD
0.0,0.0,0.0,0.03726071119308472,-0.2981055676937103,0.07651902735233307,0.16685183346271515,-0.4779736399650574,0.11133679747581482,0.2766009569168091,-0.4969104826450348,0.13276121020317078,0.33755427598953247,-0.41642558574676514,0.14383938908576965,0.37938329577445984,-0.49564242362976074,0.02398199774324894,0.6177555918693542,-0.5350095629692078,0.052174970507621765,0.7520508170127869,-0.5365427136421204,0.06902091205120087,0.8479976058006287,-0.5245965719223022,0.07548806071281433,0.44770684838294983,-0.33957308530807495,0.0027090581133961678,0.4931444823741913,-0.3537278175354004,0.058952122926712036,0.4169504940509796,-0.35273459553718567,0.09376496076583862,0.3534676730632782,-0.34106069803237915,0.10416275262832642,0.4580521285533905,-0.17267882823944092,-0.005689531099051237,0.44749778509140015,-0.22211822867393494,0.060966379940509796,0.3891645669937134,-0.21603870391845703,0.09051103889942169,0.324237197637558,-0.20068387687206268,0.09024319052696228,0.44502952694892883,-0.043380219489336014,-0.009164270013570786,0.43511393666267395,-0.09336119145154953,0.05241813510656357,0.38524600863456726,-0.08205321431159973,0.09149713069200516,0.32784464955329895,-0.06198769435286522,0.11237157136201859,0.0,0.0,0.0,-0.14478912949562073,-0.17575983703136444,0.015776464715600014,-0.15530285239219666,-0.3515641391277313,0.01254541240632534,-0.1546960324048996,-0.4740918278694153,0.0006423759623430669,-0.15504291653633118,-0.5712643265724182,-0.01410193182528019,0.037347886711359024,-0.5152947306632996,0.01368316076695919,-0.039978254586458206,-0.6960447430610657,-0.006686101667582989,-0.08836280554533005,-0.8171839714050293,-0.02820505201816559,-0.12495085597038269,-0.9286839962005615,-0.04823135584592819,0.05925506725907326,-0.5047669410705566,-0.019017906859517097,-0.04000723734498024,-0.7294036746025085,-0.04401685670018196,-0.09824774414300919,-0.862099289894104,-0.06921254843473434,-0.13795074820518494,-0.986219048500061,-0.09133227914571762,0.042025916278362274,-0.47295647859573364,-0.05269746482372284,-0.05144713446497917,-0.7018069624900818,-0.08223054558038712,-0.10742522031068802,-0.8409530520439148,-0.09915535151958466,-0.14212636649608612,-0.963394284248352,-0.11229168623685837,-0.0155967827886343,-0.43638876080513,-0.08601272106170654,-0.0768512636423111,-0.6278294324874878,-0.10946071892976761,-0.11350861936807632,-0.7421377301216125,-0.11734267324209213,-0.13749009370803833,-0.8409557342529297,-0.12445398420095444,COLD
0.0,0.0,0.0,0.03741015866398811,-0.29275715351104736,0.07922687381505966,0.16652122139930725,-0.47126469016075134,0.11555292457342148,0.27779707312583923,-0.4958237409591675,0.13842347264289856,0.338149756193161,-0.41565361618995667,0.1511598378419876,0.3804469108581543,-0.49828940629959106,0.028835006058216095,0.6181492805480957,-0.5381373763084412,0.05813835188746452,0.7517737746238708,-0.5373285412788391,0.07486002147197723,0.8476523160934448,-0.5243212580680847,0.08107291162014008,0.4481382966041565,-0.3479688763618469,0.007674232125282288,0.49888911843299866,-0.35987114906311035,0.06873717904090881,0.4219513535499573,-0.360586941242218,0.10479004681110382,0.35657915472984314,-0.354428768157959,0.11485089361667633,0.45958641171455383,-0.18332305550575256,-0.0006186598329804838,0.45538756251335144,-0.22979694604873657,0.06953868269920349,0.3943684995174408,-0.2235238403081894,0.09898724406957626,0.32770785689353943,-0.2112903892993927,0.09755650162696838,0.44797179102897644,-0.05414818599820137,-0.0037459488958120346,0.4416079521179199,-0.1027798280119896,0.059845585376024246,0.3892316222190857,-0.09053324908018112,0.09862283617258072,0.32973629236221313,-0.07185742259025574,0.11862201243638992,0.0,0.0,0.0,-0.1462268978357315,-0.1743289828300476,0.011090608313679695,-0.15650799870491028,-0.351197212934494,0.0057098716497421265,-0.15450482070446014,-0.47500455379486084,-0.007469473406672478,-0.1542377918958664,-0.573945164680481,-0.023333149030804634,0.03933210298418999,-0.5129998922348022,0.008636201731860638,-0.03851788863539696,-0.6927400231361389,-0.014242063276469707,-0.0868079662322998,-0.8130340576171875,-0.03706229478120804,-0.12243027240037918,-0.9239275455474854,-0.057617343962192535,0.06195215508341789,-0.5039438605308533,-0.02202887274324894,-0.038530830293893814,-0.7305297255516052,-0.050178006291389465,-0.09652803093194962,-0.8625360727310181,-0.07618051767349243,-0.1345275342464447,-0.9860233068466187,-0.09828668087720871,0.044934436678886414,-0.47401702404022217,-0.054153021425008774,-0.05062608793377876,-0.7067261338233948,-0.08727757632732391,-0.10706722736358643,-0.8464460968971252,-0.10451891273260117,-0.1399492472410202,-0.9688200354576111,-0.11697128415107727,-0.0141753563657403,-0.4399890601634979,-0.08613503724336624,-0.07938709855079651,-0.6344205141067505,-0.11184177547693253,-0.11570586264133453,-0.7501662969589233,-0.11995673924684525,-0.13651102781295776,-0.8514766693115234,-0.12690258026123047,COLD
0.0,0.0,0.0,0.0352138914167881,-0.29550981521606445,0.07633110880851746,0.16294275224208832,-0.47215381264686584,0.10918746143579483,0.27187734842300415,-0.49431735277175903,0.128834530711174,0.3297843337059021,-0.4141967296600342,0.13803422451019287,0.38225772976875305,-0.49902307987213135,0.019283903762698174,0.6188365817070007,-0.5352551341056824,0.04543545842170715,0.7543729543685913,-0.5338186621665955,0.06047660484910011,0.8513303399085999,-0.5205110907554626,0.06561070680618286,0.45240721106529236,-0.34772711992263794,-0.0019447541562840343,0.4938322901725769,-0.3487257659435272,0.0560908243060112,0.4176284074783325,-0.34764984250068665,0.09084814041852951,0.35361093282699585,-0.3426828384399414,0.09994807094335556,0.46359091997146606,-0.18216317892074585,-0.009917239658534527,0.44691288471221924,-0.22093546390533447,0.058703627437353134,0.3870742917060852,-0.2157476842403412,0.08803175389766693,0.32147058844566345,-0.20639921724796295,0.08639589697122574,0.45040473341941833,-0.05416204407811165,-0.013192027807235718,0.4336998760700226,-0.09390101581811905,0.0494154617190361,0.3824257552623749,-0.08234885334968567,0.08765837550163269,0.3232617676258087,-0.06663276255130768,0.10747499763965607,0.0,0.0,0.0,-0.14574690163135529,-0.16970744729042053,0.01118775736540556,-0.1575782150030136,-0.3433084785938263,0.005916123744100332,-0.15397924184799194,-0.46761465072631836,-0.007413423154503107,-0.14953961968421936,-0.5681480169296265,-0.022362926974892616,0.03571733832359314,-0.5118126273155212,0.016028307378292084,-0.04013897478580475,-0.6923262476921082,-0.0050339302979409695,-0.08817349374294281,-0.8149779438972473,-0.02725107967853546,-0.12262701243162155,-0.9267984628677368,-0.04761015996336937,0.05828846991062164,-0.5039752721786499,-0.015267749316990376,-0.03991122171282768,-0.7297409176826477,-0.041450969874858856,-0.09746299684047699,-0.8635652661323547,-0.06724025309085846,-0.13428838551044464,-0.9869276881217957,-0.08910905569791794,0.04132844880223274,-0.4778291583061218,-0.04853011667728424,-0.050973668694496155,-0.7083745002746582,-0.07947653532028198,-0.1070171520113945,-0.8507204055786133,-0.09619063138961792,-0.13935036957263947,-0.9737638235092163,-0.10850442200899124,-0.016178064048290253,-0.44737085700035095,-0.0819835290312767,-0.08035610616207123,-0.6428548693656921,-0.10604637116193771,-0.11794018000364304,-0.7588054537773132,-0.11316337436437607,-0.14090919494628906,-0.8578161597251892,-0.11925108730792999,COLD
0.0,0.0,0.0,0.0414944663643837,-0.29507651925086975,0.06773825734853745,0.1759118139743805,-0.47334617376327515,0.0925767570734024,0.2906716763973236,-0.48937511444091797,0.1039494127035141,0.3528686761856079,-0.4022955596446991,0.10559666901826859,0.3847815990447998,-0.4931056499481201,0.008552651852369308,0.6200686693191528,-0.5331875085830688,0.024045661091804504,0.7559710741043091,-0.5342814922332764,0.032535120844841,0.8518382906913757,-0.5227342247962952,0.033475134521722794,0.45319992303848267,-0.3387993276119232,-0.015297368168830872,0.5010815262794495,-0.3500977158546448,0.028283147141337395,0.42867377400398254,-0.3494580090045929,0.05845971032977104,0.3647361993789673,-0.3404761850833893,0.06676987558603287,0.465758353471756,-0.1745372712612152,-0.02717668004333973,0.4571152925491333,-0.22155946493148804,0.029248390346765518,0.40132957696914673,-0.21703268587589264,0.060227036476135254,0.33572936058044434,-0.20430244505405426,0.062289103865623474,0.45293310284614563,-0.04676387459039688,-0.03553272411227226,0.4414040148258209,-0.09490939229726791,0.019867882132530212,0.3912694752216339,-0.08268111199140549,0.0601261742413044,0.33315059542655945,-0.06462439149618149,0.08275055140256882,0.0,0.0,0.0,-0.14608222246170044,-0.16898790001869202,0.011280867271125317,-0.15812067687511444,-0.3457355797290802,0.006417021621018648,-0.1582847535610199,-0.4732900559902191,-0.006281162146478891,-0.15873101353645325,-0.5784185528755188,-0.02128339558839798,0.03670904412865639,-0.5102580785751343,0.010876682586967945,-0.04088630899786949,-0.6900613903999329,-0.011897940188646317,-0.08975985646247864,-0.811923086643219,-0.03482085093855858,-0.12611573934555054,-0.9243269562721252,-0.05546717718243599,0.059138230979442596,-0.5016903877258301,-0.020702628418803215,-0.038603074848651886,-0.7278286814689636,-0.04861181974411011,-0.09634387493133545,-0.8617492914199829,-0.07544572651386261,-0.13447317481040955,-0.9860479235649109,-0.09811422228813171,0.042146097868680954,-0.473214328289032,-0.05380869656801224,-0.04982328414916992,-0.7050943374633789,-0.08740145713090897,-0.10653484612703323,-0.8466784954071045,-0.1057194247841835,-0.14067576825618744,-0.9697107076644897,-0.11881662905216217,-0.01646347902715206,-0.4401814341545105,-0.08671540021896362,-0.07980559766292572,-0.6367244124412537,-0.11354856193065643,-0.11671368032693863,-0.7529789805412292,-0.12230127304792404,-0.13923324644565582,-0.8533398509025574,-0.12944266200065613,COLD
0.0,0.0,0.0,0.04537287726998329,-0.2923608720302582,0.07343129068613052,0.18122701346874237,-0.4737819731235504,0.10610325634479523,0.29635515809059143,-0.49389782547950745,0.12578898668289185,0.3591182231903076,-0.4084746539592743,0.13573738932609558,0.38895854353904724,-0.4926239848136902,0.021249590441584587,0.6221854090690613,-0.5327146053314209,0.045289479196071625,0.7553136348724365,-0.5336994528770447,0.059167005121707916,0.8510258793830872,-0.5212624073028564,0.0635649561882019,0.45504331588745117,-0.3366340398788452,-0.00035206612665206194,0.5038545727729797,-0.3676346242427826,0.053054407238960266,0.429492712020874,-0.373180091381073,0.08636702597141266,0.3661692142486572,-0.3618719279766083,0.09592549502849579,0.4648631811141968,-0.17304030060768127,-0.009590917266905308,0.45983973145484924,-0.23930691182613373,0.05364081636071205,0.4009650647640228,-0.2388034462928772,0.08329936116933823,0.3345361649990082,-0.22303125262260437,0.08374030888080597,0.4514751136302948,-0.04584125056862831,-0.014231571927666664,0.4454766511917114,-0.11083608865737915,0.0445697195827961,0.3952341675758362,-0.10139046609401703,0.08337072283029556,0.33708909153938293,-0.07818448543548584,0.10434649139642715,0.0,0.0,0.0,-0.14494559168815613,-0.166530579328537,0.009942267090082169,-0.15667614340782166,-0.3422866761684418,0.004461347125470638,-0.15643668174743652,-0.4687143564224243,-0.008844388648867607,-0.15951155126094818,-0.5725206136703491,-0.02465650998055935,0.0376831516623497,-0.5056921243667603,0.009095505811274052,-0.03980613872408867,-0.6862056851387024,-0.014469021931290627,-0.08844435214996338,-0.8089902997016907,-0.038093723356723785,-0.12402493506669998,-0.921593189239502,-0.05937331169843674,0.05970785394310951,-0.4972395896911621,-0.022158421576023102,-0.038946427404880524,-0.7238488793373108,-0.05095458775758743,-0.09660322219133377,-0.8596491813659668,-0.07842390984296799,-0.13408991694450378,-0.9857463240623474,-0.10160692036151886,0.043139807879924774,-0.4676453769207001,-0.055078841745853424,-0.05003251135349274,-0.6977455615997314,-0.0890582725405693,-0.10597765445709229,-0.8395662307739258,-0.10813846439123154,-0.13885746896266937,-0.9646167755126953,-0.12213048338890076,-0.01346172858029604,-0.4334464371204376,-0.08798959106206894,-0.0769832581281662,-0.6255600452423096,-0.11621543765068054,-0.11372410506010056,-0.7417327761650085,-0.12661631405353546,-0.1352342814207077,-0.8447365760803223,-0.13508491218090057,COLD
0.0,0.0,0.0,0.043745607137680054,-0.29125750064849854,0.0895400270819664,0.17771688103675842,-0.4646703898906708,0.13427355885505676,0.2915773093700409,-0.4916386306285858,0.1655304729938507,0.35675716400146484,-0.41374531388282776,0.18673491477966309,0.38269346952438354,-0.49910295009613037,0.04083194583654404,0.6206291317939758,-0.5315781235694885,0.07880672812461853,0.7512338757514954,-0.5308709740638733,0.10069717466831207,0.846695601940155,-0.5205367803573608,0.11021805554628372,0.44621580839157104,-0.3473697006702423,0.021079517900943756,0.502960741519928,-0.360553503036499,0.09321043640375137,0.4257243871688843,-0.3633357584476471,0.13288667798042297,0.36170634627342224,-0.356334388256073,0.143472820520401,0.4558340609073639,-0.1805330365896225,0.015532523393630981,0.4601115584373474,-0.23077711462974548,0.09624312072992325,0.3972117304801941,-0.22738033533096313,0.1262684315443039,0.3304648995399475,-0.2130817174911499,0.12277375161647797,0.4461272656917572,-0.05092621222138405,0.01647329330444336,0.4449927806854248,-0.10362455248832703,0.08853021264076233,0.3915758728981018,-0.09461206942796707,0.1278582662343979,0.33248308300971985,-0.07375137507915497,0.14637771248817444,0.0,0.0,0.0,-0.14868687093257904,-0.16519762575626373,0.008347621187567711,-0.16155456006526947,-0.34578290581703186,0.003981453366577625,-0.16318367421627045,-0.4770219624042511,-0.007734800688922405,-0.16920427978038788,-0.5840312838554382,-0.021924778819084167,0.03207792341709137,-0.5089291334152222,0.008749134838581085,-0.043879974633455276,-0.6889065504074097,-0.01478085108101368,-0.0920214131474495,-0.81147301197052,-0.03830767422914505,-0.1290128380060196,-0.9229614734649658,-0.05917331948876381,0.054976511746644974,-0.500471830368042,-0.020943375304341316,-0.04064395651221275,-0.7265936732292175,-0.04983869194984436,-0.0975007489323616,-0.8615059852600098,-0.07696744799613953,-0.1360565423965454,-0.985711395740509,-0.09930571168661118,0.039678532630205154,-0.46968090534210205,-0.05255734920501709,-0.05149659141898155,-0.6986904740333557,-0.08706080913543701,-0.10836939513683319,-0.8392425179481506,-0.10712962597608566,-0.143779918551445,-0.9622713327407837,-0.12106286734342575,-0.016034232452511787,-0.4332127571105957,-0.08418740332126617,-0.08022955060005188,-0.6262412071228027,-0.11220881342887878,-0.11847395449876785,-0.7416606545448303,-0.12277869135141373,-0.14234432578086853,-0.8419750928878784,-0.13083893060684204,COLD
0.0,0.0,0.0,0.047164436429739,-0.2857062816619873,0.08541449159383774,0.18380065262317657,-0.4595174491405487,0.1248665601015091,0.2987218201160431,-0.48430389165878296,0.14979255199432373,0.36684319376945496,-0.401755154132843,0.164836123585701,0.386009156703949,-0.49568304419517517,0.03977736085653305,0.6228160262107849,-0.5308074355125427,0.07603520900011063,0.752161979675293,-0.5321436524391174,0.0969332605600357,0.8462543487548828,-0.5222634077072144,0.10533096641302109,0.4504794776439667,-0.3452359139919281,0.017139365896582603,0.5061176419258118,-0.3501743674278259,0.08554448187351227,0.42902782559394836,-0.3489868938922882,0.12282687425613403,0.36509981751441956,-0.3416541814804077,0.13246086239814758,0.46027588844299316,-0.1770985722541809,0.008045685477554798,0.4634253680706024,-0.22065606713294983,0.08567740023136139,0.4017716944217682,-0.21360576152801514,0.11610011756420135,0.3366471230983734,-0.2022230178117752,0.11350728571414948,0.4468620717525482,-0.04431177303195,0.00477463798597455,0.4466365873813629,-0.09544949978590012,0.07657837122678757,0.39604780077934265,-0.08349474519491196,0.11870919913053513,0.3386945128440857,-0.06443994492292404,0.13948705792427063,0.0,0.0,0.0,-0.14725692570209503,-0.16889284551143646,0.014533450827002525,-0.15934796631336212,-0.35018405318260193,0.013010929338634014,-0.15941457450389862,-0.47892823815345764,0.003203710773959756,-0.1593305915594101,-0.5812132954597473,-0.009412689134478569,0.03280317783355713,-0.5021130442619324,0.014670807868242264,-0.04374873265624046,-0.6822039484977722,-0.005906402133405209,-0.09201967716217041,-0.8038322925567627,-0.026685122400522232,-0.1285729706287384,-0.9157849550247192,-0.04590270295739174,0.05424162745475769,-0.4954325258731842,-0.016893500462174416,-0.04173974320292473,-0.7239561676979065,-0.04440141096711159,-0.0969952791929245,-0.8601627349853516,-0.0705278292298317,-0.13410311937332153,-0.9866588711738586,-0.09230756014585495,0.03861096501350403,-0.46787482500076294,-0.04975984990596771,-0.0526762455701828,-0.6986861824989319,-0.08314685523509979,-0.1081654354929924,-0.8403291702270508,-0.10299067199230194,-0.1429290920495987,-0.9640763998031616,-0.11693902313709259,-0.01655968278646469,-0.43601930141448975,-0.082033172249794,-0.0807756707072258,-0.6301852464675903,-0.1091008260846138,-0.11738941073417664,-0.7472883462905884,-0.11962586641311646,-0.14050401747226715,-0.8495089411735535,-0.12808476388454437,COLD
0.0,0.0,0.0,0.04739878326654434,-0.2902929186820984,0.09125710278749466,0.1814463585615158,-0.46382060647010803,0.13737255334854126,0.2959313690662384,-0.48807454109191895,0.17014847695827484,0.3628186881542206,-0.40635791420936584,0.19276195764541626,0.38594165444374084,-0.48901858925819397,0.04386982321739197,0.6214639544487,-0.5302813053131104,0.08509130030870438,0.7482638955116272,-0.5343601703643799,0.10940662771463394,0.8415111899375916,-0.5266419649124146,0.1204460859298706,0.4498331546783447,-0.33636149764060974,0.02565278299152851,0.5045502185821533,-0.366849422454834,0.10360431671142578,0.42775553464889526,-0.3733166456222534,0.1463933289051056,0.36632126569747925,-0.3635171949863434,0.1581815481185913,0.4578869342803955,-0.1712474822998047,0.021625686436891556,0.4592565596103668,-0.23613855242729187,0.10888902842998505,0.39658552408218384,-0.23601189255714417,0.13969407975673676,0.3308943212032318,-0.2212522327899933,0.1351807713508606,0.444230854511261,-0.04399750009179115,0.024251453578472137,0.4402458965778351,-0.10794295370578766,0.10104961693286896,0.3897508680820465,-0.1022108644247055,0.14042645692825317,0.331627756357193,-0.0816972479224205,0.1578098088502884,0.0,0.0,0.0,-0.14454010128974915,-0.17166896164417267,0.013538098894059658,-0.15638422966003418,-0.3471652865409851,0.01024367194622755,-0.15425078570842743,-0.471640944480896,-0.0015635296003893018,-0.14924125373363495,-0.5715230703353882,-0.015868542715907097,0.033569689840078354,-0.5001133680343628,0.012158266268670559,-0.04184475913643837,-0.6810212731361389,-0.01036915648728609,-0.08939164876937866,-0.8033528923988342,-0.03242117539048195,-0.12490671873092651,-0.9159331321716309,-0.05235733091831207,0.05542639270424843,-0.49300700426101685,-0.01976936124265194,-0.04004168137907982,-0.7208776473999023,-0.04900192841887474,-0.09533099830150604,-0.8588693737983704,-0.07578057050704956,-0.13243119418621063,-0.9863713383674622,-0.09763968735933304,0.04005410894751549,-0.4641389846801758,-0.052981019020080566,-0.051576703786849976,-0.69392329454422,-0.08644381165504456,-0.10674984008073807,-0.8358088731765747,-0.10565057396888733,-0.14065781235694885,-0.9599741697311401,-0.1191728413105011,-0.013693672604858875,-0.43074584007263184,-0.0858951061964035,-0.07581397145986557,-0.6213681697845459,-0.11388193815946579,-0.11202163994312286,-0.7393527626991272,-0.12488280236721039,-0.13429804146289825,-0.8428799510002136,-0.13326038420200348,COLD
0.0,0.0,0.0,0.04493409022688866,-0.28650230169296265,0.08401947468519211,0.17652130126953125,-0.45561009645462036,0.1205969825387001,0.2780161201953888,-0.4872887134552002,0.14289353787899017,0.32785874605178833,-0.4206511974334717,0.154701367020607,0.39033377170562744,-0.4960232973098755,0.024551261216402054,0.6256527900695801,-0.524413526058197,0.05228801071643829,0.7587567567825317,-0.5249472260475159,0.06909358501434326,0.8543022274971008,-0.5142784118652344,0.07540138065814972,0.45760953426361084,-0.3413078188896179,0.0001667473406996578,0.5052927136421204,-0.3443959653377533,0.06244329363107681,0.43441492319107056,-0.34560686349868774,0.1003112643957138,0.3712081015110016,-0.3395397365093231,0.11023978888988495,0.46593010425567627,-0.17231394350528717,-0.010517329908907413,0.4586044251918793,-0.21864664554595947,0.06254798173904419,0.4041614532470703,-0.21351805329322815,0.09468208998441696,0.33932027220726013,-0.20207823812961578,0.09348605573177338,0.44980543851852417,-0.04213064908981323,-0.015874747186899185,0.4416241943836212,-0.09146717935800552,0.04920073598623276,0.39434880018234253,-0.08278729766607285,0.08859828859567642,0.33350327610969543,-0.06747454404830933,0.1081073135137558,0.0,0.0,0.0,-0.14440634846687317,-0.16834019124507904,0.011789835058152676,-0.157405287027359,-0.3473289906978607,0.007932723499834538,-0.15747889876365662,-0.4751160144805908,-0.004568538162857294,-0.15435771644115448,-0.5772764682769775,-0.01895410753786564,0.031324174255132675,-0.5094217658042908,0.014891346916556358,-0.043339572846889496,-0.6869001388549805,-0.008614376187324524,-0.09118720144033432,-0.8082885146141052,-0.03243108466267586,-0.1257844865322113,-0.9193540811538696,-0.05363410338759422,0.053356051445007324,-0.5000994205474854,-0.01746104471385479,-0.04303915798664093,-0.7220373153686523,-0.04675533249974251,-0.09978462010622025,-0.8589538335800171,-0.07393068820238113,-0.13649748265743256,-0.9859461784362793,-0.09632570296525955,0.03888360410928726,-0.46967920660972595,-0.0518905334174633,-0.05268106609582901,-0.697836697101593,-0.08561378717422485,-0.1095384806394577,-0.8377179503440857,-0.10309136658906937,-0.14360366761684418,-0.9611450433731079,-0.11548114567995071,-0.014229546301066875,-0.4341180920600891,-0.08652728796005249,-0.0760016068816185,-0.6260040402412415,-0.11484234780073166,-0.11194181442260742,-0.7434889674186707,-0.12453754991292953,-0.1336582601070404,-0.8467801809310913,-0.13184046745300293,COLD
0.0,0.0,0.0,0.03902187570929527,-0.2900785505771637,0.06576461344957352,0.17232413589954376,-0.4660507142543793,0.09285510331392288,0.27995768189430237,-0.4840799868106842,0.10700276494026184,0.3306412696838379,-0.4047665297985077,0.11183510720729828,0.39002931118011475,-0.49946150183677673,0.010196930728852749,0.6276910901069641,-0.5263286828994751,0.026433410122990608,0.7657532691955566,-0.5203135013580322,0.034003157168626785,0.863228976726532,-0.503667950630188,0.03397611156105995,0.4567309617996216,-0.33719632029533386,-0.01254159677773714,0.4996335208415985,-0.34164056181907654,0.031919416040182114,0.4284655749797821,-0.34908613562583923,0.060841698199510574,0.36693722009658813,-0.34353989362716675,0.06697595119476318,0.4640641212463379,-0.16969847679138184,-0.02382858470082283,0.46051791310310364,-0.21783703565597534,0.031859178096055984,0.4059228003025055,-0.21763041615486145,0.06276924908161163,0.3424389064311981,-0.20651313662528992,0.06445285677909851,0.4461287260055542,-0.043084051460027695,-0.03173350915312767,0.44465136528015137,-0.08641748875379562,0.022132782265543938,0.39752301573753357,-0.08122554421424866,0.061503827571868896,0.33949536085128784,-0.06720839440822601,0.08322708308696747,0.0,0.0,0.0,-0.14583589136600494,-0.16843265295028687,0.012066813185811043,-0.158534437417984,-0.3477589786052704,0.008758019655942917,-0.16084705293178558,-0.47743740677833557,-0.002558058826252818,-0.16188925504684448,-0.5768876075744629,-0.016291165724396706,0.0243688877671957,-0.498145192861557,0.009555921889841557,-0.049172572791576385,-0.6759316921234131,-0.013688242062926292,-0.0950278639793396,-0.7983619570732117,-0.03622235730290413,-0.12894460558891296,-0.9127140641212463,-0.05664782598614693,0.047110822051763535,-0.49080002307891846,-0.02219419926404953,-0.04972970113158226,-0.7130945324897766,-0.05255679786205292,-0.10412853211164474,-0.8533626794815063,-0.07915187627077103,-0.13975048065185547,-0.9850178956985474,-0.1010427176952362,0.03371333330869675,-0.4604271650314331,-0.05528663098812103,-0.057554300874471664,-0.6888945698738098,-0.0904313176870346,-0.11176865547895432,-0.8325483202934265,-0.10884861648082733,-0.14464356005191803,-0.9601868987083435,-0.12174588441848755,-0.01794959232211113,-0.4251532554626465,-0.08817886561155319,-0.07755431532859802,-0.6132307648658752,-0.11801022291183472,-0.11068201810121536,-0.7324205636978149,-0.1292225569486618,-0.12937480211257935,-0.8381213545799255,-0.13769997656345367,COLD
0.0,0.0,0.0,0.035306721925735474,-0.27938321232795715,0.06090910732746124,0.16321797668933868,-0.44413405656814575,0.0817226767539978,0.28276968002319336,-0.45318251848220825,0.08842654526233673,0.3411155641078949,-0.3740428686141968,0.08608059585094452,0.3931153416633606,-0.47665607929229736,0.0054223076440393925,0.626033365726471,-0.5152970552444458,0.02209714613854885,0.7662917971611023,-0.5118853449821472,0.0273858942091465,0.8669570088386536,-0.49780452251434326,0.024007417261600494,0.457681804895401,-0.3251861333847046,-0.020416149869561195,0.48302173614501953,-0.28950953483581543,0.01593177020549774,0.41039231419563293,-0.2903313934803009,0.03580499812960625,0.3477416932582855,-0.2902124524116516,0.03631747514009476,0.45952722430229187,-0.16072379052639008,-0.03450543060898781,0.4377438724040985,-0.17202210426330566,0.014730077236890793,0.3823629319667816,-0.1683509796857834,0.0413702093064785,0.32382798194885254,-0.1653200387954712,0.04053108021616936,0.43685054779052734,-0.03257644921541214,-0.04600203037261963,0.4221329987049103,-0.04493203014135361,0.005543831270188093,0.37404605746269226,-0.039781615138053894,0.04329335689544678,0.32177814841270447,-0.03663330152630806,0.06405790150165558,0.0,0.0,0.0,-0.1419088989496231,-0.16892322897911072,-0.0020347789395600557,-0.15105628967285156,-0.3577639162540436,-0.009194414131343365,-0.136672243475914,-0.4855940341949463,-0.022424107417464256,-0.11954150348901749,-0.5646658539772034,-0.03613760694861412,0.022863322868943214,-0.5124685764312744,0.006987548433244228,-0.04398157820105553,-0.6843549013137817,-0.022006846964359283,-0.09674318134784698,-0.8075471520423889,-0.04929543659090996,-0.135402649641037,-0.9159510135650635,-0.07215981185436249,0.047949716448783875,-0.5075122117996216,-0.01843179203569889,-0.043946273624897,-0.7209712862968445,-0.05354801565408707,-0.10340550541877747,-0.8588138818740845,-0.08129926025867462,-0.14069832861423492,-0.9848018884658813,-0.10182930529117584,0.04053489863872528,-0.4770925045013428,-0.04773309454321861,-0.051616206765174866,-0.6989444494247437,-0.08653178066015244,-0.10855688154697418,-0.83763587474823,-0.10455593466758728,-0.13884063065052032,-0.9588592648506165,-0.11542274802923203,-0.0032795618753880262,-0.4372642934322357,-0.0787702426314354,-0.06022113934159279,-0.6225833296775818,-0.10888552665710449,-0.0958302691578865,-0.7331639528274536,-0.1178397610783577,-0.11510314792394638,-0.8324461579322815,-0.12369880080223083,COLD
0.0,0.0,0.0,0.03535616397857666,-0.2840806245803833,0.06024886667728424,0.17266829311847687,-0.4580429792404175,0.08490204811096191,0.2870452105998993,-0.4683622717857361,0.09693427383899689,0.3396366238594055,-0.38338524103164673,0.10015549510717392,0.38352641463279724,-0.48737138509750366,0.007928489707410336,0.6195468902587891,-0.5211241245269775,0.024666249752044678,0.7585768699645996,-0.5225329995155334,0.03286255523562431,0.8574869632720947,-0.5134800672531128,0.032469023019075394,0.4481550455093384,-0.33286812901496887,-0.013597985729575157,0.47555816173553467,-0.33599162101745605,0.027012409642338753,0.4067130982875824,-0.33922234177589417,0.05201113596558571,0.351586252450943,-0.33214282989501953,0.055838312953710556,0.45500096678733826,-0.1742074340581894,-0.023996178060770035,0.43864166736602783,-0.22323957085609436,0.028580674901604652,0.3873137831687927,-0.22126376628875732,0.056261081248521805,0.3301945924758911,-0.21103404462337494,0.05612172931432724,0.4404512643814087,-0.0557582750916481,-0.03170987591147423,0.428083598613739,-0.10003674775362015,0.021005162969231606,0.3825816512107849,-0.09413273632526398,0.057846952229738235,0.33083099126815796,-0.0819530114531517,0.0776425153017044,0.0,0.0,0.0,-0.1368052065372467,-0.16159667074680328,0.0012541896430775523,-0.15106309950351715,-0.3423771560192108,-0.004938694182783365,-0.14440612494945526,-0.46005287766456604,-0.018718818202614784,-0.12705223262310028,-0.5337507724761963,-0.03333970159292221,0.02318190596997738,-0.516040027141571,0.010922972112894058,-0.04392855986952782,-0.6899791955947876,-0.016386201605200768,-0.09201981127262115,-0.8128622174263,-0.04327091947197914,-0.1258198618888855,-0.921284556388855,-0.06624303013086319,0.04969882220029831,-0.5063498616218567,-0.01814037188887596,-0.04358379542827606,-0.7186110615730286,-0.05154411494731903,-0.10284256190061569,-0.8570312261581421,-0.07975466549396515,-0.13909868896007538,-0.9850719571113586,-0.10141374915838242,0.04390266537666321,-0.47417205572128296,-0.05104561522603035,-0.04887095466256142,-0.6954333186149597,-0.08667823672294617,-0.10917668789625168,-0.8383649587631226,-0.10382893681526184,-0.14214180409908295,-0.964940071105957,-0.11522283405065536,0.0027110290247946978,-0.4336583614349365,-0.08584357798099518,-0.056538138538599014,-0.6198686957359314,-0.1147121861577034,-0.09208174049854279,-0.7368863821029663,-0.12429949641227722,-0.11077266186475754,-0.843282163143158,-0.13119001686573029,COLD
0.0,0.0,0.0,0.032875850796699524,-0.2924627363681793,0.05964910238981247,0.17312920093536377,-0.46724531054496765,0.0866730585694313,0.2929438054561615,-0.4708499610424042,0.1016668826341629,0.3513425588607788,-0.3830762207508087,0.10709132999181747,0.3830023407936096,-0.482336163520813,0.012140096165239811,0.6143699288368225,-0.5248429775238037,0.031160347163677216,0.751945972442627,-0.5301888585090637,0.038362085819244385,0.8519890308380127,-0.5222402811050415,0.037144437432289124,0.44766440987586975,-0.3256058394908905,-0.006151837762445211,0.4698694944381714,-0.3607669174671173,0.04100310429930687,0.39880362153053284,-0.36916637420654297,0.06798569858074188,0.34563469886779785,-0.35492685437202454,0.07202742248773575,0.45263200998306274,-0.1704830527305603,-0.0137833496555686,0.43552470207214355,-0.2456931620836258,0.04276853799819946,0.3827565312385559,-0.24890370666980743,0.06975963711738586,0.3224296569824219,-0.23245033621788025,0.06862730532884598,0.43435803055763245,-0.05512836202979088,-0.018516430631279945,0.4209195673465729,-0.12126459181308746,0.03592703491449356,0.37490731477737427,-0.1192498654127121,0.07231001555919647,0.32043594121932983,-0.10277320444583893,0.09147923439741135,0.0,0.0,0.0,-0.1303735375404358,-0.16147172451019287,-0.0015349665191024542,-0.1473490595817566,-0.3434016704559326,-0.009616287425160408,-0.13628149032592773,-0.46900680661201477,-0.02426239475607872,-0.11125490814447403,-0.5481998324394226,-0.03895817697048187,0.028580641373991966,-0.5090651512145996,0.005167835857719183,-0.04057185724377632,-0.6869183778762817,-0.024666085839271545,-0.09161020070314407,-0.8140063881874084,-0.052987322211265564,-0.12728476524353027,-0.9244701862335205,-0.07670757919549942,0.054861631244421005,-0.5035241842269897,-0.0230831578373909,-0.039715927094221115,-0.7156990766525269,-0.05836471542716026,-0.10041579604148865,-0.8563355803489685,-0.0872068926692009,-0.13731108605861664,-0.9844772219657898,-0.10931728780269623,0.04837825894355774,-0.4760318994522095,-0.05520562082529068,-0.04318861663341522,-0.6991217136383057,-0.09467215090990067,-0.10438106954097748,-0.843008279800415,-0.11418603360652924,-0.1374925673007965,-0.9658674001693726,-0.12652668356895447,0.00698014535009861,-0.4395538568496704,-0.08901092410087585,-0.0507800355553627,-0.630750834941864,-0.12263261526823044,-0.08930690586566925,-0.7481687664985657,-0.13479146361351013,-0.11189749091863632,-0.8499619960784912,-0.1426505744457245,COLD
0.0,0.0,0.0,0.04157186672091484,-0.2823755741119385,0.0596545971930027,0.1933380514383316,-0.4504857659339905,0.09225316345691681,0.32684361934661865,-0.4472021758556366,0.11377028375864029,0.39214056730270386,-0.3497842848300934,0.12814411520957947,0.39128997921943665,-0.4752802550792694,0.018978212028741837,0.6230061650276184,-0.5217386484146118,0.04663195461034775,0.7528629302978516,-0.528437077999115,0.06497113406658173,0.8499419689178467,-0.5220651626586914,0.07103920727968216,0.45220401883125305,-0.3190043270587921,0.0021142405457794666,0.49731579422950745,-0.34699296951293945,0.0524098202586174,0.4262217581272125,-0.35139602422714233,0.08365535736083984,0.37117820978164673,-0.33620119094848633,0.09197382628917694,0.458866685628891,-0.16324009001255035,-0.004396786913275719,0.4591130316257477,-0.2347923368215561,0.05257077515125275,0.4056367874145508,-0.23676830530166626,0.07962505519390106,0.3464394211769104,-0.22042515873908997,0.07918442785739899,0.4431034028530121,-0.046143077313899994,-0.0076377722434699535,0.4417347013950348,-0.11538657546043396,0.0455051027238369,0.39964497089385986,-0.11344810575246811,0.07872631400823593,0.3468988239765167,-0.09749484807252884,0.09555302560329437,0.0,0.0,0.0,-0.12932026386260986,-0.16053807735443115,-0.009262019768357277,-0.14961811900138855,-0.35538825392723083,-0.013652163557708263,-0.1413833647966385,-0.48620471358299255,-0.025272807106375694,-0.11312329769134521,-0.5557935833930969,-0.035516925156116486,0.0040247174911201,-0.5170934200286865,0.021754419431090355,-0.054685380309820175,-0.6863627433776855,-0.007489243987947702,-0.10586484521627426,-0.8188077807426453,-0.03845759108662605,-0.14260192215442657,-0.9318140745162964,-0.06368394196033478,0.03242603689432144,-0.5160986185073853,-0.0034399693831801414,-0.04898078367114067,-0.7126368284225464,-0.035674870014190674,-0.10508020967245102,-0.8562543988227844,-0.06517405062913895,-0.13974173367023468,-0.9864900708198547,-0.08549590408802032,0.040731336921453476,-0.4922467768192291,-0.03520410135388374,-0.04774915799498558,-0.6976982951164246,-0.07342011481523514,-0.10614609718322754,-0.8391966223716736,-0.0932258665561676,-0.13720504939556122,-0.9583081603050232,-0.10405176132917404,0.021872738376259804,-0.4544113576412201,-0.07058637589216232,-0.035747721791267395,-0.6269426941871643,-0.09959110617637634,-0.07249967753887177,-0.7261313796043396,-0.10672298818826675,-0.09405036270618439,-0.8074395060539246,-0.10993631184101105,COLD
0.0,0.0,0.0,0.04220785200595856,-0.2918197512626648,0.05900020897388458,0.18735602498054504,-0.457561194896698,0.08461504429578781,0.3128332197666168,-0.4585338234901428,0.09775501489639282,0.37556689977645874,-0.36306032538414,0.10260520130395889,0.39248552918434143,-0.48030799627304077,0.011747444048523903,0.6229270100593567,-0.5206027626991272,0.03276322782039642,0.7567160725593567,-0.5241827368736267,0.04653440788388252,0.8552578687667847,-0.5157845616340637,0.05000331625342369,0.4540177285671234,-0.32132166624069214,-0.008386597968637943,0.4924072325229645,-0.33505305647850037,0.033811960369348526,0.4228052496910095,-0.3396818935871124,0.06273029744625092,0.3658120036125183,-0.32810989022254944,0.07050996273756027,0.46034079790115356,-0.16248197853565216,-0.017889607697725296,0.45181769132614136,-0.22296062111854553,0.032740719616413116,0.3982001543045044,-0.2250099778175354,0.060890451073646545,0.3390631079673767,-0.2118147909641266,0.06272507458925247,0.4461592733860016,-0.045180048793554306,-0.02444208785891533,0.4345766007900238,-0.10160940885543823,0.027616526931524277,0.38846904039382935,-0.09877959638834,0.0637269988656044,0.3350772261619568,-0.08562100678682327,0.08346165716648102,0.0,0.0,0.0,-0.13335300981998444,-0.16344790160655975,-0.0010865789372473955,-0.1429876685142517,-0.3617892861366272,-0.003326150355860591,-0.12436696887016296,-0.48881012201309204,-0.015042699873447418,-0.09616430103778839,-0.5544922351837158,-0.027210993692278862,0.011764130555093288,-0.5183078050613403,0.02306264080107212,-0.045002661645412445,-0.6913847923278809,-0.0019196978537365794,-0.0920519232749939,-0.8203107118606567,-0.028812792152166367,-0.12045198678970337,-0.9333487153053284,-0.05234524607658386,0.04370635747909546,-0.5170286297798157,-0.008625470101833344,-0.042004458606243134,-0.7185127139091492,-0.037741053849458694,-0.09864871203899384,-0.859959065914154,-0.0647062435746193,-0.12952014803886414,-0.9879897832870483,-0.08426565676927567,0.05661743879318237,-0.4855080246925354,-0.045706626027822495,-0.041410960257053375,-0.6970683336257935,-0.08442556858062744,-0.09823659807443619,-0.8368950486183167,-0.10202872008085251,-0.12400606274604797,-0.9556313157081604,-0.11154075711965561,0.03817569464445114,-0.4359266757965088,-0.08552737534046173,-0.026449553668498993,-0.6176192760467529,-0.1173388808965683,-0.06151438131928444,-0.7117745876312256,-0.12214479595422745,-0.07786427438259125,-0.7824813723564148,-0.1238584965467453,COLD
0.0,0.0,0.0,0.04503164067864418,-0.29211995005607605,0.05492556840181351,0.19424137473106384,-0.45946282148361206,0.079665407538414,0.32465365529060364,-0.45558369159698486,0.09346835315227509,0.3906734585762024,-0.35973256826400757,0.09920452535152435,0.39364492893218994,-0.46697860956192017,0.007745515089482069,0.6244438290596008,-0.5129373073577881,0.02588104084134102,0.7584875822067261,-0.5188418626785278,0.03705763816833496,0.8583812117576599,-0.5114918351173401,0.03946789726614952,0.4528047740459442,-0.30086076259613037,-0.009219610132277012,0.4990639388561249,-0.35087302327156067,0.03495835140347481,0.43052953481674194,-0.3630172610282898,0.06704345345497131,0.37577950954437256,-0.34494033455848694,0.07653691619634628,0.45697349309921265,-0.1449289619922638,-0.01658564992249012,0.4550241231918335,-0.23353177309036255,0.03559022769331932,0.4016731381416321,-0.24470344185829163,0.06475678831338882,0.34052255749702454,-0.22765135765075684,0.06691873073577881,0.4398098886013031,-0.03125270828604698,-0.02127755805850029,0.43109509348869324,-0.10938785970211029,0.03235689178109169,0.3857101500034332,-0.11177383363246918,0.0689677819609642,0.33171215653419495,-0.0951828733086586,0.08821281045675278,0.0,0.0,0.0,-0.13002976775169373,-0.1579454392194748,0.021737881004810333,-0.1440655142068863,-0.35583409667015076,0.03600125014781952,-0.1301259696483612,-0.4856606125831604,0.03626399114727974,-0.10349766165018082,-0.5620272159576416,0.03624464198946953,0.0025589338038116693,-0.5304043292999268,0.06546461582183838,-0.049683280289173126,-0.6992215514183044,0.05277223512530327,-0.09860343486070633,-0.8297709822654724,0.0342487171292305,-0.1296878159046173,-0.9395544528961182,0.015620206482708454,0.03507470712065697,-0.532226026058197,0.022994311526417732,-0.04285171255469322,-0.7262224555015564,0.00328668300062418,-0.10043581575155258,-0.8671238422393799,-0.01764015667140484,-0.1339743584394455,-0.9904375076293945,-0.032930709421634674,0.048705656081438065,-0.5092485547065735,-0.026213625445961952,-0.042261555790901184,-0.7204189896583557,-0.06198938563466072,-0.10148944705724716,-0.8641090393066406,-0.07791963219642639,-0.13046827912330627,-0.9864578247070312,-0.08491342514753342,0.03417423367500305,-0.47673261165618896,-0.07680322229862213,-0.03692976012825966,-0.6865021586418152,-0.11650872230529785,-0.08516374975442886,-0.8123141527175903,-0.12957745790481567,-0.11536671221256256,-0.9132044911384583,-0.1351063996553421,COLD
0.0,0.0,0.0,0.043735917657613754,-0.2990107834339142,0.06351079046726227,0.18956664204597473,-0.46248719096183777,0.09350650757551193,0.3172374367713928,-0.4622240364551544,0.11203749477863312,0.38010087609291077,-0.3613826036453247,0.12165043503046036,0.3862844407558441,-0.46926867961883545,0.017309529706835747,0.6183720231056213,-0.5151392221450806,0.040133699774742126,0.7532752156257629,-0.5206835269927979,0.05343757942318916,0.8562435507774353,-0.5133827924728394,0.05731526389718056,0.44792109727859497,-0.3045966625213623,0.00013940833741798997,0.496427446603775,-0.35736769437789917,0.05362895131111145,0.4238854646682739,-0.37352707982063293,0.09060374647378922,0.3654760420322418,-0.35710060596466064,0.10234138369560242,0.45303502678871155,-0.14656458795070648,-0.006906092632561922,0.45164135098457336,-0.23797740042209625,0.05363393947482109,0.3950805962085724,-0.24888424575328827,0.08345523476600647,0.3323309123516083,-0.2297109067440033,0.08454430103302002,0.43709930777549744,-0.029363838955760002,-0.010308913886547089,0.42578834295272827,-0.10971492528915405,0.0491885207593441,0.3790915012359619,-0.11261405795812607,0.08595491945743561,0.3238900899887085,-0.09416451305150986,0.10427017509937286,0.0,0.0,0.0,-0.13239099085330963,-0.16248774528503418,0.011321663856506348,-0.14537425339221954,-0.3566357493400574,0.024472594261169434,-0.13122087717056274,-0.48916831612586975,0.028030529618263245,-0.10070262104272842,-0.5644293427467346,0.03151369094848633,0.00766722159460187,-0.5068398118019104,0.04357781633734703,-0.046496178954839706,-0.6819947957992554,0.025344934314489365,-0.09778307378292084,-0.8170533776283264,0.005590619519352913,-0.13242779672145844,-0.9287023544311523,-0.012552845291793346,0.038304395973682404,-0.508409321308136,0.009707657620310783,-0.035207606852054596,-0.7127786874771118,-0.01859757862985134,-0.09455755352973938,-0.8592788577079773,-0.04340933635830879,-0.1305892914533615,-0.9896320104598999,-0.05979152023792267,0.04949405789375305,-0.48878005146980286,-0.029931310564279556,-0.03425418213009834,-0.7064963579177856,-0.07341098040342331,-0.09530466794967651,-0.8564600944519043,-0.09672113507986069,-0.12619760632514954,-0.982688307762146,-0.10694708675146103,0.03207174688577652,-0.46013861894607544,-0.070379838347435,-0.03402012214064598,-0.6653926372528076,-0.11559604853391647,-0.0811990424990654,-0.7894405126571655,-0.13406676054000854,-0.10913167148828506,-0.8870378136634827,-0.14261221885681152,COLD
0.0,0.0,0.0,0.040551234036684036,-0.30197450518608093,0.06490582227706909,0.18847736716270447,-0.46496662497520447,0.09714541584253311,0.3236142694950104,-0.46153828501701355,0.11694256961345673,0.3947943449020386,-0.3560633063316345,0.12844347953796387,0.38735607266426086,-0.47412556409835815,0.031019017100334167,0.6173931956291199,-0.5184014439582825,0.06078126281499863,0.7489206790924072,-0.5249201059341431,0.07799093425273895,0.8499932885169983,-0.5200846195220947,0.08380556106567383,0.4461483061313629,-0.31270670890808105,0.013289286755025387,0.5060409307479858,-0.3490385115146637,0.06925621628761292,0.43462073802948,-0.3603878617286682,0.10414178669452667,0.3734808564186096,-0.3463290333747864,0.1152741014957428,0.45027637481689453,-0.15325477719306946,0.0055694798938930035,0.45717084407806396,-0.2279764860868454,0.06753223389387131,0.40053603053092957,-0.23686400055885315,0.09500095248222351,0.3369375467300415,-0.22062885761260986,0.0950508862733841,0.4352881610393524,-0.03253953158855438,0.001563678844831884,0.43077552318573,-0.10040982812643051,0.06408581137657166,0.38479864597320557,-0.10080914199352264,0.10102161020040512,0.33018678426742554,-0.0829000398516655,0.11919108778238297,0.0,0.0,0.0,-0.12955999374389648,-0.1653638780117035,0.024172775447368622,-0.14562126994132996,-0.35861533880233765,0.04420733079314232,-0.13493862748146057,-0.48579517006874084,0.05233211815357208,-0.11097606271505356,-0.5561355948448181,0.059479180723428726,-0.009200596250593662,-0.508922278881073,0.05369681864976883,-0.05775574967265129,-0.6865406632423401,0.03598601743578911,-0.104193776845932,-0.8269280791282654,0.01818648725748062,-0.13540808856487274,-0.9400229454040527,0.001536892494186759,0.02300393581390381,-0.5094642639160156,0.014306490309536457,-0.04818064719438553,-0.7106570601463318,-0.014323743991553783,-0.10134831815958023,-0.8589748740196228,-0.03707846626639366,-0.13664139807224274,-0.9892948269844055,-0.05123366788029671,0.040667396038770676,-0.48828980326652527,-0.030311614274978638,-0.04137222841382027,-0.699673056602478,-0.07323747128248215,-0.09585461765527725,-0.8507336974143982,-0.09461455792188644,-0.12752540409564972,-0.9818648099899292,-0.10371194034814835,0.03622502088546753,-0.4565739035606384,-0.07480538636445999,-0.025245144963264465,-0.6515529155731201,-0.12216856330633163,-0.06612592935562134,-0.7720796465873718,-0.1424219161272049,-0.09307608753442764,-0.8727002143859863,-0.15218068659305573,COLD
0.0,0.0,0.0,0.04816221818327904,-0.29033610224723816,0.04441683366894722,0.19956357777118683,-0.45311450958251953,0.05984896048903465,0.33935195207595825,-0.4434310495853424,0.06626333296298981,0.41250404715538025,-0.34104272723197937,0.06603982299566269,0.3823755085468292,-0.4673125445842743,-0.012519882060587406,0.6196256279945374,-0.5111457109451294,-0.006126612424850464,0.7568918466567993,-0.5150172114372253,-0.0008219067822210491,0.8606805801391602,-0.5091422200202942,-0.0018256837502121925,0.44097068905830383,-0.29901984333992004,-0.029465293511748314,0.5268266201019287,-0.33971402049064636,0.00013060576748102903,0.4581074118614197,-0.3474261164665222,0.03164760768413544,0.39467212557792664,-0.3307228684425354,0.04443689063191414,0.4492780566215515,-0.139043927192688,-0.03751650080084801,0.47023165225982666,-0.21893560886383057,0.004795606713742018,0.4169127345085144,-0.22530324757099152,0.03931768238544464,0.3537232279777527,-0.20417891442775726,0.04779541864991188,0.43382763862609863,-0.015393965877592564,-0.043801210820674896,0.44045746326446533,-0.09490010142326355,0.0025354092940688133,0.3959154486656189,-0.0977785587310791,0.041445206850767136,0.3422177731990814,-0.07954412698745728,0.06378202140331268,0.0,0.0,0.0,-0.1263117641210556,-0.15826047956943512,0.03927914425730705,-0.15063101053237915,-0.3547877073287964,0.06311748921871185,-0.14075112342834473,-0.49030014872550964,0.06784623861312866,-0.10570076107978821,-0.5254920125007629,0.06865333020687103,-0.021669596433639526,-0.5173833966255188,0.0896010547876358,-0.06823096424341202,-0.6903727650642395,0.08755944669246674,-0.11253310739994049,-0.8194079399108887,0.07513266056776047,-0.14202550053596497,-0.9309249520301819,0.058253150433301926,0.013852782547473907,-0.5177235007286072,0.03604566305875778,-0.05322171002626419,-0.7068710923194885,0.018099769949913025,-0.10388866066932678,-0.8555136919021606,-0.007759164087474346,-0.1375676840543747,-0.9839003682136536,-0.02634204737842083,0.03649711608886719,-0.492481529712677,-0.022849055007100105,-0.04311235249042511,-0.6957207322120667,-0.06160810962319374,-0.09794121980667114,-0.8532490134239197,-0.08886575698852539,-0.12892435491085052,-0.9862478971481323,-0.103409044444561,0.034223660826683044,-0.4558696746826172,-0.08077351748943329,-0.03723827749490738,-0.6637431979179382,-0.12239754945039749,-0.08240510523319244,-0.7851161360740662,-0.13966459035873413,-0.11089300364255905,-0.8787410259246826,-0.14950287342071533,COLD
0.0,0.0,0.0,0.05025815963745117,-0.28443777561187744,0.05513821169734001,0.2006552666425705,-0.4378388226032257,0.0744294598698616,0.3323001563549042,-0.4478023648262024,0.08267854154109955,0.3992772400379181,-0.35868728160858154,0.08355127274990082,0.3895283341407776,-0.4626668691635132,-0.004195631947368383,0.6245241165161133,-0.4995161294937134,0.0020808870904147625,0.7637752890586853,-0.5022131204605103,0.008357737213373184,0.8693795800209045,-0.49405357241630554,0.009491384960711002,0.4470283091068268,-0.2959299385547638,-0.025184283033013344,0.5315244793891907,-0.32063624262809753,0.00746127450838685,0.46535441279411316,-0.32393649220466614,0.043078720569610596,0.399901807308197,-0.3066829741001129,0.059008531272411346,0.45179349184036255,-0.1314171403646469,-0.03667958825826645,0.47338995337486267,-0.19972603023052216,0.008601583540439606,0.4199000895023346,-0.20227393507957458,0.04589757323265076,0.3554328978061676,-0.18289066851139069,0.05624343827366829,0.4333192706108093,-0.004811746999621391,-0.04566749185323715,0.44208744168281555,-0.06606045365333557,0.005005236249417067,0.3977352976799011,-0.0658252164721489,0.04582164064049721,0.34128955006599426,-0.05048634484410286,0.06894920021295547,0.0,0.0,0.0,-0.12573717534542084,-0.15960590541362762,0.028066853061318398,-0.14687591791152954,-0.35697248578071594,0.05237467586994171,-0.1363799273967743,-0.49050793051719666,0.0613519623875618,-0.10165390372276306,-0.5528378486633301,0.06868527829647064,-0.024703849107027054,-0.5128858089447021,0.07586251199245453,-0.06569381803274155,-0.6908512115478516,0.06603064388036728,-0.10580779612064362,-0.8259187340736389,0.050634320825338364,-0.13207009434700012,-0.9379779696464539,0.03400152176618576,0.006562912371009588,-0.5131417512893677,0.032443538308143616,-0.05100560560822487,-0.7093145251274109,0.007863547652959824,-0.09699591249227524,-0.8580600023269653,-0.019120140001177788,-0.12835709750652313,-0.9910442233085632,-0.03682103008031845,0.029679320752620697,-0.49171337485313416,-0.01714298687875271,-0.04009191319346428,-0.6957747340202332,-0.058605555444955826,-0.09108611941337585,-0.8487952947616577,-0.08748862147331238,-0.12286537885665894,-0.9782699346542358,-0.10164730995893478,0.03421016037464142,-0.4604441821575165,-0.06661691516637802,-0.028753595426678658,-0.6578807234764099,-0.11235615611076355,-0.07346291840076447,-0.7823980450630188,-0.13610179722309113,-0.10404721647500992,-0.8814610242843628,-0.14909809827804565,COLD
0.0,0.0,0.0,0.04950590059161186,-0.2887990176677704,0.04413217306137085,0.21084776520729065,-0.4460228681564331,0.05988892912864685,0.35438141226768494,-0.4443393647670746,0.06608348339796066,0.4279346466064453,-0.3464418053627014,0.06608325988054276,0.3947944641113281,-0.46057114005088806,-0.006146859377622604,0.6253795027732849,-0.4985942542552948,-0.0005369356367737055,0.762584388256073,-0.5036832690238953,0.00545863900333643,0.8668130040168762,-0.49860286712646484,0.005510954186320305,0.44772201776504517,-0.2899470329284668,-0.0243824515491724,0.5379511713981628,-0.32830339670181274,0.0018853163346648216,0.47096148133277893,-0.3335174322128296,0.034217849373817444,0.40495163202285767,-0.3146060109138489,0.049601227045059204,0.4512844979763031,-0.13020235300064087,-0.03450235351920128,0.48575255274772644,-0.20889075100421906,0.004271362442523241,0.43246591091156006,-0.2172435224056244,0.04085545614361763,0.3670945167541504,-0.1975778192281723,0.05241478979587555,0.4325685501098633,-0.009215493686497211,-0.04314693063497543,0.4527665078639984,-0.08047926425933838,0.0028040194883942604,0.41033273935317993,-0.08330109715461731,0.04261305183172226,0.3553624749183655,-0.06511494517326355,0.06569100171327591,0.0,0.0,0.0,-0.12624679505825043,-0.15971839427947998,0.03270991891622543,-0.15273667871952057,-0.3526449203491211,0.05976518243551254,-0.1415708214044571,-0.48913347721099854,0.07067818194627762,-0.1043567806482315,-0.5462222695350647,0.07933753728866577,-0.03536262363195419,-0.5035494565963745,0.08134578913450241,-0.07392154633998871,-0.6867927312850952,0.07689109444618225,-0.11174562573432922,-0.8213551044464111,0.06576315313577652,-0.13668657839298248,-0.9340614676475525,0.05155683681368828,-0.004779040813446045,-0.5043324828147888,0.035513341426849365,-0.056645963340997696,-0.7033278346061707,0.012805480509996414,-0.10125800967216492,-0.8546587228775024,-0.014170924201607704,-0.13159383833408356,-0.9885221123695374,-0.03141113370656967,0.020009079948067665,-0.4827382564544678,-0.015839392319321632,-0.04602288454771042,-0.6916475892066956,-0.059257593005895615,-0.09767624735832214,-0.8527830243110657,-0.09176197648048401,-0.13006603717803955,-0.985690712928772,-0.10722237080335617,0.02768697217106819,-0.45273929834365845,-0.06596415489912033,-0.037736449390649796,-0.6615432500839233,-0.1148604229092598,-0.08490505069494247,-0.7888451814651489,-0.14053140580654144,-0.11568593233823776,-0.8851059079170227,-0.1541253626346588,COLD
0.0,0.0,0.0,0.05036245658993721,-0.28570619225502014,0.04092070460319519,0.21737296879291534,-0.4417659342288971,0.0590679831802845,0.36234554648399353,-0.437190443277359,0.06809260696172714,0.43263277411460876,-0.3372466564178467,0.071558378636837,0.39460182189941406,-0.4628257155418396,-0.0006216331385076046,0.6267405152320862,-0.5000759959220886,0.009217523038387299,0.7624975442886353,-0.5052275061607361,0.01850329153239727,0.8655019998550415,-0.5004774332046509,0.020703895017504692,0.4458402693271637,-0.29322144389152527,-0.01782234013080597,0.5394685864448547,-0.3253055810928345,0.00762982526794076,0.47341054677963257,-0.3308805525302887,0.03823748230934143,0.4059709310531616,-0.3126269578933716,0.05406586825847626,0.44871339201927185,-0.13320527970790863,-0.027483779937028885,0.48240238428115845,-0.20540392398834229,0.010357226245105267,0.42836639285087585,-0.21190573275089264,0.04389205574989319,0.36328139901161194,-0.19217674434185028,0.054444748908281326,0.4304038882255554,-0.011015032418072224,-0.03613099455833435,0.4473528265953064,-0.07524197548627853,0.009556037373840809,0.40290525555610657,-0.07646798342466354,0.04698663204908371,0.3484002351760864,-0.05811234563589096,0.0686194896697998,0.0,0.0,0.0,-0.1213882714509964,-0.15051448345184326,0.033010371029376984,-0.14976388216018677,-0.35364586114883423,0.05996214970946312,-0.1375819444656372,-0.4910639822483063,0.06873055547475815,-0.09567175805568695,-0.5369275808334351,0.07519067078828812,-0.0355193056166172,-0.5129585266113281,0.09652094542980194,-0.07423552870750427,-0.6827102899551392,0.09612716734409332,-0.1124722808599472,-0.8161124587059021,0.08567038923501968,-0.13788068294525146,-0.9261243939399719,0.07100756466388702,-0.002901871455833316,-0.5131941437721252,0.04745028167963028,-0.054522644728422165,-0.7061251401901245,0.029316896572709084,-0.09919629991054535,-0.8558290004730225,0.0032243800815194845,-0.13262009620666504,-0.9910769462585449,-0.013362674973905087,0.024094589054584503,-0.4931926429271698,-0.008187771774828434,-0.04148188978433609,-0.6925754547119141,-0.04653584584593773,-0.0891328826546669,-0.847122848033905,-0.07424163073301315,-0.12002015858888626,-0.9810935854911804,-0.086506187915802,0.03203488886356354,-0.46484240889549255,-0.0638495460152626,-0.036191120743751526,-0.671523928642273,-0.10610742121934891,-0.08078581094741821,-0.801491916179657,-0.12670114636421204,-0.10942132025957108,-0.9063553810119629,-0.1372280716896057,COLD
0.0,0.0,0.0,0.05558355897665024,-0.2777351438999176,0.04466810077428818,0.21862325072288513,-0.4195583164691925,0.056250087916851044,0.36352118849754333,-0.415243923664093,0.058929529041051865,0.44588470458984375,-0.3264358341693878,0.05609862878918648,0.3909541964530945,-0.4677693247795105,-0.01669762097299099,0.6294298768043518,-0.49731361865997314,-0.010707241483032703,0.7664384245872498,-0.4979321360588074,-0.002070826478302479,0.8709135055541992,-0.49143633246421814,0.0002223876363132149,0.441124826669693,-0.3086082935333252,-0.036164890974760056,0.551166296005249,-0.29985660314559937,-0.008747793734073639,0.48589569330215454,-0.29494670033454895,0.025534361600875854,0.4195328950881958,-0.28564172983169556,0.04133718088269234,0.4471219480037689,-0.14564663171768188,-0.04619833081960678,0.4936096966266632,-0.18245618045330048,-0.0019829552620649338,0.4375608265399933,-0.18125483393669128,0.0388730950653553,0.3736330270767212,-0.1714608073234558,0.050729695707559586,0.4336516559123993,-0.013705731369554996,-0.05513544753193855,0.45223763585090637,-0.054063983261585236,8.654006524011493e-05,0.40442636609077454,-0.04888421297073364,0.04472573101520538,0.3526080548763275,-0.03904372453689575,0.06906203925609589,0.0,0.0,0.0,-0.12712529301643372,-0.15764257311820984,0.03644426167011261,-0.15525107085704803,-0.3550781011581421,0.06335601210594177,-0.14399190247058868,-0.4910256862640381,0.07211276143789291,-0.10254725813865662,-0.5460808277130127,0.07798860222101212,-0.04549247771501541,-0.5016714930534363,0.09026053547859192,-0.08099491149187088,-0.6901571750640869,0.09022840112447739,-0.11613840609788895,-0.823758065700531,0.08152046799659729,-0.13872015476226807,-0.9368962645530701,0.0686916932463646,-0.014927036128938198,-0.5043190717697144,0.041517309844493866,-0.06321960687637329,-0.7057656049728394,0.022938156500458717,-0.1041862890124321,-0.8570125699043274,-0.0034528595861047506,-0.132359117269516,-0.9909909963607788,-0.0204409658908844,0.013223282992839813,-0.48358598351478577,-0.01257338747382164,-0.049206290394067764,-0.6931309700012207,-0.050299495458602905,-0.09787974506616592,-0.8539167642593384,-0.0815698578953743,-0.12954990565776825,-0.9857023358345032,-0.09737884998321533,0.027507204562425613,-0.45451244711875916,-0.06544557213783264,-0.03590303286910057,-0.6601959466934204,-0.10424952208995819,-0.07875461131334305,-0.7802077531814575,-0.12349287420511246,-0.10639255493879318,-0.8703007698059082,-0.13410241901874542,COLD
0.0,0.0,0.0,0.05894068256020546,-0.2829204201698303,0.049053486436605453,0.2199358493089676,-0.4334155023097992,0.06382184475660324,0.36061611771583557,-0.42114925384521484,0.06895268708467484,0.43793755769729614,-0.31672102212905884,0.06800594180822372,0.3949105143547058,-0.46765655279159546,-0.011157767847180367,0.631584107875824,-0.5008797645568848,-0.003573167370632291,0.7667684555053711,-0.5025861263275146,0.007447465788573027,0.8691132068634033,-0.4944750964641571,0.011682052165269852,0.44605666399002075,-0.3052714169025421,-0.03024066798388958,0.5531825423240662,-0.3149261176586151,-0.00011071324843214825,0.48640966415405273,-0.31388846039772034,0.03798779472708702,0.4192391633987427,-0.2985648810863495,0.05641248822212219,0.4507604241371155,-0.14520616829395294,-0.04020996019244194,0.49403080344200134,-0.19397632777690887,0.0054040285758674145,0.43961313366889954,-0.19688741862773895,0.045665547251701355,0.3757118284702301,-0.18155507743358612,0.057286497205495834,0.4376224875450134,-0.019296614453196526,-0.0484456904232502,0.45124900341033936,-0.0682424008846283,0.005946807563304901,0.4060423672199249,-0.06632529944181442,0.04788319021463394,0.3556617796421051,-0.053274963051080704,0.07035357505083084,0.0,0.0,0.0,-0.12486870586872101,-0.15677699446678162,0.022645846009254456,-0.15227292478084564,-0.36064067482948303,0.043137356638908386,-0.14033830165863037,-0.5055109858512878,0.04816284775733948,-0.0958121195435524,-0.5377981066703796,0.050999511033296585,-0.0385865643620491,-0.5051623582839966,0.07656672596931458,-0.07517865300178528,-0.6944847106933594,0.07327019423246384,-0.11119391024112701,-0.8314884305000305,0.06171182915568352,-0.1357598453760147,-0.9467990398406982,0.04687648266553879,-0.005200967192649841,-0.5033754110336304,0.033458463847637177,-0.056364599615335464,-0.7022230625152588,0.011727592907845974,-0.09965603053569794,-0.8560271263122559,-0.01633545756340027,-0.13208167254924774,-0.9906489849090576,-0.034189872443675995,0.023538492619991302,-0.4797004461288452,-0.01553308591246605,-0.03939606249332428,-0.6847819089889526,-0.05546648055315018,-0.09054906666278839,-0.8480257391929626,-0.08748804777860641,-0.12476541846990585,-0.9804284572601318,-0.10313979536294937,0.035252366214990616,-0.4465200901031494,-0.06448544561862946,-0.028576701879501343,-0.6488281488418579,-0.10208644717931747,-0.06990404427051544,-0.7623767256736755,-0.11893270909786224,-0.09662441164255142,-0.841128945350647,-0.12781834602355957,COLD
0.0,0.0,0.0,0.05807473510503769,-0.28754088282585144,0.043038077652454376,0.21544812619686127,-0.436222642660141,0.053521640598773956,0.35375869274139404,-0.42464467883110046,0.05404921621084213,0.4277942180633545,-0.32641759514808655,0.04892376810312271,0.3972741365432739,-0.4631396234035492,-0.016079701483249664,0.6327235102653503,-0.4944612979888916,-0.015661373734474182,0.7688575387001038,-0.4982043206691742,-0.010018768720328808,0.8707215785980225,-0.4916810393333435,-0.009682273492217064,0.44950369000434875,-0.2969359755516052,-0.037274911999702454,0.5559507012367249,-0.30380144715309143,-0.01719140075147152,0.4913259446620941,-0.30389901995658875,0.016183985397219658,0.4256282150745392,-0.28969451785087585,0.03245993331074715,0.45408645272254944,-0.1334461122751236,-0.050519607961177826,0.49799731373786926,-0.18292057514190674,-0.01499734353274107,0.44557806849479675,-0.18631881475448608,0.024411899968981743,0.38376447558403015,-0.17090389132499695,0.03723037987947464,0.4387849271297455,-0.004648205824196339,-0.0627942755818367,0.4521312117576599,-0.05400959774851799,-0.017088862136006355,0.4067917466163635,-0.05243633687496185,0.023546578362584114,0.35551637411117554,-0.03875933960080147,0.04647892341017723,0.0,0.0,0.0,-0.12072356790304184,-0.14902924001216888,0.02745971456170082,-0.15486909449100494,-0.3537929952144623,0.04996330663561821,-0.13755333423614502,-0.5002902746200562,0.05518193542957306,-0.08529768139123917,-0.5442078709602356,0.057874105870723724,-0.046656858175992966,-0.5032707452774048,0.08496224880218506,-0.08133263885974884,-0.6810603141784668,0.08419077843427658,-0.11543315649032593,-0.8168996572494507,0.07460100948810577,-0.13738365471363068,-0.9306619763374329,0.06048191711306572,-0.011739649809896946,-0.5044611096382141,0.037309430539608,-0.058470651507377625,-0.6990127563476562,0.017024876549839973,-0.10022921115159988,-0.8527423739433289,-0.010051779448986053,-0.1321537345647812,-0.9908661842346191,-0.0268258024007082,0.020015742629766464,-0.48338818550109863,-0.01638907939195633,-0.04191901907324791,-0.684686541557312,-0.05843435600399971,-0.08855282515287399,-0.8474169373512268,-0.0892832800745964,-0.12092054635286331,-0.9855283498764038,-0.10283811390399933,0.035279445350170135,-0.45145243406295776,-0.06988272815942764,-0.031053051352500916,-0.6629833579063416,-0.11245593428611755,-0.07431422919034958,-0.7906215190887451,-0.1316477209329605,-0.10317578911781311,-0.8876183032989502,-0.14093151688575745,COLD
0.0,0.0,0.0,0.06009142845869064,-0.2822824716567993,0.04025883227586746,0.2148866206407547,-0.42356544733047485,0.045893795788288116,0.3542756736278534,-0.41339412331581116,0.041921354830265045,0.43369585275650024,-0.31898990273475647,0.03325137495994568,0.4003251791000366,-0.47209033370018005,-0.020898563787341118,0.6355315446853638,-0.4949704110622406,-0.023619960993528366,0.7724303603172302,-0.49294543266296387,-0.020657271146774292,0.875483512878418,-0.48272618651390076,-0.022448062896728516,0.4520261287689209,-0.3091678321361542,-0.044131968170404434,0.560411274433136,-0.28583359718322754,-0.02959141694009304,0.49474331736564636,-0.27641433477401733,-0.00032428448321297765,0.42838406562805176,-0.2680719792842865,0.013284189626574516,0.45839443802833557,-0.14109084010124207,-0.05921877175569534,0.50722336769104,-0.1630498468875885,-0.027351804077625275,0.45116809010505676,-0.1605769544839859,0.013167613185942173,0.38777562975883484,-0.15219402313232422,0.026760075241327286,0.4437991678714752,-0.0038807308301329613,-0.0737912729382515,0.4596169590950012,-0.03630678728222847,-0.031037159264087677,0.41035664081573486,-0.03161744400858879,0.010589765384793282,0.3582287132740021,-0.023884691298007965,0.034898385405540466,0.0,0.0,0.0,-0.11740788072347641,-0.15081249177455902,0.018249839544296265,-0.15008381009101868,-0.3525258004665375,0.03504527360200882,-0.13486170768737793,-0.49985039234161377,0.036357372999191284,-0.07816831767559052,-0.5441597700119019,0.035815782845020294,-0.0403621532022953,-0.49457570910453796,0.07147955894470215,-0.07680197060108185,-0.6788541674613953,0.0637122392654419,-0.11263379454612732,-0.8172304630279541,0.04850751906633377,-0.13722148537635803,-0.9325500130653381,0.031453657895326614,-0.008089344017207623,-0.49879929423332214,0.029139894992113113,-0.057845279574394226,-0.6964736580848694,0.006434883922338486,-0.09881967306137085,-0.8520570993423462,-0.022979600355029106,-0.13197296857833862,-0.9903572797775269,-0.04213690012693405,0.02200811542570591,-0.483391672372818,-0.0194765105843544,-0.03964950516819954,-0.6861689686775208,-0.05887019634246826,-0.08500517904758453,-0.8439209461212158,-0.0894625186920166,-0.11844442784786224,-0.9766024947166443,-0.10410740226507187,0.03889908641576767,-0.45757579803466797,-0.06896218657493591,-0.025725388899445534,-0.6646321415901184,-0.10807645320892334,-0.06818569451570511,-0.7902846932411194,-0.1263507455587387,-0.09951463341712952,-0.8873770833015442,-0.1356172114610672,COLD
0.0,0.0,0.0,0.06557342410087585,-0.28315308690071106,0.049640268087387085,0.22654524445533752,-0.4200984537601471,0.06322181224822998,0.36087530851364136,-0.40413323044776917,0.0652066022157669,0.437617689371109,-0.306191086769104,0.061805982142686844,0.40801486372947693,-0.47164326906204224,-0.0021901512518525124,0.6403512358665466,-0.4928825795650482,0.003957854583859444,0.7739719748497009,-0.4926295280456543,0.01207744050770998,0.8757973313331604,-0.48249340057373047,0.013380422256886959,0.45862168073654175,-0.3064216673374176,-0.027135884389281273,0.5701318383216858,-0.28858304023742676,-0.0025109057314693928,0.505750298500061,-0.2786314785480499,0.02937150001525879,0.43897441029548645,-0.26666727662086487,0.04401746392250061,0.46225887537002563,-0.13673076033592224,-0.04372330754995346,0.5127679705619812,-0.1647554486989975,-0.002356559270992875,0.45776793360710144,-0.1636098474264145,0.03693076968193054,0.3936408758163452,-0.15471915900707245,0.04795875400304794,0.4447222352027893,4.278941196389496e-05,-0.059355478733778,0.4584844410419464,-0.033854205161333084,-0.009650560095906258,0.40990516543388367,-0.03225327655673027,0.03087673708796501,0.3556474447250366,-0.026635760441422462,0.05269904434680939,0.0,0.0,0.0,-0.11680102348327637,-0.15917150676250458,0.02414919063448906,-0.1465664505958557,-0.35834166407585144,0.04058132320642471,-0.13143321871757507,-0.5047119855880737,0.039119403809309006,-0.0730976015329361,-0.5528752207756042,0.035480424761772156,-0.04589056596159935,-0.4988720417022705,0.08188585191965103,-0.07710100710391998,-0.6861193776130676,0.07607323676347733,-0.11002576351165771,-0.8218210935592651,0.06133972108364105,-0.1330939084291458,-0.9367940425872803,0.04460986703634262,-0.014144633896648884,-0.5039276480674744,0.03532489016652107,-0.057363808155059814,-0.7030572295188904,0.015846634283661842,-0.09520590305328369,-0.8572036027908325,-0.013314250856637955,-0.12465556710958481,-0.9916601181030273,-0.032728925347328186,0.01687980815768242,-0.48842427134513855,-0.01768733747303486,-0.038672901690006256,-0.6953761577606201,-0.05272693932056427,-0.08183161169290543,-0.8537468910217285,-0.08250916749238968,-0.11182322353124619,-0.9822890162467957,-0.09767930209636688,0.0354173481464386,-0.4630325734615326,-0.07147154211997986,-0.027585290372371674,-0.671895444393158,-0.10463124513626099,-0.06751333177089691,-0.7978426814079285,-0.11972953379154205,-0.09460072964429855,-0.8930661082267761,-0.12767605483531952,COLD
0.0,0.0,0.0,0.07688842713832855,-0.2960035502910614,0.03491009771823883,0.24947264790534973,-0.4298466145992279,0.04333120957016945,0.3948095142841339,-0.4020986557006836,0.04464877396821976,0.4717836081981659,-0.2936084270477295,0.041938986629247665,0.40152233839035034,-0.4715520739555359,-0.02425818145275116,0.6380137205123901,-0.5040961503982544,-0.025367580354213715,0.7709290981292725,-0.5018956661224365,-0.020123206079006195,0.8731846213340759,-0.48701679706573486,-0.01906019262969494,0.4500584006309509,-0.30060240626335144,-0.041609250009059906,0.5799267292022705,-0.3051413297653198,-0.026532026007771492,0.5133565664291382,-0.30614665150642395,0.005852907430380583,0.44217580556869507,-0.2923107147216797,0.02443161979317665,0.4581751227378845,-0.12950554490089417,-0.05119141563773155,0.5299764275550842,-0.16754880547523499,-0.015577997080981731,0.4722209870815277,-0.17824214696884155,0.025863559916615486,0.40457800030708313,-0.16699180006980896,0.04226382076740265,0.44449710845947266,0.012183932587504387,-0.06057855486869812,0.47963252663612366,-0.033296145498752594,-0.009720542468130589,0.43509796261787415,-0.04124206304550171,0.03451921418309212,0.38308602571487427,-0.02828199788928032,0.06044173613190651,0.0,0.0,0.0,-0.12518204748630524,-0.15494082868099213,0.02062564715743065,-0.1635294109582901,-0.35195451974868774,0.035038165748119354,-0.14878636598587036,-0.49515068531036377,0.03155699372291565,-0.0857614129781723,-0.5441288352012634,0.025815438479185104,-0.0648791491985321,-0.5095819234848022,0.0905941054224968,-0.09055081754922867,-0.6837812066078186,0.08575233072042465,-0.12250906229019165,-0.8129322528839111,0.06770501285791397,-0.14632081985473633,-0.9260653853416443,0.04728095233440399,-0.028728317469358444,-0.5154278874397278,0.044447045773267746,-0.06586533039808273,-0.7056165933609009,0.02871013805270195,-0.10182120651006699,-0.8568603992462158,-0.003540568519383669,-0.13171632587909698,-0.9908987879753113,-0.02775789238512516,0.005945728626102209,-0.5003513097763062,-0.009423995390534401,-0.04007551446557045,-0.6990000009536743,-0.04349547624588013,-0.08347080647945404,-0.8588656783103943,-0.07854749262332916,-0.11627411097288132,-0.985689103603363,-0.09928345680236816,0.030649958178400993,-0.47583526372909546,-0.06456425040960312,-0.02304406277835369,-0.6733248233795166,-0.09756024926900864,-0.06068766862154007,-0.7939422130584717,-0.1153208389878273,-0.09003760665655136,-0.8851960301399231,-0.12670525908470154,COLD
0.0,0.0,0.0,0.07395728677511215,-0.2817988395690918,0.04162870720028877,0.24731366336345673,-0.41461271047592163,0.051060985773801804,0.3928190767765045,-0.3948621451854706,0.05156460404396057,0.468956857919693,-0.28963160514831543,0.04805384576320648,0.400253027677536,-0.4733637571334839,-0.016058508306741714,0.6341034770011902,-0.5012364983558655,-0.017585452646017075,0.7691106796264648,-0.49999186396598816,-0.013699608854949474,0.8725269436836243,-0.48835304379463196,-0.014426414854824543,0.44983768463134766,-0.3082455098628998,-0.03923188894987106,0.5859028697013855,-0.2876250743865967,-0.026668457314372063,0.5213878750801086,-0.2799752354621887,0.002688525477424264,0.44865646958351135,-0.2727218568325043,0.0190779697149992,0.45887291431427,-0.13753315806388855,-0.054240938276052475,0.5350550413131714,-0.15799124538898468,-0.018846916034817696,0.4810533821582794,-0.16168631613254547,0.02322259359061718,0.4143145680427551,-0.15543653070926666,0.038726769387722015,0.44577735662460327,0.004542604088783264,-0.06904115527868271,0.47974729537963867,-0.026924418285489082,-0.018809618428349495,0.4347473978996277,-0.03066740185022354,0.025102443993091583,0.38187310099601746,-0.024493040516972542,0.04979916289448738,0.0,0.0,0.0,-0.12243729084730148,-0.15646156668663025,0.023096967488527298,-0.15989544987678528,-0.3610934913158417,0.040118809789419174,-0.1437242329120636,-0.5102153420448303,0.038567643612623215,-0.08145680278539658,-0.5531640648841858,0.03416501730680466,-0.07094251364469528,-0.5081000924110413,0.09337868541479111,-0.09736856818199158,-0.6907190680503845,0.09142070263624191,-0.1257016509771347,-0.8201540112495422,0.07562048733234406,-0.14559991657733917,-0.9343581199645996,0.0561443567276001,-0.03433458134531975,-0.5128145217895508,0.046411726623773575,-0.07292507588863373,-0.7057281136512756,0.031689904630184174,-0.10685721784830093,-0.8563230633735657,0.00018238199118059129,-0.13413257896900177,-0.9906848669052124,-0.023493357002735138,0.0033347446005791426,-0.4929029643535614,-0.00802551954984665,-0.043922364711761475,-0.69523686170578,-0.04092485457658768,-0.08774024993181229,-0.8553913831710815,-0.07545134425163269,-0.12055754661560059,-0.9834675192832947,-0.09643985331058502,0.03267596289515495,-0.46391865611076355,-0.0635201558470726,-0.02388496696949005,-0.6586745977401733,-0.0947549119591713,-0.06137647479772568,-0.7763359546661377,-0.11184525489807129,-0.08814730495214462,-0.8649242520332336,-0.12372860312461853,COLD
0.0,0.0,0.0,0.07686074078083038,-0.2799103260040283,0.04424009472131729,0.24979041516780853,-0.4109313488006592,0.05318617820739746,0.39662453532218933,-0.39080947637557983,0.05259938910603523,0.4780062139034271,-0.29171323776245117,0.047549594193696976,0.39915895462036133,-0.46870023012161255,-0.014576790854334831,0.632986307144165,-0.49558764696121216,-0.015052879229187965,0.768680214881897,-0.49489137530326843,-0.01034592092037201,0.8727250695228577,-0.48810192942619324,-0.010367479175329208,0.44827374815940857,-0.30514973402023315,-0.039280906319618225,0.5889062285423279,-0.282840371131897,-0.024443622678518295,0.5240209698677063,-0.27390334010124207,0.005242343991994858,0.45152270793914795,-0.26876622438430786,0.021165400743484497,0.4580029249191284,-0.13410553336143494,-0.05540379136800766,0.5435185432434082,-0.1519281417131424,-0.01959824375808239,0.4891076683998108,-0.15438532829284668,0.023094864562153816,0.42203056812286377,-0.1492757946252823,0.03895961865782738,0.445780485868454,0.009420903399586678,-0.07064937800168991,0.48552465438842773,-0.022438600659370422,-0.01739151030778885,0.43954113125801086,-0.02353319339454174,0.030044276267290115,0.3873983323574066,-0.016702817752957344,0.056795526295900345,0.0,0.0,0.0,-0.1242155134677887,-0.15541236102581024,0.013370993547141552,-0.1632367968559265,-0.3578023314476013,0.026343464851379395,-0.14184729754924774,-0.5058115124702454,0.023137573152780533,-0.07234416157007217,-0.5539488196372986,0.01814086362719536,-0.07708103209733963,-0.5080755352973938,0.08218435198068619,-0.09852434694766998,-0.6923354864120483,0.07553115487098694,-0.12449511885643005,-0.8250990509986877,0.05728188529610634,-0.14342625439167023,-0.9398069977760315,0.03749784082174301,-0.03676737844944,-0.5133888721466064,0.04068119078874588,-0.06799949705600739,-0.7067248225212097,0.023194963112473488,-0.10067077726125717,-0.8580290079116821,-0.009209534153342247,-0.12851223349571228,-0.9911797642707825,-0.03235998749732971,0.003206412773579359,-0.49499669671058655,-0.008722981438040733,-0.0393405556678772,-0.694966733455658,-0.043222323060035706,-0.0800107792019844,-0.852809488773346,-0.07787403464317322,-0.11132519692182541,-0.9783464074134827,-0.09732405841350555,0.03242859989404678,-0.46532773971557617,-0.05996893718838692,-0.02095962129533291,-0.6610280275344849,-0.0921572595834732,-0.055997222661972046,-0.7809266448020935,-0.10936131328344345,-0.08146444708108902,-0.8708934187889099,-0.11976151913404465,COLD
0.0,0.0,0.0,0.07652254402637482,-0.28623253107070923,0.04234198480844498,0.24917125701904297,-0.41683533787727356,0.0501817911863327,0.39382150769233704,-0.390552818775177,0.04815925657749176,0.47352802753448486,-0.283014714717865,0.042022302746772766,0.39838412404060364,-0.4702979326248169,-0.01323529053479433,0.6323398947715759,-0.49828460812568665,-0.013151366263628006,0.7672017812728882,-0.4981047511100769,-0.007700492162257433,0.8707703351974487,-0.49163132905960083,-0.007587153930217028,0.447123646736145,-0.30512747168540955,-0.038770195096731186,0.5873115062713623,-0.28813594579696655,-0.026420313864946365,0.5223516225814819,-0.27947768568992615,0.0024154079146683216,0.4494539499282837,-0.2716671824455261,0.01851535402238369,0.4567797780036926,-0.1355096697807312,-0.056136518716812134,0.5424173474311829,-0.156785249710083,-0.022100780159235,0.4878547489643097,-0.1593863070011139,0.02058304473757744,0.4207538962364197,-0.1519286185503006,0.037021346390247345,0.4442358911037445,0.006319225765764713,-0.0730949118733406,0.48687922954559326,-0.02747381664812565,-0.022245164960622787,0.4399324059486389,-0.02861141413450241,0.024620484560728073,0.3870258331298828,-0.01974979043006897,0.051523443311452866,0.0,0.0,0.0,-0.1243940219283104,-0.1601191610097885,0.023185646161437035,-0.1623643934726715,-0.36332011222839355,0.0403914712369442,-0.14435280859470367,-0.5115057229995728,0.038777563720941544,-0.07988660037517548,-0.5546573996543884,0.03468509018421173,-0.07654858380556107,-0.5129432082176208,0.0992857813835144,-0.10060626268386841,-0.689862072467804,0.09869001805782318,-0.1283530294895172,-0.8177288770675659,0.08267833292484283,-0.14846976101398468,-0.9295306205749512,0.06325545161962509,-0.037474848330020905,-0.5195224285125732,0.052287664264440536,-0.07396450638771057,-0.7093362808227539,0.04021250084042549,-0.10726606100797653,-0.8594383001327515,0.009340401738882065,-0.13533161580562592,-0.9907031655311584,-0.013881069608032703,0.0018616874003782868,-0.5001924633979797,-0.0026401279028505087,-0.04243290424346924,-0.6960898041725159,-0.03265250101685524,-0.08362164348363876,-0.8535083532333374,-0.06631471961736679,-0.11602719128131866,-0.9768008589744568,-0.08652567118406296,0.03122849389910698,-0.46956324577331543,-0.059007249772548676,-0.024105824530124664,-0.6637700200080872,-0.0878797248005867,-0.061531614512205124,-0.7822470664978027,-0.10401686280965805,-0.09008648991584778,-0.8694908618927002,-0.11492496728897095,COLD
0.0,0.0,0.0,0.08018890768289566,-0.2790679335594177,0.033606164157390594,0.25416743755340576,-0.40682369470596313,0.0347321592271328,0.40378880500793457,-0.38294363021850586,0.026879439130425453,0.4897761046886444,-0.27752354741096497,0.016487278044223785,0.4012395739555359,-0.46654704213142395,-0.020446037873625755,0.6339302062988281,-0.49027180671691895,-0.02786109782755375,0.7711541652679443,-0.4875146746635437,-0.027402879670262337,0.8761736750602722,-0.4810540974140167,-0.030111750587821007,0.4473387598991394,-0.303061306476593,-0.046181194484233856,0.5912802815437317,-0.27377644181251526,-0.04484931007027626,0.5291438102722168,-0.2567165493965149,-0.02115742675960064,0.45570653676986694,-0.24848082661628723,-0.005915325600653887,0.4562641978263855,-0.13416731357574463,-0.06477174162864685,0.5395501852035522,-0.14305469393730164,-0.039789702743291855,0.48682838678359985,-0.14010269939899445,0.0022020789328962564,0.4224327504634857,-0.13548395037651062,0.020777694880962372,0.4433410167694092,0.008270356804132462,-0.08389344811439514,0.4857289791107178,-0.014642111957073212,-0.03776500001549721,0.43813061714172363,-0.01380249485373497,0.009371512569487095,0.3866516351699829,-0.00913169514387846,0.037856221199035645,0.0,0.0,0.0,-0.12564879655838013,-0.1606210470199585,0.015030025504529476,-0.16221030056476593,-0.3585367798805237,0.02891254983842373,-0.14000748097896576,-0.5047978758811951,0.025774965062737465,-0.07164699584245682,-0.5580493807792664,0.02100542187690735,-0.07952015846967697,-0.5128104090690613,0.09317411482334137,-0.10076872259378433,-0.6946500539779663,0.08732001483440399,-0.12673825025558472,-0.8243283629417419,0.06683757901191711,-0.1460975557565689,-0.9382331371307373,0.04517332464456558,-0.039355456829071045,-0.5190501809120178,0.05174045264720917,-0.07081598043441772,-0.7112473845481873,0.037367310374975204,-0.10285978764295578,-0.8601005673408508,0.0040679979138076305,-0.13094142079353333,-0.9911686778068542,-0.02095266804099083,0.0007010746048763394,-0.5000377297401428,0.001553554437123239,-0.03876145929098129,-0.6963945031166077,-0.02729273959994316,-0.07836718112230301,-0.8497419953346252,-0.060861025005578995,-0.1093970388174057,-0.9718928337097168,-0.08183739334344864,0.03123166784644127,-0.4680590331554413,-0.051014162600040436,-0.018306884914636612,-0.6505224704742432,-0.07827446609735489,-0.05233214423060417,-0.7673843502998352,-0.0949864462018013,-0.07827118039131165,-0.8593506813049316,-0.10657688230276108,COLD
0.0,0.0,0.0,0.08191818743944168,-0.27966034412384033,0.037880707532167435,0.25489309430122375,-0.40995562076568604,0.04132549464702606,0.3985913395881653,-0.38438680768013,0.035166896879673004,0.4819255769252777,-0.27599000930786133,0.025380900129675865,0.4065203070640564,-0.46335431933403015,-0.019561372697353363,0.636538028717041,-0.48458850383758545,-0.02491631731390953,0.7743996381759644,-0.48087984323501587,-0.023686880245804787,0.8803637027740479,-0.47357186675071716,-0.026259567588567734,0.4516831636428833,-0.29946938157081604,-0.0463903546333313,0.592620849609375,-0.26896893978118896,-0.041459664702415466,0.528899610042572,-0.2562063932418823,-0.015971940010786057,0.45424288511276245,-0.2502794861793518,-0.0008319595945067704,0.4584658145904541,-0.13034608960151672,-0.06552637368440628,0.5427048206329346,-0.13736198842525482,-0.03885173425078392,0.4884759187698364,-0.13724848628044128,0.0029574488289654255,0.421764612197876,-0.13392102718353271,0.020577197894454002,0.44289252161979675,0.011502975597977638,-0.08461372554302216,0.48901599645614624,-0.010206152684986591,-0.0395335927605629,0.4403690993785858,-0.010634765960276127,0.006933044642210007,0.38544321060180664,-0.006714358925819397,0.03476964682340622,0.0,0.0,0.0,-0.12701639533042908,-0.16053110361099243,0.027023671194911003,-0.16419950127601624,-0.3609020411968231,0.04706826061010361,-0.14434413611888885,-0.5064167380332947,0.047655295580625534,-0.07901100814342499,-0.5561866760253906,0.045335378497838974,-0.08126877248287201,-0.5165996551513672,0.10771793872117996,-0.10311003774404526,-0.6961867213249207,0.10998325049877167,-0.1286487579345703,-0.8214167952537537,0.0947534516453743,-0.1477094441652298,-0.9333789944648743,0.07535075396299362,-0.04255465418100357,-0.5206306576728821,0.059385791420936584,-0.07423943281173706,-0.7110738158226013,0.05109535902738571,-0.10614902526140213,-0.8589216470718384,0.019409772008657455,-0.13432303071022034,-0.9909211993217468,-0.005699062254279852,-0.00238760351203382,-0.49882081151008606,0.003000965341925621,-0.04245968163013458,-0.6958151459693909,-0.024814482778310776,-0.0837143063545227,-0.854607343673706,-0.06060142442584038,-0.11760999262332916,-0.9822854399681091,-0.08384530991315842,0.028731688857078552,-0.4673314392566681,-0.05432528257369995,-0.02613888308405876,-0.6569525003433228,-0.08228430896997452,-0.06041628494858742,-0.7701666355133057,-0.09908271580934525,-0.08625862002372742,-0.857334315776825,-0.1115335002541542,COLD
0.0,0.0,0.0,0.07995473593473434,-0.2859569787979126,0.03687138110399246,0.2582830488681793,-0.4124935269355774,0.04298500344157219,0.40490126609802246,-0.38173696398735046,0.040128905326128006,0.4853517711162567,-0.2689073383808136,0.03349686041474342,0.40833109617233276,-0.46624210476875305,-0.014027799479663372,0.6390051245689392,-0.4803502857685089,-0.015128412283957005,0.7758732438087463,-0.47755393385887146,-0.011400431394577026,0.881919801235199,-0.47123563289642334,-0.01242061611264944,0.45449548959732056,-0.29934000968933105,-0.038028083741664886,0.5906985402107239,-0.2731419801712036,-0.028579149395227432,0.5256980657577515,-0.262877881526947,-0.0025995702017098665,0.45122262835502625,-0.2553781569004059,0.012776297517120838,0.4617966413497925,-0.1297062337398529,-0.05447852611541748,0.5440655946731567,-0.14291690289974213,-0.024748891592025757,0.4883725047111511,-0.14495480060577393,0.015267368406057358,0.42028915882110596,-0.13918520510196686,0.031807783991098404,0.4466308057308197,0.010154036805033684,-0.07085427641868591,0.4876083433628082,-0.01930115930736065,-0.023929638788104057,0.43905916810035706,-0.019750777631998062,0.021107669919729233,0.3839830756187439,-0.01147602777928114,0.0479700081050396,0.0,0.0,0.0,-0.12433549016714096,-0.15579606592655182,0.0100227240473032,-0.1607532799243927,-0.3572147488594055,0.019588114693760872,-0.13972119987010956,-0.5024328827857971,0.013632629998028278,-0.07265650480985641,-0.5550854802131653,0.005431278608739376,-0.07425331324338913,-0.5122342109680176,0.07425730675458908,-0.09803774952888489,-0.6929526925086975,0.06470060348510742,-0.1255965679883957,-0.8211021423339844,0.04468316212296486,-0.1448979526758194,-0.9328263401985168,0.023507222533226013,-0.035933881998062134,-0.5147001147270203,0.03366357833147049,-0.07155226916074753,-0.708264172077179,0.013640432618558407,-0.10488305240869522,-0.8574163913726807,-0.020100224763154984,-0.1329767256975174,-0.9901098012924194,-0.044718481600284576,0.0043889195658266544,-0.49248793721199036,-0.01495592761784792,-0.03953731805086136,-0.6925994753837585,-0.05169129744172096,-0.08211574703454971,-0.8520284295082092,-0.08844634145498276,-0.11545321345329285,-0.9792064428329468,-0.11031293869018555,0.03550328314304352,-0.4593786895275116,-0.06539744883775711,-0.019168026745319366,-0.6447915434837341,-0.0997307151556015,-0.054356176406145096,-0.761277973651886,-0.11932606250047684,-0.08042371273040771,-0.8510895371437073,-0.13227908313274384,COLD
0.0,0.0,0.0,0.08293358236551285,-0.2777862250804901,0.04713407903909683,0.2566641867160797,-0.4024440348148346,0.05579949542880058,0.3977653384208679,-0.3762495815753937,0.053486257791519165,0.478536456823349,-0.2689511179924011,0.04666171595454216,0.41785928606987,-0.46061357855796814,-0.008229055441915989,0.6500489711761475,-0.46928030252456665,-0.006622043903917074,0.785987377166748,-0.46309205889701843,-0.0009095151326619089,0.8901798129081726,-0.45560917258262634,-0.00047955612535588443,0.4622078537940979,-0.29525917768478394,-0.03655930981040001,0.595623791217804,-0.2562915086746216,-0.02039833925664425,0.5295889377593994,-0.24748356640338898,0.009433385916054249,0.45555850863456726,-0.24590492248535156,0.025306297466158867,0.46548137068748474,-0.12450490891933441,-0.05651801824569702,0.5442590713500977,-0.1261952519416809,-0.02314762957394123,0.48721253871917725,-0.12690576910972595,0.018408941105008125,0.42028138041496277,-0.1251101940870285,0.03426962345838547,0.4472661316394806,0.01571359857916832,-0.07522541284561157,0.48951151967048645,-0.0032577812671661377,-0.02499576099216938,0.4391624331474304,-0.0012575709261000156,0.022745616734027863,0.38390886783599854,0.003414115170016885,0.05050177872180939,0.0,0.0,0.0,-0.12710332870483398,-0.16290387511253357,0.01105115283280611,-0.16555333137512207,-0.359561562538147,0.02151786908507347,-0.14380981028079987,-0.501788854598999,0.016213146969676018,-0.07466896623373032,-0.552931010723114,0.008938265964388847,-0.07653464376926422,-0.5156968832015991,0.08069752156734467,-0.10063817352056503,-0.6944190859794617,0.07297356426715851,-0.12874320149421692,-0.8231226205825806,0.052903205156326294,-0.1486499160528183,-0.9366031885147095,0.03119584359228611,-0.035318851470947266,-0.5181485414505005,0.03947855904698372,-0.06937618553638458,-0.709956169128418,0.021520273759961128,-0.10483895987272263,-0.8578335046768188,-0.012709097005426884,-0.1350552886724472,-0.9901001453399658,-0.038235343992710114,0.006554114166647196,-0.4937364161014557,-0.010045142844319344,-0.03583662584424019,-0.6906561851501465,-0.045714572072029114,-0.08117979764938354,-0.8480966687202454,-0.08299338817596436,-0.1174653023481369,-0.9742223024368286,-0.10540146380662918,0.037952978163957596,-0.4560103118419647,-0.06136954575777054,-0.01694796420633793,-0.6419588923454285,-0.09509382396936417,-0.054025545716285706,-0.7555670142173767,-0.11418237537145615,-0.08204635977745056,-0.840815544128418,-0.12672321498394012,COLD
0.0,0.0,0.0,0.09247395396232605,-0.26754823327064514,0.04540999233722687,0.27035561203956604,-0.3788861334323883,0.05172044038772583,0.4101254642009735,-0.3518296182155609,0.047507431358098984,0.4871731996536255,-0.24545837938785553,0.03917093202471733,0.4231695234775543,-0.4531305730342865,-0.013977774418890476,0.6553912162780762,-0.45659810304641724,-0.01709814742207527,0.7933133840560913,-0.44797050952911377,-0.015722131356596947,0.899882972240448,-0.4357503056526184,-0.018230358138680458,0.46532872319221497,-0.2913650572299957,-0.04349358752369881,0.5988518595695496,-0.22370919585227966,-0.03425177186727524,0.531156063079834,-0.21075598895549774,-0.009225886315107346,0.4555889368057251,-0.2168581336736679,0.0043884036131203175,0.4680313766002655,-0.11715451627969742,-0.06412836909294128,0.5483459830284119,-0.09366284310817719,-0.03392242640256882,0.4874970614910126,-0.09426836669445038,0.007536035496741533,0.41933318972587585,-0.10265477001667023,0.02380920760333538,0.44810786843299866,0.03018231876194477,-0.08386371284723282,0.4899533689022064,0.030893998220562935,-0.03464888408780098,0.4369553327560425,0.028814516961574554,0.013587401248514652,0.3799082338809967,0.022752858698368073,0.042008038610219955,0.0,0.0,0.0,-0.12479522079229355,-0.15835314989089966,0.011325658299028873,-0.16518932580947876,-0.3548957407474518,0.023246316239237785,-0.143279030919075,-0.49900269508361816,0.019486945122480392,-0.07495708763599396,-0.5536383390426636,0.013737616129219532,-0.08038685470819473,-0.5052037835121155,0.0824919193983078,-0.1042531207203865,-0.6851531863212585,0.07336246222257614,-0.1320611536502838,-0.8160380721092224,0.05181363597512245,-0.1525363028049469,-0.9312735795974731,0.029780609533190727,-0.041127759963274,-0.5116859078407288,0.04270589351654053,-0.07592552155256271,-0.7024523019790649,0.024687666445970535,-0.1098209097981453,-0.8533938527107239,-0.01026455219835043,-0.13915729522705078,-0.9896162152290344,-0.0359857901930809,-0.0009525439236313105,-0.49441617727279663,-0.005355161614716053,-0.04349760338664055,-0.6901983618736267,-0.03984009474515915,-0.085067979991436,-0.8467967510223389,-0.0758112221956253,-0.11901746690273285,-0.9730092883110046,-0.09682238847017288,0.031041326001286507,-0.46393638849258423,-0.055414047092199326,-0.02130788192152977,-0.6515284776687622,-0.08766487240791321,-0.057854145765304565,-0.770012617111206,-0.1056014820933342,-0.08693217486143112,-0.863232433795929,-0.1169835776090622,COLD
0.0,0.0,0.0,0.09180030226707458,-0.2725104093551636,0.047113630920648575,0.2730775773525238,-0.3843079209327698,0.05577387660741806,0.4135105311870575,-0.35573384165763855,0.05356835946440697,0.4889509677886963,-0.2469034641981125,0.04708374664187431,0.4228062629699707,-0.4537527859210968,-0.009446430020034313,0.6557019948959351,-0.45854949951171875,-0.00962937343865633,0.7934765815734863,-0.44894129037857056,-0.005880659446120262,0.9000480771064758,-0.4357385039329529,-0.006744548212736845,0.4648378789424896,-0.2908943295478821,-0.038437146693468094,0.597504734992981,-0.22969916462898254,-0.026000771671533585,0.5303637981414795,-0.21979041397571564,-7.533762413913792e-07,0.455691933631897,-0.22428379952907562,0.014001735486090183,0.4677428901195526,-0.11714936792850494,-0.0584876574575901,0.5484381914138794,-0.10020162165164948,-0.025660835206508636,0.4893585443496704,-0.10243511945009232,0.015722298994660378,0.421599417924881,-0.10813277959823608,0.03172178193926811,0.4491943120956421,0.02807212993502617,-0.07754011452198029,0.4921315312385559,0.023986103013157845,-0.025989511981606483,0.44083577394485474,0.022402359172701836,0.0226131621748209,0.3839411735534668,0.019447240978479385,0.051073480397462845,0.0,0.0,0.0,-0.12278223782777786,-0.1545415222644806,0.007653060369193554,-0.16532279551029205,-0.3581812381744385,0.019698115065693855,-0.14247651398181915,-0.5060818791389465,0.016847513616085052,-0.07301199436187744,-0.5493921041488647,0.011957927606999874,-0.07794775813817978,-0.5155883431434631,0.08000090718269348,-0.10328149050474167,-0.68930983543396,0.07249833643436432,-0.13021206855773926,-0.819503128528595,0.052600011229515076,-0.14880788326263428,-0.9320780634880066,0.031205568462610245,-0.036048535257577896,-0.5194908976554871,0.04105107858777046,-0.07003670185804367,-0.7073749303817749,0.021662024781107903,-0.10543782263994217,-0.8556440472602844,-0.012843189761042595,-0.13609562814235687,-0.9899972081184387,-0.03719431906938553,0.006202897522598505,-0.49753233790397644,-0.006421499419957399,-0.037837639451026917,-0.6881783604621887,-0.043894246220588684,-0.08104170113801956,-0.8454594612121582,-0.08044802397489548,-0.11502021551132202,-0.9752013683319092,-0.10045746713876724,0.03665627911686897,-0.4616832435131073,-0.056105826050043106,-0.019402816891670227,-0.6518933773040771,-0.09070465713739395,-0.056605011224746704,-0.7718327641487122,-0.10939907282590866,-0.0835096687078476,-0.865871012210846,-0.12058790773153305,COLD
0.0,0.0,0.0,0.0907173827290535,-0.27080094814300537,0.05300889164209366,0.2692411541938782,-0.3783319294452667,0.06133173778653145,0.40768852829933167,-0.35208722949028015,0.057442791759967804,0.483918160200119,-0.24863234162330627,0.048883043229579926,0.42377081513404846,-0.4583921730518341,-0.0059820800088346004,0.6552796959877014,-0.46218398213386536,-0.00578950485214591,0.792485237121582,-0.45175325870513916,-0.0025979226920753717,0.8983975052833557,-0.4391668140888214,-0.0037905266508460045,0.46681973338127136,-0.297842413187027,-0.03823259100317955,0.5981902480125427,-0.22785188257694244,-0.022551661357283592,0.5326890349388123,-0.21490076184272766,0.004062302876263857,0.45873573422431946,-0.2225801944732666,0.01729360967874527,0.47027823328971863,-0.12388963997364044,-0.06096693128347397,0.5483686327934265,-0.10035870969295502,-0.024948038160800934,0.4902312159538269,-0.09889742732048035,0.01738796941936016,0.42386770248413086,-0.10680931061506271,0.032733552157878876,0.4522969722747803,0.02145714871585369,-0.08224772661924362,0.49396345019340515,0.021862776950001717,-0.027026595547795296,0.44206419587135315,0.024167736992239952,0.02402469329535961,0.3860462009906769,0.020375046879053116,0.05336558073759079,0.0,0.0,0.0,-0.1241161897778511,-0.1600295752286911,0.008682802319526672,-0.1625198870897293,-0.35371044278144836,0.018897198140621185,-0.1413557082414627,-0.49921727180480957,0.013352713547647,-0.07360266894102097,-0.5506396889686584,0.005593139212578535,-0.07774128019809723,-0.5108866691589355,0.08189097791910172,-0.09978125244379044,-0.6899864077568054,0.07262679189443588,-0.12725280225276947,-0.8205969333648682,0.05050268396735191,-0.14757674932479858,-0.9343422055244446,0.02749824896454811,-0.0378204807639122,-0.5138643980026245,0.04226956143975258,-0.06785616278648376,-0.706298291683197,0.02340717799961567,-0.10286157578229904,-0.8558098077774048,-0.0129143837839365,-0.13416412472724915,-0.9901459217071533,-0.04013901576399803,0.004524316173046827,-0.4918741285800934,-0.006131638772785664,-0.03507278859615326,-0.686758816242218,-0.04213343933224678,-0.07913541048765182,-0.8433968424797058,-0.08089525252580643,-0.11563539505004883,-0.9689368605613708,-0.10430226475000381,0.03765318542718887,-0.4573575556278229,-0.05673646926879883,-0.016209466382861137,-0.6418405771255493,-0.09100954979658127,-0.05563177168369293,-0.7567179799079895,-0.11144748330116272,-0.08696131408214569,-0.8440482020378113,-0.1249796599149704,COLD
0.0,0.0,0.0,0.09284442663192749,-0.27226385474205017,0.04658546671271324,0.2738162577152252,-0.3824934661388397,0.053389012813568115,0.4150499701499939,-0.35425201058387756,0.04925360903143883,0.4921736717224121,-0.24935516715049744,0.0412478893995285,0.420512318611145,-0.46070992946624756,-0.0094605702906847,0.6528018712997437,-0.46237537264823914,-0.010791829787194729,0.7913389205932617,-0.45193246006965637,-0.008103380911052227,0.8980172872543335,-0.43985477089881897,-0.009633578360080719,0.4634062647819519,-0.298709511756897,-0.039315178990364075,0.5956600904464722,-0.23121677339076996,-0.028139300644397736,0.5302394032478333,-0.21898548305034637,-0.003436122788116336,0.4562024772167206,-0.22532258927822113,0.00970873236656189,0.468528151512146,-0.12549443542957306,-0.060329362750053406,0.5474035143852234,-0.10269705951213837,-0.02857465110719204,0.48851078748703003,-0.10207659751176834,0.012571137398481369,0.4220958948135376,-0.1086684912443161,0.028676040470600128,0.4517744779586792,0.02000846341252327,-0.0804324671626091,0.49290165305137634,0.019037559628486633,-0.028819149360060692,0.44080546498298645,0.02109956368803978,0.020562559366226196,0.38557326793670654,0.01940365880727768,0.0498223640024662,0.0,0.0,0.0,-0.12901335954666138,-0.16610203683376312,0.0256600733846426,-0.16968217492103577,-0.3560943007469177,0.04432549700140953,-0.14921607077121735,-0.5019407272338867,0.043485287576913834,-0.0801602303981781,-0.5557634830474854,0.03926887363195419,-0.0844387337565422,-0.5082702040672302,0.10643007606267929,-0.10850536823272705,-0.6882383823394775,0.10650133341550827,-0.13584987819194794,-0.8182823657989502,0.08894413709640503,-0.15641696751117706,-0.9342933893203735,0.06778226792812347,-0.04141778126358986,-0.5131097435951233,0.05734805762767792,-0.07371557503938675,-0.7062840461730957,0.0463988371193409,-0.10973246395587921,-0.8569048643112183,0.01098125334829092,-0.14188650250434875,-0.9897415041923523,-0.01673622615635395,0.002746501937508583,-0.4902879297733307,0.00023955263895913959,-0.03873055800795555,-0.6852390170097351,-0.03134865313768387,-0.08501004427671432,-0.8448709845542908,-0.07051344960927963,-0.1235753670334816,-0.9718526005744934,-0.09528140723705292,0.035993460565805435,-0.45395639538764954,-0.057595010846853256,-0.022030582651495934,-0.6442444920539856,-0.0898665264248848,-0.06159050390124321,-0.7568097114562988,-0.10865381360054016,-0.09139630198478699,-0.8399614095687866,-0.12165264040231705,COLD
0.0,0.0,0.0,0.08736389130353928,-0.2750396132469177,0.047786276787519455,0.26742011308670044,-0.38654595613479614,0.05522230640053749,0.40932315587997437,-0.3576594889163971,0.05213680863380432,0.48655933141708374,-0.24984416365623474,0.0444699265062809,0.41330641508102417,-0.4639512002468109,-0.014005133882164955,0.649483859539032,-0.46667858958244324,-0.014683645218610764,0.7884793281555176,-0.4558021128177643,-0.010346492752432823,0.8963386416435242,-0.4432466924190521,-0.010461267083883286,0.45847728848457336,-0.3002881109714508,-0.04264622554183006,0.5930301547050476,-0.2394430786371231,-0.02798536606132984,0.5284621119499207,-0.2281419038772583,0.0005356618203222752,0.4547431468963623,-0.23227885365486145,0.015271404758095741,0.4658682644367218,-0.12560056149959564,-0.06204860657453537,0.5469158291816711,-0.10649479180574417,-0.0277349054813385,0.48895084857940674,-0.10609346628189087,0.014776294119656086,0.42089423537254333,-0.11028681695461273,0.030897732824087143,0.4522896409034729,0.02041916735470295,-0.08027781546115875,0.49617040157318115,0.015203258953988552,-0.027320269495248795,0.4435000419616699,0.017609501257538795,0.022404786199331284,0.3860895335674286,0.017713461071252823,0.05126595124602318,0.0,0.0,0.0,-0.12534350156784058,-0.15293926000595093,0.011782282963395119,-0.16731122136116028,-0.34978973865509033,0.024679364636540413,-0.1446574628353119,-0.49588337540626526,0.021784914657473564,-0.07384030520915985,-0.5528936386108398,0.01708398200571537,-0.07394719868898392,-0.5097231268882751,0.08266011625528336,-0.10044495761394501,-0.6819791793823242,0.07470279186964035,-0.13053235411643982,-0.8147010207176208,0.05535360798239708,-0.1506778448820114,-0.9284281730651855,0.034408196806907654,-0.029832135885953903,-0.5128605365753174,0.04060756415128708,-0.06584036350250244,-0.7041502594947815,0.01870049722492695,-0.10419903695583344,-0.8549633026123047,-0.016230851411819458,-0.13756638765335083,-0.989668071269989,-0.04040505364537239,0.013432841747999191,-0.4914506673812866,-0.009661526419222355,-0.03273875638842583,-0.6823516488075256,-0.050027649849653244,-0.07903946936130524,-0.8368287086486816,-0.08527357131242752,-0.11618451774120331,-0.9656621217727661,-0.1032499223947525,0.04300272837281227,-0.4552020728588104,-0.06174355000257492,-0.01510378997772932,-0.6478801965713501,-0.09927219152450562,-0.05579822510480881,-0.7710368037223816,-0.1184828132390976,-0.08596958965063095,-0.8691197633743286,-0.1290847808122635,COLD
0.0,0.0,0.0,0.08829865604639053,-0.27588212490081787,0.042831700295209885,0.2726714313030243,-0.39153558015823364,0.050592683255672455,0.41726139187812805,-0.35814905166625977,0.048765771090984344,0.4930103123188019,-0.24444788694381714,0.0431644432246685,0.4100435674190521,-0.46702083945274353,-0.01273436937481165,0.6457849740982056,-0.4691215753555298,-0.01327470038086176,0.7846231460571289,-0.46014100313186646,-0.008526483550667763,0.8928288817405701,-0.4503121078014374,-0.008688186295330524,0.45569825172424316,-0.30317291617393494,-0.03899017348885536,0.5952833890914917,-0.2444225549697876,-0.02675611898303032,0.529865562915802,-0.23315668106079102,0.00013067075633443892,0.455936461687088,-0.23807981610298157,0.014948133379220963,0.46579310297966003,-0.12997663021087646,-0.0567048005759716,0.5523388981819153,-0.11298362910747528,-0.02463497407734394,0.4945579171180725,-0.11350210756063461,0.01645496115088463,0.42666152119636536,-0.11864335834980011,0.032929256558418274,0.45447322726249695,0.015547043643891811,-0.07368774712085724,0.5013476610183716,0.005646753590553999,-0.022417133674025536,0.4514578878879547,0.008669085800647736,0.025819534435868263,0.3962549865245819,0.010471099056303501,0.054261550307273865,0.0,0.0,0.0,-0.12398450076580048,-0.15756669640541077,0.005331016611307859,-0.162730410695076,-0.34919294714927673,0.012781553901731968,-0.13876670598983765,-0.4910639524459839,0.005555674433708191,-0.07200020551681519,-0.5514623522758484,-0.0032146084122359753,-0.07694024592638016,-0.5094671249389648,0.07266461849212646,-0.10422857850790024,-0.6851552128791809,0.05824154615402222,-0.1341692954301834,-0.8168851137161255,0.03338897228240967,-0.1546153724193573,-0.9309314489364624,0.009431708604097366,-0.0360322967171669,-0.516185998916626,0.034364208579063416,-0.07300281524658203,-0.7061887979507446,0.010657496750354767,-0.10950509458780289,-0.8554562926292419,-0.026425931602716446,-0.14028245210647583,-0.9886947274208069,-0.052949611097574234,0.005852813832461834,-0.4973309636116028,-0.012541940435767174,-0.04015007242560387,-0.6907197833061218,-0.05085514858365059,-0.08357706665992737,-0.842747688293457,-0.08651246875524521,-0.11832238733768463,-0.9677504301071167,-0.10677314549684525,0.039631668478250504,-0.46266353130340576,-0.06206745654344559,-0.012831560336053371,-0.6481693983078003,-0.09763137996196747,-0.05033469200134277,-0.7685084342956543,-0.11714395135641098,-0.07973945885896683,-0.8657056093215942,-0.1289617121219635,COLD
0.0,0.0,0.0,0.09203047305345535,-0.272519588470459,0.050271328538656235,0.2722260355949402,-0.38942646980285645,0.06042789667844772,0.414467990398407,-0.3635057210922241,0.06018470972776413,0.4965953230857849,-0.256351500749588,0.055125486105680466,0.4178565740585327,-0.45301374793052673,-0.012092355638742447,0.6523836851119995,-0.4557882845401764,-0.009137553162872791,0.7909337878227234,-0.44756263494491577,-0.0014639419969171286,0.8980553150177002,-0.43988198041915894,0.0006603833753615618,0.46099719405174255,-0.29047995805740356,-0.039838243275880814,0.597075343132019,-0.2390572875738144,-0.021175622940063477,0.5313637256622314,-0.22867541015148163,0.009540945291519165,0.4573921263217926,-0.23195548355579376,0.025655077770352364,0.4667973816394806,-0.11900150030851364,-0.05792210251092911,0.5503538846969604,-0.10659166425466537,-0.02115347422659397,0.4935760498046875,-0.10708925127983093,0.021132083609700203,0.4255577623844147,-0.11040566861629486,0.037124644964933395,0.4515833854675293,0.022968854755163193,-0.07421136647462845,0.4985795021057129,0.012856869027018547,-0.019695943221449852,0.4488666355609894,0.01504420954734087,0.029794389382004738,0.3926001191139221,0.01582171767950058,0.058455079793930054,0.0,0.0,0.0,-0.13174399733543396,-0.17089049518108368,0.05545898899435997,-0.1701250821352005,-0.3512350916862488,0.08680134266614914,-0.14844481647014618,-0.48923438787460327,0.08996705710887909,-0.0853007361292839,-0.5514633059501648,0.0884992778301239,-0.09303595125675201,-0.5098769068717957,0.15802614390850067,-0.11802123486995697,-0.6888599395751953,0.16971713304519653,-0.14433839917182922,-0.8156964778900146,0.1548801213502884,-0.16378793120384216,-0.9312025308609009,0.133915975689888,-0.0496678501367569,-0.5166939496994019,0.09139607846736908,-0.08281416445970535,-0.7082366347312927,0.09189661592245102,-0.11844213306903839,-0.8602454662322998,0.056432366371154785,-0.1492033749818802,-0.9884603023529053,0.026165936142206192,-0.005634775385260582,-0.4992900788784027,0.01612977124750614,-0.04712456092238426,-0.6911637187004089,-0.0038975400384515524,-0.09045034646987915,-0.8478484153747559,-0.040621496737003326,-0.12511378526687622,-0.9734705686569214,-0.06740988790988922,0.029468171298503876,-0.47141891717910767,-0.05917781591415405,-0.02458212338387966,-0.6597861647605896,-0.08426754921674728,-0.06492406129837036,-0.780331015586853,-0.10292620956897736,-0.09757028520107269,-0.8791550397872925,-0.1185837835073471,COLD
0.0,0.0,0.0,0.08981600403785706,-0.280569463968277,0.04962439462542534,0.27106985449790955,-0.3945882022380829,0.05787164717912674,0.41261225938796997,-0.36405542492866516,0.05561084672808647,0.492154061794281,-0.2512117624282837,0.04854916036128998,0.4136826694011688,-0.463295042514801,-0.014510193839669228,0.6494523286819458,-0.46260207891464233,-0.012887377291917801,0.7878302931785583,-0.4527452290058136,-0.006059389095753431,0.8961961269378662,-0.4436315596103668,-0.004860297776758671,0.45831096172332764,-0.2979600131511688,-0.04271182417869568,0.5950586795806885,-0.24351604282855988,-0.024721303954720497,0.5287243127822876,-0.23376823961734772,0.007004942279309034,0.45440271496772766,-0.2371436059474945,0.023396853357553482,0.46492838859558105,-0.1235169842839241,-0.061305828392505646,0.5514183640480042,-0.1117343008518219,-0.024363093078136444,0.4946237802505493,-0.1121123880147934,0.02013322338461876,0.4255976676940918,-0.11455949395895004,0.037036631256341934,0.4507964849472046,0.02131463587284088,-0.07840364426374435,0.4971998333930969,0.007189944852143526,-0.023769928142428398,0.44789955019950867,0.01119126658886671,0.02689594030380249,0.39158228039741516,0.0147016616538167,0.05604815483093262,0.0,0.0,0.0,-0.1311035305261612,-0.1651945263147354,0.04029437154531479,-0.16846579313278198,-0.3511766493320465,0.06443363428115845,-0.14794883131980896,-0.49271339178085327,0.06423100084066391,-0.08488521724939346,-0.5555888414382935,0.060121528804302216,-0.08472200483083725,-0.5084661245346069,0.13119551539421082,-0.11265872418880463,-0.6858910918235779,0.1324848234653473,-0.13970056176185608,-0.8145632743835449,0.11330607533454895,-0.1566593497991562,-0.9282172322273254,0.09114005416631699,-0.043711286038160324,-0.5165624618530273,0.07417447119951248,-0.0808580219745636,-0.7090663313865662,0.06552772969007492,-0.1172422468662262,-0.8593827486038208,0.029800869524478912,-0.14555390179157257,-0.9893491864204407,0.0015016713878139853,-0.0010878832545131445,-0.49912720918655396,0.008478928357362747,-0.04602063074707985,-0.6939142942428589,-0.016197165474295616,-0.08872096240520477,-0.8443710207939148,-0.04989195615053177,-0.11955540627241135,-0.9666470885276794,-0.07280117273330688,0.03360899165272713,-0.4682671129703522,-0.058279093354940414,-0.02111210860311985,-0.6534150242805481,-0.08544772118330002,-0.06123141944408417,-0.7742030024528503,-0.10355846583843231,-0.091961570084095,-0.8758713006973267,-0.1174372136592865,COLD
0.0,0.0,0.0,0.09363854676485062,-0.27941006422042847,0.04310093820095062,0.27976247668266296,-0.3925896883010864,0.05127391591668129,0.42420241236686707,-0.3586233854293823,0.05065028369426727,0.5029704570770264,-0.24423694610595703,0.04568925127387047,0.42095693945884705,-0.44705116748809814,-0.018154490739107132,0.6524071097373962,-0.4526453912258148,-0.018418332561850548,0.7922608256340027,-0.44364991784095764,-0.013111058622598648,0.9011854529380798,-0.43325358629226685,-0.012493642047047615,0.46242523193359375,-0.2790936529636383,-0.04297889396548271,0.5975614190101624,-0.24040932953357697,-0.029153596609830856,0.5326154828071594,-0.2344208061695099,0.0001721266016829759,0.45894405245780945,-0.23368926346302032,0.016649991273880005,0.4667641520500183,-0.10773319751024246,-0.058944519609212875,0.5498478412628174,-0.10820119082927704,-0.025898680090904236,0.495427668094635,-0.11311924457550049,0.015867942944169044,0.4276629090309143,-0.11357828229665756,0.03298640251159668,0.4491959512233734,0.03176584467291832,-0.07382681965827942,0.49304983019828796,0.009687678888440132,-0.022683488205075264,0.4457544982433319,0.009358338080346584,0.02520379237830639,0.3912479281425476,0.013536727987229824,0.05369095131754875,0.0,0.0,0.0,-0.12476251274347305,-0.14649827778339386,0.011103766039013863,-0.16670918464660645,-0.34446513652801514,0.02525484375655651,-0.14336852729320526,-0.4896847605705261,0.023065583780407906,-0.074226513504982,-0.5403470396995544,0.01886187121272087,-0.08174894005060196,-0.5139036774635315,0.08987337350845337,-0.10546772927045822,-0.6853923797607422,0.08250931650400162,-0.13221725821495056,-0.8164548277854919,0.060380320996046066,-0.15014974772930145,-0.9293749332427979,0.03725789859890938,-0.03827635943889618,-0.5194519758224487,0.04938145726919174,-0.07202298939228058,-0.7074850797653198,0.032639630138874054,-0.10730751603841782,-0.8568118810653687,-0.0024418432731181383,-0.13786081969738007,-0.9900423884391785,-0.028467241674661636,0.005397706292569637,-0.49908483028411865,-0.00018239366181660444,-0.03728776052594185,-0.6870163083076477,-0.03304329887032509,-0.08023536950349808,-0.83687424659729,-0.06790611892938614,-0.11452650278806686,-0.9617722034454346,-0.08855649083852768,0.0379403717815876,-0.4635191261768341,-0.052442826330661774,-0.01672716811299324,-0.6447864174842834,-0.08489159494638443,-0.0564596951007843,-0.7626621127128601,-0.10404269397258759,-0.0874284878373146,-0.8590318560600281,-0.1163884624838829,COLD
0.0,0.0,0.0,0.09869306534528732,-0.2729910910129547,0.04716859012842178,0.2894841730594635,-0.386749267578125,0.058203939348459244,0.43058374524116516,-0.3546908497810364,0.05776456743478775,0.4993865489959717,-0.2443242073059082,0.053543638437986374,0.43241366744041443,-0.46155041456222534,0.003950814716517925,0.6604140400886536,-0.4625101089477539,0.012111026793718338,0.7954427003860474,-0.4504287838935852,0.01815791241824627,0.8999525904655457,-0.4356457591056824,0.017265047878026962,0.47181057929992676,-0.298461377620697,-0.025653386488556862,0.5889661908149719,-0.2298632711172104,-0.008248959667980671,0.52248215675354,-0.21552205085754395,0.014675206504762173,0.45059123635292053,-0.22011417150497437,0.025830917060375214,0.4729522466659546,-0.12138677388429642,-0.04661186411976814,0.5412532687187195,-0.09589225798845291,-0.010157020762562752,0.4832620620727539,-0.09554881602525711,0.028529677540063858,0.4178474545478821,-0.10318880528211594,0.042373210191726685,0.4522988796234131,0.026537470519542694,-0.06674356758594513,0.4893268346786499,0.025217153131961823,-0.011415518820285797,0.4366469085216522,0.025039011612534523,0.03854035586118698,0.3810558319091797,0.021508706733584404,0.06778894364833832,0.0,0.0,0.0,-0.12922903895378113,-0.1554969847202301,0.007452137768268585,-0.17250505089759827,-0.3498856723308563,0.018715471029281616,-0.14496581256389618,-0.495368093252182,0.014379548840224743,-0.07377055287361145,-0.5385288000106812,0.008257969282567501,-0.09263326972723007,-0.5011446475982666,0.08345711976289749,-0.1132587119936943,-0.6755654215812683,0.07165774703025818,-0.1401481181383133,-0.8081699013710022,0.047150056809186935,-0.16024571657180786,-0.9238603711128235,0.023151542991399765,-0.05155504122376442,-0.5138469338417053,0.04540359228849411,-0.083527572453022,-0.702973484992981,0.02384100668132305,-0.11689471453428268,-0.8538713455200195,-0.013602610677480698,-0.14577284455299377,-0.9885095357894897,-0.03998890891671181,-0.009045294485986233,-0.5033966302871704,-0.001513639115728438,-0.05102384462952614,-0.6962308287620544,-0.038389336317777634,-0.09445521980524063,-0.8480767011642456,-0.07673486322164536,-0.1302986443042755,-0.9715860486030579,-0.09826037287712097,0.027944089844822884,-0.47694864869117737,-0.05105355754494667,-0.02232121117413044,-0.6610631942749023,-0.08418918401002884,-0.059881389141082764,-0.7807289958000183,-0.10406050086021423,-0.09049908816814423,-0.878711998462677,-0.11625386029481888,COLD
0.0,0.0,0.0,0.091292604804039,-0.27154287695884705,0.04644566774368286,0.27599281072616577,-0.37570294737815857,0.053312741219997406,0.4196484088897705,-0.3466466963291168,0.049398697912693024,0.4980390965938568,-0.24602200090885162,0.042260367423295975,0.42436614632606506,-0.46153029799461365,-0.0053267693147063255,0.6538223028182983,-0.4604845643043518,-0.003807045053690672,0.7897652387619019,-0.45280909538269043,-0.0008645674679428339,0.8962412476539612,-0.44355490803718567,-0.003275809343904257,0.4658105671405792,-0.30159780383110046,-0.035576581954956055,0.5954899787902832,-0.2258029580116272,-0.020739741623401642,0.5308656692504883,-0.21178920567035675,0.003021326381713152,0.4595465660095215,-0.21904629468917847,0.013951653614640236,0.4692336618900299,-0.12790356576442719,-0.0570712648332119,0.5508946180343628,-0.0948038175702095,-0.022642895579338074,0.49290046095848083,-0.09483838081359863,0.017975302413105965,0.4263966381549835,-0.10409336537122726,0.03238638490438461,0.45076730847358704,0.01897907629609108,-0.07782167941331863,0.49248206615448,0.02264501340687275,-0.023353226482868195,0.44197338819503784,0.0253191776573658,0.0265414509922266,0.3867822587490082,0.023051664233207703,0.05512252449989319,0.0,0.0,0.0,-0.1283031553030014,-0.1652088314294815,0.037164051085710526,-0.16563725471496582,-0.35336384177207947,0.061356883496046066,-0.14463309943675995,-0.4978354871273041,0.06251131743192673,-0.08134626597166061,-0.5503914952278137,0.05968970060348511,-0.08812884986400604,-0.5033628344535828,0.1271604299545288,-0.11283846944570541,-0.6851401925086975,0.12953884899616241,-0.1382058560848236,-0.8142264485359192,0.11129086464643478,-0.15671539306640625,-0.9287826418876648,0.08981312066316605,-0.04626670479774475,-0.5116356611251831,0.07321023941040039,-0.07805998623371124,-0.7046700716018677,0.0656387209892273,-0.11343742907047272,-0.8579237461090088,0.030459031462669373,-0.14354035258293152,-0.9896419048309326,0.0022380042355507612,-0.003578789532184601,-0.4948853850364685,0.010749882087111473,-0.04278586432337761,-0.6899173855781555,-0.013319888152182102,-0.08619454503059387,-0.8465805649757385,-0.04918645694851875,-0.11982972174882889,-0.969896674156189,-0.07347609102725983,0.03067634627223015,-0.46677371859550476,-0.05276881158351898,-0.022527338936924934,-0.6537583470344543,-0.07882314175367355,-0.06321525573730469,-0.7753201127052307,-0.09760680794715881,-0.09546888619661331,-0.8739324808120728,-0.11215940862894058,COLD
0.0,0.0,0.0,0.08849802613258362,-0.27451291680336,0.040662411600351334,0.2733359634876251,-0.37996694445610046,0.04529799520969391,0.4174397587776184,-0.3469978868961334,0.03948967158794403,0.4946073591709137,-0.23996677994728088,0.030656469985842705,0.4183191657066345,-0.4674057066440582,-0.006684063468128443,0.6502598524093628,-0.463948130607605,-0.006504082586616278,0.7883259057998657,-0.45386141538619995,-0.004008681047707796,0.8961182832717896,-0.44376668334007263,-0.006577993277460337,0.45984870195388794,-0.30711933970451355,-0.03548743948340416,0.5921102166175842,-0.23246295750141144,-0.02504824660718441,0.5275899171829224,-0.21720080077648163,-0.0032961321994662285,0.45491233468055725,-0.22337523102760315,0.007399068213999271,0.46535247564315796,-0.135162353515625,-0.05636720731854439,0.5489702224731445,-0.1018228530883789,-0.025605136528611183,0.48991692066192627,-0.09941615909337997,0.014584233984351158,0.4228326976299286,-0.10765887051820755,0.029751816764473915,0.44935429096221924,0.009717085398733616,-0.07718883454799652,0.49273359775543213,0.015225309878587723,-0.025093089789152145,0.44023919105529785,0.020980430766940117,0.024359585717320442,0.38459447026252747,0.019598769024014473,0.05311894789338112,0.0,0.0,0.0,-0.1261986643075943,-0.15907803177833557,0.024649232625961304,-0.16642363369464874,-0.3526807129383087,0.043197695165872574,-0.1438056081533432,-0.49945467710494995,0.041914332658052444,-0.07705137133598328,-0.5526329874992371,0.0377158485352993,-0.08730046451091766,-0.5105190277099609,0.10866567492485046,-0.11030334234237671,-0.6895864009857178,0.10706059634685516,-0.13531233370304108,-0.8182521462440491,0.08773301541805267,-0.15344087779521942,-0.9314607381820679,0.0659407451748848,-0.04512650892138481,-0.5168660879135132,0.060496024787425995,-0.07694806158542633,-0.7074276804924011,0.048422183841466904,-0.11084426194429398,-0.8583866953849792,0.013215131126344204,-0.14037832617759705,-0.9900009036064148,-0.013865022920072079,-0.0012935044942423701,-0.49865689873695374,0.003620781935751438,-0.04192449524998665,-0.6939601302146912,-0.02645530365407467,-0.08429432660341263,-0.8518076539039612,-0.06299720704555511,-0.11808906495571136,-0.9768415093421936,-0.08577553927898407,0.033715277910232544,-0.4687287211418152,-0.05484817922115326,-0.022256340831518173,-0.6581634879112244,-0.08557519316673279,-0.0624137744307518,-0.7794167399406433,-0.10482914000749588,-0.09384677559137344,-0.8763116598129272,-0.11819978803396225,COLD
0.0,0.0,0.0,0.09582214802503586,-0.272333562374115,0.040752146393060684,0.28283724188804626,-0.3774031400680542,0.045178335160017014,0.42770883440971375,-0.34033969044685364,0.038894958794116974,0.5068219900131226,-0.23201537132263184,0.029521537944674492,0.42520225048065186,-0.4585491120815277,-0.008635795675218105,0.6556686758995056,-0.45355820655822754,-0.010034235194325447,0.7941133975982666,-0.44240903854370117,-0.008653758093714714,0.9017224311828613,-0.4321470856666565,-0.012064267881214619,0.46308445930480957,-0.2972533106803894,-0.038874365389347076,0.593091607093811,-0.21840183436870575,-0.03214237093925476,0.5284496545791626,-0.2037520557641983,-0.013055982999503613,0.4564918577671051,-0.2118312120437622,-0.0035889954306185246,0.46595802903175354,-0.12530548870563507,-0.06103680655360222,0.545669436454773,-0.08736301958560944,-0.03332880884408951,0.4866962134838104,-0.08599507063627243,0.005769867915660143,0.42131438851356506,-0.09640201181173325,0.020933257415890694,0.4484642446041107,0.019329015165567398,-0.08312557637691498,0.48707905411720276,0.02834715135395527,-0.033029332756996155,0.43398675322532654,0.033288706094026566,0.015921588987112045,0.3803149461746216,0.02918865904211998,0.04480050876736641,0.0,0.0,0.0,-0.12747421860694885,-0.16928650438785553,0.020098574459552765,-0.16519230604171753,-0.35205215215682983,0.03399011492729187,-0.1414407193660736,-0.49482807517051697,0.028972430154681206,-0.07165037840604782,-0.5512790679931641,0.020779293030500412,-0.08478282392024994,-0.5059574246406555,0.10003618150949478,-0.1095304861664772,-0.687397301197052,0.09353239834308624,-0.13568730652332306,-0.8173424005508423,0.07080522924661636,-0.15453819930553436,-0.9334297776222229,0.04714706912636757,-0.041883207857608795,-0.5135936141014099,0.053807470947504044,-0.07353916764259338,-0.7055275440216064,0.03883112594485283,-0.1073499470949173,-0.8570193648338318,0.001727155176922679,-0.13604424893856049,-0.9903372526168823,-0.02690851502120495,0.0018945008050650358,-0.4954249858856201,-0.0011889642337337136,-0.038449645042419434,-0.6899693608283997,-0.03232729807496071,-0.0823528915643692,-0.8475519418716431,-0.06973382085561752,-0.11674094945192337,-0.9722375869750977,-0.09358663111925125,0.03718854859471321,-0.46354904770851135,-0.05799772962927818,-0.016084855422377586,-0.6496171951293945,-0.08835602551698685,-0.05351557210087776,-0.7644430994987488,-0.10642687231302261,-0.08284445852041245,-0.8520487546920776,-0.11908835917711258,COLD
0.0,0.0,0.0,0.0971749946475029,-0.27099189162254333,0.04331907629966736,0.2878745496273041,-0.37345626950263977,0.05007608234882355,0.4348420202732086,-0.3337233066558838,0.04633088782429695,0.5118268728256226,-0.22398769855499268,0.03957356512546539,0.4256099462509155,-0.45928460359573364,-0.006500618997961283,0.6574211120605469,-0.45331263542175293,-0.004394336603581905,0.7945518493652344,-0.44234564900398254,-0.00024654262233525515,0.9020076394081116,-0.43171533942222595,-0.0020007090643048286,0.46528884768486023,-0.2970902919769287,-0.0365118533372879,0.5999154448509216,-0.2179429978132248,-0.024462128058075905,0.5351429581642151,-0.20440730452537537,-0.0023913951590657234,0.4628260135650635,-0.21227191388607025,0.008447014726698399,0.46923258900642395,-0.1240706592798233,-0.05801695957779884,0.5543488264083862,-0.08521956205368042,-0.025261778384447098,0.4954381585121155,-0.08571943640708923,0.01481718011200428,0.4298170208930969,-0.09565727412700653,0.02960049733519554,0.4527243375778198,0.021409880369901657,-0.07926501333713531,0.4944427013397217,0.03026844561100006,-0.025034498423337936,0.4433479607105255,0.03416518121957779,0.024380046874284744,0.3904876112937927,0.03195049241185188,0.052630696445703506,0.0,0.0,0.0,-0.12712514400482178,-0.1652507781982422,0.027060648426413536,-0.1655043214559555,-0.3499283194541931,0.044764868915081024,-0.14233136177062988,-0.49436160922050476,0.041605718433856964,-0.0750601664185524,-0.5493025183677673,0.034923236817121506,-0.08161665499210358,-0.5043882131576538,0.1089416891336441,-0.10744701325893402,-0.684647262096405,0.10490704327821732,-0.13391363620758057,-0.8152052760124207,0.08350185304880142,-0.15254223346710205,-0.9316725730895996,0.06006529554724693,-0.03777728229761124,-0.512927770614624,0.05815770477056503,-0.0703791081905365,-0.7041261196136475,0.04479041323065758,-0.10569009184837341,-0.857407808303833,0.00893629714846611,-0.13436681032180786,-0.9907430410385132,-0.01933056302368641,0.005581550300121307,-0.4941556453704834,-0.0014240086311474442,-0.03598547726869583,-0.6864126920700073,-0.03078162483870983,-0.08131237328052521,-0.8418332934379578,-0.0665496289730072,-0.1145479679107666,-0.9662302732467651,-0.09038102626800537,0.03940567746758461,-0.46099114418029785,-0.06275586783885956,-0.012049071490764618,-0.6436271667480469,-0.09275773167610168,-0.048805348575115204,-0.7608827948570251,-0.11176425218582153,-0.07578790932893753,-0.8543171286582947,-0.12601104378700256,COLD
0.0,0.0,0.0,0.10519662499427795,-0.2642591595649719,0.04622000455856323,0.292434960603714,-0.36226844787597656,0.05031704157590866,0.43536028265953064,-0.3265910744667053,0.04259346053004265,0.512976884841919,-0.2203691452741623,0.0319320410490036,0.43157368898391724,-0.4510451555252075,-0.0057607083581388,0.6621576547622681,-0.4455104172229767,-0.006069370079785585,0.798431932926178,-0.4336811304092407,-0.00470277713611722,0.9058146476745605,-0.42358601093292236,-0.00864409003406763,0.4692511260509491,-0.29329490661621094,-0.03992212563753128,0.6018497943878174,-0.19518829882144928,-0.031839676201343536,0.5365352630615234,-0.1786825954914093,-0.01325935497879982,0.46414539217948914,-0.19209027290344238,-0.004763458389788866,0.4722784161567688,-0.12023361027240753,-0.06521791219711304,0.5533079504966736,-0.06405377388000488,-0.03505706414580345,0.4936440885066986,-0.06330607831478119,0.0048399800434708595,0.42858171463012695,-0.07999148964881897,0.019560925662517548,0.4550684094429016,0.026455730199813843,-0.09015042334794998,0.4987102448940277,0.04868443310260773,-0.037264611572027206,0.44551971554756165,0.05377716198563576,0.013516734354197979,0.39109110832214355,0.04588452726602554,0.042984191328287125,0.0,0.0,0.0,-0.12753775715827942,-0.16729691624641418,0.029066920280456543,-0.16832496225833893,-0.35438087582588196,0.04987453296780586,-0.14263474941253662,-0.4992799460887909,0.04977552592754364,-0.07443813234567642,-0.5553131103515625,0.04618854820728302,-0.08720085024833679,-0.5019585490226746,0.11523742973804474,-0.11223752051591873,-0.681681215763092,0.11398988217115402,-0.1379135549068451,-0.8110959529876709,0.09383230656385422,-0.15613314509391785,-0.927996039390564,0.07135351747274399,-0.04433909058570862,-0.5104027390480042,0.06468266993761063,-0.07659965008497238,-0.7021461129188538,0.053947724401950836,-0.11188584566116333,-0.8548668026924133,0.0185952577739954,-0.14111794531345367,-0.9899517893791199,-0.009006134234368801,-0.0008246266515925527,-0.4917910099029541,0.005300660151988268,-0.04204829782247543,-0.6849908828735352,-0.022612303495407104,-0.08484875410795212,-0.8415865302085876,-0.05756537988781929,-0.11677729338407516,-0.9695668816566467,-0.08005169779062271,0.03428630903363228,-0.45970237255096436,-0.05561443045735359,-0.017476920038461685,-0.6493295431137085,-0.08396663516759872,-0.05308913066983223,-0.7680276036262512,-0.10112378001213074,-0.07941104471683502,-0.8639674782752991,-0.11354144662618637,COLD
0.0,0.0,0.0,0.1085413321852684,-0.25972503423690796,0.04083661735057831,0.2990593910217285,-0.35778144001960754,0.042558375746011734,0.4440450072288513,-0.3227609694004059,0.03273744881153107,0.5202903747558594,-0.21415841579437256,0.020879259333014488,0.43832650780677795,-0.4534256160259247,-0.005255610682070255,0.6650493144989014,-0.4451422393321991,-0.008497091941535473,0.8003702163696289,-0.43288931250572205,-0.009870720095932484,0.9069854021072388,-0.4208619296550751,-0.015893319621682167,0.4757884740829468,-0.29791441559791565,-0.03956561163067818,0.6102254390716553,-0.1921187937259674,-0.03675912320613861,0.5440076589584351,-0.17001213133335114,-0.02137700654566288,0.4721178710460663,-0.183540478348732,-0.013488800264894962,0.47856879234313965,-0.12582384049892426,-0.06595699489116669,0.560019850730896,-0.06405740976333618,-0.0388769805431366,0.4986836910247803,-0.0625385046005249,0.0002815213520079851,0.4354628622531891,-0.0829620361328125,0.01543927937746048,0.45870622992515564,0.02217310294508934,-0.09285644441843033,0.49941807985305786,0.049163155257701874,-0.042106155306100845,0.44604194164276123,0.051507752388715744,0.007541195955127478,0.39288535714149475,0.03871026635169983,0.03669941425323486,0.0,0.0,0.0,-0.125523641705513,-0.16498109698295593,0.04011762887239456,-0.16493111848831177,-0.35272762179374695,0.06603493541479111,-0.14100681245326996,-0.49671173095703125,0.06793076545000076,-0.07395374774932861,-0.5489538908004761,0.06608438491821289,-0.0886874869465828,-0.5057734847068787,0.1356271505355835,-0.11175891011953354,-0.6825270056724548,0.13997092843055725,-0.13620813190937042,-0.8108841180801392,0.12141101062297821,-0.1542024165391922,-0.9265952706336975,0.09899207949638367,-0.04356708377599716,-0.5160389542579651,0.07857543230056763,-0.07380098849534988,-0.7045416831970215,0.07313840091228485,-0.10718689113855362,-0.8586699962615967,0.03809915855526924,-0.13563866913318634,-0.990712583065033,0.009524386376142502,0.0008169096545316279,-0.5001611709594727,0.012580309063196182,-0.03817155584692955,-0.6902042031288147,-0.010868306271731853,-0.08141200989484787,-0.8455645442008972,-0.04625905305147171,-0.11485366523265839,-0.9690427184104919,-0.07056150585412979,0.03683747723698616,-0.4715209901332855,-0.05464841425418854,-0.01498811412602663,-0.6553754806518555,-0.08108490705490112,-0.05460130423307419,-0.776024580001831,-0.09953847527503967,-0.08573806285858154,-0.8751979470252991,-0.11398404836654663,COLD
0.0,0.0,0.0,0.102152518928051,-0.2617579698562622,0.04522166773676872,0.29282355308532715,-0.36330604553222656,0.05139932781457901,0.4338974058628082,-0.32898369431495667,0.04708445817232132,0.5107471942901611,-0.2316991090774536,0.039630766957998276,0.42879000306129456,-0.4660642743110657,-0.004698973149061203,0.6547960042953491,-0.4605843722820282,-0.00010431595728732646,0.7914025783538818,-0.44983312487602234,0.003886312246322632,0.8976200819015503,-0.4407649338245392,0.0021449443884193897,0.4658595025539398,-0.3074342608451843,-0.034601423889398575,0.596028745174408,-0.22131229937076569,-0.02326538972556591,0.5307113528251648,-0.20333242416381836,-0.0034456432331353426,0.45709607005119324,-0.21446582674980164,0.006920628249645233,0.46855252981185913,-0.13328970968723297,-0.05523673817515373,0.552177906036377,-0.08315902948379517,-0.023733152076601982,0.49277985095977783,-0.08194290101528168,0.014196265488862991,0.4257211685180664,-0.09827691316604614,0.029335524886846542,0.44890767335891724,0.012092845514416695,-0.07499878108501434,0.49753302335739136,0.03500991687178612,-0.02346104383468628,0.4431614279747009,0.03779634088277817,0.024752376601099968,0.38652506470680237,0.027253413572907448,0.053963277488946915,0.0,0.0,0.0,-0.1270812451839447,-0.15777148306369781,0.012806192971765995,-0.17065155506134033,-0.3519538640975952,0.02707674168050289,-0.14234675467014313,-0.5024974346160889,0.02463349886238575,-0.06460331380367279,-0.5500315427780151,0.019574137404561043,-0.08046330511569977,-0.5005175471305847,0.09180080890655518,-0.10306098312139511,-0.678260326385498,0.08667844533920288,-0.13139286637306213,-0.8117446303367615,0.06714833527803421,-0.1526232659816742,-0.9274186491966248,0.04613557457923889,-0.03446236625313759,-0.5099855661392212,0.05023714527487755,-0.06392204016447067,-0.7019124031066895,0.034293219447135925,-0.10143757611513138,-0.8547025918960571,-0.000889373361133039,-0.1340029537677765,-0.9906311631202698,-0.026323875412344933,0.010217300616204739,-0.49498775601387024,-7.868549437262118e-05,-0.03323604166507721,-0.6890900731086731,-0.03562350571155548,-0.0821961760520935,-0.8476473689079285,-0.0746268630027771,-0.12167640775442123,-0.9761974811553955,-0.09658199548721313,0.044608213007450104,-0.46584850549697876,-0.05225193873047829,-0.011508718132972717,-0.660057783126831,-0.08711519092321396,-0.05226470157504082,-0.7820680141448975,-0.10770314186811447,-0.08508653193712234,-0.8771355152130127,-0.12010899186134338,COLD
0.0,0.0,0.0,0.1051495373249054,-0.2639297544956207,0.039998218417167664,0.29607200622558594,-0.36286526918411255,0.04304928332567215,0.4401381015777588,-0.32202863693237305,0.03518570959568024,0.5174130201339722,-0.21351741254329681,0.025425823405385017,0.4261397123336792,-0.4598846435546875,-0.00680646812543273,0.6541281938552856,-0.4581902325153351,-0.009149941615760326,0.7893750071525574,-0.45062747597694397,-0.00847476627677679,0.896937370300293,-0.44196537137031555,-0.013040396384894848,0.46393883228302,-0.30205219984054565,-0.039946094155311584,0.6035134196281433,-0.20409946143627167,-0.03869311138987541,0.537255048751831,-0.18506790697574615,-0.023061897605657578,0.46370601654052734,-0.19585072994232178,-0.014241473749279976,0.4689537584781647,-0.13062432408332825,-0.0651104673743248,0.5573424100875854,-0.07198967039585114,-0.03936988115310669,0.49634841084480286,-0.0718231275677681,-0.0007287802291102707,0.4313749670982361,-0.08927617967128754,0.014780338853597641,0.4520953893661499,0.015610960312187672,-0.09073977917432785,0.4928714632987976,0.03900720551609993,-0.041164249181747437,0.44029590487480164,0.043137598782777786,0.007005900610238314,0.38817229866981506,0.033626992255449295,0.03532101586461067,0.0,0.0,0.0,-0.12985318899154663,-0.17042765021324158,0.04951825365424156,-0.17084187269210815,-0.3540135622024536,0.07984354346990585,-0.15089884400367737,-0.49649569392204285,0.08406732231378555,-0.08378452807664871,-0.5510024428367615,0.08424419164657593,-0.08570531010627747,-0.5008311867713928,0.1507846564054489,-0.11441796272993088,-0.6825982332229614,0.1609223484992981,-0.14450594782829285,-0.8115478157997131,0.14516408741474152,-0.1680096834897995,-0.9279004335403442,0.12401196360588074,-0.041968390345573425,-0.5099470615386963,0.08898358792066574,-0.07813139259815216,-0.7024542093276978,0.08858194202184677,-0.11663298308849335,-0.8577622175216675,0.052669037133455276,-0.15130099654197693,-0.9882254600524902,0.022767459973692894,0.00162051385268569,-0.49629682302474976,0.018732892349362373,-0.04284491389989853,-0.6906349062919617,-0.0023364382795989513,-0.089743472635746,-0.850077748298645,-0.039484210312366486,-0.12930986285209656,-0.9769377112388611,-0.06539332866668701,0.036256082355976105,-0.4717569947242737,-0.05158490315079689,-0.020595571026206017,-0.6640360951423645,-0.07726548612117767,-0.06208666041493416,-0.7835291028022766,-0.09496933966875076,-0.09659197926521301,-0.8784443736076355,-0.10892193019390106,COLD
0.0,0.0,0.0,0.1076650619506836,-0.2604130506515503,0.04225912317633629,0.2973456084728241,-0.35658785700798035,0.04528176039457321,0.44130876660346985,-0.32053399085998535,0.037154555320739746,0.5190100073814392,-0.22045570611953735,0.026970164850354195,0.4296325147151947,-0.45746901631355286,-0.004817325621843338,0.6561346650123596,-0.4542875587940216,-0.006513184867799282,0.7911873459815979,-0.4457334876060486,-0.006196752190589905,0.8984802961349487,-0.4388783276081085,-0.010910536162555218,0.46749094128608704,-0.3001077473163605,-0.03864690661430359,0.6044396162033081,-0.1956169307231903,-0.036326583474874496,0.5375297665596008,-0.1749807745218277,-0.021113350987434387,0.46314486861228943,-0.18932649493217468,-0.012769768945872784,0.47201117873191833,-0.12900856137275696,-0.06415873020887375,0.5577424764633179,-0.06532648205757141,-0.038924578577280045,0.4969775378704071,-0.06358655542135239,-0.0011391743319109082,0.431770920753479,-0.08417646586894989,0.014037792570888996,0.45539945363998413,0.016129806637763977,-0.08966964483261108,0.4984340965747833,0.04499766603112221,-0.04105399549007416,0.44478586316108704,0.05022411793470383,0.00712857861071825,0.3902527987957001,0.03777589648962021,0.035775888711214066,0.0,0.0,0.0,-0.12281633168458939,-0.15557697415351868,0.00946876686066389,-0.16700458526611328,-0.3496994972229004,0.02219984494149685,-0.14243796467781067,-0.4971315860748291,0.019479284062981606,-0.06999164074659348,-0.5490002036094666,0.014737083576619625,-0.07909197360277176,-0.5077581405639648,0.08361883461475372,-0.10536511987447739,-0.6837571263313293,0.07440970838069916,-0.13429275155067444,-0.8150944709777832,0.05128270015120506,-0.155196875333786,-0.9304131269454956,0.027787555009126663,-0.03715794160962105,-0.5152367353439331,0.04423947632312775,-0.07286237180233002,-0.7018499374389648,0.025536756962537766,-0.11040480434894562,-0.8524959683418274,-0.011564038693904877,-0.14232958853244781,-0.9890539646148682,-0.03891671448945999,0.006034345831722021,-0.49773573875427246,-0.003802972612902522,-0.0388106107711792,-0.6852079033851624,-0.038764700293540955,-0.0822572186589241,-0.8390064239501953,-0.07550538331270218,-0.11713425815105438,-0.9675179123878479,-0.09693203121423721,0.04103049263358116,-0.4643506109714508,-0.05418187007308006,-0.013499746099114418,-0.6513321995735168,-0.08784767240285873,-0.052030328661203384,-0.7722742557525635,-0.10696814954280853,-0.08246386051177979,-0.8704458475112915,-0.118954598903656,COLD
0.0,0.0,0.0,0.1008099764585495,-0.2628636360168457,0.04179741069674492,0.2896377444267273,-0.36066490411758423,0.04442600533366203,0.4366702139377594,-0.32578545808792114,0.036622289568185806,0.5160359144210815,-0.22582365572452545,0.026608970016241074,0.4258298873901367,-0.46632444858551025,-0.008653308264911175,0.6537476778030396,-0.46119412779808044,-0.008535264059901237,0.7888726592063904,-0.4522015452384949,-0.006132468115538359,0.8958837389945984,-0.44418758153915405,-0.009466448798775673,0.4638654887676239,-0.3056020736694336,-0.041045866906642914,0.603660523891449,-0.2026268094778061,-0.03639179840683937,0.5360990166664124,-0.18296244740486145,-0.018688492476940155,0.4600304365158081,-0.1959819793701172,-0.009065980091691017,0.4682846963405609,-0.1323530524969101,-0.06480816751718521,0.5570347905158997,-0.07124471664428711,-0.03715166822075844,0.49593913555145264,-0.06997352838516235,0.002100700279697776,0.42908936738967896,-0.08864855021238327,0.017593618482351303,0.4515220522880554,0.013128642924129963,-0.0884593054652214,0.49493369460105896,0.039643917232751846,-0.03713729605078697,0.44164055585861206,0.044097352772951126,0.011769125238060951,0.38716503977775574,0.032538995146751404,0.04016921669244766,0.0,0.0,0.0,-0.12511242926120758,-0.15680600702762604,0.010649210773408413,-0.16716936230659485,-0.34813547134399414,0.023755662143230438,-0.14433082938194275,-0.4923650026321411,0.021139943972229958,-0.0744200274348259,-0.5473181009292603,0.016493752598762512,-0.07425450533628464,-0.5011901259422302,0.08406069874763489,-0.10294488817453384,-0.6785175204277039,0.07349973917007446,-0.13434140384197235,-0.8131046891212463,0.04996192827820778,-0.1571260392665863,-0.9302327036857605,0.02651834487915039,-0.03241213038563728,-0.5085933208465576,0.04411390796303749,-0.07023262232542038,-0.6981772780418396,0.024022508412599564,-0.10961157828569412,-0.8512817025184631,-0.013061348348855972,-0.14358994364738464,-0.9888256788253784,-0.04007044807076454,0.009462929330766201,-0.49246954917907715,-0.004440272226929665,-0.036155879497528076,-0.6828287243843079,-0.04079329967498779,-0.0814601480960846,-0.837287962436676,-0.07704222202301025,-0.11917740851640701,-0.9664599299430847,-0.09763672947883606,0.042650409042835236,-0.4614675045013428,-0.05520288273692131,-0.00992503296583891,-0.6512927412986755,-0.09078332036733627,-0.049773212522268295,-0.7738301753997803,-0.11058800667524338,-0.08334998786449432,-0.8737011551856995,-0.12253902852535248,COLD
0.0,0.0,0.0,0.10302715003490448,-0.2667609453201294,0.04482615739107132,0.2930017113685608,-0.3629079759120941,0.048789989203214645,0.4397405982017517,-0.32492944598197937,0.0420333668589592,0.5225380659103394,-0.2258511781692505,0.03303934633731842,0.42566514015197754,-0.46290987730026245,-0.00806595478206873,0.6568024158477783,-0.4584331214427948,-0.005608478095382452,0.7906618714332581,-0.45033153891563416,-0.0008168959757313132,0.8967491388320923,-0.44253289699554443,-0.0023813575971871614,0.46255263686180115,-0.30206766724586487,-0.041173771023750305,0.6054657697677612,-0.2108231633901596,-0.0319829024374485,0.5383976697921753,-0.19487282633781433,-0.011279243044555187,0.46369102597236633,-0.20600558817386627,-0.000629531976301223,0.46534907817840576,-0.1303328573703766,-0.0652477890253067,0.5595101714134216,-0.07840607315301895,-0.03309432789683342,0.4983876049518585,-0.07920755445957184,0.007856369018554688,0.4312741160392761,-0.09514732658863068,0.02318287268280983,0.44639134407043457,0.014041321352124214,-0.08894731104373932,0.4929204285144806,0.03481150418519974,-0.035084791481494904,0.4404798150062561,0.037762731313705444,0.014690790325403214,0.38552969694137573,0.028365662321448326,0.04314625263214111,0.0,0.0,0.0,-0.12644918262958527,-0.16186770796775818,0.03116845339536667,-0.16778682172298431,-0.35135984420776367,0.05712146684527397,-0.14316467940807343,-0.4946191906929016,0.06223762407898903,-0.074313223361969,-0.5454185605049133,0.06418121606111526,-0.08127986639738083,-0.502445638179779,0.12358138710260391,-0.10719753801822662,-0.6787880659103394,0.12561434507369995,-0.1371278166770935,-0.811477541923523,0.10636955499649048,-0.1601681113243103,-0.9295645952224731,0.08414512872695923,-0.038747068494558334,-0.510704517364502,0.0740896463394165,-0.07424533367156982,-0.6994596719741821,0.06639910489320755,-0.11337146908044815,-0.8538091778755188,0.030669746920466423,-0.14770478010177612,-0.9890279173851013,0.002680002013221383,0.005205004941672087,-0.4940493106842041,0.015759892761707306,-0.038905415683984756,-0.6825942397117615,-0.011354577727615833,-0.08502612262964249,-0.8386105895042419,-0.047521233558654785,-0.12306687980890274,-0.9685276746749878,-0.07017534971237183,0.04205401614308357,-0.46346744894981384,-0.04377855733036995,-0.010546918958425522,-0.6544707417488098,-0.0740327462553978,-0.05184314027428627,-0.7777860760688782,-0.09291312098503113,-0.0867486223578453,-0.8787562847137451,-0.10568136721849442,COLD
0.0,0.0,0.0,0.10673771798610687,-0.26480066776275635,0.04616532847285271,0.2965281903743744,-0.3602904677391052,0.05059811472892761,0.44054922461509705,-0.3210766315460205,0.04380525276064873,0.5233278274536133,-0.2207004725933075,0.03491659834980965,0.42406556010246277,-0.463207870721817,-0.004568302072584629,0.6547330021858215,-0.4583207070827484,-0.0012468784116208553,0.7878727912902832,-0.4521373510360718,0.004122298676520586,0.8941764235496521,-0.4477072060108185,0.0026098911184817553,0.4615483582019806,-0.304170161485672,-0.03876848891377449,0.6056856513023376,-0.2096904218196869,-0.03005429171025753,0.5388232469558716,-0.19028913974761963,-0.01053751539438963,0.46418318152427673,-0.20149102807044983,-0.00042296102037653327,0.46592381596565247,-0.13275964558124542,-0.06381319463253021,0.560754656791687,-0.0776689276099205,-0.03089885599911213,0.4994553327560425,-0.07513190060853958,0.010232788510620594,0.432923287153244,-0.09149618446826935,0.025521952658891678,0.44833096861839294,0.012574493885040283,-0.0885765329003334,0.49411141872406006,0.03474873676896095,-0.03424952179193497,0.44160568714141846,0.040505435317754745,0.015480449423193932,0.38811925053596497,0.03159639239311218,0.04382680729031563,0.0,0.0,0.0,-0.12090790271759033,-0.15179313719272614,0.005975608713924885,-0.1625988632440567,-0.3478691577911377,0.018527040258049965,-0.1362091600894928,-0.49383845925331116,0.01618753746151924,-0.063559390604496,-0.5455230474472046,0.01179502997547388,-0.0746656134724617,-0.5051494240760803,0.08047444373369217,-0.10015251487493515,-0.6798650026321411,0.06800303608179092,-0.13039129972457886,-0.8147245049476624,0.042888760566711426,-0.15197961032390594,-0.9310150742530823,0.01820169948041439,-0.032589901238679886,-0.5127711296081543,0.04331446811556816,-0.06790904700756073,-0.7001261711120605,0.021230505779385567,-0.10603200644254684,-0.8524996042251587,-0.016783518716692924,-0.13813622295856476,-0.989423930644989,-0.04425570368766785,0.010978453792631626,-0.49623775482177734,-0.0029243549797683954,-0.03192776441574097,-0.6855362057685852,-0.040538202971220016,-0.07601463049650192,-0.8392539024353027,-0.07757461071014404,-0.11162328720092773,-0.9679403305053711,-0.09852639585733414,0.04750235378742218,-0.4642663300037384,-0.05191939324140549,-0.003363728290423751,-0.6507405638694763,-0.08913396298885345,-0.043611373752355576,-0.7764233350753784,-0.11096153408288956,-0.07666059583425522,-0.8815925121307373,-0.12424680590629578,COLD
0.0,0.0,0.0,0.10814965516328812,-0.25446075201034546,0.0440482534468174,0.2957429885864258,-0.3501061797142029,0.046832360327243805,0.4394717216491699,-0.3189307749271393,0.03875044733285904,0.5193138122558594,-0.22236210107803345,0.02859753556549549,0.4220295548439026,-0.4552593529224396,-0.009234442375600338,0.6520810127258301,-0.46015042066574097,-0.010627337731420994,0.7866314053535461,-0.4557031989097595,-0.008333154954016209,0.8930239677429199,-0.4498731195926666,-0.01106941606849432,0.46100345253944397,-0.2982923984527588,-0.04277544841170311,0.6030684113502502,-0.1952235996723175,-0.03902415186166763,0.5362697839736938,-0.1734997183084488,-0.02107451856136322,0.46158960461616516,-0.18573017418384552,-0.010794267989695072,0.46612492203712463,-0.1259698122739792,-0.06740371882915497,0.5535237193107605,-0.06452924013137817,-0.04075561836361885,0.49442175030708313,-0.060877520591020584,-0.002130904234945774,0.42949992418289185,-0.07816182076931,0.013429922983050346,0.45045992732048035,0.019987979903817177,-0.09156445413827896,0.49305668473243713,0.048347197473049164,-0.04216232895851135,0.4398360252380371,0.05293261632323265,0.00596165144816041,0.3857378363609314,0.04044066369533539,0.0345020554959774,0.0,0.0,0.0,-0.12382158637046814,-0.14205557107925415,0.014963568188250065,-0.1653747856616974,-0.3423720598220825,0.03539391607046127,-0.13922019302845,-0.49173110723495483,0.039060741662979126,-0.06778732687234879,-0.5479685664176941,0.040883246809244156,-0.07357578724622726,-0.5053406953811646,0.0999043807387352,-0.09901650249958038,-0.6729260087013245,0.09611980617046356,-0.1297362744808197,-0.8063135147094727,0.0756591260433197,-0.1524665355682373,-0.9201198816299438,0.053168538957834244,-0.03182278946042061,-0.5159065127372742,0.058635249733924866,-0.06885331124067307,-0.7022376656532288,0.042867060750722885,-0.1088971272110939,-0.8549048900604248,0.007483750116080046,-0.1448395997285843,-0.9892848134040833,-0.018359554931521416,0.009379911236464977,-0.5023051500320435,0.008248384110629559,-0.037513524293899536,-0.6893513202667236,-0.025521473959088326,-0.08274301886558533,-0.8423548936843872,-0.06121091544628143,-0.12126537412405014,-0.969938337802887,-0.08156481385231018,0.041929617524147034,-0.472522109746933,-0.04455168917775154,-0.012081344611942768,-0.6600773334503174,-0.07933665812015533,-0.05306653305888176,-0.7857472896575928,-0.10043250769376755,-0.08760685473680496,-0.8902397751808167,-0.1135498583316803,COLD
0.0,0.0,0.0,0.10778545588254929,-0.25150492787361145,0.04493910074234009,0.2939881682395935,-0.3414258062839508,0.04610908403992653,0.43622827529907227,-0.3066560924053192,0.03606712073087692,0.5145921111106873,-0.2067922204732895,0.024158965796232224,0.42051416635513306,-0.4549698531627655,-0.00970276165753603,0.6516339182853699,-0.4598328471183777,-0.010739660821855068,0.785367488861084,-0.4571087062358856,-0.008324215188622475,0.8912137746810913,-0.45343589782714844,-0.01157752051949501,0.4606762230396271,-0.29996851086616516,-0.04487995803356171,0.60318922996521,-0.19617407023906708,-0.03953533247113228,0.5387075543403625,-0.17170152068138123,-0.02102656103670597,0.46734702587127686,-0.18321552872657776,-0.011607522144913673,0.46742215752601624,-0.12880347669124603,-0.07107753306627274,0.5556039810180664,-0.06473299115896225,-0.04073506221175194,0.4961114227771759,-0.06012805551290512,-0.0002717575989663601,0.4321700632572174,-0.07828964293003082,0.014549505896866322,0.45311954617500305,0.01792268268764019,-0.0972798615694046,0.49360039830207825,0.047703757882118225,-0.044631291180849075,0.4414446949958801,0.053899623453617096,0.0043105268850922585,0.3888058066368103,0.042546987533569336,0.03213927894830704,0.0,0.0,0.0,-0.1256149858236313,-0.14813290536403656,0.021133054047822952,-0.1685267686843872,-0.3462419807910919,0.044022463262081146,-0.14589865505695343,-0.490986704826355,0.04846975579857826,-0.07929188013076782,-0.5491330623626709,0.051137689501047134,-0.0795050710439682,-0.5135414600372314,0.1113472729921341,-0.10779183357954025,-0.6792484521865845,0.10966621339321136,-0.13972735404968262,-0.8117591142654419,0.0907403826713562,-0.16197596490383148,-0.9251276850700378,0.06903839856386185,-0.03694074600934982,-0.5219326615333557,0.06630375236272812,-0.07666952162981033,-0.7052627205848694,0.05048024654388428,-0.11719333380460739,-0.8542126417160034,0.015240060165524483,-0.1522139459848404,-0.9882987141609192,-0.009834988974034786,0.006058089435100555,-0.5058805346488953,0.012052764184772968,-0.042175740003585815,-0.6899370551109314,-0.023331118747591972,-0.08859404176473618,-0.8396152257919312,-0.05742733180522919,-0.12686684727668762,-0.969684898853302,-0.07566681504249573,0.040497180074453354,-0.47331470251083374,-0.04411379247903824,-0.01703067310154438,-0.6635609865188599,-0.07981403917074203,-0.060140807181596756,-0.78963702917099,-0.09922551363706589,-0.09479563683271408,-0.8980588316917419,-0.11050114780664444,COLD
0.0,0.0,0.0,0.10735450685024261,-0.2522064447402954,0.043513499200344086,0.29262107610702515,-0.3442096710205078,0.043300170451402664,0.43491289019584656,-0.3061293065547943,0.03155270963907242,0.5132800340652466,-0.20198863744735718,0.018404429778456688,0.4220540225505829,-0.4600347876548767,-0.007304785773158073,0.6503667235374451,-0.4646700918674469,-0.00964968092739582,0.783220648765564,-0.4614159166812897,-0.008968503214418888,0.8888941407203674,-0.4579068720340729,-0.013732307590544224,0.46288615465164185,-0.30944570899009705,-0.04321787878870964,0.6027711033821106,-0.19651249051094055,-0.04032593593001366,0.5379756093025208,-0.16800753772258759,-0.024068683385849,0.4670661985874176,-0.18036168813705444,-0.01578960008919239,0.47002291679382324,-0.14007963240146637,-0.07056321948766708,0.5532591938972473,-0.06796035915613174,-0.042090773582458496,0.49189865589141846,-0.06175009906291962,-0.0023635891266167164,0.4285546839237213,-0.0825144425034523,0.01225891150534153,0.45610707998275757,0.007736552506685257,-0.09835175424814224,0.4932624399662018,0.0458199717104435,-0.04747295752167702,0.4381815195083618,0.05204516276717186,0.0007968622958287597,0.3849838674068451,0.03728976100683212,0.028532078489661217,0.0,0.0,0.0,-0.12637241184711456,-0.14945363998413086,0.018945567309856415,-0.1668320894241333,-0.34873703122138977,0.039835281670093536,-0.14186061918735504,-0.49282631278038025,0.0429878756403923,-0.07573826611042023,-0.5507586002349854,0.04408610239624977,-0.07582574337720871,-0.5207782983779907,0.10581475496292114,-0.10388901084661484,-0.6890856027603149,0.10408969968557358,-0.13437312841415405,-0.8188326358795166,0.08489605784416199,-0.15573334693908691,-0.9305676817893982,0.06299202889204025,-0.03371288999915123,-0.5257599949836731,0.062026090919971466,-0.07099919766187668,-0.7078865170478821,0.047646019607782364,-0.11154651641845703,-0.8561102747917175,0.01155670266598463,-0.14648906886577606,-0.9890971779823303,-0.015088498592376709,0.008042385801672935,-0.5066726803779602,0.009188755415380001,-0.03903462365269661,-0.6919958591461182,-0.025285668671131134,-0.08571477979421616,-0.8458499908447266,-0.06192159280180931,-0.12302599102258682,-0.9765394926071167,-0.08294820785522461,0.03943003714084625,-0.47386667132377625,-0.04547862336039543,-0.01892961747944355,-0.6629886627197266,-0.08157636970281601,-0.06196372210979462,-0.7884359955787659,-0.10276263952255249,-0.09532158076763153,-0.8946638107299805,-0.11591867357492447,COLD
0.0,0.0,0.0,0.10479404032230377,-0.25381895899772644,0.04423462972044945,0.28890061378479004,-0.34789153933525085,0.04530986770987511,0.43201613426208496,-0.3149407207965851,0.03497552499175072,0.5108444094657898,-0.21519969403743744,0.023257428780198097,0.4195731282234192,-0.463399738073349,-0.006758850999176502,0.6478026509284973,-0.4692942202091217,-0.007996420376002789,0.780106782913208,-0.4671255350112915,-0.006425983272492886,0.8851032853126526,-0.4652778208255768,-0.010426397435367107,0.4607798457145691,-0.3132359981536865,-0.04212925583124161,0.602311372756958,-0.20070451498031616,-0.037082161754369736,0.5387545824050903,-0.17236705124378204,-0.01993689499795437,0.4681706130504608,-0.18561138212680817,-0.011470233090221882,0.46833300590515137,-0.14428755640983582,-0.06877973675727844,0.5534582734107971,-0.072632797062397,-0.03949557617306709,0.4933314323425293,-0.06516174972057343,-9.120367758441716e-05,0.430186003446579,-0.08525756001472473,0.014217514544725418,0.4539741277694702,0.0024775329511612654,-0.09555952996015549,0.49451398849487305,0.039748914539813995,-0.04381682723760605,0.4403519928455353,0.04722032696008682,0.004937287885695696,0.3864576518535614,0.034133270382881165,0.03282736986875534,0.0,0.0,0.0,-0.12157480418682098,-0.14344272017478943,0.006951726507395506,-0.1586347371339798,-0.3435945212841034,0.020748477429151535,-0.13308990001678467,-0.4853266477584839,0.019902538508176804,-0.0710281953215599,-0.5478159785270691,0.017406724393367767,-0.06930471211671829,-0.5172468423843384,0.08003449440002441,-0.09961500018835068,-0.690784752368927,0.06938409060239792,-0.13077014684677124,-0.8223855495452881,0.046303343027830124,-0.15166468918323517,-0.9345194697380066,0.023173492401838303,-0.02751612477004528,-0.5200811624526978,0.04265061765909195,-0.06600777059793472,-0.7079532742500305,0.0208202563226223,-0.10558141022920609,-0.8566335439682007,-0.016386669129133224,-0.13851036131381989,-0.9894351363182068,-0.04281523823738098,0.015270527452230453,-0.49885329604148865,-0.0035466994158923626,-0.03307069465517998,-0.6893144845962524,-0.04209626093506813,-0.08030412346124649,-0.8423250317573547,-0.07930129021406174,-0.11713456362485886,-0.9698069095611572,-0.10023564845323563,0.048620399087667465,-0.46321970224380493,-0.05215232074260712,-0.009130209684371948,-0.6470678448677063,-0.0899651050567627,-0.051975786685943604,-0.7691011428833008,-0.11169355362653732,-0.08421547710895538,-0.8699501752853394,-0.12474992871284485,COLD
0.0,0.0,0.0,0.1052863821387291,-0.25448325276374817,0.044231265783309937,0.288326233625412,-0.3517579436302185,0.045255064964294434,0.4309370815753937,-0.3202187120914459,0.03490821644663811,0.510962963104248,-0.22135044634342194,0.0231381356716156,0.4199692904949188,-0.4661083519458771,-0.007763061206787825,0.6494260430335999,-0.47094398736953735,-0.008265177719295025,0.7800868153572083,-0.46938759088516235,-0.005521750543266535,0.8835741281509399,-0.4682142436504364,-0.008497253060340881,0.4603042006492615,-0.31517156958580017,-0.042719077318906784,0.6014620065689087,-0.20796561241149902,-0.037053026258945465,0.5361270308494568,-0.18319807946681976,-0.019202718511223793,0.4646947681903839,-0.19680964946746826,-0.010079354979097843,0.46701398491859436,-0.14649130403995514,-0.06878698617219925,0.5542556047439575,-0.0773918405175209,-0.03963589295744896,0.49245426058769226,-0.07124792039394379,-0.0004717720439657569,0.42799460887908936,-0.0899374932050705,0.014063079841434956,0.4520892798900604,-0.00021650904091075063,-0.09474752843379974,0.49409496784210205,0.03422195091843605,-0.04389902576804161,0.43983322381973267,0.04167260229587555,0.004527155309915543,0.38541701436042786,0.03085683286190033,0.03274981677532196,0.0,0.0,0.0,-0.12539121508598328,-0.14585727453231812,0.01201474480330944,-0.16175499558448792,-0.3442847728729248,0.028452446684241295,-0.13763676583766937,-0.48262763023376465,0.02904130332171917,-0.07660301774740219,-0.5504453778266907,0.028237758204340935,-0.07384868711233139,-0.5204734802246094,0.09012302756309509,-0.1000872552394867,-0.686535656452179,0.08177345246076584,-0.13067947328090668,-0.8168677091598511,0.05941188335418701,-0.15266942977905273,-0.9280592203140259,0.03598807379603386,-0.03344617784023285,-0.5254348516464233,0.050114262849092484,-0.07079676538705826,-0.7098561525344849,0.029584946110844612,-0.11028185486793518,-0.8564328551292419,-0.007331652566790581,-0.14509660005569458,-0.9888384938240051,-0.03384535387158394,0.008273342624306679,-0.5055798888206482,0.0012766108848154545,-0.03966649994254112,-0.693357527256012,-0.03642117977142334,-0.08539100736379623,-0.841543436050415,-0.07247783243656158,-0.12341172248125076,-0.9676685929298401,-0.09285102039575577,0.041999440640211105,-0.46930840611457825,-0.049724701792001724,-0.015620352700352669,-0.649824321269989,-0.08666066825389862,-0.05819570645689964,-0.7675768136978149,-0.10746674984693527,-0.09166846424341202,-0.8665310144424438,-0.12008576095104218,COLD
0.0,0.0,0.0,0.10287506878376007,-0.26024317741394043,0.04710647091269493,0.2851526737213135,-0.35846754908561707,0.0498817041516304,0.42785656452178955,-0.3290894031524658,0.04107748344540596,0.5091986656188965,-0.23226240277290344,0.030375169590115547,0.4156259596347809,-0.4679650366306305,-0.007511551957577467,0.646532416343689,-0.47170183062553406,-0.006387514527887106,0.7778534293174744,-0.47058552503585815,-0.0018144762143492699,0.882483720779419,-0.4703299403190613,-0.003509593429043889,0.4565802216529846,-0.3183269202709198,-0.04243412986397743,0.6004464030265808,-0.21327489614486694,-0.03334713354706764,0.5357204675674438,-0.1884385347366333,-0.012791724875569344,0.4640185534954071,-0.20015878975391388,-0.002622770145535469,0.46408212184906006,-0.14994414150714874,-0.0680856928229332,0.552834689617157,-0.0833127424120903,-0.03518063202500343,0.4916319251060486,-0.077205128967762,0.005259151104837656,0.42703163623809814,-0.09422846138477325,0.01944420486688614,0.45006442070007324,-0.0034663639962673187,-0.09339847415685654,0.4913378357887268,0.02843729592859745,-0.038854606449604034,0.43759435415267944,0.035748984664678574,0.010350009426474571,0.3834971785545349,0.025310374796390533,0.03807562217116356,0.0,0.0,0.0,-0.12397753447294235,-0.14726535975933075,0.01128035131841898,-0.16078497469425201,-0.34375908970832825,0.02687017433345318,-0.13591715693473816,-0.48400864005088806,0.02641960419714451,-0.07384676486253738,-0.5520133972167969,0.0242147259414196,-0.07499368488788605,-0.5125277638435364,0.0897427350282669,-0.10172543674707413,-0.6830465793609619,0.08025171607732773,-0.13259992003440857,-0.8150085806846619,0.056628644466400146,-0.15518702566623688,-0.927760660648346,0.03284274414181709,-0.03455077111721039,-0.5192545652389526,0.0502079613506794,-0.07143983244895935,-0.7055876851081848,0.03036133386194706,-0.11158695816993713,-0.8546054363250732,-0.0074136219918727875,-0.14703014492988586,-0.9885174036026001,-0.034863121807575226,0.007154058665037155,-0.5030080080032349,0.0017311580013483763,-0.0401458665728569,-0.6924049854278564,-0.03430943563580513,-0.08589868992567062,-0.842483639717102,-0.07053608447313309,-0.12384861707687378,-0.9686072468757629,-0.09141556173563004,0.04082522168755531,-0.4725457429885864,-0.04916524514555931,-0.015530803240835667,-0.6563177108764648,-0.08522311598062515,-0.05764688551425934,-0.7781292796134949,-0.10619895905256271,-0.09113330394029617,-0.8815141916275024,-0.11911127716302872,COLD
0.0,0.0,0.0,0.11068528890609741,-0.25498801469802856,0.045692287385463715,0.2967565655708313,-0.3512517511844635,0.04752222076058388,0.43646225333213806,-0.3161297142505646,0.03704437240958214,0.518136739730835,-0.21637175977230072,0.02474176697432995,0.4243193566799164,-0.45727258920669556,-0.003036901354789734,0.6571832895278931,-0.4551732838153839,-0.0031975596211850643,0.7894120216369629,-0.4498923718929291,-0.0005167819326743484,0.8938941359519958,-0.4482625126838684,-0.0037525652442127466,0.4625017046928406,-0.3046876788139343,-0.03920397162437439,0.6095436811447144,-0.1945570558309555,-0.03578849881887436,0.5431579947471619,-0.16779649257659912,-0.020035354420542717,0.4690868854522705,-0.1825360357761383,-0.011579136364161968,0.46826836466789246,-0.1353369951248169,-0.06662121415138245,0.558609127998352,-0.06622374057769775,-0.039079900830984116,0.4965548813343048,-0.05796004459261894,-0.0010012559359893203,0.43149930238723755,-0.07774918526411057,0.013395338319242,0.4525132179260254,0.010245266370475292,-0.09372540563344955,0.497406005859375,0.04328721761703491,-0.043847303837537766,0.4412742257118225,0.051821790635585785,0.004228494595736265,0.38519513607025146,0.03988178074359894,0.03225712850689888,0.0,0.0,0.0,-0.11927483975887299,-0.13861361145973206,0.014774767681956291,-0.163728728890419,-0.35179993510246277,0.03822466358542442,-0.14107736945152283,-0.49492812156677246,0.045991335064172745,-0.07285255938768387,-0.5496218800544739,0.05236709117889404,-0.06981084495782852,-0.5205470323562622,0.09463168680667877,-0.09702423959970474,-0.6775080561637878,0.09160170704126358,-0.12975996732711792,-0.8097975254058838,0.07446398586034775,-0.15299803018569946,-0.9217208027839661,0.053748488426208496,-0.026647763326764107,-0.5263355374336243,0.05352603644132614,-0.06776300072669983,-0.7057326436042786,0.03312065824866295,-0.10798381268978119,-0.8529716730117798,-0.0009527610382065177,-0.14583221077919006,-0.98902428150177,-0.023747563362121582,0.015723001211881638,-0.5081814527511597,0.0039410581812262535,-0.0400141105055809,-0.6867706179618835,-0.036523956805467606,-0.08589682728052139,-0.8348966240882874,-0.07100562751293182,-0.12788619101047516,-0.9686483144760132,-0.08775097876787186,0.04523091018199921,-0.4729905426502228,-0.047534096986055374,-0.021080780774354935,-0.6591709852218628,-0.08741509914398193,-0.06517231464385986,-0.7803451418876648,-0.10838984698057175,-0.10045547783374786,-0.8848057389259338,-0.11962100118398666,COLD
0.0,0.0,0.0,0.11297385394573212,-0.25350716710090637,0.04845724627375603,0.2991146147251129,-0.3476806879043579,0.050955064594745636,0.4373619258403778,-0.31386759877204895,0.041010867804288864,0.515067458152771,-0.21362029016017914,0.028827287256717682,0.42677244544029236,-0.45427197217941284,-0.00517788203433156,0.6590304970741272,-0.45431044697761536,-0.004720922559499741,0.7915369868278503,-0.44844329357147217,-0.0008940140251070261,0.8960875868797302,-0.4438655972480774,-0.0032248087227344513,0.46444642543792725,-0.29977506399154663,-0.042331401258707047,0.6085304021835327,-0.19420509040355682,-0.036868367344141006,0.541398823261261,-0.17140863835811615,-0.01869337074458599,0.4675496816635132,-0.18628527224063873,-0.009109947830438614,0.46872299909591675,-0.12934815883636475,-0.07025822252035141,0.5568968057632446,-0.0650508850812912,-0.040325213223695755,0.4950646162033081,-0.06023808941245079,-0.0008361827931366861,0.4304688572883606,-0.07995340973138809,0.013673425652086735,0.4516221582889557,0.01661454699933529,-0.09763973951339722,0.49307945370674133,0.0453127883374691,-0.04534665867686272,0.43813106417655945,0.0517839677631855,0.003858434734866023,0.3835863471031189,0.04062213376164436,0.032095640897750854,0.0,0.0,0.0,-0.11994435638189316,-0.13614505529403687,0.008685622364282608,-0.16188818216323853,-0.3502226769924164,0.02869263105094433,-0.14075131714344025,-0.4936163127422333,0.03414361551403999,-0.0755205899477005,-0.5458770990371704,0.0385296531021595,-0.06959698349237442,-0.5151663422584534,0.08415287733078003,-0.09648868441581726,-0.6765034198760986,0.07756385207176208,-0.12880949676036835,-0.8097211122512817,0.058936066925525665,-0.15211868286132812,-0.9222555756568909,0.03787727281451225,-0.028771329671144485,-0.5212478041648865,0.046045515686273575,-0.06955739855766296,-0.7021508812904358,0.023300735279917717,-0.1096360981464386,-0.8500403761863708,-0.0118482680991292,-0.1468033343553543,-0.9885304570198059,-0.03544484078884125,0.011539731174707413,-0.5046402215957642,-0.0005496050580404699,-0.04207754507660866,-0.6851374506950378,-0.040836114436388016,-0.08661476522684097,-0.8332425951957703,-0.07567490637302399,-0.12689419090747833,-0.9666736125946045,-0.09317619353532791,0.03988685458898544,-0.47314566373825073,-0.04954128712415695,-0.02417956106364727,-0.6586888432502747,-0.08803921937942505,-0.06720992922782898,-0.779984176158905,-0.10834341496229172,-0.10068071633577347,-0.8843281865119934,-0.11946626752614975,COLD
0.0,0.0,0.0,0.11639662832021713,-0.25097280740737915,0.04822520166635513,0.30381935834884644,-0.3424900770187378,0.05042858421802521,0.44229772686958313,-0.3056717813014984,0.03998669609427452,0.5190191864967346,-0.20456169545650482,0.027634328231215477,0.4289916157722473,-0.45042091608047485,-0.0043883961625397205,0.6619972586631775,-0.4478853642940521,-0.004872510209679604,0.7946566939353943,-0.4412262439727783,-0.001819558790884912,0.8992167711257935,-0.437477707862854,-0.004748497158288956,0.46564623713493347,-0.2964973747730255,-0.04223799705505371,0.6102004051208496,-0.1856716275215149,-0.03813541680574417,0.5434092283248901,-0.1607748568058014,-0.02098698914051056,0.4705921411514282,-0.17761018872261047,-0.012039695866405964,0.47002720832824707,-0.12653085589408875,-0.07097851485013962,0.5587800741195679,-0.05728636309504509,-0.04145587980747223,0.4967957139015198,-0.05062228441238403,-0.0014183562016114593,0.43290087580680847,-0.07220636308193207,0.013419540598988533,0.4533311426639557,0.019221626222133636,-0.0994473323225975,0.49601995944976807,0.051642417907714844,-0.047195617109537125,0.4412628412246704,0.059229202568531036,0.002414257498458028,0.3873679041862488,0.04664670303463936,0.03092031367123127,0.0,0.0,0.0,-0.11885856091976166,-0.14254063367843628,0.00791159924119711,-0.1591685265302658,-0.35060200095176697,0.025952761992812157,-0.13880589604377747,-0.4888949990272522,0.02928169071674347,-0.07533126324415207,-0.5480442047119141,0.03149940446019173,-0.06121012941002846,-0.5155730247497559,0.0827183872461319,-0.08930164575576782,-0.6760919094085693,0.0733010396361351,-0.12222398817539215,-0.8085413575172424,0.052443090826272964,-0.14542949199676514,-0.9216962456703186,0.030183205381035805,-0.020622042939066887,-0.5215550065040588,0.044286757707595825,-0.06258604675531387,-0.7026826739311218,0.019935879856348038,-0.10324428230524063,-0.8500235080718994,-0.016480695456266403,-0.14042718708515167,-0.9892401099205017,-0.04104099050164223,0.019195150583982468,-0.5040207505226135,-0.0028957375325262547,-0.035083021968603134,-0.6844850778579712,-0.043973471969366074,-0.07978451251983643,-0.8294335007667542,-0.078744076192379,-0.11994171142578125,-0.9621771574020386,-0.0963868796825409,0.047531887888908386,-0.4705367088317871,-0.05262703076004982,-0.015329462476074696,-0.6545659899711609,-0.09171774238348007,-0.05773885175585747,-0.7729495167732239,-0.11215667426586151,-0.09183958917856216,-0.8764750957489014,-0.12341073900461197,COLD
0.0,0.0,0.0,0.11329483240842819,-0.2515656054019928,0.04747719690203667,0.29972007870674133,-0.34426456689834595,0.04994901642203331,0.4390921890735626,-0.3086695075035095,0.0399099625647068,0.5166128277778625,-0.2087147980928421,0.028017064556479454,0.4276619553565979,-0.45304784178733826,-0.0031522323843091726,0.6597867012023926,-0.4502010643482208,-0.003676107618957758,0.792551577091217,-0.44405397772789,-0.0009651448344811797,0.8973314166069031,-0.4413382411003113,-0.004108203109353781,0.46524420380592346,-0.30064213275909424,-0.04030551016330719,0.6086447238922119,-0.1882847398519516,-0.03653980791568756,0.5422493815422058,-0.16282446682453156,-0.02023124136030674,0.47014546394348145,-0.1796848177909851,-0.011652587912976742,0.47032272815704346,-0.13131707906723022,-0.0684870034456253,0.5576737523078918,-0.06120215356349945,-0.039965081959962845,0.49559077620506287,-0.054342519491910934,-0.0010274213273078203,0.43179506063461304,-0.07610578835010529,0.013471863232553005,0.45445168018341064,0.014454178512096405,-0.09638534486293793,0.495897501707077,0.047943662852048874,-0.04491843283176422,0.44033730030059814,0.055256038904190063,0.003913713153451681,0.38613635301589966,0.042171232402324677,0.032062239944934845,0.0,0.0,0.0,-0.11621349304914474,-0.14105916023254395,0.011309214867651463,-0.1559203714132309,-0.3465660810470581,0.03094910830259323,-0.13581152260303497,-0.48650839924812317,0.035796042531728745,-0.07389749586582184,-0.5412003397941589,0.039243150502443314,-0.055003851652145386,-0.5081126093864441,0.08093389123678207,-0.08599323034286499,-0.6786568760871887,0.0721849575638771,-0.11897709220647812,-0.8125354051589966,0.052663810551166534,-0.14247433841228485,-0.9264209866523743,0.03168366104364395,-0.01671106368303299,-0.5133113265037537,0.04230918362736702,-0.059119466692209244,-0.7018673419952393,0.019406622275710106,-0.09801141172647476,-0.8519717454910278,-0.01525262463837862,-0.13240060210227966,-0.9904395937919617,-0.0387231707572937,0.02122538723051548,-0.4970335364341736,-0.004521606024354696,-0.03470878675580025,-0.6857814192771912,-0.04514190927147865,-0.07943782955408096,-0.8351441621780396,-0.08009446412324905,-0.11822282522916794,-0.9679470658302307,-0.09807169437408447,0.04799016937613487,-0.4666861593723297,-0.05327017232775688,-0.01838861219584942,-0.6548492312431335,-0.09414603561162949,-0.06273473799228668,-0.7739485502243042,-0.11574152857065201,-0.09780079871416092,-0.875203013420105,-0.12758222222328186,COLD
0.0,0.0,0.0,0.1127099022269249,-0.25076326727867126,0.04926902800798416,0.296826034784317,-0.34267744421958923,0.05266299843788147,0.4304426610469818,-0.30793753266334534,0.04295448586344719,0.5050519108772278,-0.20360133051872253,0.030773339793086052,0.4262315034866333,-0.4505158066749573,-0.002317396691069007,0.6589740514755249,-0.45016926527023315,-0.0021713643800467253,0.7939113974571228,-0.4422477185726166,0.0007823797059245408,0.899699330329895,-0.43650439381599426,-0.0022370831575244665,0.46522679924964905,-0.29706987738609314,-0.039717964828014374,0.6036656498908997,-0.1888739913702011,-0.03307405114173889,0.5380958318710327,-0.16572070121765137,-0.01521584764122963,0.4675103425979614,-0.1819877028465271,-0.006724020931869745,0.47020331025123596,-0.12628011405467987,-0.0680728405714035,0.5552223324775696,-0.061400484293699265,-0.036476217210292816,0.4945964217185974,-0.05564473196864128,0.003673856146633625,0.4318922460079193,-0.07581280171871185,0.017811601981520653,0.45404887199401855,0.019615132361650467,-0.0961187332868576,0.49368661642074585,0.04651471972465515,-0.04189714044332504,0.4394615888595581,0.05350681394338608,0.00832093134522438,0.386202871799469,0.042824894189834595,0.0367637537419796,0.0,0.0,0.0,-0.11785465478897095,-0.14169393479824066,0.006487523205578327,-0.15709815919399261,-0.34682393074035645,0.020869947969913483,-0.13609446585178375,-0.48983967304229736,0.021387333050370216,-0.0730365663766861,-0.5451321601867676,0.020718511193990707,-0.06182919070124626,-0.5077154040336609,0.07162485271692276,-0.09050894528627396,-0.6782234311103821,0.05862829089164734,-0.12285573035478592,-0.8126083016395569,0.035706065595149994,-0.14678546786308289,-0.9266025424003601,0.012530289590358734,-0.023824404925107956,-0.5124250650405884,0.0350898914039135,-0.06487967073917389,-0.7001892328262329,0.009771862998604774,-0.10197709500789642,-0.8509924411773682,-0.02701631560921669,-0.13557934761047363,-0.9893757700920105,-0.052477892488241196,0.013805977068841457,-0.4970935881137848,-0.009454010985791683,-0.039508502930402756,-0.6873887777328491,-0.04937576502561569,-0.08199736475944519,-0.8376224637031555,-0.08515521138906479,-0.11917445808649063,-0.9679738283157349,-0.10489301383495331,0.04194103181362152,-0.4695088863372803,-0.05637200176715851,-0.017841773107647896,-0.6523444652557373,-0.09561997652053833,-0.057726871222257614,-0.7708594799041748,-0.11764389276504517,-0.08913279324769974,-0.8720890283584595,-0.13059531152248383,COLD
0.0,0.0,0.0,0.11061017215251923,-0.2544248402118683,0.04943440109491348,0.29873406887054443,-0.34366655349731445,0.05278614163398743,0.43241289258003235,-0.3104369044303894,0.04361309856176376,0.5077815055847168,-0.21113255620002747,0.032323602586984634,0.43712419271469116,-0.4531555771827698,-0.00090978346997872,0.6677113771438599,-0.44667163491249084,0.00412313686683774,0.8000174760818481,-0.436299204826355,0.010061359032988548,0.9028241634368896,-0.4299289286136627,0.008347769267857075,0.47482284903526306,-0.29702362418174744,-0.037396177649497986,0.6020175814628601,-0.183383509516716,-0.02434053272008896,0.535134494304657,-0.1614081710577011,-0.005080501548945904,0.4667891263961792,-0.1813780516386032,0.0023830626159906387,0.4749274253845215,-0.12636959552764893,-0.06458195298910141,0.5500144362449646,-0.05816483497619629,-0.031833115965127945,0.49011683464050293,-0.05161337926983833,0.006178311537951231,0.4301467537879944,-0.07475152611732483,0.018028561025857925,0.45380356907844543,0.015060422010719776,-0.09080153703689575,0.49063965678215027,0.046346068382263184,-0.03795564919710159,0.43818145990371704,0.05599045008420944,0.010734341107308865,0.3856569528579712,0.04297984018921852,0.03798485919833183,0.0,0.0,0.0,-0.12219400703907013,-0.14621208608150482,0.019499387592077255,-0.15277832746505737,-0.3385930061340332,0.03696253150701523,-0.13893473148345947,-0.47190994024276733,0.03805499151349068,-0.08973430842161179,-0.5342926979064941,0.03795022889971733,-0.03760970011353493,-0.5141331553459167,0.09354448318481445,-0.06850923597812653,-0.6802061200141907,0.08760683983564377,-0.1096518337726593,-0.8081759810447693,0.06767720729112625,-0.13999345898628235,-0.921955406665802,0.04609430581331253,-0.0024652117863297462,-0.5189723372459412,0.050753477960824966,-0.05171770229935646,-0.7035219073295593,0.031856223940849304,-0.09803295135498047,-0.8521184921264648,-0.0009550412651151419,-0.1368105262517929,-0.9903040528297424,-0.024099508300423622,0.027033494785428047,-0.5043202638626099,9.295933705288917e-05,-0.0322549045085907,-0.7026580572128296,-0.03519199788570404,-0.08135293424129486,-0.8559722900390625,-0.06398744881153107,-0.12179889529943466,-0.9891586303710938,-0.07844310253858566,0.04187258332967758,-0.47905799746513367,-0.05215276777744293,-0.02403208054602146,-0.6741191148757935,-0.08544707298278809,-0.0681690126657486,-0.793788492679596,-0.09954017400741577,-0.10373268276453018,-0.8947039246559143,-0.10649486631155014,COLD
0.0,0.0,0.0,0.11210951954126358,-0.26092591881752014,0.049478329718112946,0.29835045337677,-0.3503245711326599,0.052399493753910065,0.43486839532852173,-0.3069058060646057,0.04240439459681511,0.5081018209457397,-0.19732540845870972,0.030079642310738564,0.4291835427284241,-0.4616052210330963,-0.0023419081699103117,0.6603825092315674,-0.4544180631637573,0.0020648837089538574,0.7933315634727478,-0.4441797733306885,0.006996377371251583,0.8984910845756531,-0.43897363543510437,0.003971511032432318,0.4676278531551361,-0.3059193789958954,-0.040414076298475266,0.5952056050300598,-0.19990122318267822,-0.028787603601813316,0.5288015007972717,-0.18016308546066284,-0.010861215181648731,0.46019119024276733,-0.19938483834266663,-0.004496933426707983,0.470019668340683,-0.13507956266403198,-0.06891132146120071,0.5479981303215027,-0.07348795235157013,-0.03415196016430855,0.48692047595977783,-0.06867919862270355,0.006196852307766676,0.4266260862350464,-0.09006272256374359,0.018741408362984657,0.451445609331131,0.008969206362962723,-0.09706577658653259,0.4884708821773529,0.03169379010796547,-0.041474223136901855,0.43553999066352844,0.03831176087260246,0.009446658194065094,0.3835223317146301,0.027150485664606094,0.03760993480682373,0.0,0.0,0.0,-0.11621025204658508,-0.1351759135723114,0.01776762679219246,-0.1523669958114624,-0.34314706921577454,0.03729047626256943,-0.1387888491153717,-0.4831852614879608,0.0409005805850029,-0.08431468904018402,-0.5345823168754578,0.043104637414216995,-0.03642118722200394,-0.5208075046539307,0.0852399617433548,-0.0700051337480545,-0.6852791905403137,0.07817188650369644,-0.1092003881931305,-0.8154433369636536,0.05890493094921112,-0.13851331174373627,-0.9276055693626404,0.03688459098339081,-0.0020040874369442463,-0.5241796970367432,0.04245573282241821,-0.04906252771615982,-0.7082507610321045,0.02208823896944523,-0.09322784841060638,-0.856219470500946,-0.010752929374575615,-0.1312805861234665,-0.9907513856887817,-0.03430964797735214,0.028106272220611572,-0.507868230342865,-0.007925580255687237,-0.0328545905649662,-0.704908013343811,-0.04634933918714523,-0.08158474415540695,-0.8558549880981445,-0.0783521756529808,-0.12111158668994904,-0.986259400844574,-0.09563858062028885,0.04362025111913681,-0.4812711477279663,-0.059943124651908875,-0.02420634962618351,-0.676931619644165,-0.10051017254590988,-0.06872785091400146,-0.7994408011436462,-0.12123265117406845,-0.10193053632974625,-0.9029264450073242,-0.1330864429473877,COLD
0.0,0.0,0.0,0.11130927503108978,-0.2579043507575989,0.04889162257313728,0.297686904668808,-0.3438020348548889,0.051172930747270584,0.4287721514701843,-0.3045661449432373,0.04019472748041153,0.4995495080947876,-0.19853869080543518,0.02664576657116413,0.4321255087852478,-0.4630674123764038,2.7342237444827333e-05,0.6638832092285156,-0.450408935546875,0.003755213925614953,0.7980769276618958,-0.436718612909317,0.007400346454232931,0.9039240479469299,-0.42768022418022156,0.003325803205370903,0.47351011633872986,-0.3057336211204529,-0.037897612899541855,0.5939412713050842,-0.19554966688156128,-0.02578704059123993,0.5265573263168335,-0.17530375719070435,-0.009156551212072372,0.4585978090763092,-0.19465722143650055,-0.004194325301796198,0.4763355851173401,-0.13319607079029083,-0.06657850742340088,0.542933464050293,-0.07310215383768082,-0.031284164637327194,0.4805843234062195,-0.06746488064527512,0.0076837013475596905,0.4212423861026764,-0.08964389562606812,0.018765287473797798,0.45675066113471985,0.011450043879449368,-0.09508175402879715,0.4820747971534729,0.03202272206544876,-0.039413221180438995,0.4285024404525757,0.04053458198904991,0.010438594035804272,0.37748733162879944,0.029020586982369423,0.03770412132143974,0.0,0.0,0.0,-0.11978320777416229,-0.1242007464170456,0.019842617213726044,-0.160603865981102,-0.33555176854133606,0.04309765249490738,-0.14509102702140808,-0.4797675311565399,0.049838606268167496,-0.09540633112192154,-0.542194664478302,0.055925991386175156,-0.0468546599149704,-0.5213178396224976,0.09555971622467041,-0.0839388519525528,-0.6795586347579956,0.09330829232931137,-0.1239122673869133,-0.8124103546142578,0.07817166298627853,-0.15384747087955475,-0.9210150837898254,0.058481913059949875,-0.009704953990876675,-0.5243058204650879,0.05140484496951103,-0.06010270118713379,-0.7082526683807373,0.030432770028710365,-0.10430233925580978,-0.8550077080726624,-0.0010647890157997608,-0.14529263973236084,-0.9891398549079895,-0.02218753658235073,0.023818589746952057,-0.5083057880401611,-0.0008685740176588297,-0.039494410157203674,-0.6996541023254395,-0.0426417775452137,-0.08753115683794022,-0.847984790802002,-0.0726509615778923,-0.13100968301296234,-0.9817065000534058,-0.08691924065351486,0.0412406325340271,-0.48154494166374207,-0.054630376398563385,-0.03209317475557327,-0.6755701303482056,-0.09827254712581635,-0.07705887407064438,-0.796765148639679,-0.1191873848438263,-0.11213621497154236,-0.9036200642585754,-0.13018551468849182,COLD
0.0,0.0,0.0,0.11242226511240005,-0.26129281520843506,0.04833562672138214,0.30094853043556213,-0.3494589924812317,0.051902975887060165,0.43642452359199524,-0.30835413932800293,0.04282044619321823,0.5078842639923096,-0.1985940933227539,0.03125790134072304,0.42983725666999817,-0.46186327934265137,-0.0014814723981544375,0.6630963087081909,-0.450228214263916,0.0034603560343384743,0.7958862781524658,-0.4392755627632141,0.008818904869258404,0.9009186625480652,-0.4339461922645569,0.006020062603056431,0.46997496485710144,-0.3044160306453705,-0.037933021783828735,0.5938432812690735,-0.19615934789180756,-0.025958534330129623,0.5268062949180603,-0.17728324234485626,-0.009004221297800541,0.458313912153244,-0.19730617105960846,-0.003284415928646922,0.47368988394737244,-0.13250577449798584,-0.06485854089260101,0.5430368185043335,-0.07366684079170227,-0.029741931706666946,0.4820551872253418,-0.0679108276963234,0.008786143735051155,0.4223893880844116,-0.08897595852613449,0.02023310214281082,0.45666810870170593,0.011193153448402882,-0.09154932200908661,0.485137939453125,0.02967722713947296,-0.03501831740140915,0.4331284165382385,0.0383971743285656,0.014813227578997612,0.38242560625076294,0.028197867795825005,0.042115796357393265,0.0,0.0,0.0,-0.11816323548555374,-0.12228530645370483,0.018411578610539436,-0.15732671320438385,-0.3322676420211792,0.04034501314163208,-0.14323000609874725,-0.4766882359981537,0.04612720012664795,-0.09590475261211395,-0.5448424220085144,0.05122567340731621,-0.04254890978336334,-0.5254481434822083,0.09272781014442444,-0.08164823800325394,-0.6812600493431091,0.08832673728466034,-0.12344656884670258,-0.8124939203262329,0.07163029164075851,-0.15430699288845062,-0.9210342168807983,0.05084020271897316,-0.004203321412205696,-0.526544451713562,0.04871165379881859,-0.05635783076286316,-0.7089152932167053,0.024860206991434097,-0.10205301642417908,-0.8550072908401489,-0.008610769174993038,-0.14474447071552277,-0.988987386226654,-0.030868373811244965,0.028963623568415642,-0.5087154507637024,-0.003382671158760786,-0.03743472695350647,-0.6989847421646118,-0.04796577990055084,-0.08664505928754807,-0.846716582775116,-0.07716651260852814,-0.13165095448493958,-0.9812849164009094,-0.09002304822206497,0.044486407190561295,-0.480854332447052,-0.056969281286001205,-0.03339485824108124,-0.6760150790214539,-0.10227952152490616,-0.07933743298053741,-0.7967467904090881,-0.12225288897752762,-0.11581141501665115,-0.9040647745132446,-0.13199318945407867,COLD
0.0,0.0,0.0,0.1158929318189621,-0.2609958350658417,0.05233436077833176,0.3078165054321289,-0.34721553325653076,0.059415727853775024,0.4342953562736511,-0.3056674003601074,0.05352628976106644,0.5030623078346252,-0.1952323019504547,0.04490000382065773,0.44224268198013306,-0.45466744899749756,0.004697257652878761,0.669562041759491,-0.4444001019001007,0.01572243869304657,0.802739143371582,-0.4318738281726837,0.024567801505327225,0.9051868319511414,-0.42433232069015503,0.024060528725385666,0.48489952087402344,-0.29360195994377136,-0.030864031985402107,0.5850289463996887,-0.19095337390899658,-0.010056906379759312,0.5181105732917786,-0.17295706272125244,0.008753558620810509,0.45308852195739746,-0.1903177946805954,0.014228114858269691,0.48465076088905334,-0.11885088682174683,-0.056295882910490036,0.5358213186264038,-0.06836544722318649,-0.016839714720845222,0.4774562120437622,-0.06406174600124359,0.018443051725625992,0.4217663109302521,-0.08386340737342834,0.027086662128567696,0.4611685872077942,0.022935068234801292,-0.08051284402608871,0.47745901346206665,0.036992594599723816,-0.02359420247375965,0.4263606071472168,0.04546753317117691,0.024454692378640175,0.37655383348464966,0.036042720079422,0.051084697246551514,0.0,0.0,0.0,-0.1336681842803955,-0.14827793836593628,0.022058861330151558,-0.16508567333221436,-0.3385310769081116,0.03616869077086449,-0.14968937635421753,-0.47665703296661377,0.03474543243646622,-0.10598216950893402,-0.5616862177848816,0.032506607472896576,-0.020214438438415527,-0.5041034817695618,0.08406554907560349,-0.07030484080314636,-0.6790271997451782,0.07650072872638702,-0.12186381220817566,-0.807208240032196,0.056331682950258255,-0.15831856429576874,-0.9177038073539734,0.034847408533096313,0.018841566517949104,-0.5086441040039062,0.04092475399374962,-0.05221683904528618,-0.7057616710662842,0.023052964359521866,-0.11221081018447876,-0.8539275527000427,-0.007583312224596739,-0.1540662944316864,-0.9847865104675293,-0.0315096415579319,0.0366150364279747,-0.4947880804538727,-0.009503883309662342,-0.040606506168842316,-0.7072054147720337,-0.04381639510393143,-0.10436724126338959,-0.8592455983161926,-0.07061029970645905,-0.14832857251167297,-0.9851334691047668,-0.0866638794541359,0.025926144793629646,-0.4747266471385956,-0.06072445213794708,-0.04642770066857338,-0.6742705702781677,-0.09879568219184875,-0.0978936031460762,-0.7927296757698059,-0.11606139689683914,-0.13549047708511353,-0.8922391533851624,-0.126155823469162,COLD
0.0,0.0,0.0,0.10669799149036407,-0.25800108909606934,0.04395051673054695,0.29051971435546875,-0.3470850884914398,0.04419558495283127,0.4202958047389984,-0.31431353092193604,0.032326601445674896,0.49067771434783936,-0.2087966352701187,0.017961742356419563,0.4310538172721863,-0.4607512950897217,-0.009871887974441051,0.6614871621131897,-0.44956284761428833,-0.008652787655591965,0.7974671125411987,-0.43785569071769714,-0.0067754387855529785,0.9028190970420837,-0.4298554062843323,-0.011918066069483757,0.47543078660964966,-0.30428239703178406,-0.045974940061569214,0.5782555937767029,-0.19405730068683624,-0.03594480827450752,0.5125620365142822,-0.17336325347423553,-0.020119745284318924,0.44779807329177856,-0.19125261902809143,-0.01593998447060585,0.4777876138687134,-0.12971726059913635,-0.07263864576816559,0.5325324535369873,-0.07480806112289429,-0.04078152775764465,0.4711254835128784,-0.06724562495946884,-0.001975288148969412,0.4129461348056793,-0.08651251345872879,0.009478649124503136,0.45772144198417664,0.016772210597991943,-0.09936634451150894,0.4747897982597351,0.03100438229739666,-0.047268062829971313,0.41998589038848877,0.04046684131026268,0.0029103863053023815,0.36818039417266846,0.03161439299583435,0.03128493204712868,0.0,0.0,0.0,-0.12746480107307434,-0.1479690819978714,0.019654754549264908,-0.14797113835811615,-0.3387978672981262,0.02985249273478985,-0.1326833814382553,-0.4660259485244751,0.025646844878792763,-0.10506444424390793,-0.5491936206817627,0.020160891115665436,-0.010188736952841282,-0.5225755572319031,0.067115917801857,-0.060018304735422134,-0.6884021162986755,0.052461232990026474,-0.11050555109977722,-0.8104479312896729,0.02972494065761566,-0.14513331651687622,-0.918787956237793,0.007497831713408232,0.02565235085785389,-0.5244555473327637,0.02442026138305664,-0.04940088838338852,-0.7113354802131653,0.0024149431847035885,-0.10831863433122635,-0.8477300405502319,-0.026027170941233635,-0.14843356609344482,-0.9743227958679199,-0.047593094408512115,0.0425616092979908,-0.5066733360290527,-0.024824755266308784,-0.04161766543984413,-0.7137207388877869,-0.060064416378736496,-0.10245341807603836,-0.8576393127441406,-0.08050040155649185,-0.1399330347776413,-0.9858671426773071,-0.09211252629756927,0.0325334258377552,-0.48151400685310364,-0.07532541453838348,-0.043815936893224716,-0.67899090051651,-0.11064020544290543,-0.08876775950193405,-0.7943569421768188,-0.12148729711771011,-0.11647596955299377,-0.8970403075218201,-0.1269058883190155,COLD
0.0,0.0,0.0,0.10836892575025558,-0.2659257650375366,0.046809956431388855,0.29916059970855713,-0.3536747097969055,0.04929682984948158,0.430344820022583,-0.31450125575065613,0.03916453942656517,0.4993630349636078,-0.20120662450790405,0.026102151721715927,0.43109968304634094,-0.46749380230903625,-0.006233548279851675,0.6625009775161743,-0.4522596299648285,-0.002875387901440263,0.7971965670585632,-0.43975791335105896,0.0003700138768181205,0.9026728272438049,-0.4303085207939148,-0.004042633809149265,0.47464776039123535,-0.30900290608406067,-0.042341191321611404,0.5783588290214539,-0.19481857120990753,-0.028538638725876808,0.5129001140594482,-0.17488110065460205,-0.012049642391502857,0.4497450590133667,-0.19275803864002228,-0.008310808800160885,0.4769235849380493,-0.13156871497631073,-0.0686706006526947,0.5304037928581238,-0.07575731724500656,-0.03296748921275139,0.46810397505760193,-0.06980845332145691,0.005783913657069206,0.41051384806632996,-0.09008000046014786,0.016391249373555183,0.456623375415802,0.015981387346982956,-0.0948723629117012,0.47357678413391113,0.030236685648560524,-0.0385579876601696,0.41899073123931885,0.0389043390750885,0.012558978982269764,0.3680770695209503,0.028728220611810684,0.040725983679294586,0.0,0.0,0.0,-0.13064052164554596,-0.14968109130859375,0.02038717269897461,-0.15218426287174225,-0.3367803394794464,0.029179899021983147,-0.13815002143383026,-0.4612809717655182,0.024205701425671577,-0.1168852150440216,-0.556018590927124,0.01774277165532112,-0.011213026940822601,-0.5119510293006897,0.05887764319777489,-0.06870472431182861,-0.6810581684112549,0.04126939922571182,-0.12086265534162521,-0.8025465607643127,0.016679951921105385,-0.15619611740112305,-0.9132053852081299,-0.00584589084610343,0.02734791487455368,-0.5145014524459839,0.016969207674264908,-0.055999744683504105,-0.7035710215568542,-0.006254554260522127,-0.11846289038658142,-0.8436458706855774,-0.034485653042793274,-0.16081996262073517,-0.9744636416435242,-0.056122176349163055,0.04128218814730644,-0.4972584843635559,-0.030697010457515717,-0.04617620259523392,-0.7061119675636292,-0.0643063485622406,-0.1088981032371521,-0.8534134030342102,-0.0826186090707779,-0.14747390151023865,-0.984631359577179,-0.0935552790760994,0.026084206998348236,-0.4738486111164093,-0.07940075546503067,-0.044262491166591644,-0.6697313785552979,-0.11262363195419312,-0.08696654438972473,-0.7848073840141296,-0.12104137986898422,-0.1137365773320198,-0.8868323564529419,-0.12502151727676392,COLD
0.0,0.0,0.0,0.10757295787334442,-0.2644830346107483,0.046290505677461624,0.2960178256034851,-0.3516116440296173,0.0480211116373539,0.4279593825340271,-0.31264227628707886,0.036997709423303604,0.4983499050140381,-0.20063939690589905,0.023022035136818886,0.4277632236480713,-0.46577396988868713,-0.007456248626112938,0.661013126373291,-0.45068174600601196,-0.005852896254509687,0.797295093536377,-0.4374698996543884,-0.0035172379575669765,0.9039114713668823,-0.42763763666152954,-0.008374053984880447,0.47270506620407104,-0.3077096939086914,-0.043922264128923416,0.578357994556427,-0.19489841163158417,-0.031900554895401,0.5135613083839417,-0.1744396686553955,-0.015510945580899715,0.45004725456237793,-0.19181975722312927,-0.011639750562608242,0.47667577862739563,-0.13025657832622528,-0.07081630080938339,0.5299392938613892,-0.07375013828277588,-0.035591356456279755,0.4683995544910431,-0.06717988848686218,0.003807186847552657,0.411075234413147,-0.08689894527196884,0.014649092219769955,0.4586253762245178,0.019254840910434723,-0.09792399406433105,0.47141048312187195,0.03511744365096092,-0.04209427163004875,0.4165470600128174,0.04330794885754585,0.008440959267318249,0.3668227791786194,0.03293055295944214,0.03613341227173805,0.0,0.0,0.0,-0.12685099244117737,-0.14708754420280457,0.02522585354745388,-0.1455722153186798,-0.33132171630859375,0.03726809844374657,-0.13122238218784332,-0.4514046609401703,0.033835384994745255,-0.11348962038755417,-0.5482653975486755,0.02930203638970852,-0.002731218235567212,-0.5173870921134949,0.07626564800739288,-0.05792274698615074,-0.6861112117767334,0.06372794508934021,-0.11221004277467728,-0.8089365363121033,0.042261574417352676,-0.14971916377544403,-0.9163064956665039,0.02176312729716301,0.03247048705816269,-0.5219390392303467,0.031345728784799576,-0.047383882105350494,-0.7152426838874817,0.013312721624970436,-0.109396792948246,-0.8546368479728699,-0.01266910508275032,-0.15165092051029205,-0.9788281321525574,-0.03261417895555496,0.04479649290442467,-0.5076624155044556,-0.02027134783565998,-0.03866007551550865,-0.7175437808036804,-0.050994474440813065,-0.1025291383266449,-0.8611590266227722,-0.06871899962425232,-0.14375385642051697,-0.9864549040794373,-0.07900385558605194,0.028732452541589737,-0.4849887788295746,-0.0729668065905571,-0.04335395246744156,-0.6832495331764221,-0.10389309376478195,-0.08913373202085495,-0.7974278330802917,-0.11187595129013062,-0.11954447627067566,-0.8979993462562561,-0.1153305172920227,COLD
0.0,0.0,0.0,0.1015196442604065,-0.26395848393440247,0.052868857979774475,0.2898508608341217,-0.3523001968860626,0.059249818325042725,0.4210428297519684,-0.3189123272895813,0.05251112952828407,0.49300891160964966,-0.21135513484477997,0.04197874665260315,0.42837607860565186,-0.4664992392063141,-0.001503923092968762,0.6623252034187317,-0.45149776339530945,0.006795159541070461,0.7985571622848511,-0.43753132224082947,0.01302889734506607,0.9040662050247192,-0.4272605776786804,0.010617072694003582,0.4733582139015198,-0.30831581354141235,-0.037952084094285965,0.5799650549888611,-0.19742263853549957,-0.017223022878170013,0.5145232677459717,-0.17884361743927002,0.002668865490704775,0.44907519221305847,-0.19697511196136475,0.007251451723277569,0.4763033986091614,-0.13029088079929352,-0.06392113864421844,0.5342822074890137,-0.07642965763807297,-0.022467581555247307,0.4729105234146118,-0.07039274275302887,0.01693708635866642,0.4122358560562134,-0.08881615102291107,0.02621547132730484,0.45726025104522705,0.01746157370507717,-0.08905480057001114,0.47504550218582153,0.03035425767302513,-0.029176216572523117,0.42023226618766785,0.03874015435576439,0.0218100193887949,0.3669498860836029,0.02926497533917427,0.048783160746097565,0.0,0.0,0.0,-0.13305805623531342,-0.14835186302661896,0.01223879773169756,-0.1526874601840973,-0.33571600914001465,0.01638229377567768,-0.13890954852104187,-0.46109116077423096,0.008109953254461288,-0.11955113708972931,-0.5672446489334106,-8.365667599719018e-05,-0.004151930101215839,-0.5158575773239136,0.05584067851305008,-0.06044168397784233,-0.6849506497383118,0.035982608795166016,-0.1118314266204834,-0.8102664947509766,0.010464046150445938,-0.14678464829921722,-0.9204686284065247,-0.012106364592909813,0.03464873880147934,-0.5190954804420471,0.016893038526177406,-0.045956436544656754,-0.7139027714729309,-0.00760952802374959,-0.10695794969797134,-0.8539913892745972,-0.03518667072057724,-0.14828743040561676,-0.9824054837226868,-0.055681534111499786,0.047266874462366104,-0.5044540166854858,-0.02913588657975197,-0.04294233396649361,-0.714770495891571,-0.06443627923727036,-0.10633368790149689,-0.8578317165374756,-0.08169005066156387,-0.14603735506534576,-0.9850826859474182,-0.09102265536785126,0.027556931599974632,-0.4827752709388733,-0.0770983174443245,-0.05075521394610405,-0.6795787215232849,-0.11113280802965164,-0.0997137501835823,-0.7941763401031494,-0.1193818747997284,-0.13284312188625336,-0.8944551348686218,-0.12238549441099167,COLD
0.0,0.0,0.0,0.11183259636163712,-0.25854331254959106,0.0565657839179039,0.30746108293533325,-0.3458732068538666,0.06538194417953491,0.43821173906326294,-0.30889007449150085,0.06002313643693924,0.5082681179046631,-0.19427943229675293,0.051653534173965454,0.4407561123371124,-0.46219104528427124,0.005608432926237583,0.6712626814842224,-0.44318535923957825,0.01701183430850506,0.804190456867218,-0.42791053652763367,0.026352649554610252,0.9078730344772339,-0.4184512197971344,0.02578812837600708,0.48191478848457336,-0.3068338632583618,-0.033440425992012024,0.5876402854919434,-0.17830771207809448,-0.012359130196273327,0.520292341709137,-0.15732964873313904,0.006770577747374773,0.4555518925189972,-0.1790800541639328,0.011739893816411495,0.4812599718570709,-0.12987209856510162,-0.06169642135500908,0.5344358682632446,-0.06002245843410492,-0.020293068140745163,0.4715791344642639,-0.05361686274409294,0.01761181466281414,0.4146343767642975,-0.07784813642501831,0.02674945443868637,0.45751288533210754,0.016817033290863037,-0.08872489631175995,0.4807908833026886,0.046281397342681885,-0.027346991002559662,0.4257286489009857,0.055418435484170914,0.02470308728516102,0.37361758947372437,0.04055166244506836,0.052603207528591156,0.0,0.0,0.0,-0.14099673926830292,-0.1526300460100174,0.03553653880953789,-0.15945380926132202,-0.33170226216316223,0.048540227115154266,-0.15810739994049072,-0.4502677023410797,0.04710732772946358,-0.14876209199428558,-0.5504108667373657,0.0440656952559948,0.010862712748348713,-0.5046292543411255,0.06214362755417824,-0.05714962258934975,-0.6804986000061035,0.05209897831082344,-0.10756164789199829,-0.8020956516265869,0.03566039353609085,-0.14327706396579742,-0.9118223190307617,0.018792299553751945,0.050580255687236786,-0.5033789873123169,0.01665443181991577,-0.04566001519560814,-0.7124179601669312,-0.0031919372268021107,-0.10869889706373215,-0.8524624109268188,-0.02628597803413868,-0.14965519309043884,-0.9784383773803711,-0.04511009901762009,0.05418398231267929,-0.4821154475212097,-0.0319565013051033,-0.04216332361102104,-0.7079841494560242,-0.06328002363443375,-0.10890791565179825,-0.8570306897163391,-0.07906638085842133,-0.15195238590240479,-0.9844068884849548,-0.08862057328224182,0.017508449032902718,-0.458248496055603,-0.07911531627178192,-0.053660906851291656,-0.6669071912765503,-0.10933836549520493,-0.09904550015926361,-0.7834023833274841,-0.11639989167451859,-0.13039855659008026,-0.8832296133041382,-0.1202724277973175,COLD
0.0,0.0,0.0,0.10705392807722092,-0.26004889607429504,0.048106733709573746,0.2976986765861511,-0.35073694586753845,0.05122535303235054,0.43087252974510193,-0.31623023748397827,0.04145140200853348,0.5022692084312439,-0.20567533373832703,0.028951317071914673,0.4250233769416809,-0.46314674615859985,-0.0076110572554171085,0.6607555150985718,-0.4493483603000641,-0.006288889329880476,0.7959964871406555,-0.43792757391929626,-0.0031227385625243187,0.9027594923973083,-0.4300846755504608,-0.007246998138725758,0.4651408791542053,-0.3095916211605072,-0.04573976993560791,0.5835375189781189,-0.18588948249816895,-0.03682853281497955,0.5163211226463318,-0.16197654604911804,-0.019771864637732506,0.4492177665233612,-0.18079692125320435,-0.014288658276200294,0.46787115931510925,-0.13368016481399536,-0.0741257593035698,0.5345195531845093,-0.0653783306479454,-0.041679635643959045,0.4696958661079407,-0.05582795664668083,-0.0007912558503448963,0.41025224328041077,-0.07810893654823303,0.011830446310341358,0.44920217990875244,0.015451479703187943,-0.10231742262840271,0.4796146750450134,0.04136202484369278,-0.047114674001932144,0.42034924030303955,0.05019307881593704,0.005829887930303812,0.3669702708721161,0.03492039814591408,0.0348537415266037,0.0,0.0,0.0,-0.1444161832332611,-0.1644456535577774,0.02859395556151867,-0.1558581292629242,-0.34884965419769287,0.0373840406537056,-0.14102725684642792,-0.47168031334877014,0.03202778100967407,-0.1203731968998909,-0.5709325075149536,0.024598846212029457,0.010369514115154743,-0.5133188366889954,0.05847161263227463,-0.05619346350431442,-0.6912254095077515,0.04612201079726219,-0.10789787769317627,-0.8124340176582336,0.027115629985928535,-0.14479927718639374,-0.9221912026405334,0.00842434074729681,0.04709446430206299,-0.5131945013999939,0.016340553760528564,-0.045557864010334015,-0.7229368686676025,-0.004073089919984341,-0.11261364072561264,-0.8618637919425964,-0.02879760041832924,-0.1556357592344284,-0.9866083264350891,-0.04880047217011452,0.048286862671375275,-0.4916512966156006,-0.02968146838247776,-0.04310942068696022,-0.7176257967948914,-0.061376266181468964,-0.11127808690071106,-0.8624703288078308,-0.07876279205083847,-0.15453781187534332,-0.9826342463493347,-0.08974725753068924,0.010547059588134289,-0.46466395258903503,-0.07505941390991211,-0.055955544114112854,-0.6702386140823364,-0.10425271093845367,-0.10371537506580353,-0.7840085625648499,-0.111036516726017,-0.1374092847108841,-0.877816915512085,-0.11479776352643967,COLD
0.0,0.0,0.0,0.11320391297340393,-0.2581762373447418,0.05537881702184677,0.3066503703594208,-0.3451003432273865,0.060003574937582016,0.436232328414917,-0.30821195244789124,0.0503995306789875,0.5070203542709351,-0.19646359980106354,0.037244733422994614,0.4322858452796936,-0.4573501944541931,-0.006036392413079739,0.6684167981147766,-0.4393606185913086,-0.003102322109043598,0.8034086227416992,-0.42436984181404114,0.0016392769757658243,0.9102688431739807,-0.4140153229236603,-0.0014064289862290025,0.46945473551750183,-0.3030107915401459,-0.04756922274827957,0.5950460433959961,-0.17362022399902344,-0.03476037457585335,0.5259854197502136,-0.15094536542892456,-0.014312474057078362,0.45494380593299866,-0.17169487476348877,-0.0073927827179431915,0.46816104650497437,-0.124261774122715,-0.07856300473213196,0.5401085615158081,-0.05242012441158295,-0.041733626276254654,0.4744853675365448,-0.04326091334223747,0.001844298210926354,0.412137895822525,-0.06604938954114914,0.01504282932728529,0.443803995847702,0.027237756177783012,-0.10869788378477097,0.4812811315059662,0.055663518607616425,-0.04901091754436493,0.42201828956604004,0.06422014534473419,0.00686150137335062,0.3662983179092407,0.048532601445913315,0.03685035929083824,0.0,0.0,0.0,-0.1430949866771698,-0.16156677901744843,0.02208237536251545,-0.15959236025810242,-0.34783491492271423,0.030087050050497055,-0.14728590846061707,-0.46894216537475586,0.025830652564764023,-0.12757857143878937,-0.5638437271118164,0.019990982487797737,0.012552077881991863,-0.5179359316825867,0.05189305171370506,-0.0592050664126873,-0.6876824498176575,0.037684403359889984,-0.11351645737886429,-0.8066616654396057,0.016704995185136795,-0.1514473408460617,-0.9136554002761841,-0.003642510622739792,0.048882920295000076,-0.5185227394104004,0.013723796233534813,-0.04986881837248802,-0.7229664325714111,-0.00802088063210249,-0.1183645948767662,-0.8594555854797363,-0.03405877575278282,-0.16174864768981934,-0.983400285243988,-0.055447258055210114,0.04907451197504997,-0.49540892243385315,-0.028671685606241226,-0.04618566855788231,-0.7185720205307007,-0.06166062504053116,-0.11545351892709732,-0.8623021245002747,-0.08087603002786636,-0.15798397362232208,-0.9830257296562195,-0.09328111261129379,0.010737287811934948,-0.46627378463745117,-0.07085976749658585,-0.05664614588022232,-0.666683554649353,-0.10133302956819534,-0.1050206795334816,-0.7787004709243774,-0.11003366857767105,-0.1386169046163559,-0.8745740056037903,-0.11548955738544464,COLD
0.0,0.0,0.0,0.11005750298500061,-0.2557559907436371,0.056167975068092346,0.3009067177772522,-0.34445083141326904,0.06234098970890045,0.42975130677223206,-0.3059335947036743,0.0530826598405838,0.502403974533081,-0.19469740986824036,0.04055182263255119,0.4273635149002075,-0.4574064016342163,0.004107824992388487,0.6630380153656006,-0.4415304362773895,0.006486990954726934,0.7984885573387146,-0.4286985397338867,0.01069438923150301,0.9068741798400879,-0.42133063077926636,0.0077190394513309,0.4634859561920166,-0.3113877773284912,-0.03840146213769913,0.5916913747787476,-0.17997418344020844,-0.030973652377724648,0.5190648436546326,-0.15280568599700928,-0.013919209130108356,0.4455699920654297,-0.17250730097293854,-0.0067946938797831535,0.4640562832355499,-0.13826924562454224,-0.07102371752262115,0.5424323081970215,-0.056636374443769455,-0.03945087268948555,0.4751896262168884,-0.04223538562655449,0.0023332349956035614,0.41223809123039246,-0.0632738322019577,0.016897102817893028,0.4433991611003876,0.011605951003730297,-0.10275235027074814,0.4889056384563446,0.05095840245485306,-0.046823758631944656,0.42813369631767273,0.06378103792667389,0.008135426789522171,0.3716881573200226,0.05042489618062973,0.03901582956314087,0.0,0.0,0.0,-0.15396210551261902,-0.16897259652614594,0.0344916433095932,-0.17476074397563934,-0.35674840211868286,0.04631950333714485,-0.1700069159269333,-0.48290151357650757,0.0431254617869854,-0.1627342700958252,-0.5876901149749756,0.038565125316381454,0.011038349941372871,-0.5201176404953003,0.06982161849737167,-0.05912214517593384,-0.6932969093322754,0.06122218072414398,-0.11091869324445724,-0.812317967414856,0.04318217188119888,-0.1489640772342682,-0.9221834540367126,0.02444736286997795,0.05130033940076828,-0.5200582146644592,0.0253297071903944,-0.05098063498735428,-0.7279375791549683,0.00953863188624382,-0.11834251880645752,-0.863349199295044,-0.012210283428430557,-0.1627766340970993,-0.9861911535263062,-0.03050944022834301,0.052406493574380875,-0.4969605803489685,-0.023046446964144707,-0.051010411232709885,-0.7199510931968689,-0.04822893813252449,-0.11989791691303253,-0.8592352867126465,-0.059556975960731506,-0.16278262436389923,-0.980234682559967,-0.06759601086378098,0.01252375915646553,-0.46675634384155273,-0.07104461640119553,-0.06432583183050156,-0.6597954034805298,-0.0931876078248024,-0.1127973273396492,-0.7670387625694275,-0.09542550146579742,-0.14444032311439514,-0.8628715872764587,-0.09684576094150543,COLD
0.0,0.0,0.0,0.10551581531763077,-0.25964808464050293,0.05856592580676079,0.29402023553848267,-0.35222315788269043,0.06435526907444,0.42182499170303345,-0.3206337094306946,0.054588451981544495,0.49561387300491333,-0.2146361619234085,0.040675658732652664,0.4192448854446411,-0.46196112036705017,-0.0016988614806905389,0.6555902361869812,-0.4503588080406189,-0.0022648500744253397,0.7924491167068481,-0.4384852647781372,-2.5438574084546417e-05,0.9026213884353638,-0.43041670322418213,-0.003992512356489897,0.4555011987686157,-0.3168025016784668,-0.04528707265853882,0.5909608006477356,-0.18682032823562622,-0.03808743506669998,0.5190172791481018,-0.16024984419345856,-0.01813575066626072,0.443588525056839,-0.1793672740459442,-0.00957490224391222,0.45590367913246155,-0.14360900223255157,-0.07875632494688034,0.5406113862991333,-0.06473428755998611,-0.04582471773028374,0.47419479489326477,-0.050622571259737015,-0.0010163260158151388,0.409413605928421,-0.07069295644760132,0.014631093479692936,0.43404459953308105,0.006252698600292206,-0.11117079108953476,0.482665091753006,0.04185759648680687,-0.053290948271751404,0.422696590423584,0.05294109508395195,0.003343308577314019,0.3655608296394348,0.03802047669887543,0.03444677218794823,0.0,0.0,0.0,-0.1453712284564972,-0.169540673494339,0.02342868223786354,-0.16074009239673615,-0.34841251373291016,0.025044294074177742,-0.14978401362895966,-0.46602344512939453,0.012202322483062744,-0.1334695965051651,-0.5713360905647278,-0.0018474836833775043,0.009810657240450382,-0.5245640873908997,0.05470104143023491,-0.06045489013195038,-0.694189190864563,0.037144117057323456,-0.11470942944288254,-0.811062216758728,0.013384210877120495,-0.1530240923166275,-0.917328953742981,-0.008567656390368938,0.04548588767647743,-0.5251160860061646,0.01212404016405344,-0.05228271335363388,-0.728217601776123,-0.01075251866132021,-0.12060761451721191,-0.8630974292755127,-0.035538818687200546,-0.16438958048820496,-0.984818160533905,-0.055760134011507034,0.0474657341837883,-0.5015042424201965,-0.035410381853580475,-0.050176627933979034,-0.7246382832527161,-0.06596490740776062,-0.11811632663011551,-0.8610852956771851,-0.07767461240291595,-0.15884928405284882,-0.9765865206718445,-0.08582460880279541,0.011859952472150326,-0.47034889459609985,-0.08374400436878204,-0.06114750728011131,-0.6630869507789612,-0.1111641377210617,-0.10868978500366211,-0.7715618014335632,-0.11486247181892395,-0.14034852385520935,-0.8655894994735718,-0.11681189388036728,COLD
0.0,0.0,0.0,0.09775571525096893,-0.26741158962249756,0.06553065776824951,0.28447577357292175,-0.36277252435684204,0.0748448371887207,0.41487744450569153,-0.3347364366054535,0.0680026039481163,0.493746817111969,-0.23283839225769043,0.05634608492255211,0.4167904555797577,-0.4720866084098816,0.00370378652587533,0.6563023328781128,-0.4591502845287323,0.00934807863086462,0.7909313440322876,-0.44660860300064087,0.016346758231520653,0.8990853428840637,-0.4375026524066925,0.015395401045680046,0.4551219940185547,-0.3271579146385193,-0.04035114869475365,0.5866586565971375,-0.19528061151504517,-0.024446938186883926,0.5123569965362549,-0.17211589217185974,-0.0007591941393911839,0.43833795189857483,-0.19175291061401367,0.008322644047439098,0.4554368257522583,-0.15314148366451263,-0.07331889122724533,0.5367057919502258,-0.0726507231593132,-0.034137144684791565,0.4684458374977112,-0.05989442765712738,0.011170916259288788,0.4037961959838867,-0.07920195162296295,0.02523333765566349,0.4342447817325592,-0.003537482349202037,-0.10433986783027649,0.47666579484939575,0.03505583480000496,-0.04205428063869476,0.4160673916339874,0.046867839992046356,0.014988970011472702,0.3595592677593231,0.03163928538560867,0.04546269774436951,0.0,0.0,0.0,-0.15157411992549896,-0.165433868765831,0.030271410942077637,-0.1689079999923706,-0.34479188919067383,0.03801168501377106,-0.15954016149044037,-0.46236446499824524,0.03069235384464264,-0.14579038321971893,-0.564203143119812,0.02139921672642231,0.0059407902881503105,-0.5218775868415833,0.06417793780565262,-0.06523764878511429,-0.6927965879440308,0.05206320062279701,-0.12048247456550598,-0.8096708655357361,0.031849201768636703,-0.1596297323703766,-0.9157997369766235,0.012051974423229694,0.043041933327913284,-0.5235424041748047,0.020563360303640366,-0.05709952861070633,-0.7295001745223999,0.00214762007817626,-0.12686696648597717,-0.8632090091705322,-0.02176637575030327,-0.17070090770721436,-0.9825891852378845,-0.041711412370204926,0.04356921836733818,-0.5004885792732239,-0.027342593297362328,-0.05519712716341019,-0.7243239283561707,-0.05461692065000534,-0.12473159283399582,-0.8640878200531006,-0.06823091208934784,-0.1667201817035675,-0.9829095602035522,-0.07805832475423813,0.00445877481251955,-0.47136008739471436,-0.0751158744096756,-0.06871455162763596,-0.6669672131538391,-0.09987723082304001,-0.11585576087236404,-0.7769942283630371,-0.10399311035871506,-0.1466684192419052,-0.874028205871582,-0.10671762377023697,COLD
0.0,0.0,0.0,0.10168225318193436,-0.259872168302536,0.061746515333652496,0.2877935469150543,-0.35292693972587585,0.06910168379545212,0.4163075387477875,-0.32153624296188354,0.06070006266236305,0.4935700595378876,-0.21977239847183228,0.04773746430873871,0.4174899160861969,-0.46422839164733887,0.0011152660008519888,0.6558042764663696,-0.4530775249004364,0.0033463165163993835,0.7922635674476624,-0.441252738237381,0.007141555659472942,0.9016019701957703,-0.4325481653213501,0.003994503058493137,0.45744797587394714,-0.322696328163147,-0.04219762608408928,0.5887535810470581,-0.1882086992263794,-0.030170930549502373,0.5165785551071167,-0.1611270010471344,-0.009479491971433163,0.44344162940979004,-0.17999839782714844,-0.0019097528420388699,0.46026289463043213,-0.15106119215488434,-0.07495030760765076,0.5374472141265869,-0.0656241700053215,-0.038135826587677,0.4705311059951782,-0.05065552517771721,0.005381092894822359,0.4067245423793793,-0.07057337462902069,0.018764948472380638,0.4407534599304199,-0.0018888715421780944,-0.10639294236898422,0.4789883494377136,0.04150989651679993,-0.046695347875356674,0.4189232885837555,0.05367382615804672,0.00807629432529211,0.36264848709106445,0.03726746514439583,0.03746651113033295,0.0,0.0,0.0,-0.1514676958322525,-0.16336259245872498,0.02307789959013462,-0.16730956733226776,-0.33951327204704285,0.026313552632927895,-0.1588255912065506,-0.45557260513305664,0.01672523096203804,-0.14412982761859894,-0.560166597366333,0.006008238065987825,0.008590486831963062,-0.5220980048179626,0.053375132381916046,-0.06191670149564743,-0.6959460973739624,0.03878924995660782,-0.11636760830879211,-0.813069224357605,0.017697013914585114,-0.1546810120344162,-0.9193858504295349,-0.0020703948102891445,0.04424066096544266,-0.5223777294158936,0.01393457967787981,-0.05442393571138382,-0.7309650778770447,-0.006235021632164717,-0.12413056939840317,-0.8650380373001099,-0.03019125945866108,-0.1685813069343567,-0.9844239950180054,-0.049897048622369766,0.04278520122170448,-0.4995458424091339,-0.02978617697954178,-0.055718787014484406,-0.7253696918487549,-0.05767553672194481,-0.12504950165748596,-0.8648875951766968,-0.07074213773012161,-0.1668400913476944,-0.9816480278968811,-0.07985177636146545,0.0019932209979742765,-0.47180813550949097,-0.07377567142248154,-0.0727972686290741,-0.6673449277877808,-0.09794674068689346,-0.12070608884096146,-0.7763002514839172,-0.10128810256719589,-0.15166020393371582,-0.8705886006355286,-0.10314881801605225,COLD
0.0,0.0,0.0,0.0928007960319519,-0.2651330828666687,0.05804549157619476,0.2770534157752991,-0.3621875047683716,0.06575004011392593,0.4078010022640228,-0.33485862612724304,0.058816712349653244,0.48579466342926025,-0.23323355615139008,0.047421932220458984,0.4110628664493561,-0.4757857918739319,-6.496697460534051e-05,0.6482648849487305,-0.4681466221809387,0.0033868628088384867,0.7848888039588928,-0.4576089680194855,0.008120200596749783,0.8936167359352112,-0.4487943947315216,0.005715380422770977,0.4550078511238098,-0.32837480306625366,-0.040284931659698486,0.5851290822029114,-0.20546568930149078,-0.027923794463276863,0.5144578218460083,-0.1772514283657074,-0.007345188874751329,0.44039154052734375,-0.19254936277866364,0.0006582260830327868,0.46110039949417114,-0.15373340249061584,-0.07014317810535431,0.5400968194007874,-0.08229464292526245,-0.034860964864492416,0.4751092791557312,-0.06643468141555786,0.007084736134856939,0.4101405441761017,-0.08285956084728241,0.020452186465263367,0.44425392150878906,-0.004267129581421614,-0.09854985028505325,0.485258549451828,0.025149548426270485,-0.04071003943681717,0.42733246088027954,0.03754904866218567,0.012888585217297077,0.36962154507637024,0.0251612588763237,0.04213828966021538,0.0,0.0,0.0,-0.15769092738628387,-0.16847677528858185,0.028922706842422485,-0.17197129130363464,-0.3419918119907379,0.034155599772930145,-0.16133998334407806,-0.45632150769233704,0.025373373180627823,-0.145159512758255,-0.5575994849205017,0.014512200839817524,0.003879687748849392,-0.519801914691925,0.05723339319229126,-0.06630996614694595,-0.6948520541191101,0.04589635133743286,-0.12023919820785522,-0.8072973489761353,0.026750095188617706,-0.15804097056388855,-0.9121888279914856,0.0075286999344825745,0.041585471481084824,-0.5211634039878845,0.015212608501315117,-0.05826711282134056,-0.7303792834281921,-0.004261478316038847,-0.12943431735038757,-0.8629980683326721,-0.0284673310816288,-0.17420248687267303,-0.9809956550598145,-0.04863712191581726,0.040321823209524155,-0.4959363043308258,-0.03018716722726822,-0.06018338352441788,-0.7271766066551208,-0.05838453397154808,-0.13160340487957,-0.8658983111381531,-0.0713922306895256,-0.1744043081998825,-0.9813762307167053,-0.08052234351634979,-0.00169087341055274,-0.4649253189563751,-0.07499627768993378,-0.07713633030653,-0.6665486097335815,-0.09957998245954514,-0.12703920900821686,-0.7731471061706543,-0.10199902951717377,-0.15914762020111084,-0.8639589548110962,-0.1033356636762619,COLD
0.0,0.0,0.0,0.08986948430538177,-0.2716635465621948,0.058424897491931915,0.2728026509284973,-0.367510586977005,0.06699328124523163,0.4026384949684143,-0.3390590250492096,0.06090593710541725,0.4799503684043884,-0.23739652335643768,0.04979419708251953,0.40985769033432007,-0.4788026213645935,0.0020819413475692272,0.6444655060768127,-0.4720705449581146,0.007297149393707514,0.7815426588058472,-0.46259212493896484,0.0127610694617033,0.8910654187202454,-0.45374953746795654,0.01067293155938387,0.45480671525001526,-0.32747358083724976,-0.037571195513010025,0.57941073179245,-0.20986689627170563,-0.02278994768857956,0.5088601112365723,-0.1832132488489151,-0.001616860507056117,0.43543049693107605,-0.1951669454574585,0.006303614471107721,0.4601529836654663,-0.1513861119747162,-0.06688369065523148,0.5339789390563965,-0.08513732254505157,-0.03013191558420658,0.46960538625717163,-0.07256941497325897,0.011201142333447933,0.40486133098602295,-0.08786172419786453,0.023712055757641792,0.4425449073314667,-0.0025175558403134346,-0.09470504522323608,0.4761544466018677,0.02279258891940117,-0.036821890622377396,0.41824713349342346,0.03380075469613075,0.015871018171310425,0.36096107959747314,0.021762695163488388,0.04443217068910599,0.0,0.0,0.0,-0.16166962683200836,-0.17538540065288544,0.03443702310323715,-0.17566896975040436,-0.35379472374916077,0.041662607342004776,-0.16535422205924988,-0.4693104922771454,0.03423949331045151,-0.15099449455738068,-0.5736736059188843,0.02456580102443695,-0.0015453938394784927,-0.5275667905807495,0.059970978647470474,-0.07089948654174805,-0.7034355998039246,0.049687206745147705,-0.12369606643915176,-0.8156725764274597,0.03184963017702103,-0.15961278975009918,-0.9212589859962463,0.013978011906147003,0.03814118355512619,-0.5251715183258057,0.015845779329538345,-0.0634550005197525,-0.7323455214500427,-0.0021160447504371405,-0.13250605762004852,-0.8648080229759216,-0.024310069158673286,-0.17458809912204742,-0.9834484457969666,-0.042740676552057266,0.03873100131750107,-0.49679481983184814,-0.031118787825107574,-0.0628337487578392,-0.7232015132904053,-0.05756581947207451,-0.1320561021566391,-0.8639683127403259,-0.06879213452339172,-0.17225366830825806,-0.98207026720047,-0.0765940472483635,-0.0020165112800896168,-0.46299076080322266,-0.0770668238401413,-0.07943572849035263,-0.6618825197219849,-0.10008443892002106,-0.1283581703901291,-0.7683424353599548,-0.10104496031999588,-0.15900027751922607,-0.8586658835411072,-0.10102471709251404,COLD
0.0,0.0,0.0,0.08356346935033798,-0.26937809586524963,0.05870184302330017,0.2656090259552002,-0.3668265640735626,0.06838773936033249,0.3993503451347351,-0.3378998339176178,0.064199298620224,0.4791455566883087,-0.23392459750175476,0.054988667368888855,0.40907326340675354,-0.4808605909347534,0.0010144584812223911,0.6463236808776855,-0.47097456455230713,0.010460726916790009,0.7828688025474548,-0.4612303078174591,0.01909952238202095,0.8916943669319153,-0.45224565267562866,0.01884148083627224,0.45675089955329895,-0.33070051670074463,-0.0367138497531414,0.5770483016967773,-0.20679143071174622,-0.01627933792769909,0.506340742111206,-0.18102630972862244,0.006685000378638506,0.434691846370697,-0.193702831864357,0.014587667770683765,0.46263307332992554,-0.15466903150081635,-0.06355500966310501,0.5297428369522095,-0.08319660276174545,-0.02255045808851719,0.4654928147792816,-0.0711214616894722,0.017506670206785202,0.40143731236457825,-0.0863400548696518,0.02808081917464733,0.44559547305107117,-0.007189715746790171,-0.08872019499540329,0.47216540575027466,0.0217778068035841,-0.028258463367819786,0.41428235173225403,0.03290059417486191,0.02313823625445366,0.3575148284435272,0.02057918906211853,0.05037418752908707,0.0,0.0,0.0,-0.1585082709789276,-0.17420819401741028,0.029306670650839806,-0.17212986946105957,-0.34724998474121094,0.0351940356194973,-0.16035138070583344,-0.4664682447910309,0.027683520689606667,-0.1449677050113678,-0.571101188659668,0.0182047039270401,0.008500020019710064,-0.5198333859443665,0.05577513575553894,-0.06168106198310852,-0.6979069113731384,0.04337868466973305,-0.11553310602903366,-0.8154176473617554,0.024152252823114395,-0.15336251258850098,-0.9237781167030334,0.005164876580238342,0.04690014570951462,-0.5200297832489014,0.014681949280202389,-0.054092660546302795,-0.7310545444488525,-0.0066927531734108925,-0.1243208795785904,-0.8654855489730835,-0.03143264353275299,-0.1672264188528061,-0.9843158721923828,-0.05177807807922363,0.04398983716964722,-0.49541836977005005,-0.02953900396823883,-0.05494728311896324,-0.7226790189743042,-0.05819457024335861,-0.12522956728935242,-0.8638376593589783,-0.071632519364357,-0.16616445779800415,-0.9827706813812256,-0.08093956112861633,-0.0015320985112339258,-0.46540889143943787,-0.07308460026979446,-0.07453491538763046,-0.6659597754478455,-0.09789126366376877,-0.12191043049097061,-0.7763081192970276,-0.10170470923185349,-0.15056003630161285,-0.8723521828651428,-0.10397778451442719,COLD
0.0,0.0,0.0,0.08976753056049347,-0.26233938336372375,0.06022275611758232,0.2731073796749115,-0.3604206144809723,0.07027867436408997,0.4030015170574188,-0.33743569254875183,0.06573481857776642,0.48149245977401733,-0.23981916904449463,0.056302450597286224,0.41305965185165405,-0.47692540287971497,0.002973091322928667,0.650829017162323,-0.46462562680244446,0.010649986565113068,0.7866498231887817,-0.45346972346305847,0.018180876970291138,0.8949859738349915,-0.44576823711395264,0.017051659524440765,0.45964479446411133,-0.32978376746177673,-0.03668986260890961,0.5830914378166199,-0.1979675590991974,-0.019299013540148735,0.5112082362174988,-0.1715058982372284,0.002165386686101556,0.4384278357028961,-0.18999706208705902,0.009466186165809631,0.4662805199623108,-0.15502148866653442,-0.06562675535678864,0.5321996808052063,-0.07223469763994217,-0.026456432417035103,0.4662250876426697,-0.05835498869419098,0.013352738693356514,0.40216904878616333,-0.07862813025712967,0.023791184648871422,0.4493761360645294,-0.00760669307783246,-0.09304546564817429,0.4755362868309021,0.03429258614778519,-0.034032996743917465,0.4150351583957672,0.046185582876205444,0.016563789919018745,0.3574829697608948,0.02891886606812477,0.04311203584074974,0.0,0.0,0.0,-0.16302452981472015,-0.17900359630584717,0.03873448446393013,-0.1761881411075592,-0.35376328229904175,0.0466003380715847,-0.1669379323720932,-0.46909064054489136,0.038661327213048935,-0.15455292165279388,-0.5751844644546509,0.028158038854599,-0.0020662350580096245,-0.5220157504081726,0.0634155198931694,-0.0725196897983551,-0.7007364630699158,0.0546133853495121,-0.12528301775455475,-0.8110045790672302,0.038171734660863876,-0.16183717548847198,-0.9165535569190979,0.02099517732858658,0.03832447528839111,-0.5205600261688232,0.016514381393790245,-0.06372185051441193,-0.7314894199371338,-0.00233266968280077,-0.13432487845420837,-0.8656501173973083,-0.02428632602095604,-0.17704987525939941,-0.9832883477210999,-0.04239721968770027,0.037623483687639236,-0.4924842417240143,-0.03281175717711449,-0.06331754475831985,-0.7252185344696045,-0.060282617807388306,-0.13418081402778625,-0.8654922842979431,-0.06985937058925629,-0.1746840476989746,-0.9811649918556213,-0.07615366578102112,-0.00581445312127471,-0.45834243297576904,-0.08066782355308533,-0.08100844919681549,-0.6632115840911865,-0.10388176888227463,-0.13006503880023956,-0.7706930637359619,-0.10314001142978668,-0.15930846333503723,-0.8589422106742859,-0.10181036591529846,COLD
0.0,0.0,0.0,0.09487369656562805,-0.26473844051361084,0.05584728345274925,0.28310805559158325,-0.3594178259372711,0.06390716880559921,0.41663822531700134,-0.3300646245479584,0.05824999138712883,0.4958966374397278,-0.22907912731170654,0.04884568601846695,0.41651368141174316,-0.47562626004219055,0.0010543836979195476,0.6551270484924316,-0.4649374485015869,0.0075464313849806786,0.7895310521125793,-0.45200401544570923,0.01497465930879116,0.8965795040130615,-0.442656010389328,0.014169037342071533,0.4582882523536682,-0.3235373795032501,-0.037443291395902634,0.5867295265197754,-0.20002387464046478,-0.024128349497914314,0.5142265558242798,-0.17735625803470612,-0.003581979079172015,0.4390932023525238,-0.1955765038728714,0.004611707758158445,0.46193191409111023,-0.14830750226974487,-0.0658106580376625,0.5323890447616577,-0.07276030629873276,-0.03007916919887066,0.4668889045715332,-0.060932010412216187,0.010065301321446896,0.4024893045425415,-0.07937735319137573,0.022178377956151962,0.4436149001121521,-0.0008003011462278664,-0.09296411275863647,0.47613412141799927,0.03521920368075371,-0.035916268825531006,0.4166460633277893,0.04602335765957832,0.01497608982026577,0.3602709174156189,0.030110225081443787,0.04240337386727333,0.0,0.0,0.0,-0.16422496736049652,-0.17646880447864532,0.03311988711357117,-0.17629042267799377,-0.34933218359947205,0.0384305864572525,-0.16453954577445984,-0.4632129669189453,0.029229993000626564,-0.1485450118780136,-0.5681052803993225,0.0181240513920784,0.0003024253237526864,-0.5239290595054626,0.060150377452373505,-0.06633534282445908,-0.7011056542396545,0.05041756108403206,-0.11775826662778854,-0.8117595911026001,0.03316149860620499,-0.15224429965019226,-0.9170882701873779,0.015700720250606537,0.040365856140851974,-0.522681474685669,0.01674558036029339,-0.057496827095746994,-0.73368901014328,-0.002683835569769144,-0.12588851153850555,-0.866456925868988,-0.02509649284183979,-0.16621004045009613,-0.9851242899894714,-0.043639253824949265,0.039499055594205856,-0.49571436643600464,-0.02955450303852558,-0.0576893649995327,-0.7252964377403259,-0.05674084275960922,-0.12766827642917633,-0.8654069304466248,-0.0668594166636467,-0.16746452450752258,-0.9806594848632812,-0.07352305948734283,-0.004404944367706776,-0.4644224941730499,-0.07492834329605103,-0.07890469580888748,-0.6688658595085144,-0.09628482162952423,-0.12786436080932617,-0.775410532951355,-0.09510815888643265,-0.1576600968837738,-0.862617552280426,-0.0938248559832573,COLD
0.0,0.0,0.0,0.09753990918397903,-0.26797816157341003,0.06105842441320419,0.28302499651908875,-0.36325010657310486,0.07194758951663971,0.4101422429084778,-0.3329281806945801,0.06759613752365112,0.4854525625705719,-0.2318178415298462,0.058789607137441635,0.41431552171707153,-0.47534286975860596,0.007542293518781662,0.6538374423980713,-0.46448174118995667,0.015608731657266617,0.7886605858802795,-0.4534171223640442,0.02379744127392769,0.8949117064476013,-0.4456303119659424,0.023379378020763397,0.45738717913627625,-0.326992005109787,-0.032811980694532394,0.5847673416137695,-0.2006581723690033,-0.017173761501908302,0.5135511755943298,-0.1735498011112213,0.003642736002802849,0.44013169407844543,-0.19009189307689667,0.011522890999913216,0.46323052048683167,-0.15219852328300476,-0.06273242831230164,0.5337722897529602,-0.07532820105552673,-0.024044746533036232,0.4687669277191162,-0.06058087572455406,0.015843169763684273,0.4043094515800476,-0.07904205471277237,0.02700553461909294,0.4469051659107208,-0.0031786372419446707,-0.09116075187921524,0.4755435883998871,0.033158157020807266,-0.03149959072470665,0.4157012104988098,0.04507980868220329,0.019870014861226082,0.35762524604797363,0.02967185154557228,0.047145776450634,0.0,0.0,0.0,-0.16440372169017792,-0.17727172374725342,0.02347523532807827,-0.17625238001346588,-0.3535144329071045,0.02276533655822277,-0.1653226763010025,-0.4702757000923157,0.010363355278968811,-0.14953871071338654,-0.578270435333252,-0.0038009430281817913,0.0011490797623991966,-0.5232635736465454,0.04041130468249321,-0.06718266010284424,-0.700531005859375,0.02587011083960533,-0.11903651803731918,-0.8114798069000244,0.006238108966499567,-0.1549273133277893,-0.9178695678710938,-0.012370334938168526,0.04151029512286186,-0.5189754366874695,0.002604438690468669,-0.05765213817358017,-0.7299335598945618,-0.0206616073846817,-0.12588733434677124,-0.8631432056427002,-0.043350230902433395,-0.1678079217672348,-0.9838669896125793,-0.062019236385822296,0.04067988321185112,-0.489861398935318,-0.03766442462801933,-0.055735211819410324,-0.7189180850982666,-0.06601802259683609,-0.12431029230356216,-0.8594970107078552,-0.07549435645341873,-0.16351136565208435,-0.9754698872566223,-0.08210974931716919,-0.0038979551754891872,-0.4572768807411194,-0.0775180533528328,-0.07754451781511307,-0.6543868780136108,-0.09794073551893234,-0.12350078672170639,-0.7593113780021667,-0.09599629789590836,-0.14948950707912445,-0.8460479974746704,-0.09461234509944916,COLD
0.0,0.0,0.0,0.09814192354679108,-0.26667749881744385,0.06267441809177399,0.2826017439365387,-0.3638952970504761,0.07279220223426819,0.4081873297691345,-0.33756399154663086,0.06717152148485184,0.48435044288635254,-0.24024759232997894,0.05707862973213196,0.4150281846523285,-0.475846529006958,0.006284203380346298,0.6534357070922852,-0.4659455716609955,0.012355276383459568,0.7879098653793335,-0.45425722002983093,0.01932716742157936,0.8947340846061707,-0.44622933864593506,0.01817367598414421,0.45706743001937866,-0.3304377496242523,-0.03596390411257744,0.5873776078224182,-0.20064006745815277,-0.022107699885964394,0.5149812698364258,-0.17341238260269165,-0.001046323450282216,0.4409129023551941,-0.1909756362438202,0.007191820070147514,0.46174657344818115,-0.15687274932861328,-0.06771856546401978,0.5344460010528564,-0.07509773969650269,-0.030335403978824615,0.4681563377380371,-0.05953168869018555,0.01081607211381197,0.4036905765533447,-0.07812324166297913,0.0229345615953207,0.4437021017074585,-0.007950659841299057,-0.09788954257965088,0.47677671909332275,0.03249314799904823,-0.03842797502875328,0.41616833209991455,0.045157697051763535,0.014139044098556042,0.3588140606880188,0.029888218268752098,0.04214655980467796,0.0,0.0,0.0,-0.16383230686187744,-0.18032391369342804,0.03475922718644142,-0.1735691875219345,-0.3520468771457672,0.038469649851322174,-0.1624934822320938,-0.46302011609077454,0.02741151489317417,-0.14713503420352936,-0.5681306719779968,0.013645836152136326,0.005791564006358385,-0.5193743109703064,0.05513223633170128,-0.060682907700538635,-0.7002178430557251,0.04598353058099747,-0.11179600656032562,-0.8095625042915344,0.029739074409008026,-0.1475975662469864,-0.9155140519142151,0.013073799200356007,0.04628777131438255,-0.5159360766410828,0.01079899538308382,-0.05101698264479637,-0.7313108444213867,-0.009392141364514828,-0.11852680891752243,-0.8662877678871155,-0.03142821043729782,-0.16051718592643738,-0.985792875289917,-0.04946376383304596,0.044896963983774185,-0.4875819683074951,-0.03540284186601639,-0.05179191753268242,-0.7228239178657532,-0.06293189525604248,-0.1212669238448143,-0.8642582297325134,-0.07217856496572495,-0.1624016910791397,-0.9789631366729736,-0.0780520811676979,-0.0014520564582198858,-0.4554597735404968,-0.08016245067119598,-0.07746317237615585,-0.6617764234542847,-0.10003312677145004,-0.1243085041642189,-0.7641313076019287,-0.0960686206817627,-0.15136700868606567,-0.8444188833236694,-0.09284859150648117,COLD
0.0,0.0,0.0,0.09027785062789917,-0.27285775542259216,0.05939207226037979,0.27269166707992554,-0.3746035397052765,0.0707693099975586,0.4007193148136139,-0.34826934337615967,0.06755419075489044,0.4761396050453186,-0.24788179993629456,0.059782981872558594,0.407762736082077,-0.4859360158443451,0.005690227262675762,0.6468350291252136,-0.47830796241760254,0.014014871791005135,0.7821943759918213,-0.467053085565567,0.02249354124069214,0.8887972831726074,-0.4577464461326599,0.02253081277012825,0.45254361629486084,-0.336555153131485,-0.03245464339852333,0.5789616703987122,-0.211386576294899,-0.015524085611104965,0.5082843899726868,-0.18641968071460724,0.006535812746733427,0.43504443764686584,-0.20186366140842438,0.01506858691573143,0.45875605940818787,-0.16080088913440704,-0.06024559587240219,0.5291620492935181,-0.08545535802841187,-0.021251752972602844,0.46512171626091003,-0.0712583139538765,0.018718738108873367,0.400949627161026,-0.08675460517406464,0.030101021751761436,0.4427466094493866,-0.011222118511795998,-0.08652909100055695,0.4720834195613861,0.023483416065573692,-0.027096951380372047,0.41340339183807373,0.03557785227894783,0.02398448809981346,0.35640689730644226,0.022301986813545227,0.051378630101680756,0.0,0.0,0.0,-0.15884427726268768,-0.17601028084754944,0.0270537156611681,-0.16875691711902618,-0.3528480529785156,0.02868982031941414,-0.1557319611310959,-0.46676018834114075,0.017485084012150764,-0.14029690623283386,-0.5730715394020081,0.004267101176083088,0.0074033900164067745,-0.5221534371376038,0.04702145978808403,-0.059165094047784805,-0.7005510926246643,0.035921886563301086,-0.11017648875713348,-0.8096391558647156,0.018557563424110413,-0.1447387933731079,-0.9145073294639587,0.0013985162368044257,0.04644932970404625,-0.5172987580299377,0.006228869315236807,-0.04939599335193634,-0.7307693958282471,-0.015010528266429901,-0.11446724832057953,-0.8657441139221191,-0.03697844594717026,-0.15501970052719116,-0.9864003658294678,-0.05461988225579262,0.0466412790119648,-0.48789817094802856,-0.03705184534192085,-0.04895502328872681,-0.7201094031333923,-0.06621850281953812,-0.11625649780035019,-0.862537682056427,-0.07713185250759125,-0.15569081902503967,-0.9786750078201294,-0.08401066064834595,0.005485608242452145,-0.4540306627750397,-0.079457588493824,-0.07125768810510635,-0.6559770107269287,-0.10132453590631485,-0.1178208589553833,-0.7528108358383179,-0.09864364564418793,-0.1443937122821808,-0.8283033967018127,-0.0959937795996666,COLD
0.0,0.0,0.0,0.09300804883241653,-0.2674005925655365,0.06600973010063171,0.2766903340816498,-0.3678029477596283,0.07985100150108337,0.4053953289985657,-0.3411151170730591,0.07828798145055771,0.4835232198238373,-0.23916007578372955,0.07154522091150284,0.41069096326828003,-0.47665315866470337,0.008638005703687668,0.6513132452964783,-0.46993136405944824,0.019965242594480515,0.7861470580101013,-0.45872846245765686,0.03087437152862549,0.8923237919807434,-0.45021235942840576,0.03266674280166626,0.4547950327396393,-0.328145295381546,-0.03099510259926319,0.5853967070579529,-0.21027973294258118,-0.008160506375133991,0.5139800906181335,-0.18621979653835297,0.017729468643665314,0.43878403306007385,-0.20152652263641357,0.027714969590306282,0.46074292063713074,-0.152939110994339,-0.05952046439051628,0.5337471961975098,-0.08358241617679596,-0.013654986396431923,0.47008728981018066,-0.06888265162706375,0.028910325840115547,0.4049013555049896,-0.08318620920181274,0.040243811905384064,0.44388025999069214,-0.004345820285379887,-0.08601191639900208,0.4776785373687744,0.02573198825120926,-0.020555714145302773,0.42091476917266846,0.038611795753240585,0.03285485878586769,0.36433145403862,0.027551941573619843,0.06055840849876404,0.0,0.0,0.0,-0.16086263954639435,-0.1787363737821579,0.030790915712714195,-0.17178931832313538,-0.35167139768600464,0.033617787063121796,-0.16140827536582947,-0.46446216106414795,0.022896239534020424,-0.1462111622095108,-0.5697150230407715,0.009440931491553783,0.0054556503891944885,-0.5197594165802002,0.049461863934993744,-0.061801280826330185,-0.6999353766441345,0.038929905742406845,-0.1117122694849968,-0.8103001713752747,0.02142966538667679,-0.14549128711223602,-0.9171090722084045,0.003947532270103693,0.04438013955950737,-0.5149388909339905,0.007563955616205931,-0.05287502706050873,-0.727088451385498,-0.012686657719314098,-0.11745795607566833,-0.8635230660438538,-0.03551080450415611,-0.15747800469398499,-0.9860320687294006,-0.05423548445105553,0.04332379624247551,-0.4844973087310791,-0.03620753437280655,-0.05392060801386833,-0.7165382504463196,-0.06380008906126022,-0.11972750723361969,-0.8600269556045532,-0.07421492785215378,-0.15845300257205963,-0.9777952432632446,-0.08133001625537872,0.0005397827480919659,-0.44983312487602234,-0.07876656204462051,-0.074228435754776,-0.6502584218978882,-0.09950189292430878,-0.11870592087507248,-0.7498478889465332,-0.09660674631595612,-0.14437051117420197,-0.830531895160675,-0.09418625384569168,COLD
0.0,0.0,0.0,0.0918506532907486,-0.27053365111351013,0.05869350582361221,0.27542904019355774,-0.3705403804779053,0.06922292709350586,0.40466827154159546,-0.3426993787288666,0.06529899686574936,0.481386661529541,-0.24128657579421997,0.056930288672447205,0.4059942066669464,-0.4795037806034088,0.0038907816633582115,0.64518141746521,-0.4742063879966736,0.009557490237057209,0.7822139263153076,-0.463588148355484,0.016623660922050476,0.8906713128089905,-0.45435893535614014,0.016204029321670532,0.4493979215621948,-0.3298097550868988,-0.034163787961006165,0.5799298882484436,-0.21390092372894287,-0.019678231328725815,0.5099682807922363,-0.1887613832950592,0.002758975373581052,0.4358328580856323,-0.20200297236442566,0.012255935929715633,0.45558834075927734,-0.15548178553581238,-0.06218652054667473,0.5304455757141113,-0.08655600249767303,-0.024102618917822838,0.4678577482700348,-0.07293079793453217,0.017192501574754715,0.4038067162036896,-0.0873025506734848,0.029826289042830467,0.43941324949264526,-0.007260599639266729,-0.08885733783245087,0.4729195535182953,0.022653697058558464,-0.028907010331749916,0.4160210192203522,0.03468473628163338,0.02294761687517166,0.3603745102882385,0.023770365864038467,0.05074509233236313,0.0,0.0,0.0,-0.15875749289989471,-0.18133026361465454,0.03913133218884468,-0.16934029757976532,-0.3500230312347412,0.045220375061035156,-0.1600923240184784,-0.4600915014743805,0.03552757948637009,-0.14650754630565643,-0.5645256638526917,0.02305375412106514,0.010482937097549438,-0.5167191028594971,0.06172436103224754,-0.057176779955625534,-0.6970647573471069,0.05354372411966324,-0.10657604038715363,-0.8068012595176697,0.037176989018917084,-0.13954104483127594,-0.9130874276161194,0.020150557160377502,0.04845442995429039,-0.5155685544013977,0.015119471587240696,-0.05001314356923103,-0.7293961644172668,-0.0030240013729780912,-0.11695926636457443,-0.86593097448349,-0.024823790416121483,-0.15713730454444885,-0.9866337180137634,-0.0431482270359993,0.04498249664902687,-0.4883228838443756,-0.033356983214616776,-0.05128311738371849,-0.7217298150062561,-0.05843701958656311,-0.1187213808298111,-0.8626843094825745,-0.06711157411336899,-0.15735232830047607,-0.9794468879699707,-0.0735781267285347,-0.0008490956970490515,-0.4550682008266449,-0.08034173399209976,-0.07007288187742233,-0.6590051651000977,-0.09974150359630585,-0.11383296549320221,-0.7626543641090393,-0.09688342362642288,-0.1395803540945053,-0.8488823771476746,-0.09492150694131851,COLD
0.0,0.0,0.0,0.09213156998157501,-0.26727595925331116,0.06246011704206467,0.274067759513855,-0.36723652482032776,0.07550325989723206,0.40400809049606323,-0.33730965852737427,0.07422209531068802,0.482345849275589,-0.23410844802856445,0.06803539395332336,0.41106221079826355,-0.4784664809703827,0.006291743367910385,0.6541029214859009,-0.4680582582950592,0.020789192989468575,0.7877922654151917,-0.4563401937484741,0.03427201509475708,0.8924520015716553,-0.4495733678340912,0.03759263828396797,0.4571188986301422,-0.32441025972366333,-0.0311073400080204,0.5832585692405701,-0.20752200484275818,-0.006708364933729172,0.5117008686065674,-0.18555723130702972,0.01827683113515377,0.43587157130241394,-0.20058082044124603,0.027765026316046715,0.463344931602478,-0.14699868857860565,-0.05721172317862511,0.5270686149597168,-0.07798603922128677,-0.01070376019924879,0.4635753929615021,-0.06533055752515793,0.02913951314985752,0.39698272943496704,-0.07906421273946762,0.03895076364278793,0.4478166699409485,0.0007941293879412115,-0.08149635791778564,0.4735502600669861,0.032098185271024704,-0.01660064607858658,0.41591253876686096,0.04447232931852341,0.03471153974533081,0.3580368459224701,0.03371228277683258,0.06142644211649895,0.0,0.0,0.0,-0.16469523310661316,-0.1845441609621048,0.0336814820766449,-0.17369353771209717,-0.35776999592781067,0.03860845789313316,-0.1602904349565506,-0.4714997410774231,0.029194971546530724,-0.14083117246627808,-0.5771604776382446,0.01777004823088646,0.004240582697093487,-0.5252739191055298,0.05968402698636055,-0.05796625837683678,-0.7036724090576172,0.05241395905613899,-0.106596440076828,-0.8136318325996399,0.03716515377163887,-0.13964062929153442,-0.919116735458374,0.021216604858636856,0.04372033104300499,-0.521853506565094,0.016997363418340683,-0.04808105528354645,-0.7337589859962463,-0.0014408071292564273,-0.1120428666472435,-0.8679881691932678,-0.022354938089847565,-0.15027406811714172,-0.9878749847412109,-0.0389958955347538,0.04390735179185867,-0.4922237694263458,-0.028117123991250992,-0.048475299030542374,-0.7187349796295166,-0.05345510318875313,-0.11282967776060104,-0.8587973713874817,-0.062370672821998596,-0.14929641783237457,-0.9750710725784302,-0.06792409718036652,0.0011169255012646317,-0.4568975269794464,-0.07217802107334137,-0.0698811486363411,-0.6567987203598022,-0.08911383152008057,-0.11392440646886826,-0.7592378258705139,-0.08500023186206818,-0.13844259083271027,-0.8422572612762451,-0.08172628283500671,COLD
0.0,0.0,0.0,0.09220028668642044,-0.2689092755317688,0.05508533492684364,0.2747645378112793,-0.37083229422569275,0.06542543321847916,0.4051936864852905,-0.34264203906059265,0.0625147596001625,0.4810963571071625,-0.23907288908958435,0.05539079010486603,0.41181308031082153,-0.47710707783699036,0.0008384542888961732,0.6518526673316956,-0.4687291383743286,0.009214440360665321,0.7878616452217102,-0.45720332860946655,0.018381822854280472,0.8936717510223389,-0.44831210374832153,0.019160320982336998,0.455657035112381,-0.3220926523208618,-0.03463737666606903,0.5791544914245605,-0.20790722966194153,-0.018351193517446518,0.5091149806976318,-0.18664109706878662,0.003927028272300959,0.4348948001861572,-0.20104068517684937,0.013014448806643486,0.4609057903289795,-0.14547039568424225,-0.05992573872208595,0.5267952084541321,-0.08108190447092056,-0.022943953052163124,0.46425861120224,-0.06891852617263794,0.015571674332022667,0.3993031680583954,-0.08160848170518875,0.02696887031197548,0.4446903467178345,0.0029520797543227673,-0.08370800316333771,0.47367605566978455,0.02502503991127014,-0.0274827778339386,0.4169369637966156,0.036615192890167236,0.02193220518529415,0.36000797152519226,0.028607221320271492,0.04915481433272362,0.0,0.0,0.0,-0.16687901318073273,-0.1908465474843979,0.03643100708723068,-0.173749640583992,-0.359728068113327,0.042317576706409454,-0.1590648740530014,-0.4712839722633362,0.03276049718260765,-0.13904640078544617,-0.5758481025695801,0.020836718380451202,0.0055107069201767445,-0.5249148607254028,0.06603359431028366,-0.05589420348405838,-0.702634334564209,0.05771247297525406,-0.1045864149928093,-0.8144012093544006,0.040404628962278366,-0.137191504240036,-0.9214003086090088,0.022661352530121803,0.04598483070731163,-0.5223512649536133,0.021500326693058014,-0.046691086143255234,-0.7324661016464233,0.0021698696073144674,-0.11380675435066223,-0.8668239712715149,-0.021328849717974663,-0.1534213125705719,-0.9873265027999878,-0.04059862717986107,0.04516925290226936,-0.49499425292015076,-0.02564016543328762,-0.04391297325491905,-0.7237714529037476,-0.05117820203304291,-0.10999871045351028,-0.8633332848548889,-0.06042977422475815,-0.14674967527389526,-0.979695737361908,-0.06671318411827087,-0.0009193737641908228,-0.464297890663147,-0.0717603862285614,-0.06761802732944489,-0.6660260558128357,-0.08938784897327423,-0.11026426404714584,-0.7735211253166199,-0.08625815063714981,-0.1336565464735031,-0.8634330034255981,-0.08418626338243484,COLD
0.0,0.0,0.0,0.09205654263496399,-0.26900163292884827,0.0590619333088398,0.2735673189163208,-0.3695262670516968,0.06980961561203003,0.4027714729309082,-0.34346291422843933,0.0660775750875473,0.48113569617271423,-0.24456201493740082,0.05805765092372894,0.41030260920524597,-0.47809287905693054,0.0039091031067073345,0.65003901720047,-0.47134336829185486,0.011490549892187119,0.7851305603981018,-0.46043840050697327,0.020503349602222443,0.8917434215545654,-0.4520401060581207,0.02129325643181801,0.4543931186199188,-0.32622990012168884,-0.034429822117090225,0.5812451243400574,-0.20960837602615356,-0.01774054393172264,0.5105510354042053,-0.18544334173202515,0.005397019442170858,0.43640461564064026,-0.199141263961792,0.014792343601584435,0.4598780870437622,-0.15060408413410187,-0.06257298588752747,0.527864933013916,-0.08164818584918976,-0.024700969457626343,0.4631110429763794,-0.06759011000394821,0.015614881180226803,0.39855876564979553,-0.0808650478720665,0.027584295719861984,0.4432477653026581,-0.002782579977065325,-0.0890614464879036,0.47516313195228577,0.024003757163882256,-0.030759122222661972,0.41656506061553955,0.0360783115029335,0.020432790741324425,0.3591914772987366,0.026002846658229828,0.04802710935473442,0.0,0.0,0.0,-0.16461840271949768,-0.18816183507442474,0.0385354720056057,-0.17392434179782867,-0.35932838916778564,0.046421121805906296,-0.16110727190971375,-0.47258460521698,0.03843703493475914,-0.13996346294879913,-0.5749837160110474,0.028157060965895653,0.009184369817376137,-0.5241486430168152,0.06921939551830292,-0.052602142095565796,-0.7015199065208435,0.06257575005292892,-0.10248290002346039,-0.8138782382011414,0.04632822796702385,-0.13593421876430511,-0.9209068417549133,0.02903367020189762,0.04869753122329712,-0.5229737162590027,0.023993773385882378,-0.045133497565984726,-0.7328541874885559,0.005979862064123154,-0.11253927648067474,-0.8672689199447632,-0.017044520005583763,-0.15142451226711273,-0.987810492515564,-0.03607065975666046,0.04764384403824806,-0.4963448941707611,-0.02373264729976654,-0.04265373572707176,-0.7235346436500549,-0.04908791556954384,-0.10922237485647202,-0.8642876744270325,-0.05942435562610626,-0.14631816744804382,-0.9819010496139526,-0.06649716198444366,0.0024906196631491184,-0.4651303291320801,-0.07016110420227051,-0.06431123614311218,-0.6671682596206665,-0.08861929178237915,-0.10896468907594681,-0.7751232981681824,-0.08657193183898926,-0.13514631986618042,-0.8640756607055664,-0.08513885736465454,COLD
0.0,0.0,0.0,0.09340526908636093,-0.26835301518440247,0.05921004340052605,0.2761903703212738,-0.36693596839904785,0.06989003717899323,0.4061695635318756,-0.34033334255218506,0.06621339172124863,0.4839564561843872,-0.23963701725006104,0.058315176516771317,0.41062331199645996,-0.47778159379959106,0.0046074227429926395,0.6515560150146484,-0.4710260331630707,0.012868935242295265,0.7864922285079956,-0.4603732228279114,0.02215917408466339,0.8919165730476379,-0.45160043239593506,0.023278722539544106,0.45448946952819824,-0.32553648948669434,-0.032904498279094696,0.582216203212738,-0.21365061402320862,-0.014822965487837791,0.5124247670173645,-0.18990200757980347,0.008189375512301922,0.4388008713722229,-0.2019975781440735,0.017364835366606712,0.4604610800743103,-0.14986205101013184,-0.06004929170012474,0.5300425887107849,-0.086600162088871,-0.02078472636640072,0.46710026264190674,-0.07224995642900467,0.019021103158593178,0.4028247594833374,-0.08342499285936356,0.030650515109300613,0.4448779225349426,-0.0018684732494875789,-0.08544491231441498,0.47757551074028015,0.020099379122257233,-0.02559836395084858,0.42098960280418396,0.03268387168645859,0.02578529343008995,0.3643876016139984,0.02509128488600254,0.053590159863233566,0.0,0.0,0.0,-0.1653934121131897,-0.18693330883979797,0.03203846514225006,-0.172931507229805,-0.3589828312397003,0.037555452436208725,-0.15711553394794464,-0.4719961881637573,0.028800280764698982,-0.13562104105949402,-0.5740196108818054,0.018134698271751404,0.008768901228904724,-0.5248498916625977,0.061097562313079834,-0.05204372480511665,-0.7030184268951416,0.051943421363830566,-0.10075647383928299,-0.8163180947303772,0.034849733114242554,-0.13299952447414398,-0.9223501086235046,0.01733727939426899,0.04814014211297035,-0.5222047567367554,0.01890515349805355,-0.042100515216588974,-0.7335190176963806,-0.001847886829636991,-0.10813449323177338,-0.8675873875617981,-0.025733958929777145,-0.14642547070980072,-0.9881986379623413,-0.04497711360454559,0.0471571646630764,-0.49580249190330505,-0.02619333378970623,-0.03952393680810928,-0.7256119847297668,-0.05480434000492096,-0.10523343086242676,-0.8666753768920898,-0.06668893247842789,-0.14141669869422913,-0.9837262630462646,-0.07408090680837631,0.001447835355065763,-0.46663182973861694,-0.07030174881219864,-0.06472775340080261,-0.6711719036102295,-0.0915183275938034,-0.10872464627027512,-0.7796388864517212,-0.09111656993627548,-0.13344313204288483,-0.8690243363380432,-0.09050396084785461,COLD
0.0,0.0,0.0,0.09576107561588287,-0.2717305123806,0.05810005962848663,0.27833637595176697,-0.37041473388671875,0.06900714337825775,0.4074501395225525,-0.3387413024902344,0.0657583698630333,0.48424452543258667,-0.2368553876876831,0.05840149521827698,0.4123763144016266,-0.47900596261024475,0.005076561588793993,0.651850700378418,-0.47113004326820374,0.01409346703439951,0.7868596911430359,-0.45989760756492615,0.023505626246333122,0.8921626210212708,-0.451056569814682,0.024369368329644203,0.4569799304008484,-0.32560667395591736,-0.031824663281440735,0.5835517644882202,-0.21225571632385254,-0.01377433817833662,0.5145158171653748,-0.18760249018669128,0.008229859173297882,0.4410536289215088,-0.20025105774402618,0.016740651801228523,0.46373462677001953,-0.14923706650733948,-0.05846746638417244,0.5305089354515076,-0.08280280232429504,-0.018295371904969215,0.46879228949546814,-0.06864772737026215,0.020436551421880722,0.4046773612499237,-0.08131903409957886,0.031127464026212692,0.44828498363494873,-4.65804259874858e-06,-0.08369465172290802,0.47671955823898315,0.025820964947342873,-0.02359047345817089,0.42128318548202515,0.037467144429683685,0.026303933933377266,0.36512985825538635,0.027914216741919518,0.05299937725067139,0.0,0.0,0.0,-0.16216763854026794,-0.184214249253273,0.0379919596016407,-0.17100179195404053,-0.3576512038707733,0.04734736308455467,-0.1574336290359497,-0.47079119086265564,0.041499145328998566,-0.1392495036125183,-0.5731000900268555,0.0331035852432251,0.012058807536959648,-0.5240060687065125,0.06767364591360092,-0.0485076941549778,-0.7054452300071716,0.061217814683914185,-0.09702643007040024,-0.8207813501358032,0.045923907309770584,-0.13026338815689087,-0.9285876750946045,0.029771143570542336,0.051861751824617386,-0.5216497182846069,0.0233281422406435,-0.038809988647699356,-0.7346895337104797,0.006401037331670523,-0.1057063415646553,-0.8687068819999695,-0.015948420390486717,-0.14534030854701996,-0.988783597946167,-0.03439730405807495,0.04998210072517395,-0.49632465839385986,-0.023505710065364838,-0.038082752376794815,-0.7270992994308472,-0.04930827394127846,-0.1047143042087555,-0.8694126009941101,-0.06082112714648247,-0.14333340525627136,-0.9868136048316956,-0.06826423853635788,0.0018923773895949125,-0.4682844281196594,-0.06883122771978378,-0.06430617719888687,-0.6765992641448975,-0.0883341133594513,-0.1083095446228981,-0.785912036895752,-0.08710590749979019,-0.13487674295902252,-0.8750981688499451,-0.08596204966306686,COLD
0.0,0.0,0.0,0.09242388606071472,-0.2706644833087921,0.06362954527139664,0.27383261919021606,-0.36754563450813293,0.07538843154907227,0.4034821093082428,-0.34099453687667847,0.07224676758050919,0.4824312627315521,-0.2417609989643097,0.06418286263942719,0.41024544835090637,-0.47797614336013794,0.005806229542940855,0.650079607963562,-0.4694400131702423,0.015626288950443268,0.7861696481704712,-0.4580583870410919,0.025805702432990074,0.893044114112854,-0.44912388920783997,0.027565035969018936,0.4553745985031128,-0.32499685883522034,-0.03261648491024971,0.5814850330352783,-0.21647872030735016,-0.011349288746714592,0.5116795301437378,-0.1925535798072815,0.013860523700714111,0.4366448223590851,-0.20321129262447357,0.024025723338127136,0.4614674150943756,-0.14906935393810272,-0.06013219803571701,0.5286029577255249,-0.08703749626874924,-0.016627870500087738,0.4667399525642395,-0.07303757965564728,0.024453179910779,0.4013546109199524,-0.08438343554735184,0.03580526262521744,0.4453180134296417,-0.0013442850904539227,-0.08566669374704361,0.47356393933296204,0.023093197494745255,-0.022227322682738304,0.4170301854610443,0.03504351153969765,0.0295881275087595,0.3598845601081848,0.025806088000535965,0.05689358338713646,0.0,0.0,0.0,-0.16345661878585815,-0.18619252741336823,0.03763032704591751,-0.1733255237340927,-0.35616567730903625,0.04579855501651764,-0.16144660115242004,-0.46671152114868164,0.039610203355550766,-0.14486317336559296,-0.5661540031433105,0.0305364727973938,0.014682987704873085,-0.5231494307518005,0.06019428372383118,-0.04857444390654564,-0.7062135934829712,0.053298261016607285,-0.09660564363002777,-0.8212245106697083,0.03873831778764725,-0.12988713383674622,-0.9296078085899353,0.02318926900625229,0.05337950959801674,-0.5193292498588562,0.017326144501566887,-0.04034692421555519,-0.7349411845207214,-0.0009899509605020285,-0.10653529316186905,-0.8684783577919006,-0.023292116820812225,-0.14507250487804413,-0.9878630042076111,-0.04156644642353058,0.04925648868083954,-0.49158796668052673,-0.027172617614269257,-0.039982870221138,-0.7241427898406982,-0.05327393487095833,-0.1050737276673317,-0.8682820200920105,-0.06492425501346588,-0.1415013074874878,-0.9872873425483704,-0.07239585369825363,-0.0008217576541937888,-0.4610649347305298,-0.06976389139890671,-0.06754311919212341,-0.6697766780853271,-0.08881715685129166,-0.1097034215927124,-0.7812826037406921,-0.0877188891172409,-0.13234460353851318,-0.874564528465271,-0.0866893082857132,COLD
0.0,0.0,0.0,0.08872570842504501,-0.27239200472831726,0.060294102877378464,0.2685515284538269,-0.3719967007637024,0.07241838425397873,0.3981563448905945,-0.3444974422454834,0.07036221027374268,0.4760618209838867,-0.2478363811969757,0.0636594370007515,0.4109727144241333,-0.48361533880233765,0.007348962593823671,0.6500718593597412,-0.4740862548351288,0.018399599939584732,0.785159707069397,-0.4624576270580292,0.028943954035639763,0.8906629681587219,-0.4536159634590149,0.03085540607571602,0.4571549892425537,-0.32970449328422546,-0.029070457443594933,0.5809520483016968,-0.21987606585025787,-0.008059144020080566,0.5110456347465515,-0.19682857394218445,0.015394252724945545,0.436061292886734,-0.2087317258119583,0.024889614433050156,0.4631357192993164,-0.1535525768995285,-0.05499984323978424,0.5266935229301453,-0.09122749418020248,-0.013240279629826546,0.4645085632801056,-0.07798128575086594,0.024719851091504097,0.39923742413520813,-0.08943215757608414,0.034956738352775574,0.44663262367248535,-0.006234940141439438,-0.07904735207557678,0.4708331823348999,0.01872878521680832,-0.01827676221728325,0.41405728459358215,0.02980034612119198,0.030868109315633774,0.3566267788410187,0.01997867040336132,0.05716657638549805,0.0,0.0,0.0,-0.16140180826187134,-0.18703317642211914,0.03634367510676384,-0.16995985805988312,-0.35364705324172974,0.04224061593413353,-0.1589152067899704,-0.46446871757507324,0.033750489354133606,-0.14337781071662903,-0.567218005657196,0.022515613585710526,0.013457249850034714,-0.5172272324562073,0.05752947926521301,-0.046259477734565735,-0.6995925307273865,0.0494522862136364,-0.09349735826253891,-0.8131970763206482,0.03420546278357506,-0.1264716386795044,-0.9205639958381653,0.01849386841058731,0.05202540382742882,-0.5133535861968994,0.014728979207575321,-0.03744129091501236,-0.7329121828079224,-0.004463781137019396,-0.1011597290635109,-0.8692730665206909,-0.026408525183796883,-0.13878625631332397,-0.9893238544464111,-0.044459786266088486,0.04876018315553665,-0.4849117398262024,-0.029807928949594498,-0.03778386861085892,-0.7180787920951843,-0.05567241460084915,-0.10186082124710083,-0.8599868416786194,-0.06683503836393356,-0.13869233429431915,-0.9751278758049011,-0.07431948930025101,0.0012345707509666681,-0.4531190097332001,-0.0725879818201065,-0.06489187479019165,-0.6590689420700073,-0.09094779193401337,-0.10815823078155518,-0.766728937625885,-0.08928457647562027,-0.13308098912239075,-0.8546319603919983,-0.08804115653038025,COLD
0.0,0.0,0.0,0.09174765646457672,-0.27108725905418396,0.06585940718650818,0.2719303369522095,-0.36864280700683594,0.08013954758644104,0.3999326825141907,-0.34006452560424805,0.07907813042402267,0.4780704975128174,-0.23909124732017517,0.0727127343416214,0.41036173701286316,-0.47749990224838257,0.010611968114972115,0.6527568101882935,-0.4700627326965332,0.023539984598755836,0.7878701686859131,-0.4588693380355835,0.03570849448442459,0.8924771547317505,-0.44943767786026,0.03860460966825485,0.45678311586380005,-0.3242606818675995,-0.027566805481910706,0.5803419947624207,-0.21364012360572815,-0.003636925481259823,0.5103793740272522,-0.19098037481307983,0.02155156247317791,0.43527501821517944,-0.20238639414310455,0.031313568353652954,0.46354809403419495,-0.1479480266571045,-0.05464600771665573,0.5253753066062927,-0.08636710792779922,-0.009138609282672405,0.4629018306732178,-0.07335195690393448,0.030005011707544327,0.3976365327835083,-0.08516550064086914,0.03959360346198082,0.44865933060646057,-0.0007176631479524076,-0.0794995054602623,0.4708595275878906,0.02329113706946373,-0.016239134594798088,0.4131298065185547,0.03471778333187103,0.03371317684650421,0.3553850054740906,0.024480367079377174,0.05979213863611221,0.0,0.0,0.0,-0.16298151016235352,-0.18655356764793396,0.03306775167584419,-0.16994091868400574,-0.3563278615474701,0.03887840732932091,-0.15684625506401062,-0.47002291679382324,0.031114278361201286,-0.14092375338077545,-0.5747368335723877,0.02085592970252037,0.007134018931537867,-0.5179477334022522,0.05412725731730461,-0.049723245203495026,-0.7014526128768921,0.04636697098612785,-0.09605837613344193,-0.8162914514541626,0.031607117503881454,-0.12888255715370178,-0.9247452020645142,0.016446217894554138,0.04720325767993927,-0.5129028558731079,0.013714626431465149,-0.039973970502614975,-0.7308332324028015,-0.0057140616700053215,-0.10139212012290955,-0.8676483631134033,-0.027276968583464622,-0.13791976869106293,-0.9894391298294067,-0.044592272490262985,0.04707751050591469,-0.48302537202835083,-0.028484847396612167,-0.03869536891579628,-0.7117184996604919,-0.05457298830151558,-0.10147973150014877,-0.8530445098876953,-0.06655863672494888,-0.1384733021259308,-0.9675623178482056,-0.07421374320983887,0.0038854351732879877,-0.44973236322402954,-0.06914882361888885,-0.06381683051586151,-0.6505088210105896,-0.08666616678237915,-0.1084199994802475,-0.7510448098182678,-0.084324412047863,-0.13515672087669373,-0.8293173909187317,-0.0823507159948349,COLD
0.0,0.0,0.0,0.09228484332561493,-0.27051106095314026,0.06970489025115967,0.2734493911266327,-0.3653678894042969,0.08420313894748688,0.4025590419769287,-0.33956727385520935,0.08266232907772064,0.4833754897117615,-0.24104931950569153,0.07553548365831375,0.40896135568618774,-0.476155549287796,0.011293178424239159,0.6501526832580566,-0.4697408080101013,0.023827584460377693,0.7855497002601624,-0.45889386534690857,0.03554399311542511,0.8920161128044128,-0.45039644837379456,0.038081999868154526,0.45526665449142456,-0.32571330666542053,-0.029142338782548904,0.5816845297813416,-0.212696373462677,-0.004240267910063267,0.5109964609146118,-0.18714693188667297,0.022149311378598213,0.4362112283706665,-0.19821596145629883,0.032271794974803925,0.4621763229370117,-0.1500907838344574,-0.0581325888633728,0.5276679396629333,-0.08551635593175888,-0.01107743289321661,0.4645170271396637,-0.07022322714328766,0.030278578400611877,0.3996373116970062,-0.08209674805402756,0.04050559550523758,0.4472973942756653,-0.0023649181239306927,-0.084646075963974,0.4722876250743866,0.02393169328570366,-0.018599124625325203,0.4143671989440918,0.03698508441448212,0.033600181341171265,0.3569689691066742,0.026323575526475906,0.060291439294815063,0.0,0.0,0.0,-0.15950746834278107,-0.1873912513256073,0.029459184035658836,-0.16767802834510803,-0.3584311306476593,0.032594092190265656,-0.15552470088005066,-0.47090455889701843,0.02232947200536728,-0.1378728151321411,-0.577436625957489,0.01012567151337862,0.013072069734334946,-0.5250387191772461,0.05376763641834259,-0.04667443037033081,-0.704893946647644,0.042510103434324265,-0.09404223412275314,-0.8197491765022278,0.02415498159825802,-0.12622511386871338,-0.9282627701759338,0.006506684701889753,0.05207284912467003,-0.5186679363250732,0.013170568272471428,-0.03712567314505577,-0.7312206625938416,-0.007860735058784485,-0.10006018728017807,-0.8667311072349548,-0.03179462254047394,-0.1374058723449707,-0.9892076253890991,-0.05087123066186905,0.0519753023982048,-0.4893978238105774,-0.02991579659283161,-0.036608584225177765,-0.716230034828186,-0.05759512260556221,-0.10009994357824326,-0.8580195307731628,-0.06942746788263321,-0.13640792667865753,-0.9742776155471802,-0.07676712423563004,0.008687803521752357,-0.4570135772228241,-0.07212114334106445,-0.06101629137992859,-0.6577054858207703,-0.09160882979631424,-0.10487118363380432,-0.7615036368370056,-0.08965925127267838,-0.1301855593919754,-0.8445025682449341,-0.08755704015493393,COLD
0.0,0.0,0.0,0.09172939509153366,-0.27020159363746643,0.06175900250673294,0.27295783162117004,-0.3729085326194763,0.07345250993967056,0.4016050100326538,-0.34680649638175964,0.07056567817926407,0.48222973942756653,-0.24669630825519562,0.06321157515048981,0.4105721712112427,-0.4855292737483978,0.006754889152944088,0.6516367197036743,-0.47502532601356506,0.017710940912365913,0.7855849266052246,-0.4618745744228363,0.028535770252346992,0.8910255432128906,-0.4529353976249695,0.030378494411706924,0.45577865839004517,-0.3340144157409668,-0.031059663742780685,0.581407904624939,-0.22231459617614746,-0.009497636929154396,0.509404182434082,-0.19878925383090973,0.014670406468212605,0.43501800298690796,-0.21151475608348846,0.02382039465010166,0.46247702836990356,-0.15826024115085602,-0.058111872524023056,0.5308631658554077,-0.09215633571147919,-0.014945369213819504,0.46661582589149475,-0.07851500064134598,0.025984231382608414,0.4011281132698059,-0.09195078909397125,0.037194155156612396,0.44701719284057617,-0.010553643107414246,-0.08333688974380493,0.4794372022151947,0.017592210322618484,-0.020036563277244568,0.42179223895072937,0.030201507732272148,0.03253733366727829,0.3645341098308563,0.019429782405495644,0.0603506937623024,0.0,0.0,0.0,-0.15681101381778717,-0.18222026526927948,0.026705969125032425,-0.16581037640571594,-0.3526497185230255,0.029213590547442436,-0.1558910757303238,-0.4666750431060791,0.0190392155200243,-0.13955579698085785,-0.5713406205177307,0.006807530764490366,0.024115657433867455,-0.5200198888778687,0.04699109494686127,-0.03923822566866875,-0.701755940914154,0.03304215148091316,-0.08628189563751221,-0.8201252818107605,0.013573161326348782,-0.11917047947645187,-0.9306536912918091,-0.004881147760897875,0.06041336432099342,-0.514729917049408,0.0077102649956941605,-0.032027363777160645,-0.7305150032043457,-0.015293414704501629,-0.0952908843755722,-0.8675863146781921,-0.0397799015045166,-0.13269565999507904,-0.9893622994422913,-0.05961640551686287,0.05579917132854462,-0.48668012022972107,-0.034129735082387924,-0.033361319452524185,-0.7138444185256958,-0.062270719558000565,-0.09687329083681107,-0.8559615612030029,-0.07469543069601059,-0.13242383301258087,-0.9748582243919373,-0.08324453979730606,0.007766919210553169,-0.45515087246894836,-0.07542654126882553,-0.05568267032504082,-0.6548815369606018,-0.09692396968603134,-0.09547756612300873,-0.7663463950157166,-0.09865693747997284,-0.11681278049945831,-0.8629119992256165,-0.09977781772613525,COLD
0.0,0.0,0.0,0.08886414766311646,-0.2731322944164276,0.06844275444746017,0.26811450719833374,-0.376443088054657,0.08244410902261734,0.3962968587875366,-0.35554659366607666,0.08057855814695358,0.4760603904724121,-0.2612908184528351,0.07299766689538956,0.4087192714214325,-0.48182666301727295,0.007877428084611893,0.649073600769043,-0.4751938283443451,0.019039606675505638,0.7845420241355896,-0.46309977769851685,0.030314099043607712,0.8903737664222717,-0.45404261350631714,0.03286343440413475,0.4522680640220642,-0.33215761184692383,-0.03235222026705742,0.5825557112693787,-0.222458153963089,-0.008601770736277103,0.5114611387252808,-0.19858640432357788,0.01870807632803917,0.43645113706588745,-0.2098996639251709,0.029431365430355072,0.45713531970977783,-0.1563856154680252,-0.061211030930280685,0.5321346521377563,-0.09279314428567886,-0.016939835622906685,0.4694911539554596,-0.07763184607028961,0.02599652297794819,0.4035217761993408,-0.08791963011026382,0.038216859102249146,0.4401172697544098,-0.0077504622749984264,-0.08734802901744843,0.4787222445011139,0.01626748964190483,-0.02223118394613266,0.42205390334129333,0.029094740748405457,0.03258911892771721,0.3641192317008972,0.02066575177013874,0.06151081621646881,0.0,0.0,0.0,-0.16017116606235504,-0.18787255883216858,0.04269887134432793,-0.1690695583820343,-0.3585292398929596,0.052238453179597855,-0.15866948664188385,-0.4727063775062561,0.045799918472766876,-0.1419365108013153,-0.5754984021186829,0.03647015616297722,0.017698103561997414,-0.518201470375061,0.0657074898481369,-0.04423321411013603,-0.7041781544685364,0.060020796954631805,-0.0913381427526474,-0.8192386031150818,0.04698187857866287,-0.12492134422063828,-0.9267417192459106,0.03255614638328552,0.05485023558139801,-0.514878511428833,0.019549204036593437,-0.03586510941386223,-0.7365229725837708,0.0020088208839297295,-0.09913868457078934,-0.8721928000450134,-0.018022460862994194,-0.13770073652267456,-0.9898828864097595,-0.03421047702431679,0.04919012635946274,-0.4870080053806305,-0.028324997052550316,-0.039459966123104095,-0.7212112545967102,-0.0532023161649704,-0.10277236253023148,-0.8602516651153564,-0.06251218914985657,-0.14007732272148132,-0.9745920300483704,-0.06848365068435669,-0.0006320038810372353,-0.45469051599502563,-0.07415083795785904,-0.06566089391708374,-0.6621941328048706,-0.09267755597829819,-0.1084192767739296,-0.7702872157096863,-0.09077996015548706,-0.13389721512794495,-0.8598607182502747,-0.0890231728553772,COLD
0.0,0.0,0.0,0.09187811613082886,-0.268921434879303,0.06856106966733932,0.2712375819683075,-0.36924293637275696,0.0819987803697586,0.39814916253089905,-0.34730589389801025,0.07914860546588898,0.4779622256755829,-0.25254181027412415,0.0706246942281723,0.409554123878479,-0.47500771284103394,0.008428891189396381,0.6529107093811035,-0.466379851102829,0.0186961330473423,0.7887216806411743,-0.45412519574165344,0.02952570654451847,0.8944417834281921,-0.4460544288158417,0.03177109360694885,0.4530114233493805,-0.3262219727039337,-0.03238896653056145,0.5825291275978088,-0.21493759751319885,-0.009724394418299198,0.5120885372161865,-0.19037498533725739,0.016711389645934105,0.43774041533470154,-0.2027832269668579,0.02675103209912777,0.45886433124542236,-0.15076616406440735,-0.06189003959298134,0.5313537120819092,-0.0856759175658226,-0.018314946442842484,0.4681004285812378,-0.06931405514478683,0.02458365261554718,0.40219438076019287,-0.08060095459222794,0.0367332361638546,0.4429580271244049,-0.0025809025391936302,-0.08875294029712677,0.4797607660293579,0.022160597145557404,-0.024032264947891235,0.4215831756591797,0.035901010036468506,0.031033268198370934,0.3631002902984619,0.027244534343481064,0.060144584625959396,0.0,0.0,0.0,-0.16024376451969147,-0.18757638335227966,0.0352603904902935,-0.1668327897787094,-0.3631266951560974,0.04356110468506813,-0.15334168076515198,-0.4820512533187866,0.037516165524721146,-0.1357671618461609,-0.5864673256874084,0.028808556497097015,0.015062225051224232,-0.5135841965675354,0.0575065053999424,-0.04463903605937958,-0.7005400657653809,0.0500827319920063,-0.08934880048036575,-0.8170263767242432,0.035772163420915604,-0.12119526416063309,-0.9269301295280457,0.0205339714884758,0.05346615985035896,-0.5100118517875671,0.015409714542329311,-0.03650907427072525,-0.7307668328285217,-0.004677253309637308,-0.09823779761791229,-0.8684793710708618,-0.02665294148027897,-0.1350850909948349,-0.9898516535758972,-0.04411065950989723,0.0500701405107975,-0.48184531927108765,-0.028605680912733078,-0.03880402818322182,-0.7141625881195068,-0.05582022666931152,-0.1018749475479126,-0.8547694683074951,-0.06760258972644806,-0.13882969319820404,-0.9702888131141663,-0.07488353550434113,0.0032251591328531504,-0.44971567392349243,-0.0710216835141182,-0.06338184326887131,-0.655938982963562,-0.09053346514701843,-0.10755860060453415,-0.761716902256012,-0.08938872069120407,-0.13439325988292694,-0.8466300964355469,-0.0882088840007782,COLD
0.0,0.0,0.0,0.08960554003715515,-0.2729256749153137,0.06754513084888458,0.266968697309494,-0.3751762807369232,0.08143404871225357,0.39405712485313416,-0.3516840934753418,0.07977697998285294,0.47321730852127075,-0.2561212182044983,0.07244153320789337,0.40893280506134033,-0.4783157706260681,0.006725850980728865,0.6522678732872009,-0.46932095289230347,0.017894897609949112,0.7879263758659363,-0.4561341404914856,0.029664374887943268,0.8939427137374878,-0.4469894468784332,0.032661620527505875,0.45335114002227783,-0.3262737989425659,-0.0324978344142437,0.5824285745620728,-0.2188112437725067,-0.00818723440170288,0.5117783546447754,-0.19542309641838074,0.01993117667734623,0.4368876814842224,-0.20693206787109375,0.031161770224571228,0.4588344097137451,-0.1493317037820816,-0.06043247878551483,0.530271053314209,-0.08824540674686432,-0.015528744086623192,0.4673353135585785,-0.07326416671276093,0.02756550908088684,0.4013892412185669,-0.0837753489613533,0.039835747331380844,0.4417589604854584,-0.000704663572832942,-0.08568380028009415,0.47813817858695984,0.020480172708630562,-0.02055048942565918,0.42031577229499817,0.032312266528606415,0.03421616554260254,0.3618277907371521,0.023303499445319176,0.06322303414344788,0.0,0.0,0.0,-0.16144472360610962,-0.18535827100276947,0.03013288974761963,-0.1697090119123459,-0.3593307137489319,0.03422016650438309,-0.1592148095369339,-0.47488030791282654,0.02481980435550213,-0.14185404777526855,-0.578380286693573,0.012999308295547962,0.013468204066157341,-0.51994788646698,0.05007706582546234,-0.04655327647924423,-0.7017039060592651,0.03862827643752098,-0.09166176617145538,-0.8170903325080872,0.021481426432728767,-0.12370632588863373,-0.9257529973983765,0.004475647117942572,0.05252714455127716,-0.5150327682495117,0.00933557003736496,-0.03725123032927513,-0.7327476739883423,-0.01356086228042841,-0.09883852303028107,-0.8680849075317383,-0.036726586520671844,-0.1358320713043213,-0.9891969561576843,-0.05512794479727745,0.050495002418756485,-0.4857187569141388,-0.033644869923591614,-0.03739967569708824,-0.7152263522148132,-0.06234768033027649,-0.10021820664405823,-0.8545419573783875,-0.07374195754528046,-0.13618549704551697,-0.9695636630058289,-0.080948106944561,0.004258075729012489,-0.4524513781070709,-0.07557734102010727,-0.06264710426330566,-0.6544387340545654,-0.0961899608373642,-0.10478635132312775,-0.7619141340255737,-0.09559682756662369,-0.12822575867176056,-0.8508283495903015,-0.09490776807069778,COLD
0.0,0.0,0.0,0.08989498764276505,-0.27528393268585205,0.06927449256181717,0.26789847016334534,-0.37766382098197937,0.08453560620546341,0.39544591307640076,-0.3530195951461792,0.08417951315641403,0.47449278831481934,-0.2536873519420624,0.07810278981924057,0.40641188621520996,-0.4791891276836395,0.008206061087548733,0.6506996750831604,-0.47301560640335083,0.021373039111495018,0.7856935262680054,-0.4602243900299072,0.03461819142103195,0.8915846943855286,-0.4512220025062561,0.03841153532266617,0.4516601860523224,-0.3279801905155182,-0.031332530081272125,0.582594096660614,-0.21966277062892914,-0.004774801898747683,0.5132137537002563,-0.19542595744132996,0.023963116109371185,0.4391990005970001,-0.20624876022338867,0.03529265150427818,0.4579811692237854,-0.15157845616340637,-0.05926946923136711,0.5291539430618286,-0.09011712670326233,-0.011586999520659447,0.4676097631454468,-0.07455653697252274,0.03136579692363739,0.40221846103668213,-0.08429312705993652,0.04284118488430977,0.44145622849464417,-0.003453940385952592,-0.08448977768421173,0.4766784906387329,0.017339350655674934,-0.017333991825580597,0.42023420333862305,0.030356833711266518,0.03740973770618439,0.3616878390312195,0.02286752313375473,0.06595972180366516,0.0,0.0,0.0,-0.15951530635356903,-0.18146899342536926,0.03289208561182022,-0.17200256884098053,-0.35433992743492126,0.039120204746723175,-0.16252288222312927,-0.4712783694267273,0.03105996735394001,-0.14669930934906006,-0.5759570002555847,0.020810047164559364,0.01709521748125553,-0.5195099115371704,0.05956621840596199,-0.0466601625084877,-0.7013735175132751,0.050404444336891174,-0.09443766623735428,-0.8192179799079895,0.03360772877931595,-0.12852518260478973,-0.9290661811828613,0.01643797941505909,0.05524284020066261,-0.5170283913612366,0.017424754798412323,-0.036568284034729004,-0.7319152355194092,-0.0025902308989316225,-0.10048528760671616,-0.8685187697410583,-0.026284705847501755,-0.1388968527317047,-0.989254355430603,-0.0456433966755867,0.050534557551145554,-0.49149230122566223,-0.027304597198963165,-0.03697646036744118,-0.7205082774162292,-0.05401449650526047,-0.10110616683959961,-0.8637562990188599,-0.06587088853120804,-0.13819774985313416,-0.9826069474220276,-0.0738915354013443,0.00041305538616143167,-0.4632851481437683,-0.0709836483001709,-0.06296540796756744,-0.668140172958374,-0.09117019176483154,-0.10359425842761993,-0.7813122272491455,-0.09153517335653305,-0.12645837664604187,-0.8776956796646118,-0.09182561933994293,COLD
0.0,0.0,0.0,0.08490125834941864,-0.2749921381473541,0.07238166779279709,0.2608714699745178,-0.3782903552055359,0.088526651263237,0.3870455324649811,-0.35957205295562744,0.08847041428089142,0.46731871366500854,-0.26570677757263184,0.0820496529340744,0.40483540296554565,-0.4833410680294037,0.009048580192029476,0.6489235162734985,-0.4759954512119293,0.023489566519856453,0.7839627265930176,-0.4630919396877289,0.03738699108362198,0.890069842338562,-0.45393383502960205,0.04146955907344818,0.4527656137943268,-0.3341563642024994,-0.03132084757089615,0.5779270529747009,-0.22077719867229462,-0.001477714511565864,0.5075297951698303,-0.1964363306760788,0.028690945357084274,0.4343188405036926,-0.2080022692680359,0.03993918001651764,0.45919525623321533,-0.15802200138568878,-0.05976170301437378,0.5226356387138367,-0.09135632961988449,-0.00944625772535801,0.45969343185424805,-0.07533327490091324,0.03345981985330582,0.395506352186203,-0.08658882230520248,0.04369736090302467,0.44226303696632385,-0.011069630272686481,-0.08529570698738098,0.4705822467803955,0.018315650522708893,-0.016193635761737823,0.41229313611984253,0.03175220265984535,0.038161750882864,0.35449424386024475,0.02144700661301613,0.06567107886075974,0.0,0.0,0.0,-0.16244815289974213,-0.18451149761676788,0.03268992155790329,-0.17124737799167633,-0.3587605059146881,0.03804982081055641,-0.15893007814884186,-0.4764288663864136,0.0291528832167387,-0.14281125366687775,-0.5825477838516235,0.017850056290626526,0.009426924400031567,-0.5197618007659912,0.055680565536022186,-0.05007978901267052,-0.7023977041244507,0.045862339437007904,-0.09521469473838806,-0.8178672194480896,0.029386399313807487,-0.1269986927509308,-0.9271057844161987,0.012487761676311493,0.05001397430896759,-0.5162391066551208,0.013041975907981396,-0.03973022475838661,-0.7337709069252014,-0.007575651630759239,-0.10138987004756927,-0.869434118270874,-0.029554450884461403,-0.13854824006557465,-0.9892160296440125,-0.04749744012951851,0.04902460053563118,-0.4879055619239807,-0.032119885087013245,-0.039981547743082047,-0.7184777855873108,-0.059370700269937515,-0.10306832194328308,-0.8575431108474731,-0.06959062814712524,-0.13944195210933685,-0.9725446105003357,-0.07650120556354523,0.0035338338930159807,-0.4558400809764862,-0.07625025510787964,-0.06597041338682175,-0.6582157611846924,-0.09686753898859024,-0.10860830545425415,-0.7642800807952881,-0.09605024009943008,-0.13238836824893951,-0.8527517318725586,-0.09536799043416977,COLD
0.0,0.0,0.0,0.08880628645420074,-0.2706027626991272,0.0678386241197586,0.26822593808174133,-0.37400877475738525,0.08248424530029297,0.3948722779750824,-0.35421597957611084,0.08157280087471008,0.47638073563575745,-0.26058173179626465,0.07514861226081848,0.4126194715499878,-0.481233686208725,0.00958348624408245,0.6550259590148926,-0.4718426764011383,0.024529801681637764,0.7871543169021606,-0.45966723561286926,0.03841891512274742,0.8906850814819336,-0.45269080996513367,0.041846081614494324,0.4586048424243927,-0.3313073515892029,-0.029933499172329903,0.5812346935272217,-0.21597111225128174,-0.0028338159900158644,0.5092591643333435,-0.19177904725074768,0.023768533021211624,0.4363596737384796,-0.20556895434856415,0.03302633389830589,0.4644472002983093,-0.15556831657886505,-0.05796709656715393,0.5237040519714355,-0.08616474270820618,-0.01057501696050167,0.4594046175479889,-0.06938320398330688,0.02979663386940956,0.39630797505378723,-0.08183659613132477,0.03902735188603401,0.447807639837265,-0.009272905066609383,-0.08353903144598007,0.4751955568790436,0.022801944985985756,-0.017818573862314224,0.41614866256713867,0.03710126876831055,0.03422076627612114,0.35912299156188965,0.026722339913249016,0.060749586671590805,0.0,0.0,0.0,-0.15990036725997925,-0.18050041794776917,0.024669930338859558,-0.16944025456905365,-0.34969672560691833,0.02637658081948757,-0.15951992571353912,-0.46587809920310974,0.016077915206551552,-0.14261983335018158,-0.5710896849632263,0.0036595771089196205,0.018229994922876358,-0.5181198120117188,0.04456806927919388,-0.04636404290795326,-0.698881208896637,0.031075701117515564,-0.0940951257944107,-0.8180078268051147,0.012000832706689835,-0.12710367143154144,-0.9289655089378357,-0.006257185712456703,0.05555543676018715,-0.5135384202003479,0.006700256839394569,-0.037764787673950195,-0.7273756265640259,-0.01707199029624462,-0.10042035579681396,-0.864738404750824,-0.042360614985227585,-0.13738329708576202,-0.9885272979736328,-0.06276638805866241,0.052007656544446945,-0.48552826046943665,-0.03361746296286583,-0.03800097107887268,-0.7120568752288818,-0.0638057142496109,-0.10030560940504074,-0.8559750914573669,-0.0778241753578186,-0.13528336584568024,-0.9758761525154114,-0.08693064004182816,0.003948625177145004,-0.454769104719162,-0.07319222390651703,-0.06209782510995865,-0.6568019986152649,-0.09591295570135117,-0.103159599006176,-0.7682631015777588,-0.09788808971643448,-0.1263972371816635,-0.8622657656669617,-0.09908198565244675,COLD
0.0,0.0,0.0,0.08905045688152313,-0.266734778881073,0.064393550157547,0.2666946053504944,-0.37108737230300903,0.07617007941007614,0.3935241103172302,-0.34624382853507996,0.07253129780292511,0.4734981954097748,-0.24723069369792938,0.06348645687103271,0.4134766459465027,-0.47568249702453613,0.005057377740740776,0.6571170091629028,-0.46718114614486694,0.015158531256020069,0.7908115386962891,-0.45414596796035767,0.025595204904675484,0.8953512907028198,-0.4445502758026123,0.026852941140532494,0.45931345224380493,-0.3291567862033844,-0.034202683717012405,0.5824722051620483,-0.2102099508047104,-0.0123893516138196,0.5081731677055359,-0.18541322648525238,0.012765159830451012,0.43368521332740784,-0.19991686940193176,0.02175605297088623,0.465192973613739,-0.15483742952346802,-0.06243574246764183,0.5277673602104187,-0.08183442801237106,-0.018543468788266182,0.46157607436180115,-0.0646580308675766,0.02315143123269081,0.3970227837562561,-0.07763978093862534,0.03382221609354019,0.44823387265205383,-0.007781330496072769,-0.0887431800365448,0.4759501516819,0.02549993246793747,-0.025334732607007027,0.4162594974040985,0.03951569274067879,0.02737877145409584,0.3591894507408142,0.028545664623379707,0.054776616394519806,0.0,0.0,0.0,-0.1576823741197586,-0.18711581826210022,0.03786098584532738,-0.16726842522621155,-0.3644299805164337,0.04856322333216667,-0.15624509751796722,-0.4853278398513794,0.04390375316143036,-0.1431395411491394,-0.5895076394081116,0.03659091889858246,0.023031603544950485,-0.5188625454902649,0.0663117989897728,-0.0398496650159359,-0.7005227208137512,0.05837755277752876,-0.08723428845405579,-0.8199668526649475,0.042253367602825165,-0.12109361588954926,-0.9303463101387024,0.02555277943611145,0.06042857468128204,-0.5141904354095459,0.02195662446320057,-0.032502397894859314,-0.7309517860412598,0.004950403235852718,-0.09569347649812698,-0.8694096803665161,-0.01695127598941326,-0.13389942049980164,-0.990368664264679,-0.035224273800849915,0.05634908005595207,-0.48724478483200073,-0.02521015703678131,-0.03462760150432587,-0.7136361002922058,-0.04919823259115219,-0.09793485701084137,-0.856224775314331,-0.06097879260778427,-0.13440987467765808,-0.976688027381897,-0.06980409473180771,0.009379468858242035,-0.457565575838089,-0.0712684914469719,-0.05761057138442993,-0.6562427878379822,-0.09116576611995697,-0.09829467535018921,-0.7674139738082886,-0.09292086958885193,-0.12135143578052521,-0.865213930606842,-0.09440679103136063,COLD
0.0,0.0,0.0,0.08844321966171265,-0.27140146493911743,0.0701395645737648,0.26814842224121094,-0.3743501305580139,0.08620492368936539,0.39402592182159424,-0.3530309498310089,0.08588782697916031,0.4709550440311432,-0.2541984021663666,0.0796646699309349,0.4094943702220917,-0.4791918098926544,0.012259455397725105,0.6508575081825256,-0.4714658260345459,0.023924125358462334,0.786238431930542,-0.4594916105270386,0.03496486693620682,0.8921569585800171,-0.45022523403167725,0.03678487613797188,0.4560082256793976,-0.3322077989578247,-0.028613422065973282,0.5815578103065491,-0.2167748361825943,-0.004239044617861509,0.5111762881278992,-0.19251619279384613,0.022122804075479507,0.4383416473865509,-0.20519787073135376,0.03188160061836243,0.4631060063838959,-0.15752075612545013,-0.0581732802093029,0.5292259454727173,-0.0914367288351059,-0.012592816725373268,0.46657082438468933,-0.07530729472637177,0.02880284935235977,0.40327948331832886,-0.08685228228569031,0.03925272822380066,0.44752323627471924,-0.009968390688300133,-0.08518176525831223,0.47595539689064026,0.015171646140515804,-0.01981303282082081,0.41797909140586853,0.029387636110186577,0.03340792655944824,0.3612223267555237,0.02014162950217724,0.060858603566884995,0.0,0.0,0.0,-0.1605246514081955,-0.18974509835243225,0.03519709035754204,-0.16557082533836365,-0.36819228529930115,0.04293913021683693,-0.1517300307750702,-0.48410043120384216,0.03659621626138687,-0.13750490546226501,-0.586486279964447,0.027423515915870667,0.019149906933307648,-0.5217222571372986,0.05570949614048004,-0.04090281203389168,-0.7030350565910339,0.0470803901553154,-0.0880192220211029,-0.8186028003692627,0.0315057635307312,-0.12120217084884644,-0.9261929988861084,0.01558659691363573,0.05779332295060158,-0.5141839981079102,0.01415072288364172,-0.03450342267751694,-0.7336638569831848,-0.0027540612500160933,-0.0965750440955162,-0.8703681826591492,-0.02279580570757389,-0.1342795491218567,-0.9901396632194519,-0.03990434482693672,0.05519801005721092,-0.48294052481651306,-0.029564112424850464,-0.035149600356817245,-0.7129972577095032,-0.053445179015398026,-0.09801430255174637,-0.8526550531387329,-0.06484048813581467,-0.1347970962524414,-0.967025101184845,-0.07351136207580566,0.01020115427672863,-0.4497489631175995,-0.07192598283290863,-0.059265781193971634,-0.6438869833946228,-0.09093973785638809,-0.10316436737775803,-0.748557448387146,-0.09183897823095322,-0.12993347644805908,-0.8374634981155396,-0.09275156259536743,COLD
0.0,0.0,0.0,0.08966903388500214,-0.2698158621788025,0.0712733119726181,0.26901885867118835,-0.3711995482444763,0.08710816502571106,0.39608436822891235,-0.3500617444515228,0.08661990612745285,0.47601383924484253,-0.25217363238334656,0.0803036242723465,0.41023439168930054,-0.47683241963386536,0.010820425115525723,0.6545068025588989,-0.4680366814136505,0.023180533200502396,0.7895258069038391,-0.45524054765701294,0.03532636538147926,0.8942818641662598,-0.4458859860897064,0.03802076354622841,0.4567491114139557,-0.32883894443511963,-0.029779639095067978,0.5836743712425232,-0.21548713743686676,-0.0032947156578302383,0.5133880972862244,-0.191754549741745,0.024630462750792503,0.44012612104415894,-0.20503923296928406,0.0348440483212471,0.4644414186477661,-0.15392524003982544,-0.058788035064935684,0.5280336141586304,-0.08729460090398788,-0.010346462018787861,0.4653816819190979,-0.07119043171405792,0.03193451091647148,0.40180709958076477,-0.08373522013425827,0.04202656447887421,0.4494381546974182,-0.006123507861047983,-0.08523386716842651,0.47468313574790955,0.022127704694867134,-0.01748637482523918,0.41645607352256775,0.035489898175001144,0.036009419709444046,0.35978615283966064,0.024152597412467003,0.063105508685112,0.0,0.0,0.0,-0.16213609278202057,-0.18760229647159576,0.0372164249420166,-0.16733023524284363,-0.36494991183280945,0.046931732445955276,-0.1525854766368866,-0.48309528827667236,0.04179535433650017,-0.13817740976810455,-0.5890793204307556,0.03402857109904289,0.015068461187183857,-0.5211551189422607,0.0640307143330574,-0.04362989962100983,-0.7025914192199707,0.05734698101878166,-0.08988947421312332,-0.8182697892189026,0.04286329820752144,-0.12210866063833237,-0.9259580969810486,0.027592625468969345,0.05446160212159157,-0.5148991346359253,0.02065940946340561,-0.036318983882665634,-0.7324056625366211,0.005102435126900673,-0.09818357974290848,-0.8697846531867981,-0.015458902344107628,-0.1352929025888443,-0.9902587532997131,-0.03291530907154083,0.052579667419195175,-0.4853885769844055,-0.025346506386995316,-0.03714856132864952,-0.7133777737617493,-0.04892398416996002,-0.0998041033744812,-0.8540727496147156,-0.061046723276376724,-0.13611896336078644,-0.9701569080352783,-0.06999489665031433,0.007517205085605383,-0.4535602927207947,-0.06999384611845016,-0.06387723237276077,-0.6524268388748169,-0.08903231471776962,-0.1081867665052414,-0.7597342729568481,-0.0902356281876564,-0.13516448438167572,-0.8495824337005615,-0.0912809669971466,COLD
0.0,0.0,0.0,0.08724089711904526,-0.2750718593597412,0.07148133218288422,0.26332637667655945,-0.377658486366272,0.08817501366138458,0.38785138726234436,-0.355623334646225,0.08868871629238129,0.4659002423286438,-0.25888165831565857,0.08315256237983704,0.40557119250297546,-0.48323696851730347,0.012638571672141552,0.6494851112365723,-0.4760284125804901,0.026766983792185783,0.7849497199058533,-0.46343621611595154,0.039684027433395386,0.890332043170929,-0.4532659947872162,0.04311404004693031,0.45312562584877014,-0.3332321345806122,-0.026901859790086746,0.5781472325325012,-0.22376184165477753,0.0020523876883089542,0.5085915923118591,-0.20076479017734528,0.031248824670910835,0.4354269802570343,-0.21143051981925964,0.0422271192073822,0.4602110683917999,-0.15703803300857544,-0.054921235889196396,0.5246156454086304,-0.09532228112220764,-0.004461922217160463,0.46259769797325134,-0.08046397566795349,0.037745848298072815,0.39886993169784546,-0.09070830047130585,0.04760418087244034,0.44521453976631165,-0.008974765427410603,-0.08030549436807632,0.4688859283924103,0.015158643014729023,-0.0116390036419034,0.4112167954444885,0.027940120548009872,0.04165157303214073,0.35472312569618225,0.01817415840923786,0.06862461566925049,0.0,0.0,0.0,-0.16234445571899414,-0.18954506516456604,0.0350864976644516,-0.1678018569946289,-0.3661838471889496,0.0432274155318737,-0.155551478266716,-0.4830789268016815,0.03775326535105705,-0.14082226157188416,-0.5874360203742981,0.02930450811982155,0.011329833418130875,-0.5201385617256165,0.05401045083999634,-0.047996874898672104,-0.7013596296310425,0.045483965426683426,-0.09371456503868103,-0.8168994188308716,0.030354604125022888,-0.12573926150798798,-0.9254114031791687,0.014942058362066746,0.05122935771942139,-0.5123320817947388,0.013049374334514141,-0.041135676205158234,-0.7300492525100708,-0.004385199397802353,-0.10233457386493683,-0.8675136566162109,-0.025376426056027412,-0.13841059803962708,-0.9894347190856934,-0.04314408451318741,0.0503745898604393,-0.48071226477622986,-0.029636342078447342,-0.04007339105010033,-0.7077851891517639,-0.054001640528440475,-0.1017441600561142,-0.848142147064209,-0.06650984287261963,-0.13715064525604248,-0.9636091589927673,-0.07563737779855728,0.006216523237526417,-0.4468866288661957,-0.07068539410829544,-0.06564842909574509,-0.6417871117591858,-0.08928187936544418,-0.10858625918626785,-0.7458292841911316,-0.08993621915578842,-0.13336382806301117,-0.8326237797737122,-0.09065492451190948,COLD
0.0,0.0,0.0,0.09317832440137863,-0.2669448256492615,0.06825140118598938,0.2722313404083252,-0.3694986402988434,0.08321256190538406,0.39780035614967346,-0.3473126292228699,0.08212573826313019,0.47853273153305054,-0.24936996400356293,0.07558505982160568,0.41240835189819336,-0.47691231966018677,0.012242700904607773,0.6558989882469177,-0.46548977494239807,0.025487404316663742,0.7899265885353088,-0.4526667892932892,0.0377262644469738,0.8946722745895386,-0.44492292404174805,0.04006294161081314,0.4602530300617218,-0.329382061958313,-0.027848728001117706,0.5836328864097595,-0.21132642030715942,-0.002779734320938587,0.5111280083656311,-0.1868765950202942,0.022436663508415222,0.43657761812210083,-0.20223306119441986,0.03142603486776352,0.4688199460506439,-0.15416011214256287,-0.05667589232325554,0.5266890525817871,-0.08361417800188065,-0.009732652455568314,0.46052566170692444,-0.06639308482408524,0.030305294319987297,0.39650771021842957,-0.08052974194288254,0.03955039009451866,0.45437324047088623,-0.005910949781537056,-0.08326193690299988,0.4758950173854828,0.025209886953234673,-0.01790662854909897,0.41553133726119995,0.039264243096113205,0.033577971160411835,0.358232319355011,0.027132583782076836,0.059884339570999146,0.0,0.0,0.0,-0.16175034642219543,-0.18903014063835144,0.03679351881146431,-0.16807717084884644,-0.3632154166698456,0.04529718682169914,-0.1550293117761612,-0.4791376292705536,0.04000316560268402,-0.1388058066368103,-0.582080066204071,0.0316438265144825,0.016189781948924065,-0.5205831527709961,0.05554281920194626,-0.04581420123577118,-0.702315628528595,0.047396548092365265,-0.09274730831384659,-0.8173904418945312,0.03247978538274765,-0.12508951127529144,-0.926429033279419,0.016976704820990562,0.05540261045098305,-0.514029860496521,0.013678713701665401,-0.04009031876921654,-0.7311561703681946,-0.004628061316907406,-0.10330457240343094,-0.8676077723503113,-0.025896146893501282,-0.14002077281475067,-0.9891840219497681,-0.043694835156202316,0.052325114607810974,-0.4831613004207611,-0.02970282919704914,-0.03973287716507912,-0.7111844420433044,-0.05436300113797188,-0.10246051102876663,-0.8529558181762695,-0.06574051827192307,-0.13728785514831543,-0.9707950353622437,-0.07388783246278763,0.005508177448064089,-0.449493408203125,-0.07131777703762054,-0.06376123428344727,-0.6495598554611206,-0.08983416110277176,-0.10566401481628418,-0.7579246163368225,-0.0897928774356842,-0.12842370569705963,-0.8497639894485474,-0.08992573618888855,COLD
0.0,0.0,0.0,0.0936935544013977,-0.26728659868240356,0.06118591129779816,0.27335628867149353,-0.3690645098686218,0.07236757129430771,0.4000454246997833,-0.3439449369907379,0.06858029961585999,0.4773828387260437,-0.2431114763021469,0.05996722728013992,0.41273295879364014,-0.4777752459049225,0.005166483111679554,0.6546742916107178,-0.4667183458805084,0.012490980327129364,0.7897586226463318,-0.4535462558269501,0.02099655754864216,0.8955913782119751,-0.44436556100845337,0.02133863791823387,0.4589318335056305,-0.32744327187538147,-0.033404115587472916,0.5844061374664307,-0.2140018492937088,-0.01607706770300865,0.5128118991851807,-0.1905045360326767,0.007348964922130108,0.43777403235435486,-0.20569662749767303,0.01691780984401703,0.4667707681655884,-0.15230432152748108,-0.06157699227333069,0.5305402874946594,-0.08502756059169769,-0.02180522307753563,0.4659495949745178,-0.06928938627243042,0.0184928085654974,0.4011155664920807,-0.08293743431568146,0.030097896233201027,0.4517659544944763,-0.003780112834647298,-0.08811084181070328,0.4764903783798218,0.023700321093201637,-0.02832076884806156,0.417354941368103,0.03721362352371216,0.022515462711453438,0.3601035177707672,0.026484964415431023,0.04980119690299034,0.0,0.0,0.0,-0.16128434240818024,-0.1934773474931717,0.04443054646253586,-0.1658327728509903,-0.36604902148246765,0.05620129778981209,-0.14972476661205292,-0.4818122386932373,0.05222411826252937,-0.13321341574192047,-0.5847616791725159,0.044890038669109344,0.016445113345980644,-0.5194374322891235,0.06680001318454742,-0.045719221234321594,-0.7038565874099731,0.061956074088811874,-0.09371037036180496,-0.8173798322677612,0.04940235614776611,-0.12669484317302704,-0.9245527982711792,0.03509530797600746,0.05591283366084099,-0.5145037770271301,0.02058941312134266,-0.0378866121172905,-0.7351474165916443,0.004012004472315311,-0.1013709232211113,-0.8708174824714661,-0.016309548169374466,-0.13908715546131134,-0.9897137880325317,-0.03348522633314133,0.05240924283862114,-0.4847041666507721,-0.02718963287770748,-0.03845318779349327,-0.7184181809425354,-0.05254804342985153,-0.10223090648651123,-0.8595452308654785,-0.06411292403936386,-0.13953709602355957,-0.9754734039306641,-0.07209820300340652,0.005070845130831003,-0.45190227031707764,-0.07244829833507538,-0.0659002810716629,-0.6596019864082336,-0.09280679374933243,-0.11091817915439606,-0.7672482132911682,-0.09318114817142487,-0.13812987506389618,-0.857513427734375,-0.09342195838689804,COLD
0.0,0.0,0.0,0.08642013370990753,-0.27029019594192505,0.06404151022434235,0.2665521502494812,-0.3749893009662628,0.07765994966030121,0.39256060123443604,-0.3491376042366028,0.07601631432771683,0.47109755873680115,-0.24663247168064117,0.06854145228862762,0.4143678843975067,-0.4771910607814789,0.006410419940948486,0.6572670936584473,-0.46266868710517883,0.01714272052049637,0.7930331230163574,-0.4476848542690277,0.027435949072241783,0.8985427618026733,-0.4379523992538452,0.02861197665333748,0.4607127606868744,-0.3254658877849579,-0.03137786313891411,0.5743874311447144,-0.2168656587600708,-0.006552077364176512,0.5019001364707947,-0.1964954137802124,0.019562531262636185,0.43018463253974915,-0.21157121658325195,0.02847946435213089,0.46421587467193604,-0.14865396916866302,-0.05833836644887924,0.5182114839553833,-0.08621358871459961,-0.012164974585175514,0.4534522294998169,-0.07372452318668365,0.02919507399201393,0.39110472798347473,-0.08797113597393036,0.039170123636722565,0.44348859786987305,-0.0026484655681997538,-0.08345900475978851,0.4623679518699646,0.0258852057158947,-0.01912737637758255,0.40412068367004395,0.035531554371118546,0.03260158374905586,0.35004737973213196,0.02310493029654026,0.059220992028713226,0.0,0.0,0.0,-0.1669396460056305,-0.1938830316066742,0.050659529864788055,-0.1785360425710678,-0.37006059288978577,0.06942038983106613,-0.16974695026874542,-0.48821574449539185,0.07075561583042145,-0.15810877084732056,-0.5902592539787292,0.06872226297855377,0.01196314301341772,-0.5207566618919373,0.08676621317863464,-0.04963989183306694,-0.7044951915740967,0.08870866894721985,-0.09666267782449722,-0.8209196329116821,0.07839436829090118,-0.13127769529819489,-0.929509162902832,0.06500736624002457,0.05170051380991936,-0.5170904994010925,0.0389556922018528,-0.04157830402255058,-0.733444094657898,0.02990463748574257,-0.10587917268276215,-0.870335042476654,0.009769221767783165,-0.146215558052063,-0.9892215728759766,-0.007851927541196346,0.04819865524768829,-0.48908597230911255,-0.010870233178138733,-0.042185261845588684,-0.7182071208953857,-0.03096364066004753,-0.10710131376981735,-0.8614657521247864,-0.04433289170265198,-0.14826689660549164,-0.978883683681488,-0.05391259118914604,-0.00032122351694852114,-0.4584256708621979,-0.05798177421092987,-0.07013155519962311,-0.663568913936615,-0.07496071606874466,-0.11554043740034103,-0.7729382514953613,-0.07580694556236267,-0.14464493095874786,-0.8640734553337097,-0.07655632495880127,COLD
0.0,0.0,0.0,0.08558999001979828,-0.27526775002479553,0.06871349364519119,0.26646244525909424,-0.3753494620323181,0.08554267883300781,0.3912566900253296,-0.3519861698150635,0.08608143031597137,0.468187540769577,-0.25286945700645447,0.08051329106092453,0.4145634174346924,-0.4818672835826874,0.01538691483438015,0.6558079123497009,-0.46526190638542175,0.027020618319511414,0.7926347255706787,-0.44837430119514465,0.03729680925607681,0.899179995059967,-0.43585601449012756,0.03879328817129135,0.4633842706680298,-0.33006250858306885,-0.02389667183160782,0.577653169631958,-0.22057361900806427,0.002392562571913004,0.5061237215995789,-0.20012333989143372,0.02885722555220127,0.43343886733055115,-0.2164240926504135,0.03857216611504555,0.4691702425479889,-0.1525001972913742,-0.05249744653701782,0.5219218134880066,-0.08899372071027756,-0.005951295606791973,0.4557126462459564,-0.0759081020951271,0.03405071049928665,0.39311063289642334,-0.0916728526353836,0.04347338527441025,0.4498152732849121,-0.005319731775671244,-0.07885436713695526,0.4628720283508301,0.025346282869577408,-0.014810933731496334,0.4011783003807068,0.035661786794662476,0.035324569791555405,0.34542107582092285,0.021359167993068695,0.06095799058675766,0.0,0.0,0.0,-0.16382452845573425,-0.18864165246486664,0.03593537583947182,-0.170221209526062,-0.36210277676582336,0.04379843920469284,-0.15478277206420898,-0.48076215386390686,0.0373072475194931,-0.1376480609178543,-0.5866186022758484,0.02851059101521969,0.012154444120824337,-0.520424485206604,0.060536351054906845,-0.049089860171079636,-0.7029830813407898,0.053885042667388916,-0.09740326553583145,-0.8188667893409729,0.03979203850030899,-0.13232548534870148,-0.9276061058044434,0.02447001077234745,0.05165086314082146,-0.5160199403762817,0.017738400027155876,-0.04041624441742897,-0.7326971292495728,-0.0019653302151709795,-0.10413657128810883,-0.8691901564598083,-0.023610133677721024,-0.14406520128250122,-0.988721489906311,-0.0409284308552742,0.049320004880428314,-0.48789748549461365,-0.027168119326233864,-0.04227322340011597,-0.7159214615821838,-0.05425816774368286,-0.10701015591621399,-0.855772078037262,-0.06609353423118591,-0.14594651758670807,-0.9698217511177063,-0.07350343465805054,0.0023997051175683737,-0.4559474289417267,-0.07053547352552414,-0.07024604082107544,-0.6580292582511902,-0.08980067074298859,-0.1157447025179863,-0.7658054828643799,-0.08966626226902008,-0.1427733451128006,-0.8540316224098206,-0.08945053815841675,COLD
0.0,0.0,0.0,0.08851436525583267,-0.27189502120018005,0.06783375889062881,0.2680605351924896,-0.3751457929611206,0.08303222805261612,0.3921695947647095,-0.3543711006641388,0.08239974081516266,0.4709530472755432,-0.25712960958480835,0.0756392851471901,0.4131542444229126,-0.4778089225292206,0.00858466699719429,0.6557828187942505,-0.4626820981502533,0.018045509234070778,0.7932867407798767,-0.4460422396659851,0.02756457030773163,0.8997884392738342,-0.4353763163089752,0.02877923846244812,0.459983766078949,-0.32550740242004395,-0.03043111227452755,0.5789381265640259,-0.22391901910305023,-0.0050764791667461395,0.5086706280708313,-0.2046911120414734,0.022585447877645493,0.4357917606830597,-0.21976856887340546,0.03278711065649986,0.46486812829971313,-0.14833316206932068,-0.05858638137578964,0.5216785669326782,-0.09005813300609589,-0.011814150959253311,0.45837005972862244,-0.07616821676492691,0.030189771205186844,0.3959227204322815,-0.08920860290527344,0.040565408766269684,0.4454176425933838,-0.0009586325031705201,-0.084593765437603,0.4651751220226288,0.0259220190346241,-0.019810933619737625,0.40606415271759033,0.03657134622335434,0.031873274594545364,0.35164618492126465,0.024689391255378723,0.05829984322190285,0.0,0.0,0.0,-0.16640552878379822,-0.1916980892419815,0.047764357179403305,-0.17544350028038025,-0.3661879301071167,0.06266999244689941,-0.16317300498485565,-0.48366427421569824,0.060118772089481354,-0.14881397783756256,-0.58711838722229,0.054406773298978806,0.008137055672705173,-0.519056499004364,0.08119530975818634,-0.05283847451210022,-0.7023167610168457,0.08050742000341415,-0.10036318004131317,-0.8168124556541443,0.06954263895750046,-0.13466313481330872,-0.9235188961029053,0.05611931160092354,0.048695653676986694,-0.5152573585510254,0.0329899862408638,-0.04234714433550835,-0.7339805960655212,0.020319579169154167,-0.10631734877824783,-0.8702182769775391,0.0006363909924402833,-0.14630454778671265,-0.989112377166748,-0.01586117595434189,0.04703199863433838,-0.4876297414302826,-0.0174766443669796,-0.04334656149148941,-0.7206879258155823,-0.04052075371146202,-0.10904300957918167,-0.8621909022331238,-0.052275486290454865,-0.15021085739135742,-0.9759812355041504,-0.05987996235489845,0.0006086509674787521,-0.4568898677825928,-0.06555649638175964,-0.07114271819591522,-0.6655930876731873,-0.08375253528356552,-0.11840154230594635,-0.7729570865631104,-0.08309480547904968,-0.14949534833431244,-0.8589016199111938,-0.08235204219818115,COLD
0.0,0.0,0.0,0.09150205552577972,-0.26787540316581726,0.06488482654094696,0.27234241366386414,-0.37082549929618835,0.07727556675672531,0.39773350954055786,-0.34893858432769775,0.0742814838886261,0.4766634404659271,-0.2519461512565613,0.06571394205093384,0.4166392385959625,-0.4736839830875397,0.00336173246614635,0.6587210893630981,-0.4588773250579834,0.010484796948730946,0.7956422567367554,-0.44156941771507263,0.019066736102104187,0.9021022915840149,-0.4310629963874817,0.019904326647520065,0.46030193567276,-0.3194767236709595,-0.03618079051375389,0.5842725038528442,-0.22030946612358093,-0.014031060971319675,0.5133450627326965,-0.20139865577220917,0.014196958392858505,0.43789026141166687,-0.21518640220165253,0.025538170710206032,0.462251216173172,-0.14238160848617554,-0.06517663598060608,0.5265650153160095,-0.08582127839326859,-0.021470116451382637,0.46340277791023254,-0.07287512719631195,0.02251480706036091,0.4001162350177765,-0.08473917096853256,0.03511648252606392,0.4398597776889801,0.0051057832315564156,-0.09216629713773727,0.47006556391716003,0.0280610378831625,-0.028665665537118912,0.412432998418808,0.038500718772411346,0.02521399036049843,0.35827240347862244,0.02888081781566143,0.05346259847283363,0.0,0.0,0.0,-0.15661625564098358,-0.17919090390205383,0.031366970390081406,-0.1669383943080902,-0.348925918340683,0.03919842466711998,-0.15689429640769958,-0.46697893738746643,0.032642047852277756,-0.1414666473865509,-0.5730735063552856,0.024252789095044136,0.019758138805627823,-0.5163699984550476,0.06503407657146454,-0.04311342164874077,-0.6966151595115662,0.05600684508681297,-0.0914091244339943,-0.8169562816619873,0.03838350251317024,-0.12648147344589233,-0.9281555414199829,0.02027973160147667,0.05696963891386986,-0.5144481658935547,0.02253102697432041,-0.035711079835891724,-0.7276841402053833,0.0030349302105605602,-0.10023482143878937,-0.8663818836212158,-0.022443940863013268,-0.1406957358121872,-0.9891033172607422,-0.04335195943713188,0.05369076132774353,-0.49019232392311096,-0.02346102148294449,-0.037950288504362106,-0.7147461771965027,-0.05118929222226143,-0.10289882868528366,-0.8569719195365906,-0.06673340499401093,-0.14203982055187225,-0.9759525060653687,-0.07736119627952576,0.007421494927257299,-0.461333692073822,-0.0687737911939621,-0.06330416351556778,-0.6615699529647827,-0.09151773154735565,-0.10774900019168854,-0.7730003595352173,-0.09577710181474686,-0.1347927749156952,-0.8680834770202637,-0.09877192229032516,COLD
0.0,0.0,0.0,0.08596733212471008,-0.2761422097682953,0.06691887229681015,0.26611223816871643,-0.3814544379711151,0.08465609699487686,0.39154890179634094,-0.36356520652770996,0.08690804988145828,0.4713834524154663,-0.26707208156585693,0.08336082100868225,0.4124639630317688,-0.4793303310871124,0.012477651238441467,0.6547493934631348,-0.4663453996181488,0.024247610941529274,0.7919701337814331,-0.44897428154945374,0.03615380823612213,0.8986790180206299,-0.43679845333099365,0.039788950234651566,0.45882561802864075,-0.32522985339164734,-0.024096215143799782,0.5798096656799316,-0.23396457731723785,0.003615499474108219,0.5108159184455872,-0.2182426154613495,0.03350209817290306,0.43584346771240234,-0.22969961166381836,0.04607737064361572,0.4623381793498993,-0.14874935150146484,-0.050378862768411636,0.5202932357788086,-0.09892241656780243,-0.003231731476262212,0.4578790068626404,-0.08749688416719437,0.03775765374302864,0.3953457474708557,-0.0971529632806778,0.04848407208919525,0.4422348439693451,-0.003794135758653283,-0.0743357315659523,0.4662603735923767,0.01845064014196396,-0.008672419935464859,0.40903666615486145,0.02776002697646618,0.042261362075805664,0.35502275824546814,0.018469244241714478,0.06837859004735947,0.0,0.0,0.0,-0.15979859232902527,-0.1803155541419983,0.034500572830438614,-0.172747403383255,-0.35172733664512634,0.043202683329582214,-0.16046187281608582,-0.4659915566444397,0.03662235662341118,-0.1447288691997528,-0.5697516202926636,0.02813817374408245,0.012941792607307434,-0.5200487375259399,0.06943200528621674,-0.04962051659822464,-0.7007477283477783,0.062095846980810165,-0.0994143858551979,-0.8197271227836609,0.04584478959441185,-0.13520002365112305,-0.9280633330345154,0.028586000204086304,0.05179160088300705,-0.5168511867523193,0.02465270645916462,-0.04055919870734215,-0.7330430150032043,0.006754001602530479,-0.10606207698583603,-0.8701822757720947,-0.01695995219051838,-0.14707419276237488,-0.9884603023529053,-0.036268796771764755,0.04960530251264572,-0.4914623200893402,-0.023741332814097404,-0.0415051095187664,-0.7220306396484375,-0.05215296149253845,-0.10811085999011993,-0.8648518919944763,-0.06730741262435913,-0.14896205067634583,-0.9814618825912476,-0.07696513831615448,0.0037651988677680492,-0.46038225293159485,-0.07104746252298355,-0.06663427501916885,-0.6669737100601196,-0.09539704024791718,-0.11278992891311646,-0.7780746817588806,-0.09930793195962906,-0.1422308385372162,-0.8698036074638367,-0.10139638185501099,COLD
0.0,0.0,0.0,0.09311913698911667,-0.27266842126846313,0.06077604740858078,0.277083158493042,-0.3778938949108124,0.0753493532538414,0.4066368639469147,-0.34791550040245056,0.0757807195186615,0.4830971360206604,-0.24554499983787537,0.07148382812738419,0.4138845205307007,-0.4837082326412201,0.009205736219882965,0.6547476053237915,-0.46739572286605835,0.021681608632206917,0.790194571018219,-0.45154327154159546,0.03256560117006302,0.894696056842804,-0.4453856348991394,0.03392012044787407,0.4603350758552551,-0.3281196653842926,-0.02638464979827404,0.5759981274604797,-0.23466777801513672,-0.0001256838731933385,0.507409393787384,-0.21415944397449493,0.024488219991326332,0.4386747181415558,-0.22807517647743225,0.03279143571853638,0.4658876657485962,-0.14929404854774475,-0.051456015557050705,0.5201360583305359,-0.0997198075056076,-0.004480643197894096,0.45857107639312744,-0.08656975626945496,0.0348028764128685,0.39912182092666626,-0.09884470701217651,0.04417978972196579,0.4462929368019104,0.0005236557917669415,-0.07487557828426361,0.46491822600364685,0.015445874072611332,-0.010275250300765038,0.4100365936756134,0.025420377030968666,0.04057074338197708,0.3587707281112671,0.017404308542609215,0.06725437194108963,0.0,0.0,0.0,-0.15662220120429993,-0.18041691184043884,0.04542387276887894,-0.1695476770401001,-0.3464077413082123,0.05770450457930565,-0.161643385887146,-0.4595109224319458,0.05248105525970459,-0.14669542014598846,-0.5655559301376343,0.044782523065805435,0.01881614327430725,-0.5185336470603943,0.08094294369220734,-0.04617517441511154,-0.7009087204933167,0.07655521482229233,-0.09477506577968597,-0.8208429217338562,0.061989281326532364,-0.12825438380241394,-0.9304467439651489,0.04571961611509323,0.056076277047395706,-0.5157533288002014,0.030682019889354706,-0.03913755714893341,-0.7297239303588867,0.015854619443416595,-0.10393398255109787,-0.868768572807312,-0.007689372170716524,-0.1426028460264206,-0.989398181438446,-0.02748878113925457,0.05134059488773346,-0.49001839756965637,-0.02240046113729477,-0.04085748270153999,-0.7186803817749023,-0.047088559716939926,-0.1060175895690918,-0.8625991344451904,-0.060351286083459854,-0.14467856287956238,-0.9824876189231873,-0.06964864581823349,0.004215063527226448,-0.457731157541275,-0.07370766997337341,-0.0625767633318901,-0.6659488677978516,-0.09592582285404205,-0.10718344897031784,-0.7778398990631104,-0.09871116280555725,-0.13632732629776,-0.8727811574935913,-0.10036441683769226,COLD
0.0,0.0,0.0,0.08977386355400085,-0.27628979086875916,0.06281822174787521,0.2742040753364563,-0.38146016001701355,0.07603394985198975,0.40788447856903076,-0.3500170111656189,0.07509446144104004,0.48837655782699585,-0.24286140501499176,0.06918854266405106,0.4019163250923157,-0.48479267954826355,0.002149933483451605,0.6491184830665588,-0.4693275988101959,0.00976327620446682,0.788530170917511,-0.4529992341995239,0.019007131457328796,0.8970932364463806,-0.4413655698299408,0.02049664407968521,0.4465923011302948,-0.3327483832836151,-0.0340997539460659,0.5789247751235962,-0.23711565136909485,-0.011384353041648865,0.5110347270965576,-0.2152411937713623,0.016361193731427193,0.4394376277923584,-0.22675764560699463,0.027533169835805893,0.45425859093666077,-0.1568845510482788,-0.05944915860891342,0.5308969616889954,-0.10679361969232559,-0.013151487335562706,0.46869149804115295,-0.0941183790564537,0.03167702257633209,0.40552017092704773,-0.10622652620077133,0.044862497597932816,0.4370118975639343,-0.007890979759395123,-0.08286909759044647,0.47053444385528564,0.006158991251140833,-0.015359180048108101,0.4171612858772278,0.016353633254766464,0.03996861353516579,0.3656193017959595,0.009322541765868664,0.06907406449317932,0.0,0.0,0.0,-0.16146442294120789,-0.19116941094398499,0.04030128940939903,-0.17393234372138977,-0.35096144676208496,0.04830067232251167,-0.1670907735824585,-0.46136245131492615,0.03958278149366379,-0.15153127908706665,-0.5636710524559021,0.028024345636367798,0.014415524899959564,-0.5206709504127502,0.06994404643774033,-0.05021340027451515,-0.7046196460723877,0.062030162662267685,-0.0981028825044632,-0.8233284950256348,0.04542173445224762,-0.131003737449646,-0.9333970546722412,0.027704549953341484,0.05120287835597992,-0.5158527493476868,0.021684471517801285,-0.04268386960029602,-0.7324336767196655,0.001400357112288475,-0.10633161664009094,-0.8692187666893005,-0.024555359035730362,-0.14347320795059204,-0.9885962009429932,-0.04574872925877571,0.04687526822090149,-0.48733386397361755,-0.029256822541356087,-0.04639212787151337,-0.7175512909889221,-0.05855349823832512,-0.11011043190956116,-0.8613278269767761,-0.0737808495759964,-0.14624665677547455,-0.9805083274841309,-0.08385339379310608,-0.000804345530923456,-0.4535631835460663,-0.07844534516334534,-0.06768999248743057,-0.6627365946769714,-0.10318625718355179,-0.11068312078714371,-0.7757015824317932,-0.10714253038167953,-0.13614778220653534,-0.871273934841156,-0.10970782488584518,COLD
0.0,0.0,0.0,0.08629444241523743,-0.27457505464553833,0.06625262647867203,0.2673737704753876,-0.38170501589775085,0.08082903176546097,0.4010435938835144,-0.35576340556144714,0.08063271641731262,0.4844190776348114,-0.2538289725780487,0.0749623030424118,0.39988431334495544,-0.48805496096611023,0.005037629511207342,0.6464784741401672,-0.47493287920951843,0.01523149386048317,0.7839043140411377,-0.46071240305900574,0.026536157354712486,0.8907155394554138,-0.4536229968070984,0.029190829023718834,0.44691386818885803,-0.339341938495636,-0.03244148939847946,0.5783242583274841,-0.2418910413980484,-0.0056627835147082806,0.5107866525650024,-0.2164245843887329,0.02365778386592865,0.43921083211898804,-0.228775754570961,0.03503519669175148,0.4556238055229187,-0.16488230228424072,-0.05864466354250908,0.5273852348327637,-0.11076296120882034,-0.00938752293586731,0.4647793769836426,-0.0949283167719841,0.0351925864815712,0.4017316997051239,-0.10752151906490326,0.047179240733385086,0.4383161962032318,-0.016881654039025307,-0.08264259994029999,0.4689567983150482,0.002681184094399214,-0.014357875101268291,0.4135453999042511,0.014381278306245804,0.040347885340452194,0.36029258370399475,0.00596383074298501,0.06860464066267014,0.0,0.0,0.0,-0.1590198129415512,-0.18799611926078796,0.03762495145201683,-0.1727873533964157,-0.34584522247314453,0.04384617879986763,-0.17027345299720764,-0.456686794757843,0.03429697826504707,-0.1555168777704239,-0.5613240003585815,0.022044282406568527,0.015524335205554962,-0.5196204781532288,0.06453412026166916,-0.04998287558555603,-0.7033641338348389,0.05523861572146416,-0.0967852994799614,-0.8225021362304688,0.03773193061351776,-0.12851697206497192,-0.9342895746231079,0.019705839455127716,0.051187630742788315,-0.513900101184845,0.018496962264180183,-0.044741399586200714,-0.7297428846359253,-0.0011688800295814872,-0.10744650661945343,-0.8675870299339294,-0.027198119089007378,-0.1430666595697403,-0.9884944558143616,-0.0490979440510273,0.04546103999018669,-0.4840698838233948,-0.029971854761242867,-0.04693559184670448,-0.7114237546920776,-0.05672847479581833,-0.10918062180280685,-0.8556562066078186,-0.07158482074737549,-0.14388421177864075,-0.9765726923942566,-0.08251599967479706,-0.003204378066584468,-0.449840784072876,-0.07695139944553375,-0.06845229864120483,-0.6530014276504517,-0.09965910017490387,-0.10977663844823837,-0.765642523765564,-0.10359163582324982,-0.1337605118751526,-0.8630563020706177,-0.10665783286094666,COLD
0.0,0.0,0.0,0.08736105263233185,-0.27682027220726013,0.061716578900814056,0.27261292934417725,-0.3832264244556427,0.07444555312395096,0.4102233350276947,-0.3515109121799469,0.07388847321271896,0.494812935590744,-0.24679511785507202,0.06834676116704941,0.40236207842826843,-0.49012860655784607,-0.00158789218403399,0.649206817150116,-0.47482505440711975,0.009969376027584076,0.7860631942749023,-0.4607500731945038,0.022347649559378624,0.8908225893974304,-0.4536433517932892,0.025352029129862785,0.4497087001800537,-0.33477091789245605,-0.03694232553243637,0.5754441022872925,-0.24525798857212067,-0.009011531248688698,0.5086120367050171,-0.22410467267036438,0.01976028084754944,0.4381416141986847,-0.234526589512825,0.030091706663370132,0.45740950107574463,-0.1574706882238388,-0.06093873828649521,0.5211955904960632,-0.11219178885221481,-0.011600326746702194,0.46031683683395386,-0.09842308610677719,0.031481653451919556,0.398417592048645,-0.10770437121391296,0.04230179265141487,0.4400387108325958,-0.009214416146278381,-0.08296985924243927,0.4645223319530487,0.0008914684294722974,-0.015344586223363876,0.4123263955116272,0.01204641629010439,0.038035426288843155,0.3615773022174835,0.006634601857513189,0.06530524045228958,0.0,0.0,0.0,-0.15913350880146027,-0.19130446016788483,0.04113766551017761,-0.17348022758960724,-0.349626362323761,0.05028953403234482,-0.1683863252401352,-0.4595528841018677,0.042819324880838394,-0.1502661108970642,-0.5574931502342224,0.03189700469374657,0.010811509564518929,-0.5208935737609863,0.0679495558142662,-0.05276365578174591,-0.7018848061561584,0.05954699218273163,-0.09806405007839203,-0.8201543092727661,0.04238574951887131,-0.1297442615032196,-0.9314398169517517,0.023750949651002884,0.0475749634206295,-0.5164511203765869,0.020254557952284813,-0.04569895938038826,-0.7305225729942322,-0.0006473319954238832,-0.10761285573244095,-0.8672406077384949,-0.02817724272608757,-0.14354006946086884,-0.9883127212524414,-0.05132471024990082,0.0425383634865284,-0.4851503074169159,-0.0296039842069149,-0.04740358516573906,-0.7120053172111511,-0.058381564915180206,-0.10953714698553085,-0.8550997972488403,-0.0755619928240776,-0.14529311656951904,-0.9759421944618225,-0.08812931925058365,-0.005854649934917688,-0.44888922572135925,-0.07747577875852585,-0.06831386685371399,-0.6511224508285522,-0.10299789160490036,-0.1078527569770813,-0.7641674280166626,-0.10990191996097565,-0.1303522288799286,-0.8645479083061218,-0.11545360088348389,COLD
0.0,0.0,0.0,0.08713677525520325,-0.2810050845146179,0.06755238026380539,0.27413925528526306,-0.38684189319610596,0.08301924914121628,0.41319090127944946,-0.3601723909378052,0.08451498299837112,0.499980628490448,-0.25834545493125916,0.08083108067512512,0.4068339169025421,-0.4942513406276703,0.004157477058470249,0.6520818471908569,-0.47534704208374023,0.020719613879919052,0.786534309387207,-0.45999565720558167,0.03616435453295708,0.8910191059112549,-0.45212745666503906,0.04081441089510918,0.45563796162605286,-0.33762702345848083,-0.03188171982765198,0.5735122561454773,-0.24505360424518585,0.0037494285497814417,0.5052372217178345,-0.22539615631103516,0.03545976057648659,0.43586841225624084,-0.23677967488765717,0.04597467556595802,0.46234846115112305,-0.1586781144142151,-0.05582226440310478,0.5194377303123474,-0.11352483928203583,-9.365488949697465e-05,0.45736032724380493,-0.10234660655260086,0.04361533001065254,0.39543217420578003,-0.11371824890375137,0.05298856645822525,0.44335466623306274,-0.011157987639307976,-0.07717854529619217,0.46414217352867126,-0.0012648541014641523,-0.0045751831494271755,0.41163524985313416,0.007705738767981529,0.04982955381274223,0.3594692349433899,-0.00016697411774657667,0.07675935328006744,0.0,0.0,0.0,-0.1616673618555069,-0.1939077079296112,0.03816865757107735,-0.17575670778751373,-0.35320836305618286,0.04570898413658142,-0.16804230213165283,-0.46730154752731323,0.03758874535560608,-0.1467771977186203,-0.5664840340614319,0.025955110788345337,0.007476483471691608,-0.5204001069068909,0.062234748154878616,-0.05663318186998367,-0.6988949775695801,0.051872529089450836,-0.1025603637099266,-0.8172411322593689,0.03354160860180855,-0.13464605808258057,-0.9292171001434326,0.014164965599775314,0.04495101422071457,-0.5165485739707947,0.01679144985973835,-0.04969819635152817,-0.7285193800926208,-0.0064065661281347275,-0.11260263621807098,-0.8642979264259338,-0.03438152000308037,-0.14829201996326447,-0.987249493598938,-0.057861167937517166,0.0401291586458683,-0.48451903462409973,-0.03072407655417919,-0.04903624206781387,-0.709863543510437,-0.061328839510679245,-0.1115650087594986,-0.8533109426498413,-0.0795462429523468,-0.1463940441608429,-0.9746578931808472,-0.09279696643352509,-0.008245674893260002,-0.4472859501838684,-0.07629355043172836,-0.06920662522315979,-0.6454893946647644,-0.10265246778726578,-0.10947463661432266,-0.7587569355964661,-0.11048641055822372,-0.13231150805950165,-0.8596162796020508,-0.11685880273580551,COLD
0.0,0.0,0.0,0.08173559606075287,-0.28263694047927856,0.06308064609766006,0.26610055565834045,-0.3915573060512543,0.07651317119598389,0.40443846583366394,-0.3687121868133545,0.07665471732616425,0.4877776503562927,-0.264558345079422,0.07185385376214981,0.3982040584087372,-0.5000643730163574,6.472208769991994e-05,0.644485592842102,-0.4818059206008911,0.0150961484760046,0.780779242515564,-0.4681340754032135,0.0289835873991251,0.8865731358528137,-0.4614633023738861,0.03224356472492218,0.4491863250732422,-0.3433395028114319,-0.03455035388469696,0.5647274255752563,-0.2551223933696747,-0.00025848543737083673,0.4997307360172272,-0.23920904099941254,0.030322875827550888,0.4330716133117676,-0.2513783872127533,0.039756566286087036,0.4574246406555176,-0.16503916680812836,-0.057457562536001205,0.5111014246940613,-0.12576924264431,-0.0027173906564712524,0.451541006565094,-0.11598275601863861,0.040571194142103195,0.39186596870422363,-0.12614263594150543,0.04938920587301254,0.44092148542404175,-0.01844518817961216,-0.07840010523796082,0.45737791061401367,-0.013356465846300125,-0.008119511418044567,0.4062395393848419,-0.00458391010761261,0.04469600319862366,0.3560675084590912,-0.010951732285320759,0.07066743820905685,0.0,0.0,0.0,-0.15707984566688538,-0.1865227073431015,0.030487755313515663,-0.17321178317070007,-0.3446868658065796,0.03436533734202385,-0.1679382026195526,-0.4556906521320343,0.0243003461509943,-0.14678876101970673,-0.5513796806335449,0.01104683242738247,0.012270902283489704,-0.5169364213943481,0.05009559169411659,-0.052438825368881226,-0.6960428357124329,0.03635010868310928,-0.0980846956372261,-0.8151659965515137,0.015895238146185875,-0.1297934651374817,-0.927401602268219,-0.00497081084176898,0.04755207523703575,-0.5138548612594604,0.007684865966439247,-0.046492334455251694,-0.7268088459968567,-0.01887606829404831,-0.10955072939395905,-0.8620667457580566,-0.049524225294589996,-0.14584936201572418,-0.9864784479141235,-0.07475471496582031,0.04170769453048706,-0.48233723640441895,-0.036726925522089005,-0.047192662954330444,-0.7092987895011902,-0.06987624615430832,-0.10963095724582672,-0.853959858417511,-0.09056729823350906,-0.1453263759613037,-0.9783214330673218,-0.10525567084550858,-0.006704356521368027,-0.44359898567199707,-0.07960245758295059,-0.06511574238538742,-0.6448612213134766,-0.10842518508434296,-0.10390651971101761,-0.7598749399185181,-0.11808301508426666,-0.12564998865127563,-0.8629890084266663,-0.12552982568740845,COLD
