f0,f1,f2,f3,f4,f5,f6,f7,f8,f9,f10,f11,f12,f13,f14,f15,f16,f17,f18,f19,f20,f21,f22,f23,f24,f25,f26,f27,f28,f29,f30,f31,f32,f33,f34,f35,f36,f37,f38,f39,f40,f41,f42,f43,f44,f45,f46,f47,f48,f49,f50,f51,f52,f53,f54,f55,f56,f57,f58,f59,f60,f61,f62,f63,f64,f65,f66,f67,f68,f69,f70,f71,f72,f73,f74,f75,f76,f77,f78,f79,f80,f81,f82,f83,f84,f85,f86,f87,f88,f89,f90,f91,f92,f93,f94,f95,f96,f97,f98,f99,f100,f101,f102,f103,f104,f105,f106,f107,f108,f109,f110,f111,f112,f113,f114,f115,f116,f117,f118,f119,f120,f121,f122,f123,f124,f125,label
0.0,0.0,0.0,-0.105169877409935,-0.2460041344165802,-0.02384984865784645,-0.15887205302715302,-0.5101847648620605,-0.08426308631896973,-0.19594331085681915,-0.7305291891098022,-0.14733169972896576,-0.26252278685569763,-0.8838851451873779,-0.20381370186805725,0.08275291323661804,-0.6346004009246826,-0.1302962452173233,0.25002533197402954,-0.7514982223510742,-0.1702214777469635,0.21730639040470123,-0.6456654667854309,-0.17040041089057922,0.1540607511997223,-0.5631213188171387,-0.16238386929035187,0.20649097859859467,-0.5144487619400024,-0.14863990247249603,0.3552483916282654,-0.6437885165214539,-0.1666797399520874,0.3190612196922302,-0.5542790293693542,-0.15528203547000885,0.2629610598087311,-0.4802137315273285,-0.15509462356567383,0.31186193227767944,-0.3770083785057068,-0.16298161447048187,0.4672218859195709,-0.5456811189651489,-0.18093645572662354,0.43014416098594666,-0.4664210379123688,-0.1652384251356125,0.3712889850139618,-0.3867538273334503,-0.1594703644514084,0.40203219652175903,-0.24552926421165466,-0.17653395235538483,0.6037853360176086,-0.3876802623271942,-0.18558745086193085,0.7229886651039124,-0.4631407856941223,-0.179881289601326,0.8216298222541809,-0.5410377979278564,-0.17945027351379395,0.0,0.0,0.0,0.0,0.0,0.0,0.0,0.0,0.0,0.0,0.0,0.0,0.0,0.0,0.0,0.0,0.0,0.0,0.0,0.0,0.0,0.0,0.0,0.0,0.0,0.0,0.0,0.0,0.0,0.0,0.0,0.0,0.0,0.0,0.0,0.0,0.0,0.0,0.0,0.0,0.0,0.0,0.0,0.0,0.0,0.0,0.0,0.0,0.0,0.0,0.0,0.0,0.0,0.0,0.0,0.0,0.0,0.0,0.0,0.0,0.0,0.0,0.0,DOCTOR
0.0,0.0,0.0,-0.10140927135944366,-0.2999672591686249,0.011646690778434277,-0.17350631952285767,-0.5607785582542419,-0.025045955553650856,-0.20480750501155853,-0.7842551469802856,-0.06936074048280716,-0.2621135711669922,-0.9592888355255127,-0.10431234538555145,0.07993301749229431,-0.7064341902732849,-0.07355077564716339,0.25388216972351074,-0.7838578820228577,-0.08907025307416916,0.2357286810874939,-0.664559006690979,-0.07293965667486191,0.1684143990278244,-0.5721654295921326,-0.0576816163957119,0.20981325209140778,-0.5868861675262451,-0.10503892600536346,0.3624406158924103,-0.6708948612213135,-0.10103262960910797,0.3310404121875763,-0.5734634399414062,-0.0787787139415741,0.2713177502155304,-0.4875186085700989,-0.07622380554676056,0.3242367208003998,-0.4462366998195648,-0.12972277402877808,0.4707091450691223,-0.5581170320510864,-0.13977095484733582,0.43706363439559937,-0.4719665050506592,-0.11031053960323334,0.37777531147003174,-0.3987988233566284,-0.09777844697237015,0.42215651273727417,-0.2917229235172272,-0.15017440915107727,0.6130932569503784,-0.457017183303833,-0.16333605349063873,0.7275629639625549,-0.5045350193977356,-0.14391949772834778,0.8209887146949768,-0.5559423565864563,-0.13002142310142517,0.0,0.0,0.0,0.0,0.0,0.0,0.0,0.0,0.0,0.0,0.0,0.0,0.0,0.0,0.0,0.0,0.0,0.0,0.0,0.0,0.0,0.0,0.0,0.0,0.0,0.0,0.0,0.0,0.0,0.0,0.0,0.0,0.0,0.0,0.0,0.0,0.0,0.0,0.0,0.0,0.0,0.0,0.0,0.0,0.0,0.0,0.0,0.0,0.0,0.0,0.0,0.0,0.0,0.0,0.0,0.0,0.0,0.0,0.0,0.0,0.0,0.0,0.0,DOCTOR
0.0,0.0,0.0,-0.0839359387755394,-0.3084815442562103,0.01975383423268795,-0.14403966069221497,-0.5766929984092712,-0.005813178606331348,-0.16463884711265564,-0.8043361306190491,-0.038694318383932114,-0.21543027460575104,-0.9745568633079529,-0.061877328902482986,0.10699091106653214,-0.7309389710426331,-0.05385246127843857,0.27975761890411377,-0.787361204624176,-0.057740628719329834,0.2602182924747467,-0.6688770055770874,-0.037357084453105927,0.19383522868156433,-0.5763565301895142,-0.021793166175484657,0.23002858459949493,-0.620670735836029,-0.08407136052846909,0.37910881638526917,-0.6742854118347168,-0.0685744509100914,0.3441389203071594,-0.5748664736747742,-0.04396405443549156,0.2812455892562866,-0.49357473850250244,-0.042077016085386276,0.3369254171848297,-0.4809318482875824,-0.10676668584346771,0.468744695186615,-0.5573474168777466,-0.10987910628318787,0.43272629380226135,-0.4693276584148407,-0.08130842447280884,0.37132754921913147,-0.4003181457519531,-0.07114739716053009,0.4264020621776581,-0.32126668095588684,-0.12439960986375809,0.6097202897071838,-0.47005245089530945,-0.13690268993377686,0.7229059338569641,-0.5098424553871155,-0.11801181733608246,0.8128265142440796,-0.5562191009521484,-0.10419002920389175,0.0,0.0,0.0,0.0,0.0,0.0,0.0,0.0,0.0,0.0,0.0,0.0,0.0,0.0,0.0,0.0,0.0,0.0,0.0,0.0,0.0,0.0,0.0,0.0,0.0,0.0,0.0,0.0,0.0,0.0,0.0,0.0,0.0,0.0,0.0,0.0,0.0,0.0,0.0,0.0,0.0,0.0,0.0,0.0,0.0,0.0,0.0,0.0,0.0,0.0,0.0,0.0,0.0,0.0,0.0,0.0,0.0,0.0,0.0,0.0,0.0,0.0,0.0,DOCTOR
0.0,0.0,0.0,-0.08554814755916595,-0.30107253789901733,0.011314896866679192,-0.14602959156036377,-0.5744381546974182,-0.014653457328677177,-0.16019228100776672,-0.807038426399231,-0.04425809532403946,-0.20529352128505707,-0.9767002463340759,-0.0625389888882637,0.10372397303581238,-0.7373493313789368,-0.05847395956516266,0.2681904137134552,-0.7721861004829407,-0.057961590588092804,0.24767358601093292,-0.6568008065223694,-0.03482241928577423,0.18209727108478546,-0.57157963514328,-0.01869793049991131,0.2247217297554016,-0.6276677846908569,-0.08269315212965012,0.36772921681404114,-0.6614457368850708,-0.06262967735528946,0.33200395107269287,-0.5651105046272278,-0.035952161997556686,0.2704579830169678,-0.4917046129703522,-0.03420687094330788,0.32808223366737366,-0.48732924461364746,-0.09999976307153702,0.45527884364128113,-0.5458521842956543,-0.10049156844615936,0.4177055060863495,-0.4608127772808075,-0.07252189517021179,0.357117235660553,-0.39907339215278625,-0.06413174420595169,0.41614940762519836,-0.32661736011505127,-0.11287719011306763,0.6035181283950806,-0.46720486879348755,-0.1242891177535057,0.7143444418907166,-0.5093922019004822,-0.10650470107793808,0.8009926080703735,-0.5630607604980469,-0.09459711611270905,0.0,0.0,0.0,0.0,0.0,0.0,0.0,0.0,0.0,0.0,0.0,0.0,0.0,0.0,0.0,0.0,0.0,0.0,0.0,0.0,0.0,0.0,0.0,0.0,0.0,0.0,0.0,0.0,0.0,0.0,0.0,0.0,0.0,0.0,0.0,0.0,0.0,0.0,0.0,0.0,0.0,0.0,0.0,0.0,0.0,0.0,0.0,0.0,0.0,0.0,0.0,0.0,0.0,0.0,0.0,0.0,0.0,0.0,0.0,0.0,0.0,0.0,0.0,DOCTOR
0.0,0.0,0.0,-0.07891841232776642,-0.2979707419872284,0.022147491574287415,-0.13698767125606537,-0.5776509642601013,0.003897052491083741,-0.14732801914215088,-0.8101116418838501,-0.02050722762942314,-0.18499617278575897,-0.9820783138275146,-0.0360352024435997,0.11091790348291397,-0.7438324093818665,-0.040748804807662964,0.2718163728713989,-0.7566558718681335,-0.034815993160009384,0.24695275723934174,-0.6403844356536865,-0.01633857563138008,0.18096837401390076,-0.562666654586792,-0.004870224744081497,0.22899693250656128,-0.6434980630874634,-0.06941550225019455,0.37672173976898193,-0.644882321357727,-0.039951957762241364,0.33493897318840027,-0.5468616485595703,-0.016342507675290108,0.26940155029296875,-0.4814862906932831,-0.018478743731975555,0.32946473360061646,-0.5034621357917786,-0.0900859609246254,0.4550057351589203,-0.5357435345649719,-0.08281843364238739,0.4149772822856903,-0.44236165285110474,-0.05663333088159561,0.35252994298934937,-0.38225793838500977,-0.050536539405584335,0.4144926965236664,-0.3419584333896637,-0.1057138741016388,0.5947377681732178,-0.490897536277771,-0.11063729226589203,0.7080222964286804,-0.5275906920433044,-0.08804179728031158,0.7968288660049438,-0.570059597492218,-0.07289844006299973,0.0,0.0,0.0,0.0,0.0,0.0,0.0,0.0,0.0,0.0,0.0,0.0,0.0,0.0,0.0,0.0,0.0,0.0,0.0,0.0,0.0,0.0,0.0,0.0,0.0,0.0,0.0,0.0,0.0,0.0,0.0,0.0,0.0,0.0,0.0,0.0,0.0,0.0,0.0,0.0,0.0,0.0,0.0,0.0,0.0,0.0,0.0,0.0,0.0,0.0,0.0,0.0,0.0,0.0,0.0,0.0,0.0,0.0,0.0,0.0,0.0,0.0,0.0,DOCTOR
0.0,0.0,0.0,-0.0822754055261612,-0.304987370967865,0.016881853342056274,-0.1383124738931656,-0.5796687602996826,-0.0023560449481010437,-0.14742964506149292,-0.8097125887870789,-0.026336662471294403,-0.18186157941818237,-0.9824830889701843,-0.04066259786486626,0.11987277120351791,-0.7550976276397705,-0.03809494897723198,0.2756989896297455,-0.7517925500869751,-0.02860347554087639,0.248890683054924,-0.6365018486976624,-0.0099312923848629,0.1825704574584961,-0.5605995059013367,0.000777022389229387,0.24222224950790405,-0.6559637188911438,-0.06342113018035889,0.37885984778404236,-0.6489340662956238,-0.030436718836426735,0.33622491359710693,-0.5516695976257324,-0.007689123973250389,0.2707182765007019,-0.4835796356201172,-0.010609196498990059,0.3445200026035309,-0.5151612162590027,-0.08106747269630432,0.45912498235702515,-0.5455670952796936,-0.07258281111717224,0.4199311435222626,-0.45002880692481995,-0.04805577173829079,0.3573237955570221,-0.3840992748737335,-0.04276194050908089,0.4269806146621704,-0.35043686628341675,-0.09424892067909241,0.5954849123954773,-0.49352627992630005,-0.09988108277320862,0.707431435585022,-0.5218295454978943,-0.07816841453313828,0.793750524520874,-0.551873505115509,-0.06273935735225677,0.0,0.0,0.0,0.0,0.0,0.0,0.0,0.0,0.0,0.0,0.0,0.0,0.0,0.0,0.0,0.0,0.0,0.0,0.0,0.0,0.0,0.0,0.0,0.0,0.0,0.0,0.0,0.0,0.0,0.0,0.0,0.0,0.0,0.0,0.0,0.0,0.0,0.0,0.0,0.0,0.0,0.0,0.0,0.0,0.0,0.0,0.0,0.0,0.0,0.0,0.0,0.0,0.0,0.0,0.0,0.0,0.0,0.0,0.0,0.0,0.0,0.0,0.0,DOCTOR
0.0,0.0,0.0,-0.09015653282403946,-0.30582815408706665,0.030064892023801804,-0.1430491805076599,-0.5785536766052246,0.018586106598377228,-0.15362325310707092,-0.8093981146812439,0.0001437600003555417,-0.18443429470062256,-0.9827942848205566,-0.009970004670321941,0.10672779381275177,-0.7653465867042542,0.0015624903608113527,0.24428963661193848,-0.7401407957077026,0.028736842796206474,0.21519020199775696,-0.626420795917511,0.04746389761567116,0.1520233154296875,-0.552374541759491,0.057747308164834976,0.22495216131210327,-0.6764931082725525,-0.023170508444309235,0.34685754776000977,-0.6431796550750732,0.031919289380311966,0.30604618787765503,-0.5452274084091187,0.051233090460300446,0.25022435188293457,-0.48298177123069763,0.04470624029636383,0.3243098855018616,-0.5397010445594788,-0.03838445618748665,0.44189754128456116,-0.5591828227043152,-0.0025439434684813023,0.4031986594200134,-0.46187564730644226,0.02738618105649948,0.34296244382858276,-0.39587894082069397,0.032667480409145355,0.4071730673313141,-0.38266292214393616,-0.04902485013008118,0.5610566735267639,-0.5155607461929321,-0.02206028811633587,0.6596176624298096,-0.5606545209884644,0.01787831448018551,0.7331181168556213,-0.6139816641807556,0.04261988028883934,0.0,0.0,0.0,0.0,0.0,0.0,0.0,0.0,0.0,0.0,0.0,0.0,0.0,0.0,0.0,0.0,0.0,0.0,0.0,0.0,0.0,0.0,0.0,0.0,0.0,0.0,0.0,0.0,0.0,0.0,0.0,0.0,0.0,0.0,0.0,0.0,0.0,0.0,0.0,0.0,0.0,0.0,0.0,0.0,0.0,0.0,0.0,0.0,0.0,0.0,0.0,0.0,0.0,0.0,0.0,0.0,0.0,0.0,0.0,0.0,0.0,0.0,0.0,DOCTOR
0.0,0.0,0.0,-0.10360788553953171,-0.3012067675590515,0.030432555824518204,-0.16025473177433014,-0.5747466683387756,0.019679317250847816,-0.166792094707489,-0.8095011711120605,0.005689060781151056,-0.20514139533042908,-0.9787323474884033,5.654082997352816e-05,0.10223553329706192,-0.759917676448822,-0.02459544874727726,0.2285403162240982,-0.7314610481262207,0.008395026437938213,0.19536791741847992,-0.6120465993881226,0.036531493067741394,0.12951773405075073,-0.5397977232933044,0.048247408121824265,0.22811633348464966,-0.6648308038711548,-0.04845006391406059,0.3427252173423767,-0.6388617753982544,0.010155582800507545,0.29584774374961853,-0.5373469591140747,0.037278637290000916,0.23817500472068787,-0.47336265444755554,0.030215881764888763,0.3312712013721466,-0.5224612951278687,-0.060131438076496124,0.4363205134868622,-0.549281656742096,-0.024128375574946404,0.39114996790885925,-0.4541252851486206,0.0103687709197402,0.3279600143432617,-0.3878829777240753,0.012804455123841763,0.412075936794281,-0.3587152063846588,-0.06615377962589264,0.5751944780349731,-0.49704045057296753,-0.051711682230234146,0.6815688014030457,-0.5389246940612793,-0.018408069387078285,0.7621290683746338,-0.5950847268104553,-0.0007559803198091686,0.0,0.0,0.0,0.0,0.0,0.0,0.0,0.0,0.0,0.0,0.0,0.0,0.0,0.0,0.0,0.0,0.0,0.0,0.0,0.0,0.0,0.0,0.0,0.0,0.0,0.0,0.0,0.0,0.0,0.0,0.0,0.0,0.0,0.0,0.0,0.0,0.0,0.0,0.0,0.0,0.0,0.0,0.0,0.0,0.0,0.0,0.0,0.0,0.0,0.0,0.0,0.0,0.0,0.0,0.0,0.0,0.0,0.0,0.0,0.0,0.0,0.0,0.0,DOCTOR
0.0,0.0,0.0,-0.10558873414993286,-0.30303889513015747,0.027061952278017998,-0.15808424353599548,-0.5773938298225403,0.014855289831757545,-0.16517598927021027,-0.8085245490074158,0.0005830566515214741,-0.19740772247314453,-0.9803113341331482,-0.004457027651369572,0.09491104632616043,-0.7564808130264282,-0.029320191591978073,0.21353664994239807,-0.7439586520195007,0.003378689056262374,0.18396438658237457,-0.632652223110199,0.03360632807016373,0.1212053894996643,-0.5563830733299255,0.047378331422805786,0.2191827893257141,-0.6653136610984802,-0.05072928965091705,0.32566145062446594,-0.6477745175361633,0.006607614923268557,0.28026852011680603,-0.5516866445541382,0.03344046697020531,0.2250380963087082,-0.4874752163887024,0.026214418932795525,0.32144543528556824,-0.5259330868721008,-0.059981126338243484,0.427728533744812,-0.5677374601364136,-0.024379171431064606,0.38348448276519775,-0.4758327007293701,0.010314290411770344,0.3229213058948517,-0.4058068096637726,0.012742039747536182,0.400149405002594,-0.36610278487205505,-0.06361016631126404,0.5635119676589966,-0.5047864317893982,-0.04963111877441406,0.6701041460037231,-0.5485257506370544,-0.017606837674975395,0.7510450482368469,-0.605160653591156,-0.0008104341686703265,0.0,0.0,0.0,0.0,0.0,0.0,0.0,0.0,0.0,0.0,0.0,0.0,0.0,0.0,0.0,0.0,0.0,0.0,0.0,0.0,0.0,0.0,0.0,0.0,0.0,0.0,0.0,0.0,0.0,0.0,0.0,0.0,0.0,0.0,0.0,0.0,0.0,0.0,0.0,0.0,0.0,0.0,0.0,0.0,0.0,0.0,0.0,0.0,0.0,0.0,0.0,0.0,0.0,0.0,0.0,0.0,0.0,0.0,0.0,0.0,0.0,0.0,0.0,DOCTOR
0.0,0.0,0.0,-0.10753694921731949,-0.3033600151538849,0.03400825336575508,-0.16126640141010284,-0.5771061778068542,0.027157012373209,-0.17019112408161163,-0.8080047369003296,0.016975443810224533,-0.2060202658176422,-0.9784356355667114,0.014812801033258438,0.09012266248464584,-0.753789484500885,-0.019519494846463203,0.21023951470851898,-0.7291254997253418,0.017013616859912872,0.18259935081005096,-0.6220722794532776,0.047789040952920914,0.12039782106876373,-0.5496345162391663,0.06121839955449104,0.21781928837299347,-0.6655759811401367,-0.04372484236955643,0.32233092188835144,-0.6332685947418213,0.017995351925492287,0.2784598767757416,-0.5409823060035706,0.04334361106157303,0.22324883937835693,-0.4789263904094696,0.034238528460264206,0.3219769597053528,-0.5276298522949219,-0.05504874140024185,0.4218129515647888,-0.5553838610649109,-0.016586225479841232,0.3780539929866791,-0.4642879068851471,0.015238874591886997,0.31821972131729126,-0.39833441376686096,0.01517194788902998,0.4012431800365448,-0.3683805763721466,-0.060122840106487274,0.562227189540863,-0.5008195042610168,-0.04419499263167381,0.6675741672515869,-0.5437233448028564,-0.012717082165181637,0.7466222047805786,-0.598363995552063,0.0033775169868022203,0.0,0.0,0.0,0.0,0.0,0.0,0.0,0.0,0.0,0.0,0.0,0.0,0.0,0.0,0.0,0.0,0.0,0.0,0.0,0.0,0.0,0.0,0.0,0.0,0.0,0.0,0.0,0.0,0.0,0.0,0.0,0.0,0.0,0.0,0.0,0.0,0.0,0.0,0.0,0.0,0.0,0.0,0.0,0.0,0.0,0.0,0.0,0.0,0.0,0.0,0.0,0.0,0.0,0.0,0.0,0.0,0.0,0.0,0.0,0.0,0.0,0.0,0.0,DOCTOR
0.0,0.0,0.0,-0.10716486722230911,-0.30203181505203247,0.03532598167657852,-0.15993675589561462,-0.5827292799949646,0.03178447112441063,-0.1686171144247055,-0.8127633929252625,0.024817965924739838,-0.20553980767726898,-0.9783080220222473,0.02582234889268875,0.0904913991689682,-0.7572458982467651,-0.016384487971663475,0.21018420159816742,-0.740677535533905,0.02134903520345688,0.18360993266105652,-0.6339208483695984,0.05263460800051689,0.12162793427705765,-0.560623824596405,0.06617099046707153,0.2190118134021759,-0.6705209016799927,-0.040200695395469666,0.32031625509262085,-0.6440448760986328,0.022327424958348274,0.2784881591796875,-0.5523728728294373,0.04759461060166359,0.2248670607805252,-0.4894558787345886,0.03844838589429855,0.3242253065109253,-0.5348749756813049,-0.051326002925634384,0.41979724168777466,-0.567497193813324,-0.011786483228206635,0.3779914081096649,-0.47891438007354736,0.018136421218514442,0.31949153542518616,-0.4123099446296692,0.016396835446357727,0.4042086601257324,-0.3787589371204376,-0.05611525848507881,0.5664815306663513,-0.5107900500297546,-0.039738014340400696,0.6716118454933167,-0.5550543665885925,-0.010509693995118141,0.7493743300437927,-0.6105725169181824,0.003459787927567959,0.0,0.0,0.0,0.0,0.0,0.0,0.0,0.0,0.0,0.0,0.0,0.0,0.0,0.0,0.0,0.0,0.0,0.0,0.0,0.0,0.0,0.0,0.0,0.0,0.0,0.0,0.0,0.0,0.0,0.0,0.0,0.0,0.0,0.0,0.0,0.0,0.0,0.0,0.0,0.0,0.0,0.0,0.0,0.0,0.0,0.0,0.0,0.0,0.0,0.0,0.0,0.0,0.0,0.0,0.0,0.0,0.0,0.0,0.0,0.0,0.0,0.0,0.0,DOCTOR
0.0,0.0,0.0,-0.11132150143384933,-0.30567535758018494,0.040973320603370667,-0.16561371088027954,-0.5825623273849487,0.041542898863554,-0.1731109619140625,-0.8112176060676575,0.03700210154056549,-0.20854003727436066,-0.9772157073020935,0.0395033061504364,0.09660781174898148,-0.7547698616981506,-0.0014246150385588408,0.21014723181724548,-0.7397470474243164,0.04025372117757797,0.1854434460401535,-0.6347306370735168,0.07313133031129837,0.12654507160186768,-0.5612645149230957,0.08893933147192001,0.22578245401382446,-0.6641740202903748,-0.025541434064507484,0.323937326669693,-0.6418764591217041,0.04125744476914406,0.2829357087612152,-0.5522310733795166,0.06624963879585266,0.22937317192554474,-0.48835131525993347,0.057805001735687256,0.32974928617477417,-0.5262080430984497,-0.036798134446144104,0.41787993907928467,-0.5608880519866943,0.006067009177058935,0.37864622473716736,-0.46995675563812256,0.0344524160027504,0.32321134209632874,-0.40300869941711426,0.03268716111779213,0.40807679295539856,-0.3681482672691345,-0.0411708690226078,0.5638039112091064,-0.5036729574203491,-0.020502524450421333,0.6650176048278809,-0.5467093586921692,0.010972007177770138,0.7391272187232971,-0.60088050365448,0.027244094759225845,0.0,0.0,0.0,0.0,0.0,0.0,0.0,0.0,0.0,0.0,0.0,0.0,0.0,0.0,0.0,0.0,0.0,0.0,0.0,0.0,0.0,0.0,0.0,0.0,0.0,0.0,0.0,0.0,0.0,0.0,0.0,0.0,0.0,0.0,0.0,0.0,0.0,0.0,0.0,0.0,0.0,0.0,0.0,0.0,0.0,0.0,0.0,0.0,0.0,0.0,0.0,0.0,0.0,0.0,0.0,0.0,0.0,0.0,0.0,0.0,0.0,0.0,0.0,DOCTOR
0.0,0.0,0.0,-0.11583282053470612,-0.30774399638175964,0.045744869858026505,-0.1671668440103531,-0.5851369500160217,0.050965748727321625,-0.1647721529006958,-0.814716637134552,0.04817751795053482,-0.1962810456752777,-0.9791779518127441,0.05181038752198219,0.10254106670618057,-0.7573512196540833,0.01861785724759102,0.22223633527755737,-0.751243531703949,0.06261119246482849,0.19956432282924652,-0.6398422122001648,0.09131935238838196,0.13970258831977844,-0.5715060830116272,0.10301394015550613,0.23271013796329498,-0.6745833158493042,-0.0082783792167902,0.3420514762401581,-0.6528009176254272,0.06185013800859451,0.30421245098114014,-0.5602127313613892,0.08259991556406021,0.24790623784065247,-0.4990920424461365,0.07162909209728241,0.3393546938896179,-0.5416263937950134,-0.023253951221704483,0.43116989731788635,-0.5625185370445251,0.02631276659667492,0.39484789967536926,-0.47149261832237244,0.050746724009513855,0.3377959132194519,-0.4048210382461548,0.04528001323342323,0.4203927218914032,-0.3810027539730072,-0.03206589072942734,0.5822651982307434,-0.49842652678489685,-0.0022420352324843407,0.6863224506378174,-0.5378366708755493,0.029496004804968834,0.7612825632095337,-0.583549976348877,0.04451136291027069,0.0,0.0,0.0,0.0,0.0,0.0,0.0,0.0,0.0,0.0,0.0,0.0,0.0,0.0,0.0,0.0,0.0,0.0,0.0,0.0,0.0,0.0,0.0,0.0,0.0,0.0,0.0,0.0,0.0,0.0,0.0,0.0,0.0,0.0,0.0,0.0,0.0,0.0,0.0,0.0,0.0,0.0,0.0,0.0,0.0,0.0,0.0,0.0,0.0,0.0,0.0,0.0,0.0,0.0,0.0,0.0,0.0,0.0,0.0,0.0,0.0,0.0,0.0,DOCTOR
0.0,0.0,0.0,-0.10611211508512497,-0.29865679144859314,0.02870168723165989,-0.1607569307088852,-0.5765193700790405,0.021279457956552505,-0.17084050178527832,-0.8053498864173889,0.008780557662248611,-0.20687033236026764,-0.978361189365387,0.0037414708640426397,0.1017274484038353,-0.735713541507721,-0.011565074324607849,0.21779772639274597,-0.7288489937782288,0.016029417514801025,0.19245368242263794,-0.6287360191345215,0.04021851718425751,0.13226231932640076,-0.553830087184906,0.05225280299782753,0.22590896487236023,-0.6484988927841187,-0.03561834245920181,0.32792162895202637,-0.629112720489502,0.013677015900611877,0.2871043384075165,-0.542557418346405,0.03131983429193497,0.23303689062595367,-0.4775490164756775,0.02133379504084587,0.32833969593048096,-0.5109457969665527,-0.04936118423938751,0.4198496639728546,-0.5479217767715454,-0.023345381021499634,0.38038888573646545,-0.45818111300468445,-5.3309635404730216e-05,0.3280140459537506,-0.390611857175827,-0.0009003360755741596,0.40918925404548645,-0.35129234194755554,-0.05727566033601761,0.5719163417816162,-0.47819748520851135,-0.04631418362259865,0.6715413331985474,-0.5239690542221069,-0.01924188621342182,0.7462412118911743,-0.583601176738739,-0.004517276771366596,0.0,0.0,0.0,0.0,0.0,0.0,0.0,0.0,0.0,0.0,0.0,0.0,0.0,0.0,0.0,0.0,0.0,0.0,0.0,0.0,0.0,0.0,0.0,0.0,0.0,0.0,0.0,0.0,0.0,0.0,0.0,0.0,0.0,0.0,0.0,0.0,0.0,0.0,0.0,0.0,0.0,0.0,0.0,0.0,0.0,0.0,0.0,0.0,0.0,0.0,0.0,0.0,0.0,0.0,0.0,0.0,0.0,0.0,0.0,0.0,0.0,0.0,0.0,DOCTOR
0.0,0.0,0.0,-0.10823636502027512,-0.29641300439834595,0.03352344036102295,-0.16102293133735657,-0.5736379027366638,0.028629926964640617,-0.16650445759296417,-0.8063228726387024,0.018241340294480324,-0.20528848469257355,-0.9785934686660767,0.014541300013661385,0.10156872123479843,-0.7424578666687012,-0.001375542371533811,0.220146045088768,-0.7241284847259521,0.03277035802602768,0.19313953816890717,-0.617315411567688,0.057470835745334625,0.13141277432441711,-0.5401262044906616,0.0685744658112526,0.22623156011104584,-0.6574450731277466,-0.02582273818552494,0.32966721057891846,-0.6244160532951355,0.03199050575494766,0.28735652565956116,-0.5305995941162109,0.04872188717126846,0.23296195268630981,-0.4656563103199005,0.03617701679468155,0.32791829109191895,-0.518712043762207,-0.0390927828848362,0.42168110609054565,-0.5447490215301514,-0.004193571396172047,0.3806164264678955,-0.4500897228717804,0.01925225555896759,0.32659605145454407,-0.3837442398071289,0.0158979631960392,0.4075794219970703,-0.356050044298172,-0.046236276626586914,0.5723596811294556,-0.4852288067340851,-0.028139913454651833,0.6749303340911865,-0.5339339375495911,0.0014166909968480468,0.7524296641349792,-0.5973369479179382,0.016221793368458748,0.0,0.0,0.0,0.0,0.0,0.0,0.0,0.0,0.0,0.0,0.0,0.0,0.0,0.0,0.0,0.0,0.0,0.0,0.0,0.0,0.0,0.0,0.0,0.0,0.0,0.0,0.0,0.0,0.0,0.0,0.0,0.0,0.0,0.0,0.0,0.0,0.0,0.0,0.0,0.0,0.0,0.0,0.0,0.0,0.0,0.0,0.0,0.0,0.0,0.0,0.0,0.0,0.0,0.0,0.0,0.0,0.0,0.0,0.0,0.0,0.0,0.0,0.0,DOCTOR
0.0,0.0,0.0,-0.11620451509952545,-0.29603132605552673,0.029476480558514595,-0.17346885800361633,-0.5686320066452026,0.022989200428128242,-0.18115970492362976,-0.8021639585494995,0.012280669063329697,-0.21691858768463135,-0.9761504530906677,0.008755895309150219,0.0987425148487091,-0.7418767213821411,-0.0035502412356436253,0.2038460671901703,-0.7219589352607727,0.03573385626077652,0.176776722073555,-0.6202159523963928,0.06525150686502457,0.11965165287256241,-0.5465896129608154,0.0788452997803688,0.22517220675945282,-0.6548430919647217,-0.025482986122369766,0.31706222891807556,-0.619970440864563,0.035704355686903,0.2737900912761688,-0.5323352813720703,0.053583599627017975,0.2218073010444641,-0.4706435799598694,0.0412130132317543,0.3278244435787201,-0.514010488986969,-0.035623665899038315,0.41300225257873535,-0.5440974235534668,0.00031076857703737915,0.3721390962600708,-0.4526359438896179,0.024425670504570007,0.32031702995300293,-0.38704821467399597,0.02171783335506916,0.4070837199687958,-0.3507416248321533,-0.03964238241314888,0.5658770203590393,-0.481414794921875,-0.020885733887553215,0.6623200178146362,-0.5331589579582214,0.010742966085672379,0.7339994311332703,-0.6011460423469543,0.027442950755357742,0.0,0.0,0.0,0.0,0.0,0.0,0.0,0.0,0.0,0.0,0.0,0.0,0.0,0.0,0.0,0.0,0.0,0.0,0.0,0.0,0.0,0.0,0.0,0.0,0.0,0.0,0.0,0.0,0.0,0.0,0.0,0.0,0.0,0.0,0.0,0.0,0.0,0.0,0.0,0.0,0.0,0.0,0.0,0.0,0.0,0.0,0.0,0.0,0.0,0.0,0.0,0.0,0.0,0.0,0.0,0.0,0.0,0.0,0.0,0.0,0.0,0.0,0.0,DOCTOR
0.0,0.0,0.0,-0.11511543393135071,-0.2960745692253113,0.03732031583786011,-0.17105980217456818,-0.5699200630187988,0.0344231091439724,-0.17810504138469696,-0.8044546842575073,0.0258518997579813,-0.21448734402656555,-0.9764504432678223,0.02323303185403347,0.09878489375114441,-0.7448835968971252,0.005992009770125151,0.2103772610425949,-0.7274762392044067,0.046815548092126846,0.1807584911584854,-0.6230848431587219,0.07338135689496994,0.12337827682495117,-0.5514435172080994,0.08482088148593903,0.22428937256336212,-0.6600451469421387,-0.016980359330773354,0.3241187632083893,-0.6264511346817017,0.050969529896974564,0.2802942395210266,-0.535857081413269,0.06998737901449203,0.22911569476127625,-0.4755411148071289,0.05747596174478531,0.326474130153656,-0.5206222534179688,-0.02766982838511467,0.4131777286529541,-0.5475493669509888,0.0183541402220726,0.37316668033599854,-0.4535694122314453,0.043642934411764145,0.32243961095809937,-0.3882145881652832,0.039501216262578964,0.4054277837276459,-0.36015722155570984,-0.031971756368875504,0.5577177405357361,-0.4880666434764862,-0.0038076830096542835,0.6524072289466858,-0.5331689715385437,0.030878813937306404,0.723648190498352,-0.592024028301239,0.04852033406496048,0.0,0.0,0.0,0.0,0.0,0.0,0.0,0.0,0.0,0.0,0.0,0.0,0.0,0.0,0.0,0.0,0.0,0.0,0.0,0.0,0.0,0.0,0.0,0.0,0.0,0.0,0.0,0.0,0.0,0.0,0.0,0.0,0.0,0.0,0.0,0.0,0.0,0.0,0.0,0.0,0.0,0.0,0.0,0.0,0.0,0.0,0.0,0.0,0.0,0.0,0.0,0.0,0.0,0.0,0.0,0.0,0.0,0.0,0.0,0.0,0.0,0.0,0.0,DOCTOR
0.0,0.0,0.0,-0.1195799708366394,-0.29909610748291016,0.03167010471224785,-0.17678232491016388,-0.5690450668334961,0.025274457409977913,-0.18352895975112915,-0.8021308183670044,0.014230027794837952,-0.21875126659870148,-0.9757323265075684,0.00970715843141079,0.09462375193834305,-0.7356131672859192,-0.0023080757819116116,0.20416997373104095,-0.7238761186599731,0.033541616052389145,0.1774982511997223,-0.6225370764732361,0.058304037898778915,0.12126614898443222,-0.5491923689842224,0.0692434087395668,0.22183793783187866,-0.6476863026618958,-0.023615650832653046,0.3186247646808624,-0.6235084533691406,0.04020439460873604,0.2782694101333618,-0.5363555550575256,0.059234146028757095,0.22996868193149567,-0.47272250056266785,0.04686054214835167,0.3243408203125,-0.5094209909439087,-0.03342436999082565,0.4098251461982727,-0.537964403629303,0.00896152388304472,0.3711131513118744,-0.44935569167137146,0.03473265841603279,0.32082241773605347,-0.3827345073223114,0.03131060674786568,0.4030620753765106,-0.350624680519104,-0.03751089423894882,0.5552597641944885,-0.4755558967590332,-0.01350103598088026,0.6510280966758728,-0.5204197764396667,0.019419889897108078,0.7226550579071045,-0.5760570168495178,0.03630899265408516,0.0,0.0,0.0,0.0,0.0,0.0,0.0,0.0,0.0,0.0,0.0,0.0,0.0,0.0,0.0,0.0,0.0,0.0,0.0,0.0,0.0,0.0,0.0,0.0,0.0,0.0,0.0,0.0,0.0,0.0,0.0,0.0,0.0,0.0,0.0,0.0,0.0,0.0,0.0,0.0,0.0,0.0,0.0,0.0,0.0,0.0,0.0,0.0,0.0,0.0,0.0,0.0,0.0,0.0,0.0,0.0,0.0,0.0,0.0,0.0,0.0,0.0,0.0,DOCTOR
0.0,0.0,0.0,-0.11823693662881851,-0.3055296242237091,0.031332843005657196,-0.171603262424469,-0.5765756964683533,0.02398156374692917,-0.17517098784446716,-0.8067635297775269,0.013382158242166042,-0.20762689411640167,-0.9781500101089478,0.01065870001912117,0.10135926306247711,-0.760200560092926,-0.012786634266376495,0.20651328563690186,-0.7464650869369507,0.026235856115818024,0.17968060076236725,-0.6328878998756409,0.0563722662627697,0.1212211325764656,-0.556250810623169,0.06938675791025162,0.22916558384895325,-0.6673944592475891,-0.034218765795230865,0.32090654969215393,-0.6406117677688599,0.03090977668762207,0.27911290526390076,-0.5475446581840515,0.05352308228611946,0.22698502242565155,-0.48257216811180115,0.04239949211478233,0.3300952911376953,-0.5237523317337036,-0.04297765716910362,0.41200006008148193,-0.5446106791496277,-0.00103613396640867,0.3689664304256439,-0.4557742774486542,0.02768608182668686,0.31273502111434937,-0.39065006375312805,0.025327330455183983,0.40639835596084595,-0.3603309392929077,-0.04594947770237923,0.5673611164093018,-0.4897457957267761,-0.026512689888477325,0.6691023707389832,-0.5414479970932007,0.0050848438404500484,0.7459227442741394,-0.6032061576843262,0.020896561443805695,0.0,0.0,0.0,0.0,0.0,0.0,0.0,0.0,0.0,0.0,0.0,0.0,0.0,0.0,0.0,0.0,0.0,0.0,0.0,0.0,0.0,0.0,0.0,0.0,0.0,0.0,0.0,0.0,0.0,0.0,0.0,0.0,0.0,0.0,0.0,0.0,0.0,0.0,0.0,0.0,0.0,0.0,0.0,0.0,0.0,0.0,0.0,0.0,0.0,0.0,0.0,0.0,0.0,0.0,0.0,0.0,0.0,0.0,0.0,0.0,0.0,0.0,0.0,DOCTOR
0.0,0.0,0.0,-0.11816483736038208,-0.29790401458740234,0.020703811198472977,-0.17615537345409393,-0.5735847353935242,0.009327592328190804,-0.18182070553302765,-0.8036001920700073,-0.004577579442411661,-0.2188398241996765,-0.9757031202316284,-0.010604165494441986,0.10016582161188126,-0.7413076162338257,-0.022727487608790398,0.19288888573646545,-0.7253763675689697,0.00800064206123352,0.1622316539287567,-0.6202867031097412,0.03445890173316002,0.10638447105884552,-0.5418186187744141,0.04640055075287819,0.22642897069454193,-0.6506354808807373,-0.04295102879405022,0.30951571464538574,-0.617108166217804,0.010002179071307182,0.2646912634372711,-0.5294666886329651,0.026984449476003647,0.2132992297410965,-0.4636644423007965,0.01412017922848463,0.32864251732826233,-0.5080065131187439,-0.0520833283662796,0.4096513092517853,-0.5327031016349792,-0.026219140738248825,0.365026593208313,-0.4469601511955261,-0.004880967549979687,0.3120497167110443,-0.38176286220550537,-0.00813774112612009,0.4078983664512634,-0.3447836637496948,-0.05560605600476265,0.570414125919342,-0.47367510199546814,-0.04873368516564369,0.6708159446716309,-0.5286949276924133,-0.023804927244782448,0.7480459213256836,-0.5951281785964966,-0.010503832250833511,0.0,0.0,0.0,0.0,0.0,0.0,0.0,0.0,0.0,0.0,0.0,0.0,0.0,0.0,0.0,0.0,0.0,0.0,0.0,0.0,0.0,0.0,0.0,0.0,0.0,0.0,0.0,0.0,0.0,0.0,0.0,0.0,0.0,0.0,0.0,0.0,0.0,0.0,0.0,0.0,0.0,0.0,0.0,0.0,0.0,0.0,0.0,0.0,0.0,0.0,0.0,0.0,0.0,0.0,0.0,0.0,0.0,0.0,0.0,0.0,0.0,0.0,0.0,DOCTOR
0.0,0.0,0.0,-0.11636371910572052,-0.29623982310295105,0.014682252891361713,-0.17750859260559082,-0.5670955181121826,-0.0012844641460105777,-0.18461433053016663,-0.798254132270813,-0.019280442968010902,-0.21910208463668823,-0.9752800464630127,-0.028689926490187645,0.09576039016246796,-0.7367838621139526,-0.03147691860795021,0.20186613500118256,-0.7197024822235107,-0.004183555021882057,0.17548637092113495,-0.6159419417381287,0.02269352413713932,0.11794399470090866,-0.5378342866897583,0.03581887483596802,0.22168244421482086,-0.6481696367263794,-0.0522477924823761,0.31566429138183594,-0.6106680631637573,-0.0038338671438395977,0.2745142877101898,-0.524501621723175,0.012660411186516285,0.22225762903690338,-0.4585297703742981,0.0006939006852917373,0.3254759907722473,-0.5049153566360474,-0.06248755380511284,0.41425254940986633,-0.5257048606872559,-0.040274571627378464,0.37134888768196106,-0.4375821352005005,-0.016592973843216896,0.3182925879955292,-0.37117597460746765,-0.017063071951270103,0.4077569842338562,-0.3378220796585083,-0.06796751916408539,0.5710587501525879,-0.46486473083496094,-0.06206507608294487,0.6705134510993958,-0.520538866519928,-0.03434144705533981,0.7460645437240601,-0.5870726704597473,-0.018483182415366173,0.0,0.0,0.0,0.0,0.0,0.0,0.0,0.0,0.0,0.0,0.0,0.0,0.0,0.0,0.0,0.0,0.0,0.0,0.0,0.0,0.0,0.0,0.0,0.0,0.0,0.0,0.0,0.0,0.0,0.0,0.0,0.0,0.0,0.0,0.0,0.0,0.0,0.0,0.0,0.0,0.0,0.0,0.0,0.0,0.0,0.0,0.0,0.0,0.0,0.0,0.0,0.0,0.0,0.0,0.0,0.0,0.0,0.0,0.0,0.0,0.0,0.0,0.0,DOCTOR
0.0,0.0,0.0,-0.1141081228852272,-0.2971665561199188,0.02081664837896824,-0.17239730060100555,-0.570284366607666,0.00924198143184185,-0.178953155875206,-0.8013876676559448,-0.0046446360647678375,-0.21391955018043518,-0.9767975807189941,-0.01024701539427042,0.09822741150856018,-0.7486991286277771,-0.01895069144666195,0.19806307554244995,-0.7264726161956787,0.015868857502937317,0.1678314208984375,-0.6207131743431091,0.04360697418451309,0.11177779734134674,-0.5447809100151062,0.05551177263259888,0.22364501655101776,-0.661537766456604,-0.0395171120762825,0.3096356689929962,-0.6185394525527954,0.017113666981458664,0.2656835913658142,-0.5286858677864075,0.03273705765604973,0.21420203149318695,-0.4613117575645447,0.018561039119958878,0.3260975182056427,-0.5172455310821533,-0.04874904453754425,0.403155118227005,-0.5334850549697876,-0.01868378557264805,0.3575553894042969,-0.4433077871799469,0.002434026449918747,0.30434003472328186,-0.3753720223903656,-0.0019730362109839916,0.40642786026000977,-0.3500026762485504,-0.0525379441678524,0.5675402283668518,-0.47553542256355286,-0.042248353362083435,0.6686937808990479,-0.5288183689117432,-0.016109373420476913,0.7452570796012878,-0.5936575531959534,-0.002593111712485552,0.0,0.0,0.0,0.0,0.0,0.0,0.0,0.0,0.0,0.0,0.0,0.0,0.0,0.0,0.0,0.0,0.0,0.0,0.0,0.0,0.0,0.0,0.0,0.0,0.0,0.0,0.0,0.0,0.0,0.0,0.0,0.0,0.0,0.0,0.0,0.0,0.0,0.0,0.0,0.0,0.0,0.0,0.0,0.0,0.0,0.0,0.0,0.0,0.0,0.0,0.0,0.0,0.0,0.0,0.0,0.0,0.0,0.0,0.0,0.0,0.0,0.0,0.0,DOCTOR
0.0,0.0,0.0,-0.11509990692138672,-0.2988332509994507,0.016892999410629272,-0.17226742208003998,-0.5708519220352173,0.0034025858622044325,-0.18157868087291718,-0.8003431558609009,-0.012563185766339302,-0.21733896434307098,-0.9758899807929993,-0.02006547525525093,0.10422620177268982,-0.7468937039375305,-0.014749543741345406,0.1982579231262207,-0.7232431769371033,0.014175060205161572,0.16671179234981537,-0.6203560829162598,0.035156264901161194,0.11142642050981522,-0.5466517806053162,0.04319213703274727,0.22814959287643433,-0.6572298407554626,-0.03490697592496872,0.3091870844364166,-0.6204769611358643,0.01603131741285324,0.2643284201622009,-0.534813404083252,0.028439389541745186,0.2138582468032837,-0.46573173999786377,0.013400668278336525,0.3287295699119568,-0.5140765905380249,-0.04526620730757713,0.403332382440567,-0.5350924730300903,-0.020270749926567078,0.3569291830062866,-0.4490436017513275,-0.00039893414941616356,0.30452266335487366,-0.37976744771003723,-0.003734932979568839,0.40671616792678833,-0.3495607376098633,-0.050908301025629044,0.5648639798164368,-0.47150829434394836,-0.04316498711705208,0.6642460227012634,-0.5264555215835571,-0.017756808549165726,0.7399589419364929,-0.5904389023780823,-0.0037708990275859833,0.0,0.0,0.0,0.0,0.0,0.0,0.0,0.0,0.0,0.0,0.0,0.0,0.0,0.0,0.0,0.0,0.0,0.0,0.0,0.0,0.0,0.0,0.0,0.0,0.0,0.0,0.0,0.0,0.0,0.0,0.0,0.0,0.0,0.0,0.0,0.0,0.0,0.0,0.0,0.0,0.0,0.0,0.0,0.0,0.0,0.0,0.0,0.0,0.0,0.0,0.0,0.0,0.0,0.0,0.0,0.0,0.0,0.0,0.0,0.0,0.0,0.0,0.0,DOCTOR
0.0,0.0,0.0,-0.1137564405798912,-0.29964113235473633,0.01772826910018921,-0.1724262833595276,-0.5707711577415466,0.0027307055424898863,-0.18100258708000183,-0.8009195923805237,-0.015100718475878239,-0.21583765745162964,-0.9761192798614502,-0.02460366114974022,0.09776195883750916,-0.7482498288154602,-0.02019885927438736,0.2056027054786682,-0.7246065735816956,0.007320950739085674,0.1780153214931488,-0.6195250749588013,0.028608206659555435,0.12098892033100128,-0.5470458269119263,0.03769475594162941,0.2213919758796692,-0.6621783971786499,-0.041697826236486435,0.31411057710647583,-0.6172487735748291,0.01046810019761324,0.27268368005752563,-0.5290101766586304,0.024634649977087975,0.21877488493919373,-0.46237725019454956,0.010697200894355774,0.3230208456516266,-0.5206457376480103,-0.05315449461340904,0.4034157693386078,-0.5317022800445557,-0.025550104677677155,0.36085784435272217,-0.4416009783744812,-0.0042116050608456135,0.30782070755958557,-0.3733963668346405,-0.007189268711954355,0.4040036201477051,-0.3561995327472687,-0.06000376492738724,0.5640344619750977,-0.4756343364715576,-0.047627855092287064,0.6619269847869873,-0.5304526090621948,-0.018854841589927673,0.7336013317108154,-0.5944501757621765,-0.003193870885297656,0.0,0.0,0.0,0.0,0.0,0.0,0.0,0.0,0.0,0.0,0.0,0.0,0.0,0.0,0.0,0.0,0.0,0.0,0.0,0.0,0.0,0.0,0.0,0.0,0.0,0.0,0.0,0.0,0.0,0.0,0.0,0.0,0.0,0.0,0.0,0.0,0.0,0.0,0.0,0.0,0.0,0.0,0.0,0.0,0.0,0.0,0.0,0.0,0.0,0.0,0.0,0.0,0.0,0.0,0.0,0.0,0.0,0.0,0.0,0.0,0.0,0.0,0.0,DOCTOR
0.0,0.0,0.0,-0.1206006184220314,-0.30388933420181274,0.02185923419892788,-0.17994868755340576,-0.5682304501533508,0.0066010854206979275,-0.19103306531906128,-0.797776997089386,-0.012234391644597054,-0.22873573005199432,-0.9731935262680054,-0.023965749889612198,0.08548001945018768,-0.7489542365074158,-0.016819868236780167,0.18502023816108704,-0.725143551826477,0.011443129740655422,0.15787990391254425,-0.6174712777137756,0.03018217720091343,0.10524759441614151,-0.5461615920066833,0.037361469119787216,0.2108163833618164,-0.6646055579185486,-0.03995240852236748,0.2961036264896393,-0.6198088526725769,0.014469906687736511,0.2538755536079407,-0.5318179726600647,0.026579348370432854,0.20176120102405548,-0.46452778577804565,0.010982014238834381,0.3114711046218872,-0.524824321269989,-0.05214041844010353,0.3799547553062439,-0.5337799787521362,-0.0212591290473938,0.3380310535430908,-0.4435426890850067,-0.0021564646158367395,0.2882114052772522,-0.3758445680141449,-0.006933572236448526,0.3922177255153656,-0.3641325533390045,-0.05918862670660019,0.5446596145629883,-0.49268317222595215,-0.04238076135516167,0.636603832244873,-0.549626350402832,-0.011376522481441498,0.7031662464141846,-0.613028883934021,0.005550261586904526,0.0,0.0,0.0,0.0,0.0,0.0,0.0,0.0,0.0,0.0,0.0,0.0,0.0,0.0,0.0,0.0,0.0,0.0,0.0,0.0,0.0,0.0,0.0,0.0,0.0,0.0,0.0,0.0,0.0,0.0,0.0,0.0,0.0,0.0,0.0,0.0,0.0,0.0,0.0,0.0,0.0,0.0,0.0,0.0,0.0,0.0,0.0,0.0,0.0,0.0,0.0,0.0,0.0,0.0,0.0,0.0,0.0,0.0,0.0,0.0,0.0,0.0,0.0,DOCTOR
0.0,0.0,0.0,-0.12396787106990814,-0.2966875731945038,0.021108167245984077,-0.18078531324863434,-0.5610196590423584,0.007661873009055853,-0.19028201699256897,-0.797003984451294,-0.009251381270587444,-0.22959446907043457,-0.9730994701385498,-0.01907523162662983,0.08399587124586105,-0.7479066252708435,-0.012636451050639153,0.19006958603858948,-0.7206825017929077,0.014112538658082485,0.16554969549179077,-0.6124060153961182,0.03016045317053795,0.11209537088871002,-0.541696310043335,0.03512359783053398,0.21098457276821136,-0.6644300818443298,-0.034802719950675964,0.3021221160888672,-0.6189586520195007,0.019846729934215546,0.2637321650981903,-0.5295235514640808,0.03231837600469589,0.21317031979560852,-0.46443140506744385,0.01619895175099373,0.3128451406955719,-0.527611494064331,-0.04697774350643158,0.38495174050331116,-0.5310600399971008,-0.015975307673215866,0.34574979543685913,-0.44249874353408813,0.0035501380916684866,0.29523706436157227,-0.37920838594436646,-0.0018109629163518548,0.3940581977367401,-0.371500164270401,-0.05441626161336899,0.5476105213165283,-0.49409720301628113,-0.03835739940404892,0.6424799561500549,-0.5493274927139282,-0.00902691949158907,0.7109811902046204,-0.6128341555595398,0.006174107547849417,0.0,0.0,0.0,0.0,0.0,0.0,0.0,0.0,0.0,0.0,0.0,0.0,0.0,0.0,0.0,0.0,0.0,0.0,0.0,0.0,0.0,0.0,0.0,0.0,0.0,0.0,0.0,0.0,0.0,0.0,0.0,0.0,0.0,0.0,0.0,0.0,0.0,0.0,0.0,0.0,0.0,0.0,0.0,0.0,0.0,0.0,0.0,0.0,0.0,0.0,0.0,0.0,0.0,0.0,0.0,0.0,0.0,0.0,0.0,0.0,0.0,0.0,0.0,DOCTOR
0.0,0.0,0.0,-0.1276177316904068,-0.29861533641815186,0.023454653099179268,-0.1870725452899933,-0.5615290403366089,0.011188489384949207,-0.19787265360355377,-0.7962326407432556,-0.0043117450550198555,-0.2363164722919464,-0.971588134765625,-0.013071594759821892,0.08033420890569687,-0.7472097873687744,-0.00807387288659811,0.1769559383392334,-0.7231144309043884,0.022906508296728134,0.15414154529571533,-0.6170836091041565,0.040168918669223785,0.10470346361398697,-0.5465035438537598,0.045917343348264694,0.20855474472045898,-0.6624740958213806,-0.029591672122478485,0.2896748483181,-0.6197675466537476,0.029706105589866638,0.2518492043018341,-0.5332993865013123,0.04059918597340584,0.2034638375043869,-0.4662114381790161,0.02301405742764473,0.31084614992141724,-0.524164617061615,-0.040189940482378006,0.3711138665676117,-0.5292770862579346,-0.004664628300815821,0.3311058282852173,-0.44167351722717285,0.013150123879313469,0.2825296223163605,-0.37671953439712524,0.006135993171483278,0.39207106828689575,-0.367392897605896,-0.04555784538388252,0.5432044267654419,-0.49462512135505676,-0.025206387042999268,0.6378546357154846,-0.5531060099601746,0.005782457534223795,0.7058097720146179,-0.6187429428100586,0.02176373451948166,0.0,0.0,0.0,0.0,0.0,0.0,0.0,0.0,0.0,0.0,0.0,0.0,0.0,0.0,0.0,0.0,0.0,0.0,0.0,0.0,0.0,0.0,0.0,0.0,0.0,0.0,0.0,0.0,0.0,0.0,0.0,0.0,0.0,0.0,0.0,0.0,0.0,0.0,0.0,0.0,0.0,0.0,0.0,0.0,0.0,0.0,0.0,0.0,0.0,0.0,0.0,0.0,0.0,0.0,0.0,0.0,0.0,0.0,0.0,0.0,0.0,0.0,0.0,DOCTOR
0.0,0.0,0.0,-0.125559002161026,-0.3009335398674011,0.025425145402550697,-0.1834673136472702,-0.5665724873542786,0.01516713947057724,-0.19379150867462158,-0.7979695796966553,0.0008599927532486618,-0.23179417848587036,-0.9727432131767273,-0.00649267015978694,0.08143991231918335,-0.7457932829856873,-0.003473172429949045,0.18216507136821747,-0.7251483798027039,0.027170367538928986,0.1591956913471222,-0.6225927472114563,0.045419637113809586,0.10868488997220993,-0.5510530471801758,0.051959872245788574,0.20956051349639893,-0.6626872420310974,-0.02678813971579075,0.2929476797580719,-0.6274535059928894,0.029922310262918472,0.2575969994068146,-0.5437159538269043,0.040814291685819626,0.21050667762756348,-0.47515374422073364,0.024447280913591385,0.31340697407722473,-0.525612473487854,-0.03958136960864067,0.3767196536064148,-0.5399479866027832,-0.007899724878370762,0.3395523726940155,-0.4530853033065796,0.009815060533583164,0.2929691970348358,-0.3874043822288513,0.00434540119022131,0.39619043469429016,-0.3681546747684479,-0.04692057520151138,0.5479379296302795,-0.5005430579185486,-0.030557643622159958,0.6429720520973206,-0.5593899488449097,-0.0008785164682194591,0.7117429375648499,-0.6239933967590332,0.01532500609755516,0.0,0.0,0.0,0.0,0.0,0.0,0.0,0.0,0.0,0.0,0.0,0.0,0.0,0.0,0.0,0.0,0.0,0.0,0.0,0.0,0.0,0.0,0.0,0.0,0.0,0.0,0.0,0.0,0.0,0.0,0.0,0.0,0.0,0.0,0.0,0.0,0.0,0.0,0.0,0.0,0.0,0.0,0.0,0.0,0.0,0.0,0.0,0.0,0.0,0.0,0.0,0.0,0.0,0.0,0.0,0.0,0.0,0.0,0.0,0.0,0.0,0.0,0.0,DOCTOR
0.0,0.0,0.0,-0.11990094184875488,-0.29975536465644836,0.02921496145427227,-0.17755408585071564,-0.5681115984916687,0.019880495965480804,-0.18674351274967194,-0.8004721403121948,0.00565327238291502,-0.2261626124382019,-0.9740874767303467,-0.0020290270913392305,0.08511324971914291,-0.7504367232322693,-0.0035399950575083494,0.192388653755188,-0.7276909351348877,0.024789052084088326,0.16871216893196106,-0.6219008564949036,0.0409214049577713,0.11495888233184814,-0.5505313873291016,0.04645552858710289,0.21118122339248657,-0.6675246357917786,-0.02923428639769554,0.3010377585887909,-0.6246657371520996,0.02778763882815838,0.2637702524662018,-0.5371788740158081,0.0388161838054657,0.2126181274652481,-0.4697042405605316,0.022168468683958054,0.31321653723716736,-0.5288823246955872,-0.04417365789413452,0.3802233934402466,-0.5328422784805298,-0.011280723847448826,0.34088659286499023,-0.4425654113292694,0.00717017101123929,0.29060712456703186,-0.3783736526966095,0.0016541589284315705,0.39555346965789795,-0.36805403232574463,-0.05355917289853096,0.54856276512146,-0.5001342296600342,-0.03656797483563423,0.6454868912696838,-0.5588487386703491,-0.006361913401633501,0.7158376574516296,-0.6235733032226562,0.010032928548753262,0.0,0.0,0.0,0.0,0.0,0.0,0.0,0.0,0.0,0.0,0.0,0.0,0.0,0.0,0.0,0.0,0.0,0.0,0.0,0.0,0.0,0.0,0.0,0.0,0.0,0.0,0.0,0.0,0.0,0.0,0.0,0.0,0.0,0.0,0.0,0.0,0.0,0.0,0.0,0.0,0.0,0.0,0.0,0.0,0.0,0.0,0.0,0.0,0.0,0.0,0.0,0.0,0.0,0.0,0.0,0.0,0.0,0.0,0.0,0.0,0.0,0.0,0.0,DOCTOR
0.0,0.0,0.0,-0.12085231393575668,-0.3008638024330139,0.024658629670739174,-0.17818203568458557,-0.568194568157196,0.012913068756461143,-0.18653681874275208,-0.8011084198951721,-0.0022053979337215424,-0.22555935382843018,-0.9741758704185486,-0.010212979279458523,0.08382204920053482,-0.7534023523330688,-0.01049981452524662,0.18711605668067932,-0.732928454875946,0.017352314665913582,0.16407892107963562,-0.6272791624069214,0.03398365527391434,0.11163266003131866,-0.5556843876838684,0.039642736315727234,0.20895804464817047,-0.6710212230682373,-0.03395979478955269,0.2927386164665222,-0.6323463320732117,0.02101748064160347,0.2553155720233917,-0.5453276038169861,0.031705696135759354,0.2057143598794937,-0.4758366644382477,0.015278572216629982,0.3102115988731384,-0.5316293835639954,-0.04661661013960838,0.37145519256591797,-0.542974054813385,-0.014795590192079544,0.3315933644771576,-0.4544602334499359,0.004007059149444103,0.28327104449272156,-0.3879298269748688,-0.0012404159642755985,0.39095842838287354,-0.36952534317970276,-0.05395294725894928,0.5426096320152283,-0.5002478957176208,-0.03776106610894203,0.6365858912467957,-0.5607693195343018,-0.007971204817295074,0.7045713067054749,-0.6281337141990662,0.008097379468381405,0.0,0.0,0.0,0.0,0.0,0.0,0.0,0.0,0.0,0.0,0.0,0.0,0.0,0.0,0.0,0.0,0.0,0.0,0.0,0.0,0.0,0.0,0.0,0.0,0.0,0.0,0.0,0.0,0.0,0.0,0.0,0.0,0.0,0.0,0.0,0.0,0.0,0.0,0.0,0.0,0.0,0.0,0.0,0.0,0.0,0.0,0.0,0.0,0.0,0.0,0.0,0.0,0.0,0.0,0.0,0.0,0.0,0.0,0.0,0.0,0.0,0.0,0.0,DOCTOR
0.0,0.0,0.0,-0.11500902473926544,-0.30341148376464844,0.030563101172447205,-0.17086584866046906,-0.5748729109764099,0.022572480142116547,-0.17990724742412567,-0.8053957223892212,0.010814846493303776,-0.2190929353237152,-0.975685715675354,0.00596968550235033,0.08865063637495041,-0.7666702270507812,-0.007315855473279953,0.1935162991285324,-0.7411631345748901,0.024208709597587585,0.16973865032196045,-0.6292855739593506,0.043059032410383224,0.1142706498503685,-0.5560680627822876,0.04919029399752617,0.2139929085969925,-0.6804072856903076,-0.0323106050491333,0.30086466670036316,-0.6401124000549316,0.028393765911459923,0.2634449303150177,-0.548667848110199,0.04289843887090683,0.2122461348772049,-0.48000797629356384,0.027429204434156418,0.3141222894191742,-0.5379317998886108,-0.045832183212041855,0.37845224142074585,-0.5452408790588379,-0.009605646133422852,0.3375786244869232,-0.4534183442592621,0.012479339726269245,0.28621649742126465,-0.3883777856826782,0.007745035924017429,0.39289242029190063,-0.37299132347106934,-0.05362210422754288,0.5450800657272339,-0.5108457207679749,-0.036342840641736984,0.6413301825523376,-0.571794867515564,-0.005357957445085049,0.7120465636253357,-0.6398597359657288,0.010788208805024624,0.0,0.0,0.0,0.0,0.0,0.0,0.0,0.0,0.0,0.0,0.0,0.0,0.0,0.0,0.0,0.0,0.0,0.0,0.0,0.0,0.0,0.0,0.0,0.0,0.0,0.0,0.0,0.0,0.0,0.0,0.0,0.0,0.0,0.0,0.0,0.0,0.0,0.0,0.0,0.0,0.0,0.0,0.0,0.0,0.0,0.0,0.0,0.0,0.0,0.0,0.0,0.0,0.0,0.0,0.0,0.0,0.0,0.0,0.0,0.0,0.0,0.0,0.0,DOCTOR
0.0,0.0,0.0,-0.11479032039642334,-0.3002387285232544,0.022672107443213463,-0.17131322622299194,-0.570183515548706,0.01196229550987482,-0.17799802124500275,-0.8038497567176819,-0.0015276323538273573,-0.21368969976902008,-0.9768726825714111,-0.007513862568885088,0.0920165628194809,-0.7613404393196106,-0.010506106540560722,0.2022823840379715,-0.7310575246810913,0.019978579133749008,0.17684461176395416,-0.6238131523132324,0.038296714425086975,0.12207655608654022,-0.5551279783248901,0.044430118054151535,0.21691298484802246,-0.6779692769050598,-0.03296429663896561,0.3102932572364807,-0.6224682331085205,0.024701356887817383,0.27122431993484497,-0.5324528217315674,0.036343954503536224,0.21766962110996246,-0.4674697816371918,0.019953787326812744,0.31725502014160156,-0.5379437208175659,-0.04484032839536667,0.389565110206604,-0.533174455165863,-0.012861336581408978,0.3482006788253784,-0.44327327609062195,0.0045666019432246685,0.2947807013988495,-0.3819290101528168,-0.0016516185132786632,0.396420419216156,-0.3739340305328369,-0.05151540786027908,0.550912082195282,-0.4977375268936157,-0.036367759108543396,0.6467472910881042,-0.5563890337944031,-0.008395882323384285,0.7159170508384705,-0.6222220659255981,0.006740639451891184,0.0,0.0,0.0,0.0,0.0,0.0,0.0,0.0,0.0,0.0,0.0,0.0,0.0,0.0,0.0,0.0,0.0,0.0,0.0,0.0,0.0,0.0,0.0,0.0,0.0,0.0,0.0,0.0,0.0,0.0,0.0,0.0,0.0,0.0,0.0,0.0,0.0,0.0,0.0,0.0,0.0,0.0,0.0,0.0,0.0,0.0,0.0,0.0,0.0,0.0,0.0,0.0,0.0,0.0,0.0,0.0,0.0,0.0,0.0,0.0,0.0,0.0,0.0,DOCTOR
0.0,0.0,0.0,-0.11659318953752518,-0.30284756422042847,0.025197412818670273,-0.17267541587352753,-0.5688097476959229,0.015080591663718224,-0.17962491512298584,-0.8016058206558228,0.001495884614996612,-0.21646788716316223,-0.9762768149375916,-0.00501994276419282,0.0903467983007431,-0.7610498070716858,-0.00684783048927784,0.19953295588493347,-0.727006733417511,0.026027590036392212,0.17424781620502472,-0.6168355941772461,0.045445654541254044,0.11885873973369598,-0.5486229658126831,0.052242230623960495,0.21629150211811066,-0.6796993017196655,-0.030483141541481018,0.3075924813747406,-0.6168169975280762,0.030933339148759842,0.2674969732761383,-0.5245369672775269,0.04227442294359207,0.21322175860404968,-0.4619048833847046,0.024583857506513596,0.31798452138900757,-0.5394165515899658,-0.043191228061914444,0.3862404227256775,-0.5276108980178833,-0.008751924149692059,0.3436458706855774,-0.4333060383796692,0.007816582918167114,0.29018235206604004,-0.373444527387619,9.32005641516298e-05,0.39856767654418945,-0.37445348501205444,-0.050370026379823685,0.5509990453720093,-0.5018988251686096,-0.03230340778827667,0.6467055678367615,-0.558073878288269,-0.0024506584741175175,0.7160344123840332,-0.621401846408844,0.01326034963130951,0.0,0.0,0.0,0.0,0.0,0.0,0.0,0.0,0.0,0.0,0.0,0.0,0.0,0.0,0.0,0.0,0.0,0.0,0.0,0.0,0.0,0.0,0.0,0.0,0.0,0.0,0.0,0.0,0.0,0.0,0.0,0.0,0.0,0.0,0.0,0.0,0.0,0.0,0.0,0.0,0.0,0.0,0.0,0.0,0.0,0.0,0.0,0.0,0.0,0.0,0.0,0.0,0.0,0.0,0.0,0.0,0.0,0.0,0.0,0.0,0.0,0.0,0.0,DOCTOR
0.0,0.0,0.0,-0.11709026247262955,-0.30174559354782104,0.025823866948485374,-0.17176909744739532,-0.5707305669784546,0.016789495944976807,-0.17868787050247192,-0.80417400598526,0.004519811365753412,-0.2160402536392212,-0.9763841032981873,-0.0007550783921033144,0.09201529622077942,-0.7621610760688782,-0.006023415829986334,0.1949557065963745,-0.7345631122589111,0.027801593765616417,0.16987954080104828,-0.6253621578216553,0.04725908860564232,0.11730577051639557,-0.5569853782653809,0.05382266268134117,0.2173423171043396,-0.6793413758277893,-0.02873307652771473,0.30340784788131714,-0.6239794492721558,0.03327121213078499,0.26396656036376953,-0.5333707928657532,0.045281242579221725,0.21266841888427734,-0.4696402847766876,0.02831273525953293,0.3175627291202545,-0.5391165614128113,-0.04032827913761139,0.38315385580062866,-0.5344123244285583,-0.00425817770883441,0.34175533056259155,-0.4427470266819,0.013193169608712196,0.2907772362232208,-0.3812395930290222,0.005935284309089184,0.39616885781288147,-0.3764210641384125,-0.04640362039208412,0.5458499193191528,-0.5027765035629272,-0.026916956529021263,0.6392053365707397,-0.5588662028312683,0.003153018420562148,0.7070368528366089,-0.6218314170837402,0.01890072599053383,0.0,0.0,0.0,0.0,0.0,0.0,0.0,0.0,0.0,0.0,0.0,0.0,0.0,0.0,0.0,0.0,0.0,0.0,0.0,0.0,0.0,0.0,0.0,0.0,0.0,0.0,0.0,0.0,0.0,0.0,0.0,0.0,0.0,0.0,0.0,0.0,0.0,0.0,0.0,0.0,0.0,0.0,0.0,0.0,0.0,0.0,0.0,0.0,0.0,0.0,0.0,0.0,0.0,0.0,0.0,0.0,0.0,0.0,0.0,0.0,0.0,0.0,0.0,DOCTOR
0.0,0.0,0.0,-0.11818436533212662,-0.30294954776763916,0.021218731999397278,-0.17274200916290283,-0.5705561637878418,0.01009757723659277,-0.18061554431915283,-0.803338348865509,-0.003023647703230381,-0.21717549860477448,-0.9760989546775818,-0.008104362525045872,0.09182973206043243,-0.7661815881729126,-0.012907848693430424,0.18826131522655487,-0.7378655076026917,0.021302349865436554,0.16253218054771423,-0.6256170272827148,0.043280187994241714,0.11047735810279846,-0.5548886656761169,0.05086447298526764,0.21664702892303467,-0.6831455826759338,-0.034012582153081894,0.29278936982154846,-0.629172682762146,0.027030223980545998,0.2524943947792053,-0.5364865064620972,0.04018423333764076,0.20398767292499542,-0.4714561700820923,0.02316405065357685,0.3150324821472168,-0.5430221557617188,-0.044219423085451126,0.37168988585472107,-0.5386913418769836,-0.010075462982058525,0.3282006084918976,-0.44746121764183044,0.007293509319424629,0.27733391523361206,-0.384051650762558,-0.0006253303145058453,0.3913057744503021,-0.38103142380714417,-0.04932847619056702,0.5401552319526672,-0.5082663297653198,-0.03417995944619179,0.6367605924606323,-0.562447726726532,-0.007132497150450945,0.7085862755775452,-0.6210404634475708,0.0064168935641646385,0.0,0.0,0.0,0.0,0.0,0.0,0.0,0.0,0.0,0.0,0.0,0.0,0.0,0.0,0.0,0.0,0.0,0.0,0.0,0.0,0.0,0.0,0.0,0.0,0.0,0.0,0.0,0.0,0.0,0.0,0.0,0.0,0.0,0.0,0.0,0.0,0.0,0.0,0.0,0.0,0.0,0.0,0.0,0.0,0.0,0.0,0.0,0.0,0.0,0.0,0.0,0.0,0.0,0.0,0.0,0.0,0.0,0.0,0.0,0.0,0.0,0.0,0.0,DOCTOR
0.0,0.0,0.0,-0.11787912994623184,-0.30324628949165344,0.0247246865183115,-0.17168278992176056,-0.5718870162963867,0.016050146892666817,-0.1782149225473404,-0.8054729700088501,0.004960967227816582,-0.21450982987880707,-0.9767205119132996,0.001600082847289741,0.0936703160405159,-0.7645136117935181,-0.007014816626906395,0.18675515055656433,-0.7390982508659363,0.02919173613190651,0.1598699986934662,-0.6311822533607483,0.052436769008636475,0.10893567651510239,-0.5613694787025452,0.06077475845813751,0.21880625188350677,-0.679543137550354,-0.028249965980648994,0.29402410984039307,-0.6344548463821411,0.03324945271015167,0.253175288438797,-0.5453187823295593,0.047364480793476105,0.20443765819072723,-0.4784044921398163,0.031844645738601685,0.3177918493747711,-0.5388200879096985,-0.03831041604280472,0.37278908491134644,-0.5431710481643677,-0.003592128399759531,0.3289639353752136,-0.4556616544723511,0.014341501519083977,0.27857232093811035,-0.39147961139678955,0.007494875229895115,0.3939177989959717,-0.37711453437805176,-0.0428275503218174,0.542485773563385,-0.5011990070343018,-0.027441130951046944,0.6370718479156494,-0.5552068948745728,-0.0005590268992818892,0.7062581777572632,-0.6172935962677002,0.013285734690725803,0.0,0.0,0.0,0.0,0.0,0.0,0.0,0.0,0.0,0.0,0.0,0.0,0.0,0.0,0.0,0.0,0.0,0.0,0.0,0.0,0.0,0.0,0.0,0.0,0.0,0.0,0.0,0.0,0.0,0.0,0.0,0.0,0.0,0.0,0.0,0.0,0.0,0.0,0.0,0.0,0.0,0.0,0.0,0.0,0.0,0.0,0.0,0.0,0.0,0.0,0.0,0.0,0.0,0.0,0.0,0.0,0.0,0.0,0.0,0.0,0.0,0.0,0.0,DOCTOR
0.0,0.0,0.0,-0.1176891177892685,-0.30178287625312805,0.023516401648521423,-0.17330846190452576,-0.5711042881011963,0.013764902949333191,-0.18004105985164642,-0.8029807209968567,0.0007356622954830527,-0.21439151465892792,-0.976736307144165,-0.004739747382700443,0.0902896523475647,-0.7648581862449646,-0.006667348090559244,0.19978678226470947,-0.7378262877464294,0.025685161352157593,0.1719590127468109,-0.6252129077911377,0.04561629518866539,0.11643285304307938,-0.5578948259353638,0.05286717042326927,0.2132633477449417,-0.6839542984962463,-0.028677301481366158,0.30789047479629517,-0.6272099018096924,0.0324457548558712,0.26597827672958374,-0.5327320694923401,0.045612677931785583,0.21167974174022675,-0.47179797291755676,0.029246855527162552,0.313006192445755,-0.5469270944595337,-0.040467213839292526,0.3827837109565735,-0.5332065224647522,-0.006251479499042034,0.33713510632514954,-0.44047531485557556,0.009233960881829262,0.2810191512107849,-0.38204655051231384,0.0009505096240900457,0.39304953813552856,-0.3871482014656067,-0.04700211435556412,0.5467149019241333,-0.5126926898956299,-0.029959378764033318,0.6452036499977112,-0.5648583769798279,-0.0029338907916098833,0.7174298167228699,-0.6237604022026062,0.01088953297585249,0.0,0.0,0.0,0.0,0.0,0.0,0.0,0.0,0.0,0.0,0.0,0.0,0.0,0.0,0.0,0.0,0.0,0.0,0.0,0.0,0.0,0.0,0.0,0.0,0.0,0.0,0.0,0.0,0.0,0.0,0.0,0.0,0.0,0.0,0.0,0.0,0.0,0.0,0.0,0.0,0.0,0.0,0.0,0.0,0.0,0.0,0.0,0.0,0.0,0.0,0.0,0.0,0.0,0.0,0.0,0.0,0.0,0.0,0.0,0.0,0.0,0.0,0.0,DOCTOR
0.0,0.0,0.0,-0.11770456284284592,-0.2980840504169464,0.022297272458672523,-0.1730087399482727,-0.5703936219215393,0.011615968309342861,-0.17952074110507965,-0.8035005927085876,-0.0016450962284579873,-0.21519890427589417,-0.9765408635139465,-0.007570852059870958,0.09165909141302109,-0.7662470936775208,-0.011993378400802612,0.20789822936058044,-0.7341579794883728,0.01924167014658451,0.1794765740633011,-0.6205239295959473,0.038365039974451065,0.12212710082530975,-0.5510686635971069,0.04515078291296959,0.21545808017253876,-0.6832396984100342,-0.03311973065137863,0.3166893720626831,-0.6247572302818298,0.026724422350525856,0.2737657129764557,-0.5285395979881287,0.040419913828372955,0.2177879363298416,-0.4664979875087738,0.02463766746222973,0.31627240777015686,-0.5447251200675964,-0.043755095452070236,0.39236390590667725,-0.5323764085769653,-0.009735072031617165,0.3475925028324127,-0.4386233389377594,0.0073983692564070225,0.29092469811439514,-0.37982627749443054,0.0002744859375525266,0.39735284447669983,-0.3838998079299927,-0.049200061708688736,0.5522320866584778,-0.5121669769287109,-0.0320756658911705,0.6507706046104431,-0.5685285329818726,-0.004424090497195721,0.7229210734367371,-0.6325964331626892,0.009861890226602554,0.0,0.0,0.0,0.0,0.0,0.0,0.0,0.0,0.0,0.0,0.0,0.0,0.0,0.0,0.0,0.0,0.0,0.0,0.0,0.0,0.0,0.0,0.0,0.0,0.0,0.0,0.0,0.0,0.0,0.0,0.0,0.0,0.0,0.0,0.0,0.0,0.0,0.0,0.0,0.0,0.0,0.0,0.0,0.0,0.0,0.0,0.0,0.0,0.0,0.0,0.0,0.0,0.0,0.0,0.0,0.0,0.0,0.0,0.0,0.0,0.0,0.0,0.0,DOCTOR
0.0,0.0,0.0,-0.12134459614753723,-0.298870325088501,0.022919852286577225,-0.17980153858661652,-0.5659728646278381,0.011725539341568947,-0.1861983835697174,-0.7990602254867554,-0.0023700129240751266,-0.22097446024417877,-0.9752345085144043,-0.00937447976320982,0.08845099061727524,-0.7626898288726807,-0.012755559757351875,0.2069530040025711,-0.7289369702339172,0.020375080406665802,0.1804480403661728,-0.6157886385917664,0.04180340841412544,0.12237079441547394,-0.5466321706771851,0.05004473030567169,0.21365025639533997,-0.6824148893356323,-0.034679654985666275,0.3173410892486572,-0.6178686022758484,0.027357900515198708,0.27482491731643677,-0.5218330025672913,0.04131247475743294,0.21858401596546173,-0.46029138565063477,0.02467654086649418,0.3161447048187256,-0.5432591438293457,-0.045780207961797714,0.395128071308136,-0.523986279964447,-0.010899019427597523,0.3490320146083832,-0.42737746238708496,0.006392834708094597,0.2919619381427765,-0.3680776059627533,-0.0013960753567516804,0.39912015199661255,-0.3789285719394684,-0.051576197147369385,0.5584968328475952,-0.5078805685043335,-0.034670647233724594,0.6581746339797974,-0.5647620558738708,-0.006443639751523733,0.7314979434013367,-0.6293156147003174,0.007948176003992558,0.0,0.0,0.0,0.0,0.0,0.0,0.0,0.0,0.0,0.0,0.0,0.0,0.0,0.0,0.0,0.0,0.0,0.0,0.0,0.0,0.0,0.0,0.0,0.0,0.0,0.0,0.0,0.0,0.0,0.0,0.0,0.0,0.0,0.0,0.0,0.0,0.0,0.0,0.0,0.0,0.0,0.0,0.0,0.0,0.0,0.0,0.0,0.0,0.0,0.0,0.0,0.0,0.0,0.0,0.0,0.0,0.0,0.0,0.0,0.0,0.0,0.0,0.0,DOCTOR
0.0,0.0,0.0,-0.1204596683382988,-0.3010514974594116,0.023565642535686493,-0.17885670065879822,-0.5660471320152283,0.010612588375806808,-0.18595293164253235,-0.7995312809944153,-0.004428405314683914,-0.2208561897277832,-0.97523432970047,-0.011858731508255005,0.08829231560230255,-0.7649674415588379,-0.021269287914037704,0.20573055744171143,-0.735002875328064,0.014612680301070213,0.17885003983974457,-0.6213935613632202,0.04103952646255493,0.12173233181238174,-0.5515025854110718,0.05204632878303528,0.21622489392757416,-0.6817833185195923,-0.04293471947312355,0.31804078817367554,-0.6247074007987976,0.0202366691082716,0.27553752064704895,-0.5293821096420288,0.03756909444928169,0.22082246840000153,-0.46793222427368164,0.02287347987294197,0.32020366191864014,-0.5407485961914062,-0.0524737574160099,0.39845213294029236,-0.5325801968574524,-0.01582782343029976,0.35326775908470154,-0.43698713183403015,0.005115916952490807,0.2976338267326355,-0.37729281187057495,-0.000912254792638123,0.4034927785396576,-0.37663429975509644,-0.05638400837779045,0.5612600445747375,-0.5108848214149475,-0.03870253264904022,0.6593900918960571,-0.567851185798645,-0.008691334165632725,0.7314684987068176,-0.6342377662658691,0.006803132593631744,0.0,0.0,0.0,0.0,0.0,0.0,0.0,0.0,0.0,0.0,0.0,0.0,0.0,0.0,0.0,0.0,0.0,0.0,0.0,0.0,0.0,0.0,0.0,0.0,0.0,0.0,0.0,0.0,0.0,0.0,0.0,0.0,0.0,0.0,0.0,0.0,0.0,0.0,0.0,0.0,0.0,0.0,0.0,0.0,0.0,0.0,0.0,0.0,0.0,0.0,0.0,0.0,0.0,0.0,0.0,0.0,0.0,0.0,0.0,0.0,0.0,0.0,0.0,DOCTOR
0.0,0.0,0.0,-0.11841897666454315,-0.3037908375263214,0.03198694437742233,-0.18058568239212036,-0.5744292140007019,0.02289193868637085,-0.1872236430644989,-0.8043462634086609,0.009704736061394215,-0.2209925800561905,-0.9752676486968994,0.003908477257937193,0.08942457288503647,-0.7565316557884216,-0.011565250344574451,0.20256301760673523,-0.7510035634040833,0.024034064263105392,0.17789588868618011,-0.6436843276023865,0.052287403494119644,0.12142547965049744,-0.571004331111908,0.065825916826725,0.2142617404460907,-0.6701287031173706,-0.035779036581516266,0.3152822256088257,-0.6451160907745361,0.024680573493242264,0.2761625349521637,-0.5541344285011292,0.04356076940894127,0.2225024700164795,-0.4888249933719635,0.03158048912882805,0.31776490807533264,-0.5299389958381653,-0.04793832451105118,0.39756160974502563,-0.5484694242477417,-0.012787232175469398,0.3567539155483246,-0.4575260877609253,0.009177875705063343,0.30384689569473267,-0.3951553404331207,0.005046019796282053,0.40094003081321716,-0.3650572597980499,-0.053641363978385925,0.5628874897956848,-0.5023567080497742,-0.036989789456129074,0.6626644730567932,-0.560573399066925,-0.008349121548235416,0.7360628247261047,-0.6310160160064697,0.006493801716715097,0.0,0.0,0.0,0.0,0.0,0.0,0.0,0.0,0.0,0.0,0.0,0.0,0.0,0.0,0.0,0.0,0.0,0.0,0.0,0.0,0.0,0.0,0.0,0.0,0.0,0.0,0.0,0.0,0.0,0.0,0.0,0.0,0.0,0.0,0.0,0.0,0.0,0.0,0.0,0.0,0.0,0.0,0.0,0.0,0.0,0.0,0.0,0.0,0.0,0.0,0.0,0.0,0.0,0.0,0.0,0.0,0.0,0.0,0.0,0.0,0.0,0.0,0.0,DOCTOR
0.0,0.0,0.0,-0.12001296877861023,-0.30200067162513733,0.02946825884282589,-0.17978419363498688,-0.5677015781402588,0.019103240221738815,-0.18464913964271545,-0.8026818633079529,0.006324839778244495,-0.2223036140203476,-0.9749764800071716,0.0014475706266239285,0.09115535020828247,-0.7588722109794617,-0.021679086610674858,0.20444665849208832,-0.7407842874526978,0.020598871633410454,0.17922471463680267,-0.6302482485771179,0.05679646506905556,0.12132232636213303,-0.5545713305473328,0.07343396544456482,0.21760901808738708,-0.6736548542976379,-0.044492918998003006,0.3162717819213867,-0.6400666832923889,0.019990526139736176,0.276192307472229,-0.5462166666984558,0.04388674721121788,0.2230658382177353,-0.47841495275497437,0.03343994542956352,0.3203947842121124,-0.5297417044639587,-0.0541013665497303,0.40381860733032227,-0.5505125522613525,-0.01591343618929386,0.36380866169929504,-0.458865225315094,0.011250630021095276,0.3115497827529907,-0.39485982060432434,0.008102091029286385,0.40170228481292725,-0.3593670427799225,-0.05741136148571968,0.5670552849769592,-0.4980013966560364,-0.04335971176624298,0.6671810150146484,-0.5529771447181702,-0.014430849812924862,0.7409425377845764,-0.621699333190918,-3.808023848250741e-06,0.0,0.0,0.0,0.0,0.0,0.0,0.0,0.0,0.0,0.0,0.0,0.0,0.0,0.0,0.0,0.0,0.0,0.0,0.0,0.0,0.0,0.0,0.0,0.0,0.0,0.0,0.0,0.0,0.0,0.0,0.0,0.0,0.0,0.0,0.0,0.0,0.0,0.0,0.0,0.0,0.0,0.0,0.0,0.0,0.0,0.0,0.0,0.0,0.0,0.0,0.0,0.0,0.0,0.0,0.0,0.0,0.0,0.0,0.0,0.0,0.0,0.0,0.0,DOCTOR
0.0,0.0,0.0,-0.11575154215097427,-0.3049849271774292,0.0371578112244606,-0.17462071776390076,-0.5706279277801514,0.02997422032058239,-0.17970329523086548,-0.805416464805603,0.019121047109365463,-0.21590599417686462,-0.9762875437736511,0.015722626820206642,0.09262441098690033,-0.7599817514419556,-0.012585646472871304,0.21095456182956696,-0.7454029321670532,0.03439207002520561,0.18439000844955444,-0.6336985230445862,0.07265348732471466,0.12677428126335144,-0.5598176121711731,0.09056805819272995,0.2186356484889984,-0.6758260130882263,-0.03694029524922371,0.32420113682746887,-0.641092836856842,0.0335502065718174,0.28295111656188965,-0.5466829538345337,0.058689579367637634,0.2282339185476303,-0.4799360930919647,0.0486796610057354,0.3207975924015045,-0.5319393873214722,-0.047180574387311935,0.4081070125102997,-0.5492241382598877,-0.0014492154587060213,0.36676353216171265,-0.45579785108566284,0.026327086612582207,0.31289300322532654,-0.39264199137687683,0.022346649318933487,0.40165215730667114,-0.3608265817165375,-0.050501950085163116,0.5661221146583557,-0.49743711948394775,-0.02905689924955368,0.6638983488082886,-0.5491183996200562,0.002298276172950864,0.7355338335037231,-0.614557147026062,0.01765860803425312,0.0,0.0,0.0,0.0,0.0,0.0,0.0,0.0,0.0,0.0,0.0,0.0,0.0,0.0,0.0,0.0,0.0,0.0,0.0,0.0,0.0,0.0,0.0,0.0,0.0,0.0,0.0,0.0,0.0,0.0,0.0,0.0,0.0,0.0,0.0,0.0,0.0,0.0,0.0,0.0,0.0,0.0,0.0,0.0,0.0,0.0,0.0,0.0,0.0,0.0,0.0,0.0,0.0,0.0,0.0,0.0,0.0,0.0,0.0,0.0,0.0,0.0,0.0,DOCTOR
0.0,0.0,0.0,-0.11142203211784363,-0.3066027760505676,0.027637237682938576,-0.16514316201210022,-0.5745344758033752,0.01626567356288433,-0.17080643773078918,-0.8067873120307922,0.0024519753642380238,-0.2038542777299881,-0.9789966344833374,-0.0029924060218036175,0.10314372926950455,-0.7606005072593689,-0.019099609926342964,0.2158202975988388,-0.7427577376365662,0.02026332914829254,0.1890506148338318,-0.6365302205085754,0.05327951908111572,0.1308823823928833,-0.567436695098877,0.06865096092224121,0.2279547154903412,-0.6719545722007751,-0.04168688505887985,0.3260536193847656,-0.6400977373123169,0.020176684483885765,0.28589358925819397,-0.5508329272270203,0.04202662780880928,0.2308543175458908,-0.48406320810317993,0.03189326450228691,0.32873937487602234,-0.5262434482574463,-0.05155043676495552,0.40948569774627686,-0.5476113557815552,-0.014842059463262558,0.36939334869384766,-0.4557928740978241,0.011714046820998192,0.3167671859264374,-0.3908863663673401,0.010007219389081001,0.40811383724212646,-0.35327771306037903,-0.055498652160167694,0.5688026547431946,-0.49086615443229675,-0.039844200015068054,0.6670767068862915,-0.5436038374900818,-0.009374490939080715,0.7385708689689636,-0.6078168153762817,0.007185414899140596,0.0,0.0,0.0,0.0,0.0,0.0,0.0,0.0,0.0,0.0,0.0,0.0,0.0,0.0,0.0,0.0,0.0,0.0,0.0,0.0,0.0,0.0,0.0,0.0,0.0,0.0,0.0,0.0,0.0,0.0,0.0,0.0,0.0,0.0,0.0,0.0,0.0,0.0,0.0,0.0,0.0,0.0,0.0,0.0,0.0,0.0,0.0,0.0,0.0,0.0,0.0,0.0,0.0,0.0,0.0,0.0,0.0,0.0,0.0,0.0,0.0,0.0,0.0,DOCTOR
0.0,0.0,0.0,-0.10756509006023407,-0.30840200185775757,0.030224062502384186,-0.15507495403289795,-0.5779194235801697,0.021903613582253456,-0.15745441615581512,-0.8099600076675415,0.010103856213390827,-0.18897287547588348,-0.9819566607475281,0.007103065028786659,0.11095228046178818,-0.7651031613349915,-0.0046312822960317135,0.22478295862674713,-0.7546032071113586,0.035329341888427734,0.19662348926067352,-0.649064838886261,0.06716867536306381,0.1369941532611847,-0.5799944996833801,0.08241041749715805,0.23531410098075867,-0.6766648888587952,-0.026475248858332634,0.3322644829750061,-0.6549805998802185,0.035583749413490295,0.2907881438732147,-0.5644819736480713,0.05738827586174011,0.23503001034259796,-0.49656131863594055,0.048835791647434235,0.33483582735061646,-0.5336752533912659,-0.036739617586135864,0.4139920771121979,-0.5629590153694153,0.001212010974995792,0.37378352880477905,-0.4704376757144928,0.026814816519618034,0.32152578234672546,-0.40253233909606934,0.02543727122247219,0.4117574691772461,-0.3646395206451416,-0.041117336601018906,0.5706049203872681,-0.49681416153907776,-0.022630129009485245,0.6692456007003784,-0.5425688624382019,0.00691870367154479,0.7413135170936584,-0.5987923741340637,0.023026444017887115,0.0,0.0,0.0,0.0,0.0,0.0,0.0,0.0,0.0,0.0,0.0,0.0,0.0,0.0,0.0,0.0,0.0,0.0,0.0,0.0,0.0,0.0,0.0,0.0,0.0,0.0,0.0,0.0,0.0,0.0,0.0,0.0,0.0,0.0,0.0,0.0,0.0,0.0,0.0,0.0,0.0,0.0,0.0,0.0,0.0,0.0,0.0,0.0,0.0,0.0,0.0,0.0,0.0,0.0,0.0,0.0,0.0,0.0,0.0,0.0,0.0,0.0,0.0,DOCTOR
0.0,0.0,0.0,-0.10699409246444702,-0.3099716305732727,0.030687691643834114,-0.15807422995567322,-0.5819979906082153,0.021965863183140755,-0.16304969787597656,-0.811694324016571,0.009073424153029919,-0.19230173528194427,-0.9813203811645508,0.005511093884706497,0.11052541434764862,-0.7589422464370728,-0.003819708712399006,0.24009308218955994,-0.7742817401885986,0.03112015686929226,0.2188417613506317,-0.6694657802581787,0.06071086227893829,0.15927202999591827,-0.5934985280036926,0.07617480307817459,0.2385731041431427,-0.6631146669387817,-0.027197055518627167,0.3474048376083374,-0.6717697381973267,0.029521889984607697,0.31388920545578003,-0.586472749710083,0.04999919608235359,0.25912871956825256,-0.5119283199310303,0.04212259501218796,0.3422761559486389,-0.5201966166496277,-0.03995769843459129,0.42902636528015137,-0.5655973553657532,-0.005295369308441877,0.39418524503707886,-0.48125648498535156,0.01917440816760063,0.34197184443473816,-0.4112085998058319,0.01844148524105549,0.4227078855037689,-0.3518618047237396,-0.04696638882160187,0.5932013988494873,-0.486809641122818,-0.030491504818201065,0.6988437175750732,-0.5377154350280762,-0.003914983943104744,0.7760055661201477,-0.5956475138664246,0.01035814918577671,0.0,0.0,0.0,0.0,0.0,0.0,0.0,0.0,0.0,0.0,0.0,0.0,0.0,0.0,0.0,0.0,0.0,0.0,0.0,0.0,0.0,0.0,0.0,0.0,0.0,0.0,0.0,0.0,0.0,0.0,0.0,0.0,0.0,0.0,0.0,0.0,0.0,0.0,0.0,0.0,0.0,0.0,0.0,0.0,0.0,0.0,0.0,0.0,0.0,0.0,0.0,0.0,0.0,0.0,0.0,0.0,0.0,0.0,0.0,0.0,0.0,0.0,0.0,DOCTOR
0.0,0.0,0.0,-0.10556376725435257,-0.309175968170166,0.030274419113993645,-0.15764524042606354,-0.581851601600647,0.018580643460154533,-0.15940414369106293,-0.8105463981628418,0.0009851264767348766,-0.1953822374343872,-0.9806948304176331,-0.007963750511407852,0.11036556959152222,-0.7559385299682617,-0.010742923244833946,0.2462502419948578,-0.760052502155304,0.01564333401620388,0.22325469553470612,-0.6527094841003418,0.04209481179714203,0.15994800627231598,-0.5764718651771545,0.0560859851539135,0.23230761289596558,-0.6637275815010071,-0.03804611414670944,0.3542364537715912,-0.6567507982254028,0.009459725581109524,0.3173733055591583,-0.5651541948318481,0.029143616557121277,0.2587498426437378,-0.49854129552841187,0.021610524505376816,0.3330223858356476,-0.5235690474510193,-0.05550055578351021,0.44088536500930786,-0.5581397414207458,-0.029689373448491096,0.402629017829895,-0.469902902841568,-0.00513584166765213,0.3469373285770416,-0.4077971279621124,-0.004430945962667465,0.4138685166835785,-0.35723838210105896,-0.0672987774014473,0.5914508104324341,-0.4860007166862488,-0.05658704414963722,0.6968826055526733,-0.5350063443183899,-0.03059704229235649,0.7762700319290161,-0.5969294905662537,-0.016036005690693855,0.0,0.0,0.0,0.0,0.0,0.0,0.0,0.0,0.0,0.0,0.0,0.0,0.0,0.0,0.0,0.0,0.0,0.0,0.0,0.0,0.0,0.0,0.0,0.0,0.0,0.0,0.0,0.0,0.0,0.0,0.0,0.0,0.0,0.0,0.0,0.0,0.0,0.0,0.0,0.0,0.0,0.0,0.0,0.0,0.0,0.0,0.0,0.0,0.0,0.0,0.0,0.0,0.0,0.0,0.0,0.0,0.0,0.0,0.0,0.0,0.0,0.0,0.0,DOCTOR
0.0,0.0,0.0,-0.10505341738462448,-0.31012997031211853,0.03423837572336197,-0.15570345520973206,-0.5846563577651978,0.02619674615561962,-0.15977513790130615,-0.8118475079536438,0.011587478220462799,-0.19382503628730774,-0.9810206890106201,0.005511219147592783,0.10713140666484833,-0.7557207942008972,0.0005823429091833532,0.24334077537059784,-0.7599328756332397,0.030100557953119278,0.2195054292678833,-0.6546534299850464,0.05612229183316231,0.15709234774112701,-0.5821772217750549,0.06940271705389023,0.22774966061115265,-0.6649267673492432,-0.02708732709288597,0.3510749936103821,-0.6575272083282471,0.023976624011993408,0.31468504667282104,-0.567406415939331,0.043466392904520035,0.25771474838256836,-0.5027868151664734,0.03554319590330124,0.3278202414512634,-0.5254958868026733,-0.045051705092191696,0.4347524344921112,-0.5607017278671265,-0.015612870454788208,0.39766034483909607,-0.4726172685623169,0.008905298076570034,0.3435373306274414,-0.41113048791885376,0.009157596156001091,0.40766993165016174,-0.3599556088447571,-0.05716946721076965,0.5831676721572876,-0.48874685168266296,-0.04354556277394295,0.6886929273605347,-0.5353715419769287,-0.017028283327817917,0.7681955099105835,-0.594903826713562,-0.0024362599942833185,0.0,0.0,0.0,0.0,0.0,0.0,0.0,0.0,0.0,0.0,0.0,0.0,0.0,0.0,0.0,0.0,0.0,0.0,0.0,0.0,0.0,0.0,0.0,0.0,0.0,0.0,0.0,0.0,0.0,0.0,0.0,0.0,0.0,0.0,0.0,0.0,0.0,0.0,0.0,0.0,0.0,0.0,0.0,0.0,0.0,0.0,0.0,0.0,0.0,0.0,0.0,0.0,0.0,0.0,0.0,0.0,0.0,0.0,0.0,0.0,0.0,0.0,0.0,DOCTOR
0.0,0.0,0.0,-0.10339663922786713,-0.31047719717025757,0.030860844999551773,-0.15115968883037567,-0.5853053331375122,0.021863920614123344,-0.1545376032590866,-0.8122148513793945,0.00654354365542531,-0.18876974284648895,-0.9820213913917542,-0.0002033773489529267,0.11429896950721741,-0.757760763168335,-1.565621278132312e-05,0.24889448285102844,-0.7568337321281433,0.027043553069233894,0.22319361567497253,-0.6497793197631836,0.0500674843788147,0.1598207652568817,-0.5759599208831787,0.061202939599752426,0.23484614491462708,-0.6670297384262085,-0.027845220640301704,0.3562423884868622,-0.655616283416748,0.020402323454618454,0.3190170228481293,-0.5645714402198792,0.037464093416929245,0.26168113946914673,-0.4994056820869446,0.02819378674030304,0.33418577909469604,-0.5268864631652832,-0.04662373289465904,0.440003365278244,-0.5561376810073853,-0.02082059159874916,0.4009666442871094,-0.46735647320747375,0.002152739791199565,0.3453221023082733,-0.4079133868217468,0.0021469094790518284,0.41333186626434326,-0.3599008321762085,-0.059950754046440125,0.5891619324684143,-0.49116161465644836,-0.04939323291182518,0.6953397989273071,-0.5385307669639587,-0.02352178655564785,0.7749801278114319,-0.5980624556541443,-0.008828666992485523,0.0,0.0,0.0,0.0,0.0,0.0,0.0,0.0,0.0,0.0,0.0,0.0,0.0,0.0,0.0,0.0,0.0,0.0,0.0,0.0,0.0,0.0,0.0,0.0,0.0,0.0,0.0,0.0,0.0,0.0,0.0,0.0,0.0,0.0,0.0,0.0,0.0,0.0,0.0,0.0,0.0,0.0,0.0,0.0,0.0,0.0,0.0,0.0,0.0,0.0,0.0,0.0,0.0,0.0,0.0,0.0,0.0,0.0,0.0,0.0,0.0,0.0,0.0,DOCTOR
0.0,0.0,0.0,-0.1027311384677887,-0.31140902638435364,0.03648395836353302,-0.14642682671546936,-0.5906349420547485,0.03306526690721512,-0.14514119923114777,-0.8185451030731201,0.022271528840065002,-0.18300378322601318,-0.9829314947128296,0.01884848065674305,0.11473529040813446,-0.7523150444030762,0.005783225409686565,0.2548168897628784,-0.7573452591896057,0.03445126488804817,0.23186098039150238,-0.6527500152587891,0.0588061697781086,0.16986805200576782,-0.5779997110366821,0.07162604480981827,0.23567451536655426,-0.6631096601486206,-0.022695183753967285,0.3622177839279175,-0.6562630534172058,0.0286724753677845,0.3281295597553253,-0.5662671327590942,0.04741644486784935,0.27280494570732117,-0.4982262849807739,0.03965507447719574,0.33675894141197205,-0.5234988331794739,-0.041684266179800034,0.4448947310447693,-0.5576831102371216,-0.012552318163216114,0.4100196659564972,-0.4691866636276245,0.010519811883568764,0.35765716433525085,-0.4057660400867462,0.010653238743543625,0.41726237535476685,-0.35719001293182373,-0.05485469475388527,0.5910527110099792,-0.48287495970726013,-0.039351049810647964,0.6940896511077881,-0.5240053534507751,-0.01170120108872652,0.7705080509185791,-0.5746572613716125,0.0037991926074028015,0.0,0.0,0.0,0.0,0.0,0.0,0.0,0.0,0.0,0.0,0.0,0.0,0.0,0.0,0.0,0.0,0.0,0.0,0.0,0.0,0.0,0.0,0.0,0.0,0.0,0.0,0.0,0.0,0.0,0.0,0.0,0.0,0.0,0.0,0.0,0.0,0.0,0.0,0.0,0.0,0.0,0.0,0.0,0.0,0.0,0.0,0.0,0.0,0.0,0.0,0.0,0.0,0.0,0.0,0.0,0.0,0.0,0.0,0.0,0.0,0.0,0.0,0.0,DOCTOR
0.0,0.0,0.0,-0.10048529505729675,-0.3064989745616913,0.026590973138809204,-0.1487657129764557,-0.583797812461853,0.017017919570207596,-0.14736342430114746,-0.811235785484314,0.00039854130591265857,-0.17874695360660553,-0.9838631749153137,-0.007920755073428154,0.11555588245391846,-0.7440212368965149,-0.0007081459043547511,0.27280735969543457,-0.7458694577217102,0.018510272726416588,0.24882158637046814,-0.6360390186309814,0.03598741441965103,0.1836901158094406,-0.5608306527137756,0.04494180530309677,0.23319360613822937,-0.6536869406700134,-0.028084827587008476,0.3807699382305145,-0.6393629908561707,0.013148616068065166,0.34290605783462524,-0.5465529561042786,0.027610475197434425,0.2836277186870575,-0.4851855933666229,0.01818147487938404,0.3307963013648987,-0.5164514183998108,-0.048335131257772446,0.46037739515304565,-0.534513533115387,-0.02867131493985653,0.4190835654735565,-0.4462604820728302,-0.008741199970245361,0.3606221675872803,-0.3911437690258026,-0.008738922886550426,0.410615473985672,-0.3517456352710724,-0.06375635415315628,0.5957188010215759,-0.47564274072647095,-0.056461963802576065,0.7070490121841431,-0.5166611671447754,-0.0333724208176136,0.7942862510681152,-0.5670509934425354,-0.019771745428442955,0.0,0.0,0.0,0.0,0.0,0.0,0.0,0.0,0.0,0.0,0.0,0.0,0.0,0.0,0.0,0.0,0.0,0.0,0.0,0.0,0.0,0.0,0.0,0.0,0.0,0.0,0.0,0.0,0.0,0.0,0.0,0.0,0.0,0.0,0.0,0.0,0.0,0.0,0.0,0.0,0.0,0.0,0.0,0.0,0.0,0.0,0.0,0.0,0.0,0.0,0.0,0.0,0.0,0.0,0.0,0.0,0.0,0.0,0.0,0.0,0.0,0.0,0.0,DOCTOR
0.0,0.0,0.0,-0.0999751091003418,-0.30831149220466614,0.031212961301207542,-0.14785242080688477,-0.5852082967758179,0.023436417803168297,-0.14577032625675201,-0.8136469721794128,0.008437865413725376,-0.18160898983478546,-0.9833701252937317,0.0011945819715037942,0.1159353032708168,-0.7438473701477051,-0.000319328042678535,0.2697505056858063,-0.7336493730545044,0.023974096402525902,0.2403578907251358,-0.6202037334442139,0.04493778944015503,0.17200079560279846,-0.5466815233230591,0.05473338067531586,0.23495586216449738,-0.6530941724777222,-0.0292661152780056,0.38043805956840515,-0.6298134922981262,0.016809873282909393,0.33809298276901245,-0.534081220626831,0.03377337008714676,0.27659547328948975,-0.4760695993900299,0.02390330098569393,0.3327108323574066,-0.5135445594787598,-0.04993121325969696,0.4607433080673218,-0.5241991281509399,-0.026822058483958244,0.4158686697483063,-0.43264615535736084,-0.004821208771318197,0.3552532494068146,-0.3806842863559723,-0.005587878171354532,0.412882536649704,-0.346091091632843,-0.06520932912826538,0.6019943952560425,-0.4714427590370178,-0.05629616230726242,0.7131593227386475,-0.5109712481498718,-0.03170787915587425,0.8003575205802917,-0.5639591217041016,-0.018450988456606865,0.0,0.0,0.0,0.0,0.0,0.0,0.0,0.0,0.0,0.0,0.0,0.0,0.0,0.0,0.0,0.0,0.0,0.0,0.0,0.0,0.0,0.0,0.0,0.0,0.0,0.0,0.0,0.0,0.0,0.0,0.0,0.0,0.0,0.0,0.0,0.0,0.0,0.0,0.0,0.0,0.0,0.0,0.0,0.0,0.0,0.0,0.0,0.0,0.0,0.0,0.0,0.0,0.0,0.0,0.0,0.0,0.0,0.0,0.0,0.0,0.0,0.0,0.0,DOCTOR
0.0,0.0,0.0,-0.09632608294487,-0.306893914937973,0.030406616628170013,-0.14097975194454193,-0.5896144509315491,0.02244131825864315,-0.1376611888408661,-0.817381739616394,0.007142991758882999,-0.1724369078874588,-0.9850204586982727,-0.0006034972611814737,0.11726566404104233,-0.7478882074356079,-0.00377534213475883,0.271272748708725,-0.7353756427764893,0.01584010012447834,0.24311016499996185,-0.623056173324585,0.033235736191272736,0.17544803023338318,-0.5511807203292847,0.04164046421647072,0.23403958976268768,-0.6593112945556641,-0.03301073983311653,0.38038432598114014,-0.6323361992835999,0.010064889676868916,0.3398672342300415,-0.5358907580375671,0.026539331302046776,0.2784251272678375,-0.47740188241004944,0.017814885824918747,0.3321092426776886,-0.5214563012123108,-0.05418965965509415,0.4609382450580597,-0.5304741263389587,-0.03354020044207573,0.4178248643875122,-0.43766671419143677,-0.011996370740234852,0.35762661695480347,-0.38402166962623596,-0.011366932652890682,0.4123362898826599,-0.35585492849349976,-0.07013321667909622,0.5960854887962341,-0.47780561447143555,-0.06048746779561043,0.7055463790893555,-0.5152737498283386,-0.03485778719186783,0.7907280921936035,-0.5644129514694214,-0.019991766661405563,0.0,0.0,0.0,0.0,0.0,0.0,0.0,0.0,0.0,0.0,0.0,0.0,0.0,0.0,0.0,0.0,0.0,0.0,0.0,0.0,0.0,0.0,0.0,0.0,0.0,0.0,0.0,0.0,0.0,0.0,0.0,0.0,0.0,0.0,0.0,0.0,0.0,0.0,0.0,0.0,0.0,0.0,0.0,0.0,0.0,0.0,0.0,0.0,0.0,0.0,0.0,0.0,0.0,0.0,0.0,0.0,0.0,0.0,0.0,0.0,0.0,0.0,0.0,DOCTOR
0.0,0.0,0.0,-0.09112916886806488,-0.3039942681789398,0.0366620197892189,-0.13299287855625153,-0.5887624621391296,0.032415445894002914,-0.12621615827083588,-0.8188608288764954,0.021521084010601044,-0.15741191804409027,-0.9873721599578857,0.017823176458477974,0.12289603054523468,-0.7402930855751038,-0.007803857792168856,0.28725025057792664,-0.7226911187171936,0.016268931329250336,0.26275011897087097,-0.6155120730400085,0.03900572657585144,0.1940583735704422,-0.5456975102424622,0.050677165389060974,0.24134665727615356,-0.6489144563674927,-0.0385567769408226,0.39239147305488586,-0.6201790571212769,0.008765335194766521,0.35490626096725464,-0.5261589884757996,0.029205892235040665,0.2930352985858917,-0.46380242705345154,0.022215276956558228,0.3425505459308624,-0.5061530470848083,-0.0594436340034008,0.4748085141181946,-0.51856929063797,-0.0337984599173069,0.4333498477935791,-0.42893344163894653,-0.007521308958530426,0.37050724029541016,-0.37311896681785583,-0.005316648166626692,0.425592303276062,-0.3340214788913727,-0.07448631525039673,0.6132535934448242,-0.4568793475627899,-0.06466591358184814,0.7255828976631165,-0.49776703119277954,-0.03852047771215439,0.8103916645050049,-0.5503756999969482,-0.023685723543167114,0.0,0.0,0.0,0.0,0.0,0.0,0.0,0.0,0.0,0.0,0.0,0.0,0.0,0.0,0.0,0.0,0.0,0.0,0.0,0.0,0.0,0.0,0.0,0.0,0.0,0.0,0.0,0.0,0.0,0.0,0.0,0.0,0.0,0.0,0.0,0.0,0.0,0.0,0.0,0.0,0.0,0.0,0.0,0.0,0.0,0.0,0.0,0.0,0.0,0.0,0.0,0.0,0.0,0.0,0.0,0.0,0.0,0.0,0.0,0.0,0.0,0.0,0.0,DOCTOR
0.0,0.0,0.0,-0.09032805263996124,-0.3019118309020996,0.036079198122024536,-0.1333806812763214,-0.5930469036102295,0.03396560996770859,-0.12587691843509674,-0.8227269649505615,0.02417265810072422,-0.1590573936700821,-0.9870502352714539,0.020801259204745293,0.11701809614896774,-0.7386388778686523,-0.00011730827100109309,0.2814706861972809,-0.7151883840560913,0.021181678399443626,0.2536276876926422,-0.6064041256904602,0.03886737301945686,0.18692730367183685,-0.5398180484771729,0.04705273360013962,0.2320762574672699,-0.6523946523666382,-0.03006049059331417,0.38813483715057373,-0.6114450693130493,0.015537087805569172,0.34791281819343567,-0.5164113640785217,0.03339396044611931,0.28719648718833923,-0.46168994903564453,0.025322066619992256,0.3290124535560608,-0.5147804617881775,-0.05137694254517555,0.4641421139240265,-0.5102672576904297,-0.028090965002775192,0.4197653830051422,-0.42064517736434937,-0.006592331454157829,0.3581806719303131,-0.37260228395462036,-0.006277920212596655,0.40889763832092285,-0.3477509617805481,-0.06694415956735611,0.5968085527420044,-0.4617551565170288,-0.056388553231954575,0.7072389721870422,-0.4964040219783783,-0.03130482882261276,0.7928791642189026,-0.5438277721405029,-0.016949079930782318,0.0,0.0,0.0,0.0,0.0,0.0,0.0,0.0,0.0,0.0,0.0,0.0,0.0,0.0,0.0,0.0,0.0,0.0,0.0,0.0,0.0,0.0,0.0,0.0,0.0,0.0,0.0,0.0,0.0,0.0,0.0,0.0,0.0,0.0,0.0,0.0,0.0,0.0,0.0,0.0,0.0,0.0,0.0,0.0,0.0,0.0,0.0,0.0,0.0,0.0,0.0,0.0,0.0,0.0,0.0,0.0,0.0,0.0,0.0,0.0,0.0,0.0,0.0,DOCTOR
0.0,0.0,0.0,-0.08980532735586166,-0.3009771704673767,0.024334251880645752,-0.1324109435081482,-0.5903339982032776,0.017065364867448807,-0.12558802962303162,-0.8192129731178284,0.003945046570152044,-0.15785211324691772,-0.9874610900878906,-0.0017931133043020964,0.12199371308088303,-0.7400829792022705,-0.017462322488427162,0.294888973236084,-0.7186333537101746,-0.005722178146243095,0.26592978835105896,-0.6061517596244812,0.00748358154669404,0.19579313695430756,-0.5385106205940247,0.013287866488099098,0.23498697578907013,-0.6501287221908569,-0.04517116770148277,0.3977031707763672,-0.6055712103843689,-0.009833380579948425,0.35516461730003357,-0.5111141204833984,0.005765070673078299,0.29194507002830505,-0.4577797055244446,-0.003105886047706008,0.3300769627094269,-0.5104243159294128,-0.06559379398822784,0.4731001853942871,-0.4994436502456665,-0.052396733313798904,0.4245825409889221,-0.4112211763858795,-0.031229164451360703,0.35905134677886963,-0.3662382960319519,-0.0296104084700346,0.40983402729034424,-0.3418079614639282,-0.08142482489347458,0.6022926568984985,-0.45632073283195496,-0.08151872456073761,0.7165805697441101,-0.49277010560035706,-0.06028470769524574,0.8067444562911987,-0.5409825444221497,-0.04713237285614014,0.0,0.0,0.0,0.0,0.0,0.0,0.0,0.0,0.0,0.0,0.0,0.0,0.0,0.0,0.0,0.0,0.0,0.0,0.0,0.0,0.0,0.0,0.0,0.0,0.0,0.0,0.0,0.0,0.0,0.0,0.0,0.0,0.0,0.0,0.0,0.0,0.0,0.0,0.0,0.0,0.0,0.0,0.0,0.0,0.0,0.0,0.0,0.0,0.0,0.0,0.0,0.0,0.0,0.0,0.0,0.0,0.0,0.0,0.0,0.0,0.0,0.0,0.0,DOCTOR
0.0,0.0,0.0,-0.08996322751045227,-0.2935636043548584,0.025815339758992195,-0.12787234783172607,-0.5767959356307983,0.015578429214656353,-0.11968035995960236,-0.8121187686920166,-3.280168311903253e-05,-0.15246661007404327,-0.9882711172103882,-0.008612272329628468,0.12473499029874802,-0.7197719812393188,-0.019978808239102364,0.3006925880908966,-0.6951697468757629,-0.007323260419070721,0.273954838514328,-0.5928204655647278,0.008248424157500267,0.20397068560123444,-0.52826988697052,0.014878322370350361,0.23737512528896332,-0.624997615814209,-0.04915029555559158,0.3985937833786011,-0.5890788435935974,-0.014417103491723537,0.3590441346168518,-0.49797365069389343,0.00210763537324965,0.29976484179496765,-0.44295942783355713,-0.007238906342536211,0.3356171250343323,-0.4831715524196625,-0.07052071392536163,0.4799678921699524,-0.48254650831222534,-0.05553818866610527,0.4368835687637329,-0.40139901638031006,-0.031059689819812775,0.3742441236972809,-0.3580784797668457,-0.02958976849913597,0.41843700408935547,-0.3149293065071106,-0.08735936135053635,0.6095041632652283,-0.429832398891449,-0.0901036337018013,0.728485643863678,-0.46744218468666077,-0.0706484392285347,0.8235803246498108,-0.5186477303504944,-0.059832390397787094,0.0,0.0,0.0,0.0,0.0,0.0,0.0,0.0,0.0,0.0,0.0,0.0,0.0,0.0,0.0,0.0,0.0,0.0,0.0,0.0,0.0,0.0,0.0,0.0,0.0,0.0,0.0,0.0,0.0,0.0,0.0,0.0,0.0,0.0,0.0,0.0,0.0,0.0,0.0,0.0,0.0,0.0,0.0,0.0,0.0,0.0,0.0,0.0,0.0,0.0,0.0,0.0,0.0,0.0,0.0,0.0,0.0,0.0,0.0,0.0,0.0,0.0,0.0,DOCTOR
0.0,0.0,0.0,-0.0800383910536766,-0.29993584752082825,0.022654809057712555,-0.11414933204650879,-0.5936132669448853,0.011095562018454075,-0.10864987224340439,-0.822743833065033,-0.006776831578463316,-0.1450236290693283,-0.9892733693122864,-0.017499903216958046,0.12479090690612793,-0.744598925113678,-0.02336045354604721,0.3072899878025055,-0.7066581845283508,-0.019361186772584915,0.2780894935131073,-0.5926116704940796,-0.01245659776031971,0.20680342614650726,-0.5294753909111023,-0.011222883127629757,0.23331022262573242,-0.653861939907074,-0.05354033783078194,0.40558871626853943,-0.5970983505249023,-0.025959016755223274,0.3647958040237427,-0.5000471472740173,-0.011828933842480183,0.30158111453056335,-0.4515315592288971,-0.020449208095669746,0.32685887813568115,-0.5113435387611389,-0.07715090364217758,0.48503270745277405,-0.4917714595794678,-0.07000661641359329,0.4390501081943512,-0.40381842851638794,-0.047451674938201904,0.3727051019668579,-0.3632083833217621,-0.04345842823386192,0.40496116876602173,-0.34069669246673584,-0.09653636813163757,0.60037761926651,-0.4451444745063782,-0.09942398965358734,0.7152218818664551,-0.47907599806785583,-0.07810688763856888,0.8065619468688965,-0.5260859727859497,-0.06443892419338226,0.0,0.0,0.0,0.0,0.0,0.0,0.0,0.0,0.0,0.0,0.0,0.0,0.0,0.0,0.0,0.0,0.0,0.0,0.0,0.0,0.0,0.0,0.0,0.0,0.0,0.0,0.0,0.0,0.0,0.0,0.0,0.0,0.0,0.0,0.0,0.0,0.0,0.0,0.0,0.0,0.0,0.0,0.0,0.0,0.0,0.0,0.0,0.0,0.0,0.0,0.0,0.0,0.0,0.0,0.0,0.0,0.0,0.0,0.0,0.0,0.0,0.0,0.0,DOCTOR
0.0,0.0,0.0,-0.07830888777971268,-0.29702138900756836,0.02037062495946884,-0.109459787607193,-0.5974278450012207,0.011298086494207382,-0.10403390973806381,-0.8256462216377258,-0.003714505350217223,-0.1403709352016449,-0.9900362491607666,-0.011147880926728249,0.12975098192691803,-0.750108540058136,-0.017814835533499718,0.3148294687271118,-0.7149062156677246,-0.01712595671415329,0.28234100341796875,-0.6014989018440247,-0.015741152688860893,0.20807664096355438,-0.5397937893867493,-0.01808324083685875,0.237874373793602,-0.6585713028907776,-0.04687986150383949,0.4126909375190735,-0.6064112782478333,-0.022303614765405655,0.3720887303352356,-0.5105782747268677,-0.012499131262302399,0.3092227578163147,-0.4609801471233368,-0.02304273284971714,0.33145394921302795,-0.5173205137252808,-0.07038286328315735,0.49056586623191833,-0.49657392501831055,-0.06482475250959396,0.4437239468097687,-0.40998879075050354,-0.04590863734483719,0.3764593005180359,-0.3695864677429199,-0.04360713064670563,0.4099845588207245,-0.34904906153678894,-0.0901380181312561,0.6011856198310852,-0.45195451378822327,-0.09461219608783722,0.7169092893600464,-0.4873346984386444,-0.07644668966531754,0.8100730180740356,-0.5326998233795166,-0.06457339227199554,0.0,0.0,0.0,0.0,0.0,0.0,0.0,0.0,0.0,0.0,0.0,0.0,0.0,0.0,0.0,0.0,0.0,0.0,0.0,0.0,0.0,0.0,0.0,0.0,0.0,0.0,0.0,0.0,0.0,0.0,0.0,0.0,0.0,0.0,0.0,0.0,0.0,0.0,0.0,0.0,0.0,0.0,0.0,0.0,0.0,0.0,0.0,0.0,0.0,0.0,0.0,0.0,0.0,0.0,0.0,0.0,0.0,0.0,0.0,0.0,0.0,0.0,0.0,DOCTOR
0.0,0.0,0.0,-0.0822073370218277,-0.29552412033081055,0.02197820506989956,-0.11559981852769852,-0.5959524512290955,0.011943048797547817,-0.10796723514795303,-0.8248193860054016,-0.004603403154760599,-0.14293821156024933,-0.9896382093429565,-0.013600166887044907,0.1285284012556076,-0.7544621229171753,-0.014071893878281116,0.31587812304496765,-0.7193938493728638,-0.013474603183567524,0.28324899077415466,-0.6063472032546997,-0.013347536325454712,0.20972755551338196,-0.5452805757522583,-0.01643700711429119,0.23554110527038574,-0.6634388566017151,-0.04405073821544647,0.4134862720966339,-0.6120855808258057,-0.01868656650185585,0.372867226600647,-0.5148888230323792,-0.008696181699633598,0.30960196256637573,-0.46512076258659363,-0.018750134855508804,0.3286689817905426,-0.5219361186027527,-0.0684807151556015,0.49019503593444824,-0.5033695697784424,-0.060499370098114014,0.4442795217037201,-0.4156120717525482,-0.04019191116094589,0.3769150972366333,-0.3745703399181366,-0.03704191744327545,0.4072262942790985,-0.3524549603462219,-0.08921314775943756,0.5993044972419739,-0.45367518067359924,-0.09049675613641739,0.7134173512458801,-0.4906081259250641,-0.0702195093035698,0.8044915795326233,-0.5393379926681519,-0.05692832171916962,0.0,0.0,0.0,0.0,0.0,0.0,0.0,0.0,0.0,0.0,0.0,0.0,0.0,0.0,0.0,0.0,0.0,0.0,0.0,0.0,0.0,0.0,0.0,0.0,0.0,0.0,0.0,0.0,0.0,0.0,0.0,0.0,0.0,0.0,0.0,0.0,0.0,0.0,0.0,0.0,0.0,0.0,0.0,0.0,0.0,0.0,0.0,0.0,0.0,0.0,0.0,0.0,0.0,0.0,0.0,0.0,0.0,0.0,0.0,0.0,0.0,0.0,0.0,DOCTOR
0.0,0.0,0.0,-0.08463922888040543,-0.2946336269378662,0.02776106633245945,-0.11788718402385712,-0.5925443172454834,0.021272124722599983,-0.11040381342172623,-0.8238495588302612,0.007829546928405762,-0.14047871530056,-0.9900821447372437,0.0017254503909498453,0.11305812001228333,-0.7552400827407837,-0.000980800366960466,0.29891344904899597,-0.7373455166816711,0.010073970071971416,0.2702432870864868,-0.6267364025115967,0.019206013530492783,0.20248030126094818,-0.562821090221405,0.020876042544841766,0.21911875903606415,-0.6691911816596985,-0.03194376081228256,0.3932721018791199,-0.639738142490387,-0.0017745356308296323,0.35396885871887207,-0.5386803150177002,0.009093527682125568,0.2923469543457031,-0.4830563962459564,0.00026267211069352925,0.3139663338661194,-0.5363420844078064,-0.05669575184583664,0.46834442019462585,-0.5347721576690674,-0.039593834429979324,0.42752596735954285,-0.45089563727378845,-0.020200029015541077,0.3634548485279083,-0.4096076786518097,-0.02069965936243534,0.39657312631607056,-0.3736843764781952,-0.07747990638017654,0.5853682160377502,-0.4802216589450836,-0.07272639870643616,0.6988170146942139,-0.519364058971405,-0.0544813796877861,0.7866398692131042,-0.5754032135009766,-0.04492730274796486,0.0,0.0,0.0,0.0,0.0,0.0,0.0,0.0,0.0,0.0,0.0,0.0,0.0,0.0,0.0,0.0,0.0,0.0,0.0,0.0,0.0,0.0,0.0,0.0,0.0,0.0,0.0,0.0,0.0,0.0,0.0,0.0,0.0,0.0,0.0,0.0,0.0,0.0,0.0,0.0,0.0,0.0,0.0,0.0,0.0,0.0,0.0,0.0,0.0,0.0,0.0,0.0,0.0,0.0,0.0,0.0,0.0,0.0,0.0,0.0,0.0,0.0,0.0,DOCTOR
0.0,0.0,0.0,-0.08314213901758194,-0.29439952969551086,0.022896884009242058,-0.11664862930774689,-0.6016862392425537,0.015019257552921772,-0.11756930500268936,-0.8301942944526672,-0.00013907095126342028,-0.1600559651851654,-0.9870806336402893,-0.0073447092436254025,0.10180827230215073,-0.7602202296257019,-0.008356165140867233,0.30349525809288025,-0.7459672689437866,-0.012180262245237827,0.2756825387477875,-0.6284502148628235,-0.014331012032926083,0.20471985638141632,-0.5642978549003601,-0.01849684678018093,0.2036105990409851,-0.6775508522987366,-0.039676468819379807,0.3947973847389221,-0.6416543126106262,-0.020994406193494797,0.36023375391960144,-0.5393801331520081,-0.0115961953997612,0.30024245381355286,-0.4896710515022278,-0.019434083253145218,0.2964977025985718,-0.5468264222145081,-0.06689856946468353,0.4704165756702423,-0.5373751521110535,-0.06273078173398972,0.4308658540248871,-0.4477052688598633,-0.0427275151014328,0.3674275577068329,-0.4086148142814636,-0.03839239478111267,0.379398375749588,-0.3894290328025818,-0.09070461243391037,0.5663358569145203,-0.4995102286338806,-0.0937134176492691,0.6791635155677795,-0.5396698713302612,-0.07511366158723831,0.7706276178359985,-0.5913423299789429,-0.06270129233598709,0.0,0.0,0.0,0.0,0.0,0.0,0.0,0.0,0.0,0.0,0.0,0.0,0.0,0.0,0.0,0.0,0.0,0.0,0.0,0.0,0.0,0.0,0.0,0.0,0.0,0.0,0.0,0.0,0.0,0.0,0.0,0.0,0.0,0.0,0.0,0.0,0.0,0.0,0.0,0.0,0.0,0.0,0.0,0.0,0.0,0.0,0.0,0.0,0.0,0.0,0.0,0.0,0.0,0.0,0.0,0.0,0.0,0.0,0.0,0.0,0.0,0.0,0.0,DOCTOR
0.0,0.0,0.0,-0.08390781283378601,-0.2941504120826721,0.031019359827041626,-0.1170257031917572,-0.599859893321991,0.029544571414589882,-0.11569219827651978,-0.8294093608856201,0.019790636375546455,-0.15939977765083313,-0.9870624542236328,0.017303625121712685,0.09790023416280746,-0.7689279913902283,0.0016412303084507585,0.29242774844169617,-0.7521695494651794,0.00366773409768939,0.2631891965866089,-0.6351427435874939,0.003604934550821781,0.1914891004562378,-0.5694711804389954,-0.0005320121999830008,0.2021368443965912,-0.6905660033226013,-0.031873706728219986,0.38478824496269226,-0.6518235802650452,-0.005719487089663744,0.3500179052352905,-0.5506068468093872,0.004758827388286591,0.2913086414337158,-0.49896833300590515,-0.004408666398376226,0.29666152596473694,-0.5589364767074585,-0.060240279883146286,0.46236172318458557,-0.552090048789978,-0.051914479583501816,0.4231297969818115,-0.46231257915496826,-0.03180946409702301,0.36047622561454773,-0.4218049943447113,-0.02923714369535446,0.3799222409725189,-0.3975931704044342,-0.08428758382797241,0.5664925575256348,-0.510428249835968,-0.08666998893022537,0.6792892813682556,-0.5521031618118286,-0.0678035095334053,0.7703912258148193,-0.6072765588760376,-0.055865898728370667,0.0,0.0,0.0,0.0,0.0,0.0,0.0,0.0,0.0,0.0,0.0,0.0,0.0,0.0,0.0,0.0,0.0,0.0,0.0,0.0,0.0,0.0,0.0,0.0,0.0,0.0,0.0,0.0,0.0,0.0,0.0,0.0,0.0,0.0,0.0,0.0,0.0,0.0,0.0,0.0,0.0,0.0,0.0,0.0,0.0,0.0,0.0,0.0,0.0,0.0,0.0,0.0,0.0,0.0,0.0,0.0,0.0,0.0,0.0,0.0,0.0,0.0,0.0,DOCTOR
0.0,0.0,0.0,-0.09513620287179947,-0.28205737471580505,0.017837030813097954,-0.1380135416984558,-0.5884386897087097,0.006060847546905279,-0.14177222549915314,-0.8238862156867981,-0.01055068988353014,-0.1911032795906067,-0.981392502784729,-0.018664363771677017,0.07856443524360657,-0.7625340223312378,-0.026121528819203377,0.27779021859169006,-0.7492009997367859,-0.026860302314162254,0.2471766471862793,-0.6326557993888855,-0.023804938420653343,0.17350143194198608,-0.5692293047904968,-0.02671865001320839,0.18629319965839386,-0.6776443123817444,-0.05622946470975876,0.37338224053382874,-0.6515305042266846,-0.036550022661685944,0.33655497431755066,-0.5486675500869751,-0.022698964923620224,0.2742616534233093,-0.4954884648323059,-0.02982773818075657,0.2847915589809418,-0.5460991263389587,-0.08141493797302246,0.4539856016635895,-0.5489920973777771,-0.07849559932947159,0.41364651918411255,-0.4573405981063843,-0.05552497133612633,0.3478041887283325,-0.41033270955085754,-0.05119074508547783,0.3753591477870941,-0.3910832405090332,-0.10324379801750183,0.5602626204490662,-0.5112173557281494,-0.11253511160612106,0.675459623336792,-0.5576964616775513,-0.09731947630643845,0.7682251334190369,-0.6138961315155029,-0.08828000724315643,0.0,0.0,0.0,0.0,0.0,0.0,0.0,0.0,0.0,0.0,0.0,0.0,0.0,0.0,0.0,0.0,0.0,0.0,0.0,0.0,0.0,0.0,0.0,0.0,0.0,0.0,0.0,0.0,0.0,0.0,0.0,0.0,0.0,0.0,0.0,0.0,0.0,0.0,0.0,0.0,0.0,0.0,0.0,0.0,0.0,0.0,0.0,0.0,0.0,0.0,0.0,0.0,0.0,0.0,0.0,0.0,0.0,0.0,0.0,0.0,0.0,0.0,0.0,DOCTOR
0.0,0.0,0.0,-0.08793947845697403,-0.2915375232696533,0.03267442435026169,-0.12395648658275604,-0.5922295451164246,0.029347360134124756,-0.13033002614974976,-0.8240597248077393,0.01730264537036419,-0.17653952538967133,-0.9842123985290527,0.012639359571039677,0.08285117149353027,-0.769515872001648,-0.0010961154475808144,0.2775512635707855,-0.761122465133667,0.002167770406231284,0.2476722151041031,-0.6419503688812256,0.004214672837406397,0.1744781732559204,-0.5721920728683472,0.00048696299199946225,0.1860312670469284,-0.6935192346572876,-0.036046020686626434,0.3673950433731079,-0.6654947400093079,-0.010130132548511028,0.3311375379562378,-0.5609250068664551,0.0007675498491153121,0.2716512978076935,-0.5090367197990417,-0.009704360738396645,0.2827799916267395,-0.5656911730766296,-0.06535392999649048,0.4452948570251465,-0.5680788159370422,-0.056922104209661484,0.40410318970680237,-0.47364404797554016,-0.03523418307304382,0.33995524048805237,-0.43000543117523193,-0.03353399783372879,0.3705226182937622,-0.4107986092567444,-0.09020068496465683,0.5543670654296875,-0.533211350440979,-0.0934319719672203,0.6702216267585754,-0.5772339105606079,-0.07507286965847015,0.7649850249290466,-0.6346017718315125,-0.06489476561546326,0.0,0.0,0.0,0.0,0.0,0.0,0.0,0.0,0.0,0.0,0.0,0.0,0.0,0.0,0.0,0.0,0.0,0.0,0.0,0.0,0.0,0.0,0.0,0.0,0.0,0.0,0.0,0.0,0.0,0.0,0.0,0.0,0.0,0.0,0.0,0.0,0.0,0.0,0.0,0.0,0.0,0.0,0.0,0.0,0.0,0.0,0.0,0.0,0.0,0.0,0.0,0.0,0.0,0.0,0.0,0.0,0.0,0.0,0.0,0.0,0.0,0.0,0.0,DOCTOR
0.0,0.0,0.0,-0.0929165631532669,-0.2911352217197418,0.03548256680369377,-0.13125957548618317,-0.594537079334259,0.03550892695784569,-0.13503023982048035,-0.8249112367630005,0.026922885328531265,-0.17963680624961853,-0.9833929538726807,0.025862937793135643,0.07337582111358643,-0.7702426314353943,0.001852873945608735,0.2712482511997223,-0.7692089080810547,0.008782844990491867,0.242554172873497,-0.6519832015037537,0.014667671173810959,0.16948457062244415,-0.5836880207061768,0.013694670051336288,0.17820699512958527,-0.693561851978302,-0.0326664000749588,0.36197686195373535,-0.6715507507324219,-0.003908037673681974,0.32657739520072937,-0.5684046745300293,0.00957715418189764,0.2679779827594757,-0.5159444212913513,0.001247810898348689,0.2760255038738251,-0.5660680532455444,-0.06125902384519577,0.439592182636261,-0.5732147693634033,-0.04997393488883972,0.39960330724716187,-0.48109176754951477,-0.02790515311062336,0.3365032970905304,-0.43728378415107727,-0.026060042902827263,0.3653620779514313,-0.4121941924095154,-0.08506143093109131,0.5474272966384888,-0.536436140537262,-0.08725272864103317,0.6619995832443237,-0.5810225009918213,-0.06974871456623077,0.755972683429718,-0.6385397911071777,-0.060110174119472504,0.0,0.0,0.0,0.0,0.0,0.0,0.0,0.0,0.0,0.0,0.0,0.0,0.0,0.0,0.0,0.0,0.0,0.0,0.0,0.0,0.0,0.0,0.0,0.0,0.0,0.0,0.0,0.0,0.0,0.0,0.0,0.0,0.0,0.0,0.0,0.0,0.0,0.0,0.0,0.0,0.0,0.0,0.0,0.0,0.0,0.0,0.0,0.0,0.0,0.0,0.0,0.0,0.0,0.0,0.0,0.0,0.0,0.0,0.0,0.0,0.0,0.0,0.0,DOCTOR
0.0,0.0,0.0,-0.09228185564279556,-0.29372137784957886,0.03478965535759926,-0.12953771650791168,-0.5951995253562927,0.03298463299870491,-0.13746900856494904,-0.8222623467445374,0.02192097343504429,-0.18179155886173248,-0.9818843603134155,0.01829354837536812,0.07559698075056076,-0.7767142653465271,0.005536035168915987,0.2775743007659912,-0.771514892578125,0.010628867894411087,0.2463286817073822,-0.6511339545249939,0.011812240816652775,0.17148326337337494,-0.5833081603050232,0.007172415964305401,0.17886601388454437,-0.7004132270812988,-0.03030693344771862,0.36631718277931213,-0.6726823449134827,-0.0018355711363255978,0.3297556936740875,-0.5679083466529846,0.007883889600634575,0.2704559564590454,-0.5171124339103699,-0.0037472050171345472,0.27659890055656433,-0.5728664994239807,-0.06052608788013458,0.44270819425582886,-0.5741822123527527,-0.048887573182582855,0.4016914665699005,-0.4785875976085663,-0.02809518575668335,0.3371802270412445,-0.43524369597435,-0.02766481414437294,0.36616039276123047,-0.41956841945648193,-0.08634020388126373,0.5481997728347778,-0.5439513921737671,-0.08638287335634232,0.6642645597457886,-0.5899545550346375,-0.06723977625370026,0.7594978213310242,-0.6480071544647217,-0.057007499039173126,0.0,0.0,0.0,0.0,0.0,0.0,0.0,0.0,0.0,0.0,0.0,0.0,0.0,0.0,0.0,0.0,0.0,0.0,0.0,0.0,0.0,0.0,0.0,0.0,0.0,0.0,0.0,0.0,0.0,0.0,0.0,0.0,0.0,0.0,0.0,0.0,0.0,0.0,0.0,0.0,0.0,0.0,0.0,0.0,0.0,0.0,0.0,0.0,0.0,0.0,0.0,0.0,0.0,0.0,0.0,0.0,0.0,0.0,0.0,0.0,0.0,0.0,0.0,DOCTOR
0.0,0.0,0.0,-0.09768445044755936,-0.29393625259399414,0.03479570150375366,-0.139165997505188,-0.590713381767273,0.030674640089273453,-0.14846093952655792,-0.8202710151672363,0.017480073496699333,-0.19807018339633942,-0.9801167249679565,0.011809717863798141,0.0710628479719162,-0.7719987034797668,0.0036247740499675274,0.2674626410007477,-0.7801205515861511,0.010914706625044346,0.24038724601268768,-0.6623472571372986,0.015347722917795181,0.16989509761333466,-0.5900484323501587,0.012890566140413284,0.1765023171901703,-0.6958235502243042,-0.03257697820663452,0.35673201084136963,-0.6806225776672363,-0.0026208097115159035,0.3230186104774475,-0.5778768658638,0.008530656807124615,0.265656054019928,-0.5218631625175476,-0.002046561799943447,0.27573445439338684,-0.5663663744926453,-0.06272807717323303,0.4338284730911255,-0.5840309262275696,-0.04943324625492096,0.3965104818344116,-0.4879670739173889,-0.02613149955868721,0.33683302998542786,-0.4393354654312134,-0.02462918311357498,0.3664175570011139,-0.40851515531539917,-0.08830013126134872,0.5460325479507446,-0.5374237895011902,-0.08735440671443939,0.6584992408752441,-0.5850822925567627,-0.06629596650600433,0.7499421238899231,-0.6462513208389282,-0.05504321679472923,0.0,0.0,0.0,0.0,0.0,0.0,0.0,0.0,0.0,0.0,0.0,0.0,0.0,0.0,0.0,0.0,0.0,0.0,0.0,0.0,0.0,0.0,0.0,0.0,0.0,0.0,0.0,0.0,0.0,0.0,0.0,0.0,0.0,0.0,0.0,0.0,0.0,0.0,0.0,0.0,0.0,0.0,0.0,0.0,0.0,0.0,0.0,0.0,0.0,0.0,0.0,0.0,0.0,0.0,0.0,0.0,0.0,0.0,0.0,0.0,0.0,0.0,0.0,DOCTOR
0.0,0.0,0.0,-0.08972662687301636,-0.2955571413040161,0.029555272310972214,-0.12896542251110077,-0.5910893678665161,0.023848213255405426,-0.14226248860359192,-0.8206864595413208,0.01044698990881443,-0.18822066485881805,-0.9821168780326843,0.0043902830220758915,0.07988161593675613,-0.7712986469268799,0.0003170822747051716,0.2667463719844818,-0.7741222977638245,0.006337764207273722,0.24004119634628296,-0.6601224541664124,0.009048376232385635,0.1712971180677414,-0.5884302258491516,0.005695178639143705,0.1866029053926468,-0.6902217864990234,-0.03247550129890442,0.35568082332611084,-0.6741344928741455,-0.0027478141710162163,0.32237765192985535,-0.5749124884605408,0.006739887874573469,0.2667013704776764,-0.5196578502655029,-0.004974015988409519,0.28459465503692627,-0.5586117506027222,-0.059438154101371765,0.4343533515930176,-0.5752527713775635,-0.04757244139909744,0.3978356122970581,-0.48097071051597595,-0.02620662748813629,0.3385606110095978,-0.43183985352516174,-0.02523190714418888,0.3697693943977356,-0.40117695927619934,-0.08195531368255615,0.5417602062225342,-0.5246242880821228,-0.08019275963306427,0.6510788798332214,-0.5714019536972046,-0.05919437110424042,0.7387105226516724,-0.6324121356010437,-0.04769556596875191,0.0,0.0,0.0,0.0,0.0,0.0,0.0,0.0,0.0,0.0,0.0,0.0,0.0,0.0,0.0,0.0,0.0,0.0,0.0,0.0,0.0,0.0,0.0,0.0,0.0,0.0,0.0,0.0,0.0,0.0,0.0,0.0,0.0,0.0,0.0,0.0,0.0,0.0,0.0,0.0,0.0,0.0,0.0,0.0,0.0,0.0,0.0,0.0,0.0,0.0,0.0,0.0,0.0,0.0,0.0,0.0,0.0,0.0,0.0,0.0,0.0,0.0,0.0,DOCTOR
0.0,0.0,0.0,-0.08985766023397446,-0.29873982071876526,0.033387571573257446,-0.12899832427501678,-0.5948415994644165,0.03116585873067379,-0.14122174680233002,-0.8228450417518616,0.02064545638859272,-0.18703648447990417,-0.9822039604187012,0.017112724483013153,0.08283388614654541,-0.767822265625,0.007138346787542105,0.26274508237838745,-0.7678168416023254,0.0156216099858284,0.23488445580005646,-0.6557585000991821,0.018746918067336082,0.16617687046527863,-0.5844592452049255,0.015579371713101864,0.18850965797901154,-0.6882572770118713,-0.026071902364492416,0.3518453538417816,-0.6692720055580139,0.006076028570532799,0.3179551959037781,-0.5728604793548584,0.015133892185986042,0.26142245531082153,-0.5172677040100098,0.0029070216696709394,0.28507256507873535,-0.5566053986549377,-0.05322146788239479,0.428617000579834,-0.570366382598877,-0.038928303867578506,0.391719788312912,-0.4788217544555664,-0.018611513078212738,0.33254262804985046,-0.4300459921360016,-0.018591241911053658,0.3687158524990082,-0.3974028527736664,-0.0756651908159256,0.5422125458717346,-0.5202497243881226,-0.07336527109146118,0.6522265076637268,-0.565129816532135,-0.05304884910583496,0.7403106689453125,-0.621863067150116,-0.0419609472155571,0.0,0.0,0.0,0.0,0.0,0.0,0.0,0.0,0.0,0.0,0.0,0.0,0.0,0.0,0.0,0.0,0.0,0.0,0.0,0.0,0.0,0.0,0.0,0.0,0.0,0.0,0.0,0.0,0.0,0.0,0.0,0.0,0.0,0.0,0.0,0.0,0.0,0.0,0.0,0.0,0.0,0.0,0.0,0.0,0.0,0.0,0.0,0.0,0.0,0.0,0.0,0.0,0.0,0.0,0.0,0.0,0.0,0.0,0.0,0.0,0.0,0.0,0.0,DOCTOR
0.0,0.0,0.0,-0.07964110374450684,-0.3037778437137604,0.04237088933587074,-0.11229339987039566,-0.6030271053314209,0.04499075934290886,-0.11203380674123764,-0.8305848240852356,0.03953339532017708,-0.15178312361240387,-0.9875777363777161,0.04064660519361496,0.11301158368587494,-0.744114339351654,-0.005899321753531694,0.2914944589138031,-0.7597865462303162,0.007313375361263752,0.2700101137161255,-0.6575356125831604,0.02387707307934761,0.20535722374916077,-0.5835300087928772,0.02999500185251236,0.21351458132266998,-0.6517010927200317,-0.040795378386974335,0.3737046718597412,-0.6567848324775696,-0.0072367130778729916,0.34516897797584534,-0.5665844678878784,0.010688351467251778,0.2930618226528168,-0.5052745342254639,0.004871751181781292,0.30569207668304443,-0.512751042842865,-0.06672094017267227,0.4441632032394409,-0.5533285140991211,-0.051723867654800415,0.41241520643234253,-0.46829551458358765,-0.026775820180773735,0.35881468653678894,-0.415456622838974,-0.023826995864510536,0.3808307349681854,-0.3457541763782501,-0.08622868359088898,0.5672743320465088,-0.46173253655433655,-0.08999598026275635,0.6789547204971313,-0.5025973916053772,-0.07267654687166214,0.7642247080802917,-0.5606257915496826,-0.06252352148294449,0.0,0.0,0.0,0.0,0.0,0.0,0.0,0.0,0.0,0.0,0.0,0.0,0.0,0.0,0.0,0.0,0.0,0.0,0.0,0.0,0.0,0.0,0.0,0.0,0.0,0.0,0.0,0.0,0.0,0.0,0.0,0.0,0.0,0.0,0.0,0.0,0.0,0.0,0.0,0.0,0.0,0.0,0.0,0.0,0.0,0.0,0.0,0.0,0.0,0.0,0.0,0.0,0.0,0.0,0.0,0.0,0.0,0.0,0.0,0.0,0.0,0.0,0.0,DOCTOR
0.0,0.0,0.0,-0.07805962860584259,-0.3028351366519928,0.034854527562856674,-0.10786152631044388,-0.5955286026000977,0.03274417296051979,-0.10825423151254654,-0.8254316449165344,0.02287336438894272,-0.14332608878612518,-0.9894455075263977,0.02133704349398613,0.11683111637830734,-0.7435297966003418,0.0025649291928857565,0.2907279431819916,-0.7512977123260498,0.014457502402365208,0.26129138469696045,-0.6451577544212341,0.02678690291941166,0.19461435079574585,-0.5752133727073669,0.030752142891287804,0.21733789145946503,-0.6503394246101379,-0.029736312106251717,0.37624093890190125,-0.6471244096755981,0.0026189882773905993,0.3391706943511963,-0.5569756031036377,0.018915442749857903,0.2826627492904663,-0.5009583830833435,0.01279942225664854,0.30563095211982727,-0.5119181871414185,-0.0555230937898159,0.4476277530193329,-0.5395006537437439,-0.04019966349005699,0.4108823239803314,-0.4561479389667511,-0.015377148985862732,0.35482704639434814,-0.4089196026325226,-0.012110699899494648,0.37998101115226746,-0.34865128993988037,-0.07622898370027542,0.5618062615394592,-0.45979684591293335,-0.07494291663169861,0.6718478202819824,-0.49730977416038513,-0.054980844259262085,0.7608873844146729,-0.5512842535972595,-0.04374954104423523,0.0,0.0,0.0,0.0,0.0,0.0,0.0,0.0,0.0,0.0,0.0,0.0,0.0,0.0,0.0,0.0,0.0,0.0,0.0,0.0,0.0,0.0,0.0,0.0,0.0,0.0,0.0,0.0,0.0,0.0,0.0,0.0,0.0,0.0,0.0,0.0,0.0,0.0,0.0,0.0,0.0,0.0,0.0,0.0,0.0,0.0,0.0,0.0,0.0,0.0,0.0,0.0,0.0,0.0,0.0,0.0,0.0,0.0,0.0,0.0,0.0,0.0,0.0,DOCTOR
0.0,0.0,0.0,-0.0709744468331337,-0.3053106665611267,0.036649350076913834,-0.09728321433067322,-0.6009396910667419,0.03470143675804138,-0.09825289994478226,-0.8287931084632874,0.025600794702768326,-0.13419748842716217,-0.9906360507011414,0.025126148015260696,0.12912525236606598,-0.7433339953422546,-0.0008754149894230068,0.30078959465026855,-0.7458765506744385,0.011640811339020729,0.2672683298587799,-0.6428195834159851,0.025752032175660133,0.1972791999578476,-0.577854335308075,0.03038156032562256,0.22837309539318085,-0.644221305847168,-0.0337093248963356,0.38480085134506226,-0.642830491065979,-0.001297508249990642,0.34474247694015503,-0.5537596940994263,0.017755266278982162,0.2857309579849243,-0.4990772604942322,0.012914488092064857,0.31427985429763794,-0.5026862621307373,-0.05968713387846947,0.45276424288749695,-0.5318758487701416,-0.0443749763071537,0.41400015354156494,-0.450214684009552,-0.017953287810087204,0.3560771942138672,-0.40440282225608826,-0.014434083364903927,0.3857935965061188,-0.33844828605651855,-0.08028601109981537,0.5683550238609314,-0.448988139629364,-0.08114048838615417,0.6795278787612915,-0.4851202070713043,-0.0627574548125267,0.7689966559410095,-0.5395253896713257,-0.05315546691417694,0.0,0.0,0.0,0.0,0.0,0.0,0.0,0.0,0.0,0.0,0.0,0.0,0.0,0.0,0.0,0.0,0.0,0.0,0.0,0.0,0.0,0.0,0.0,0.0,0.0,0.0,0.0,0.0,0.0,0.0,0.0,0.0,0.0,0.0,0.0,0.0,0.0,0.0,0.0,0.0,0.0,0.0,0.0,0.0,0.0,0.0,0.0,0.0,0.0,0.0,0.0,0.0,0.0,0.0,0.0,0.0,0.0,0.0,0.0,0.0,0.0,0.0,0.0,DOCTOR
0.0,0.0,0.0,-0.07360723614692688,-0.30339717864990234,0.033618781715631485,-0.10081534832715988,-0.5982032418251038,0.029940441250801086,-0.09862211346626282,-0.8276767730712891,0.01902398280799389,-0.1345127820968628,-0.9907766580581665,0.016370587050914764,0.12924635410308838,-0.7308512926101685,-0.003911330830305815,0.30238789319992065,-0.7390257120132446,0.0040959944017231464,0.2698567509651184,-0.6372348070144653,0.015348605811595917,0.20081746578216553,-0.5720950365066528,0.019705886021256447,0.23009519279003143,-0.6287054419517517,-0.03492511063814163,0.38774287700653076,-0.6285470724105835,-0.00543812895193696,0.3481668531894684,-0.5427200198173523,0.012161522172391415,0.2881595492362976,-0.4873172342777252,0.007201404310762882,0.3174158036708832,-0.48879751563072205,-0.05958937481045723,0.45680373907089233,-0.5152265429496765,-0.04622410610318184,0.41839897632598877,-0.4382937550544739,-0.02211577445268631,0.360333114862442,-0.3927123248577118,-0.01905902661383152,0.38977089524269104,-0.3291434347629547,-0.0791768878698349,0.5745131373405457,-0.43429896235466003,-0.08037696778774261,0.6865680813789368,-0.4696072041988373,-0.06304427981376648,0.7766964435577393,-0.520204484462738,-0.05353187769651413,0.0,0.0,0.0,0.0,0.0,0.0,0.0,0.0,0.0,0.0,0.0,0.0,0.0,0.0,0.0,0.0,0.0,0.0,0.0,0.0,0.0,0.0,0.0,0.0,0.0,0.0,0.0,0.0,0.0,0.0,0.0,0.0,0.0,0.0,0.0,0.0,0.0,0.0,0.0,0.0,0.0,0.0,0.0,0.0,0.0,0.0,0.0,0.0,0.0,0.0,0.0,0.0,0.0,0.0,0.0,0.0,0.0,0.0,0.0,0.0,0.0,0.0,0.0,DOCTOR
0.0,0.0,0.0,-0.06495499610900879,-0.31815919280052185,0.05242783576250076,-0.08482465893030167,-0.6116952896118164,0.05470101535320282,-0.07757382094860077,-0.8337482810020447,0.047374602407217026,-0.11173941195011139,-0.9926361441612244,0.04677208885550499,0.15702643990516663,-0.7352085709571838,0.0016282872529700398,0.3200731873512268,-0.7584072947502136,0.0205114483833313,0.29034873843193054,-0.6574836373329163,0.041590265929698944,0.22107268869876862,-0.5898229479789734,0.0524955689907074,0.2607027590274811,-0.6251561045646667,-0.03530922904610634,0.4060516059398651,-0.6438299417495728,0.007486643735319376,0.3699246346950531,-0.5578970909118652,0.029782477766275406,0.31049734354019165,-0.49526718258857727,0.02602788805961609,0.34861624240875244,-0.4762284457683563,-0.06175496429204941,0.4712127149105072,-0.522437572479248,-0.03443797305226326,0.4318283796310425,-0.44189298152923584,-0.006020562723278999,0.3727608621120453,-0.39028942584991455,-0.003618140472099185,0.41687673330307007,-0.30498623847961426,-0.0809222161769867,0.6031674146652222,-0.42048537731170654,-0.06960328668355942,0.7128618359565735,-0.46017947793006897,-0.0446636937558651,0.7955487966537476,-0.5178273916244507,-0.03198755159974098,0.0,0.0,0.0,0.0,0.0,0.0,0.0,0.0,0.0,0.0,0.0,0.0,0.0,0.0,0.0,0.0,0.0,0.0,0.0,0.0,0.0,0.0,0.0,0.0,0.0,0.0,0.0,0.0,0.0,0.0,0.0,0.0,0.0,0.0,0.0,0.0,0.0,0.0,0.0,0.0,0.0,0.0,0.0,0.0,0.0,0.0,0.0,0.0,0.0,0.0,0.0,0.0,0.0,0.0,0.0,0.0,0.0,0.0,0.0,0.0,0.0,0.0,0.0,DOCTOR
0.0,0.0,0.0,-0.06444139778614044,-0.3149109482765198,0.037245266139507294,-0.08269311487674713,-0.6073364019393921,0.035401828587055206,-0.07464152574539185,-0.8324358463287354,0.025081539526581764,-0.10221869498491287,-0.9944920539855957,0.023170027881860733,0.15369726717472076,-0.7205685973167419,0.010450435802340508,0.3074062466621399,-0.7365877628326416,0.02131614275276661,0.27562156319618225,-0.6403289437294006,0.03487047180533409,0.20864363014698029,-0.5757526755332947,0.042881328612565994,0.2537122964859009,-0.6096669435501099,-0.02070983126759529,0.3953617215156555,-0.6305279731750488,0.009465153329074383,0.3582984209060669,-0.548288106918335,0.027085402980446815,0.29757383465766907,-0.4881468713283539,0.025033917278051376,0.3377878963947296,-0.4664948880672455,-0.04571566358208656,0.46109485626220703,-0.5154493451118469,-0.03133115917444229,0.4260548949241638,-0.439258873462677,-0.007882894016802311,0.37055349349975586,-0.38799476623535156,-0.0027722506783902645,0.40547266602516174,-0.30524736642837524,-0.06516019999980927,0.5846365094184875,-0.41660362482070923,-0.06073992699384689,0.6908798813819885,-0.45086127519607544,-0.04006142169237137,0.7743303179740906,-0.5010372400283813,-0.027557166293263435,0.0,0.0,0.0,0.0,0.0,0.0,0.0,0.0,0.0,0.0,0.0,0.0,0.0,0.0,0.0,0.0,0.0,0.0,0.0,0.0,0.0,0.0,0.0,0.0,0.0,0.0,0.0,0.0,0.0,0.0,0.0,0.0,0.0,0.0,0.0,0.0,0.0,0.0,0.0,0.0,0.0,0.0,0.0,0.0,0.0,0.0,0.0,0.0,0.0,0.0,0.0,0.0,0.0,0.0,0.0,0.0,0.0,0.0,0.0,0.0,0.0,0.0,0.0,DOCTOR
0.0,0.0,0.0,-0.055683113634586334,-0.3318437933921814,0.0389314740896225,-0.061356913298368454,-0.6164485812187195,0.037078142166137695,-0.03836807981133461,-0.8352472186088562,0.02523791417479515,-0.04818767309188843,-0.9986312985420227,0.020332755520939827,0.2076006829738617,-0.6898666620254517,0.016593636944890022,0.35418465733528137,-0.7121607065200806,0.028065845370292664,0.31841161847114563,-0.6205855011940002,0.034752946346998215,0.25129321217536926,-0.5562950968742371,0.03700711578130722,0.30808115005493164,-0.5660564303398132,-0.015284725464880466,0.44044336676597595,-0.59355229139328,0.017859840765595436,0.40064844489097595,-0.5162805914878845,0.026063092052936554,0.3431297540664673,-0.44867581129074097,0.01623035967350006,0.387645423412323,-0.4114961624145508,-0.03963876888155937,0.5090911388397217,-0.46301746368408203,-0.02099527232348919,0.4710027873516083,-0.3860713243484497,-0.0011782994261011481,0.415711373090744,-0.32984089851379395,-0.00026127832825295627,0.44247061014175415,-0.23282189667224884,-0.05831976979970932,0.6327677369117737,-0.33302074670791626,-0.04963773861527443,0.7482062578201294,-0.3655834496021271,-0.02735200896859169,0.8408094048500061,-0.41233259439468384,-0.014576805755496025,0.0,0.0,0.0,0.0,0.0,0.0,0.0,0.0,0.0,0.0,0.0,0.0,0.0,0.0,0.0,0.0,0.0,0.0,0.0,0.0,0.0,0.0,0.0,0.0,0.0,0.0,0.0,0.0,0.0,0.0,0.0,0.0,0.0,0.0,0.0,0.0,0.0,0.0,0.0,0.0,0.0,0.0,0.0,0.0,0.0,0.0,0.0,0.0,0.0,0.0,0.0,0.0,0.0,0.0,0.0,0.0,0.0,0.0,0.0,0.0,0.0,0.0,0.0,DOCTOR
0.0,0.0,0.0,-0.05216415971517563,-0.32762911915779114,0.022831838577985764,-0.05812675505876541,-0.6094329357147217,0.009802069514989853,-0.035541288554668427,-0.83135986328125,-0.008207396604120731,-0.04482222720980644,-0.9988653063774109,-0.01609581895172596,0.2075689136981964,-0.6792002320289612,-0.018636450171470642,0.3523585796356201,-0.7085568904876709,-0.011356893926858902,0.31656068563461304,-0.6183491945266724,0.007323893252760172,0.2491646111011505,-0.552968442440033,0.021252747625112534,0.308440238237381,-0.5456204414367676,-0.04192318394780159,0.43734753131866455,-0.5858185887336731,-0.01607738807797432,0.3983703553676605,-0.5141471028327942,0.004403088241815567,0.3398773968219757,-0.44787588715553284,0.004757150076329708,0.38781973719596863,-0.3897669017314911,-0.058445777744054794,0.5061326622962952,-0.4532657265663147,-0.04630362614989281,0.46936681866645813,-0.3871910572052002,-0.020340589806437492,0.41498538851737976,-0.32878613471984863,-0.013272799551486969,0.4471873342990875,-0.22208335995674133,-0.07024186104536057,0.634799599647522,-0.31777071952819824,-0.0668008103966713,0.7455259561538696,-0.3474644720554352,-0.04632612317800522,0.8337988257408142,-0.38880497217178345,-0.03373716399073601,0.0,0.0,0.0,0.0,0.0,0.0,0.0,0.0,0.0,0.0,0.0,0.0,0.0,0.0,0.0,0.0,0.0,0.0,0.0,0.0,0.0,0.0,0.0,0.0,0.0,0.0,0.0,0.0,0.0,0.0,0.0,0.0,0.0,0.0,0.0,0.0,0.0,0.0,0.0,0.0,0.0,0.0,0.0,0.0,0.0,0.0,0.0,0.0,0.0,0.0,0.0,0.0,0.0,0.0,0.0,0.0,0.0,0.0,0.0,0.0,0.0,0.0,0.0,DOCTOR
0.0,0.0,0.0,-0.053947631269693375,-0.32643789052963257,0.015871407464146614,-0.061826203018426895,-0.6027154326438904,-0.001198717043735087,-0.03632792457938194,-0.8266958594322205,-0.021353544667363167,-0.0372299998998642,-0.9988477230072021,-0.03028237633407116,0.2042056769132614,-0.6719897389411926,-0.028956299647688866,0.342856764793396,-0.7093679904937744,-0.02135666273534298,0.3061390519142151,-0.6225764751434326,0.0006671902956441045,0.24055825173854828,-0.5557737946510315,0.01717548444867134,0.3088113069534302,-0.537373960018158,-0.04844134300947189,0.4272787272930145,-0.5841173529624939,-0.023340176790952682,0.3873879611492157,-0.5176323652267456,-0.0025223104748874903,0.3323163688182831,-0.45283713936805725,-0.0021741720847785473,0.38977372646331787,-0.3832970857620239,-0.061113711446523666,0.4989285469055176,-0.4528522193431854,-0.05125970393419266,0.46303486824035645,-0.3930005431175232,-0.02752274088561535,0.4113621711730957,-0.33558231592178345,-0.021607713773846626,0.44995954632759094,-0.22140710055828094,-0.06915462762117386,0.6358805298805237,-0.31929370760917664,-0.06724133342504501,0.7447995543479919,-0.3487333357334137,-0.048236966133117676,0.8318008184432983,-0.3875391185283661,-0.03633587062358856,0.0,0.0,0.0,0.0,0.0,0.0,0.0,0.0,0.0,0.0,0.0,0.0,0.0,0.0,0.0,0.0,0.0,0.0,0.0,0.0,0.0,0.0,0.0,0.0,0.0,0.0,0.0,0.0,0.0,0.0,0.0,0.0,0.0,0.0,0.0,0.0,0.0,0.0,0.0,0.0,0.0,0.0,0.0,0.0,0.0,0.0,0.0,0.0,0.0,0.0,0.0,0.0,0.0,0.0,0.0,0.0,0.0,0.0,0.0,0.0,0.0,0.0,0.0,DOCTOR
0.0,0.0,0.0,-0.051725372672080994,-0.3298574984073639,0.037015125155448914,-0.058379240334033966,-0.6071168184280396,0.029866278171539307,-0.032130371779203415,-0.8285524845123291,0.014151399955153465,-0.038877200335264206,-0.9992139339447021,0.007749771699309349,0.2062673568725586,-0.6768078207969666,-0.008749384433031082,0.3534790873527527,-0.7213791012763977,0.00558359082788229,0.32155120372772217,-0.6322038173675537,0.030522555112838745,0.25443100929260254,-0.5617974400520325,0.04831940308213234,0.31429097056388855,-0.5479869842529297,-0.037091560661792755,0.442477822303772,-0.5918201208114624,-0.003268027678132057,0.40584811568260193,-0.5211958885192871,0.02006920799612999,0.3477227985858917,-0.45226144790649414,0.02120453678071499,0.3986230194568634,-0.3934946358203888,-0.056702375411987305,0.5132912397384644,-0.45009660720825195,-0.03577366843819618,0.47557997703552246,-0.38719552755355835,-0.008136800490319729,0.417928010225296,-0.3310398459434509,-0.002161787124350667,0.45824190974235535,-0.22712184488773346,-0.07077397406101227,0.6427959203720093,-0.3130243718624115,-0.05865628644824028,0.7498571276664734,-0.3372335433959961,-0.03408510237932205,0.8333151340484619,-0.37039631605148315,-0.019828399643301964,0.0,0.0,0.0,0.0,0.0,0.0,0.0,0.0,0.0,0.0,0.0,0.0,0.0,0.0,0.0,0.0,0.0,0.0,0.0,0.0,0.0,0.0,0.0,0.0,0.0,0.0,0.0,0.0,0.0,0.0,0.0,0.0,0.0,0.0,0.0,0.0,0.0,0.0,0.0,0.0,0.0,0.0,0.0,0.0,0.0,0.0,0.0,0.0,0.0,0.0,0.0,0.0,0.0,0.0,0.0,0.0,0.0,0.0,0.0,0.0,0.0,0.0,0.0,DOCTOR
0.0,0.0,0.0,-0.04662971943616867,-0.32866859436035156,0.017134718596935272,-0.056572284549474716,-0.6038647890090942,-0.003340121591463685,-0.03683138266205788,-0.8251649737358093,-0.027810893952846527,-0.03855830430984497,-0.998410165309906,-0.041114963591098785,0.21179591119289398,-0.6610954999923706,-0.028868915513157845,0.3507492244243622,-0.7004653811454773,-0.024028249084949493,0.30821576714515686,-0.6193199157714844,-0.004953938070684671,0.2402932494878769,-0.5620105266571045,0.008875232189893723,0.3094729781150818,-0.5242882370948792,-0.05116913840174675,0.43468886613845825,-0.577183723449707,-0.028225012123584747,0.3891381621360779,-0.5128536224365234,-0.007371009327471256,0.3301517367362976,-0.45336678624153137,-0.007785753812640905,0.38463202118873596,-0.3709253668785095,-0.06698326021432877,0.5011367201805115,-0.4449845254421234,-0.055807169526815414,0.4611545205116272,-0.38520339131355286,-0.028989538550376892,0.40652620792388916,-0.33083879947662354,-0.022772233933210373,0.4402071237564087,-0.20779414474964142,-0.0785379707813263,0.632084846496582,-0.30088096857070923,-0.0753195732831955,0.7432447075843811,-0.32820186018943787,-0.05507373437285423,0.8338943719863892,-0.36999350786209106,-0.043700944632291794,0.0,0.0,0.0,0.0,0.0,0.0,0.0,0.0,0.0,0.0,0.0,0.0,0.0,0.0,0.0,0.0,0.0,0.0,0.0,0.0,0.0,0.0,0.0,0.0,0.0,0.0,0.0,0.0,0.0,0.0,0.0,0.0,0.0,0.0,0.0,0.0,0.0,0.0,0.0,0.0,0.0,0.0,0.0,0.0,0.0,0.0,0.0,0.0,0.0,0.0,0.0,0.0,0.0,0.0,0.0,0.0,0.0,0.0,0.0,0.0,0.0,0.0,0.0,DOCTOR
0.0,0.0,0.0,-0.040511712431907654,-0.3307580351829529,0.026921333745121956,-0.045451704412698746,-0.6108092069625854,0.013967720791697502,-0.022073080763220787,-0.8317674994468689,-0.003152339020743966,-0.031014608219265938,-0.9994725584983826,-0.009623483754694462,0.21974915266036987,-0.6710503697395325,-0.02082756534218788,0.3570520877838135,-0.6992788910865784,-0.005862488877028227,0.31595805287361145,-0.616711437702179,0.020346617326140404,0.24656043946743011,-0.5598970055580139,0.03771820291876793,0.31725582480430603,-0.5365537405014038,-0.0444856658577919,0.43647319078445435,-0.5760539770126343,-0.012081336230039597,0.39231470227241516,-0.509967029094696,0.0119092408567667,0.334513783454895,-0.45229676365852356,0.012241965159773827,0.39134088158607483,-0.3808201551437378,-0.05988369137048721,0.5030897259712219,-0.44470182061195374,-0.04180598258972168,0.4618534445762634,-0.38461920619010925,-0.014659893698990345,0.4058091640472412,-0.334073543548584,-0.009707055054605007,0.44451144337654114,-0.2143140584230423,-0.06986749917268753,0.6349829435348511,-0.3071354627609253,-0.06493827700614929,0.7451648712158203,-0.33307552337646484,-0.04506506770849228,0.834671676158905,-0.3739779591560364,-0.034036651253700256,0.0,0.0,0.0,0.0,0.0,0.0,0.0,0.0,0.0,0.0,0.0,0.0,0.0,0.0,0.0,0.0,0.0,0.0,0.0,0.0,0.0,0.0,0.0,0.0,0.0,0.0,0.0,0.0,0.0,0.0,0.0,0.0,0.0,0.0,0.0,0.0,0.0,0.0,0.0,0.0,0.0,0.0,0.0,0.0,0.0,0.0,0.0,0.0,0.0,0.0,0.0,0.0,0.0,0.0,0.0,0.0,0.0,0.0,0.0,0.0,0.0,0.0,0.0,DOCTOR
0.0,0.0,0.0,-0.05280974507331848,-0.3319815397262573,0.027532853186130524,-0.06444726884365082,-0.610230028629303,0.015017908066511154,-0.042976707220077515,-0.8304209113121033,-0.00353423785418272,-0.06571754068136215,-0.9977532029151917,-0.013028011657297611,0.19740542769432068,-0.6698943376541138,-0.027403341606259346,0.3468644618988037,-0.6996287703514099,-0.020895417779684067,0.309978187084198,-0.6123229265213013,0.004094589035958052,0.2387823462486267,-0.5472968816757202,0.023006362840533257,0.3001503348350525,-0.5305777788162231,-0.05310054495930672,0.43313467502593994,-0.5727249979972839,-0.03112640231847763,0.3864583671092987,-0.5034916996955872,-0.007475795224308968,0.322113960981369,-0.4412398040294647,-0.004932295065373182,0.38091206550598145,-0.3721071183681488,-0.07085798680782318,0.5021741390228271,-0.43815290927886963,-0.064239501953125,0.4573832154273987,-0.37524640560150146,-0.037175167351961136,0.3983355462551117,-0.3230539858341217,-0.028805481269955635,0.4422858655452728,-0.201708123087883,-0.0828937292098999,0.6412188410758972,-0.29882681369781494,-0.08443213999271393,0.7509732842445374,-0.33027613162994385,-0.06510555744171143,0.8410925269126892,-0.37838780879974365,-0.053204793483018875,0.0,0.0,0.0,0.0,0.0,0.0,0.0,0.0,0.0,0.0,0.0,0.0,0.0,0.0,0.0,0.0,0.0,0.0,0.0,0.0,0.0,0.0,0.0,0.0,0.0,0.0,0.0,0.0,0.0,0.0,0.0,0.0,0.0,0.0,0.0,0.0,0.0,0.0,0.0,0.0,0.0,0.0,0.0,0.0,0.0,0.0,0.0,0.0,0.0,0.0,0.0,0.0,0.0,0.0,0.0,0.0,0.0,0.0,0.0,0.0,0.0,0.0,0.0,DOCTOR
0.0,0.0,0.0,-0.047557149082422256,-0.330403596162796,0.029485639184713364,-0.05577431991696358,-0.6091626882553101,0.017747074365615845,-0.031903885304927826,-0.8314719200134277,0.0005593636306002736,-0.05340263992547989,-0.998543918132782,-0.007631377782672644,0.20841637253761292,-0.6762492060661316,-0.022902343422174454,0.348567396402359,-0.7035574913024902,-0.012055776081979275,0.311962753534317,-0.61885005235672,0.01288692094385624,0.24190746247768402,-0.5581844449043274,0.03012669086456299,0.31005972623825073,-0.539188027381897,-0.04939468204975128,0.43503236770629883,-0.5816598534584045,-0.02242199145257473,0.3915267586708069,-0.5135519504547119,0.0005937580717727542,0.3305964767932892,-0.4526244103908539,0.00121081224642694,0.38840004801750183,-0.37965771555900574,-0.06750693172216415,0.5019482374191284,-0.4482923746109009,-0.0568520613014698,0.4606100022792816,-0.3857569098472595,-0.030019138008356094,0.4050168991088867,-0.3333301246166229,-0.023426389321684837,0.4453352093696594,-0.2077907770872116,-0.07964811474084854,0.6423173546791077,-0.306580126285553,-0.07941650599241257,0.7539777755737305,-0.33456382155418396,-0.05942034721374512,0.8444809317588806,-0.38043156266212463,-0.047889817506074905,0.0,0.0,0.0,0.0,0.0,0.0,0.0,0.0,0.0,0.0,0.0,0.0,0.0,0.0,0.0,0.0,0.0,0.0,0.0,0.0,0.0,0.0,0.0,0.0,0.0,0.0,0.0,0.0,0.0,0.0,0.0,0.0,0.0,0.0,0.0,0.0,0.0,0.0,0.0,0.0,0.0,0.0,0.0,0.0,0.0,0.0,0.0,0.0,0.0,0.0,0.0,0.0,0.0,0.0,0.0,0.0,0.0,0.0,0.0,0.0,0.0,0.0,0.0,DOCTOR
0.0,0.0,0.0,-0.0451362170279026,-0.32925277948379517,0.027184301987290382,-0.05296816676855087,-0.6098762154579163,0.01583409495651722,-0.028525717556476593,-0.8314530253410339,-0.0009731423342600465,-0.05072604492306709,-0.9986766576766968,-0.008468087762594223,0.20961308479309082,-0.6833999752998352,-0.018081581220030785,0.35056841373443604,-0.7049015760421753,-0.005674344953149557,0.3137744665145874,-0.6168701648712158,0.01791875623166561,0.24477271735668182,-0.5579207539558411,0.03347223997116089,0.3130970895290375,-0.5498056411743164,-0.04409123584628105,0.4349832534790039,-0.5782170295715332,-0.014172201976180077,0.3922240138053894,-0.5077464580535889,0.0071682254783809185,0.3324803113937378,-0.45064085721969604,0.006021380424499512,0.3917113244533539,-0.39112624526023865,-0.062378332018852234,0.5011417865753174,-0.44716671109199524,-0.05043678730726242,0.459917277097702,-0.38246333599090576,-0.02603316865861416,0.4040043354034424,-0.33235400915145874,-0.02094658650457859,0.4492452144622803,-0.21855631470680237,-0.07516372948884964,0.6425485610961914,-0.3177080750465393,-0.0736280083656311,0.7520812153816223,-0.34522807598114014,-0.05375686287879944,0.8401055932044983,-0.38812604546546936,-0.04198787733912468,0.0,0.0,0.0,0.0,0.0,0.0,0.0,0.0,0.0,0.0,0.0,0.0,0.0,0.0,0.0,0.0,0.0,0.0,0.0,0.0,0.0,0.0,0.0,0.0,0.0,0.0,0.0,0.0,0.0,0.0,0.0,0.0,0.0,0.0,0.0,0.0,0.0,0.0,0.0,0.0,0.0,0.0,0.0,0.0,0.0,0.0,0.0,0.0,0.0,0.0,0.0,0.0,0.0,0.0,0.0,0.0,0.0,0.0,0.0,0.0,0.0,0.0,0.0,DOCTOR
0.0,0.0,0.0,-0.057544052600860596,-0.33100178837776184,0.02560589462518692,-0.07258953154087067,-0.6043937802314758,0.010721412487328053,-0.0475643016397953,-0.8249270915985107,-0.01178373396396637,-0.06374933570623398,-0.9976260662078857,-0.026043321937322617,0.19975681602954865,-0.6682865619659424,-0.015784986317157745,0.34184420108795166,-0.6967771053314209,-0.011240446008741856,0.31129035353660583,-0.6054706573486328,0.006630219519138336,0.24266794323921204,-0.5364577174186707,0.021411854773759842,0.30574071407318115,-0.5362404584884644,-0.041658855974674225,0.43517425656318665,-0.5722564458847046,-0.016887707635760307,0.3942687213420868,-0.49859240651130676,0.0012909447541460395,0.3322586417198181,-0.43629878759384155,-0.0005303889629431069,0.38870733976364136,-0.384430468082428,-0.06078314036130905,0.5075129270553589,-0.44225937128067017,-0.0509994737803936,0.46720436215400696,-0.3735588490962982,-0.027071187272667885,0.4097572863101959,-0.31905144453048706,-0.020968101918697357,0.4507729709148407,-0.21986955404281616,-0.07483282685279846,0.6402536630630493,-0.3138212263584137,-0.06941528618335724,0.7469295263290405,-0.34300845861434937,-0.04637923464179039,0.8319284319877625,-0.3880069851875305,-0.03228437900543213,0.0,0.0,0.0,0.0,0.0,0.0,0.0,0.0,0.0,0.0,0.0,0.0,0.0,0.0,0.0,0.0,0.0,0.0,0.0,0.0,0.0,0.0,0.0,0.0,0.0,0.0,0.0,0.0,0.0,0.0,0.0,0.0,0.0,0.0,0.0,0.0,0.0,0.0,0.0,0.0,0.0,0.0,0.0,0.0,0.0,0.0,0.0,0.0,0.0,0.0,0.0,0.0,0.0,0.0,0.0,0.0,0.0,0.0,0.0,0.0,0.0,0.0,0.0,DOCTOR
0.0,0.0,0.0,-0.05395850911736488,-0.3216947615146637,0.019105294719338417,-0.06942867487668991,-0.5996920466423035,-0.001025963923893869,-0.044619400054216385,-0.823705792427063,-0.027008337900042534,-0.06160251423716545,-0.9971306920051575,-0.043994300067424774,0.2046164572238922,-0.6773117780685425,-0.025899657979607582,0.34975260496139526,-0.6919810175895691,-0.020304519683122635,0.3153071701526642,-0.5979582071304321,-0.002364253858104348,0.24608133733272552,-0.5346778631210327,0.011012889444828033,0.30890846252441406,-0.5433751940727234,-0.05105108395218849,0.4406166672706604,-0.5628193616867065,-0.026057155802845955,0.3978525698184967,-0.4876433312892914,-0.008008040487766266,0.334110289812088,-0.4308220446109772,-0.010712843388319016,0.38960570096969604,-0.387298047542572,-0.06932983547449112,0.5094727277755737,-0.4320809841156006,-0.059207141399383545,0.4674416780471802,-0.36203229427337646,-0.0341850146651268,0.408233642578125,-0.3094864785671234,-0.02794739231467247,0.45113348960876465,-0.21984007954597473,-0.0831153467297554,0.6399906873703003,-0.31678304076194763,-0.07663215696811676,0.7458693385124207,-0.3482922613620758,-0.05179182440042496,0.8301761150360107,-0.3945247530937195,-0.03691061958670616,0.0,0.0,0.0,0.0,0.0,0.0,0.0,0.0,0.0,0.0,0.0,0.0,0.0,0.0,0.0,0.0,0.0,0.0,0.0,0.0,0.0,0.0,0.0,0.0,0.0,0.0,0.0,0.0,0.0,0.0,0.0,0.0,0.0,0.0,0.0,0.0,0.0,0.0,0.0,0.0,0.0,0.0,0.0,0.0,0.0,0.0,0.0,0.0,0.0,0.0,0.0,0.0,0.0,0.0,0.0,0.0,0.0,0.0,0.0,0.0,0.0,0.0,0.0,DOCTOR
0.0,0.0,0.0,-0.05497613549232483,-0.31645408272743225,0.01736832596361637,-0.07270678132772446,-0.5962458252906799,-0.0031397619750350714,-0.04633425921201706,-0.8226739168167114,-0.029028400778770447,-0.06502221524715424,-0.9968270659446716,-0.045913148671388626,0.19849960505962372,-0.6748930215835571,-0.029342714697122574,0.3483965992927551,-0.6856349110603333,-0.02590709552168846,0.3142666518688202,-0.5903958678245544,-0.009176190942525864,0.2431425154209137,-0.5268188118934631,0.003101430833339691,0.302428662776947,-0.5449111461639404,-0.05426279082894325,0.4406359791755676,-0.561055064201355,-0.030883556231856346,0.3978137671947479,-0.4834771454334259,-0.012174783274531364,0.33251920342445374,-0.4289339482784271,-0.015044384635984898,0.3833015561103821,-0.391029953956604,-0.07287417352199554,0.5099467635154724,-0.4310387670993805,-0.06470339745283127,0.4675312638282776,-0.36071693897247314,-0.03954776003956795,0.4064813554286957,-0.31129857897758484,-0.03381040692329407,0.4452115595340729,-0.2230771780014038,-0.08718528598546982,0.6384545564651489,-0.31964072585105896,-0.08466300368309021,0.7482859492301941,-0.3499193489551544,-0.06257237493991852,0.8362383246421814,-0.39615973830223083,-0.04986182600259781,0.0,0.0,0.0,0.0,0.0,0.0,0.0,0.0,0.0,0.0,0.0,0.0,0.0,0.0,0.0,0.0,0.0,0.0,0.0,0.0,0.0,0.0,0.0,0.0,0.0,0.0,0.0,0.0,0.0,0.0,0.0,0.0,0.0,0.0,0.0,0.0,0.0,0.0,0.0,0.0,0.0,0.0,0.0,0.0,0.0,0.0,0.0,0.0,0.0,0.0,0.0,0.0,0.0,0.0,0.0,0.0,0.0,0.0,0.0,0.0,0.0,0.0,0.0,DOCTOR
0.0,0.0,0.0,-0.055955670773983,-0.3309515118598938,0.041332509368658066,-0.07622106373310089,-0.6089922189712524,0.032524123787879944,-0.05757021903991699,-0.8298795223236084,0.0151140708476305,-0.08201448619365692,-0.9966173768043518,0.005251686088740826,0.18377834558486938,-0.6694679260253906,-0.02406270056962967,0.33648863434791565,-0.7008492350578308,-0.018663015216588974,0.30060815811157227,-0.6099579930305481,0.005639214068651199,0.22620069980621338,-0.5430640578269958,0.024851903319358826,0.2883434295654297,-0.5315018892288208,-0.05704209581017494,0.42749857902526855,-0.573233425617218,-0.032144248485565186,0.3827265501022339,-0.5018553733825684,-0.005901438649743795,0.3157418370246887,-0.438392698764801,-0.0028676949441432953,0.37212857604026794,-0.37267667055130005,-0.0808219239115715,0.4958428740501404,-0.43527650833129883,-0.07175026088953018,0.452123761177063,-0.369191974401474,-0.04129758104681969,0.3923398554325104,-0.3171069920063019,-0.03195532038807869,0.43793272972106934,-0.20041997730731964,-0.0974770039319992,0.6419581174850464,-0.30338460206985474,-0.09817801415920258,0.753337562084198,-0.33335623145103455,-0.07545877993106842,0.8430271148681641,-0.3823396563529968,-0.06177351623773575,0.0,0.0,0.0,0.0,0.0,0.0,0.0,0.0,0.0,0.0,0.0,0.0,0.0,0.0,0.0,0.0,0.0,0.0,0.0,0.0,0.0,0.0,0.0,0.0,0.0,0.0,0.0,0.0,0.0,0.0,0.0,0.0,0.0,0.0,0.0,0.0,0.0,0.0,0.0,0.0,0.0,0.0,0.0,0.0,0.0,0.0,0.0,0.0,0.0,0.0,0.0,0.0,0.0,0.0,0.0,0.0,0.0,0.0,0.0,0.0,0.0,0.0,0.0,DOCTOR
0.0,0.0,0.0,-0.05377190187573433,-0.33093884587287903,0.026804164052009583,-0.06807311624288559,-0.6050528883934021,0.008945086039602757,-0.05026732385158539,-0.8279209733009338,-0.014602688141167164,-0.07220856100320816,-0.9969727993011475,-0.028830433264374733,0.19794659316539764,-0.6772230267524719,-0.035609763115644455,0.3400849997997284,-0.7079219818115234,-0.030132321640849113,0.30450546741485596,-0.6200528740882874,-0.006661317311227322,0.23283661901950836,-0.5563897490501404,0.01024725940078497,0.3004560172557831,-0.540124773979187,-0.06429965049028397,0.425639271736145,-0.5834904313087463,-0.042388975620269775,0.38379400968551636,-0.5153477787971497,-0.019628658890724182,0.32220378518104553,-0.4522715210914612,-0.01919042505323887,0.38094398379325867,-0.3823174238204956,-0.08453727513551712,0.4947652518749237,-0.44749248027801514,-0.0774284079670906,0.4544525444507599,-0.3850112557411194,-0.0490119606256485,0.3983262777328491,-0.3312899172306061,-0.04117340222001076,0.4418692886829376,-0.21193881332874298,-0.09910898655653,0.6396334767341614,-0.3092692494392395,-0.10044675320386887,0.7518693208694458,-0.336711585521698,-0.07880262285470963,0.8415675759315491,-0.3812980353832245,-0.06595399975776672,0.0,0.0,0.0,0.0,0.0,0.0,0.0,0.0,0.0,0.0,0.0,0.0,0.0,0.0,0.0,0.0,0.0,0.0,0.0,0.0,0.0,0.0,0.0,0.0,0.0,0.0,0.0,0.0,0.0,0.0,0.0,0.0,0.0,0.0,0.0,0.0,0.0,0.0,0.0,0.0,0.0,0.0,0.0,0.0,0.0,0.0,0.0,0.0,0.0,0.0,0.0,0.0,0.0,0.0,0.0,0.0,0.0,0.0,0.0,0.0,0.0,0.0,0.0,DOCTOR
0.0,0.0,0.0,-0.05767321586608887,-0.3328647017478943,0.025770418345928192,-0.07384345680475235,-0.6053922772407532,0.008842484094202518,-0.05418173968791962,-0.826420247554779,-0.013390141539275646,-0.07252199947834015,-0.9970284104347229,-0.025979619473218918,0.1910802721977234,-0.6683972477912903,-0.03326714411377907,0.3360169529914856,-0.6991416811943054,-0.02478867582976818,0.2990904152393341,-0.6147698760032654,0.0015103205805644393,0.22699132561683655,-0.5539679527282715,0.020283769816160202,0.29616856575012207,-0.5312116742134094,-0.06035421043634415,0.421161413192749,-0.5712394714355469,-0.03630070388317108,0.37764453887939453,-0.5058839917182922,-0.013577457517385483,0.31577572226524353,-0.44550594687461853,-0.013605865649878979,0.3779073655605316,-0.3740804195404053,-0.07912126183509827,0.4915338456630707,-0.43648451566696167,-0.0712767019867897,0.44880157709121704,-0.37580597400665283,-0.04473774507641792,0.39242902398109436,-0.3253476321697235,-0.038587864488363266,0.44055089354515076,-0.2042141705751419,-0.09199906140565872,0.6414094567298889,-0.300493448972702,-0.09302253276109695,0.7538177371025085,-0.3296162188053131,-0.07297679781913757,0.8449398875236511,-0.3768765926361084,-0.061584945768117905,0.0,0.0,0.0,0.0,0.0,0.0,0.0,0.0,0.0,0.0,0.0,0.0,0.0,0.0,0.0,0.0,0.0,0.0,0.0,0.0,0.0,0.0,0.0,0.0,0.0,0.0,0.0,0.0,0.0,0.0,0.0,0.0,0.0,0.0,0.0,0.0,0.0,0.0,0.0,0.0,0.0,0.0,0.0,0.0,0.0,0.0,0.0,0.0,0.0,0.0,0.0,0.0,0.0,0.0,0.0,0.0,0.0,0.0,0.0,0.0,0.0,0.0,0.0,DOCTOR
0.0,0.0,0.0,-0.06424224376678467,-0.3344629108905792,0.03830623999238014,-0.08872494846582413,-0.6112424731254578,0.03024139255285263,-0.061059899628162384,-0.8301341533660889,0.014226822182536125,-0.07353879511356354,-0.9972719550132751,0.006386607885360718,0.18090802431106567,-0.6952229142189026,-0.03299185261130333,0.33117830753326416,-0.7014064788818359,-0.02000582404434681,0.2917438745498657,-0.5993010997772217,0.01056093629449606,0.21468105912208557,-0.5327049493789673,0.03152988851070404,0.2945192754268646,-0.5635820031166077,-0.0649901032447815,0.42455145716667175,-0.5616995692253113,-0.03099697455763817,0.37645214796066284,-0.4865763485431671,-0.0028853288386017084,0.30802619457244873,-0.4273735582828522,-0.0022675534710288048,0.38315054774284363,-0.4037102460861206,-0.08682730048894882,0.49701589345932007,-0.4216561019420624,-0.0737496167421341,0.4486452639102936,-0.3588634133338928,-0.04494770988821983,0.38140055537223816,-0.31600162386894226,-0.03885849565267563,0.4515300393104553,-0.22902540862560272,-0.10217715054750443,0.6512060761451721,-0.32582420110702515,-0.10325751453638077,0.7611702084541321,-0.3486955463886261,-0.08077464997768402,0.8472475409507751,-0.3830591142177582,-0.06728418171405792,0.0,0.0,0.0,0.0,0.0,0.0,0.0,0.0,0.0,0.0,0.0,0.0,0.0,0.0,0.0,0.0,0.0,0.0,0.0,0.0,0.0,0.0,0.0,0.0,0.0,0.0,0.0,0.0,0.0,0.0,0.0,0.0,0.0,0.0,0.0,0.0,0.0,0.0,0.0,0.0,0.0,0.0,0.0,0.0,0.0,0.0,0.0,0.0,0.0,0.0,0.0,0.0,0.0,0.0,0.0,0.0,0.0,0.0,0.0,0.0,0.0,0.0,0.0,DOCTOR
0.0,0.0,0.0,-0.06367924064397812,-0.3265153765678406,0.02716846577823162,-0.08457601815462112,-0.6049583554267883,0.012460608035326004,-0.060148414224386215,-0.8242053985595703,-0.008767914026975632,-0.07668058574199677,-0.9968079328536987,-0.02222803421318531,0.18754687905311584,-0.6950216889381409,-0.03157058358192444,0.32719099521636963,-0.6835598349571228,-0.02529754675924778,0.28690844774246216,-0.5872536301612854,-0.007639657706022263,0.2104242444038391,-0.5243632793426514,0.004017335828393698,0.2957950532436371,-0.5664759278297424,-0.06126661226153374,0.41980746388435364,-0.551088809967041,-0.032781898975372314,0.3706267178058624,-0.47398972511291504,-0.01235838420689106,0.3014777600765228,-0.41885364055633545,-0.016562070697546005,0.37881821393966675,-0.4071429371833801,-0.08281603455543518,0.49103784561157227,-0.4195944666862488,-0.07601331174373627,0.4409487247467041,-0.3501979112625122,-0.051808912307024,0.3748690187931061,-0.30485567450523376,-0.047106556594371796,0.44268572330474854,-0.23185621201992035,-0.09890217334032059,0.6373216509819031,-0.3259756863117218,-0.10347015410661697,0.7497971057891846,-0.3537741005420685,-0.08304880559444427,0.8391577005386353,-0.3949090242385864,-0.07042381167411804,0.0,0.0,0.0,0.0,0.0,0.0,0.0,0.0,0.0,0.0,0.0,0.0,0.0,0.0,0.0,0.0,0.0,0.0,0.0,0.0,0.0,0.0,0.0,0.0,0.0,0.0,0.0,0.0,0.0,0.0,0.0,0.0,0.0,0.0,0.0,0.0,0.0,0.0,0.0,0.0,0.0,0.0,0.0,0.0,0.0,0.0,0.0,0.0,0.0,0.0,0.0,0.0,0.0,0.0,0.0,0.0,0.0,0.0,0.0,0.0,0.0,0.0,0.0,DOCTOR
0.0,0.0,0.0,-0.06664120405912399,-0.3281276226043701,0.021587654948234558,-0.0911741852760315,-0.6032411456108093,0.0036490713246166706,-0.06815381348133087,-0.8222619891166687,-0.0191559549421072,-0.08384755998849869,-0.9959308505058289,-0.0330343171954155,0.18454959988594055,-0.6909835934638977,-0.046616967767477036,0.3268497884273529,-0.6721882224082947,-0.03783492371439934,0.2848120331764221,-0.5739808678627014,-0.012418748810887337,0.2067367136478424,-0.5114011764526367,0.003769355360418558,0.29473787546157837,-0.5627710819244385,-0.07497573643922806,0.42210519313812256,-0.5389098525047302,-0.048355381935834885,0.3701963424682617,-0.46252694725990295,-0.025466982275247574,0.300815612077713,-0.4099809229373932,-0.028426706790924072,0.3800755739212036,-0.40421465039253235,-0.09465595334768295,0.4957428574562073,-0.41142037510871887,-0.09082985669374466,0.4429851472377777,-0.3421764373779297,-0.06670031696557999,0.37582647800445557,-0.30003634095191956,-0.06240779533982277,0.4463094174861908,-0.22892776131629944,-0.1090228334069252,0.6448559165000916,-0.3244471549987793,-0.11821365356445312,0.7575868368148804,-0.3500472903251648,-0.10031658411026001,0.8478410243988037,-0.38949739933013916,-0.08942894637584686,0.0,0.0,0.0,0.0,0.0,0.0,0.0,0.0,0.0,0.0,0.0,0.0,0.0,0.0,0.0,0.0,0.0,0.0,0.0,0.0,0.0,0.0,0.0,0.0,0.0,0.0,0.0,0.0,0.0,0.0,0.0,0.0,0.0,0.0,0.0,0.0,0.0,0.0,0.0,0.0,0.0,0.0,0.0,0.0,0.0,0.0,0.0,0.0,0.0,0.0,0.0,0.0,0.0,0.0,0.0,0.0,0.0,0.0,0.0,0.0,0.0,0.0,0.0,DOCTOR
0.0,0.0,0.0,-0.06964115053415298,-0.32815831899642944,0.03717799112200737,-0.09872429072856903,-0.6088436841964722,0.032217636704444885,-0.06818687915802002,-0.8262966871261597,0.020055504515767097,-0.07812738418579102,-0.9968472719192505,0.013849260285496712,0.1833481639623642,-0.7036812901496887,-0.03307211026549339,0.31980812549591064,-0.6694743633270264,-0.012954624369740486,0.2783709466457367,-0.5686671137809753,0.01603587344288826,0.20332156121730804,-0.5133660435676575,0.03255891799926758,0.2949149012565613,-0.5815815925598145,-0.06514327228069305,0.41539451479911804,-0.5270854830741882,-0.020705461502075195,0.36145636439323425,-0.4468725323677063,0.005423426628112793,0.29287320375442505,-0.39962637424468994,-7.143026596168056e-05,0.3796975314617157,-0.42133018374443054,-0.0861169844865799,0.48650237917900085,-0.3972325623035431,-0.0696425810456276,0.42960333824157715,-0.32221540808677673,-0.04541505128145218,0.3612836003303528,-0.28676626086235046,-0.04450705647468567,0.442638099193573,-0.2399131953716278,-0.10041984170675278,0.6415038108825684,-0.33107876777648926,-0.10335543006658554,0.7563273310661316,-0.34768667817115784,-0.08199293911457062,0.8487002849578857,-0.3792726695537567,-0.06960204243659973,0.0,0.0,0.0,0.0,0.0,0.0,0.0,0.0,0.0,0.0,0.0,0.0,0.0,0.0,0.0,0.0,0.0,0.0,0.0,0.0,0.0,0.0,0.0,0.0,0.0,0.0,0.0,0.0,0.0,0.0,0.0,0.0,0.0,0.0,0.0,0.0,0.0,0.0,0.0,0.0,0.0,0.0,0.0,0.0,0.0,0.0,0.0,0.0,0.0,0.0,0.0,0.0,0.0,0.0,0.0,0.0,0.0,0.0,0.0,0.0,0.0,0.0,0.0,DOCTOR
0.0,0.0,0.0,-0.06556541472673416,-0.3164858818054199,0.02360217645764351,-0.09113152325153351,-0.5933933854103088,0.011019705794751644,-0.06635551899671555,-0.8180236220359802,-0.006809505634009838,-0.07379384338855743,-0.9971096515655518,-0.018080897629261017,0.18555963039398193,-0.6936483979225159,-0.03219214454293251,0.31783369183540344,-0.6457127928733826,-0.014243477955460548,0.27589207887649536,-0.5437502264976501,0.006314524915069342,0.20123668015003204,-0.4871428608894348,0.015887834131717682,0.29805833101272583,-0.5793972611427307,-0.05934332311153412,0.41314801573753357,-0.508675217628479,-0.016238631680607796,0.36002278327941895,-0.4260948896408081,0.002152949571609497,0.29340696334838867,-0.3800255358219147,-0.009481046348810196,0.38288670778274536,-0.4207708239555359,-0.07720697671175003,0.48893263936042786,-0.3897690773010254,-0.06253669410943985,0.4318053722381592,-0.31240132451057434,-0.041999250650405884,0.3634576201438904,-0.27519887685775757,-0.04417119175195694,0.44575047492980957,-0.23942849040031433,-0.08965807408094406,0.6429622769355774,-0.32746654748916626,-0.09188428521156311,0.759922444820404,-0.3477332890033722,-0.07076255977153778,0.8534244298934937,-0.38172829151153564,-0.05939188972115517,0.0,0.0,0.0,0.0,0.0,0.0,0.0,0.0,0.0,0.0,0.0,0.0,0.0,0.0,0.0,0.0,0.0,0.0,0.0,0.0,0.0,0.0,0.0,0.0,0.0,0.0,0.0,0.0,0.0,0.0,0.0,0.0,0.0,0.0,0.0,0.0,0.0,0.0,0.0,0.0,0.0,0.0,0.0,0.0,0.0,0.0,0.0,0.0,0.0,0.0,0.0,0.0,0.0,0.0,0.0,0.0,0.0,0.0,0.0,0.0,0.0,0.0,0.0,DOCTOR
0.0,0.0,0.0,-0.07120595872402191,-0.3154515027999878,0.021921277046203613,-0.0957673043012619,-0.591368556022644,0.008329801261425018,-0.06867719441652298,-0.8159410357475281,-0.010549673810601234,-0.07780187577009201,-0.9967124462127686,-0.022610772401094437,0.18492856621742249,-0.6952818036079407,-0.033518578857183456,0.32081139087677,-0.6455423831939697,-0.014314664527773857,0.2789987623691559,-0.5426350235939026,0.0076401266269385815,0.20559225976467133,-0.4890224039554596,0.01779843494296074,0.2962184250354767,-0.5816394686698914,-0.06083173677325249,0.4144040048122406,-0.5051555037498474,-0.016758713871240616,0.35864418745040894,-0.42264580726623535,0.0017523003043606877,0.2903926968574524,-0.37917786836624146,-0.009974558837711811,0.37925654649734497,-0.4226818084716797,-0.07872764021158218,0.4851401150226593,-0.38487207889556885,-0.06276877969503403,0.4240981638431549,-0.3050779700279236,-0.041570696979761124,0.3543901741504669,-0.2690526843070984,-0.04355746880173683,0.4407791495323181,-0.24029935896396637,-0.09167591482400894,0.6369897127151489,-0.32465246319770813,-0.09278023988008499,0.754207193851471,-0.34004297852516174,-0.07080348581075668,0.8487132787704468,-0.3693479299545288,-0.05889158323407173,0.0,0.0,0.0,0.0,0.0,0.0,0.0,0.0,0.0,0.0,0.0,0.0,0.0,0.0,0.0,0.0,0.0,0.0,0.0,0.0,0.0,0.0,0.0,0.0,0.0,0.0,0.0,0.0,0.0,0.0,0.0,0.0,0.0,0.0,0.0,0.0,0.0,0.0,0.0,0.0,0.0,0.0,0.0,0.0,0.0,0.0,0.0,0.0,0.0,0.0,0.0,0.0,0.0,0.0,0.0,0.0,0.0,0.0,0.0,0.0,0.0,0.0,0.0,DOCTOR
0.0,0.0,0.0,-0.06641500443220139,-0.3184979259967804,0.03495572507381439,-0.09076911956071854,-0.5984184741973877,0.026146160438656807,-0.05821820721030235,-0.8195568919181824,0.009562978520989418,-0.0766310766339302,-0.9970563054084778,-0.002553181489929557,0.1762997806072235,-0.6962730288505554,-0.04213487356901169,0.3184661865234375,-0.6327399611473083,-0.025137506425380707,0.27972862124443054,-0.5277394652366638,-0.0015436154790222645,0.20273475348949432,-0.47378790378570557,0.009409093298017979,0.2882978618144989,-0.5873311758041382,-0.07738715410232544,0.4102186858654022,-0.4932575225830078,-0.03566165640950203,0.3551981449127197,-0.40823090076446533,-0.014734651893377304,0.2858390212059021,-0.3657218813896179,-0.026281550526618958,0.37491878867149353,-0.4289630055427551,-0.1011691614985466,0.48843914270401,-0.37711551785469055,-0.08781608194112778,0.4263436794281006,-0.29516658186912537,-0.06305728852748871,0.35503628849983215,-0.2612152099609375,-0.06357079744338989,0.44042181968688965,-0.24614182114601135,-0.11872240900993347,0.6477144956588745,-0.3301575481891632,-0.12406019866466522,0.7693559527397156,-0.3463514447212219,-0.1011013463139534,0.868771493434906,-0.3779725432395935,-0.0888480395078659,0.0,0.0,0.0,0.0,0.0,0.0,0.0,0.0,0.0,0.0,0.0,0.0,0.0,0.0,0.0,0.0,0.0,0.0,0.0,0.0,0.0,0.0,0.0,0.0,0.0,0.0,0.0,0.0,0.0,0.0,0.0,0.0,0.0,0.0,0.0,0.0,0.0,0.0,0.0,0.0,0.0,0.0,0.0,0.0,0.0,0.0,0.0,0.0,0.0,0.0,0.0,0.0,0.0,0.0,0.0,0.0,0.0,0.0,0.0,0.0,0.0,0.0,0.0,DOCTOR
0.0,0.0,0.0,-0.06609021127223969,-0.3137098252773285,0.023337725549936295,-0.08964893966913223,-0.59488844871521,0.012509442865848541,-0.06273704022169113,-0.8201008439064026,-0.002702899044379592,-0.08185819536447525,-0.9965687990188599,-0.012243528850376606,0.1819903403520584,-0.694515585899353,-0.04350251704454422,0.31980040669441223,-0.6287702322006226,-0.025913693010807037,0.2795560359954834,-0.5290165543556213,-0.005125418305397034,0.2038225680589676,-0.47760656476020813,0.0035371887497603893,0.29553836584091187,-0.5832987427711487,-0.07128100842237473,0.4124968647956848,-0.4908302426338196,-0.02852798067033291,0.35753992199897766,-0.40964534878730774,-0.010559245944023132,0.2903560698032379,-0.3673877418041229,-0.023997100070118904,0.3822525143623352,-0.4250837564468384,-0.0887334868311882,0.48823773860931396,-0.373748242855072,-0.07541131973266602,0.42574700713157654,-0.2958321273326874,-0.05548948794603348,0.35413748025894165,-0.2593604028224945,-0.05892420560121536,0.44659340381622314,-0.24413231015205383,-0.10081776976585388,0.6465062499046326,-0.32602033019065857,-0.10731293261051178,0.7680271863937378,-0.3443866968154907,-0.08849488198757172,0.8655990362167358,-0.3735211491584778,-0.07883609086275101,0.0,0.0,0.0,0.0,0.0,0.0,0.0,0.0,0.0,0.0,0.0,0.0,0.0,0.0,0.0,0.0,0.0,0.0,0.0,0.0,0.0,0.0,0.0,0.0,0.0,0.0,0.0,0.0,0.0,0.0,0.0,0.0,0.0,0.0,0.0,0.0,0.0,0.0,0.0,0.0,0.0,0.0,0.0,0.0,0.0,0.0,0.0,0.0,0.0,0.0,0.0,0.0,0.0,0.0,0.0,0.0,0.0,0.0,0.0,0.0,0.0,0.0,0.0,DOCTOR
0.0,0.0,0.0,-0.06735056638717651,-0.3085560202598572,0.014965123496949673,-0.08817752450704575,-0.592179536819458,0.0006197042530402541,-0.060417987406253815,-0.8175567984580994,-0.017173979431390762,-0.08121003210544586,-0.9962770938873291,-0.028929399326443672,0.1799670308828354,-0.6985687017440796,-0.045997802168130875,0.30948203802108765,-0.6306314468383789,-0.03358922153711319,0.2680388391017914,-0.528409481048584,-0.01778607815504074,0.19173218309879303,-0.47620531916618347,-0.012019475921988487,0.29111504554748535,-0.5900974869728088,-0.0714915320277214,0.39770129323005676,-0.49653950333595276,-0.03625030070543289,0.3410976529121399,-0.4121037423610687,-0.023854926228523254,0.2730010449886322,-0.36807987093925476,-0.039038438349962234,0.3757714033126831,-0.4320752024650574,-0.08786630630493164,0.4736057221889496,-0.38155698776245117,-0.08178894966840744,0.41066187620162964,-0.30216407775878906,-0.06565883755683899,0.339914470911026,-0.26375940442085266,-0.06920802593231201,0.43894433975219727,-0.25072985887527466,-0.09950748831033707,0.6331053376197815,-0.3313005268573761,-0.10854142904281616,0.7521874904632568,-0.3515596091747284,-0.09089741855859756,0.8488982915878296,-0.38181260228157043,-0.08142495155334473,0.0,0.0,0.0,0.0,0.0,0.0,0.0,0.0,0.0,0.0,0.0,0.0,0.0,0.0,0.0,0.0,0.0,0.0,0.0,0.0,0.0,0.0,0.0,0.0,0.0,0.0,0.0,0.0,0.0,0.0,0.0,0.0,0.0,0.0,0.0,0.0,0.0,0.0,0.0,0.0,0.0,0.0,0.0,0.0,0.0,0.0,0.0,0.0,0.0,0.0,0.0,0.0,0.0,0.0,0.0,0.0,0.0,0.0,0.0,0.0,0.0,0.0,0.0,DOCTOR
0.0,0.0,0.0,-0.07028035819530487,-0.31742793321609497,0.01954161375761032,-0.09249848127365112,-0.6001611948013306,0.008671674877405167,-0.06722889095544815,-0.8206908106803894,-0.00807322096079588,-0.08787578344345093,-0.9959571361541748,-0.01863173581659794,0.17451828718185425,-0.7036070227622986,-0.02680770494043827,0.3010987639427185,-0.6484575271606445,-0.018057042732834816,0.2624310851097107,-0.5465567111968994,-0.008590473793447018,0.18695926666259766,-0.48913392424583435,-0.006778712850064039,0.2871764004230499,-0.598003625869751,-0.05532662197947502,0.3876897096633911,-0.5172513723373413,-0.022586660459637642,0.3386487662792206,-0.4388478994369507,-0.015444479882717133,0.2725231349468231,-0.38829490542411804,-0.03369736671447754,0.37491366267204285,-0.44627177715301514,-0.07635816931724548,0.4658980667591095,-0.40168580412864685,-0.07400471717119217,0.40820109844207764,-0.32725101709365845,-0.06238151714205742,0.34182146191596985,-0.2868243455886841,-0.06801813095808029,0.44147658348083496,-0.2694503664970398,-0.09269402176141739,0.6337358951568604,-0.3471819758415222,-0.10517898947000504,0.7537817358970642,-0.36594200134277344,-0.09035764634609222,0.8507773876190186,-0.3921699821949005,-0.08255297690629959,0.0,0.0,0.0,0.0,0.0,0.0,0.0,0.0,0.0,0.0,0.0,0.0,0.0,0.0,0.0,0.0,0.0,0.0,0.0,0.0,0.0,0.0,0.0,0.0,0.0,0.0,0.0,0.0,0.0,0.0,0.0,0.0,0.0,0.0,0.0,0.0,0.0,0.0,0.0,0.0,0.0,0.0,0.0,0.0,0.0,0.0,0.0,0.0,0.0,0.0,0.0,0.0,0.0,0.0,0.0,0.0,0.0,0.0,0.0,0.0,0.0,0.0,0.0,DOCTOR
0.0,0.0,0.0,-0.0733739584684372,-0.30802997946739197,0.010206438601016998,-0.09965899586677551,-0.5930616855621338,-0.006325447931885719,-0.07620082795619965,-0.8157758116722107,-0.026672959327697754,-0.09532667696475983,-0.9946383237838745,-0.04009381681680679,0.1748146265745163,-0.6980882883071899,-0.0414937324821949,0.30108991265296936,-0.6370965838432312,-0.036811523139476776,0.2599412202835083,-0.5362382531166077,-0.030197426676750183,0.1835881620645523,-0.4798448383808136,-0.030454691499471664,0.28556355834007263,-0.5927613377571106,-0.06731259077787399,0.3845953047275543,-0.5012260675430298,-0.04136265069246292,0.3293413817882538,-0.42086243629455566,-0.038003385066986084,0.26201143860816956,-0.3706752359867096,-0.05832806974649429,0.3718786835670471,-0.4403948187828064,-0.085847407579422,0.4645591378211975,-0.3852808177471161,-0.08807622641324997,0.40086689591407776,-0.30886349081993103,-0.07789165526628494,0.3318038880825043,-0.26759153604507446,-0.08412601798772812,0.43752768635749817,-0.2623523473739624,-0.10043112933635712,0.6297895312309265,-0.33582645654678345,-0.11795154213905334,0.7518929839134216,-0.3556864261627197,-0.10627038776874542,0.8528741002082825,-0.3811694085597992,-0.10008914768695831,0.0,0.0,0.0,0.0,0.0,0.0,0.0,0.0,0.0,0.0,0.0,0.0,0.0,0.0,0.0,0.0,0.0,0.0,0.0,0.0,0.0,0.0,0.0,0.0,0.0,0.0,0.0,0.0,0.0,0.0,0.0,0.0,0.0,0.0,0.0,0.0,0.0,0.0,0.0,0.0,0.0,0.0,0.0,0.0,0.0,0.0,0.0,0.0,0.0,0.0,0.0,0.0,0.0,0.0,0.0,0.0,0.0,0.0,0.0,0.0,0.0,0.0,0.0,DOCTOR
0.0,0.0,0.0,-0.07690546661615372,-0.3047195076942444,0.00538376159965992,-0.1046900823712349,-0.5859072208404541,-0.013654113747179508,-0.07943572103977203,-0.8126148581504822,-0.03647341951727867,-0.09863534569740295,-0.9937677383422852,-0.05193106457591057,0.1686762273311615,-0.6972290873527527,-0.039544206112623215,0.29180631041526794,-0.631543755531311,-0.03757437691092491,0.2519662082195282,-0.528989851474762,-0.034025389701128006,0.1765478551387787,-0.4689497947692871,-0.03654477372765541,0.2815902531147003,-0.5945081114768982,-0.06423334777355194,0.3751789331436157,-0.5057497024536133,-0.04178200662136078,0.3236828148365021,-0.4247676432132721,-0.04086604341864586,0.2589758634567261,-0.37166768312454224,-0.06231354549527168,0.36894360184669495,-0.44588571786880493,-0.08289287984371185,0.460774302482605,-0.3996729254722595,-0.0891275703907013,0.40389302372932434,-0.3236686885356903,-0.08119314908981323,0.33871036767959595,-0.27953195571899414,-0.08813294023275375,0.4361570477485657,-0.27217620611190796,-0.09803832322359085,0.6256789565086365,-0.3405677080154419,-0.11815129220485687,0.7452347874641418,-0.35648906230926514,-0.10829917341470718,0.8427703976631165,-0.3793092370033264,-0.10308093577623367,0.0,0.0,0.0,0.0,0.0,0.0,0.0,0.0,0.0,0.0,0.0,0.0,0.0,0.0,0.0,0.0,0.0,0.0,0.0,0.0,0.0,0.0,0.0,0.0,0.0,0.0,0.0,0.0,0.0,0.0,0.0,0.0,0.0,0.0,0.0,0.0,0.0,0.0,0.0,0.0,0.0,0.0,0.0,0.0,0.0,0.0,0.0,0.0,0.0,0.0,0.0,0.0,0.0,0.0,0.0,0.0,0.0,0.0,0.0,0.0,0.0,0.0,0.0,DOCTOR
0.0,0.0,0.0,-0.07569608837366104,-0.31240037083625793,0.006879124324768782,-0.10798048228025436,-0.5923084020614624,-0.016582338139414787,-0.08580271899700165,-0.8157361149787903,-0.04359407722949982,-0.10084609687328339,-0.9929980635643005,-0.061521016061306,0.161054328083992,-0.7235398292541504,-0.05734166502952576,0.28202709555625916,-0.6817396879196167,-0.05409279838204384,0.2466992437839508,-0.566100537776947,-0.04601139575242996,0.17507140338420868,-0.5047770142555237,-0.04881981760263443,0.2757245600223541,-0.6278330683708191,-0.08653862774372101,0.373992919921875,-0.5554469227790833,-0.06261325627565384,0.3297277092933655,-0.4662784934043884,-0.0578472800552845,0.2721986770629883,-0.4148516058921814,-0.08010108023881912,0.3675963580608368,-0.4814240634441376,-0.10820137709379196,0.47074228525161743,-0.43772464990615845,-0.10972367227077484,0.4201180636882782,-0.36067450046539307,-0.09686640650033951,0.35514557361602783,-0.3157213032245636,-0.10579189658164978,0.436367928981781,-0.30401232838630676,-0.12723879516124725,0.6296424269676208,-0.3755388855934143,-0.15176326036453247,0.7585617303848267,-0.39095258712768555,-0.1441904604434967,0.8637065291404724,-0.4072549641132355,-0.142385333776474,0.0,0.0,0.0,0.0,0.0,0.0,0.0,0.0,0.0,0.0,0.0,0.0,0.0,0.0,0.0,0.0,0.0,0.0,0.0,0.0,0.0,0.0,0.0,0.0,0.0,0.0,0.0,0.0,0.0,0.0,0.0,0.0,0.0,0.0,0.0,0.0,0.0,0.0,0.0,0.0,0.0,0.0,0.0,0.0,0.0,0.0,0.0,0.0,0.0,0.0,0.0,0.0,0.0,0.0,0.0,0.0,0.0,0.0,0.0,0.0,0.0,0.0,0.0,DOCTOR
0.0,0.0,0.0,-0.08876225352287292,-0.30751168727874756,0.008544126525521278,-0.12707094848155975,-0.5872173309326172,-0.011256306432187557,-0.10577463358640671,-0.8140595555305481,-0.03260985389351845,-0.12425096333026886,-0.9912450909614563,-0.0446651466190815,0.14302891492843628,-0.7183607816696167,-0.055328529328107834,0.25429007411003113,-0.6632692813873291,-0.04636845737695694,0.22374877333641052,-0.5567767024040222,-0.032290395349264145,0.15297022461891174,-0.4882011115550995,-0.03082178719341755,0.2661351263523102,-0.6148932576179504,-0.07933979481458664,0.3525896966457367,-0.5582737922668457,-0.052438363432884216,0.30420470237731934,-0.471990704536438,-0.041536878794431686,0.24449767172336578,-0.4116009771823883,-0.05934382975101471,0.3624878525733948,-0.46727633476257324,-0.09492404013872147,0.46703723073005676,-0.46543630957603455,-0.09513048082590103,0.4166451096534729,-0.3858247399330139,-0.07635928690433502,0.3539230227470398,-0.3257628381252289,-0.08113686740398407,0.43445566296577454,-0.29416078329086304,-0.10653500258922577,0.6263197064399719,-0.3735997974872589,-0.13204725086688995,0.7479959726333618,-0.39546290040016174,-0.12441704422235489,0.8474241495132446,-0.4263182282447815,-0.12241143733263016,0.0,0.0,0.0,0.0,0.0,0.0,0.0,0.0,0.0,0.0,0.0,0.0,0.0,0.0,0.0,0.0,0.0,0.0,0.0,0.0,0.0,0.0,0.0,0.0,0.0,0.0,0.0,0.0,0.0,0.0,0.0,0.0,0.0,0.0,0.0,0.0,0.0,0.0,0.0,0.0,0.0,0.0,0.0,0.0,0.0,0.0,0.0,0.0,0.0,0.0,0.0,0.0,0.0,0.0,0.0,0.0,0.0,0.0,0.0,0.0,0.0,0.0,0.0,DOCTOR
0.0,0.0,0.0,-0.09014736860990524,-0.30203506350517273,0.0030909343622624874,-0.12974964082241058,-0.5776729583740234,-0.019362159073352814,-0.11211777478456497,-0.8115792274475098,-0.041832905262708664,-0.13190621137619019,-0.9897883534431458,-0.054034773260354996,0.12780442833900452,-0.7146530747413635,-0.06635738164186478,0.24319061636924744,-0.65632563829422,-0.05300474166870117,0.21609896421432495,-0.5476672649383545,-0.02903631515800953,0.1479472517967224,-0.48243051767349243,-0.020693160593509674,0.2534026801586151,-0.6207597851753235,-0.08831846714019775,0.34513986110687256,-0.5553168654441833,-0.06008092686533928,0.3015918731689453,-0.4659140408039093,-0.043983373790979385,0.24338681995868683,-0.40739232301712036,-0.057203955948352814,0.35488927364349365,-0.4780731201171875,-0.10108249634504318,0.4564417898654938,-0.47147151827812195,-0.10151118785142899,0.40909916162490845,-0.38546663522720337,-0.08015395700931549,0.34834587574005127,-0.32538333535194397,-0.08230604976415634,0.4305209219455719,-0.3067910969257355,-0.11006896197795868,0.6102374792098999,-0.38060426712036133,-0.13275748491287231,0.7222344875335693,-0.3945096731185913,-0.12080389261245728,0.811298668384552,-0.4209804832935333,-0.11533363908529282,0.0,0.0,0.0,0.0,0.0,0.0,0.0,0.0,0.0,0.0,0.0,0.0,0.0,0.0,0.0,0.0,0.0,0.0,0.0,0.0,0.0,0.0,0.0,0.0,0.0,0.0,0.0,0.0,0.0,0.0,0.0,0.0,0.0,0.0,0.0,0.0,0.0,0.0,0.0,0.0,0.0,0.0,0.0,0.0,0.0,0.0,0.0,0.0,0.0,0.0,0.0,0.0,0.0,0.0,0.0,0.0,0.0,0.0,0.0,0.0,0.0,0.0,0.0,DOCTOR
0.0,0.0,0.0,-0.09465687721967697,-0.33113282918930054,0.02347433567047119,-0.1391623616218567,-0.5974459648132324,0.012252474203705788,-0.1351488083600998,-0.8181180953979492,-0.003740458283573389,-0.14053773880004883,-0.989994466304779,-0.012655176222324371,0.13188667595386505,-0.7335420846939087,-0.021087201312184334,0.1992216408252716,-0.6791481375694275,-0.00021491767256520689,0.1752149909734726,-0.5820105671882629,0.009348881430923939,0.12388309836387634,-0.5294041037559509,0.00692650955170393,0.26252537965774536,-0.6639919281005859,-0.0460682287812233,0.3125011920928955,-0.5925936698913574,0.0014544619480147958,0.27464550733566284,-0.512184739112854,0.008133399300277233,0.2266288697719574,-0.46073949337005615,-0.012891851365566254,0.3658604323863983,-0.5403770208358765,-0.06060056388378143,0.4154922068119049,-0.5023797154426575,-0.03418435528874397,0.36396700143814087,-0.4217400550842285,-0.01827610656619072,0.3013167381286621,-0.36983364820480347,-0.027301833033561707,0.4399806261062622,-0.38319161534309387,-0.07183005660772324,0.6009974479675293,-0.4604446291923523,-0.06829001009464264,0.705784797668457,-0.5001986622810364,-0.047867756336927414,0.7787915468215942,-0.5520614981651306,-0.0384611114859581,0.0,0.0,0.0,0.0,0.0,0.0,0.0,0.0,0.0,0.0,0.0,0.0,0.0,0.0,0.0,0.0,0.0,0.0,0.0,0.0,0.0,0.0,0.0,0.0,0.0,0.0,0.0,0.0,0.0,0.0,0.0,0.0,0.0,0.0,0.0,0.0,0.0,0.0,0.0,0.0,0.0,0.0,0.0,0.0,0.0,0.0,0.0,0.0,0.0,0.0,0.0,0.0,0.0,0.0,0.0,0.0,0.0,0.0,0.0,0.0,0.0,0.0,0.0,DOCTOR
0.0,0.0,0.0,-0.11665178090333939,-0.30234429240226746,0.008953690528869629,-0.17457686364650726,-0.5744337439537048,-0.008375770412385464,-0.16597090661525726,-0.8053241968154907,-0.025706307962536812,-0.18070745468139648,-0.9828662276268005,-0.03631480038166046,0.1212327852845192,-0.738952100276947,-0.04670720547437668,0.191973015666008,-0.6427803635597229,-0.029258841648697853,0.16462071239948273,-0.5338076949119568,-0.017833910882472992,0.10667914152145386,-0.4742792248725891,-0.017427144572138786,0.2589307129383087,-0.6552774906158447,-0.06906021386384964,0.31332769989967346,-0.5560920834541321,-0.024101784452795982,0.2678108811378479,-0.4716565012931824,-0.01796421781182289,0.2089359015226364,-0.413166344165802,-0.040929246693849564,0.3627018332481384,-0.512558102607727,-0.08104363083839417,0.4019186496734619,-0.45079609751701355,-0.06810067594051361,0.3409844934940338,-0.3652876913547516,-0.05804545804858208,0.27428194880485535,-0.31380099058151245,-0.06852233409881592,0.43698349595069885,-0.3376562297344208,-0.0890517383813858,0.6067265868186951,-0.4282940626144409,-0.09531547129154205,0.7200055718421936,-0.4730951488018036,-0.07707875221967697,0.803354799747467,-0.5235182642936707,-0.06856230646371841,0.0,0.0,0.0,0.0,0.0,0.0,0.0,0.0,0.0,0.0,0.0,0.0,0.0,0.0,0.0,0.0,0.0,0.0,0.0,0.0,0.0,0.0,0.0,0.0,0.0,0.0,0.0,0.0,0.0,0.0,0.0,0.0,0.0,0.0,0.0,0.0,0.0,0.0,0.0,0.0,0.0,0.0,0.0,0.0,0.0,0.0,0.0,0.0,0.0,0.0,0.0,0.0,0.0,0.0,0.0,0.0,0.0,0.0,0.0,0.0,0.0,0.0,0.0,DOCTOR
0.0,0.0,0.0,-0.11368419229984283,-0.3019513785839081,0.009989946149289608,-0.17112122476100922,-0.5676156878471375,-0.010217757895588875,-0.164465993642807,-0.799061119556427,-0.030362021178007126,-0.17850816249847412,-0.9830185770988464,-0.04253628849983215,0.11552124470472336,-0.7352797985076904,-0.05855989456176758,0.1973368227481842,-0.6634713411331177,-0.0377681702375412,0.1740408092737198,-0.5507248044013977,-0.01579485833644867,0.11388340592384338,-0.48411306738853455,-0.006964006461203098,0.25134822726249695,-0.6536491513252258,-0.08144986629486084,0.3232366442680359,-0.5655295848846436,-0.03360672667622566,0.28241488337516785,-0.47905781865119934,-0.02113243378698826,0.22229169309139252,-0.41795584559440613,-0.04030568152666092,0.356987327337265,-0.5121697783470154,-0.09268644452095032,0.41031160950660706,-0.4562082886695862,-0.07496707886457443,0.35391688346862793,-0.36881235241889954,-0.06088308244943619,0.2887844145298004,-0.31302711367607117,-0.07069402188062668,0.4348297715187073,-0.34087663888931274,-0.09968122094869614,0.609794020652771,-0.4258168637752533,-0.10043680667877197,0.7216019630432129,-0.4690341353416443,-0.07927403599023819,0.8017286658287048,-0.5186223387718201,-0.07014278322458267,0.0,0.0,0.0,0.0,0.0,0.0,0.0,0.0,0.0,0.0,0.0,0.0,0.0,0.0,0.0,0.0,0.0,0.0,0.0,0.0,0.0,0.0,0.0,0.0,0.0,0.0,0.0,0.0,0.0,0.0,0.0,0.0,0.0,0.0,0.0,0.0,0.0,0.0,0.0,0.0,0.0,0.0,0.0,0.0,0.0,0.0,0.0,0.0,0.0,0.0,0.0,0.0,0.0,0.0,0.0,0.0,0.0,0.0,0.0,0.0,0.0,0.0,0.0,DOCTOR
0.0,0.0,0.0,-0.12016377598047256,-0.3072885274887085,0.0055056847631931305,-0.17586174607276917,-0.5682067275047302,-0.0128965824842453,-0.17183591425418854,-0.7967944145202637,-0.035264864563941956,-0.18926502764225006,-0.9805483222007751,-0.051997702568769455,0.11627025902271271,-0.7369866967201233,-0.025156604126095772,0.19038347899913788,-0.6505186557769775,-0.01344726886600256,0.17645595967769623,-0.5419052839279175,-0.010129982605576515,0.1306239515542984,-0.4704330861568451,-0.013795288279652596,0.2519407272338867,-0.666226327419281,-0.049242231994867325,0.3048630356788635,-0.5562822818756104,-0.012627184391021729,0.2651083171367645,-0.4675672948360443,-0.015805445611476898,0.21357642114162445,-0.4055076837539673,-0.0406055711209774,0.3525896966457367,-0.5365860462188721,-0.06604541838169098,0.4005777835845947,-0.46591007709503174,-0.057143013924360275,0.3513960838317871,-0.3722764253616333,-0.050275370478630066,0.2949966490268707,-0.3156224191188812,-0.0611305758357048,0.4213193356990814,-0.3730340600013733,-0.08093419671058655,0.5654123425483704,-0.4399682581424713,-0.08886579424142838,0.6652253866195679,-0.47322946786880493,-0.07077911496162415,0.7404562830924988,-0.5106254816055298,-0.06093795225024223,0.0,0.0,0.0,0.0,0.0,0.0,0.0,0.0,0.0,0.0,0.0,0.0,0.0,0.0,0.0,0.0,0.0,0.0,0.0,0.0,0.0,0.0,0.0,0.0,0.0,0.0,0.0,0.0,0.0,0.0,0.0,0.0,0.0,0.0,0.0,0.0,0.0,0.0,0.0,0.0,0.0,0.0,0.0,0.0,0.0,0.0,0.0,0.0,0.0,0.0,0.0,0.0,0.0,0.0,0.0,0.0,0.0,0.0,0.0,0.0,0.0,0.0,0.0,DOCTOR
0.0,0.0,0.0,-0.13318514823913574,-0.2727324068546295,-0.002875956939533353,-0.2051088809967041,-0.5460389256477356,-0.02970818057656288,-0.2047855705022812,-0.7859211564064026,-0.0608091838657856,-0.22390815615653992,-0.970977783203125,-0.08406751602888107,0.09114927053451538,-0.7490628957748413,-0.04357190057635307,0.25565844774246216,-0.6834559440612793,-0.04637450352311134,0.2572590708732605,-0.5563762784004211,-0.04455916956067085,0.19873303174972534,-0.479680597782135,-0.04319768771529198,0.23162081837654114,-0.6671664714813232,-0.06647327542304993,0.36895546317100525,-0.572517454624176,-0.04005303978919983,0.3415009081363678,-0.46739113330841064,-0.033865634351968765,0.2826150059700012,-0.39785489439964294,-0.047188419848680496,0.34040579199790955,-0.5365302562713623,-0.08473560214042664,0.4582691490650177,-0.47157883644104004,-0.08217298239469528,0.4211939871311188,-0.3716428279876709,-0.06633462756872177,0.35879865288734436,-0.3102608621120453,-0.06616254150867462,0.4240952730178833,-0.3767409324645996,-0.10214999318122864,0.5814586281776428,-0.4339149296283722,-0.10187432914972305,0.6802305579185486,-0.4688884913921356,-0.07605619728565216,0.7498790621757507,-0.5040578246116638,-0.059392329305410385,0.0,0.0,0.0,0.0,0.0,0.0,0.0,0.0,0.0,0.0,0.0,0.0,0.0,0.0,0.0,0.0,0.0,0.0,0.0,0.0,0.0,0.0,0.0,0.0,0.0,0.0,0.0,0.0,0.0,0.0,0.0,0.0,0.0,0.0,0.0,0.0,0.0,0.0,0.0,0.0,0.0,0.0,0.0,0.0,0.0,0.0,0.0,0.0,0.0,0.0,0.0,0.0,0.0,0.0,0.0,0.0,0.0,0.0,0.0,0.0,0.0,0.0,0.0,DOCTOR
0.0,0.0,0.0,-0.1316545009613037,-0.29542118310928345,-0.0063553364016115665,-0.19716812670230865,-0.5522681474685669,-0.03192496672272682,-0.19929064810276031,-0.787992000579834,-0.05841352790594101,-0.22257687151432037,-0.9719160795211792,-0.07641072571277618,0.09234928339719772,-0.758378267288208,-0.04427548870444298,0.19640730321407318,-0.6965122818946838,-0.02497907355427742,0.18924295902252197,-0.5845258831977844,-0.007064499892294407,0.14074285328388214,-0.5082200169563293,-0.0014002268435433507,0.2367360144853592,-0.676632285118103,-0.06100053712725639,0.3185815215110779,-0.6096806526184082,-0.020333759486675262,0.28643032908439636,-0.5198296904563904,-0.011006897315382957,0.23473995923995972,-0.4416598975658417,-0.02648922987282276,0.3457585871219635,-0.5412656664848328,-0.07032033801078796,0.4233945608139038,-0.511937141418457,-0.05402379482984543,0.38290342688560486,-0.42898237705230713,-0.03556519001722336,0.32347825169563293,-0.3557445704936981,-0.0389181524515152,0.42796558141708374,-0.3726089298725128,-0.07899978011846542,0.5711540579795837,-0.44662532210350037,-0.07851346582174301,0.6595675349235535,-0.4890024960041046,-0.056272950023412704,0.7205670475959778,-0.5205986499786377,-0.0433969721198082,0.0,0.0,0.0,0.0,0.0,0.0,0.0,0.0,0.0,0.0,0.0,0.0,0.0,0.0,0.0,0.0,0.0,0.0,0.0,0.0,0.0,0.0,0.0,0.0,0.0,0.0,0.0,0.0,0.0,0.0,0.0,0.0,0.0,0.0,0.0,0.0,0.0,0.0,0.0,0.0,0.0,0.0,0.0,0.0,0.0,0.0,0.0,0.0,0.0,0.0,0.0,0.0,0.0,0.0,0.0,0.0,0.0,0.0,0.0,0.0,0.0,0.0,0.0,DOCTOR
0.0,0.0,0.0,-0.1459207981824875,-0.2906758785247803,-0.0018733316101133823,-0.2130376696586609,-0.5555521845817566,-0.02279697358608246,-0.21893522143363953,-0.7858777642250061,-0.043137867003679276,-0.24507975578308105,-0.9680314064025879,-0.053396500647068024,0.062402114272117615,-0.7636687755584717,-0.045904673635959625,0.14683720469474792,-0.6911974549293518,-0.026282772421836853,0.13259315490722656,-0.5699083805084229,-0.007560109253972769,0.07560405880212784,-0.482278436422348,-0.0016187370056286454,0.20308712124824524,-0.6818374395370483,-0.06447837501764297,0.26150572299957275,-0.5941236019134521,-0.02316894941031933,0.22107122838497162,-0.4982534348964691,-0.016623400151729584,0.16106268763542175,-0.41835588216781616,-0.03760571405291557,0.31287458539009094,-0.5456169843673706,-0.0741383507847786,0.35920339822769165,-0.48965761065483093,-0.05991191416978836,0.3034544885158539,-0.39529964327812195,-0.0424526147544384,0.23537679016590118,-0.31423166394233704,-0.04891408234834671,0.39759960770606995,-0.375760942697525,-0.08253144472837448,0.5403918027877808,-0.4439716935157776,-0.08501634746789932,0.6324588656425476,-0.4845195412635803,-0.06380940973758698,0.6981795430183411,-0.5177111625671387,-0.054046355187892914,0.0,0.0,0.0,0.0,0.0,0.0,0.0,0.0,0.0,0.0,0.0,0.0,0.0,0.0,0.0,0.0,0.0,0.0,0.0,0.0,0.0,0.0,0.0,0.0,0.0,0.0,0.0,0.0,0.0,0.0,0.0,0.0,0.0,0.0,0.0,0.0,0.0,0.0,0.0,0.0,0.0,0.0,0.0,0.0,0.0,0.0,0.0,0.0,0.0,0.0,0.0,0.0,0.0,0.0,0.0,0.0,0.0,0.0,0.0,0.0,0.0,0.0,0.0,DOCTOR
0.0,0.0,0.0,-0.15191811323165894,-0.2826921343803406,-0.001384999486617744,-0.20637616515159607,-0.5569905042648315,-0.01670941896736622,-0.2082464098930359,-0.789050817489624,-0.03703715652227402,-0.2415231168270111,-0.9691608548164368,-0.04892680421471596,0.0722012147307396,-0.7819200754165649,0.003715499769896269,0.20695555210113525,-0.7212960124015808,0.011645437218248844,0.19794361293315887,-0.6065250039100647,0.009138790890574455,0.13859300315380096,-0.5231884717941284,0.0018043573945760727,0.20468264818191528,-0.7013877034187317,-0.01971328631043434,0.3087276220321655,-0.6376005411148071,0.01045822724699974,0.27531808614730835,-0.5449432134628296,0.004669421352446079,0.21653585135936737,-0.46677181124687195,-0.01826399564743042,0.31266188621520996,-0.5675939917564392,-0.040132392197847366,0.4047696590423584,-0.5505040884017944,-0.03602461889386177,0.36682793498039246,-0.46084997057914734,-0.024369802325963974,0.30844229459762573,-0.38859719038009644,-0.027954963967204094,0.3972499370574951,-0.39609232544898987,-0.06043802574276924,0.5448253154754639,-0.47140827775001526,-0.06672073900699615,0.6368449926376343,-0.5104673504829407,-0.04663529992103577,0.7042825818061829,-0.544945240020752,-0.033645350486040115,0.0,0.0,0.0,0.0,0.0,0.0,0.0,0.0,0.0,0.0,0.0,0.0,0.0,0.0,0.0,0.0,0.0,0.0,0.0,0.0,0.0,0.0,0.0,0.0,0.0,0.0,0.0,0.0,0.0,0.0,0.0,0.0,0.0,0.0,0.0,0.0,0.0,0.0,0.0,0.0,0.0,0.0,0.0,0.0,0.0,0.0,0.0,0.0,0.0,0.0,0.0,0.0,0.0,0.0,0.0,0.0,0.0,0.0,0.0,0.0,0.0,0.0,0.0,DOCTOR
0.0,0.0,0.0,-0.13920867443084717,-0.28753602504730225,0.015265457332134247,-0.1802791953086853,-0.5768159627914429,0.015826744958758354,-0.1762421429157257,-0.8067899942398071,0.009120042435824871,-0.21068497002124786,-0.9775092005729675,0.009362361393868923,0.09523110836744308,-0.7954149842262268,0.03133028745651245,0.2298227697610855,-0.7202661633491516,0.05054666846990585,0.20950163900852203,-0.6046123504638672,0.053039081394672394,0.14554321765899658,-0.5239749550819397,0.048237573355436325,0.22188785672187805,-0.7159652709960938,0.005138345994055271,0.3254089057445526,-0.6348258852958679,0.04634818807244301,0.28624701499938965,-0.5408034920692444,0.04414980858564377,0.22730539739131927,-0.466681569814682,0.02333737351000309,0.3228398859500885,-0.5836111903190613,-0.017203234136104584,0.41170066595077515,-0.5480878949165344,-0.00516918720677495,0.37008485198020935,-0.45343151688575745,0.005488155409693718,0.31027406454086304,-0.3852415680885315,0.0013888522516936064,0.4016317129135132,-0.41614407300949097,-0.037950627505779266,0.5466824173927307,-0.49505913257598877,-0.03851056471467018,0.6390703320503235,-0.5287775993347168,-0.018086237832903862,0.7075583338737488,-0.5603275895118713,-0.004655134864151478,0.0,0.0,0.0,0.0,0.0,0.0,0.0,0.0,0.0,0.0,0.0,0.0,0.0,0.0,0.0,0.0,0.0,0.0,0.0,0.0,0.0,0.0,0.0,0.0,0.0,0.0,0.0,0.0,0.0,0.0,0.0,0.0,0.0,0.0,0.0,0.0,0.0,0.0,0.0,0.0,0.0,0.0,0.0,0.0,0.0,0.0,0.0,0.0,0.0,0.0,0.0,0.0,0.0,0.0,0.0,0.0,0.0,0.0,0.0,0.0,0.0,0.0,0.0,DOCTOR
0.0,0.0,0.0,-0.16866521537303925,-0.2779298722743988,0.057195015251636505,-0.1914105862379074,-0.5767897963523865,0.09648390114307404,-0.17031219601631165,-0.8022285103797913,0.11903449892997742,-0.19614896178245544,-0.9703565835952759,0.1411864310503006,0.07128611952066422,-0.7744675874710083,0.15402281284332275,0.12401893734931946,-0.7122117877006531,0.21627365052700043,0.09956184774637222,-0.6045392155647278,0.21778462827205658,0.05873434618115425,-0.5307364463806152,0.20671893656253815,0.20595164597034454,-0.7105765342712402,0.12172313034534454,0.23235556483268738,-0.6299923062324524,0.2077978551387787,0.19099296629428864,-0.541016697883606,0.18653061985969543,0.15163059532642365,-0.4636775255203247,0.14846907556056976,0.3074667453765869,-0.5917041301727295,0.09515742212533951,0.33962199091911316,-0.567486047744751,0.14984558522701263,0.3062285780906677,-0.4789942800998688,0.1441764384508133,0.27050861716270447,-0.40416666865348816,0.12203487008810043,0.38760828971862793,-0.4327887296676636,0.07323235273361206,0.5119019746780396,-0.5199403166770935,0.11839524656534195,0.5972383618354797,-0.5568362474441528,0.15096408128738403,0.6594570875167847,-0.5833491086959839,0.16587978601455688,0.0,0.0,0.0,0.0,0.0,0.0,0.0,0.0,0.0,0.0,0.0,0.0,0.0,0.0,0.0,0.0,0.0,0.0,0.0,0.0,0.0,0.0,0.0,0.0,0.0,0.0,0.0,0.0,0.0,0.0,0.0,0.0,0.0,0.0,0.0,0.0,0.0,0.0,0.0,0.0,0.0,0.0,0.0,0.0,0.0,0.0,0.0,0.0,0.0,0.0,0.0,0.0,0.0,0.0,0.0,0.0,0.0,0.0,0.0,0.0,0.0,0.0,0.0,DOCTOR
0.0,0.0,0.0,-0.177204430103302,-0.2766570746898651,0.05077977478504181,-0.2050776481628418,-0.5703979134559631,0.08552012592554092,-0.19007828831672668,-0.7969691157341003,0.10332971811294556,-0.2207876443862915,-0.9678625464439392,0.12039510160684586,0.06540071964263916,-0.7561838030815125,0.1477973759174347,0.11981180310249329,-0.6667208075523376,0.2024407982826233,0.09395132958889008,-0.5540370941162109,0.1989145576953888,0.048862945288419724,-0.4744729995727539,0.1852569431066513,0.20591014623641968,-0.6934596300125122,0.11326608806848526,0.2348695993423462,-0.5820547938346863,0.185276597738266,0.18577730655670166,-0.4849452078342438,0.15443924069404602,0.13819794356822968,-0.40483734011650085,0.1116856187582016,0.3164197504520416,-0.5774703025817871,0.08424274623394012,0.34542879462242126,-0.5227991342544556,0.1262977421283722,0.298820823431015,-0.4215501844882965,0.11638501286506653,0.25279760360717773,-0.34739017486572266,0.0940973162651062,0.4050542414188385,-0.41981786489486694,0.05953597277402878,0.5357977747917175,-0.49735912680625916,0.09517852216959,0.6258438229560852,-0.5385197997093201,0.12464511394500732,0.6925594210624695,-0.5738444924354553,0.13898631930351257,0.0,0.0,0.0,0.0,0.0,0.0,0.0,0.0,0.0,0.0,0.0,0.0,0.0,0.0,0.0,0.0,0.0,0.0,0.0,0.0,0.0,0.0,0.0,0.0,0.0,0.0,0.0,0.0,0.0,0.0,0.0,0.0,0.0,0.0,0.0,0.0,0.0,0.0,0.0,0.0,0.0,0.0,0.0,0.0,0.0,0.0,0.0,0.0,0.0,0.0,0.0,0.0,0.0,0.0,0.0,0.0,0.0,0.0,0.0,0.0,0.0,0.0,0.0,DOCTOR
0.0,0.0,0.0,-0.18632391095161438,-0.27624523639678955,0.056264590471982956,-0.21906380355358124,-0.559686005115509,0.09157513827085495,-0.2079802006483078,-0.7854928374290466,0.10890532284975052,-0.24017521739006042,-0.9628456830978394,0.12346697598695755,0.0724983811378479,-0.7491701245307922,0.1548488438129425,0.10588566958904266,-0.62702876329422,0.21901479363441467,0.0789354220032692,-0.5089478492736816,0.21953493356704712,0.03673136234283447,-0.4248184263706207,0.20829778909683228,0.21418063342571259,-0.6829378604888916,0.1168096587061882,0.2193126380443573,-0.5315814018249512,0.19675607979297638,0.16257710754871368,-0.43256503343582153,0.15848708152770996,0.11351826041936874,-0.3509860038757324,0.10806652903556824,0.3233003318309784,-0.5630761384963989,0.08679274469614029,0.32435938715934753,-0.47815412282943726,0.1367722600698471,0.2674185335636139,-0.3693549335002899,0.120760977268219,0.2193663865327835,-0.29659491777420044,0.09159073233604431,0.40647023916244507,-0.39957162737846375,0.06185479834675789,0.5417171716690063,-0.477492094039917,0.10789810121059418,0.6342993378639221,-0.528363049030304,0.14162421226501465,0.7012439370155334,-0.5733799338340759,0.15624895691871643,0.0,0.0,0.0,0.0,0.0,0.0,0.0,0.0,0.0,0.0,0.0,0.0,0.0,0.0,0.0,0.0,0.0,0.0,0.0,0.0,0.0,0.0,0.0,0.0,0.0,0.0,0.0,0.0,0.0,0.0,0.0,0.0,0.0,0.0,0.0,0.0,0.0,0.0,0.0,0.0,0.0,0.0,0.0,0.0,0.0,0.0,0.0,0.0,0.0,0.0,0.0,0.0,0.0,0.0,0.0,0.0,0.0,0.0,0.0,0.0,0.0,0.0,0.0,DOCTOR
0.0,0.0,0.0,-0.17640981078147888,-0.2825842797756195,0.03672104328870773,-0.21650883555412292,-0.5629647970199585,0.05718826502561569,-0.2126961648464203,-0.7906551957130432,0.06633392721414566,-0.2561611235141754,-0.963744580745697,0.07468533515930176,0.08130162954330444,-0.757121741771698,0.09789194911718369,0.10705661028623581,-0.6318583488464355,0.1551091969013214,0.08093471080064774,-0.5142534971237183,0.16196386516094208,0.04152458906173706,-0.4379676878452301,0.15579620003700256,0.22193053364753723,-0.6894205212593079,0.06805356591939926,0.21867674589157104,-0.5327880382537842,0.14431919157505035,0.1650594025850296,-0.43383798003196716,0.11681683361530304,0.12022177129983902,-0.36221861839294434,0.07231739908456802,0.3292653262615204,-0.5600385069847107,0.04739132896065712,0.31636103987693787,-0.47228091955184937,0.09064316004514694,0.25802674889564514,-0.36146095395088196,0.07955686748027802,0.21037058532238007,-0.29350370168685913,0.053822409361600876,0.40774133801460266,-0.3915327787399292,0.03151160478591919,0.532995343208313,-0.48270437121391296,0.06944984942674637,0.622810959815979,-0.5342186093330383,0.10351249575614929,0.6895033121109009,-0.5796451568603516,0.11954089999198914,0.0,0.0,0.0,0.0,0.0,0.0,0.0,0.0,0.0,0.0,0.0,0.0,0.0,0.0,0.0,0.0,0.0,0.0,0.0,0.0,0.0,0.0,0.0,0.0,0.0,0.0,0.0,0.0,0.0,0.0,0.0,0.0,0.0,0.0,0.0,0.0,0.0,0.0,0.0,0.0,0.0,0.0,0.0,0.0,0.0,0.0,0.0,0.0,0.0,0.0,0.0,0.0,0.0,0.0,0.0,0.0,0.0,0.0,0.0,0.0,0.0,0.0,0.0,DOCTOR
0.0,0.0,0.0,-0.1801161766052246,-0.27891865372657776,0.030868491157889366,-0.22845447063446045,-0.5639855265617371,0.045912377536296844,-0.22847099602222443,-0.7905629277229309,0.052114807069301605,-0.2744426727294922,-0.9597759246826172,0.05925725772976875,0.06902602314949036,-0.7509657144546509,0.07236234098672867,0.0892256572842598,-0.6186433434486389,0.1274387389421463,0.06151694804430008,-0.5016480088233948,0.13940556347370148,0.018552729859948158,-0.4203784763813019,0.13659921288490295,0.2094321846961975,-0.6803030371665955,0.04383840411901474,0.19571956992149353,-0.5129159092903137,0.11442051827907562,0.1398887187242508,-0.41620737314224243,0.09095605462789536,0.09328023344278336,-0.34271475672721863,0.04833335801959038,0.31645065546035767,-0.5493417978286743,0.025424383580684662,0.29503265023231506,-0.4563707113265991,0.0644877701997757,0.23159213364124298,-0.35140460729599,0.05584510788321495,0.18172061443328857,-0.28240734338760376,0.030718164518475533,0.3953826129436493,-0.3787998855113983,0.01121689286082983,0.5241011381149292,-0.4666367769241333,0.039968669414520264,0.614885687828064,-0.5207560658454895,0.06957308948040009,0.6819784641265869,-0.5680754780769348,0.08247210830450058,0.0,0.0,0.0,0.0,0.0,0.0,0.0,0.0,0.0,0.0,0.0,0.0,0.0,0.0,0.0,0.0,0.0,0.0,0.0,0.0,0.0,0.0,0.0,0.0,0.0,0.0,0.0,0.0,0.0,0.0,0.0,0.0,0.0,0.0,0.0,0.0,0.0,0.0,0.0,0.0,0.0,0.0,0.0,0.0,0.0,0.0,0.0,0.0,0.0,0.0,0.0,0.0,0.0,0.0,0.0,0.0,0.0,0.0,0.0,0.0,0.0,0.0,0.0,DOCTOR
0.0,0.0,0.0,-0.18071027100086212,-0.2672138512134552,0.0330108106136322,-0.2340078055858612,-0.5498910546302795,0.04953673481941223,-0.23144179582595825,-0.7819817662239075,0.0577164888381958,-0.2784031927585602,-0.958118736743927,0.06708308309316635,0.0684504434466362,-0.7538082003593445,0.0775146409869194,0.0896729826927185,-0.62378990650177,0.13766059279441833,0.05879347398877144,-0.5049865245819092,0.15178120136260986,0.013447031378746033,-0.4235951900482178,0.14886592328548431,0.20769736170768738,-0.6857398152351379,0.04972067102789879,0.19823294878005981,-0.5242730379104614,0.1266256868839264,0.14102120697498322,-0.42778706550598145,0.10429161787033081,0.09238376468420029,-0.3548439145088196,0.060340795665979385,0.31442081928253174,-0.5557047724723816,0.03246881067752838,0.29140928387641907,-0.46679750084877014,0.07799084484577179,0.2264254242181778,-0.36268332600593567,0.07063634693622589,0.1751156598329544,-0.2945987582206726,0.04372332990169525,0.3916890025138855,-0.3860584795475006,0.019641654565930367,0.5237027406692505,-0.47028106451034546,0.05323874577879906,0.610194742679596,-0.5265763998031616,0.0841062143445015,0.6715341210365295,-0.5824800729751587,0.09613858163356781,0.0,0.0,0.0,0.0,0.0,0.0,0.0,0.0,0.0,0.0,0.0,0.0,0.0,0.0,0.0,0.0,0.0,0.0,0.0,0.0,0.0,0.0,0.0,0.0,0.0,0.0,0.0,0.0,0.0,0.0,0.0,0.0,0.0,0.0,0.0,0.0,0.0,0.0,0.0,0.0,0.0,0.0,0.0,0.0,0.0,0.0,0.0,0.0,0.0,0.0,0.0,0.0,0.0,0.0,0.0,0.0,0.0,0.0,0.0,0.0,0.0,0.0,0.0,DOCTOR
0.0,0.0,0.0,-0.1623649150133133,-0.2849220335483551,0.036168359220027924,-0.20093458890914917,-0.5674638152122498,0.05145904794335365,-0.19993045926094055,-0.795711100101471,0.05904122069478035,-0.24112893640995026,-0.9680818915367126,0.0683695375919342,0.09116233140230179,-0.7796403169631958,0.06447098404169083,0.1287849098443985,-0.6778391003608704,0.12152623385190964,0.10147091001272202,-0.5628169178962708,0.1395956128835678,0.058648016303777695,-0.4886416792869568,0.14000122249126434,0.22825628519058228,-0.710178017616272,0.03620631620287895,0.23058027029037476,-0.5822885036468506,0.11529496312141418,0.18583425879478455,-0.49288296699523926,0.10398821532726288,0.14696532487869263,-0.4261370599269867,0.06839634478092194,0.33056023716926575,-0.5803648233413696,0.018536513671278954,0.3173328638076782,-0.5100992918014526,0.06595274060964584,0.2647187411785126,-0.4118002653121948,0.06440206617116928,0.2174845039844513,-0.35176101326942444,0.04190454259514809,0.4009122848510742,-0.4149668216705322,0.00549410842359066,0.5195419192314148,-0.5045251846313477,0.037160955369472504,0.6055939197540283,-0.5540761947631836,0.06615109741687775,0.666196882724762,-0.6000789403915405,0.07857594639062881,0.0,0.0,0.0,0.0,0.0,0.0,0.0,0.0,0.0,0.0,0.0,0.0,0.0,0.0,0.0,0.0,0.0,0.0,0.0,0.0,0.0,0.0,0.0,0.0,0.0,0.0,0.0,0.0,0.0,0.0,0.0,0.0,0.0,0.0,0.0,0.0,0.0,0.0,0.0,0.0,0.0,0.0,0.0,0.0,0.0,0.0,0.0,0.0,0.0,0.0,0.0,0.0,0.0,0.0,0.0,0.0,0.0,0.0,0.0,0.0,0.0,0.0,0.0,DOCTOR
0.0,0.0,0.0,-0.17200282216072083,-0.2767711877822876,0.02921280264854431,-0.22695237398147583,-0.5544594526290894,0.03659777343273163,-0.23129986226558685,-0.7838827967643738,0.036058209836483,-0.27450647950172424,-0.9608554840087891,0.03745522350072861,0.06571418046951294,-0.7481224536895752,0.047989897429943085,0.09366661310195923,-0.6331033110618591,0.10145232826471329,0.07202068716287613,-0.5156587958335876,0.12104608118534088,0.028765713796019554,-0.4381238520145416,0.12282415479421616,0.20362553000450134,-0.6841137409210205,0.018244953826069832,0.2027128040790558,-0.5344690680503845,0.08711756020784378,0.15297020971775055,-0.4396340250968933,0.07102417945861816,0.10577014088630676,-0.3692472577095032,0.03243274986743927,0.31034716963768005,-0.5584173798561096,-0.00041390134720131755,0.29579973220825195,-0.47524550557136536,0.04072815924882889,0.2364051640033722,-0.36955541372299194,0.038456983864307404,0.18557937443256378,-0.30588823556900024,0.015072344802320004,0.3871661126613617,-0.39420121908187866,-0.015155306085944176,0.51606285572052,-0.475874662399292,0.01263047382235527,0.6055972576141357,-0.5257049798965454,0.04156327247619629,0.6707582473754883,-0.577009379863739,0.05300362408161163,0.0,0.0,0.0,0.0,0.0,0.0,0.0,0.0,0.0,0.0,0.0,0.0,0.0,0.0,0.0,0.0,0.0,0.0,0.0,0.0,0.0,0.0,0.0,0.0,0.0,0.0,0.0,0.0,0.0,0.0,0.0,0.0,0.0,0.0,0.0,0.0,0.0,0.0,0.0,0.0,0.0,0.0,0.0,0.0,0.0,0.0,0.0,0.0,0.0,0.0,0.0,0.0,0.0,0.0,0.0,0.0,0.0,0.0,0.0,0.0,0.0,0.0,0.0,DOCTOR
0.0,0.0,0.0,-0.17384855449199677,-0.2727522850036621,0.01656137779355049,-0.22779342532157898,-0.549869954586029,0.018080957233905792,-0.2329401820898056,-0.7792541980743408,0.014734317548573017,-0.2775655686855316,-0.9605961441993713,0.014574804343283176,0.07758553326129913,-0.7464380860328674,0.039443593472242355,0.10389123857021332,-0.6275666952133179,0.08954384177923203,0.07436225563287735,-0.5114108324050903,0.10457558184862137,0.028698446229100227,-0.43506792187690735,0.10251987725496292,0.21077916026115417,-0.6776341199874878,0.015728216618299484,0.2054426521062851,-0.5280060768127441,0.08124836534261703,0.15203598141670227,-0.4363826513290405,0.06235746294260025,0.10583130270242691,-0.36672303080558777,0.021770788356661797,0.3128051459789276,-0.5500931143760681,0.002336825244128704,0.29037395119667053,-0.4666232764720917,0.042317651212215424,0.2273116111755371,-0.3640686869621277,0.0409395806491375,0.17666777968406677,-0.3010028600692749,0.018079502508044243,0.3839045763015747,-0.38528934121131897,-0.008265511132776737,0.5085838437080383,-0.46776190400123596,0.01771164871752262,0.5922006964683533,-0.5238432288169861,0.04698335379362106,0.651291012763977,-0.583000898361206,0.058893173933029175,0.0,0.0,0.0,0.0,0.0,0.0,0.0,0.0,0.0,0.0,0.0,0.0,0.0,0.0,0.0,0.0,0.0,0.0,0.0,0.0,0.0,0.0,0.0,0.0,0.0,0.0,0.0,0.0,0.0,0.0,0.0,0.0,0.0,0.0,0.0,0.0,0.0,0.0,0.0,0.0,0.0,0.0,0.0,0.0,0.0,0.0,0.0,0.0,0.0,0.0,0.0,0.0,0.0,0.0,0.0,0.0,0.0,0.0,0.0,0.0,0.0,0.0,0.0,DOCTOR
0.0,0.0,0.0,-0.16504979133605957,-0.2633756399154663,0.0006989328539930284,-0.23510600626468658,-0.5291458368301392,-0.010494054295122623,-0.25097790360450745,-0.7662649750709534,-0.021863896399736404,-0.29091566801071167,-0.9563523530960083,-0.027536645531654358,0.06698296219110489,-0.7565189599990845,0.00333108427003026,0.08470553159713745,-0.6294824481010437,0.04420030489563942,0.061193082481622696,-0.5159979462623596,0.05991679057478905,0.018886081874370575,-0.4456753134727478,0.060330167412757874,0.2064649611711502,-0.6947598457336426,-0.015388360247015953,0.19742800295352936,-0.5344746112823486,0.04394367337226868,0.1502680629491806,-0.4470524787902832,0.029592832550406456,0.10725414007902145,-0.3838657736778259,-0.007326927036046982,0.312399685382843,-0.5669462084770203,-0.02442893572151661,0.2905476987361908,-0.47405150532722473,0.0047526429407298565,0.23633518815040588,-0.37496018409729004,0.00413369107991457,0.18971967697143555,-0.3148042857646942,-0.0159929059445858,0.38508522510528564,-0.399392694234848,-0.03135092929005623,0.5016849040985107,-0.48217448592185974,-0.014610999263823032,0.5838281512260437,-0.5351564884185791,0.01270738709717989,0.642445981502533,-0.5865896344184875,0.025200892239809036,0.0,0.0,0.0,0.0,0.0,0.0,0.0,0.0,0.0,0.0,0.0,0.0,0.0,0.0,0.0,0.0,0.0,0.0,0.0,0.0,0.0,0.0,0.0,0.0,0.0,0.0,0.0,0.0,0.0,0.0,0.0,0.0,0.0,0.0,0.0,0.0,0.0,0.0,0.0,0.0,0.0,0.0,0.0,0.0,0.0,0.0,0.0,0.0,0.0,0.0,0.0,0.0,0.0,0.0,0.0,0.0,0.0,0.0,0.0,0.0,0.0,0.0,0.0,DOCTOR
0.0,0.0,0.0,-0.1761007010936737,-0.26129284501075745,-0.0007505336543545127,-0.24807091057300568,-0.5294666290283203,-0.014023679308593273,-0.2641267478466034,-0.7608221173286438,-0.02813245728611946,-0.30710530281066895,-0.9509544968605042,-0.03703777492046356,0.06792134046554565,-0.7470639944076538,0.0064316908828914165,0.08259572088718414,-0.6242310404777527,0.04785150662064552,0.05568821728229523,-0.5098145008087158,0.06109541282057762,0.01057502068579197,-0.436497300863266,0.05830884724855423,0.2023041993379593,-0.6800883412361145,-0.012896612286567688,0.18788886070251465,-0.5207982063293457,0.04242716357111931,0.13514551520347595,-0.42953696846961975,0.02153872698545456,0.08828532695770264,-0.3625842034816742,-0.02045353502035141,0.30618250370025635,-0.550842821598053,-0.021923622116446495,0.27754801511764526,-0.4577798843383789,0.010274027474224567,0.21399033069610596,-0.357421875,0.01022474467754364,0.16199567914009094,-0.29635146260261536,-0.011606252752244473,0.37754496932029724,-0.3821929097175598,-0.029593082144856453,0.49468594789505005,-0.462022066116333,-0.01111629419028759,0.5756246447563171,-0.519049882888794,0.017158929258584976,0.6323071718215942,-0.5769113898277283,0.029231900349259377,0.0,0.0,0.0,0.0,0.0,0.0,0.0,0.0,0.0,0.0,0.0,0.0,0.0,0.0,0.0,0.0,0.0,0.0,0.0,0.0,0.0,0.0,0.0,0.0,0.0,0.0,0.0,0.0,0.0,0.0,0.0,0.0,0.0,0.0,0.0,0.0,0.0,0.0,0.0,0.0,0.0,0.0,0.0,0.0,0.0,0.0,0.0,0.0,0.0,0.0,0.0,0.0,0.0,0.0,0.0,0.0,0.0,0.0,0.0,0.0,0.0,0.0,0.0,DOCTOR
0.0,0.0,0.0,-0.18119531869888306,-0.25725194811820984,-0.00684953760355711,-0.259659081697464,-0.5273948311805725,-0.02303011529147625,-0.2782560884952545,-0.7568415403366089,-0.03864894062280655,-0.31901487708091736,-0.9464684724807739,-0.049264855682849884,0.05625838041305542,-0.7436627745628357,-0.007048256229609251,0.04637192562222481,-0.6073711514472961,0.03025980293750763,0.02528374269604683,-0.4885489046573639,0.041124600917100906,-0.010207445360720158,-0.406667023897171,0.037263110280036926,0.19090379774570465,-0.6756600737571716,-0.024077031761407852,0.1607091873884201,-0.5107519626617432,0.0265993382781744,0.11202745139598846,-0.41918376088142395,0.0033530285581946373,0.07151813805103302,-0.34816405177116394,-0.040318120270967484,0.2941265106201172,-0.5459521412849426,-0.030509596690535545,0.2575162947177887,-0.4526498317718506,-0.0018670724239200354,0.19525593519210815,-0.3534674346446991,-0.004271563608199358,0.14770731329917908,-0.28992417454719543,-0.027765804901719093,0.36406370997428894,-0.376150906085968,-0.036003872752189636,0.47673967480659485,-0.45973899960517883,-0.020355192944407463,0.5587155222892761,-0.5210123658180237,0.006042881403118372,0.6190191507339478,-0.579234778881073,0.016492052003741264,0.0,0.0,0.0,0.0,0.0,0.0,0.0,0.0,0.0,0.0,0.0,0.0,0.0,0.0,0.0,0.0,0.0,0.0,0.0,0.0,0.0,0.0,0.0,0.0,0.0,0.0,0.0,0.0,0.0,0.0,0.0,0.0,0.0,0.0,0.0,0.0,0.0,0.0,0.0,0.0,0.0,0.0,0.0,0.0,0.0,0.0,0.0,0.0,0.0,0.0,0.0,0.0,0.0,0.0,0.0,0.0,0.0,0.0,0.0,0.0,0.0,0.0,0.0,DOCTOR
0.0,0.0,0.0,-0.17169637978076935,-0.26247140765190125,-0.007935337722301483,-0.2380252182483673,-0.5309928059577942,-0.023374570533633232,-0.25352147221565247,-0.7643614411354065,-0.03729192540049553,-0.2921510338783264,-0.9553140997886658,-0.04497527703642845,0.05749407783150673,-0.7667178511619568,-0.0042930175550282,0.07776757329702377,-0.6500367522239685,0.03313105180859566,0.05229010432958603,-0.530898928642273,0.04684757813811302,0.009321429766714573,-0.4594845175743103,0.045683354139328,0.19931097328662872,-0.6994035243988037,-0.01782327890396118,0.1929122507572174,-0.5529432892799377,0.03556724265217781,0.14326202869415283,-0.4569605588912964,0.020240915939211845,0.10072280466556549,-0.39088261127471924,-0.016048071905970573,0.3073456287384033,-0.5722097754478455,-0.022058703005313873,0.2891748249530792,-0.4887522757053375,0.006859143264591694,0.23350729048252106,-0.388386607170105,0.008256561122834682,0.18584632873535156,-0.3246211111545563,-0.010417344979941845,0.3836499750614166,-0.4093741476535797,-0.024991383776068687,0.4922812879085541,-0.49493107199668884,-0.006848650053143501,0.5686306953430176,-0.5507405400276184,0.02056019753217697,0.6244062185287476,-0.6038288474082947,0.033203378319740295,0.0,0.0,0.0,0.0,0.0,0.0,0.0,0.0,0.0,0.0,0.0,0.0,0.0,0.0,0.0,0.0,0.0,0.0,0.0,0.0,0.0,0.0,0.0,0.0,0.0,0.0,0.0,0.0,0.0,0.0,0.0,0.0,0.0,0.0,0.0,0.0,0.0,0.0,0.0,0.0,0.0,0.0,0.0,0.0,0.0,0.0,0.0,0.0,0.0,0.0,0.0,0.0,0.0,0.0,0.0,0.0,0.0,0.0,0.0,0.0,0.0,0.0,0.0,DOCTOR
0.0,0.0,0.0,-0.17946551740169525,-0.25162169337272644,-0.009647349826991558,-0.25479844212532043,-0.5251687169075012,-0.026365792378783226,-0.27363789081573486,-0.7579944133758545,-0.04225702956318855,-0.3186604380607605,-0.9464161992073059,-0.05245782434940338,0.0480908565223217,-0.7553436756134033,-0.010055731981992722,0.05097445473074913,-0.622245192527771,0.021226070821285248,0.027931099757552147,-0.49772313237190247,0.03000142052769661,-0.009039031341671944,-0.4121059775352478,0.025965163484215736,0.18381710350513458,-0.69124436378479,-0.0256267711520195,0.16502134501934052,-0.5260785222053528,0.0192343071103096,0.11440721899271011,-0.4249752461910248,-0.0012957456056028605,0.0715780109167099,-0.35283562541007996,-0.04113394767045975,0.28947967290878296,-0.5656712055206299,-0.03189576417207718,0.2627231478691101,-0.4716178774833679,-0.009484060108661652,0.20208482444286346,-0.3656816780567169,-0.010674279183149338,0.15422068536281586,-0.29858291149139404,-0.031153377145528793,0.36336880922317505,-0.4009215235710144,-0.03727179765701294,0.47587165236473083,-0.4818534553050995,-0.025442559272050858,0.555421769618988,-0.5398144125938416,-5.3800660680281e-05,0.613811731338501,-0.5967407822608948,0.010985258966684341,0.0,0.0,0.0,0.0,0.0,0.0,0.0,0.0,0.0,0.0,0.0,0.0,0.0,0.0,0.0,0.0,0.0,0.0,0.0,0.0,0.0,0.0,0.0,0.0,0.0,0.0,0.0,0.0,0.0,0.0,0.0,0.0,0.0,0.0,0.0,0.0,0.0,0.0,0.0,0.0,0.0,0.0,0.0,0.0,0.0,0.0,0.0,0.0,0.0,0.0,0.0,0.0,0.0,0.0,0.0,0.0,0.0,0.0,0.0,0.0,0.0,0.0,0.0,DOCTOR
0.0,0.0,0.0,-0.17956164479255676,-0.2492581158876419,-0.009016474708914757,-0.2542189359664917,-0.5201820135116577,-0.02541465125977993,-0.2747858464717865,-0.7556183338165283,-0.0415499322116375,-0.32017263770103455,-0.9459385871887207,-0.05186095088720322,0.04396210238337517,-0.7545105218887329,-0.0019062438514083624,0.055118024349212646,-0.6365787386894226,0.03180398792028427,0.03086937963962555,-0.5109720826148987,0.0412568636238575,-0.0061226640827953815,-0.4248453974723816,0.03730165585875511,0.17866264283657074,-0.6942071318626404,-0.01753930374979973,0.16855300962924957,-0.5384702682495117,0.02951403707265854,0.11648759245872498,-0.4342825412750244,0.008149548433721066,0.07317738980054855,-0.36004433035850525,-0.03203711658716202,0.2853119373321533,-0.5710800290107727,-0.02419685572385788,0.26423653960227966,-0.48210465908050537,-0.0008076938684098423,0.20233692228794098,-0.3726164400577545,-0.0025506047531962395,0.15335269272327423,-0.3047540485858917,-0.02294790931046009,0.36223742365837097,-0.407600462436676,-0.029739519581198692,0.4734386205673218,-0.49577468633651733,-0.016272790729999542,0.5518314242362976,-0.5540579557418823,0.009885252453386784,0.6097484230995178,-0.6113325357437134,0.021669328212738037,0.0,0.0,0.0,0.0,0.0,0.0,0.0,0.0,0.0,0.0,0.0,0.0,0.0,0.0,0.0,0.0,0.0,0.0,0.0,0.0,0.0,0.0,0.0,0.0,0.0,0.0,0.0,0.0,0.0,0.0,0.0,0.0,0.0,0.0,0.0,0.0,0.0,0.0,0.0,0.0,0.0,0.0,0.0,0.0,0.0,0.0,0.0,0.0,0.0,0.0,0.0,0.0,0.0,0.0,0.0,0.0,0.0,0.0,0.0,0.0,0.0,0.0,0.0,DOCTOR
0.0,0.0,0.0,-0.19317060708999634,-0.24752108752727509,-0.008967389352619648,-0.2725207507610321,-0.5252888798713684,-0.019716616719961166,-0.29242420196533203,-0.7563982605934143,-0.029312288388609886,-0.34305673837661743,-0.938691258430481,-0.03421434387564659,0.035005997866392136,-0.7503122687339783,-0.0035479855723679066,0.02247701771557331,-0.6122426390647888,0.032523415982723236,0.0015448547201231122,-0.49010753631591797,0.04218852147459984,-0.028440603986382484,-0.40835681557655334,0.03764110803604126,0.17665480077266693,-0.6839883327484131,-0.018796229735016823,0.14832723140716553,-0.5235286951065063,0.0305066779255867,0.10179692506790161,-0.42650505900382996,0.008525806479156017,0.06541883945465088,-0.3524186611175537,-0.0330054834485054,0.2866390645503998,-0.5559616088867188,-0.02468179538846016,0.25117167830467224,-0.46419551968574524,-0.0024185001384466887,0.19345569610595703,-0.3601134419441223,-0.007319033145904541,0.14993609488010406,-0.29196444153785706,-0.029712382704019547,0.365368127822876,-0.3885233402252197,-0.029324721544981003,0.47549232840538025,-0.4793325662612915,-0.01961965300142765,0.5549868941307068,-0.5416207909584045,0.003205428132787347,0.6144081354141235,-0.6006041169166565,0.012680989690124989,0.0,0.0,0.0,0.0,0.0,0.0,0.0,0.0,0.0,0.0,0.0,0.0,0.0,0.0,0.0,0.0,0.0,0.0,0.0,0.0,0.0,0.0,0.0,0.0,0.0,0.0,0.0,0.0,0.0,0.0,0.0,0.0,0.0,0.0,0.0,0.0,0.0,0.0,0.0,0.0,0.0,0.0,0.0,0.0,0.0,0.0,0.0,0.0,0.0,0.0,0.0,0.0,0.0,0.0,0.0,0.0,0.0,0.0,0.0,0.0,0.0,0.0,0.0,DOCTOR
0.0,0.0,0.0,-0.187666118144989,-0.2454865723848343,-0.0074776592664420605,-0.26443910598754883,-0.5196462869644165,-0.017155246809124947,-0.28583890199661255,-0.7562907934188843,-0.02636272832751274,-0.3373205065727234,-0.9409065246582031,-0.030161801725625992,0.036661986261606216,-0.7404747605323792,-0.003398180939257145,0.047695960849523544,-0.6216474175453186,0.03645648434758186,0.025018980726599693,-0.4982474446296692,0.0543028749525547,-0.009493660181760788,-0.40871259570121765,0.05540933087468147,0.17149050533771515,-0.6825321316719055,-0.017854958772659302,0.16449116170406342,-0.5309258103370667,0.033209312707185745,0.11650841683149338,-0.4298930764198303,0.016988741233944893,0.07687638700008392,-0.356427937746048,-0.020414164289832115,0.27781856060028076,-0.5593689680099487,-0.022911088541150093,0.26113268733024597,-0.47963452339172363,0.0005769353592768312,0.20331385731697083,-0.37113091349601746,-0.0011682654730975628,0.1578657627105713,-0.30394431948661804,-0.02187519520521164,0.3535707890987396,-0.3945242762565613,-0.026464024558663368,0.46834900975227356,-0.4858331084251404,-0.01530594564974308,0.5481254458427429,-0.5454379916191101,0.008320548571646214,0.6068307757377625,-0.605067253112793,0.01797480694949627,0.0,0.0,0.0,0.0,0.0,0.0,0.0,0.0,0.0,0.0,0.0,0.0,0.0,0.0,0.0,0.0,0.0,0.0,0.0,0.0,0.0,0.0,0.0,0.0,0.0,0.0,0.0,0.0,0.0,0.0,0.0,0.0,0.0,0.0,0.0,0.0,0.0,0.0,0.0,0.0,0.0,0.0,0.0,0.0,0.0,0.0,0.0,0.0,0.0,0.0,0.0,0.0,0.0,0.0,0.0,0.0,0.0,0.0,0.0,0.0,0.0,0.0,0.0,DOCTOR
0.0,0.0,0.0,-0.1890515387058258,-0.25475624203681946,0.0028613614849746227,-0.26217329502105713,-0.5275598764419556,-0.002510638441890478,-0.2789320945739746,-0.7614239454269409,-0.009545240551233292,-0.3289928436279297,-0.9442498087882996,-0.012488454580307007,0.04146510735154152,-0.7472453713417053,0.01369695458561182,0.04651862382888794,-0.6334976553916931,0.05869089812040329,0.02372155711054802,-0.5093420147895813,0.07416442036628723,-0.008462092839181423,-0.4229937791824341,0.07258528470993042,0.17880603671073914,-0.6881139874458313,-0.00516120158135891,0.16560785472393036,-0.5382643342018127,0.054451655596494675,0.11753285676240921,-0.44015583395957947,0.03547045961022377,0.08081348240375519,-0.366335928440094,-0.005707215517759323,0.2859703004360199,-0.5630805492401123,-0.013817033730447292,0.2622324228286743,-0.48212218284606934,0.01798100583255291,0.2029685527086258,-0.3737905025482178,0.01510677207261324,0.15819032490253448,-0.30607879161834717,-0.00827154889702797,0.36204978823661804,-0.39586594700813293,-0.020412767305970192,0.4761524498462677,-0.49168241024017334,-0.0022102550137788057,0.5558496117591858,-0.5523533821105957,0.023900693282485008,0.614967405796051,-0.6109181642532349,0.034197546541690826,0.0,0.0,0.0,0.0,0.0,0.0,0.0,0.0,0.0,0.0,0.0,0.0,0.0,0.0,0.0,0.0,0.0,0.0,0.0,0.0,0.0,0.0,0.0,0.0,0.0,0.0,0.0,0.0,0.0,0.0,0.0,0.0,0.0,0.0,0.0,0.0,0.0,0.0,0.0,0.0,0.0,0.0,0.0,0.0,0.0,0.0,0.0,0.0,0.0,0.0,0.0,0.0,0.0,0.0,0.0,0.0,0.0,0.0,0.0,0.0,0.0,0.0,0.0,DOCTOR
0.0,0.0,0.0,-0.1839616745710373,-0.2540763318538666,0.020056532695889473,-0.25054794549942017,-0.5444493293762207,0.028568914160132408,-0.2651861906051636,-0.7779906988143921,0.03216511756181717,-0.3156850039958954,-0.9481334686279297,0.037226781249046326,0.05326932668685913,-0.7651629447937012,0.060428958386182785,0.053737495094537735,-0.6485503911972046,0.11453639715909958,0.02748616598546505,-0.5205943584442139,0.12199180573225021,-0.004092032555490732,-0.4379773736000061,0.11481598019599915,0.19015885889530182,-0.7040009498596191,0.04167605936527252,0.16948579251766205,-0.5599406957626343,0.11732009798288345,0.12180936336517334,-0.4547540843486786,0.09618997573852539,0.08318687975406647,-0.37861621379852295,0.05399160832166672,0.2984760105609894,-0.5826395750045776,0.032678958028554916,0.2656911313533783,-0.506707489490509,0.08271404355764389,0.21388116478919983,-0.39860519766807556,0.07499074190855026,0.17087461054325104,-0.32499828934669495,0.047495290637016296,0.3763241767883301,-0.42311805486679077,0.027041053399443626,0.4881729483604431,-0.5103747844696045,0.06674859672784805,0.5616822242736816,-0.564090371131897,0.09773983061313629,0.6105222702026367,-0.615760326385498,0.10981501638889313,0.0,0.0,0.0,0.0,0.0,0.0,0.0,0.0,0.0,0.0,0.0,0.0,0.0,0.0,0.0,0.0,0.0,0.0,0.0,0.0,0.0,0.0,0.0,0.0,0.0,0.0,0.0,0.0,0.0,0.0,0.0,0.0,0.0,0.0,0.0,0.0,0.0,0.0,0.0,0.0,0.0,0.0,0.0,0.0,0.0,0.0,0.0,0.0,0.0,0.0,0.0,0.0,0.0,0.0,0.0,0.0,0.0,0.0,0.0,0.0,0.0,0.0,0.0,DOCTOR
0.0,0.0,0.0,-0.17031937837600708,-0.26665523648262024,0.026609817519783974,-0.23241013288497925,-0.5647353529930115,0.041828714311122894,-0.24845831096172333,-0.7898908853530884,0.04981127753853798,-0.2937409281730652,-0.9540037512779236,0.059940651059150696,0.054681289941072464,-0.7677783966064453,0.06594933569431305,0.08858495950698853,-0.6600939035415649,0.12195548415184021,0.05994222313165665,-0.5373838543891907,0.13922183215618134,0.017912084236741066,-0.4557129442691803,0.13989309966564178,0.1858288198709488,-0.7113763093948364,0.042994383722543716,0.1986502707004547,-0.5627010464668274,0.11392876505851746,0.14798793196678162,-0.4559188485145569,0.0994017943739891,0.10389100015163422,-0.3840573728084564,0.06497184932231903,0.2909787595272064,-0.5942326784133911,0.029194079339504242,0.2915966510772705,-0.5180346369743347,0.07141618430614471,0.237960547208786,-0.4050816595554352,0.06767724454402924,0.19136165082454681,-0.33646997809410095,0.0460544154047966,0.3664027154445648,-0.4358118772506714,0.01920790784060955,0.484830379486084,-0.5300683379173279,0.050481848418712616,0.5628185868263245,-0.5813816785812378,0.08142811805009842,0.6174677610397339,-0.6344199180603027,0.09579699486494064,0.0,0.0,0.0,0.0,0.0,0.0,0.0,0.0,0.0,0.0,0.0,0.0,0.0,0.0,0.0,0.0,0.0,0.0,0.0,0.0,0.0,0.0,0.0,0.0,0.0,0.0,0.0,0.0,0.0,0.0,0.0,0.0,0.0,0.0,0.0,0.0,0.0,0.0,0.0,0.0,0.0,0.0,0.0,0.0,0.0,0.0,0.0,0.0,0.0,0.0,0.0,0.0,0.0,0.0,0.0,0.0,0.0,0.0,0.0,0.0,0.0,0.0,0.0,DOCTOR
0.0,0.0,0.0,-0.17888841032981873,-0.2723826766014099,0.036740537732839584,-0.23895063996315002,-0.5686701536178589,0.05659628286957741,-0.25024962425231934,-0.791024386882782,0.06656244397163391,-0.2978357672691345,-0.9514381885528564,0.07784110307693481,0.05747709423303604,-0.7654670476913452,0.0812976136803627,0.08882308006286621,-0.6600086688995361,0.13902407884597778,0.0621689036488533,-0.5377088785171509,0.15331920981407166,0.019829438999295235,-0.45639491081237793,0.15089097619056702,0.18978415429592133,-0.7094063758850098,0.05163869261741638,0.19803743064403534,-0.5616355538368225,0.12350011616945267,0.14809279143810272,-0.45748627185821533,0.10501375049352646,0.10343263298273087,-0.38413694500923157,0.06692156940698624,0.29535096883773804,-0.5920242071151733,0.03148898854851723,0.28811004757881165,-0.5090107321739197,0.07503011077642441,0.23177163302898407,-0.3955528438091278,0.07123271375894547,0.18424145877361298,-0.3256864547729492,0.04852735996246338,0.37360256910324097,-0.43261781334877014,0.0154213085770607,0.4944086968898773,-0.5205798149108887,0.045566849410533905,0.5755930542945862,-0.5708262324333191,0.07593843340873718,0.6327188014984131,-0.6222802996635437,0.08937077224254608,0.0,0.0,0.0,0.0,0.0,0.0,0.0,0.0,0.0,0.0,0.0,0.0,0.0,0.0,0.0,0.0,0.0,0.0,0.0,0.0,0.0,0.0,0.0,0.0,0.0,0.0,0.0,0.0,0.0,0.0,0.0,0.0,0.0,0.0,0.0,0.0,0.0,0.0,0.0,0.0,0.0,0.0,0.0,0.0,0.0,0.0,0.0,0.0,0.0,0.0,0.0,0.0,0.0,0.0,0.0,0.0,0.0,0.0,0.0,0.0,0.0,0.0,0.0,DOCTOR
0.0,0.0,0.0,-0.1819838136434555,-0.2702315151691437,0.04469733312726021,-0.22265750169754028,-0.5780028104782104,0.07912416011095047,-0.21832376718521118,-0.8033607006072998,0.10200615972280502,-0.2604600191116333,-0.9573943614959717,0.12472636252641678,0.0647590160369873,-0.7643430233001709,0.12246109545230865,0.09353455901145935,-0.69228196144104,0.1909583956003189,0.06707433611154556,-0.5764222145080566,0.20344750583171844,0.03107096627354622,-0.4985421895980835,0.19916968047618866,0.19749999046325684,-0.7100823521614075,0.09745293855667114,0.20579281449317932,-0.6024747490882874,0.184192955493927,0.1624518483877182,-0.5061561465263367,0.16679924726486206,0.12292167544364929,-0.4357491135597229,0.13019007444381714,0.30229654908180237,-0.5927373170852661,0.08016984909772873,0.3011162281036377,-0.5484567880630493,0.13624700903892517,0.2583923637866974,-0.4469583034515381,0.12765400111675262,0.2179182469844818,-0.37788495421409607,0.10214968770742416,0.3787294626235962,-0.43675538897514343,0.067548967897892,0.49574822187423706,-0.5344239473342896,0.11232641339302063,0.5735481381416321,-0.584614098072052,0.14282190799713135,0.6271942853927612,-0.6335969567298889,0.15565992891788483,0.0,0.0,0.0,0.0,0.0,0.0,0.0,0.0,0.0,0.0,0.0,0.0,0.0,0.0,0.0,0.0,0.0,0.0,0.0,0.0,0.0,0.0,0.0,0.0,0.0,0.0,0.0,0.0,0.0,0.0,0.0,0.0,0.0,0.0,0.0,0.0,0.0,0.0,0.0,0.0,0.0,0.0,0.0,0.0,0.0,0.0,0.0,0.0,0.0,0.0,0.0,0.0,0.0,0.0,0.0,0.0,0.0,0.0,0.0,0.0,0.0,0.0,0.0,DOCTOR
0.0,0.0,0.0,-0.17242459952831268,-0.28012120723724365,0.059934038668870926,-0.20605891942977905,-0.5817614793777466,0.09955431520938873,-0.20466291904449463,-0.8017379641532898,0.12431659549474716,-0.2429450899362564,-0.9586701393127441,0.14808528125286102,0.07423817366361618,-0.788903534412384,0.14784419536590576,0.11353031545877457,-0.6983628273010254,0.22054623067378998,0.0833091214299202,-0.5753422379493713,0.23053306341171265,0.039905574172735214,-0.502685546875,0.2254602313041687,0.20497852563858032,-0.7334024310112,0.11693661659955978,0.2185152769088745,-0.5959253311157227,0.21283955872058868,0.1686529666185379,-0.4919501543045044,0.1918494552373886,0.12637795507907867,-0.42732706665992737,0.151838019490242,0.3111901581287384,-0.6168543696403503,0.0945236086845398,0.309734970331192,-0.5399416089057922,0.15947459638118744,0.25841543078422546,-0.4322757422924042,0.14775162935256958,0.21167553961277008,-0.3707651197910309,0.11904951930046082,0.38746288418769836,-0.46434715390205383,0.07806665450334549,0.5088341236114502,-0.553071141242981,0.133187398314476,0.5869683027267456,-0.6015820503234863,0.16833046078681946,0.6389994025230408,-0.649756133556366,0.18356859683990479,0.0,0.0,0.0,0.0,0.0,0.0,0.0,0.0,0.0,0.0,0.0,0.0,0.0,0.0,0.0,0.0,0.0,0.0,0.0,0.0,0.0,0.0,0.0,0.0,0.0,0.0,0.0,0.0,0.0,0.0,0.0,0.0,0.0,0.0,0.0,0.0,0.0,0.0,0.0,0.0,0.0,0.0,0.0,0.0,0.0,0.0,0.0,0.0,0.0,0.0,0.0,0.0,0.0,0.0,0.0,0.0,0.0,0.0,0.0,0.0,0.0,0.0,0.0,DOCTOR
0.0,0.0,0.0,-0.16359083354473114,-0.28435102105140686,0.05454595759510994,-0.19857551157474518,-0.5865541100502014,0.08868079632520676,-0.20239484310150146,-0.8061740398406982,0.11087674647569656,-0.24270030856132507,-0.9609996676445007,0.13257469236850739,0.06783255934715271,-0.7978841662406921,0.12626008689403534,0.09445536136627197,-0.7066308856010437,0.19398191571235657,0.06475450098514557,-0.586207926273346,0.20287857949733734,0.026991458609700203,-0.5141906142234802,0.19811685383319855,0.19488070905208588,-0.7434061765670776,0.09939023852348328,0.19562503695487976,-0.6099332571029663,0.19400106370449066,0.14844150841236115,-0.5085549354553223,0.1762346476316452,0.1124047040939331,-0.44253242015838623,0.13841021060943604,0.2968396842479706,-0.6272003054618835,0.08189953118562698,0.2864011526107788,-0.5562130808830261,0.14884650707244873,0.2379339635372162,-0.4518086612224579,0.13846257328987122,0.19628269970417023,-0.38744476437568665,0.1100541353225708,0.36892443895339966,-0.4768124222755432,0.07029332220554352,0.4827248454093933,-0.568820059299469,0.12703770399093628,0.5563724040985107,-0.6183411478996277,0.16218823194503784,0.6063557863235474,-0.6633867025375366,0.17755918204784393,0.0,0.0,0.0,0.0,0.0,0.0,0.0,0.0,0.0,0.0,0.0,0.0,0.0,0.0,0.0,0.0,0.0,0.0,0.0,0.0,0.0,0.0,0.0,0.0,0.0,0.0,0.0,0.0,0.0,0.0,0.0,0.0,0.0,0.0,0.0,0.0,0.0,0.0,0.0,0.0,0.0,0.0,0.0,0.0,0.0,0.0,0.0,0.0,0.0,0.0,0.0,0.0,0.0,0.0,0.0,0.0,0.0,0.0,0.0,0.0,0.0,0.0,0.0,DOCTOR
0.0,0.0,0.0,-0.16920210421085358,-0.27696308493614197,0.016754793003201485,-0.23956818878650665,-0.5527060627937317,0.016553418710827827,-0.25039270520210266,-0.7884106636047363,0.01394801028072834,-0.2942754030227661,-0.9555776715278625,0.01652994006872177,0.05155247822403908,-0.77895188331604,0.028455372899770737,0.11821196973323822,-0.710167407989502,0.07524289935827255,0.10060903429985046,-0.5873974561691284,0.08961151540279388,0.05692043900489807,-0.5016168355941772,0.08816108852624893,0.1905411332845688,-0.7115638256072998,0.01071744691580534,0.22731894254684448,-0.608965277671814,0.08228287100791931,0.19152720272541046,-0.5114858150482178,0.07750772684812546,0.1497727632522583,-0.4348214268684387,0.045372843742370605,0.29895755648612976,-0.5805919766426086,0.002140898024663329,0.3232557475566864,-0.5268949270248413,0.04298613592982292,0.28338226675987244,-0.43029266595840454,0.04616678133606911,0.23591172695159912,-0.35623136162757874,0.0271019097417593,0.38438573479652405,-0.4147939085960388,-0.0029014917090535164,0.5157703757286072,-0.520175039768219,0.01714920625090599,0.6031433343887329,-0.5796371698379517,0.04129064455628395,0.6641784310340881,-0.6334691643714905,0.05141710862517357,0.0,0.0,0.0,0.0,0.0,0.0,0.0,0.0,0.0,0.0,0.0,0.0,0.0,0.0,0.0,0.0,0.0,0.0,0.0,0.0,0.0,0.0,0.0,0.0,0.0,0.0,0.0,0.0,0.0,0.0,0.0,0.0,0.0,0.0,0.0,0.0,0.0,0.0,0.0,0.0,0.0,0.0,0.0,0.0,0.0,0.0,0.0,0.0,0.0,0.0,0.0,0.0,0.0,0.0,0.0,0.0,0.0,0.0,0.0,0.0,0.0,0.0,0.0,DOCTOR
0.0,0.0,0.0,-0.1743791103363037,-0.27507492899894714,0.0006202496588230133,-0.2584867775440216,-0.5427477359771729,-0.01063312217593193,-0.269811749458313,-0.7752448320388794,-0.021149441599845886,-0.30765825510025024,-0.9511656761169434,-0.02510831318795681,0.038708899170160294,-0.7758930921554565,-0.007757386192679405,0.10719262063503265,-0.6759452223777771,0.030751198530197144,0.08907172083854675,-0.5587169528007507,0.047612790018320084,0.041808824986219406,-0.4765324294567108,0.05004264786839485,0.1820000261068344,-0.7102349996566772,-0.021899640560150146,0.23408730328083038,-0.588678240776062,0.03953060135245323,0.19272369146347046,-0.49004554748535156,0.03677286207675934,0.14521795511245728,-0.41167259216308594,0.007164335809648037,0.29600197076797485,-0.5811172723770142,-0.02672787755727768,0.33420345187187195,-0.5164548754692078,0.004410052206367254,0.2829638421535492,-0.4084019660949707,0.011024363338947296,0.2310035079717636,-0.32827872037887573,-0.004526529461145401,0.38289159536361694,-0.4112555682659149,-0.02914046123623848,0.5199669599533081,-0.5151661038398743,-0.013975799083709717,0.6079369187355042,-0.5736175775527954,0.012811011634767056,0.6718651652336121,-0.6265878677368164,0.02511407434940338,0.0,0.0,0.0,0.0,0.0,0.0,0.0,0.0,0.0,0.0,0.0,0.0,0.0,0.0,0.0,0.0,0.0,0.0,0.0,0.0,0.0,0.0,0.0,0.0,0.0,0.0,0.0,0.0,0.0,0.0,0.0,0.0,0.0,0.0,0.0,0.0,0.0,0.0,0.0,0.0,0.0,0.0,0.0,0.0,0.0,0.0,0.0,0.0,0.0,0.0,0.0,0.0,0.0,0.0,0.0,0.0,0.0,0.0,0.0,0.0,0.0,0.0,0.0,DOCTOR
0.0,0.0,0.0,-0.17671436071395874,-0.26642587780952454,-0.009846273809671402,-0.26503512263298035,-0.5341370105743408,-0.027685722336173058,-0.2775234878063202,-0.7686762809753418,-0.04234270378947258,-0.31337377429008484,-0.9483559131622314,-0.04917168244719505,0.03687337413430214,-0.7726708054542542,-0.02935582771897316,0.11539634317159653,-0.6834228038787842,0.005057962611317635,0.09536735713481903,-0.5667295455932617,0.02424631640315056,0.0461081825196743,-0.48356011509895325,0.028867097571492195,0.18060122430324554,-0.7047163248062134,-0.039533957839012146,0.24362607300281525,-0.5919693112373352,0.016122547909617424,0.20159843564033508,-0.48803871870040894,0.01754402555525303,0.15365250408649445,-0.4068434238433838,-0.008436247706413269,0.2952084541320801,-0.5736230611801147,-0.04074399173259735,0.3465594947338104,-0.5179348587989807,-0.01560258213430643,0.2974810004234314,-0.40600302815437317,-0.0054684230126440525,0.24633996188640594,-0.3227071762084961,-0.017724642530083656,0.3831513822078705,-0.4034266769886017,-0.04009618982672691,0.5198347568511963,-0.5122811198234558,-0.0307401642203331,0.6086122393608093,-0.5752458572387695,-0.005296447314321995,0.674790620803833,-0.6340787410736084,0.006710234098136425,0.0,0.0,0.0,0.0,0.0,0.0,0.0,0.0,0.0,0.0,0.0,0.0,0.0,0.0,0.0,0.0,0.0,0.0,0.0,0.0,0.0,0.0,0.0,0.0,0.0,0.0,0.0,0.0,0.0,0.0,0.0,0.0,0.0,0.0,0.0,0.0,0.0,0.0,0.0,0.0,0.0,0.0,0.0,0.0,0.0,0.0,0.0,0.0,0.0,0.0,0.0,0.0,0.0,0.0,0.0,0.0,0.0,0.0,0.0,0.0,0.0,0.0,0.0,DOCTOR
0.0,0.0,0.0,-0.17327579855918884,-0.25027957558631897,-0.029375022277235985,-0.2641197443008423,-0.5161660313606262,-0.062379006296396255,-0.27987560629844666,-0.7566044330596924,-0.08997751772403717,-0.31999409198760986,-0.9411900639533997,-0.10846637189388275,0.031166277825832367,-0.7666992545127869,-0.0630759745836258,0.13562336564064026,-0.6924495100975037,-0.050475914031267166,0.12521642446517944,-0.5701488256454468,-0.041812464594841,0.07575152069330215,-0.48335668444633484,-0.04202119633555412,0.17569933831691742,-0.6949820518493652,-0.07087237387895584,0.2691880762577057,-0.5949532389640808,-0.036008916795253754,0.2326315939426422,-0.48231202363967896,-0.03569379448890686,0.17712470889091492,-0.40000858902931213,-0.05907346308231354,0.2918100953102112,-0.5651968121528625,-0.07225052267313004,0.37653040885925293,-0.5066261291503906,-0.06390777975320816,0.3312760293483734,-0.3894933760166168,-0.04865904152393341,0.27385058999061584,-0.3056454062461853,-0.05342346802353859,0.3846384882926941,-0.3987501859664917,-0.07422718405723572,0.5239244699478149,-0.4994460642337799,-0.07759228348731995,0.613070011138916,-0.5625203847885132,-0.053693708032369614,0.6800971031188965,-0.6219595670700073,-0.04024825245141983,0.0,0.0,0.0,0.0,0.0,0.0,0.0,0.0,0.0,0.0,0.0,0.0,0.0,0.0,0.0,0.0,0.0,0.0,0.0,0.0,0.0,0.0,0.0,0.0,0.0,0.0,0.0,0.0,0.0,0.0,0.0,0.0,0.0,0.0,0.0,0.0,0.0,0.0,0.0,0.0,0.0,0.0,0.0,0.0,0.0,0.0,0.0,0.0,0.0,0.0,0.0,0.0,0.0,0.0,0.0,0.0,0.0,0.0,0.0,0.0,0.0,0.0,0.0,DOCTOR
0.0,0.0,0.0,-0.17789818346500397,-0.24819861352443695,-0.03594077751040459,-0.2725690007209778,-0.50595623254776,-0.07397785037755966,-0.29261088371276855,-0.7437888979911804,-0.10680890828371048,-0.3332727253437042,-0.9338701963424683,-0.1296757161617279,0.022345460951328278,-0.7574860453605652,-0.0738074854016304,0.13450418412685394,-0.6870529651641846,-0.06630802154541016,0.12767423689365387,-0.5666187405586243,-0.05563674122095108,0.07584093511104584,-0.475923091173172,-0.053018778562545776,0.16611571609973907,-0.6857317686080933,-0.08234863728284836,0.26687756180763245,-0.5963864922523499,-0.0570673793554306,0.23178766667842865,-0.4876379370689392,-0.05848457291722298,0.17484240233898163,-0.4013901948928833,-0.08119302988052368,0.2826539874076843,-0.5569113492965698,-0.08515560626983643,0.37209567427635193,-0.5045321583747864,-0.08650597184896469,0.32654768228530884,-0.3909079432487488,-0.07316920161247253,0.2681458294391632,-0.30447185039520264,-0.07713350653648376,0.37768056988716125,-0.39070925116539,-0.08901428431272507,0.5238255262374878,-0.49044427275657654,-0.09839678555727005,0.614809513092041,-0.5587584376335144,-0.07702435553073883,0.6838808059692383,-0.6195887923240662,-0.06471973657608032,0.0,0.0,0.0,0.0,0.0,0.0,0.0,0.0,0.0,0.0,0.0,0.0,0.0,0.0,0.0,0.0,0.0,0.0,0.0,0.0,0.0,0.0,0.0,0.0,0.0,0.0,0.0,0.0,0.0,0.0,0.0,0.0,0.0,0.0,0.0,0.0,0.0,0.0,0.0,0.0,0.0,0.0,0.0,0.0,0.0,0.0,0.0,0.0,0.0,0.0,0.0,0.0,0.0,0.0,0.0,0.0,0.0,0.0,0.0,0.0,0.0,0.0,0.0,DOCTOR
0.0,0.0,0.0,-0.16993701457977295,-0.24427908658981323,-0.0368034765124321,-0.2627793550491333,-0.5027970671653748,-0.0791219100356102,-0.28442463278770447,-0.7409382462501526,-0.1160767674446106,-0.32082656025886536,-0.9364344477653503,-0.14198896288871765,0.03175731375813484,-0.7608693838119507,-0.08308016508817673,0.16824933886528015,-0.6893887519836426,-0.07881154119968414,0.15724913775920868,-0.5633522868156433,-0.06960149109363556,0.10201849043369293,-0.47145307064056396,-0.06869799643754959,0.17251838743686676,-0.6885544657707214,-0.09211321175098419,0.29930853843688965,-0.5943810939788818,-0.06936773657798767,0.2630158066749573,-0.4790423810482025,-0.06889963895082474,0.20639483630657196,-0.39544832706451416,-0.09057512134313583,0.28885382413864136,-0.5614776015281677,-0.09511896222829819,0.4072847068309784,-0.5022031664848328,-0.09527167677879333,0.3619768023490906,-0.38467371463775635,-0.07579714804887772,0.301276296377182,-0.29976993799209595,-0.07666041702032089,0.3844183683395386,-0.39938095211982727,-0.0997181087732315,0.5377431511878967,-0.4894149899482727,-0.10737360268831253,0.6275781393051147,-0.5584408640861511,-0.08288367837667465,0.695892870426178,-0.6248177289962769,-0.06878067553043365,0.0,0.0,0.0,0.0,0.0,0.0,0.0,0.0,0.0,0.0,0.0,0.0,0.0,0.0,0.0,0.0,0.0,0.0,0.0,0.0,0.0,0.0,0.0,0.0,0.0,0.0,0.0,0.0,0.0,0.0,0.0,0.0,0.0,0.0,0.0,0.0,0.0,0.0,0.0,0.0,0.0,0.0,0.0,0.0,0.0,0.0,0.0,0.0,0.0,0.0,0.0,0.0,0.0,0.0,0.0,0.0,0.0,0.0,0.0,0.0,0.0,0.0,0.0,DOCTOR
0.0,0.0,0.0,-0.1771133989095688,-0.24225208163261414,-0.038019970059394836,-0.2715010643005371,-0.5025146007537842,-0.07723920047283173,-0.2922291159629822,-0.7406617999076843,-0.11060807853937149,-0.3319186866283417,-0.9337325096130371,-0.13406552374362946,0.026301639154553413,-0.7504236102104187,-0.07757912576198578,0.13882718980312347,-0.689605176448822,-0.06880447268486023,0.13272389769554138,-0.5698563456535339,-0.0574592761695385,0.0851888582110405,-0.4772550165653229,-0.054686687886714935,0.16846315562725067,-0.6769029498100281,-0.08407779783010483,0.27231279015541077,-0.5863364934921265,-0.05537143349647522,0.23829668760299683,-0.47830989956855774,-0.05567741394042969,0.18584348261356354,-0.3939344584941864,-0.0784490779042244,0.2836024761199951,-0.5461674928665161,-0.0844506248831749,0.38248318433761597,-0.49507445096969604,-0.08046183735132217,0.3398079574108124,-0.3827255666255951,-0.06416736543178558,0.2846962511539459,-0.29887211322784424,-0.0678015723824501,0.3771599233150482,-0.37978219985961914,-0.08627592772245407,0.5192232728004456,-0.47911784052848816,-0.09148659557104111,0.6074631214141846,-0.5503832101821899,-0.06755394488573074,0.6760495901107788,-0.6153901815414429,-0.05423353239893913,0.0,0.0,0.0,0.0,0.0,0.0,0.0,0.0,0.0,0.0,0.0,0.0,0.0,0.0,0.0,0.0,0.0,0.0,0.0,0.0,0.0,0.0,0.0,0.0,0.0,0.0,0.0,0.0,0.0,0.0,0.0,0.0,0.0,0.0,0.0,0.0,0.0,0.0,0.0,0.0,0.0,0.0,0.0,0.0,0.0,0.0,0.0,0.0,0.0,0.0,0.0,0.0,0.0,0.0,0.0,0.0,0.0,0.0,0.0,0.0,0.0,0.0,0.0,DOCTOR
0.0,0.0,0.0,-0.17798598110675812,-0.24577458202838898,-0.03199154511094093,-0.2709794342517853,-0.5042850971221924,-0.0686175525188446,-0.29077091813087463,-0.7461143136024475,-0.09974602609872818,-0.33518117666244507,-0.934318482875824,-0.12125428020954132,0.022910669445991516,-0.7582849264144897,-0.06662964075803757,0.12943503260612488,-0.6941689252853394,-0.05452422425150871,0.11468493193387985,-0.5703448057174683,-0.04479973763227463,0.06269744038581848,-0.4810929298400879,-0.04442736878991127,0.16678167879581451,-0.6845773458480835,-0.07273811846971512,0.2585564851760864,-0.6013360619544983,-0.03992050141096115,0.2195170670747757,-0.49061140418052673,-0.03946935385465622,0.16593343019485474,-0.40611666440963745,-0.06256649643182755,0.2833167314529419,-0.5550618767738342,-0.07246169447898865,0.36558589339256287,-0.5147483944892883,-0.06248706579208374,0.32002362608909607,-0.40687909722328186,-0.046099334955215454,0.2639530897140503,-0.3219197392463684,-0.051090724766254425,0.3765469491481781,-0.3935399055480957,-0.0729256346821785,0.5184977650642395,-0.49222394824028015,-0.07251225411891937,0.606259286403656,-0.5592660307884216,-0.048214592039585114,0.6721565127372742,-0.6223272681236267,-0.03550982475280762,0.0,0.0,0.0,0.0,0.0,0.0,0.0,0.0,0.0,0.0,0.0,0.0,0.0,0.0,0.0,0.0,0.0,0.0,0.0,0.0,0.0,0.0,0.0,0.0,0.0,0.0,0.0,0.0,0.0,0.0,0.0,0.0,0.0,0.0,0.0,0.0,0.0,0.0,0.0,0.0,0.0,0.0,0.0,0.0,0.0,0.0,0.0,0.0,0.0,0.0,0.0,0.0,0.0,0.0,0.0,0.0,0.0,0.0,0.0,0.0,0.0,0.0,0.0,DOCTOR
0.0,0.0,0.0,-0.1689242422580719,-0.25195348262786865,-0.027032554149627686,-0.2573157548904419,-0.5119500160217285,-0.06393863260746002,-0.2765185236930847,-0.752619206905365,-0.09691665321588516,-0.3191439211368561,-0.9400602579116821,-0.12014102935791016,0.029370153322815895,-0.7680546641349792,-0.06047102063894272,0.15608859062194824,-0.7176450490951538,-0.05186185985803604,0.14512035250663757,-0.5933029055595398,-0.04481193795800209,0.09060383588075638,-0.5041000843048096,-0.04503718018531799,0.1672549694776535,-0.6971017718315125,-0.06893324851989746,0.27853938937187195,-0.6279686093330383,-0.03711996227502823,0.24300627410411835,-0.5161384344100952,-0.03566071018576622,0.18727022409439087,-0.4318177103996277,-0.05668136104941368,0.2808680534362793,-0.5711371898651123,-0.07147111743688583,0.3782314658164978,-0.5372241735458374,-0.059040796011686325,0.33574387431144714,-0.42991501092910767,-0.040614526718854904,0.2769697308540344,-0.34726598858833313,-0.04404884949326515,0.372715026140213,-0.4121415913105011,-0.07471387088298798,0.515692412853241,-0.5096545219421387,-0.07022514939308167,0.6027069687843323,-0.5752738118171692,-0.04386520013213158,0.6658000349998474,-0.6381909251213074,-0.029689036309719086,0.0,0.0,0.0,0.0,0.0,0.0,0.0,0.0,0.0,0.0,0.0,0.0,0.0,0.0,0.0,0.0,0.0,0.0,0.0,0.0,0.0,0.0,0.0,0.0,0.0,0.0,0.0,0.0,0.0,0.0,0.0,0.0,0.0,0.0,0.0,0.0,0.0,0.0,0.0,0.0,0.0,0.0,0.0,0.0,0.0,0.0,0.0,0.0,0.0,0.0,0.0,0.0,0.0,0.0,0.0,0.0,0.0,0.0,0.0,0.0,0.0,0.0,0.0,DOCTOR
0.0,0.0,0.0,-0.17345650494098663,-0.248975470662117,-0.030872318893671036,-0.2662769556045532,-0.5047664046287537,-0.06917088478803635,-0.28824910521507263,-0.7462535500526428,-0.10238052159547806,-0.3311421573162079,-0.935273289680481,-0.12493529170751572,0.02467111498117447,-0.7650807499885559,-0.06538989394903183,0.1288231909275055,-0.7254875898361206,-0.055848777294158936,0.11338883638381958,-0.6019877195358276,-0.04658881202340126,0.060820210725069046,-0.5126948356628418,-0.04642709344625473,0.16533832252025604,-0.6888545751571655,-0.07165838032960892,0.2562044560909271,-0.642403244972229,-0.04278337582945824,0.2191111445426941,-0.534605085849762,-0.04004785791039467,0.16747921705245972,-0.4442217946052551,-0.0601317472755909,0.279058575630188,-0.5607839226722717,-0.07216822355985641,0.3580435514450073,-0.5479228496551514,-0.062472689896821976,0.3161121904850006,-0.44867706298828125,-0.04332156479358673,0.26152896881103516,-0.3600175976753235,-0.04616367816925049,0.370361864566803,-0.4028102457523346,-0.07360059022903442,0.5096625685691833,-0.5026153922080994,-0.07377168536186218,0.5949527621269226,-0.5671713948249817,-0.05052536353468895,0.6572527885437012,-0.6270138621330261,-0.03839908167719841,0.0,0.0,0.0,0.0,0.0,0.0,0.0,0.0,0.0,0.0,0.0,0.0,0.0,0.0,0.0,0.0,0.0,0.0,0.0,0.0,0.0,0.0,0.0,0.0,0.0,0.0,0.0,0.0,0.0,0.0,0.0,0.0,0.0,0.0,0.0,0.0,0.0,0.0,0.0,0.0,0.0,0.0,0.0,0.0,0.0,0.0,0.0,0.0,0.0,0.0,0.0,0.0,0.0,0.0,0.0,0.0,0.0,0.0,0.0,0.0,0.0,0.0,0.0,DOCTOR
0.0,0.0,0.0,-0.1726990044116974,-0.2501676380634308,-0.03480280935764313,-0.2639460265636444,-0.5026171207427979,-0.07665207982063293,-0.28602829575538635,-0.7432677745819092,-0.11236866563558578,-0.3290225565433502,-0.9341757893562317,-0.13805732131004333,0.02497033029794693,-0.7599575519561768,-0.07623478770256042,0.13554760813713074,-0.7021356821060181,-0.07003717124462128,0.1194341629743576,-0.5802749991416931,-0.06388676911592484,0.06404779106378555,-0.49546900391578674,-0.06591377407312393,0.16621853411197662,-0.6857758164405823,-0.08230447769165039,0.261942982673645,-0.6193544268608093,-0.054106853902339935,0.22254246473312378,-0.5123981237411499,-0.05296304449439049,0.1661682277917862,-0.42970484495162964,-0.07556064426898956,0.28122371435165405,-0.5562132000923157,-0.0822070837020874,0.36313918232917786,-0.5287073254585266,-0.07391440868377686,0.31709572672843933,-0.426425039768219,-0.054671306163072586,0.25810524821281433,-0.3430161774158478,-0.058261312544345856,0.3733423352241516,-0.3965972661972046,-0.08323504030704498,0.5120869874954224,-0.4977135956287384,-0.08462677896022797,0.5977480411529541,-0.5654382109642029,-0.060021474957466125,0.6600260734558105,-0.630694568157196,-0.04732022061944008,0.0,0.0,0.0,0.0,0.0,0.0,0.0,0.0,0.0,0.0,0.0,0.0,0.0,0.0,0.0,0.0,0.0,0.0,0.0,0.0,0.0,0.0,0.0,0.0,0.0,0.0,0.0,0.0,0.0,0.0,0.0,0.0,0.0,0.0,0.0,0.0,0.0,0.0,0.0,0.0,0.0,0.0,0.0,0.0,0.0,0.0,0.0,0.0,0.0,0.0,0.0,0.0,0.0,0.0,0.0,0.0,0.0,0.0,0.0,0.0,0.0,0.0,0.0,DOCTOR
0.0,0.0,0.0,-0.17210842669010162,-0.253558486700058,-0.026587987318634987,-0.2630918323993683,-0.5093362927436829,-0.06257938593626022,-0.28240767121315,-0.751744270324707,-0.09345370531082153,-0.32732218503952026,-0.9380017518997192,-0.11407402157783508,0.025136353448033333,-0.7743664979934692,-0.0576949380338192,0.14019544422626495,-0.7261625528335571,-0.040464408695697784,0.12071476876735687,-0.5994895696640015,-0.027929488569498062,0.06334376335144043,-0.5145943760871887,-0.026403948664665222,0.16763636469841003,-0.6956270933151245,-0.0629667118191719,0.26210451126098633,-0.6426472663879395,-0.022886259481310844,0.21893742680549622,-0.5336511731147766,-0.017582973465323448,0.16287432610988617,-0.4477110505104065,-0.03826682269573212,0.28101247549057007,-0.5650221109390259,-0.06161656230688095,0.3549913763999939,-0.5448598265647888,-0.04081683233380318,0.30666008591651917,-0.4437785744667053,-0.02097580023109913,0.2460058480501175,-0.35823726654052734,-0.02607322670519352,0.37264484167099,-0.4059402346611023,-0.060895711183547974,0.5069007277488708,-0.5123845934867859,-0.05295215919613838,0.5936517119407654,-0.5736432671546936,-0.027463950216770172,0.656666100025177,-0.6281333565711975,-0.015186340548098087,0.0,0.0,0.0,0.0,0.0,0.0,0.0,0.0,0.0,0.0,0.0,0.0,0.0,0.0,0.0,0.0,0.0,0.0,0.0,0.0,0.0,0.0,0.0,0.0,0.0,0.0,0.0,0.0,0.0,0.0,0.0,0.0,0.0,0.0,0.0,0.0,0.0,0.0,0.0,0.0,0.0,0.0,0.0,0.0,0.0,0.0,0.0,0.0,0.0,0.0,0.0,0.0,0.0,0.0,0.0,0.0,0.0,0.0,0.0,0.0,0.0,0.0,0.0,DOCTOR
0.0,0.0,0.0,-0.17278321087360382,-0.26070401072502136,-0.02602110058069229,-0.2638157606124878,-0.5152875781059265,-0.061131950467824936,-0.28395095467567444,-0.7531588077545166,-0.08994946628808975,-0.3256240785121918,-0.9392153024673462,-0.10882783681154251,0.027511371299624443,-0.7728036642074585,-0.06565085798501968,0.11184445023536682,-0.7177769541740417,-0.048363473266363144,0.09062840789556503,-0.5926498174667358,-0.036224234849214554,0.03787374496459961,-0.5057592391967773,-0.035501353442668915,0.17086274921894073,-0.6975962519645691,-0.07077524811029434,0.23668228089809418,-0.6364006996154785,-0.0315912626683712,0.19326847791671753,-0.5290170907974243,-0.028800856322050095,0.1401963084936142,-0.44438350200653076,-0.05209844559431076,0.2845227122306824,-0.5666304230690002,-0.06789620965719223,0.33361518383026123,-0.5439517498016357,-0.050781894475221634,0.28334781527519226,-0.4421689808368683,-0.03515852987766266,0.22598321735858917,-0.35602936148643494,-0.043320182710886,0.3727409243583679,-0.4068508744239807,-0.06470317393541336,0.5027397274971008,-0.5147513747215271,-0.062239617109298706,0.5899545550346375,-0.5791394114494324,-0.03991571441292763,0.6538821458816528,-0.6390690803527832,-0.029665779322385788,0.0,0.0,0.0,0.0,0.0,0.0,0.0,0.0,0.0,0.0,0.0,0.0,0.0,0.0,0.0,0.0,0.0,0.0,0.0,0.0,0.0,0.0,0.0,0.0,0.0,0.0,0.0,0.0,0.0,0.0,0.0,0.0,0.0,0.0,0.0,0.0,0.0,0.0,0.0,0.0,0.0,0.0,0.0,0.0,0.0,0.0,0.0,0.0,0.0,0.0,0.0,0.0,0.0,0.0,0.0,0.0,0.0,0.0,0.0,0.0,0.0,0.0,0.0,DOCTOR
0.0,0.0,0.0,-0.1705227792263031,-0.2554495930671692,-0.02969229966402054,-0.26194196939468384,-0.5072048902511597,-0.06762752681970596,-0.28533247113227844,-0.7476935386657715,-0.10026109963655472,-0.3293079137802124,-0.936265230178833,-0.12232642620801926,0.027046585455536842,-0.7709853649139404,-0.06511837244033813,0.13954438269138336,-0.7136062979698181,-0.05097314715385437,0.12221589684486389,-0.5890591740608215,-0.03744674474000931,0.065488800406456,-0.5031698942184448,-0.034564562141895294,0.16761329770088196,-0.6984090805053711,-0.07145557552576065,0.261721670627594,-0.6320589184761047,-0.03694300726056099,0.21921981871128082,-0.523126482963562,-0.03256429731845856,0.161286860704422,-0.441108763217926,-0.05286500230431557,0.2808396816253662,-0.5691283941268921,-0.0714598000049591,0.357211709022522,-0.5421614646911621,-0.05878497287631035,0.3095778822898865,-0.4392712712287903,-0.04072507098317146,0.24839197099208832,-0.35871726274490356,-0.04523269459605217,0.37180960178375244,-0.4080747663974762,-0.07202110439538956,0.5067562460899353,-0.5143164396286011,-0.07055869698524475,0.5926467180252075,-0.5766857266426086,-0.04671601578593254,0.6553752422332764,-0.6351702809333801,-0.03446009010076523,0.0,0.0,0.0,0.0,0.0,0.0,0.0,0.0,0.0,0.0,0.0,0.0,0.0,0.0,0.0,0.0,0.0,0.0,0.0,0.0,0.0,0.0,0.0,0.0,0.0,0.0,0.0,0.0,0.0,0.0,0.0,0.0,0.0,0.0,0.0,0.0,0.0,0.0,0.0,0.0,0.0,0.0,0.0,0.0,0.0,0.0,0.0,0.0,0.0,0.0,0.0,0.0,0.0,0.0,0.0,0.0,0.0,0.0,0.0,0.0,0.0,0.0,0.0,DOCTOR
0.0,0.0,0.0,-0.16828574240207672,-0.25521308183670044,-0.026987329125404358,-0.26001015305519104,-0.5082643032073975,-0.0631466954946518,-0.284401535987854,-0.748529314994812,-0.09422039240598679,-0.3305286169052124,-0.9367928504943848,-0.11476009339094162,0.024285856634378433,-0.7666355967521667,-0.057749517261981964,0.14103031158447266,-0.7205178737640381,-0.04323418810963631,0.12372606247663498,-0.5997304320335388,-0.03261014446616173,0.06581967324018478,-0.5142701864242554,-0.03186597302556038,0.16481472551822662,-0.6937226057052612,-0.06355307251214981,0.25797733664512634,-0.6367984414100647,-0.02422068826854229,0.21765775978565216,-0.532548189163208,-0.019186481833457947,0.16104888916015625,-0.45266857743263245,-0.040288593620061874,0.27767661213874817,-0.5655493140220642,-0.06327249109745026,0.35349327325820923,-0.5484209656715393,-0.045574914664030075,0.30748021602630615,-0.44872498512268066,-0.026136167347431183,0.24732720851898193,-0.36783602833747864,-0.031027911230921745,0.3684064447879791,-0.40737012028694153,-0.06350356340408325,0.49736401438713074,-0.5195949673652649,-0.05995767191052437,0.5826247930526733,-0.5848445296287537,-0.03551272302865982,0.6455715894699097,-0.6446127891540527,-0.0231203343719244,0.0,0.0,0.0,0.0,0.0,0.0,0.0,0.0,0.0,0.0,0.0,0.0,0.0,0.0,0.0,0.0,0.0,0.0,0.0,0.0,0.0,0.0,0.0,0.0,0.0,0.0,0.0,0.0,0.0,0.0,0.0,0.0,0.0,0.0,0.0,0.0,0.0,0.0,0.0,0.0,0.0,0.0,0.0,0.0,0.0,0.0,0.0,0.0,0.0,0.0,0.0,0.0,0.0,0.0,0.0,0.0,0.0,0.0,0.0,0.0,0.0,0.0,0.0,DOCTOR
0.0,0.0,0.0,-0.16605739295482635,-0.2572285532951355,-0.023608701303601265,-0.2563333809375763,-0.5121685266494751,-0.05818115547299385,-0.2804485559463501,-0.7528428435325623,-0.0881585031747818,-0.32893356680870056,-0.9382309317588806,-0.10735699534416199,0.0257280096411705,-0.7716246843338013,-0.05559830367565155,0.1428564190864563,-0.7373254895210266,-0.04027894139289856,0.12692995369434357,-0.6177173852920532,-0.02703762985765934,0.07117999345064163,-0.5309571623802185,-0.02381707727909088,0.16479042172431946,-0.6995933651924133,-0.06180046498775482,0.25906747579574585,-0.654292106628418,-0.022248292341828346,0.22022336721420288,-0.5500918626785278,-0.014462120831012726,0.1653674691915512,-0.4684428572654724,-0.032468538731336594,0.27693256735801697,-0.5724723935127258,-0.0617155097424984,0.3527536690235138,-0.563776433467865,-0.04297124966979027,0.3089936673641205,-0.46545571088790894,-0.022229252383112907,0.25076794624328613,-0.3837762475013733,-0.02551332674920559,0.3673611879348755,-0.4161767065525055,-0.06180139258503914,0.49536070227622986,-0.5295237898826599,-0.056755732744932175,0.5786418318748474,-0.5939966440200806,-0.03182870149612427,0.6394346356391907,-0.6530408263206482,-0.018624357879161835,0.0,0.0,0.0,0.0,0.0,0.0,0.0,0.0,0.0,0.0,0.0,0.0,0.0,0.0,0.0,0.0,0.0,0.0,0.0,0.0,0.0,0.0,0.0,0.0,0.0,0.0,0.0,0.0,0.0,0.0,0.0,0.0,0.0,0.0,0.0,0.0,0.0,0.0,0.0,0.0,0.0,0.0,0.0,0.0,0.0,0.0,0.0,0.0,0.0,0.0,0.0,0.0,0.0,0.0,0.0,0.0,0.0,0.0,0.0,0.0,0.0,0.0,0.0,DOCTOR
0.0,0.0,0.0,-0.17008937895298004,-0.2563265562057495,-0.02358039654791355,-0.2617185413837433,-0.5111002922058105,-0.057280752807855606,-0.28540492057800293,-0.7507808804512024,-0.08680643141269684,-0.33174657821655273,-0.9373729228973389,-0.1061897873878479,0.023844895884394646,-0.7733634114265442,-0.049634069204330444,0.1389015167951584,-0.7315312623977661,-0.03304043412208557,0.12121135741472244,-0.6082987189292908,-0.022745823487639427,0.06507691740989685,-0.5209892392158508,-0.02186746709048748,0.16283756494522095,-0.7021525502204895,-0.056070439517498016,0.2552758455276489,-0.6471227407455444,-0.014612559229135513,0.21516567468643188,-0.5411685705184937,-0.010998941957950592,0.15913453698158264,-0.458926260471344,-0.032367728650569916,0.27473363280296326,-0.573859691619873,-0.0562603697180748,0.3465751111507416,-0.5564778447151184,-0.03655318170785904,0.30153387784957886,-0.4540921151638031,-0.01977623626589775,0.24265991151332855,-0.3715866804122925,-0.025846358388662338,0.36566779017448425,-0.4159450829029083,-0.05652745068073273,0.49435824155807495,-0.5293028950691223,-0.04928004741668701,0.578214704990387,-0.5948542356491089,-0.024149984121322632,0.6387982964515686,-0.654275119304657,-0.011221068911254406,0.0,0.0,0.0,0.0,0.0,0.0,0.0,0.0,0.0,0.0,0.0,0.0,0.0,0.0,0.0,0.0,0.0,0.0,0.0,0.0,0.0,0.0,0.0,0.0,0.0,0.0,0.0,0.0,0.0,0.0,0.0,0.0,0.0,0.0,0.0,0.0,0.0,0.0,0.0,0.0,0.0,0.0,0.0,0.0,0.0,0.0,0.0,0.0,0.0,0.0,0.0,0.0,0.0,0.0,0.0,0.0,0.0,0.0,0.0,0.0,0.0,0.0,0.0,DOCTOR
0.0,0.0,0.0,-0.1594429612159729,-0.26042500138282776,-0.013930222950875759,-0.24923568964004517,-0.5248183608055115,-0.044447336345911026,-0.2706114649772644,-0.7639331817626953,-0.07384950667619705,-0.31522995233535767,-0.9445801377296448,-0.09164299070835114,0.016191428527235985,-0.787585973739624,-0.03663143143057823,0.157533198595047,-0.8133264183998108,-0.026505667716264725,0.15120521187782288,-0.6914140582084656,-0.01695552095770836,0.09621070325374603,-0.5938804745674133,-0.01300160214304924,0.15423175692558289,-0.7107946872711182,-0.04650137946009636,0.2716800272464752,-0.7230092287063599,-0.011847639456391335,0.24329803884029388,-0.6205418705940247,-0.004604308400303125,0.1873452216386795,-0.5283192992210388,-0.017405390739440918,0.26806584000587463,-0.5812429785728455,-0.05146603286266327,0.3604283928871155,-0.6135627031326294,-0.03089211881160736,0.3268708884716034,-0.5204806923866272,-0.009573536925017834,0.2700521647930145,-0.43048813939094543,-0.00921024288982153,0.3625018000602722,-0.4238670766353607,-0.05644034966826439,0.491458922624588,-0.5467586517333984,-0.04712473228573799,0.5747633576393127,-0.6114850044250488,-0.022614305838942528,0.6327455639839172,-0.6654519438743591,-0.007909009233117104,0.0,0.0,0.0,0.0,0.0,0.0,0.0,0.0,0.0,0.0,0.0,0.0,0.0,0.0,0.0,0.0,0.0,0.0,0.0,0.0,0.0,0.0,0.0,0.0,0.0,0.0,0.0,0.0,0.0,0.0,0.0,0.0,0.0,0.0,0.0,0.0,0.0,0.0,0.0,0.0,0.0,0.0,0.0,0.0,0.0,0.0,0.0,0.0,0.0,0.0,0.0,0.0,0.0,0.0,0.0,0.0,0.0,0.0,0.0,0.0,0.0,0.0,0.0,DOCTOR
0.0,0.0,0.0,-0.16218307614326477,-0.2626839578151703,-0.01435815915465355,-0.25142237544059753,-0.5215435028076172,-0.04514944553375244,-0.27278462052345276,-0.7613309025764465,-0.07457254081964493,-0.3169439136981964,-0.9440283179283142,-0.09141664206981659,0.012759438715875149,-0.7909837961196899,-0.031458109617233276,0.13284297287464142,-0.8259586095809937,-0.022484052926301956,0.11991104483604431,-0.7052856683731079,-0.015897413715720177,0.0643976703286171,-0.610122799873352,-0.015543856658041477,0.15694287419319153,-0.7151724696159363,-0.040673449635505676,0.256134569644928,-0.7470750212669373,-0.00736853014677763,0.22604425251483917,-0.643387496471405,-0.00148654670920223,0.17290334403514862,-0.545976996421814,-0.015994025394320488,0.2774977385997772,-0.5876935720443726,-0.04563051089644432,0.35626348853111267,-0.6392183303833008,-0.02355002611875534,0.32180944085121155,-0.5472336411476135,-0.0002023545530391857,0.26647159457206726,-0.44974735379219055,-0.00014625930634792894,0.37393710017204285,-0.43138039112091064,-0.05114567652344704,0.5064429640769958,-0.5425154566764832,-0.04180118814110756,0.5855425596237183,-0.6055976748466492,-0.019417759031057358,0.6359037160873413,-0.6645445227622986,-0.007386859972029924,0.0,0.0,0.0,0.0,0.0,0.0,0.0,0.0,0.0,0.0,0.0,0.0,0.0,0.0,0.0,0.0,0.0,0.0,0.0,0.0,0.0,0.0,0.0,0.0,0.0,0.0,0.0,0.0,0.0,0.0,0.0,0.0,0.0,0.0,0.0,0.0,0.0,0.0,0.0,0.0,0.0,0.0,0.0,0.0,0.0,0.0,0.0,0.0,0.0,0.0,0.0,0.0,0.0,0.0,0.0,0.0,0.0,0.0,0.0,0.0,0.0,0.0,0.0,DOCTOR
0.0,0.0,0.0,-0.15835335850715637,-0.25800821185112,-0.014809174463152885,-0.24832504987716675,-0.5161265134811401,-0.04664825648069382,-0.2712998390197754,-0.7590031027793884,-0.0767248347401619,-0.3147249221801758,-0.9446004629135132,-0.09315655380487442,0.012695614248514175,-0.7909758687019348,-0.032164253294467926,0.131373330950737,-0.8479760885238647,-0.02428089827299118,0.12441596388816833,-0.7296462655067444,-0.01584460400044918,0.07270257920026779,-0.630929172039032,-0.013190366327762604,0.1563403457403183,-0.7170912027359009,-0.03950737044215202,0.25659120082855225,-0.7750347256660461,-0.005882736761122942,0.23279128968715668,-0.6709561347961426,0.0032850499264895916,0.1833696961402893,-0.5677545070648193,-0.00818441342562437,0.27675458788871765,-0.5924025177955627,-0.04303126037120819,0.355767160654068,-0.6632064580917358,-0.017069818452000618,0.32631152868270874,-0.5748169422149658,0.009281710721552372,0.27361300587654114,-0.47413936257362366,0.01056984905153513,0.3722028136253357,-0.4378564655780792,-0.047572772949934006,0.5049489140510559,-0.5486343502998352,-0.03567586839199066,0.5848405361175537,-0.6105443835258484,-0.013858897611498833,0.6345446109771729,-0.6682022213935852,-0.0027702406514436007,0.0,0.0,0.0,0.0,0.0,0.0,0.0,0.0,0.0,0.0,0.0,0.0,0.0,0.0,0.0,0.0,0.0,0.0,0.0,0.0,0.0,0.0,0.0,0.0,0.0,0.0,0.0,0.0,0.0,0.0,0.0,0.0,0.0,0.0,0.0,0.0,0.0,0.0,0.0,0.0,0.0,0.0,0.0,0.0,0.0,0.0,0.0,0.0,0.0,0.0,0.0,0.0,0.0,0.0,0.0,0.0,0.0,0.0,0.0,0.0,0.0,0.0,0.0,DOCTOR
0.0,0.0,0.0,-0.14379757642745972,-0.26864367723464966,-0.016891323029994965,-0.21146275103092194,-0.5408832430839539,-0.050528474152088165,-0.2236858755350113,-0.7796465754508972,-0.08186954259872437,-0.26237285137176514,-0.9599321484565735,-0.09844164550304413,0.06568088382482529,-0.797507107257843,-0.04938666522502899,0.16230107843875885,-0.9173985719680786,-0.05836426839232445,0.1380283087491989,-0.8013324737548828,-0.05570916831493378,0.09758774936199188,-0.689669668674469,-0.054636549204587936,0.2003205120563507,-0.7123751640319824,-0.059225354343652725,0.274707555770874,-0.8189840316772461,-0.04274604842066765,0.23493646085262299,-0.7138742208480835,-0.02927732840180397,0.1923009157180786,-0.6089151501655579,-0.03415393829345703,0.30561894178390503,-0.5809070467948914,-0.06713613867759705,0.37417176365852356,-0.6790507435798645,-0.057600732892751694,0.330430269241333,-0.5930997729301453,-0.02898344397544861,0.27410754561424255,-0.49538925290107727,-0.02282891981303692,0.3836231529712677,-0.4258376359939575,-0.07622037082910538,0.5174002647399902,-0.5310702919960022,-0.07993818819522858,0.5960584282875061,-0.5952808260917664,-0.06713550537824631,0.6491445302963257,-0.6600531339645386,-0.06041926145553589,0.0,0.0,0.0,0.0,0.0,0.0,0.0,0.0,0.0,0.0,0.0,0.0,0.0,0.0,0.0,0.0,0.0,0.0,0.0,0.0,0.0,0.0,0.0,0.0,0.0,0.0,0.0,0.0,0.0,0.0,0.0,0.0,0.0,0.0,0.0,0.0,0.0,0.0,0.0,0.0,0.0,0.0,0.0,0.0,0.0,0.0,0.0,0.0,0.0,0.0,0.0,0.0,0.0,0.0,0.0,0.0,0.0,0.0,0.0,0.0,0.0,0.0,0.0,DOCTOR
0.0,0.0,0.0,-0.1532580703496933,-0.2793314754962921,-0.0162246935069561,-0.223501518368721,-0.542474627494812,-0.047360390424728394,-0.2381124496459961,-0.7763131856918335,-0.07875990122556686,-0.2707434594631195,-0.9574765563011169,-0.09968281537294388,0.07895670086145401,-0.7711410522460938,-0.02331843040883541,0.1331263929605484,-0.7924244999885559,-0.02665289118885994,0.11239694803953171,-0.687396764755249,-0.03319099172949791,0.07688449323177338,-0.5905038118362427,-0.04042345657944679,0.2077801376581192,-0.6934383511543274,-0.03786836564540863,0.2464546412229538,-0.6997203826904297,-0.018763232976198196,0.2098713517189026,-0.6064686179161072,-0.024497903883457184,0.17103727161884308,-0.5171586871147156,-0.045414719730615616,0.30677780508995056,-0.564039409160614,-0.050675168633461,0.35881537199020386,-0.6074897646903992,-0.0507168285548687,0.3181827664375305,-0.520561933517456,-0.03947088122367859,0.2700929045677185,-0.4347395896911621,-0.0424322709441185,0.3774237632751465,-0.4046793282032013,-0.0635049119591713,0.5155332088470459,-0.5011664628982544,-0.07062234729528427,0.5927443504333496,-0.5663695931434631,-0.05672599375247955,0.6464408040046692,-0.6334845423698425,-0.04832949861884117,0.0,0.0,0.0,0.0,0.0,0.0,0.0,0.0,0.0,0.0,0.0,0.0,0.0,0.0,0.0,0.0,0.0,0.0,0.0,0.0,0.0,0.0,0.0,0.0,0.0,0.0,0.0,0.0,0.0,0.0,0.0,0.0,0.0,0.0,0.0,0.0,0.0,0.0,0.0,0.0,0.0,0.0,0.0,0.0,0.0,0.0,0.0,0.0,0.0,0.0,0.0,0.0,0.0,0.0,0.0,0.0,0.0,0.0,0.0,0.0,0.0,0.0,0.0,DOCTOR
0.0,0.0,0.0,-0.1401568502187729,-0.26964864134788513,-0.016142450273036957,-0.2036610096693039,-0.551978349685669,-0.052777618169784546,-0.21249188482761383,-0.7841004133224487,-0.09072268754243851,-0.2433418333530426,-0.9626725912094116,-0.11851698160171509,0.08482593297958374,-0.8025013208389282,-0.04420376941561699,0.24805951118469238,-0.8922991156578064,-0.06339529156684875,0.2713451385498047,-0.7840456962585449,-0.0738944336771965,0.2563594877719879,-0.7010153532028198,-0.07970483601093292,0.20661622285842896,-0.7195780277252197,-0.05673624202609062,0.35658329725265503,-0.7672334313392639,-0.045799434185028076,0.34097081422805786,-0.6637166142463684,-0.03638152778148651,0.29620808362960815,-0.5809977054595947,-0.039914827793836594,0.30436208844184875,-0.588793933391571,-0.06895159184932709,0.42872339487075806,-0.6352705359458923,-0.06419073790311813,0.4004448652267456,-0.5449186563491821,-0.03893881291151047,0.3446144461631775,-0.4658987522125244,-0.02932024747133255,0.37898632884025574,-0.4302784502506256,-0.08229416608810425,0.5207036137580872,-0.5205198526382446,-0.08316971361637115,0.6021367311477661,-0.5713247656822205,-0.06356231123209,0.6576204299926758,-0.6232761144638062,-0.047945763915777206,0.0,0.0,0.0,0.0,0.0,0.0,0.0,0.0,0.0,0.0,0.0,0.0,0.0,0.0,0.0,0.0,0.0,0.0,0.0,0.0,0.0,0.0,0.0,0.0,0.0,0.0,0.0,0.0,0.0,0.0,0.0,0.0,0.0,0.0,0.0,0.0,0.0,0.0,0.0,0.0,0.0,0.0,0.0,0.0,0.0,0.0,0.0,0.0,0.0,0.0,0.0,0.0,0.0,0.0,0.0,0.0,0.0,0.0,0.0,0.0,0.0,0.0,0.0,DOCTOR
0.0,0.0,0.0,-0.1397005170583725,-0.275303453207016,-0.020841084420681,-0.20209766924381256,-0.5506923794746399,-0.05958021059632301,-0.20480956137180328,-0.7863611578941345,-0.09679437428712845,-0.23911535739898682,-0.9630457162857056,-0.12396260350942612,0.09401778876781464,-0.7711132168769836,-0.06592255085706711,0.23893098533153534,-0.7848331928253174,-0.08064502477645874,0.23084194958209991,-0.6741641163825989,-0.08395584672689438,0.1863163411617279,-0.5884231925010681,-0.08493152260780334,0.2166825234889984,-0.6745558977127075,-0.08017084747552872,0.3542971611022949,-0.6745538115501404,-0.0647018551826477,0.3262740969657898,-0.5841712355613708,-0.05322488397359848,0.2741089165210724,-0.5103914737701416,-0.05981433764100075,0.31440669298171997,-0.5349833965301514,-0.09178122878074646,0.4468476474285126,-0.5698902010917664,-0.09312262386083603,0.4125601649284363,-0.4832826554775238,-0.06706694513559341,0.35432374477386475,-0.4086064100265503,-0.05749501660466194,0.38911765813827515,-0.378328800201416,-0.10358472168445587,0.5432134866714478,-0.4870498776435852,-0.10707490146160126,0.6262644529342651,-0.5529177188873291,-0.08151355385780334,0.6845390796661377,-0.6215729117393494,-0.06301236897706985,0.0,0.0,0.0,0.0,0.0,0.0,0.0,0.0,0.0,0.0,0.0,0.0,0.0,0.0,0.0,0.0,0.0,0.0,0.0,0.0,0.0,0.0,0.0,0.0,0.0,0.0,0.0,0.0,0.0,0.0,0.0,0.0,0.0,0.0,0.0,0.0,0.0,0.0,0.0,0.0,0.0,0.0,0.0,0.0,0.0,0.0,0.0,0.0,0.0,0.0,0.0,0.0,0.0,0.0,0.0,0.0,0.0,0.0,0.0,0.0,0.0,0.0,0.0,DOCTOR
0.0,0.0,0.0,-0.12447990477085114,-0.27714893221855164,0.004580859560519457,-0.18760372698307037,-0.5524788498878479,-0.019821491092443466,-0.19621993601322174,-0.7944140434265137,-0.04510200396180153,-0.2200499176979065,-0.9735745191574097,-0.06107940152287483,0.10820984840393066,-0.7541255950927734,-0.04657536745071411,0.19691841304302216,-0.7557427287101746,-0.0342692993581295,0.18002115190029144,-0.64694744348526,-0.021073877811431885,0.1357256919145584,-0.5614387392997742,-0.013909351080656052,0.24004918336868286,-0.6597955226898193,-0.06524848192930222,0.31636351346969604,-0.6533911824226379,-0.0259054284542799,0.28343671560287476,-0.5653950572013855,-0.009696835651993752,0.23184047639369965,-0.4817114472389221,-0.018384339287877083,0.34115689992904663,-0.5214856266975403,-0.07527898252010345,0.40106430649757385,-0.5467026829719543,-0.056162070482969284,0.363919198513031,-0.4603998363018036,-0.03211629018187523,0.30850750207901,-0.37639057636260986,-0.030019376426935196,0.417402058839798,-0.37133243680000305,-0.08301945775747299,0.5578239560127258,-0.4888194799423218,-0.07335953414440155,0.6378138661384583,-0.5502330660820007,-0.0450996533036232,0.6901736855506897,-0.6079529523849487,-0.028192471712827682,0.0,0.0,0.0,0.0,0.0,0.0,0.0,0.0,0.0,0.0,0.0,0.0,0.0,0.0,0.0,0.0,0.0,0.0,0.0,0.0,0.0,0.0,0.0,0.0,0.0,0.0,0.0,0.0,0.0,0.0,0.0,0.0,0.0,0.0,0.0,0.0,0.0,0.0,0.0,0.0,0.0,0.0,0.0,0.0,0.0,0.0,0.0,0.0,0.0,0.0,0.0,0.0,0.0,0.0,0.0,0.0,0.0,0.0,0.0,0.0,0.0,0.0,0.0,DOCTOR
0.0,0.0,0.0,-0.1183595210313797,-0.2943803668022156,0.0077611589804291725,-0.17646268010139465,-0.5606792569160461,-0.016231050714850426,-0.18855123221874237,-0.7966171503067017,-0.04132599011063576,-0.21942324936389923,-0.973962128162384,-0.057018477469682693,0.10103324800729752,-0.7647187113761902,-0.03365681692957878,0.1851080358028412,-0.7765057682991028,-0.006168960593640804,0.16677312552928925,-0.6675294041633606,0.01663273759186268,0.12351638823747635,-0.5902004241943359,0.025583865121006966,0.23289182782173157,-0.6774924397468567,-0.051820140331983566,0.29977041482925415,-0.6766667366027832,-0.004741670098155737,0.26642581820487976,-0.5949575901031494,0.01012652087956667,0.21648836135864258,-0.5189637541770935,-0.002441622782498598,0.33138057589530945,-0.5412863492965698,-0.06035833805799484,0.39185962080955505,-0.5814407467842102,-0.03263263404369354,0.3590085208415985,-0.5027050375938416,-0.01081654243171215,0.3093377649784088,-0.4239027500152588,-0.013990495353937149,0.40902087092399597,-0.3881554901599884,-0.06638600677251816,0.5389221906661987,-0.5145148634910583,-0.05409296974539757,0.6242163777351379,-0.5725160837173462,-0.02976159192621708,0.6851410269737244,-0.6218473315238953,-0.01767227239906788,0.0,0.0,0.0,0.0,0.0,0.0,0.0,0.0,0.0,0.0,0.0,0.0,0.0,0.0,0.0,0.0,0.0,0.0,0.0,0.0,0.0,0.0,0.0,0.0,0.0,0.0,0.0,0.0,0.0,0.0,0.0,0.0,0.0,0.0,0.0,0.0,0.0,0.0,0.0,0.0,0.0,0.0,0.0,0.0,0.0,0.0,0.0,0.0,0.0,0.0,0.0,0.0,0.0,0.0,0.0,0.0,0.0,0.0,0.0,0.0,0.0,0.0,0.0,DOCTOR
0.0,0.0,0.0,-0.11444408446550369,-0.2889588475227356,0.01854381151497364,-0.1733236163854599,-0.5582978129386902,-0.0006570699042640626,-0.18746905028820038,-0.7967022061347961,-0.024561135098338127,-0.213523730635643,-0.9761732220649719,-0.03864378109574318,0.09272342175245285,-0.7733972668647766,-0.00623035104945302,0.19963029026985168,-0.7935881614685059,0.02056167833507061,0.1822109967470169,-0.6838343143463135,0.04033120721578598,0.13245736062526703,-0.6073552370071411,0.04911348223686218,0.22113168239593506,-0.6957203149795532,-0.028640683740377426,0.31781044602394104,-0.7073737382888794,0.01901005394756794,0.2891474962234497,-0.6188876628875732,0.03481961786746979,0.23522648215293884,-0.5388811826705933,0.026533564552664757,0.3236634433269501,-0.5689425468444824,-0.04291168600320816,0.41109299659729004,-0.6175282001495361,-0.00947839766740799,0.38677915930747986,-0.5351306200027466,0.014518983662128448,0.3345511555671692,-0.4537141025066376,0.014700651168823242,0.4081804156303406,-0.42313939332962036,-0.054812606424093246,0.5412300229072571,-0.5416660308837891,-0.03424370288848877,0.6155837178230286,-0.575306236743927,-0.005594246089458466,0.659960925579071,-0.600417971611023,0.011116435751318932,0.0,0.0,0.0,0.0,0.0,0.0,0.0,0.0,0.0,0.0,0.0,0.0,0.0,0.0,0.0,0.0,0.0,0.0,0.0,0.0,0.0,0.0,0.0,0.0,0.0,0.0,0.0,0.0,0.0,0.0,0.0,0.0,0.0,0.0,0.0,0.0,0.0,0.0,0.0,0.0,0.0,0.0,0.0,0.0,0.0,0.0,0.0,0.0,0.0,0.0,0.0,0.0,0.0,0.0,0.0,0.0,0.0,0.0,0.0,0.0,0.0,0.0,0.0,DOCTOR
0.0,0.0,0.0,-0.11067558825016022,-0.3011767864227295,0.03216728940606117,-0.1728770136833191,-0.5621227025985718,0.019555987790226936,-0.19007466733455658,-0.8025994300842285,0.0018776952056214213,-0.21495705842971802,-0.9765945076942444,-0.007526749279350042,0.07652856409549713,-0.7694122791290283,-0.020267415791749954,0.17762836813926697,-0.7861737608909607,0.00877123512327671,0.1629318743944168,-0.6717776656150818,0.03796624019742012,0.11745958775281906,-0.5905633568763733,0.05525725334882736,0.20958414673805237,-0.6920210123062134,-0.043740153312683105,0.2989383935928345,-0.7030196785926819,0.01345435157418251,0.27067020535469055,-0.6113754510879517,0.04208998382091522,0.22453461587429047,-0.533639132976532,0.0413200706243515,0.31846627593040466,-0.5640398263931274,-0.05527721717953682,0.39263060688972473,-0.6108481884002686,-0.011654434725642204,0.36979323625564575,-0.5305488109588623,0.020528879016637802,0.32111406326293945,-0.4525929093360901,0.024582913145422935,0.4045581817626953,-0.4245566427707672,-0.06266898661851883,0.5178197026252747,-0.5330430269241333,-0.030978085473179817,0.552340567111969,-0.5191645622253418,0.010266668163239956,0.5582866668701172,-0.507499098777771,0.036075692623853683,0.0,0.0,0.0,0.0,0.0,0.0,0.0,0.0,0.0,0.0,0.0,0.0,0.0,0.0,0.0,0.0,0.0,0.0,0.0,0.0,0.0,0.0,0.0,0.0,0.0,0.0,0.0,0.0,0.0,0.0,0.0,0.0,0.0,0.0,0.0,0.0,0.0,0.0,0.0,0.0,0.0,0.0,0.0,0.0,0.0,0.0,0.0,0.0,0.0,0.0,0.0,0.0,0.0,0.0,0.0,0.0,0.0,0.0,0.0,0.0,0.0,0.0,0.0,DOCTOR
0.0,0.0,0.0,-0.11170496046543121,-0.29157382249832153,0.016242247074842453,-0.17570993304252625,-0.5572755336761475,-0.001069342833943665,-0.19312863051891327,-0.7946249842643738,-0.018605196848511696,-0.22093380987644196,-0.9749550819396973,-0.025510646402835846,0.07884316891431808,-0.765087902545929,-0.029416827484965324,0.16165520250797272,-0.7643194794654846,0.008933351375162601,0.14443527162075043,-0.6480458378791809,0.042355719953775406,0.09571767598390579,-0.5717152953147888,0.057141341269016266,0.21097399294376373,-0.689626932144165,-0.0458420068025589,0.2798960506916046,-0.6851148009300232,0.010049435310065746,0.24739539623260498,-0.5926399827003479,0.03200883790850639,0.2001001387834549,-0.5196648836135864,0.023520577698946,0.3147144615650177,-0.5584059357643127,-0.050137076526880264,0.3725476861000061,-0.6054244637489319,-0.012459625490009785,0.3439880609512329,-0.5167744755744934,0.01798197627067566,0.2972891926765442,-0.43922317028045654,0.018668459728360176,0.3956325352191925,-0.4027549624443054,-0.050665318965911865,0.5249247550964355,-0.5480895042419434,-0.03279411420226097,0.6101254820823669,-0.6013539433479309,-0.0012161668855696917,0.6686788201332092,-0.655107319355011,0.015743419528007507,0.0,0.0,0.0,0.0,0.0,0.0,0.0,0.0,0.0,0.0,0.0,0.0,0.0,0.0,0.0,0.0,0.0,0.0,0.0,0.0,0.0,0.0,0.0,0.0,0.0,0.0,0.0,0.0,0.0,0.0,0.0,0.0,0.0,0.0,0.0,0.0,0.0,0.0,0.0,0.0,0.0,0.0,0.0,0.0,0.0,0.0,0.0,0.0,0.0,0.0,0.0,0.0,0.0,0.0,0.0,0.0,0.0,0.0,0.0,0.0,0.0,0.0,0.0,DOCTOR
0.0,0.0,0.0,-0.11941122263669968,-0.2986326217651367,0.022643906995654106,-0.18404322862625122,-0.5584921836853027,0.007616756483912468,-0.20292778313159943,-0.7943957448005676,-0.01051961537450552,-0.23046831786632538,-0.9728990793228149,-0.01875276491045952,0.07404138892889023,-0.7520048022270203,-0.0167694091796875,0.1602320373058319,-0.7624158263206482,0.018321054056286812,0.14503298699855804,-0.655480682849884,0.04959133639931679,0.09946826845407486,-0.5812150239944458,0.0650511160492897,0.20635661482810974,-0.6727182269096375,-0.037581317126750946,0.2827051281929016,-0.6834284663200378,0.016521118581295013,0.2520252764225006,-0.5975404977798462,0.038117170333862305,0.20647203922271729,-0.5263850688934326,0.0313248373568058,0.3128994405269623,-0.5438627600669861,-0.046932388097047806,0.3741324245929718,-0.5978837609291077,-0.010806256905198097,0.34870418906211853,-0.5134521126747131,0.018839307129383087,0.30370038747787476,-0.4400434195995331,0.02130105532705784,0.3981475830078125,-0.3934234380722046,-0.05221354216337204,0.524401843547821,-0.5369540452957153,-0.030674556270241737,0.6023765802383423,-0.5838589668273926,0.004788870923221111,0.6532874703407288,-0.6295304894447327,0.025610394775867462,0.0,0.0,0.0,0.0,0.0,0.0,0.0,0.0,0.0,0.0,0.0,0.0,0.0,0.0,0.0,0.0,0.0,0.0,0.0,0.0,0.0,0.0,0.0,0.0,0.0,0.0,0.0,0.0,0.0,0.0,0.0,0.0,0.0,0.0,0.0,0.0,0.0,0.0,0.0,0.0,0.0,0.0,0.0,0.0,0.0,0.0,0.0,0.0,0.0,0.0,0.0,0.0,0.0,0.0,0.0,0.0,0.0,0.0,0.0,0.0,0.0,0.0,0.0,DOCTOR
0.0,0.0,0.0,-0.12203695625066757,-0.2931564152240753,0.016552137210965157,-0.18719808757305145,-0.5509760975837708,-0.0017089409520849586,-0.20391809940338135,-0.7909485101699829,-0.021290887147188187,-0.23283816874027252,-0.9720311164855957,-0.030691400170326233,0.07359208911657333,-0.7550895810127258,-0.023749927058815956,0.15932048857212067,-0.7633092999458313,0.013163979165256023,0.13995027542114258,-0.6509314775466919,0.046361181885004044,0.09286771714687347,-0.575553834438324,0.06262420117855072,0.20706239342689514,-0.674907386302948,-0.03953096643090248,0.28130021691322327,-0.6892202496528625,0.013045212253928185,0.24627482891082764,-0.5995115041732788,0.033940281718969345,0.2000686377286911,-0.5254316329956055,0.027261927723884583,0.31264713406562805,-0.5430492162704468,-0.04334118217229843,0.3688194453716278,-0.5995407104492188,-0.007375669665634632,0.34017014503479004,-0.5140431523323059,0.0222073532640934,0.295908123254776,-0.4392940104007721,0.024969056248664856,0.39759597182273865,-0.3909231722354889,-0.043172355741262436,0.5211175680160522,-0.5393058657646179,-0.020826365798711777,0.5978231430053711,-0.5894964337348938,0.01494892779737711,0.6499012112617493,-0.6402446627616882,0.03575959801673889,0.0,0.0,0.0,0.0,0.0,0.0,0.0,0.0,0.0,0.0,0.0,0.0,0.0,0.0,0.0,0.0,0.0,0.0,0.0,0.0,0.0,0.0,0.0,0.0,0.0,0.0,0.0,0.0,0.0,0.0,0.0,0.0,0.0,0.0,0.0,0.0,0.0,0.0,0.0,0.0,0.0,0.0,0.0,0.0,0.0,0.0,0.0,0.0,0.0,0.0,0.0,0.0,0.0,0.0,0.0,0.0,0.0,0.0,0.0,0.0,0.0,0.0,0.0,DOCTOR
0.0,0.0,0.0,-0.11903610825538635,-0.288116991519928,0.017969448119401932,-0.1891958862543106,-0.5555478930473328,0.0005375304608605802,-0.20255893468856812,-0.7941823601722717,-0.018184302374720573,-0.23956428468227386,-0.9704841375350952,-0.027739671990275383,0.07022035866975784,-0.7727336883544922,-0.034669455140829086,0.1622897982597351,-0.7642902135848999,0.0010416876757517457,0.14286848902702332,-0.642705500125885,0.03657502308487892,0.09005007892847061,-0.5565746426582336,0.054165516048669815,0.20217999815940857,-0.6970854997634888,-0.05476926639676094,0.2839781939983368,-0.682489275932312,-0.004970841575413942,0.24881047010421753,-0.5777336359024048,0.01594526134431362,0.19747468829154968,-0.49632328748703003,0.008586280979216099,0.311200350522995,-0.5633397698402405,-0.062300682067871094,0.38429197669029236,-0.6004042625427246,-0.03414251655340195,0.3484494090080261,-0.500261127948761,-0.005094315391033888,0.2967711389064789,-0.42028704285621643,-0.0025006833020597696,0.3989561200141907,-0.4018399715423584,-0.0649532601237297,0.5445852279663086,-0.5447268486022949,-0.05210373178124428,0.6352858543395996,-0.6051174402236938,-0.020093262195587158,0.6989787220954895,-0.676745593547821,-0.001996370032429695,0.0,0.0,0.0,0.0,0.0,0.0,0.0,0.0,0.0,0.0,0.0,0.0,0.0,0.0,0.0,0.0,0.0,0.0,0.0,0.0,0.0,0.0,0.0,0.0,0.0,0.0,0.0,0.0,0.0,0.0,0.0,0.0,0.0,0.0,0.0,0.0,0.0,0.0,0.0,0.0,0.0,0.0,0.0,0.0,0.0,0.0,0.0,0.0,0.0,0.0,0.0,0.0,0.0,0.0,0.0,0.0,0.0,0.0,0.0,0.0,0.0,0.0,0.0,DOCTOR
0.0,0.0,0.0,-0.1261407434940338,-0.29203519225120544,0.017487524077296257,-0.1914810985326767,-0.5543062686920166,0.002990107284858823,-0.20810067653656006,-0.7913321852684021,-0.011860891245305538,-0.24518631398677826,-0.9693238735198975,-0.017172258347272873,0.06396634876728058,-0.7711964249610901,-0.017243411391973495,0.15694837272167206,-0.7440789937973022,0.021583901718258858,0.1383844017982483,-0.6278548240661621,0.04964281618595123,0.0890619084239006,-0.5502122044563293,0.060921378433704376,0.1964048147201538,-0.6993721127510071,-0.0339779406785965,0.27328476309776306,-0.6668581962585449,0.02823139727115631,0.23705454170703888,-0.5666846036911011,0.046585194766521454,0.18916422128677368,-0.49488648772239685,0.03373275697231293,0.30521833896636963,-0.5695903897285461,-0.03918978571891785,0.3656955361366272,-0.5950782299041748,-0.0011553170625120401,0.3292638659477234,-0.4983544647693634,0.023955900222063065,0.2792775332927704,-0.4232027530670166,0.020751630887389183,0.38944005966186523,-0.4138106405735016,-0.039750441908836365,0.5324243903160095,-0.5527145266532898,-0.020228102803230286,0.6260519027709961,-0.6122311353683472,0.011244770139455795,0.6908127069473267,-0.6807742118835449,0.02731223963201046,0.0,0.0,0.0,0.0,0.0,0.0,0.0,0.0,0.0,0.0,0.0,0.0,0.0,0.0,0.0,0.0,0.0,0.0,0.0,0.0,0.0,0.0,0.0,0.0,0.0,0.0,0.0,0.0,0.0,0.0,0.0,0.0,0.0,0.0,0.0,0.0,0.0,0.0,0.0,0.0,0.0,0.0,0.0,0.0,0.0,0.0,0.0,0.0,0.0,0.0,0.0,0.0,0.0,0.0,0.0,0.0,0.0,0.0,0.0,0.0,0.0,0.0,0.0,DOCTOR
0.0,0.0,0.0,-0.1275155246257782,-0.2908842861652374,0.01738571748137474,-0.1938866674900055,-0.5550734400749207,0.0028086132369935513,-0.21050366759300232,-0.793218195438385,-0.012754346244037151,-0.2501066327095032,-0.9680319428443909,-0.01899653859436512,0.06643374264240265,-0.7640652656555176,-0.02306375838816166,0.16334448754787445,-0.7528336644172668,0.012253308668732643,0.14322705566883087,-0.6406799554824829,0.040930453687906265,0.09253281354904175,-0.5626670718193054,0.05321340635418892,0.1984729915857315,-0.6857446432113647,-0.040810488164424896,0.27921560406684875,-0.6703205704689026,0.016721222549676895,0.24367783963680267,-0.575614869594574,0.03780513256788254,0.1961331069469452,-0.5037186741828918,0.027793023735284805,0.3067653179168701,-0.5556646585464478,-0.047387175261974335,0.37599822878837585,-0.5932987332344055,-0.013751874677836895,0.34287193417549133,-0.49998217821121216,0.013852469623088837,0.2936115264892578,-0.42374560236930847,0.013544022105634212,0.3919653594493866,-0.40226370096206665,-0.04947148635983467,0.531898558139801,-0.5408321022987366,-0.03343968838453293,0.6244125962257385,-0.5968140959739685,-0.0025153979659080505,0.6892183423042297,-0.658931314945221,0.014168653637170792,0.0,0.0,0.0,0.0,0.0,0.0,0.0,0.0,0.0,0.0,0.0,0.0,0.0,0.0,0.0,0.0,0.0,0.0,0.0,0.0,0.0,0.0,0.0,0.0,0.0,0.0,0.0,0.0,0.0,0.0,0.0,0.0,0.0,0.0,0.0,0.0,0.0,0.0,0.0,0.0,0.0,0.0,0.0,0.0,0.0,0.0,0.0,0.0,0.0,0.0,0.0,0.0,0.0,0.0,0.0,0.0,0.0,0.0,0.0,0.0,0.0,0.0,0.0,DOCTOR
0.0,0.0,0.0,-0.12474226206541061,-0.2893851101398468,0.011580952443182468,-0.1891632229089737,-0.55051589012146,-0.006153968162834644,-0.20448735356330872,-0.7911171913146973,-0.023064954206347466,-0.24078431725502014,-0.9701012969017029,-0.03043666109442711,0.0745789036154747,-0.7605765461921692,-0.027606096118688583,0.15896156430244446,-0.7392471432685852,0.011433889158070087,0.13764862716197968,-0.62257319688797,0.044342149049043655,0.08907156437635422,-0.5424268245697021,0.05884483829140663,0.20515473186969757,-0.6843881011009216,-0.0416131466627121,0.2791314721107483,-0.6609305739402771,0.015041576698422432,0.2426155060529709,-0.560976505279541,0.03449387848377228,0.19554463028907776,-0.48650601506233215,0.024074073880910873,0.31129613518714905,-0.5531776547431946,-0.043613970279693604,0.3766775131225586,-0.5837685465812683,-0.009357992559671402,0.3403962254524231,-0.48693764209747314,0.018772410228848457,0.29063162207603455,-0.41144466400146484,0.019021382555365562,0.3943358063697815,-0.3964383900165558,-0.04130355641245842,0.5330836176872253,-0.5318103432655334,-0.024469586089253426,0.621897280216217,-0.5892111659049988,0.008270695805549622,0.6838743686676025,-0.6572006940841675,0.026457564905285835,0.0,0.0,0.0,0.0,0.0,0.0,0.0,0.0,0.0,0.0,0.0,0.0,0.0,0.0,0.0,0.0,0.0,0.0,0.0,0.0,0.0,0.0,0.0,0.0,0.0,0.0,0.0,0.0,0.0,0.0,0.0,0.0,0.0,0.0,0.0,0.0,0.0,0.0,0.0,0.0,0.0,0.0,0.0,0.0,0.0,0.0,0.0,0.0,0.0,0.0,0.0,0.0,0.0,0.0,0.0,0.0,0.0,0.0,0.0,0.0,0.0,0.0,0.0,DOCTOR
0.0,0.0,0.0,-0.12467671185731888,-0.2924235463142395,0.014021934010088444,-0.18718726933002472,-0.5565307140350342,-0.0008198456489481032,-0.2010987401008606,-0.7958743572235107,-0.01593426987528801,-0.23687411844730377,-0.9713191390037537,-0.020732706412672997,0.07438346743583679,-0.7588537931442261,-0.021563732996582985,0.1724751591682434,-0.7448275685310364,0.012994753196835518,0.1527455896139145,-0.6350438594818115,0.0420428104698658,0.10198583453893661,-0.5609531998634338,0.054983098059892654,0.20658141374588013,-0.681167483329773,-0.03773177042603493,0.2888910472393036,-0.6663491129875183,0.01823316141963005,0.25566357374191284,-0.5755373239517212,0.038816168904304504,0.21028979122638702,-0.5052045583724976,0.02945135161280632,0.3147297203540802,-0.5516009330749512,-0.04343866556882858,0.3834173381328583,-0.5868424773216248,-0.011943673714995384,0.350222647190094,-0.497378945350647,0.013867853209376335,0.30236825346946716,-0.425531268119812,0.01353282481431961,0.3978865146636963,-0.3992764949798584,-0.04489511251449585,0.5424342751502991,-0.5346126556396484,-0.030914878472685814,0.634495735168457,-0.5883114337921143,-0.0016985450638458133,0.6993051767349243,-0.649559736251831,0.014572755433619022,0.0,0.0,0.0,0.0,0.0,0.0,0.0,0.0,0.0,0.0,0.0,0.0,0.0,0.0,0.0,0.0,0.0,0.0,0.0,0.0,0.0,0.0,0.0,0.0,0.0,0.0,0.0,0.0,0.0,0.0,0.0,0.0,0.0,0.0,0.0,0.0,0.0,0.0,0.0,0.0,0.0,0.0,0.0,0.0,0.0,0.0,0.0,0.0,0.0,0.0,0.0,0.0,0.0,0.0,0.0,0.0,0.0,0.0,0.0,0.0,0.0,0.0,0.0,DOCTOR
0.0,0.0,0.0,-0.1263003796339035,-0.29034751653671265,0.007768658455461264,-0.1912507265806198,-0.5482653975486755,-0.012636684812605381,-0.20502309501171112,-0.7892611622810364,-0.031734008342027664,-0.24205970764160156,-0.9694239497184753,-0.0403013601899147,0.07700953632593155,-0.7566832304000854,-0.03347591310739517,0.1720363348722458,-0.7350425720214844,0.0014150399947538972,0.150521919131279,-0.620519757270813,0.03226770460605621,0.09913396835327148,-0.541862428188324,0.04605727270245552,0.2094746083021164,-0.6776517033576965,-0.04723465070128441,0.29007136821746826,-0.660648763179779,0.007288367487490177,0.2528834640979767,-0.5653894543647766,0.027750303968787193,0.2046477198600769,-0.4921618700027466,0.018045054748654366,0.31658416986465454,-0.5450292825698853,-0.04995710030198097,0.38734570145606995,-0.5814510583877563,-0.019581029191613197,0.3509995937347412,-0.48972344398498535,0.0070901839062571526,0.3003844618797302,-0.41462525725364685,0.007068757899105549,0.3988984227180481,-0.38981837034225464,-0.04865780845284462,0.5439725518226624,-0.5268195867538452,-0.036713603883981705,0.637161374092102,-0.5832428932189941,-0.007588747423142195,0.702899158000946,-0.6478484869003296,0.008654250763356686,0.0,0.0,0.0,0.0,0.0,0.0,0.0,0.0,0.0,0.0,0.0,0.0,0.0,0.0,0.0,0.0,0.0,0.0,0.0,0.0,0.0,0.0,0.0,0.0,0.0,0.0,0.0,0.0,0.0,0.0,0.0,0.0,0.0,0.0,0.0,0.0,0.0,0.0,0.0,0.0,0.0,0.0,0.0,0.0,0.0,0.0,0.0,0.0,0.0,0.0,0.0,0.0,0.0,0.0,0.0,0.0,0.0,0.0,0.0,0.0,0.0,0.0,0.0,DOCTOR
0.0,0.0,0.0,-0.13173991441726685,-0.28767722845077515,0.009111699648201466,-0.19970233738422394,-0.5448131561279297,-0.010517858900129795,-0.21258525550365448,-0.7871099710464478,-0.029178794473409653,-0.24588845670223236,-0.9685727953910828,-0.03749245032668114,0.07063782960176468,-0.7539081573486328,-0.031893033534288406,0.16655883193016052,-0.7395340800285339,0.005712236277759075,0.14661917090415955,-0.6243681907653809,0.03923928737640381,0.09655474126338959,-0.544711709022522,0.0550779290497303,0.20399515330791473,-0.6739432215690613,-0.04504939168691635,0.28659600019454956,-0.6615829467773438,0.0123283751308918,0.2501082718372345,-0.5664070248603821,0.03430478647351265,0.20310334861278534,-0.4931381046772003,0.025573084130883217,0.3116206228733063,-0.5404689908027649,-0.04679315164685249,0.3828696608543396,-0.5786198973655701,-0.012546751648187637,0.3473527133464813,-0.4874275028705597,0.014877792447805405,0.2982390224933624,-0.4132930636405945,0.014786613173782825,0.39516204595565796,-0.38480547070503235,-0.04441583901643753,0.5402936935424805,-0.5223802924156189,-0.028864258900284767,0.6317058801651001,-0.5797776579856873,0.0015646015526726842,0.6966858506202698,-0.6453613638877869,0.018366942182183266,0.0,0.0,0.0,0.0,0.0,0.0,0.0,0.0,0.0,0.0,0.0,0.0,0.0,0.0,0.0,0.0,0.0,0.0,0.0,0.0,0.0,0.0,0.0,0.0,0.0,0.0,0.0,0.0,0.0,0.0,0.0,0.0,0.0,0.0,0.0,0.0,0.0,0.0,0.0,0.0,0.0,0.0,0.0,0.0,0.0,0.0,0.0,0.0,0.0,0.0,0.0,0.0,0.0,0.0,0.0,0.0,0.0,0.0,0.0,0.0,0.0,0.0,0.0,DOCTOR
0.0,0.0,0.0,-0.12435805797576904,-0.29057571291923523,0.010985752567648888,-0.19179579615592957,-0.5509006977081299,-0.008590377867221832,-0.2055131196975708,-0.7908710241317749,-0.02720082364976406,-0.23778292536735535,-0.9706711173057556,-0.03545108065009117,0.07244683802127838,-0.7663120031356812,-0.035713519901037216,0.16902834177017212,-0.7497531771659851,0.0015629559056833386,0.14807350933551788,-0.6292840838432312,0.03525238111615181,0.09697812050580978,-0.5473849773406982,0.05117199942469597,0.20513519644737244,-0.6895084381103516,-0.050194982439279556,0.29206350445747375,-0.6710047125816345,0.006183789111673832,0.2554726004600525,-0.5697109699249268,0.028366761282086372,0.2048291563987732,-0.4940931797027588,0.020062951371073723,0.31339889764785767,-0.5571834444999695,-0.05268228054046631,0.38922345638275146,-0.5917689800262451,-0.018824461847543716,0.3540937006473541,-0.49648573994636536,0.008790254592895508,0.3024410605430603,-0.4195999801158905,0.008754508569836617,0.3985626697540283,-0.40028974413871765,-0.05082567408680916,0.5445417761802673,-0.5376096963882446,-0.03500046581029892,0.636893630027771,-0.5957459807395935,-0.004286481067538261,0.7016499042510986,-0.661856472492218,0.012611131183803082,0.0,0.0,0.0,0.0,0.0,0.0,0.0,0.0,0.0,0.0,0.0,0.0,0.0,0.0,0.0,0.0,0.0,0.0,0.0,0.0,0.0,0.0,0.0,0.0,0.0,0.0,0.0,0.0,0.0,0.0,0.0,0.0,0.0,0.0,0.0,0.0,0.0,0.0,0.0,0.0,0.0,0.0,0.0,0.0,0.0,0.0,0.0,0.0,0.0,0.0,0.0,0.0,0.0,0.0,0.0,0.0,0.0,0.0,0.0,0.0,0.0,0.0,0.0,DOCTOR
0.0,0.0,0.0,-0.1301792860031128,-0.2891758382320404,0.012747238390147686,-0.19782358407974243,-0.5508121848106384,-0.0038472574669867754,-0.21192710101604462,-0.7918320298194885,-0.020504968240857124,-0.24891579151153564,-0.9681497812271118,-0.02696455456316471,0.06684815138578415,-0.7558215856552124,-0.025715136900544167,0.16518713533878326,-0.7469388246536255,0.009877690114080906,0.1460307240486145,-0.6347976922988892,0.04110728204250336,0.09667328745126724,-0.5568187832832336,0.05537012964487076,0.20001190900802612,-0.6786261796951294,-0.04090123623609543,0.2849912643432617,-0.6733090281486511,0.015004909597337246,0.2516060769557953,-0.5794268846511841,0.03698626533150673,0.20611704885959625,-0.5056896805763245,0.0285963024944067,0.3092198073863983,-0.5494716167449951,-0.04535170644521713,0.38216978311538696,-0.593185305595398,-0.012758898548781872,0.3501215875148773,-0.5026637315750122,0.01388871856033802,0.30234384536743164,-0.4276202321052551,0.013472280465066433,0.3942311704158783,-0.3963043689727783,-0.04560060054063797,0.539804995059967,-0.53277188539505,-0.031169751659035683,0.6330420970916748,-0.5885595083236694,-0.002608459210023284,0.6987757086753845,-0.6525408625602722,0.012684936635196209,0.0,0.0,0.0,0.0,0.0,0.0,0.0,0.0,0.0,0.0,0.0,0.0,0.0,0.0,0.0,0.0,0.0,0.0,0.0,0.0,0.0,0.0,0.0,0.0,0.0,0.0,0.0,0.0,0.0,0.0,0.0,0.0,0.0,0.0,0.0,0.0,0.0,0.0,0.0,0.0,0.0,0.0,0.0,0.0,0.0,0.0,0.0,0.0,0.0,0.0,0.0,0.0,0.0,0.0,0.0,0.0,0.0,0.0,0.0,0.0,0.0,0.0,0.0,DOCTOR
0.0,0.0,0.0,-0.12736225128173828,-0.29022887349128723,0.013295319862663746,-0.19629549980163574,-0.5490403175354004,-0.004861608147621155,-0.21356770396232605,-0.7891765832901001,-0.02261698991060257,-0.24800987541675568,-0.9682909846305847,-0.03006156161427498,0.06805521994829178,-0.758279025554657,-0.030481649562716484,0.1661672592163086,-0.7413221001625061,0.009094326756894588,0.1457720249891281,-0.6227524876594543,0.043828703463077545,0.09501536935567856,-0.5424540042877197,0.059740517288446426,0.20066379010677338,-0.6823680996894836,-0.04600444808602333,0.28804346919059753,-0.6656415462493896,0.012165891006588936,0.2521841824054718,-0.5665276050567627,0.03424534946680069,0.20313550531864166,-0.49278023838996887,0.025043651461601257,0.30952727794647217,-0.5520197749137878,-0.04948044195771217,0.38547205924987793,-0.5867111086845398,-0.013751070946455002,0.3505592942237854,-0.491626113653183,0.014033457264304161,0.2993515729904175,-0.41657307744026184,0.013093529269099236,0.39470064640045166,-0.39747947454452515,-0.048548173159360886,0.5409127473831177,-0.5349741578102112,-0.03205235302448273,0.6346865892410278,-0.5932616591453552,-0.0015514292754232883,0.7003326416015625,-0.6601327657699585,0.014551729895174503,0.0,0.0,0.0,0.0,0.0,0.0,0.0,0.0,0.0,0.0,0.0,0.0,0.0,0.0,0.0,0.0,0.0,0.0,0.0,0.0,0.0,0.0,0.0,0.0,0.0,0.0,0.0,0.0,0.0,0.0,0.0,0.0,0.0,0.0,0.0,0.0,0.0,0.0,0.0,0.0,0.0,0.0,0.0,0.0,0.0,0.0,0.0,0.0,0.0,0.0,0.0,0.0,0.0,0.0,0.0,0.0,0.0,0.0,0.0,0.0,0.0,0.0,0.0,DOCTOR
0.0,0.0,0.0,-0.13120856881141663,-0.2855243384838104,0.010807831771671772,-0.19957926869392395,-0.5485302805900574,-0.006233943160623312,-0.21600952744483948,-0.789842963218689,-0.02306191623210907,-0.2534138262271881,-0.9669018983840942,-0.029701557010412216,0.06710030883550644,-0.7604469656944275,-0.024916647002100945,0.16121594607830048,-0.75443035364151,0.011743396520614624,0.14339730143547058,-0.6397907137870789,0.04343445971608162,0.09456751495599747,-0.5591606497764587,0.05795175954699516,0.1994154155254364,-0.6864651441574097,-0.03910285234451294,0.28153932094573975,-0.6780880093574524,0.016931328922510147,0.2474411427974701,-0.58075350522995,0.03738913685083389,0.20090340077877045,-0.5055678486824036,0.028026677668094635,0.3073888123035431,-0.5584983825683594,-0.04258201643824577,0.377480149269104,-0.5975809693336487,-0.009508255869150162,0.3439585268497467,-0.5051419734954834,0.015567700378596783,0.29579317569732666,-0.42828235030174255,0.01400780864059925,0.392053484916687,-0.40554291009902954,-0.041971590369939804,0.5367567539215088,-0.5425344109535217,-0.026871876791119576,0.6288760900497437,-0.6022214293479919,0.001519085606560111,0.6934708952903748,-0.6676403880119324,0.016564052551984787,0.0,0.0,0.0,0.0,0.0,0.0,0.0,0.0,0.0,0.0,0.0,0.0,0.0,0.0,0.0,0.0,0.0,0.0,0.0,0.0,0.0,0.0,0.0,0.0,0.0,0.0,0.0,0.0,0.0,0.0,0.0,0.0,0.0,0.0,0.0,0.0,0.0,0.0,0.0,0.0,0.0,0.0,0.0,0.0,0.0,0.0,0.0,0.0,0.0,0.0,0.0,0.0,0.0,0.0,0.0,0.0,0.0,0.0,0.0,0.0,0.0,0.0,0.0,DOCTOR
0.0,0.0,0.0,-0.12943370640277863,-0.2871879041194916,0.007439060602337122,-0.19707675278186798,-0.5498358607292175,-0.011995317414402962,-0.21410991251468658,-0.7904866933822632,-0.031213324517011642,-0.2524687349796295,-0.9667816758155823,-0.03990732133388519,0.06883678585290909,-0.762450635433197,-0.027066553011536598,0.16388055682182312,-0.7554056644439697,0.005298158619552851,0.1434285193681717,-0.6398622989654541,0.03292599692940712,0.09350931644439697,-0.5600331425666809,0.044611770659685135,0.20107419788837433,-0.6879265308380127,-0.041707709431648254,0.2841147780418396,-0.6818581223487854,0.009352556429803371,0.24934862554073334,-0.5848420262336731,0.02802642434835434,0.20199409127235413,-0.5099066495895386,0.018274834379553795,0.30872154235839844,-0.5612170100212097,-0.046466097235679626,0.3797184228897095,-0.6018587946891785,-0.017475662752985954,0.3462258279323578,-0.50955730676651,0.007489985786378384,0.2977438271045685,-0.43281030654907227,0.006904630921781063,0.393465518951416,-0.4100499451160431,-0.047707051038742065,0.5364782810211182,-0.5470690131187439,-0.03509996458888054,0.6273694634437561,-0.6069839000701904,-0.007313443347811699,0.6914938688278198,-0.6722429394721985,0.007754161022603512,0.0,0.0,0.0,0.0,0.0,0.0,0.0,0.0,0.0,0.0,0.0,0.0,0.0,0.0,0.0,0.0,0.0,0.0,0.0,0.0,0.0,0.0,0.0,0.0,0.0,0.0,0.0,0.0,0.0,0.0,0.0,0.0,0.0,0.0,0.0,0.0,0.0,0.0,0.0,0.0,0.0,0.0,0.0,0.0,0.0,0.0,0.0,0.0,0.0,0.0,0.0,0.0,0.0,0.0,0.0,0.0,0.0,0.0,0.0,0.0,0.0,0.0,0.0,DOCTOR
0.0,0.0,0.0,-0.1302635818719864,-0.2871432304382324,0.008173808455467224,-0.2010297328233719,-0.5485865473747253,-0.011286898516118526,-0.21914757788181305,-0.7888872623443604,-0.030796736478805542,-0.2586718201637268,-0.9651235938072205,-0.04031454399228096,0.06481651961803436,-0.7543327212333679,-0.031179798766970634,0.159531831741333,-0.7491090297698975,-6.945706263650209e-05,0.14105594158172607,-0.6337842345237732,0.028403444215655327,0.09162608534097672,-0.5536991357803345,0.04129626229405403,0.19799090921878815,-0.6797047257423401,-0.046627577394247055,0.2818875014781952,-0.6765559911727905,0.0027286296244710684,0.24809081852436066,-0.5790836811065674,0.02190372720360756,0.2007707804441452,-0.5041004419326782,0.012729430571198463,0.30670642852783203,-0.553997814655304,-0.05194317176938057,0.37766748666763306,-0.5942518711090088,-0.025371434167027473,0.3443610966205597,-0.49957162141799927,-0.000431371241575107,0.2957727313041687,-0.42285454273223877,-0.0006127736996859312,0.3928654193878174,-0.4045315086841583,-0.053443919867277145,0.5361906290054321,-0.545303463935852,-0.04136626049876213,0.6274301409721375,-0.604623556137085,-0.012657719664275646,0.6916967630386353,-0.66988205909729,0.0029101173859089613,0.0,0.0,0.0,0.0,0.0,0.0,0.0,0.0,0.0,0.0,0.0,0.0,0.0,0.0,0.0,0.0,0.0,0.0,0.0,0.0,0.0,0.0,0.0,0.0,0.0,0.0,0.0,0.0,0.0,0.0,0.0,0.0,0.0,0.0,0.0,0.0,0.0,0.0,0.0,0.0,0.0,0.0,0.0,0.0,0.0,0.0,0.0,0.0,0.0,0.0,0.0,0.0,0.0,0.0,0.0,0.0,0.0,0.0,0.0,0.0,0.0,0.0,0.0,DOCTOR
0.0,0.0,0.0,-0.13017743825912476,-0.2859259843826294,0.0028852587565779686,-0.20085273683071136,-0.5482033491134644,-0.019913531839847565,-0.22017723321914673,-0.7875428795814514,-0.042150381952524185,-0.2580099403858185,-0.9646510481834412,-0.05365756154060364,0.06295205652713776,-0.7522540092468262,-0.0386178120970726,0.15984360873699188,-0.7506855130195618,-0.012398685328662395,0.14316533505916595,-0.6373742818832397,0.014311093837022781,0.09403273463249207,-0.5575500726699829,0.026308724656701088,0.19448722898960114,-0.6782378554344177,-0.053334079682826996,0.2799939513206482,-0.6766799688339233,-0.009274089708924294,0.2485026717185974,-0.5799450278282166,0.009359464980661869,0.2016274333000183,-0.5056883096694946,0.0003363600408192724,0.3030758798122406,-0.5541043877601624,-0.05871313810348511,0.37721970677375793,-0.5962745547294617,-0.03653988242149353,0.3455369472503662,-0.5040374398231506,-0.011541054584085941,0.2972566783428192,-0.42750266194343567,-0.011004273779690266,0.38952961564064026,-0.4070337414741516,-0.06093650311231613,0.5332195162773132,-0.5434792637825012,-0.0531657375395298,0.6233372688293457,-0.6042645573616028,-0.026555532589554787,0.6864595413208008,-0.6700752973556519,-0.011874523013830185,0.0,0.0,0.0,0.0,0.0,0.0,0.0,0.0,0.0,0.0,0.0,0.0,0.0,0.0,0.0,0.0,0.0,0.0,0.0,0.0,0.0,0.0,0.0,0.0,0.0,0.0,0.0,0.0,0.0,0.0,0.0,0.0,0.0,0.0,0.0,0.0,0.0,0.0,0.0,0.0,0.0,0.0,0.0,0.0,0.0,0.0,0.0,0.0,0.0,0.0,0.0,0.0,0.0,0.0,0.0,0.0,0.0,0.0,0.0,0.0,0.0,0.0,0.0,DOCTOR
0.0,0.0,0.0,-0.12888817489147186,-0.28862202167510986,0.009901219047605991,-0.19778560101985931,-0.5513414144515991,-0.008710493333637714,-0.2159198820590973,-0.7915568947792053,-0.026645086705684662,-0.25492000579833984,-0.9663519263267517,-0.03434699401259422,0.06663186103105545,-0.7652348279953003,-0.02694309689104557,0.1595105528831482,-0.7549073696136475,0.008545720018446445,0.13937382400035858,-0.6358007788658142,0.03759077563881874,0.09040617942810059,-0.5545393228530884,0.05000835284590721,0.19780324399471283,-0.6912967562675476,-0.04069133847951889,0.27957746386528015,-0.683035671710968,0.014454083517193794,0.24470770359039307,-0.582089900970459,0.033958204090595245,0.19734607636928558,-0.5073504447937012,0.023861868306994438,0.30439072847366333,-0.5653827786445618,-0.043660782277584076,0.37285226583480835,-0.6036921143531799,-0.010136498138308525,0.3382360339164734,-0.5090987086296082,0.014960947446525097,0.2886657118797302,-0.43300506472587585,0.013170856051146984,0.38819900155067444,-0.41681089997291565,-0.042654357850551605,0.5293399095535278,-0.558163046836853,-0.02625894732773304,0.6192955374717712,-0.6192026734352112,0.002961719175800681,0.6818968057632446,-0.6870458722114563,0.018198151141405106,0.0,0.0,0.0,0.0,0.0,0.0,0.0,0.0,0.0,0.0,0.0,0.0,0.0,0.0,0.0,0.0,0.0,0.0,0.0,0.0,0.0,0.0,0.0,0.0,0.0,0.0,0.0,0.0,0.0,0.0,0.0,0.0,0.0,0.0,0.0,0.0,0.0,0.0,0.0,0.0,0.0,0.0,0.0,0.0,0.0,0.0,0.0,0.0,0.0,0.0,0.0,0.0,0.0,0.0,0.0,0.0,0.0,0.0,0.0,0.0,0.0,0.0,0.0,DOCTOR
0.0,0.0,0.0,-0.1304784119129181,-0.28777259588241577,0.011045855470001698,-0.20029756426811218,-0.5497498512268066,-0.006590849254280329,-0.21817070245742798,-0.7908068299293518,-0.02405364066362381,-0.2560073435306549,-0.9661687016487122,-0.03128083795309067,0.06518566608428955,-0.7583855986595154,-0.028676021844148636,0.16282419860363007,-0.7475088834762573,0.00269955862313509,0.14463907480239868,-0.6344293355941772,0.02962295152246952,0.09542553871870041,-0.5571592450141907,0.04132060334086418,0.1973341852426529,-0.684033989906311,-0.04450250416994095,0.28213828802108765,-0.6784757971763611,0.009300276637077332,0.24863001704216003,-0.5839529037475586,0.03013952262699604,0.20061562955379486,-0.5103740692138672,0.02101430483162403,0.306004136800766,-0.5575588941574097,-0.05007924884557724,0.372574120759964,-0.5962527394294739,-0.018751734867691994,0.3392298221588135,-0.5041921138763428,0.0074172429740428925,0.29030275344848633,-0.42945635318756104,0.006770316045731306,0.392306923866272,-0.40752559900283813,-0.051849786192178726,0.5351095795631409,-0.5476908683776855,-0.03707386180758476,0.6236966848373413,-0.6068435907363892,-0.007307887077331543,0.683603048324585,-0.6733094453811646,0.008554346859455109,0.0,0.0,0.0,0.0,0.0,0.0,0.0,0.0,0.0,0.0,0.0,0.0,0.0,0.0,0.0,0.0,0.0,0.0,0.0,0.0,0.0,0.0,0.0,0.0,0.0,0.0,0.0,0.0,0.0,0.0,0.0,0.0,0.0,0.0,0.0,0.0,0.0,0.0,0.0,0.0,0.0,0.0,0.0,0.0,0.0,0.0,0.0,0.0,0.0,0.0,0.0,0.0,0.0,0.0,0.0,0.0,0.0,0.0,0.0,0.0,0.0,0.0,0.0,DOCTOR
0.0,0.0,0.0,-0.12793877720832825,-0.288978636264801,0.012282810173928738,-0.19593553245067596,-0.5508967041969299,-0.004164412152022123,-0.21340268850326538,-0.7901976108551025,-0.020634934306144714,-0.24813954532146454,-0.9683517813682556,-0.026861634105443954,0.06965364515781403,-0.7621521353721619,-0.020395003259181976,0.1607348918914795,-0.755835235118866,0.014197580516338348,0.14128954708576202,-0.6417272686958313,0.04180373251438141,0.09441344439983368,-0.5616413354873657,0.0536976233124733,0.1997550129890442,-0.6872386932373047,-0.03503918647766113,0.2784101665019989,-0.6830304265022278,0.02032482624053955,0.24339480698108673,-0.5880863666534424,0.0385015606880188,0.19645705819129944,-0.5138442516326904,0.02755671739578247,0.30641093850135803,-0.5599945187568665,-0.03923282027244568,0.37155452370643616,-0.6031069755554199,-0.006361519452184439,0.33697158098220825,-0.5130524635314941,0.017150208353996277,0.2879214584827423,-0.43830788135528564,0.014759434387087822,0.39081645011901855,-0.40863609313964844,-0.03927265852689743,0.5326931476593018,-0.5497704148292542,-0.023594751954078674,0.6234392523765564,-0.6101678609848022,0.004720824304968119,0.6860492825508118,-0.6765990257263184,0.019772320985794067,0.0,0.0,0.0,0.0,0.0,0.0,0.0,0.0,0.0,0.0,0.0,0.0,0.0,0.0,0.0,0.0,0.0,0.0,0.0,0.0,0.0,0.0,0.0,0.0,0.0,0.0,0.0,0.0,0.0,0.0,0.0,0.0,0.0,0.0,0.0,0.0,0.0,0.0,0.0,0.0,0.0,0.0,0.0,0.0,0.0,0.0,0.0,0.0,0.0,0.0,0.0,0.0,0.0,0.0,0.0,0.0,0.0,0.0,0.0,0.0,0.0,0.0,0.0,DOCTOR
0.0,0.0,0.0,-0.1305253952741623,-0.2881440222263336,0.005357517395168543,-0.19659969210624695,-0.549713134765625,-0.01489858515560627,-0.21190683543682098,-0.7900331616401672,-0.03494581952691078,-0.2441500425338745,-0.9687306880950928,-0.04417743533849716,0.06878824532032013,-0.7537139058113098,-0.029769307002425194,0.16296011209487915,-0.7559731602668762,-0.0025675632059574127,0.14444664120674133,-0.6442304849624634,0.02165059931576252,0.09756112098693848,-0.5664381980895996,0.03183922916650772,0.19935527443885803,-0.6784593462944031,-0.04433769732713699,0.2811284363269806,-0.6810750961303711,0.003739170962944627,0.24841628968715668,-0.5866380333900452,0.02213863842189312,0.2022937685251236,-0.5137583613395691,0.01255374401807785,0.306201696395874,-0.554481565952301,-0.049877963960170746,0.37484729290008545,-0.5992209315299988,-0.023882245644927025,0.34236422181129456,-0.5075384974479675,0.0006002840818837285,0.2947808504104614,-0.4322073459625244,0.00045774519094266,0.3915192484855652,-0.4077387750148773,-0.05225450173020363,0.533150315284729,-0.5461527109146118,-0.04043404385447502,0.6206822991371155,-0.6067441701889038,-0.012754465453326702,0.6802492141723633,-0.672065258026123,0.0024364080745726824,0.0,0.0,0.0,0.0,0.0,0.0,0.0,0.0,0.0,0.0,0.0,0.0,0.0,0.0,0.0,0.0,0.0,0.0,0.0,0.0,0.0,0.0,0.0,0.0,0.0,0.0,0.0,0.0,0.0,0.0,0.0,0.0,0.0,0.0,0.0,0.0,0.0,0.0,0.0,0.0,0.0,0.0,0.0,0.0,0.0,0.0,0.0,0.0,0.0,0.0,0.0,0.0,0.0,0.0,0.0,0.0,0.0,0.0,0.0,0.0,0.0,0.0,0.0,DOCTOR
0.0,0.0,0.0,-0.12858901917934418,-0.29122859239578247,0.009121214039623737,-0.19373707473278046,-0.5529931783676147,-0.007844844833016396,-0.20757952332496643,-0.7922813892364502,-0.024665093049407005,-0.2395908087491989,-0.9703648090362549,-0.03143816441297531,0.07706329226493835,-0.7561082243919373,-0.020956626161932945,0.16607291996479034,-0.7445882558822632,0.012748467735946178,0.14421048760414124,-0.6328399777412415,0.03956199437379837,0.09469451755285263,-0.5555101633071899,0.05111587420105934,0.20810173451900482,-0.6771057844161987,-0.03516814857721329,0.28548726439476013,-0.6663896441459656,0.01827392727136612,0.24963119626045227,-0.5731509923934937,0.0349556989967823,0.2010652720928192,-0.5000097751617432,0.023853717371821404,0.31434354186058044,-0.5475125908851624,-0.03937682509422302,0.37964797019958496,-0.5822058916091919,-0.00891822949051857,0.3442477285861969,-0.48991984128952026,0.014331981539726257,0.2945167124271393,-0.4151507019996643,0.012994363903999329,0.3981136083602905,-0.3947153389453888,-0.039774660021066666,0.5371350646018982,-0.5280097723007202,-0.023750390857458115,0.6241016387939453,-0.5883311033248901,0.005994671955704689,0.6834059953689575,-0.6547212600708008,0.02251984179019928,0.0,0.0,0.0,0.0,0.0,0.0,0.0,0.0,0.0,0.0,0.0,0.0,0.0,0.0,0.0,0.0,0.0,0.0,0.0,0.0,0.0,0.0,0.0,0.0,0.0,0.0,0.0,0.0,0.0,0.0,0.0,0.0,0.0,0.0,0.0,0.0,0.0,0.0,0.0,0.0,0.0,0.0,0.0,0.0,0.0,0.0,0.0,0.0,0.0,0.0,0.0,0.0,0.0,0.0,0.0,0.0,0.0,0.0,0.0,0.0,0.0,0.0,0.0,DOCTOR
0.0,0.0,0.0,-0.11357489228248596,-0.2974461019039154,0.003999996464699507,-0.16152125597000122,-0.5656920671463013,-0.013307209126651287,-0.162765771150589,-0.8023644685745239,-0.02928364835679531,-0.18932712078094482,-0.9813045859336853,-0.034589044749736786,0.12797462940216064,-0.7529546618461609,-0.026033546775579453,0.2022271603345871,-0.7472920417785645,0.004220979288220406,0.17541784048080444,-0.641812264919281,0.030597606673836708,0.12349876016378403,-0.5662705898284912,0.040655214339494705,0.25120803713798523,-0.6599060893058777,-0.03895699605345726,0.3132941722869873,-0.6652680039405823,0.00808222871273756,0.2738869786262512,-0.5776611566543579,0.025343462824821472,0.22627213597297668,-0.5040489435195923,0.01470224093645811,0.3474557399749756,-0.519241213798523,-0.04298654571175575,0.4066518247127533,-0.5720558166503906,-0.02083294279873371,0.3663284182548523,-0.48369669914245605,0.005347535014152527,0.31451547145843506,-0.41054683923721313,0.006483552977442741,0.4167993664741516,-0.3534756302833557,-0.043896641582250595,0.5516865253448486,-0.4847947657108307,-0.04062047228217125,0.6457804441452026,-0.5336710214614868,-0.016157643869519234,0.7155945301055908,-0.5905114412307739,-0.002433794317767024,0.0,0.0,0.0,0.0,0.0,0.0,0.0,0.0,0.0,0.0,0.0,0.0,0.0,0.0,0.0,0.0,0.0,0.0,0.0,0.0,0.0,0.0,0.0,0.0,0.0,0.0,0.0,0.0,0.0,0.0,0.0,0.0,0.0,0.0,0.0,0.0,0.0,0.0,0.0,0.0,0.0,0.0,0.0,0.0,0.0,0.0,0.0,0.0,0.0,0.0,0.0,0.0,0.0,0.0,0.0,0.0,0.0,0.0,0.0,0.0,0.0,0.0,0.0,DOCTOR
0.0,0.0,0.0,-0.11331982165575027,-0.30326253175735474,0.0003132874262519181,-0.15400190651416779,-0.5738635659217834,-0.020769355818629265,-0.14836083352565765,-0.806552529335022,-0.04058900102972984,-0.17044247686862946,-0.9841619729995728,-0.048729896545410156,0.143917977809906,-0.7458649277687073,-0.026484977453947067,0.21675819158554077,-0.7507584691047668,0.001015514018945396,0.18482853472232819,-0.6470034122467041,0.025730596855282784,0.13244959712028503,-0.5717980265617371,0.03606202453374863,0.2638114094734192,-0.6470864415168762,-0.03903159871697426,0.32242250442504883,-0.6602475047111511,0.0031624524854123592,0.27751868963241577,-0.5776454210281372,0.01807081326842308,0.2281785011291504,-0.5041171312332153,0.008498569019138813,0.35392260551452637,-0.5034846663475037,-0.043563973158597946,0.4124470055103302,-0.5611672401428223,-0.02295967936515808,0.3669775426387787,-0.4847736358642578,-0.00029011559672653675,0.313949853181839,-0.41530701518058777,0.00036556849954649806,0.41890931129455566,-0.3405560255050659,-0.04541419446468353,0.5588753819465637,-0.46409842371940613,-0.041414618492126465,0.6485267877578735,-0.5149786472320557,-0.019097961485385895,0.7162895798683167,-0.5706768035888672,-0.005983785726130009,0.0,0.0,0.0,0.0,0.0,0.0,0.0,0.0,0.0,0.0,0.0,0.0,0.0,0.0,0.0,0.0,0.0,0.0,0.0,0.0,0.0,0.0,0.0,0.0,0.0,0.0,0.0,0.0,0.0,0.0,0.0,0.0,0.0,0.0,0.0,0.0,0.0,0.0,0.0,0.0,0.0,0.0,0.0,0.0,0.0,0.0,0.0,0.0,0.0,0.0,0.0,0.0,0.0,0.0,0.0,0.0,0.0,0.0,0.0,0.0,0.0,0.0,0.0,DOCTOR
0.0,0.0,0.0,-0.11465247720479965,-0.3022770583629608,-0.0026600253768265247,-0.15736787021160126,-0.5741633176803589,-0.024577556177973747,-0.14852598309516907,-0.8044915199279785,-0.04560992121696472,-0.1622770130634308,-0.9851917624473572,-0.05534828454256058,0.15007665753364563,-0.7337173223495483,-0.02691444754600525,0.21632099151611328,-0.7349711656570435,-0.0020695789717137814,0.1817542165517807,-0.6300543546676636,0.019504761323332787,0.12753669917583466,-0.5535658597946167,0.0276865866035223,0.27084851264953613,-0.6358695030212402,-0.03976142033934593,0.3272617757320404,-0.6425328850746155,0.0010325739858672023,0.280491441488266,-0.5586066842079163,0.014255739748477936,0.22917336225509644,-0.4866214990615845,0.0029102067928761244,0.36180534958839417,-0.4913443922996521,-0.04528597742319107,0.42015165090560913,-0.546222984790802,-0.026997292414307594,0.37263917922973633,-0.4640476107597351,-0.0043871114030480385,0.3187430500984192,-0.3913613259792328,-0.0036905305460095406,0.42804670333862305,-0.32527971267700195,-0.048628319054841995,0.5701475739479065,-0.44667741656303406,-0.046013087034225464,0.660676121711731,-0.4956684410572052,-0.02321859821677208,0.7299901247024536,-0.5495194792747498,-0.009911367669701576,0.0,0.0,0.0,0.0,0.0,0.0,0.0,0.0,0.0,0.0,0.0,0.0,0.0,0.0,0.0,0.0,0.0,0.0,0.0,0.0,0.0,0.0,0.0,0.0,0.0,0.0,0.0,0.0,0.0,0.0,0.0,0.0,0.0,0.0,0.0,0.0,0.0,0.0,0.0,0.0,0.0,0.0,0.0,0.0,0.0,0.0,0.0,0.0,0.0,0.0,0.0,0.0,0.0,0.0,0.0,0.0,0.0,0.0,0.0,0.0,0.0,0.0,0.0,DOCTOR
0.0,0.0,0.0,-0.08780617266893387,-0.31277626752853394,0.0023226032499223948,-0.11178907752037048,-0.5807464718818665,-0.01698920875787735,-0.0898856669664383,-0.8143869042396545,-0.03437166288495064,-0.0950062945485115,-0.9946578741073608,-0.0403679721057415,0.1923283040523529,-0.714009702205658,-0.02640449069440365,0.2574028968811035,-0.7247543931007385,0.003297329181805253,0.22159454226493835,-0.6283836364746094,0.02939343824982643,0.16719065606594086,-0.5561491847038269,0.04011458903551102,0.3052384853363037,-0.6070271134376526,-0.038207702338695526,0.35740408301353455,-0.6208516955375671,0.009035009890794754,0.3107253611087799,-0.5452205538749695,0.026398299261927605,0.2594471871852875,-0.4774685800075531,0.01670689880847931,0.38494932651519775,-0.456664502620697,-0.04136824235320091,0.436311811208725,-0.5167267322540283,-0.015070779249072075,0.388179749250412,-0.4417371153831482,0.01248644944280386,0.33421334624290466,-0.37442320585250854,0.013927580788731575,0.4356635510921478,-0.28460177779197693,-0.04192786663770676,0.5808086395263672,-0.393538236618042,-0.03492290526628494,0.6702621579170227,-0.4340382516384125,-0.009617975912988186,0.7365738153457642,-0.48550453782081604,0.004488848149776459,0.0,0.0,0.0,0.0,0.0,0.0,0.0,0.0,0.0,0.0,0.0,0.0,0.0,0.0,0.0,0.0,0.0,0.0,0.0,0.0,0.0,0.0,0.0,0.0,0.0,0.0,0.0,0.0,0.0,0.0,0.0,0.0,0.0,0.0,0.0,0.0,0.0,0.0,0.0,0.0,0.0,0.0,0.0,0.0,0.0,0.0,0.0,0.0,0.0,0.0,0.0,0.0,0.0,0.0,0.0,0.0,0.0,0.0,0.0,0.0,0.0,0.0,0.0,DOCTOR
0.0,0.0,0.0,-0.08959130197763443,-0.3143223822116852,0.0024290664587169886,-0.11296539753675461,-0.5867243409156799,-0.017234748229384422,-0.08509618043899536,-0.8169517517089844,-0.036713454872369766,-0.08593180030584335,-0.9953075051307678,-0.04448247328400612,0.19951534271240234,-0.7105110883712769,-0.012664650566875935,0.2657873034477234,-0.7395695447921753,0.016203777864575386,0.22042906284332275,-0.641886293888092,0.03948631510138512,0.16468653082847595,-0.564872145652771,0.04985794425010681,0.3087378740310669,-0.6019449830055237,-0.02450248785316944,0.36123746633529663,-0.6248618364334106,0.021392734721302986,0.3087575137615204,-0.5502548813819885,0.03462939336895943,0.2575705945491791,-0.4785781502723694,0.024145713075995445,0.38506025075912476,-0.4523940980434418,-0.029062803834676743,0.44074133038520813,-0.5109866857528687,-0.0011180249275639653,0.38948896527290344,-0.4438340365886688,0.020708158612251282,0.334363728761673,-0.3765735626220703,0.019569862633943558,0.4379159212112427,-0.2830468714237213,-0.031213020905852318,0.5826445817947388,-0.38877901434898376,-0.019409235566854477,0.6675374507904053,-0.4324457347393036,0.004358694422990084,0.7320858836174011,-0.4793280363082886,0.017692675814032555,0.0,0.0,0.0,0.0,0.0,0.0,0.0,0.0,0.0,0.0,0.0,0.0,0.0,0.0,0.0,0.0,0.0,0.0,0.0,0.0,0.0,0.0,0.0,0.0,0.0,0.0,0.0,0.0,0.0,0.0,0.0,0.0,0.0,0.0,0.0,0.0,0.0,0.0,0.0,0.0,0.0,0.0,0.0,0.0,0.0,0.0,0.0,0.0,0.0,0.0,0.0,0.0,0.0,0.0,0.0,0.0,0.0,0.0,0.0,0.0,0.0,0.0,0.0,DOCTOR
0.0,0.0,0.0,-0.08010084927082062,-0.3178904354572296,0.004638662561774254,-0.10207980126142502,-0.5919371843338013,-0.01535646803677082,-0.07669240236282349,-0.8208408355712891,-0.034780941903591156,-0.07442933320999146,-0.9963173866271973,-0.042566243559122086,0.20352938771247864,-0.712496817111969,-0.013038089498877525,0.2691827118396759,-0.7358351945877075,0.016081299632787704,0.22541314363479614,-0.6390724778175354,0.03840513154864311,0.170231893658638,-0.5668747425079346,0.04875222593545914,0.3110625743865967,-0.600853681564331,-0.024337632581591606,0.361333966255188,-0.6238142848014832,0.023530583828687668,0.310435026884079,-0.5504171252250671,0.03654881566762924,0.2600956857204437,-0.48046383261680603,0.02593999169766903,0.38699987530708313,-0.4501909613609314,-0.027571195736527443,0.4386403262615204,-0.5139689445495605,0.002878620522096753,0.3879324495792389,-0.44694283604621887,0.024481764063239098,0.33321502804756165,-0.3781440854072571,0.02340203896164894,0.4390678405761719,-0.2828301191329956,-0.027921389788389206,0.5816037058830261,-0.39378878474235535,-0.011898357421159744,0.6666563749313354,-0.4361691474914551,0.014533867128193378,0.7309543490409851,-0.48027002811431885,0.029725534841418266,0.0,0.0,0.0,0.0,0.0,0.0,0.0,0.0,0.0,0.0,0.0,0.0,0.0,0.0,0.0,0.0,0.0,0.0,0.0,0.0,0.0,0.0,0.0,0.0,0.0,0.0,0.0,0.0,0.0,0.0,0.0,0.0,0.0,0.0,0.0,0.0,0.0,0.0,0.0,0.0,0.0,0.0,0.0,0.0,0.0,0.0,0.0,0.0,0.0,0.0,0.0,0.0,0.0,0.0,0.0,0.0,0.0,0.0,0.0,0.0,0.0,0.0,0.0,DOCTOR
0.0,0.0,0.0,-0.08264252543449402,-0.3149451017379761,0.0020081051625311375,-0.10283508151769638,-0.5927267074584961,-0.01695782132446766,-0.07297945767641068,-0.8221568465232849,-0.03541269525885582,-0.07057394832372665,-0.9966318011283875,-0.04176483675837517,0.20148013532161713,-0.7029011249542236,-0.012669802643358707,0.27161839604377747,-0.740925133228302,0.012074463069438934,0.22665658593177795,-0.6458616852760315,0.032519664615392685,0.17072506248950958,-0.568490207195282,0.04212816059589386,0.3096444606781006,-0.5923322439193726,-0.0238453671336174,0.3626444339752197,-0.6201872825622559,0.018692633137106895,0.3114398121833801,-0.545213520526886,0.030307315289974213,0.2610611319541931,-0.4748944044113159,0.019428089261054993,0.3866877555847168,-0.444349467754364,-0.028393149375915527,0.4378068447113037,-0.5028262734413147,-0.003729908959940076,0.3853411078453064,-0.4362679421901703,0.015546165406703949,0.3299753665924072,-0.36896732449531555,0.013792607933282852,0.44048959016799927,-0.2791078984737396,-0.030379977077245712,0.5864886045455933,-0.38386884331703186,-0.02023664116859436,0.673799455165863,-0.42777931690216064,0.0013999601360410452,0.7407473921775818,-0.47364169359207153,0.013433474116027355,0.0,0.0,0.0,0.0,0.0,0.0,0.0,0.0,0.0,0.0,0.0,0.0,0.0,0.0,0.0,0.0,0.0,0.0,0.0,0.0,0.0,0.0,0.0,0.0,0.0,0.0,0.0,0.0,0.0,0.0,0.0,0.0,0.0,0.0,0.0,0.0,0.0,0.0,0.0,0.0,0.0,0.0,0.0,0.0,0.0,0.0,0.0,0.0,0.0,0.0,0.0,0.0,0.0,0.0,0.0,0.0,0.0,0.0,0.0,0.0,0.0,0.0,0.0,DOCTOR
0.0,0.0,0.0,-0.07786519825458527,-0.31119099259376526,-0.002467605285346508,-0.09068427979946136,-0.5953807234764099,-0.024173332378268242,-0.0569743849337101,-0.8243415951728821,-0.04685765132308006,-0.05847863480448723,-0.996579110622406,-0.05839891359210014,0.1998738795518875,-0.7061396241188049,-0.007738209329545498,0.2878335118293762,-0.7052084803581238,0.00038787833182141185,0.2458668053150177,-0.6110125184059143,0.0039197662845253944,0.18199408054351807,-0.5481159090995789,0.004225195851176977,0.30559757351875305,-0.5950098037719727,-0.02180958352982998,0.37943002581596375,-0.5993639230728149,0.004996445495635271,0.33249375224113464,-0.5240508913993835,0.008029806427657604,0.2739390730857849,-0.46225687861442566,-0.004269816447049379,0.3857077956199646,-0.44664260745048523,-0.0321723110973835,0.46173927187919617,-0.4998301863670349,-0.02305540069937706,0.41533541679382324,-0.43256476521492004,-0.008848398923873901,0.35570499300956726,-0.37131500244140625,-0.00781345460563898,0.4419257640838623,-0.27907127141952515,-0.040584415197372437,0.5859587788581848,-0.37765413522720337,-0.03731255605816841,0.6727759838104248,-0.41750475764274597,-0.017408976331353188,0.7373695373535156,-0.46254828572273254,-0.0037111076526343822,0.0,0.0,0.0,0.0,0.0,0.0,0.0,0.0,0.0,0.0,0.0,0.0,0.0,0.0,0.0,0.0,0.0,0.0,0.0,0.0,0.0,0.0,0.0,0.0,0.0,0.0,0.0,0.0,0.0,0.0,0.0,0.0,0.0,0.0,0.0,0.0,0.0,0.0,0.0,0.0,0.0,0.0,0.0,0.0,0.0,0.0,0.0,0.0,0.0,0.0,0.0,0.0,0.0,0.0,0.0,0.0,0.0,0.0,0.0,0.0,0.0,0.0,0.0,DOCTOR
0.0,0.0,0.0,-0.08609981834888458,-0.30884286761283875,-0.012279807589948177,-0.1044161468744278,-0.5859546661376953,-0.040610089898109436,-0.07000234723091125,-0.8137330412864685,-0.06738042831420898,-0.06781687587499619,-0.9943491816520691,-0.0816730260848999,0.1915140450000763,-0.6864429712295532,-0.03668409585952759,0.2786105275154114,-0.7063144445419312,-0.030942492187023163,0.23610997200012207,-0.6136198043823242,-0.020123548805713654,0.174005925655365,-0.5422678589820862,-0.014898678287863731,0.2989211082458496,-0.570033848285675,-0.04827375337481499,0.3699374198913574,-0.583832323551178,-0.024336621165275574,0.32263490557670593,-0.5121042728424072,-0.01609918288886547,0.2670234441757202,-0.4474809467792511,-0.02694552205502987,0.37950369715690613,-0.4171208441257477,-0.05564022809267044,0.45319244265556335,-0.47190070152282715,-0.050809524953365326,0.40486255288124084,-0.4074881672859192,-0.03221909701824188,0.3480026125907898,-0.34605810046195984,-0.030051574110984802,0.43739965558052063,-0.24784107506275177,-0.061512064188718796,0.5886034965515137,-0.3465951979160309,-0.06604194641113281,0.677386462688446,-0.391277015209198,-0.04815429821610451,0.7458788752555847,-0.44191882014274597,-0.03644918277859688,0.0,0.0,0.0,0.0,0.0,0.0,0.0,0.0,0.0,0.0,0.0,0.0,0.0,0.0,0.0,0.0,0.0,0.0,0.0,0.0,0.0,0.0,0.0,0.0,0.0,0.0,0.0,0.0,0.0,0.0,0.0,0.0,0.0,0.0,0.0,0.0,0.0,0.0,0.0,0.0,0.0,0.0,0.0,0.0,0.0,0.0,0.0,0.0,0.0,0.0,0.0,0.0,0.0,0.0,0.0,0.0,0.0,0.0,0.0,0.0,0.0,0.0,0.0,DOCTOR
0.0,0.0,0.0,-0.08134934306144714,-0.3073306083679199,-0.012108255177736282,-0.10211309790611267,-0.5863118171691895,-0.04006876423954964,-0.06822933256626129,-0.8136256337165833,-0.06761452555656433,-0.060874469578266144,-0.9946345686912537,-0.08364412933588028,0.19565129280090332,-0.6760637164115906,-0.030068514868617058,0.27281856536865234,-0.700179934501648,-0.027380554005503654,0.22896789014339447,-0.6055970788002014,-0.02165617048740387,0.1669502854347229,-0.5333127975463867,-0.019243577495217323,0.3014410734176636,-0.5651231408119202,-0.0414920374751091,0.36629167199134827,-0.5788163542747498,-0.01819710247218609,0.31555333733558655,-0.5042047500610352,-0.01346240472048521,0.25899896025657654,-0.44048595428466797,-0.026967691257596016,0.38122275471687317,-0.41488420963287354,-0.04928787052631378,0.45285651087760925,-0.47463342547416687,-0.04550920054316521,0.4005919396877289,-0.4082089066505432,-0.02886461280286312,0.34208792448043823,-0.3456225097179413,-0.027709003537893295,0.4374573230743408,-0.24481023848056793,-0.055619776248931885,0.5860404968261719,-0.34815114736557007,-0.05878906324505806,0.6738436222076416,-0.39055702090263367,-0.03981649503111839,0.7422733306884766,-0.4374907910823822,-0.02746826969087124,0.0,0.0,0.0,0.0,0.0,0.0,0.0,0.0,0.0,0.0,0.0,0.0,0.0,0.0,0.0,0.0,0.0,0.0,0.0,0.0,0.0,0.0,0.0,0.0,0.0,0.0,0.0,0.0,0.0,0.0,0.0,0.0,0.0,0.0,0.0,0.0,0.0,0.0,0.0,0.0,0.0,0.0,0.0,0.0,0.0,0.0,0.0,0.0,0.0,0.0,0.0,0.0,0.0,0.0,0.0,0.0,0.0,0.0,0.0,0.0,0.0,0.0,0.0,DOCTOR
0.0,0.0,0.0,-0.07354947179555893,-0.31526097655296326,-0.011991954408586025,-0.08507033437490463,-0.5874204039573669,-0.040221020579338074,-0.04078686609864235,-0.8117501735687256,-0.06845369189977646,-0.02193220518529415,-0.9961367845535278,-0.08503276109695435,0.2250143438577652,-0.6756533980369568,-0.015536573715507984,0.3080742657184601,-0.6887337565422058,-0.014097897335886955,0.25706085562705994,-0.6023004651069641,-0.015556090511381626,0.19102948904037476,-0.5357614159584045,-0.01804298721253872,0.3303086757659912,-0.5545507669448853,-0.02769320085644722,0.3966251313686371,-0.5683470964431763,-0.005396814551204443,0.34181106090545654,-0.5041970610618591,-0.007972683757543564,0.2827926278114319,-0.44101759791374207,-0.02519812062382698,0.4076699912548065,-0.396769255399704,-0.036995384842157364,0.47964656352996826,-0.4532422125339508,-0.033579714596271515,0.4232132136821747,-0.3944908678531647,-0.021096084266901016,0.36079224944114685,-0.33549970388412476,-0.02137305960059166,0.46072617173194885,-0.21870097517967224,-0.044831451028585434,0.6133235096931458,-0.31638234853744507,-0.047585997730493546,0.7044185996055603,-0.3569159209728241,-0.029222311452031136,0.7754613757133484,-0.4009728729724884,-0.016045834869146347,0.0,0.0,0.0,0.0,0.0,0.0,0.0,0.0,0.0,0.0,0.0,0.0,0.0,0.0,0.0,0.0,0.0,0.0,0.0,0.0,0.0,0.0,0.0,0.0,0.0,0.0,0.0,0.0,0.0,0.0,0.0,0.0,0.0,0.0,0.0,0.0,0.0,0.0,0.0,0.0,0.0,0.0,0.0,0.0,0.0,0.0,0.0,0.0,0.0,0.0,0.0,0.0,0.0,0.0,0.0,0.0,0.0,0.0,0.0,0.0,0.0,0.0,0.0,DOCTOR
0.0,0.0,0.0,-0.06561502069234848,-0.31509122252464294,-0.01571446843445301,-0.07712958753108978,-0.5892370343208313,-0.0474279448390007,-0.03166700899600983,-0.8127970099449158,-0.07901603728532791,-0.016453631222248077,-0.9949430823326111,-0.09908337146043777,0.21801254153251648,-0.6596171259880066,-0.024358553811907768,0.30870720744132996,-0.6637886166572571,-0.02636571042239666,0.2555353045463562,-0.5726029276847839,-0.02773069404065609,0.18507269024848938,-0.5107006430625916,-0.028962379321455956,0.32126158475875854,-0.5384392738342285,-0.03493797406554222,0.3977474570274353,-0.5262569785118103,-0.015548731200397015,0.3412839472293854,-0.4553476870059967,-0.017045488581061363,0.27637046575546265,-0.401071161031723,-0.033125489950180054,0.3981502056121826,-0.38290679454803467,-0.042962223291397095,0.4801592528820038,-0.4095004200935364,-0.040291402488946915,0.4222331941127777,-0.3474726676940918,-0.026522435247898102,0.35529953241348267,-0.2942142188549042,-0.02572188526391983,0.45376795530319214,-0.20959290862083435,-0.049846045672893524,0.6074126958847046,-0.29580724239349365,-0.04885842651128769,0.6959198713302612,-0.333920419216156,-0.027384787797927856,0.7648043632507324,-0.3772289752960205,-0.012766167521476746,0.0,0.0,0.0,0.0,0.0,0.0,0.0,0.0,0.0,0.0,0.0,0.0,0.0,0.0,0.0,0.0,0.0,0.0,0.0,0.0,0.0,0.0,0.0,0.0,0.0,0.0,0.0,0.0,0.0,0.0,0.0,0.0,0.0,0.0,0.0,0.0,0.0,0.0,0.0,0.0,0.0,0.0,0.0,0.0,0.0,0.0,0.0,0.0,0.0,0.0,0.0,0.0,0.0,0.0,0.0,0.0,0.0,0.0,0.0,0.0,0.0,0.0,0.0,DOCTOR
0.0,0.0,0.0,-0.07084158062934875,-0.31186819076538086,-0.020191295072436333,-0.07993575185537338,-0.5942281484603882,-0.05195830762386322,-0.03076172061264515,-0.816073477268219,-0.08295176923274994,-0.010763502679765224,-0.9946585893630981,-0.10265728831291199,0.2233162373304367,-0.6508780121803284,-0.027833841741085052,0.31337693333625793,-0.6560585498809814,-0.03557303175330162,0.2561836838722229,-0.5705405473709106,-0.04257786646485329,0.18813031911849976,-0.5095878839492798,-0.04714877903461456,0.32074907422065735,-0.5227926969528198,-0.036839112639427185,0.3999892473220825,-0.5147247910499573,-0.024584036320447922,0.34149426221847534,-0.4489220976829529,-0.02927461825311184,0.2786831259727478,-0.39440667629241943,-0.04565916210412979,0.393083781003952,-0.3662225604057312,-0.04422415792942047,0.47722023725509644,-0.3943063020706177,-0.048525620251894,0.4186757206916809,-0.338816374540329,-0.038180697709321976,0.353517085313797,-0.2887728810310364,-0.037173349410295486,0.44461652636528015,-0.19618435204029083,-0.0507490336894989,0.5991244316101074,-0.27654239535331726,-0.055932965129613876,0.691611111164093,-0.3127483129501343,-0.03909902647137642,0.7665883898735046,-0.3533744812011719,-0.026377104222774506,0.0,0.0,0.0,0.0,0.0,0.0,0.0,0.0,0.0,0.0,0.0,0.0,0.0,0.0,0.0,0.0,0.0,0.0,0.0,0.0,0.0,0.0,0.0,0.0,0.0,0.0,0.0,0.0,0.0,0.0,0.0,0.0,0.0,0.0,0.0,0.0,0.0,0.0,0.0,0.0,0.0,0.0,0.0,0.0,0.0,0.0,0.0,0.0,0.0,0.0,0.0,0.0,0.0,0.0,0.0,0.0,0.0,0.0,0.0,0.0,0.0,0.0,0.0,DOCTOR
0.0,0.0,0.0,-0.06856968253850937,-0.3117179572582245,-0.01885237731039524,-0.07531121373176575,-0.5999102592468262,-0.051089756190776825,-0.024585280567407608,-0.8180499076843262,-0.08408933877944946,0.0007292384398169816,-0.9943191409111023,-0.10643717646598816,0.23856551945209503,-0.640283465385437,-0.02159404195845127,0.3268141448497772,-0.6510217785835266,-0.04064911976456642,0.2663886845111847,-0.5756043195724487,-0.06015674024820328,0.196624755859375,-0.5152285695075989,-0.07121501117944717,0.33079952001571655,-0.5061116814613342,-0.03354126214981079,0.41232165694236755,-0.5127315521240234,-0.030455926433205605,0.3548300862312317,-0.45643216371536255,-0.04131729528307915,0.2918841540813446,-0.4000943899154663,-0.05944882333278656,0.3990938365459442,-0.3493104875087738,-0.04544944316148758,0.4848618805408478,-0.3838726580142975,-0.0565861351788044,0.4281386733055115,-0.3375178873538971,-0.04981768876314163,0.3642492890357971,-0.2898978888988495,-0.04865356162190437,0.4469696581363678,-0.1808505654335022,-0.056684501469135284,0.6032117009162903,-0.2584114968776703,-0.06574806571006775,0.6996771097183228,-0.29325178265571594,-0.05112283676862717,0.7786031365394592,-0.3305214047431946,-0.03869654983282089,0.0,0.0,0.0,0.0,0.0,0.0,0.0,0.0,0.0,0.0,0.0,0.0,0.0,0.0,0.0,0.0,0.0,0.0,0.0,0.0,0.0,0.0,0.0,0.0,0.0,0.0,0.0,0.0,0.0,0.0,0.0,0.0,0.0,0.0,0.0,0.0,0.0,0.0,0.0,0.0,0.0,0.0,0.0,0.0,0.0,0.0,0.0,0.0,0.0,0.0,0.0,0.0,0.0,0.0,0.0,0.0,0.0,0.0,0.0,0.0,0.0,0.0,0.0,DOCTOR
0.0,0.0,0.0,-0.05713008716702461,-0.32920411229133606,-0.012840185314416885,-0.05064285546541214,-0.5975304841995239,-0.04470250383019447,0.01293772179633379,-0.815570592880249,-0.07300224900245667,0.03850908577442169,-0.9951929450035095,-0.09004417806863785,0.2732844054698944,-0.63823401927948,-0.0430942066013813,0.3793904483318329,-0.6252386569976807,-0.03276204317808151,0.32285961508750916,-0.5352053642272949,-0.025561479851603508,0.25181159377098083,-0.48144033551216125,-0.02369077503681183,0.3701351284980774,-0.488799512386322,-0.05137882009148598,0.4542869031429291,-0.483206570148468,-0.018667496740818024,0.3962472379207611,-0.4182997941970825,-0.009316629730165005,0.33399495482444763,-0.36356106400489807,-0.021224170923233032,0.4316938817501068,-0.3208816647529602,-0.053458187729120255,0.5192897915840149,-0.34919068217277527,-0.035159993916749954,0.4666440486907959,-0.29248470067977905,-0.012722553685307503,0.4012020528316498,-0.24185742437839508,-0.011044499464333057,0.46894603967666626,-0.1506684422492981,-0.05420691892504692,0.6347261667251587,-0.2287984937429428,-0.04511803761124611,0.7334400415420532,-0.2590163052082062,-0.020373212173581123,0.8117903470993042,-0.2971310615539551,-0.005632499698549509,0.0,0.0,0.0,0.0,0.0,0.0,0.0,0.0,0.0,0.0,0.0,0.0,0.0,0.0,0.0,0.0,0.0,0.0,0.0,0.0,0.0,0.0,0.0,0.0,0.0,0.0,0.0,0.0,0.0,0.0,0.0,0.0,0.0,0.0,0.0,0.0,0.0,0.0,0.0,0.0,0.0,0.0,0.0,0.0,0.0,0.0,0.0,0.0,0.0,0.0,0.0,0.0,0.0,0.0,0.0,0.0,0.0,0.0,0.0,0.0,0.0,0.0,0.0,DOCTOR
0.0,0.0,0.0,-0.052171122282743454,-0.32512983679771423,-0.00923870224505663,-0.045896001160144806,-0.606238067150116,-0.03663508594036102,0.013450821861624718,-0.8264157772064209,-0.06295166164636612,0.03209197521209717,-0.9963827133178711,-0.07868711650371552,0.26851680874824524,-0.6416952013969421,-0.02285248413681984,0.36632493138313293,-0.6349762678146362,-0.012282932177186012,0.30925270915031433,-0.5575745105743408,-0.007044339086860418,0.24011744558811188,-0.5062050223350525,-0.004640273284167051,0.36183246970176697,-0.49607422947883606,-0.030788343399763107,0.4399740993976593,-0.48413336277008057,0.0033244939986616373,0.3850964307785034,-0.4285108745098114,0.007238116580992937,0.3245560824871063,-0.3773614466190338,-0.006665879860520363,0.42392170429229736,-0.3297526240348816,-0.033757079392671585,0.5074203014373779,-0.34700727462768555,-0.01531970500946045,0.4528617858886719,-0.2995436489582062,-0.0020716264843940735,0.38853299617767334,-0.25364020466804504,-0.004204362630844116,0.4653205871582031,-0.1592196375131607,-0.034867897629737854,0.6243119239807129,-0.22935965657234192,-0.020174838602542877,0.7174121737480164,-0.26403844356536865,0.0036192359402775764,0.7913703322410583,-0.2999909520149231,0.01799940876662731,0.0,0.0,0.0,0.0,0.0,0.0,0.0,0.0,0.0,0.0,0.0,0.0,0.0,0.0,0.0,0.0,0.0,0.0,0.0,0.0,0.0,0.0,0.0,0.0,0.0,0.0,0.0,0.0,0.0,0.0,0.0,0.0,0.0,0.0,0.0,0.0,0.0,0.0,0.0,0.0,0.0,0.0,0.0,0.0,0.0,0.0,0.0,0.0,0.0,0.0,0.0,0.0,0.0,0.0,0.0,0.0,0.0,0.0,0.0,0.0,0.0,0.0,0.0,DOCTOR
0.0,0.0,0.0,-0.04270614683628082,-0.3321477472782135,-0.0023612987715750933,-0.03142619878053665,-0.6090750098228455,-0.027110902592539787,0.0312911719083786,-0.8276338577270508,-0.05175740271806717,0.05678784102201462,-0.9962472915649414,-0.0653180256485939,0.2750289738178253,-0.6536920070648193,-0.013012880459427834,0.3801811635494232,-0.6452174782752991,-0.0010197145165875554,0.3263334035873413,-0.5626237392425537,0.003996088169515133,0.25653576850891113,-0.5117201209068298,0.0066228765062987804,0.3690619468688965,-0.5105534195899963,-0.023489370942115784,0.4530714154243469,-0.4944770038127899,0.015153950080275536,0.40119650959968567,-0.43213313817977905,0.02047807350754738,0.34019339084625244,-0.38125500082969666,0.007232614792883396,0.4326397478580475,-0.3446786105632782,-0.028871502727270126,0.5185312628746033,-0.3557862937450409,-0.0055199177004396915,0.46728456020355225,-0.30338606238365173,0.009508888237178326,0.40189674496650696,-0.25789710879325867,0.007696832995861769,0.47342535853385925,-0.17240126430988312,-0.032076671719551086,0.6305306553840637,-0.24268856644630432,-0.013424193486571312,0.7241560220718384,-0.2754334807395935,0.01256498321890831,0.7955140471458435,-0.31100818514823914,0.02839817851781845,0.0,0.0,0.0,0.0,0.0,0.0,0.0,0.0,0.0,0.0,0.0,0.0,0.0,0.0,0.0,0.0,0.0,0.0,0.0,0.0,0.0,0.0,0.0,0.0,0.0,0.0,0.0,0.0,0.0,0.0,0.0,0.0,0.0,0.0,0.0,0.0,0.0,0.0,0.0,0.0,0.0,0.0,0.0,0.0,0.0,0.0,0.0,0.0,0.0,0.0,0.0,0.0,0.0,0.0,0.0,0.0,0.0,0.0,0.0,0.0,0.0,0.0,0.0,DOCTOR
0.0,0.0,0.0,-0.03714891895651817,-0.3322848081588745,-0.0063627297058701515,-0.01740949973464012,-0.6035646200180054,-0.0346904918551445,0.05278366804122925,-0.820560872554779,-0.062274105846881866,0.07615317404270172,-0.9940184950828552,-0.07828100770711899,0.3016362488269806,-0.6208590865135193,-0.031713783740997314,0.42059826850891113,-0.6379808783531189,-0.02665051817893982,0.36894914507865906,-0.5557210445404053,-0.021159935742616653,0.3013840615749359,-0.4983218014240265,-0.017395708709955215,0.39243367314338684,-0.4693719744682312,-0.04385703057050705,0.4866212010383606,-0.48478031158447266,-0.015667522326111794,0.4363866150379181,-0.42768988013267517,-0.007708016317337751,0.37861382961273193,-0.36989742517471313,-0.01696193590760231,0.44948533177375793,-0.3026770353317261,-0.05084221810102463,0.5378538370132446,-0.3435436189174652,-0.03569188714027405,0.49165746569633484,-0.2944461703300476,-0.018702512606978416,0.43386104702949524,-0.2441009134054184,-0.017977621406316757,0.4838896691799164,-0.13466815650463104,-0.05591057613492012,0.6569540500640869,-0.19908413290977478,-0.04343336448073387,0.7523931860923767,-0.23051513731479645,-0.019964469596743584,0.8282757997512817,-0.26868361234664917,-0.0056503284722566605,0.0,0.0,0.0,0.0,0.0,0.0,0.0,0.0,0.0,0.0,0.0,0.0,0.0,0.0,0.0,0.0,0.0,0.0,0.0,0.0,0.0,0.0,0.0,0.0,0.0,0.0,0.0,0.0,0.0,0.0,0.0,0.0,0.0,0.0,0.0,0.0,0.0,0.0,0.0,0.0,0.0,0.0,0.0,0.0,0.0,0.0,0.0,0.0,0.0,0.0,0.0,0.0,0.0,0.0,0.0,0.0,0.0,0.0,0.0,0.0,0.0,0.0,0.0,DOCTOR
0.0,0.0,0.0,-0.03139306604862213,-0.3400115370750427,2.663630584720522e-05,-0.014923983253538609,-0.6149474382400513,-0.02385140024125576,0.04967564344406128,-0.8296399116516113,-0.0478934645652771,0.07099240273237228,-0.995625376701355,-0.06074744090437889,0.28909891843795776,-0.6354604363441467,-0.017923003062605858,0.39946845173835754,-0.6314693689346313,-0.0020415084436535835,0.34975600242614746,-0.5505406260490417,0.01326029747724533,0.28099462389945984,-0.4996818006038666,0.02305140346288681,0.3823297619819641,-0.48803022503852844,-0.029113419353961945,0.4729432165622711,-0.485002726316452,0.008042529225349426,0.4227066934108734,-0.4242546856403351,0.01860993169248104,0.3622749149799347,-0.3731291592121124,0.009662467986345291,0.44398820400238037,-0.32208430767059326,-0.034668128937482834,0.5339248180389404,-0.34962838888168335,-0.013227582909166813,0.4846278131008148,-0.29974502325057983,0.0016527434345334768,0.4228542447090149,-0.2550356686115265,-0.0001131970202550292,0.4822908639907837,-0.15150398015975952,-0.03739096596837044,0.6551088094711304,-0.21261228621006012,-0.02032771147787571,0.7512882351875305,-0.24017255008220673,0.0030492099467664957,0.8271292448043823,-0.276189386844635,0.016308069229125977,0.0,0.0,0.0,0.0,0.0,0.0,0.0,0.0,0.0,0.0,0.0,0.0,0.0,0.0,0.0,0.0,0.0,0.0,0.0,0.0,0.0,0.0,0.0,0.0,0.0,0.0,0.0,0.0,0.0,0.0,0.0,0.0,0.0,0.0,0.0,0.0,0.0,0.0,0.0,0.0,0.0,0.0,0.0,0.0,0.0,0.0,0.0,0.0,0.0,0.0,0.0,0.0,0.0,0.0,0.0,0.0,0.0,0.0,0.0,0.0,0.0,0.0,0.0,DOCTOR
0.0,0.0,0.0,-0.035828687250614166,-0.3407677710056305,-0.0016751574585214257,-0.0181133970618248,-0.6133680939674377,-0.023966141045093536,0.04711956903338432,-0.8286911845207214,-0.04481612145900726,0.07037891447544098,-0.9960620999336243,-0.05391792580485344,0.2888655364513397,-0.6205052733421326,-0.01659894548356533,0.38796180486679077,-0.6387147903442383,0.00514776399359107,0.3319946229457855,-0.5672902464866638,0.025272691622376442,0.2657924294471741,-0.5092249512672424,0.03677018731832504,0.381852924823761,-0.4651240408420563,-0.02423165552318096,0.4629165232181549,-0.5002360343933105,0.013422486372292042,0.4106602370738983,-0.4514947533607483,0.02377929352223873,0.3548375368118286,-0.391170471906662,0.014169512316584587,0.44184619188308716,-0.30046746134757996,-0.025621933862566948,0.5251938700675964,-0.36016178131103516,-0.0040271407924592495,0.47505539655685425,-0.3191739618778229,0.011016422882676125,0.41611620783805847,-0.2675521969795227,0.008691803552210331,0.47714170813560486,-0.13736942410469055,-0.023927772417664528,0.650262713432312,-0.21146509051322937,-0.011111987754702568,0.7510668635368347,-0.2403915673494339,0.008348902687430382,0.832143247127533,-0.2744514048099518,0.018672259524464607,0.0,0.0,0.0,0.0,0.0,0.0,0.0,0.0,0.0,0.0,0.0,0.0,0.0,0.0,0.0,0.0,0.0,0.0,0.0,0.0,0.0,0.0,0.0,0.0,0.0,0.0,0.0,0.0,0.0,0.0,0.0,0.0,0.0,0.0,0.0,0.0,0.0,0.0,0.0,0.0,0.0,0.0,0.0,0.0,0.0,0.0,0.0,0.0,0.0,0.0,0.0,0.0,0.0,0.0,0.0,0.0,0.0,0.0,0.0,0.0,0.0,0.0,0.0,DOCTOR
0.0,0.0,0.0,-0.03691666200757027,-0.337312251329422,-0.00014546490274369717,-0.02081688679754734,-0.6139472723007202,-0.02436809428036213,0.045226577669382095,-0.8266261219978333,-0.04800330102443695,0.07006379216909409,-0.9957244992256165,-0.06019897758960724,0.2888805568218231,-0.6233112215995789,-0.017358701676130295,0.3924969434738159,-0.6261931657791138,0.0003793729410972446,0.33788689970970154,-0.5527210831642151,0.016161834821105003,0.26924997568130493,-0.49908527731895447,0.025567810982465744,0.37845173478126526,-0.47046226263046265,-0.027550121769309044,0.4683704972267151,-0.4884921908378601,0.008875925093889236,0.41551125049591064,-0.4344783127307892,0.018140342086553574,0.3549734055995941,-0.3761053681373596,0.007914615795016289,0.4369262754917145,-0.3027787208557129,-0.031417038291692734,0.5300204753875732,-0.34782445430755615,-0.008186682127416134,0.47645848989486694,-0.3016763925552368,0.010076597332954407,0.41301673650741577,-0.25161221623420715,0.009728094562888145,0.4735301434993744,-0.13287624716758728,-0.03249220922589302,0.6523939967155457,-0.205713152885437,-0.01618407480418682,0.7548156380653381,-0.23530788719654083,0.007693208754062653,0.838223934173584,-0.27164632081985474,0.02088984102010727,0.0,0.0,0.0,0.0,0.0,0.0,0.0,0.0,0.0,0.0,0.0,0.0,0.0,0.0,0.0,0.0,0.0,0.0,0.0,0.0,0.0,0.0,0.0,0.0,0.0,0.0,0.0,0.0,0.0,0.0,0.0,0.0,0.0,0.0,0.0,0.0,0.0,0.0,0.0,0.0,0.0,0.0,0.0,0.0,0.0,0.0,0.0,0.0,0.0,0.0,0.0,0.0,0.0,0.0,0.0,0.0,0.0,0.0,0.0,0.0,0.0,0.0,0.0,DOCTOR
0.0,0.0,0.0,-0.030380137264728546,-0.33799830079078674,0.0070616621524095535,-0.009350222535431385,-0.6164907217025757,-0.010496024042367935,0.05680909380316734,-0.8309248089790344,-0.02843892201781273,0.0818653553724289,-0.9960166811943054,-0.03534115105867386,0.2955589294433594,-0.632690966129303,-0.0024769443552941084,0.4028241038322449,-0.6249061822891235,0.02277350425720215,0.34724050760269165,-0.5477191805839539,0.039350803941488266,0.2783738970756531,-0.49660077691078186,0.04743330180644989,0.38677603006362915,-0.4867495894432068,-0.014074967242777348,0.4744862914085388,-0.48485028743743896,0.032922569662332535,0.4209652543067932,-0.427763432264328,0.0436478890478611,0.3618268072605133,-0.37356507778167725,0.0322548970580101,0.44377145171165466,-0.32073357701301575,-0.019103938713669777,0.5324410796165466,-0.35237032175064087,0.013431682251393795,0.4770599603652954,-0.3026866316795349,0.03204411640763283,0.4144101142883301,-0.25499558448791504,0.029417091980576515,0.4757983088493347,-0.14918437600135803,-0.02108565717935562,0.6536486148834229,-0.21572034060955048,0.000236224674154073,0.7551687955856323,-0.24201282858848572,0.025004930794239044,0.8366312384605408,-0.2772199213504791,0.03793364763259888,0.0,0.0,0.0,0.0,0.0,0.0,0.0,0.0,0.0,0.0,0.0,0.0,0.0,0.0,0.0,0.0,0.0,0.0,0.0,0.0,0.0,0.0,0.0,0.0,0.0,0.0,0.0,0.0,0.0,0.0,0.0,0.0,0.0,0.0,0.0,0.0,0.0,0.0,0.0,0.0,0.0,0.0,0.0,0.0,0.0,0.0,0.0,0.0,0.0,0.0,0.0,0.0,0.0,0.0,0.0,0.0,0.0,0.0,0.0,0.0,0.0,0.0,0.0,DOCTOR
0.0,0.0,0.0,-0.041440535336732864,-0.3251377046108246,-0.005916191730648279,-0.02856130711734295,-0.6043631434440613,-0.03269073739647865,0.04168097302317619,-0.822397768497467,-0.058564960956573486,0.06128311529755592,-0.9953303337097168,-0.07457799464464188,0.2832300066947937,-0.6255555748939514,-0.02839077077805996,0.41085267066955566,-0.5926766991615295,-0.017380820587277412,0.3569442629814148,-0.5073703527450562,-0.010049090720713139,0.28432127833366394,-0.4656095802783966,-0.006583993788808584,0.3745712339878082,-0.47545483708381653,-0.03736701235175133,0.48005250096321106,-0.4490097463130951,-0.0015248964773491025,0.4266382157802582,-0.38448184728622437,0.008408836089074612,0.36419153213500977,-0.3387259840965271,-0.0027505247853696346,0.4324989914894104,-0.3069137930870056,-0.04078179597854614,0.5359861850738525,-0.31189441680908203,-0.019453058019280434,0.4842987060546875,-0.2590981423854828,-0.001022356329485774,0.4176979064941406,-0.22094140946865082,-0.001394355553202331,0.4702114462852478,-0.13221506774425507,-0.042307544499635696,0.643639087677002,-0.19298920035362244,-0.025931693613529205,0.740966260433197,-0.2144501507282257,-0.0009240889921784401,0.8186317682266235,-0.24498559534549713,0.013083002530038357,0.0,0.0,0.0,0.0,0.0,0.0,0.0,0.0,0.0,0.0,0.0,0.0,0.0,0.0,0.0,0.0,0.0,0.0,0.0,0.0,0.0,0.0,0.0,0.0,0.0,0.0,0.0,0.0,0.0,0.0,0.0,0.0,0.0,0.0,0.0,0.0,0.0,0.0,0.0,0.0,0.0,0.0,0.0,0.0,0.0,0.0,0.0,0.0,0.0,0.0,0.0,0.0,0.0,0.0,0.0,0.0,0.0,0.0,0.0,0.0,0.0,0.0,0.0,DOCTOR
0.0,0.0,0.0,-0.03929851949214935,-0.32801806926727295,0.00014020565140526742,-0.028052058070898056,-0.6132484674453735,-0.02123023383319378,0.03557729721069336,-0.8293746709823608,-0.043500594794750214,0.05669828876852989,-0.9968023896217346,-0.0563049353659153,0.28410467505455017,-0.6350708603858948,-0.00859793834388256,0.39249682426452637,-0.5979070663452148,0.004971240181475878,0.3396458029747009,-0.5158454179763794,0.009856823831796646,0.26797428727149963,-0.47036516666412354,0.011599531397223473,0.3750934302806854,-0.4909418523311615,-0.020390868186950684,0.4662969410419464,-0.4508405029773712,0.019457116723060608,0.4115053713321686,-0.3901122510433197,0.023856502026319504,0.34745195508003235,-0.34701353311538696,0.008601001463830471,0.4328131675720215,-0.3216327130794525,-0.02720569632947445,0.5232363343238831,-0.31926873326301575,-0.0037631681188941,0.46600863337516785,-0.2647480070590973,0.010296657681465149,0.4012738764286041,-0.22601355612277985,0.007024087011814117,0.46736350655555725,-0.1425292193889618,-0.03153066709637642,0.6432880163192749,-0.1949029564857483,-0.014201268553733826,0.7419442534446716,-0.21395935118198395,0.010831830091774464,0.8207840323448181,-0.2454378753900528,0.025079814717173576,0.0,0.0,0.0,0.0,0.0,0.0,0.0,0.0,0.0,0.0,0.0,0.0,0.0,0.0,0.0,0.0,0.0,0.0,0.0,0.0,0.0,0.0,0.0,0.0,0.0,0.0,0.0,0.0,0.0,0.0,0.0,0.0,0.0,0.0,0.0,0.0,0.0,0.0,0.0,0.0,0.0,0.0,0.0,0.0,0.0,0.0,0.0,0.0,0.0,0.0,0.0,0.0,0.0,0.0,0.0,0.0,0.0,0.0,0.0,0.0,0.0,0.0,0.0,DOCTOR
0.0,0.0,0.0,-0.03715205565094948,-0.32205143570899963,0.002267856150865555,-0.020505426451563835,-0.6101829409599304,-0.01654149405658245,0.04525991529226303,-0.8243948221206665,-0.037150826305150986,0.06133996695280075,-0.9969298839569092,-0.0486646331846714,0.2882022261619568,-0.643074095249176,-0.001513688126578927,0.403666615486145,-0.5871673226356506,0.008546833880245686,0.3485903739929199,-0.5077832341194153,0.008571380749344826,0.2755185067653656,-0.46925780177116394,0.006893017794936895,0.3765479028224945,-0.5011179447174072,-0.015810757875442505,0.47593581676483154,-0.4409913420677185,0.022188594564795494,0.4184960424900055,-0.37716904282569885,0.025720510631799698,0.35335803031921387,-0.33859097957611084,0.010082857683300972,0.43324145674705505,-0.33002519607543945,-0.026216337457299232,0.5292418599128723,-0.30944931507110596,-0.005770007614046335,0.469382107257843,-0.25296151638031006,0.008962227962911129,0.4021591246128082,-0.21994559466838837,0.006759054027497768,0.4680810272693634,-0.14791983366012573,-0.03438381850719452,0.6446882486343384,-0.19990499317646027,-0.01993810199201107,0.7461795806884766,-0.2151380479335785,0.0050436947494745255,0.8282599449157715,-0.24490892887115479,0.019615579396486282,0.0,0.0,0.0,0.0,0.0,0.0,0.0,0.0,0.0,0.0,0.0,0.0,0.0,0.0,0.0,0.0,0.0,0.0,0.0,0.0,0.0,0.0,0.0,0.0,0.0,0.0,0.0,0.0,0.0,0.0,0.0,0.0,0.0,0.0,0.0,0.0,0.0,0.0,0.0,0.0,0.0,0.0,0.0,0.0,0.0,0.0,0.0,0.0,0.0,0.0,0.0,0.0,0.0,0.0,0.0,0.0,0.0,0.0,0.0,0.0,0.0,0.0,0.0,DOCTOR
0.0,0.0,0.0,-0.050039079040288925,-0.3206445276737213,7.152221428441408e-07,-0.031546030193567276,-0.6057196855545044,-0.016773002222180367,0.03237922862172127,-0.8278385996818542,-0.0318843238055706,0.040457308292388916,-0.9985054731369019,-0.03674312308430672,0.2603614926338196,-0.6536411046981812,-0.02004924975335598,0.37452155351638794,-0.6120086908340454,0.000543017580639571,0.3222346305847168,-0.5272130966186523,0.015233369544148445,0.2551685571670532,-0.4849300682544708,0.02153051272034645,0.35486024618148804,-0.512095034122467,-0.029990719631314278,0.4455225169658661,-0.46471643447875977,0.01591121405363083,0.39202216267585754,-0.40301063656806946,0.03147842362523079,0.3323632478713989,-0.3634085953235626,0.022373007610440254,0.41410505771636963,-0.34625187516212463,-0.0342315137386322,0.5007441639900208,-0.3345685601234436,-0.009810742922127247,0.4469009041786194,-0.28258776664733887,0.007552983704954386,0.3831036686897278,-0.25034067034721375,0.0056343236938118935,0.4541207253932953,-0.17336544394493103,-0.03589963912963867,0.6238996386528015,-0.23507608473300934,-0.02342897281050682,0.7222318053245544,-0.2531147003173828,-0.002022732514888048,0.7990683317184448,-0.2796464264392853,0.009538203477859497,0.0,0.0,0.0,0.0,0.0,0.0,0.0,0.0,0.0,0.0,0.0,0.0,0.0,0.0,0.0,0.0,0.0,0.0,0.0,0.0,0.0,0.0,0.0,0.0,0.0,0.0,0.0,0.0,0.0,0.0,0.0,0.0,0.0,0.0,0.0,0.0,0.0,0.0,0.0,0.0,0.0,0.0,0.0,0.0,0.0,0.0,0.0,0.0,0.0,0.0,0.0,0.0,0.0,0.0,0.0,0.0,0.0,0.0,0.0,0.0,0.0,0.0,0.0,DOCTOR
0.0,0.0,0.0,-0.05116682127118111,-0.3318435251712799,0.0002074968215310946,-0.0386485829949379,-0.6047568321228027,-0.019097743555903435,0.01958865486085415,-0.8241705894470215,-0.03765442594885826,0.029906149953603745,-0.9985013008117676,-0.045834459364414215,0.26260629296302795,-0.6549298763275146,-0.019283778965473175,0.3628526031970978,-0.6225913166999817,0.0007110818405635655,0.3078254163265228,-0.5390639305114746,0.014814467169344425,0.24131828546524048,-0.49571365118026733,0.0202641598880291,0.3573552072048187,-0.5138536691665649,-0.03036823496222496,0.43453457951545715,-0.48030370473861694,0.013137511909008026,0.37589752674102783,-0.4210037291049957,0.024570848792791367,0.31664007902145386,-0.37790998816490173,0.012406159192323685,0.41540825366973877,-0.346596360206604,-0.03505747392773628,0.4869350790977478,-0.3525264263153076,-0.014063545502722263,0.42878249287605286,-0.2986956834793091,0.0031897122971713543,0.3677876889705658,-0.2597843408584595,0.0018015543464571238,0.4516702890396118,-0.17430202662944794,-0.036767784506082535,0.6263332962989807,-0.2399742603302002,-0.02836477756500244,0.7243010401725769,-0.25998201966285706,-0.005386290606111288,0.8022164702415466,-0.29138752818107605,0.008520293049514294,0.0,0.0,0.0,0.0,0.0,0.0,0.0,0.0,0.0,0.0,0.0,0.0,0.0,0.0,0.0,0.0,0.0,0.0,0.0,0.0,0.0,0.0,0.0,0.0,0.0,0.0,0.0,0.0,0.0,0.0,0.0,0.0,0.0,0.0,0.0,0.0,0.0,0.0,0.0,0.0,0.0,0.0,0.0,0.0,0.0,0.0,0.0,0.0,0.0,0.0,0.0,0.0,0.0,0.0,0.0,0.0,0.0,0.0,0.0,0.0,0.0,0.0,0.0,DOCTOR
0.0,0.0,0.0,-0.05114380642771721,-0.33004865050315857,0.006524272728711367,-0.03625725954771042,-0.6032826900482178,-0.008592752739787102,0.02385503612458706,-0.8244429230690002,-0.023609692230820656,0.03360176086425781,-0.9990300536155701,-0.028460675850510597,0.2613990306854248,-0.656600832939148,-0.008902149274945259,0.3607664704322815,-0.6322130560874939,0.018379930406808853,0.30516698956489563,-0.5482255816459656,0.03742791339755058,0.239959716796875,-0.5021757483482361,0.04569181427359581,0.3582720160484314,-0.5176817774772644,-0.020095208659768105,0.43354445695877075,-0.48714256286621094,0.030027905479073524,0.37498801946640015,-0.42631620168685913,0.04322022199630737,0.31666943430900574,-0.38263916969299316,0.03157660365104675,0.4184015691280365,-0.35221630334854126,-0.02406681329011917,0.4892496168613434,-0.36003977060317993,0.003401091555133462,0.4318613111972809,-0.3059581518173218,0.02043157070875168,0.3715507984161377,-0.26751992106437683,0.017461329698562622,0.4570815861225128,-0.18204838037490845,-0.024322424083948135,0.6295714974403381,-0.2503669261932373,-0.010295942425727844,0.7251242995262146,-0.27185341715812683,0.013603148981928825,0.8005938529968262,-0.30536577105522156,0.027211828157305717,0.0,0.0,0.0,0.0,0.0,0.0,0.0,0.0,0.0,0.0,0.0,0.0,0.0,0.0,0.0,0.0,0.0,0.0,0.0,0.0,0.0,0.0,0.0,0.0,0.0,0.0,0.0,0.0,0.0,0.0,0.0,0.0,0.0,0.0,0.0,0.0,0.0,0.0,0.0,0.0,0.0,0.0,0.0,0.0,0.0,0.0,0.0,0.0,0.0,0.0,0.0,0.0,0.0,0.0,0.0,0.0,0.0,0.0,0.0,0.0,0.0,0.0,0.0,DOCTOR
0.0,0.0,0.0,-0.053144246339797974,-0.3286893665790558,0.005858769174665213,-0.042549557983875275,-0.602755606174469,-0.009460199624300003,0.017129195854067802,-0.8246283531188965,-0.024981344118714333,0.028401190415024757,-0.9991393685340881,-0.03022899478673935,0.25362682342529297,-0.6609380841255188,-0.007876279763877392,0.3566788136959076,-0.6356133222579956,0.01702423207461834,0.30165234208106995,-0.5494861006736755,0.034157734364271164,0.2351624071598053,-0.5032877922058105,0.042000286281108856,0.35080647468566895,-0.5241902470588684,-0.019150041043758392,0.428920179605484,-0.4906558394432068,0.029977208003401756,0.3715634047985077,-0.42924922704696655,0.04224611446261406,0.3124755024909973,-0.38525375723838806,0.03038366325199604,0.4119284749031067,-0.3607427775859833,-0.02378719672560692,0.48225414752960205,-0.36549052596092224,0.0024846706073731184,0.42639416456222534,-0.31132522225379944,0.017833780497312546,0.36634406447410583,-0.27291375398635864,0.014439508318901062,0.452747642993927,-0.19229060411453247,-0.024868184700608253,0.6252865195274353,-0.26030465960502625,-0.010856212116777897,0.7213835120201111,-0.2818737328052521,0.012483447790145874,0.7963236570358276,-0.31438031792640686,0.025920426473021507,0.0,0.0,0.0,0.0,0.0,0.0,0.0,0.0,0.0,0.0,0.0,0.0,0.0,0.0,0.0,0.0,0.0,0.0,0.0,0.0,0.0,0.0,0.0,0.0,0.0,0.0,0.0,0.0,0.0,0.0,0.0,0.0,0.0,0.0,0.0,0.0,0.0,0.0,0.0,0.0,0.0,0.0,0.0,0.0,0.0,0.0,0.0,0.0,0.0,0.0,0.0,0.0,0.0,0.0,0.0,0.0,0.0,0.0,0.0,0.0,0.0,0.0,0.0,DOCTOR
0.0,0.0,0.0,-0.062079254537820816,-0.3297675549983978,0.001024101278744638,-0.0515093170106411,-0.6086446046829224,-0.014509811997413635,0.004371012561023235,-0.8302730917930603,-0.02851196564733982,0.008580494672060013,-0.9994646906852722,-0.031571000814437866,0.24915358424186707,-0.667972981929779,-0.010938724502921104,0.34529629349708557,-0.6470457315444946,0.012651363387703896,0.29103848338127136,-0.561496376991272,0.02705688774585724,0.2288646399974823,-0.5106213092803955,0.03298407047986984,0.348056435585022,-0.5270925164222717,-0.01937919855117798,0.418704092502594,-0.5076976418495178,0.028545638546347618,0.36405864357948303,-0.4486025273799896,0.0412290133535862,0.30925118923187256,-0.39830055832862854,0.030277665704488754,0.4097880721092224,-0.36498451232910156,-0.021971210837364197,0.4719371497631073,-0.38271012902259827,0.0026295259594917297,0.41871073842048645,-0.3317829370498657,0.01649606227874756,0.36142224073410034,-0.2883416712284088,0.012970506213605404,0.4507867097854614,-0.2030237466096878,-0.021382620558142662,0.6197354793548584,-0.2761389911174774,-0.008850342594087124,0.7146538496017456,-0.30268043279647827,0.012093847617506981,0.7874000668525696,-0.3376186192035675,0.02392413467168808,0.0,0.0,0.0,0.0,0.0,0.0,0.0,0.0,0.0,0.0,0.0,0.0,0.0,0.0,0.0,0.0,0.0,0.0,0.0,0.0,0.0,0.0,0.0,0.0,0.0,0.0,0.0,0.0,0.0,0.0,0.0,0.0,0.0,0.0,0.0,0.0,0.0,0.0,0.0,0.0,0.0,0.0,0.0,0.0,0.0,0.0,0.0,0.0,0.0,0.0,0.0,0.0,0.0,0.0,0.0,0.0,0.0,0.0,0.0,0.0,0.0,0.0,0.0,DOCTOR
0.0,0.0,0.0,-0.06009657680988312,-0.3265257775783539,0.002396667143329978,-0.053654517978429794,-0.6022031307220459,-0.016059039160609245,-0.0037208644207566977,-0.825894832611084,-0.034226395189762115,0.0007572371396236122,-0.9991044998168945,-0.04230326786637306,0.24305300414562225,-0.6618549227714539,-0.009380288422107697,0.33441346883773804,-0.6517361402511597,0.012947644107043743,0.2815459668636322,-0.5673625469207764,0.026232752948999405,0.2208825647830963,-0.5146664977073669,0.031291086226701736,0.3402016758918762,-0.5285025835037231,-0.019611354917287827,0.410662442445755,-0.5128492712974548,0.025873877108097076,0.3554542064666748,-0.4519396424293518,0.035680141299963,0.3011683523654938,-0.4012776017189026,0.022964859381318092,0.40249475836753845,-0.36822792887687683,-0.023454591631889343,0.4688059687614441,-0.38960176706314087,0.0016987933777272701,0.41459885239601135,-0.33531659841537476,0.017360027879476547,0.358198344707489,-0.2890731692314148,0.014658027328550816,0.44419774413108826,-0.2041752189397812,-0.024178821593523026,0.61015784740448,-0.28256064653396606,-0.00988276582211256,0.7026704549789429,-0.31209951639175415,0.014193934388458729,0.7753779888153076,-0.3481575846672058,0.02821379341185093,0.0,0.0,0.0,0.0,0.0,0.0,0.0,0.0,0.0,0.0,0.0,0.0,0.0,0.0,0.0,0.0,0.0,0.0,0.0,0.0,0.0,0.0,0.0,0.0,0.0,0.0,0.0,0.0,0.0,0.0,0.0,0.0,0.0,0.0,0.0,0.0,0.0,0.0,0.0,0.0,0.0,0.0,0.0,0.0,0.0,0.0,0.0,0.0,0.0,0.0,0.0,0.0,0.0,0.0,0.0,0.0,0.0,0.0,0.0,0.0,0.0,0.0,0.0,DOCTOR
0.0,0.0,0.0,-0.05943409353494644,-0.32521897554397583,0.004343585576862097,-0.05348847061395645,-0.5992454886436462,-0.01326271053403616,-0.0037532239221036434,-0.8239918351173401,-0.031437236815690994,-0.0009906520135700703,-0.9992039799690247,-0.03988126665353775,0.23966863751411438,-0.6664351224899292,-0.007201842963695526,0.34106025099754333,-0.6414576172828674,0.014110749587416649,0.28961431980133057,-0.5523804426193237,0.026631686836481094,0.22578178346157074,-0.5023133158683777,0.03152007237076759,0.33775025606155396,-0.5359745025634766,-0.019026411697268486,0.4168853759765625,-0.502885103225708,0.02694658748805523,0.36097729206085205,-0.43748414516448975,0.0369856134057045,0.3037121295928955,-0.39069822430610657,0.024309759959578514,0.40139472484588623,-0.37544915080070496,-0.024573635309934616,0.4732425808906555,-0.3833500146865845,0.00040301273111253977,0.4180874526500702,-0.3244074583053589,0.01671929843723774,0.35979539155960083,-0.28230154514312744,0.014460084028542042,0.4445174038410187,-0.20917744934558868,-0.026958754286170006,0.6111316084861755,-0.287381112575531,-0.011837005615234375,0.7035634517669678,-0.31592094898223877,0.013957809656858444,0.7761141657829285,-0.3537219166755676,0.02910412847995758,0.0,0.0,0.0,0.0,0.0,0.0,0.0,0.0,0.0,0.0,0.0,0.0,0.0,0.0,0.0,0.0,0.0,0.0,0.0,0.0,0.0,0.0,0.0,0.0,0.0,0.0,0.0,0.0,0.0,0.0,0.0,0.0,0.0,0.0,0.0,0.0,0.0,0.0,0.0,0.0,0.0,0.0,0.0,0.0,0.0,0.0,0.0,0.0,0.0,0.0,0.0,0.0,0.0,0.0,0.0,0.0,0.0,0.0,0.0,0.0,0.0,0.0,0.0,DOCTOR
0.0,0.0,0.0,-0.06259162724018097,-0.32135775685310364,0.005640954244881868,-0.05726126581430435,-0.6000252962112427,-0.009272231720387936,-0.006424479652196169,-0.8255444169044495,-0.024828866124153137,-0.0020979333203285933,-0.9995322823524475,-0.030507907271385193,0.23322002589702606,-0.6708988547325134,-0.00297260913066566,0.3345392048358917,-0.6536123752593994,0.018230509012937546,0.2836416959762573,-0.5671647191047668,0.029979456216096878,0.22112606465816498,-0.5164164304733276,0.0344320684671402,0.3318173587322235,-0.5414488315582275,-0.01445385254919529,0.4083734154701233,-0.5135546922683716,0.03281502053141594,0.3539533019065857,-0.4503858983516693,0.042818084359169006,0.29891055822372437,-0.4024948477745056,0.029760560020804405,0.3968467116355896,-0.3828759789466858,-0.020137524232268333,0.4666149914264679,-0.3938714861869812,0.005100659094750881,0.4126812517642975,-0.33805397152900696,0.0197825338691473,0.35513395071029663,-0.2959945499897003,0.016381194815039635,0.44189125299453735,-0.2188192456960678,-0.022554636001586914,0.6079807281494141,-0.2994658350944519,-0.008580193854868412,0.7020721435546875,-0.3270934224128723,0.014773202128708363,0.7756364345550537,-0.3617080748081207,0.028336703777313232,0.0,0.0,0.0,0.0,0.0,0.0,0.0,0.0,0.0,0.0,0.0,0.0,0.0,0.0,0.0,0.0,0.0,0.0,0.0,0.0,0.0,0.0,0.0,0.0,0.0,0.0,0.0,0.0,0.0,0.0,0.0,0.0,0.0,0.0,0.0,0.0,0.0,0.0,0.0,0.0,0.0,0.0,0.0,0.0,0.0,0.0,0.0,0.0,0.0,0.0,0.0,0.0,0.0,0.0,0.0,0.0,0.0,0.0,0.0,0.0,0.0,0.0,0.0,DOCTOR
0.0,0.0,0.0,-0.06807174533605576,-0.3251514434814453,0.00035126289003528655,-0.06552208960056305,-0.6006855964660645,-0.01648363657295704,-0.01364834699779749,-0.8250163793563843,-0.03219205141067505,-0.010872949846088886,-0.9992489814758301,-0.0371914841234684,0.23300349712371826,-0.6795732975006104,-0.015734750777482986,0.32849881052970886,-0.6506026387214661,0.005566128995269537,0.2764095366001129,-0.5576749444007874,0.018835004419088364,0.21415936946868896,-0.5061579346656799,0.023290066048502922,0.33582353591918945,-0.5448276400566101,-0.025815600529313087,0.40771955251693726,-0.5137094259262085,0.020240535959601402,0.35243019461631775,-0.4486441910266876,0.03287328779697418,0.29588544368743896,-0.3986928164958954,0.02099521830677986,0.40137195587158203,-0.38395175337791443,-0.030059214681386948,0.46197351813316345,-0.3905326724052429,-0.00830067042261362,0.4079837501049042,-0.33427679538726807,0.00694303447380662,0.34993502497673035,-0.29104849696159363,0.003952259663492441,0.44585120677948,-0.21990786492824554,-0.03135865181684494,0.6143644452095032,-0.29583582282066345,-0.022352302446961403,0.7086449861526489,-0.32256799936294556,-0.0011161587899550796,0.7814714908599854,-0.3589615225791931,0.010943649336695671,0.0,0.0,0.0,0.0,0.0,0.0,0.0,0.0,0.0,0.0,0.0,0.0,0.0,0.0,0.0,0.0,0.0,0.0,0.0,0.0,0.0,0.0,0.0,0.0,0.0,0.0,0.0,0.0,0.0,0.0,0.0,0.0,0.0,0.0,0.0,0.0,0.0,0.0,0.0,0.0,0.0,0.0,0.0,0.0,0.0,0.0,0.0,0.0,0.0,0.0,0.0,0.0,0.0,0.0,0.0,0.0,0.0,0.0,0.0,0.0,0.0,0.0,0.0,DOCTOR
0.0,0.0,0.0,-0.06580748409032822,-0.32473981380462646,0.0009165132069028914,-0.06397759914398193,-0.5983273983001709,-0.01807350292801857,-0.015827009454369545,-0.8233625292778015,-0.03625699132680893,-0.012378618121147156,-0.9989458322525024,-0.044204410165548325,0.23139826953411102,-0.6748851537704468,-0.014347147196531296,0.3313867449760437,-0.653597354888916,0.008596742525696754,0.28084835410118103,-0.566824734210968,0.023276031017303467,0.21871337294578552,-0.5181776285171509,0.028683384880423546,0.33235129714012146,-0.5408995747566223,-0.024614235386252403,0.4082452058792114,-0.5154719948768616,0.02090371772646904,0.35319918394088745,-0.45376795530319214,0.03130955249071121,0.2972293496131897,-0.4049365818500519,0.01853533647954464,0.39760100841522217,-0.3792092204093933,-0.028158292174339294,0.4660700559616089,-0.3939644992351532,-0.0036109115462750196,0.41073378920555115,-0.33696046471595764,0.013580054976046085,0.35226017236709595,-0.29206764698028564,0.011566939763724804,0.44206205010414124,-0.21343614161014557,-0.028797611594200134,0.6047273874282837,-0.2969472408294678,-0.015908166766166687,0.6968814730644226,-0.32622024416923523,0.008816941641271114,0.7693899273872375,-0.3627893626689911,0.02332397736608982,0.0,0.0,0.0,0.0,0.0,0.0,0.0,0.0,0.0,0.0,0.0,0.0,0.0,0.0,0.0,0.0,0.0,0.0,0.0,0.0,0.0,0.0,0.0,0.0,0.0,0.0,0.0,0.0,0.0,0.0,0.0,0.0,0.0,0.0,0.0,0.0,0.0,0.0,0.0,0.0,0.0,0.0,0.0,0.0,0.0,0.0,0.0,0.0,0.0,0.0,0.0,0.0,0.0,0.0,0.0,0.0,0.0,0.0,0.0,0.0,0.0,0.0,0.0,DOCTOR
0.0,0.0,0.0,-0.0674838200211525,-0.3244703412055969,0.002661766717210412,-0.06203991174697876,-0.6036462187767029,-0.013370867818593979,-0.012083728797733784,-0.8275563716888428,-0.027715863659977913,-0.016567809507250786,-0.9993698596954346,-0.0313899889588356,0.23132218420505524,-0.6697456240653992,-0.020724697038531303,0.3242107331752777,-0.6575958728790283,0.003897804068401456,0.2749274671077728,-0.5716173648834229,0.023450331762433052,0.2126796394586563,-0.5180242657661438,0.03150649741292,0.3319375813007355,-0.5334733724594116,-0.031065700575709343,0.400626003742218,-0.5238385200500488,0.012959250248968601,0.3483361303806305,-0.4620525538921356,0.027864970266819,0.29523205757141113,-0.4089525043964386,0.018208198249340057,0.3973188102245331,-0.37316012382507324,-0.03432893007993698,0.465569406747818,-0.4028359055519104,-0.012619092129170895,0.4139992594718933,-0.3465534448623657,0.006754727102816105,0.3574613034725189,-0.297802597284317,0.00605375599116087,0.4413779675960541,-0.20958994328975677,-0.03417162224650383,0.6065238118171692,-0.2941505014896393,-0.02663257159292698,0.6991373896598816,-0.3242848217487335,-0.00497825164347887,0.7725139856338501,-0.3635307550430298,0.007254947908222675,0.0,0.0,0.0,0.0,0.0,0.0,0.0,0.0,0.0,0.0,0.0,0.0,0.0,0.0,0.0,0.0,0.0,0.0,0.0,0.0,0.0,0.0,0.0,0.0,0.0,0.0,0.0,0.0,0.0,0.0,0.0,0.0,0.0,0.0,0.0,0.0,0.0,0.0,0.0,0.0,0.0,0.0,0.0,0.0,0.0,0.0,0.0,0.0,0.0,0.0,0.0,0.0,0.0,0.0,0.0,0.0,0.0,0.0,0.0,0.0,0.0,0.0,0.0,DOCTOR
0.0,0.0,0.0,-0.06598932296037674,-0.32513192296028137,0.006724675185978413,-0.06629535555839539,-0.6009325981140137,-0.009825318120419979,-0.02016095258295536,-0.8254880905151367,-0.026677343994379044,-0.021931784227490425,-0.9992028474807739,-0.03335689753293991,0.2246907353401184,-0.6654171943664551,-0.012909457087516785,0.32403185963630676,-0.6593623757362366,0.010301533155143261,0.27732735872268677,-0.5758302807807922,0.029413174837827682,0.2145606279373169,-0.5228443145751953,0.03860361874103546,0.32549840211868286,-0.531160831451416,-0.025240328162908554,0.4028295576572418,-0.5247125625610352,0.018783025443553925,0.3519456386566162,-0.46270760893821716,0.03251012787222862,0.29779693484306335,-0.41039857268333435,0.022596929222345352,0.39308446645736694,-0.37166622281074524,-0.030502570793032646,0.4686043858528137,-0.4038722515106201,-0.006132151931524277,0.41839051246643066,-0.3467417359352112,0.013870309107005596,0.3620797097682953,-0.2982959747314453,0.013510297983884811,0.43904542922973633,-0.20739175379276276,-0.03232978284358978,0.6038268804550171,-0.2929707169532776,-0.019969312474131584,0.6957738995552063,-0.3217531144618988,0.004525410942733288,0.7689290642738342,-0.35885322093963623,0.018675830215215683,0.0,0.0,0.0,0.0,0.0,0.0,0.0,0.0,0.0,0.0,0.0,0.0,0.0,0.0,0.0,0.0,0.0,0.0,0.0,0.0,0.0,0.0,0.0,0.0,0.0,0.0,0.0,0.0,0.0,0.0,0.0,0.0,0.0,0.0,0.0,0.0,0.0,0.0,0.0,0.0,0.0,0.0,0.0,0.0,0.0,0.0,0.0,0.0,0.0,0.0,0.0,0.0,0.0,0.0,0.0,0.0,0.0,0.0,0.0,0.0,0.0,0.0,0.0,DOCTOR
0.0,0.0,0.0,-0.06063692644238472,-0.32519736886024475,0.01759202592074871,-0.058522455394268036,-0.6004519462585449,0.007037195842713118,-0.014529851265251637,-0.8261953592300415,-0.006033928599208593,-0.01687951758503914,-0.999809980392456,-0.00975118763744831,0.2275032252073288,-0.6708247065544128,0.0064111738465726376,0.3326115608215332,-0.6623168587684631,0.03672437742352486,0.2885808050632477,-0.5758540630340576,0.058308523148298264,0.22471776604652405,-0.5223681330680847,0.06878499686717987,0.32800838351249695,-0.5411856770515442,-0.00868325773626566,0.4104005694389343,-0.5268306136131287,0.044073984026908875,0.3606031835079193,-0.4613882899284363,0.05899699032306671,0.3047535717487335,-0.4113466143608093,0.04910764843225479,0.3958674669265747,-0.38246798515319824,-0.016072776168584824,0.47467443346977234,-0.4099823832511902,0.017785316333174706,0.42619588971138,-0.34778037667274475,0.03931267932057381,0.370127409696579,-0.30091166496276855,0.03805015608668327,0.44152066111564636,-0.21548564732074738,-0.01935529336333275,0.6039543151855469,-0.30337652564048767,0.000941143196541816,0.6940247416496277,-0.33011895418167114,0.02887626923620701,0.7645469903945923,-0.36803948879241943,0.04448108747601509,0.0,0.0,0.0,0.0,0.0,0.0,0.0,0.0,0.0,0.0,0.0,0.0,0.0,0.0,0.0,0.0,0.0,0.0,0.0,0.0,0.0,0.0,0.0,0.0,0.0,0.0,0.0,0.0,0.0,0.0,0.0,0.0,0.0,0.0,0.0,0.0,0.0,0.0,0.0,0.0,0.0,0.0,0.0,0.0,0.0,0.0,0.0,0.0,0.0,0.0,0.0,0.0,0.0,0.0,0.0,0.0,0.0,0.0,0.0,0.0,0.0,0.0,0.0,DOCTOR
0.0,0.0,0.0,-0.06644845753908157,-0.3219645023345947,0.0072588543407619,-0.06704081594944,-0.599187433719635,-0.008840451017022133,-0.023245012387633324,-0.8259393572807312,-0.025279179215431213,-0.025518307462334633,-0.9991776943206787,-0.03150707110762596,0.2205333560705185,-0.6708254218101501,-0.010202063247561455,0.324994295835495,-0.6649003028869629,0.012858306057751179,0.28235167264938354,-0.5806698799133301,0.031457941979169846,0.22012092173099518,-0.5282945036888123,0.04074034094810486,0.32095596194267273,-0.5407753586769104,-0.022340068593621254,0.4021555483341217,-0.5327156186103821,0.023041846230626106,0.35385456681251526,-0.4681626558303833,0.0378950759768486,0.2989739775657654,-0.41616490483283997,0.029139507561922073,0.3888610005378723,-0.3827308714389801,-0.02761797420680523,0.4671681523323059,-0.4151383638381958,-0.0008872444159351289,0.4196280837059021,-0.35446223616600037,0.02092263102531433,0.3641815483570099,-0.3049195110797882,0.02162083238363266,0.43528127670288086,-0.21766206622123718,-0.029647033661603928,0.5971956849098206,-0.30723071098327637,-0.014935888350009918,0.6875970363616943,-0.3368782699108124,0.011342992074787617,0.7583903074264526,-0.37541475892066956,0.026755625382065773,0.0,0.0,0.0,0.0,0.0,0.0,0.0,0.0,0.0,0.0,0.0,0.0,0.0,0.0,0.0,0.0,0.0,0.0,0.0,0.0,0.0,0.0,0.0,0.0,0.0,0.0,0.0,0.0,0.0,0.0,0.0,0.0,0.0,0.0,0.0,0.0,0.0,0.0,0.0,0.0,0.0,0.0,0.0,0.0,0.0,0.0,0.0,0.0,0.0,0.0,0.0,0.0,0.0,0.0,0.0,0.0,0.0,0.0,0.0,0.0,0.0,0.0,0.0,DOCTOR
0.0,0.0,0.0,-0.0625511109828949,-0.32417044043540955,0.014000767841935158,-0.06543059647083282,-0.6032906174659729,0.0003773694043047726,-0.02448929473757744,-0.8284414410591125,-0.013544520363211632,-0.026129188016057014,-0.9995191693305969,-0.016695084050297737,0.22329013049602509,-0.67387455701828,-0.011829487048089504,0.3230448067188263,-0.6871272325515747,0.01878669112920761,0.2798020839691162,-0.6025654077529907,0.04651699587702751,0.21993917226791382,-0.5465379953384399,0.06076405942440033,0.32613271474838257,-0.5416645407676697,-0.025788402184844017,0.40414926409721375,-0.5558298230171204,0.022221699357032776,0.35775381326675415,-0.4923804998397827,0.041489873081445694,0.306802362203598,-0.43593060970306396,0.03567199781537056,0.395570307970047,-0.38383421301841736,-0.03101785108447075,0.4716086983680725,-0.43421024084091187,-0.00035292902612127364,0.4274619519710541,-0.3727864921092987,0.025250127539038658,0.3762246072292328,-0.3188791871070862,0.02707417495548725,0.44273844361305237,-0.21896961331367493,-0.032201167196035385,0.606360673904419,-0.31698429584503174,-0.015743883326649666,0.6972506642341614,-0.349923700094223,0.011295518837869167,0.7700568437576294,-0.39205455780029297,0.02644306980073452,0.0,0.0,0.0,0.0,0.0,0.0,0.0,0.0,0.0,0.0,0.0,0.0,0.0,0.0,0.0,0.0,0.0,0.0,0.0,0.0,0.0,0.0,0.0,0.0,0.0,0.0,0.0,0.0,0.0,0.0,0.0,0.0,0.0,0.0,0.0,0.0,0.0,0.0,0.0,0.0,0.0,0.0,0.0,0.0,0.0,0.0,0.0,0.0,0.0,0.0,0.0,0.0,0.0,0.0,0.0,0.0,0.0,0.0,0.0,0.0,0.0,0.0,0.0,DOCTOR
0.0,0.0,0.0,-0.06325181573629379,-0.32427501678466797,0.014180910773575306,-0.06590690463781357,-0.6013436913490295,-0.0003573881112970412,-0.027005961164832115,-0.8275550007820129,-0.015853194519877434,-0.03176775574684143,-0.9992858171463013,-0.02046303078532219,0.218453049659729,-0.6728971600532532,-0.01308184489607811,0.3247472643852234,-0.6876099109649658,0.015142698772251606,0.2801417112350464,-0.6027982831001282,0.04353582113981247,0.2180124819278717,-0.5438193678855896,0.05953433737158775,0.32133692502975464,-0.5396477580070496,-0.027067022398114204,0.40524497628211975,-0.5548785924911499,0.020094051957130432,0.355914443731308,-0.49228227138519287,0.04185313358902931,0.30244335532188416,-0.4343535006046295,0.038157470524311066,0.39103299379348755,-0.38133782148361206,-0.0326196551322937,0.4715328514575958,-0.43259602785110474,-0.0022162164095789194,0.4258177876472473,-0.3726446330547333,0.02567415125668049,0.3725932240486145,-0.3173239231109619,0.029386529698967934,0.43893975019454956,-0.2170928567647934,-0.03428054600954056,0.6012284755706787,-0.31315159797668457,-0.017255069687962532,0.6892671585083008,-0.3449380099773407,0.011397670954465866,0.7596055865287781,-0.38493552803993225,0.027970537543296814,0.0,0.0,0.0,0.0,0.0,0.0,0.0,0.0,0.0,0.0,0.0,0.0,0.0,0.0,0.0,0.0,0.0,0.0,0.0,0.0,0.0,0.0,0.0,0.0,0.0,0.0,0.0,0.0,0.0,0.0,0.0,0.0,0.0,0.0,0.0,0.0,0.0,0.0,0.0,0.0,0.0,0.0,0.0,0.0,0.0,0.0,0.0,0.0,0.0,0.0,0.0,0.0,0.0,0.0,0.0,0.0,0.0,0.0,0.0,0.0,0.0,0.0,0.0,DOCTOR
0.0,0.0,0.0,-0.0634327232837677,-0.32112038135528564,0.015006390400230885,-0.06836393475532532,-0.5981429815292358,-0.00018517595890443772,-0.030073201283812523,-0.8254377245903015,-0.017046872526407242,-0.03579556196928024,-0.999083399772644,-0.02347518689930439,0.2211735099554062,-0.6727253794670105,-0.009581650607287884,0.32537707686424255,-0.6836022734642029,0.016095081344246864,0.2808116376399994,-0.5972068905830383,0.04001130163669586,0.21818304061889648,-0.5383003354072571,0.05298357829451561,0.3225463330745697,-0.5398536324501038,-0.025006860494613647,0.4065668284893036,-0.5539963841438293,0.021187392994761467,0.35848143696784973,-0.49020346999168396,0.04079943522810936,0.30515581369400024,-0.4319019913673401,0.03537122532725334,0.39118021726608276,-0.38104164600372314,-0.03244441747665405,0.4735097885131836,-0.43199488520622253,-0.002263250295072794,0.4290645718574524,-0.37079524993896484,0.025675350800156593,0.376457542181015,-0.31533336639404297,0.0292426235973835,0.43877002596855164,-0.21493878960609436,-0.03616654500365257,0.6018611788749695,-0.3128744065761566,-0.018636424094438553,0.6902825832366943,-0.3449738025665283,0.010778934694826603,0.7609803080558777,-0.38626524806022644,0.027666114270687103,0.0,0.0,0.0,0.0,0.0,0.0,0.0,0.0,0.0,0.0,0.0,0.0,0.0,0.0,0.0,0.0,0.0,0.0,0.0,0.0,0.0,0.0,0.0,0.0,0.0,0.0,0.0,0.0,0.0,0.0,0.0,0.0,0.0,0.0,0.0,0.0,0.0,0.0,0.0,0.0,0.0,0.0,0.0,0.0,0.0,0.0,0.0,0.0,0.0,0.0,0.0,0.0,0.0,0.0,0.0,0.0,0.0,0.0,0.0,0.0,0.0,0.0,0.0,DOCTOR
0.0,0.0,0.0,-0.06660433113574982,-0.32306569814682007,0.014814543537795544,-0.08078685402870178,-0.60472172498703,-0.0013835891149938107,-0.05239596590399742,-0.8291512727737427,-0.018304510042071342,-0.06274299323558807,-0.9977424740791321,-0.023943282663822174,0.20440934598445892,-0.6773245930671692,-0.021330147981643677,0.31798186898231506,-0.7043400406837463,0.0037683481350541115,0.2783220708370209,-0.6215701103210449,0.03439169377088547,0.21595758199691772,-0.5599460005760193,0.053301796317100525,0.3112321197986603,-0.5410505533218384,-0.03700695559382439,0.40322113037109375,-0.5722488760948181,0.006389424670487642,0.36051228642463684,-0.5108569264411926,0.029987504705786705,0.3086704611778259,-0.4509435296058655,0.02859434112906456,0.387291818857193,-0.3837997615337372,-0.04417085275053978,0.47487953305244446,-0.44592368602752686,-0.015813885256648064,0.4332358241081238,-0.38557273149490356,0.012336584739387035,0.38200584053993225,-0.3286850154399872,0.016863401979207993,0.4423920512199402,-0.22007115185260773,-0.04720354452729225,0.6076554656028748,-0.3230917751789093,-0.030228575691580772,0.697055459022522,-0.35973942279815674,-0.002516703447327018,0.7691755890846252,-0.40417882800102234,0.013293620198965073,0.0,0.0,0.0,0.0,0.0,0.0,0.0,0.0,0.0,0.0,0.0,0.0,0.0,0.0,0.0,0.0,0.0,0.0,0.0,0.0,0.0,0.0,0.0,0.0,0.0,0.0,0.0,0.0,0.0,0.0,0.0,0.0,0.0,0.0,0.0,0.0,0.0,0.0,0.0,0.0,0.0,0.0,0.0,0.0,0.0,0.0,0.0,0.0,0.0,0.0,0.0,0.0,0.0,0.0,0.0,0.0,0.0,0.0,0.0,0.0,0.0,0.0,0.0,DOCTOR
0.0,0.0,0.0,-0.06192995607852936,-0.31850293278694153,0.017455197870731354,-0.07241125404834747,-0.5998527407646179,0.0014581644209101796,-0.04575125873088837,-0.8279093503952026,-0.016062956303358078,-0.061373185366392136,-0.9978571534156799,-0.022682689130306244,0.20879608392715454,-0.676666259765625,-0.020580416545271873,0.32136809825897217,-0.7056463360786438,0.0017305779037997127,0.2803092300891876,-0.622185230255127,0.03009115345776081,0.21750402450561523,-0.5593467950820923,0.04742319509387016,0.31378987431526184,-0.543971061706543,-0.038002632558345795,0.4048473536968231,-0.5753018856048584,0.002494240179657936,0.3614354133605957,-0.5135961174964905,0.025062229484319687,0.30843955278396606,-0.45331257581710815,0.023210233077406883,0.38882696628570557,-0.38882991671562195,-0.04659322649240494,0.474636971950531,-0.4509938061237335,-0.01944519765675068,0.43374985456466675,-0.3904469311237335,0.00978765543550253,0.3825197219848633,-0.33442333340644836,0.014871710911393166,0.44320404529571533,-0.22634051740169525,-0.05094991624355316,0.6076417565345764,-0.3302650451660156,-0.035746995359659195,0.697113573551178,-0.3671598732471466,-0.00786089338362217,0.768345832824707,-0.4138992726802826,0.00825941376388073,0.0,0.0,0.0,0.0,0.0,0.0,0.0,0.0,0.0,0.0,0.0,0.0,0.0,0.0,0.0,0.0,0.0,0.0,0.0,0.0,0.0,0.0,0.0,0.0,0.0,0.0,0.0,0.0,0.0,0.0,0.0,0.0,0.0,0.0,0.0,0.0,0.0,0.0,0.0,0.0,0.0,0.0,0.0,0.0,0.0,0.0,0.0,0.0,0.0,0.0,0.0,0.0,0.0,0.0,0.0,0.0,0.0,0.0,0.0,0.0,0.0,0.0,0.0,DOCTOR
0.0,0.0,0.0,-0.06216784939169884,-0.3171124756336212,0.015393381007015705,-0.0735902190208435,-0.6002312302589417,-0.0008037571678869426,-0.04750592261552811,-0.8277663588523865,-0.01844038814306259,-0.06529223173856735,-0.9975465536117554,-0.025254501029849052,0.2058723121881485,-0.674880862236023,-0.018599538132548332,0.3192185163497925,-0.7055931687355042,0.003039229428395629,0.27740591764450073,-0.6204535365104675,0.02969946525990963,0.21443545818328857,-0.5579012632369995,0.04607532545924187,0.31073513627052307,-0.5435966849327087,-0.03415791317820549,0.4033775329589844,-0.5762177109718323,0.006478036753833294,0.35865676403045654,-0.5129560828208923,0.0284317247569561,0.3053731918334961,-0.4526683986186981,0.026347855105996132,0.386087566614151,-0.3888305723667145,-0.0413743332028389,0.4745153486728668,-0.45350173115730286,-0.01380954496562481,0.4338989555835724,-0.3915491998195648,0.015252631157636642,0.38244548439979553,-0.3337439000606537,0.020368395373225212,0.4409472346305847,-0.22667166590690613,-0.04459329694509506,0.6029189229011536,-0.3331754803657532,-0.028136413544416428,0.6901846528053284,-0.37023457884788513,0.0003819644043687731,0.7606104016304016,-0.4159735143184662,0.016876980662345886,0.0,0.0,0.0,0.0,0.0,0.0,0.0,0.0,0.0,0.0,0.0,0.0,0.0,0.0,0.0,0.0,0.0,0.0,0.0,0.0,0.0,0.0,0.0,0.0,0.0,0.0,0.0,0.0,0.0,0.0,0.0,0.0,0.0,0.0,0.0,0.0,0.0,0.0,0.0,0.0,0.0,0.0,0.0,0.0,0.0,0.0,0.0,0.0,0.0,0.0,0.0,0.0,0.0,0.0,0.0,0.0,0.0,0.0,0.0,0.0,0.0,0.0,0.0,DOCTOR
0.0,0.0,0.0,-0.06271234899759293,-0.3166831433773041,0.018192380666732788,-0.0761999562382698,-0.596521258354187,0.0014056703075766563,-0.05138860642910004,-0.8260514736175537,-0.01674375869333744,-0.06910575926303864,-0.9973230957984924,-0.02389666810631752,0.20323939621448517,-0.6740051507949829,-0.02126334235072136,0.3159802556037903,-0.7040430307388306,0.004426887724548578,0.27282100915908813,-0.6200432181358337,0.035694487392902374,0.21001143753528595,-0.5593790411949158,0.05448434501886368,0.30837002396583557,-0.5418406128883362,-0.037513863295316696,0.39972153306007385,-0.5762014389038086,0.007059501018375158,0.3534652888774872,-0.5149612426757812,0.03230073302984238,0.3004143238067627,-0.45536404848098755,0.03124801069498062,0.38307422399520874,-0.3865237236022949,-0.04434962943196297,0.4686290919780731,-0.45327576994895935,-0.012820268049836159,0.4265679121017456,-0.39234399795532227,0.019147323444485664,0.37493574619293213,-0.33578673005104065,0.024649664759635925,0.43764084577560425,-0.2242889702320099,-0.046873241662979126,0.5997194647789001,-0.33341628313064575,-0.029157884418964386,0.6867561936378479,-0.36868053674697876,0.0007463727379217744,0.7572076916694641,-0.41408732533454895,0.017708253115415573,0.0,0.0,0.0,0.0,0.0,0.0,0.0,0.0,0.0,0.0,0.0,0.0,0.0,0.0,0.0,0.0,0.0,0.0,0.0,0.0,0.0,0.0,0.0,0.0,0.0,0.0,0.0,0.0,0.0,0.0,0.0,0.0,0.0,0.0,0.0,0.0,0.0,0.0,0.0,0.0,0.0,0.0,0.0,0.0,0.0,0.0,0.0,0.0,0.0,0.0,0.0,0.0,0.0,0.0,0.0,0.0,0.0,0.0,0.0,0.0,0.0,0.0,0.0,DOCTOR
0.0,0.0,0.0,-0.06038853898644447,-0.31759169697761536,0.014528580009937286,-0.07115601748228073,-0.5970512628555298,-0.002870500786229968,-0.04762900248169899,-0.826948881149292,-0.021109286695718765,-0.06758315861225128,-0.997318685054779,-0.028071019798517227,0.20292991399765015,-0.6764742136001587,-0.021907491609454155,0.3146362900733948,-0.7107414603233337,-0.00033739127684384584,0.27272137999534607,-0.6272839903831482,0.027307121083140373,0.21019689738750458,-0.564714789390564,0.04430009797215462,0.3088420629501343,-0.5456863045692444,-0.0367131382226944,0.3964799642562866,-0.5827937126159668,0.0025856178253889084,0.3519451320171356,-0.521460771560669,0.02447775937616825,0.29911094903945923,-0.4613935351371765,0.022582801058888435,0.3847854733467102,-0.3933355212211609,-0.04285401850938797,0.46634039282798767,-0.46210238337516785,-0.01618015579879284,0.42631784081459045,-0.40362483263015747,0.012302911840379238,0.37562334537506104,-0.34682053327560425,0.017265448346734047,0.440324604511261,-0.23508670926094055,-0.044884879142045975,0.6013307571411133,-0.3425922393798828,-0.029521213844418526,0.6890580058097839,-0.38084492087364197,-0.0019206018187105656,0.7594227194786072,-0.42790600657463074,0.01418996136635542,0.0,0.0,0.0,0.0,0.0,0.0,0.0,0.0,0.0,0.0,0.0,0.0,0.0,0.0,0.0,0.0,0.0,0.0,0.0,0.0,0.0,0.0,0.0,0.0,0.0,0.0,0.0,0.0,0.0,0.0,0.0,0.0,0.0,0.0,0.0,0.0,0.0,0.0,0.0,0.0,0.0,0.0,0.0,0.0,0.0,0.0,0.0,0.0,0.0,0.0,0.0,0.0,0.0,0.0,0.0,0.0,0.0,0.0,0.0,0.0,0.0,0.0,0.0,DOCTOR
0.0,0.0,0.0,-0.06419385224580765,-0.32077109813690186,0.0114619554951787,-0.07243763655424118,-0.5957560539245605,-0.00708684790879488,-0.04706002399325371,-0.8256945013999939,-0.026738528162240982,-0.06913545727729797,-0.9969954490661621,-0.03493555635213852,0.20462483167648315,-0.6757963299751282,-0.02040797658264637,0.31362369656562805,-0.7014278769493103,0.00021318343351595104,0.27221086621284485,-0.6182571649551392,0.0265039149671793,0.2098378688097,-0.556448757648468,0.04215717688202858,0.3104144334793091,-0.5434370636940002,-0.03510211035609245,0.39406904578208923,-0.5772175788879395,0.0020581239368766546,0.34813666343688965,-0.5156131386756897,0.022663647308945656,0.29591435194015503,-0.45547419786453247,0.019909033551812172,0.38527899980545044,-0.39037567377090454,-0.04192816838622093,0.46528294682502747,-0.4571704864501953,-0.01987408846616745,0.423704594373703,-0.39832940697669983,0.007530970498919487,0.37247171998023987,-0.34131309390068054,0.012781675904989243,0.43931856751441956,-0.23256051540374756,-0.044964082539081573,0.6009392142295837,-0.33708977699279785,-0.03385476395487785,0.6895591616630554,-0.37299174070358276,-0.007571764290332794,0.7611925005912781,-0.4186236262321472,0.008146310225129128,0.0,0.0,0.0,0.0,0.0,0.0,0.0,0.0,0.0,0.0,0.0,0.0,0.0,0.0,0.0,0.0,0.0,0.0,0.0,0.0,0.0,0.0,0.0,0.0,0.0,0.0,0.0,0.0,0.0,0.0,0.0,0.0,0.0,0.0,0.0,0.0,0.0,0.0,0.0,0.0,0.0,0.0,0.0,0.0,0.0,0.0,0.0,0.0,0.0,0.0,0.0,0.0,0.0,0.0,0.0,0.0,0.0,0.0,0.0,0.0,0.0,0.0,0.0,DOCTOR
0.0,0.0,0.0,-0.06286449730396271,-0.32068532705307007,0.010813464410603046,-0.07105515897274017,-0.5933529138565063,-0.007729511242359877,-0.0455002598464489,-0.823843240737915,-0.027917400002479553,-0.064854197204113,-0.9972260594367981,-0.036525677889585495,0.20856881141662598,-0.6772651672363281,-0.01584772579371929,0.3187844455242157,-0.6980749368667603,0.004343849606812,0.27793627977371216,-0.6142119765281677,0.029544182121753693,0.213971808552742,-0.5511748194694519,0.04483320564031601,0.3145109713077545,-0.5452316999435425,-0.030508428812026978,0.3984377384185791,-0.5725431442260742,0.0065234811045229435,0.35253316164016724,-0.5100486874580383,0.0257453303784132,0.29843661189079285,-0.449958473443985,0.022361451759934425,0.38838568329811096,-0.39153802394866943,-0.03784523904323578,0.4690715968608856,-0.45366597175598145,-0.016398204490542412,0.4272993803024292,-0.3944101333618164,0.010026496835052967,0.37509050965309143,-0.33807846903800964,0.015049039386212826,0.4408775269985199,-0.23195339739322662,-0.04154222458600998,0.6048599481582642,-0.3321055471897125,-0.03088759072124958,0.6946154832839966,-0.3677370846271515,-0.004966686945408583,0.7667175531387329,-0.41423699259757996,0.010842988267540932,0.0,0.0,0.0,0.0,0.0,0.0,0.0,0.0,0.0,0.0,0.0,0.0,0.0,0.0,0.0,0.0,0.0,0.0,0.0,0.0,0.0,0.0,0.0,0.0,0.0,0.0,0.0,0.0,0.0,0.0,0.0,0.0,0.0,0.0,0.0,0.0,0.0,0.0,0.0,0.0,0.0,0.0,0.0,0.0,0.0,0.0,0.0,0.0,0.0,0.0,0.0,0.0,0.0,0.0,0.0,0.0,0.0,0.0,0.0,0.0,0.0,0.0,0.0,DOCTOR
0.0,0.0,0.0,-0.05787919834256172,-0.32118070125579834,0.013014105148613453,-0.059088971465826035,-0.5979625582695007,-0.003047642298042774,-0.03137373924255371,-0.8272864818572998,-0.02063317410647869,-0.05209114030003548,-0.9982755184173584,-0.02706613391637802,0.21639572083950043,-0.6818169951438904,-0.013092873618006706,0.3275364935398102,-0.700131893157959,0.008722609840333462,0.2854444682598114,-0.6159794330596924,0.033992934972047806,0.22059980034828186,-0.5544041991233826,0.04948338121175766,0.3209628760814667,-0.550889253616333,-0.027229107916355133,0.4060325026512146,-0.5744262337684631,0.012872537598013878,0.35921698808670044,-0.5111242532730103,0.03308100998401642,0.3043927550315857,-0.45164358615875244,0.030558662489056587,0.3939567804336548,-0.39622077345848083,-0.033733054995536804,0.47510114312171936,-0.4571813941001892,-0.009193046018481255,0.4323473870754242,-0.397537499666214,0.017307711765170097,0.3794178366661072,-0.3417445123195648,0.022255796939134598,0.44461318850517273,-0.23602314293384552,-0.03633555397391319,0.6066099405288696,-0.33614063262939453,-0.022519368678331375,0.6954407095909119,-0.3703549802303314,0.0046496703289449215,0.7663325667381287,-0.4154978394508362,0.02125352807343006,0.0,0.0,0.0,0.0,0.0,0.0,0.0,0.0,0.0,0.0,0.0,0.0,0.0,0.0,0.0,0.0,0.0,0.0,0.0,0.0,0.0,0.0,0.0,0.0,0.0,0.0,0.0,0.0,0.0,0.0,0.0,0.0,0.0,0.0,0.0,0.0,0.0,0.0,0.0,0.0,0.0,0.0,0.0,0.0,0.0,0.0,0.0,0.0,0.0,0.0,0.0,0.0,0.0,0.0,0.0,0.0,0.0,0.0,0.0,0.0,0.0,0.0,0.0,DOCTOR
0.0,0.0,0.0,-0.059904299676418304,-0.3234233260154724,0.012330123223364353,-0.06129041314125061,-0.6001222729682922,-0.003759544575586915,-0.03104401007294655,-0.8283510208129883,-0.021752970293164253,-0.051968321204185486,-0.9982297420501709,-0.028927095234394073,0.2180805802345276,-0.6831564903259277,-0.009817599318921566,0.3269440531730652,-0.6943085789680481,0.01225720439106226,0.28319767117500305,-0.6072971224784851,0.03500604256987572,0.21831654012203217,-0.5465818047523499,0.04805601015686989,0.3208841383457184,-0.5504722595214844,-0.02425096556544304,0.4049631357192993,-0.565433144569397,0.016168303787708282,0.35622063279151917,-0.5006269216537476,0.0337592214345932,0.3000871241092682,-0.4425228238105774,0.02898637019097805,0.3919137120246887,-0.39334115386009216,-0.03126911446452141,0.47253724932670593,-0.44645363092422485,-0.007264868356287479,0.4273773729801178,-0.3859964609146118,0.017833907157182693,0.3726377487182617,-0.331551194190979,0.021940747275948524,0.44149765372276306,-0.23072902858257294,-0.034477267414331436,0.6045246720314026,-0.32815372943878174,-0.020854556933045387,0.6930044889450073,-0.36188656091690063,0.006549077108502388,0.7635462880134583,-0.4066791832447052,0.023216772824525833,0.0,0.0,0.0,0.0,0.0,0.0,0.0,0.0,0.0,0.0,0.0,0.0,0.0,0.0,0.0,0.0,0.0,0.0,0.0,0.0,0.0,0.0,0.0,0.0,0.0,0.0,0.0,0.0,0.0,0.0,0.0,0.0,0.0,0.0,0.0,0.0,0.0,0.0,0.0,0.0,0.0,0.0,0.0,0.0,0.0,0.0,0.0,0.0,0.0,0.0,0.0,0.0,0.0,0.0,0.0,0.0,0.0,0.0,0.0,0.0,0.0,0.0,0.0,DOCTOR
0.0,0.0,0.0,-0.06081003695726395,-0.32372555136680603,0.02406390756368637,-0.06548158079385757,-0.6059882640838623,0.017321161925792694,-0.03223929926753044,-0.8333253860473633,0.0068704416044056416,-0.04641731455922127,-0.9989058971405029,0.0056975409388542175,0.2129868119955063,-0.6797141432762146,0.0014214628608897328,0.32634100317955017,-0.6898999214172363,0.025343092158436775,0.28218749165534973,-0.6004484295845032,0.04736829921603203,0.21736478805541992,-0.539451539516449,0.05985425412654877,0.3160124719142914,-0.5433921813964844,-0.014167268760502338,0.40720584988594055,-0.5621873736381531,0.03069205954670906,0.3570825159549713,-0.49693840742111206,0.05116182938218117,0.2991116940975189,-0.43974488973617554,0.047195661813020706,0.38637927174568176,-0.3854469358921051,-0.021670779213309288,0.46707695722579956,-0.4360026717185974,0.00691990926861763,0.42117956280708313,-0.37691760063171387,0.03351720795035362,0.3654724955558777,-0.3261583745479584,0.03733102232217789,0.4359716475009918,-0.22312724590301514,-0.024314647540450096,0.6055562496185303,-0.3215010464191437,-0.007194604724645615,0.6955074071884155,-0.35404282808303833,0.02108256332576275,0.7675349116325378,-0.40028491616249084,0.03721354901790619,0.0,0.0,0.0,0.0,0.0,0.0,0.0,0.0,0.0,0.0,0.0,0.0,0.0,0.0,0.0,0.0,0.0,0.0,0.0,0.0,0.0,0.0,0.0,0.0,0.0,0.0,0.0,0.0,0.0,0.0,0.0,0.0,0.0,0.0,0.0,0.0,0.0,0.0,0.0,0.0,0.0,0.0,0.0,0.0,0.0,0.0,0.0,0.0,0.0,0.0,0.0,0.0,0.0,0.0,0.0,0.0,0.0,0.0,0.0,0.0,0.0,0.0,0.0,DOCTOR
0.0,0.0,0.0,-0.0629105195403099,-0.322131484746933,0.012818471528589725,-0.06244915723800659,-0.6009021997451782,-0.00132040458265692,-0.030262261629104614,-0.8287613391876221,-0.017673326656222343,-0.048020537942647934,-0.9985561966896057,-0.02407357469201088,0.2178933322429657,-0.6767649054527283,-0.009128103032708168,0.3220135569572449,-0.677097499370575,0.0101456418633461,0.27835458517074585,-0.5931748151779175,0.030597621574997902,0.21139174699783325,-0.534380316734314,0.04232674092054367,0.3196021020412445,-0.5436059236526489,-0.02422558143734932,0.4031113088130951,-0.5546935796737671,0.013552146032452583,0.35252341628074646,-0.4919224679470062,0.030512111261487007,0.29555371403694153,-0.4350736141204834,0.02527434751391411,0.3902076780796051,-0.3851102292537689,-0.0322737880051136,0.4704445004463196,-0.4370594322681427,-0.011849503964185715,0.42222386598587036,-0.3763616979122162,0.013664362952113152,0.36733025312423706,-0.32263657450675964,0.018548239022493362,0.4385289251804352,-0.21919509768486023,-0.03654792532324791,0.6003715395927429,-0.31685781478881836,-0.026451023295521736,0.6898277401924133,-0.3482207953929901,0.0003407890035305172,0.7630507349967957,-0.3911660313606262,0.016845131292939186,0.0,0.0,0.0,0.0,0.0,0.0,0.0,0.0,0.0,0.0,0.0,0.0,0.0,0.0,0.0,0.0,0.0,0.0,0.0,0.0,0.0,0.0,0.0,0.0,0.0,0.0,0.0,0.0,0.0,0.0,0.0,0.0,0.0,0.0,0.0,0.0,0.0,0.0,0.0,0.0,0.0,0.0,0.0,0.0,0.0,0.0,0.0,0.0,0.0,0.0,0.0,0.0,0.0,0.0,0.0,0.0,0.0,0.0,0.0,0.0,0.0,0.0,0.0,DOCTOR
0.0,0.0,0.0,-0.061466336250305176,-0.3213576376438141,0.016113875433802605,-0.0645332857966423,-0.6015494465827942,0.0026480285450816154,-0.03271571546792984,-0.8307875394821167,-0.012734794989228249,-0.052228108048439026,-0.998471200466156,-0.018096815794706345,0.2138458788394928,-0.674125611782074,-0.014263343065977097,0.3251696527004242,-0.6740868091583252,0.010141260921955109,0.28210410475730896,-0.5873691439628601,0.03640303015708923,0.21594665944576263,-0.5312914848327637,0.051321033388376236,0.3160310387611389,-0.5420162677764893,-0.029787929728627205,0.4038034677505493,-0.5445127487182617,0.013309448026120663,0.3539069890975952,-0.47934475541114807,0.03392169624567032,0.2972504794597626,-0.4260508418083191,0.029992880299687386,0.3875172436237335,-0.38293370604515076,-0.036845557391643524,0.4698811173439026,-0.4260016679763794,-0.01104106567800045,0.4225660562515259,-0.3636147975921631,0.016230739653110504,0.3673139214515686,-0.31468507647514343,0.020641250535845757,0.4379148781299591,-0.21555058658123016,-0.039647869765758514,0.6012101173400879,-0.31374412775039673,-0.02578115276992321,0.6901199221611023,-0.3445768654346466,0.0026742974296212196,0.7624339461326599,-0.3887160122394562,0.019522104412317276,0.0,0.0,0.0,0.0,0.0,0.0,0.0,0.0,0.0,0.0,0.0,0.0,0.0,0.0,0.0,0.0,0.0,0.0,0.0,0.0,0.0,0.0,0.0,0.0,0.0,0.0,0.0,0.0,0.0,0.0,0.0,0.0,0.0,0.0,0.0,0.0,0.0,0.0,0.0,0.0,0.0,0.0,0.0,0.0,0.0,0.0,0.0,0.0,0.0,0.0,0.0,0.0,0.0,0.0,0.0,0.0,0.0,0.0,0.0,0.0,0.0,0.0,0.0,DOCTOR
0.0,0.0,0.0,-0.06245381757616997,-0.32407501339912415,0.01969040185213089,-0.06510276347398758,-0.6034440994262695,0.010373285971581936,-0.031205715611577034,-0.8316780924797058,-0.00218438683077693,-0.04927074909210205,-0.9987679719924927,-0.005911435466259718,0.21818408370018005,-0.670360803604126,-0.002512487815693021,0.32547542452812195,-0.6687087416648865,0.021809620782732964,0.2829004228115082,-0.5843569040298462,0.04450497403740883,0.2171543836593628,-0.5258162021636963,0.05688769370317459,0.3197559416294098,-0.5386773347854614,-0.019385965541005135,0.40567508339881897,-0.5439179539680481,0.02359570935368538,0.35720178484916687,-0.47971636056900024,0.04195789247751236,0.30191007256507874,-0.4237750172615051,0.036783501505851746,0.389469176530838,-0.3808206617832184,-0.02834281139075756,0.4707110524177551,-0.4255247712135315,-0.003709995187819004,0.42474812269210815,-0.3630768954753876,0.021600615233182907,0.3715423047542572,-0.31237462162971497,0.025477547198534012,0.43713247776031494,-0.21359387040138245,-0.03291238099336624,0.6018137335777283,-0.31020623445510864,-0.02095526084303856,0.6926979422569275,-0.3404884338378906,0.00591221684589982,0.7671588659286499,-0.38272255659103394,0.022196656093001366,0.0,0.0,0.0,0.0,0.0,0.0,0.0,0.0,0.0,0.0,0.0,0.0,0.0,0.0,0.0,0.0,0.0,0.0,0.0,0.0,0.0,0.0,0.0,0.0,0.0,0.0,0.0,0.0,0.0,0.0,0.0,0.0,0.0,0.0,0.0,0.0,0.0,0.0,0.0,0.0,0.0,0.0,0.0,0.0,0.0,0.0,0.0,0.0,0.0,0.0,0.0,0.0,0.0,0.0,0.0,0.0,0.0,0.0,0.0,0.0,0.0,0.0,0.0,DOCTOR
0.0,0.0,0.0,-0.06291897594928741,-0.33164793252944946,0.02791496552526951,-0.06957371532917023,-0.6167252063751221,0.02311721071600914,-0.035909801721572876,-0.8368505835533142,0.013798625208437443,-0.041186898946762085,-0.9990548491477966,0.013893717899918556,0.20730306208133698,-0.6805022358894348,-0.004393538925796747,0.328431099653244,-0.6889262199401855,0.021895209327340126,0.2847200334072113,-0.5978742837905884,0.049419257789850235,0.21555960178375244,-0.5395874977111816,0.0665358304977417,0.31433364748954773,-0.5451472401618958,-0.022585971280932426,0.41477450728416443,-0.5542566776275635,0.02504882402718067,0.3683302104473114,-0.48715803027153015,0.0472211092710495,0.3086046576499939,-0.4320675730705261,0.04397965222597122,0.39343562722206116,-0.38428211212158203,-0.03144817426800728,0.4831916391849518,-0.4253127872943878,-0.001869644271209836,0.4409649968147278,-0.3644998371601105,0.024483732879161835,0.3828461468219757,-0.3157620131969452,0.028195779770612717,0.450148344039917,-0.2170739620923996,-0.03490787744522095,0.6232436299324036,-0.31602761149406433,-0.014602957293391228,0.7176964282989502,-0.34929710626602173,0.015947507694363594,0.7907572984695435,-0.3935079276561737,0.03345297649502754,0.0,0.0,0.0,0.0,0.0,0.0,0.0,0.0,0.0,0.0,0.0,0.0,0.0,0.0,0.0,0.0,0.0,0.0,0.0,0.0,0.0,0.0,0.0,0.0,0.0,0.0,0.0,0.0,0.0,0.0,0.0,0.0,0.0,0.0,0.0,0.0,0.0,0.0,0.0,0.0,0.0,0.0,0.0,0.0,0.0,0.0,0.0,0.0,0.0,0.0,0.0,0.0,0.0,0.0,0.0,0.0,0.0,0.0,0.0,0.0,0.0,0.0,0.0,DOCTOR
0.0,0.0,0.0,-0.06528079509735107,-0.3314373791217804,0.018164137378335,-0.06907444447278976,-0.6064445376396179,0.006661195773631334,-0.037550657987594604,-0.8270943760871887,-0.009129471145570278,-0.04695538431406021,-0.9987777471542358,-0.015431812033057213,0.21071366965770721,-0.6752687096595764,-0.0006226131808944046,0.32818886637687683,-0.663923978805542,0.01846671663224697,0.2825199067592621,-0.5765110850334167,0.037774913012981415,0.21103470027446747,-0.5200884938240051,0.04988037422299385,0.3139628469944,-0.5395379662513733,-0.018741242587566376,0.4102875292301178,-0.5316044688224792,0.021952597424387932,0.35826635360717773,-0.4679211378097534,0.03757662698626518,0.2959897816181183,-0.4145873486995697,0.03100934438407421,0.38757824897766113,-0.3784841299057007,-0.030115781351923943,0.4756990969181061,-0.40935587882995605,-0.009397225454449654,0.42471417784690857,-0.35093942284584045,0.012822535820305347,0.36486417055130005,-0.3065689206123352,0.016234248876571655,0.4391730725765228,-0.20954056084156036,-0.03712454438209534,0.6085504293441772,-0.3007771074771881,-0.025419672951102257,0.7033175826072693,-0.33020278811454773,0.00147918367292732,0.7787843942642212,-0.373073935508728,0.01836729608476162,0.0,0.0,0.0,0.0,0.0,0.0,0.0,0.0,0.0,0.0,0.0,0.0,0.0,0.0,0.0,0.0,0.0,0.0,0.0,0.0,0.0,0.0,0.0,0.0,0.0,0.0,0.0,0.0,0.0,0.0,0.0,0.0,0.0,0.0,0.0,0.0,0.0,0.0,0.0,0.0,0.0,0.0,0.0,0.0,0.0,0.0,0.0,0.0,0.0,0.0,0.0,0.0,0.0,0.0,0.0,0.0,0.0,0.0,0.0,0.0,0.0,0.0,0.0,DOCTOR
0.0,0.0,0.0,-0.061484213918447495,-0.33287739753723145,0.019089175388216972,-0.061818063259124756,-0.6084336042404175,0.007608659565448761,-0.029176805168390274,-0.8295317888259888,-0.009340771473944187,-0.04045810177922249,-0.9990286231040955,-0.017466314136981964,0.21418002247810364,-0.6794043779373169,0.008061517961323261,0.3278200328350067,-0.6648424863815308,0.023123115301132202,0.2816854417324066,-0.5740732550621033,0.03332109376788139,0.21187809109687805,-0.517611026763916,0.03864021971821785,0.31553733348846436,-0.5477033257484436,-0.012013769708573818,0.40905728936195374,-0.53492671251297,0.027435224503278732,0.35848861932754517,-0.46685636043548584,0.03884948045015335,0.29693394899368286,-0.4155842661857605,0.029184240847826004,0.38624951243400574,-0.3894924521446228,-0.026357444003224373,0.4692550003528595,-0.41273996233940125,-0.00503111956641078,0.41909074783325195,-0.34888994693756104,0.016108598560094833,0.35956093668937683,-0.3034394085407257,0.01848321408033371,0.4357782006263733,-0.2223862111568451,-0.03701470047235489,0.6006678938865662,-0.31138086318969727,-0.023846521973609924,0.6947211623191833,-0.34169039130210876,0.0034800171852111816,0.7691897749900818,-0.3839694559574127,0.02020309865474701,0.0,0.0,0.0,0.0,0.0,0.0,0.0,0.0,0.0,0.0,0.0,0.0,0.0,0.0,0.0,0.0,0.0,0.0,0.0,0.0,0.0,0.0,0.0,0.0,0.0,0.0,0.0,0.0,0.0,0.0,0.0,0.0,0.0,0.0,0.0,0.0,0.0,0.0,0.0,0.0,0.0,0.0,0.0,0.0,0.0,0.0,0.0,0.0,0.0,0.0,0.0,0.0,0.0,0.0,0.0,0.0,0.0,0.0,0.0,0.0,0.0,0.0,0.0,DOCTOR
0.0,0.0,0.0,-0.0620957612991333,-0.3340541124343872,0.024233130738139153,-0.06474632024765015,-0.6122993230819702,0.01646910235285759,-0.03153914585709572,-0.8322044014930725,0.003635074943304062,-0.04104181379079819,-0.9991572499275208,-0.0004692660004366189,0.21241331100463867,-0.6868562698364258,0.004651620052754879,0.3276684582233429,-0.6698087453842163,0.02620415762066841,0.2817517817020416,-0.5772122740745544,0.04350866749882698,0.21124957501888275,-0.5201331377029419,0.05296619236469269,0.3155345320701599,-0.5578452348709106,-0.01631738618016243,0.4071304202079773,-0.5345064997673035,0.03066261298954487,0.3552336096763611,-0.465933233499527,0.046766024082899094,0.29373034834861755,-0.4150744676589966,0.03848227486014366,0.3870174288749695,-0.3984743654727936,-0.029979458078742027,0.4672132730484009,-0.4127291142940521,-0.003346877172589302,0.41469502449035645,-0.34745171666145325,0.01919177547097206,0.3543362617492676,-0.30307793617248535,0.02059289813041687,0.43688055872917175,-0.2286706566810608,-0.039183251559734344,0.603272557258606,-0.3175591230392456,-0.02495509944856167,0.6969274282455444,-0.347625732421875,0.0026708596851676702,0.7705259323120117,-0.3894546627998352,0.01916668564081192,0.0,0.0,0.0,0.0,0.0,0.0,0.0,0.0,0.0,0.0,0.0,0.0,0.0,0.0,0.0,0.0,0.0,0.0,0.0,0.0,0.0,0.0,0.0,0.0,0.0,0.0,0.0,0.0,0.0,0.0,0.0,0.0,0.0,0.0,0.0,0.0,0.0,0.0,0.0,0.0,0.0,0.0,0.0,0.0,0.0,0.0,0.0,0.0,0.0,0.0,0.0,0.0,0.0,0.0,0.0,0.0,0.0,0.0,0.0,0.0,0.0,0.0,0.0,DOCTOR
0.0,0.0,0.0,-0.07340513169765472,-0.33598649501800537,0.028967013582587242,-0.07667391747236252,-0.6186056733131409,0.02796013280749321,-0.03655491769313812,-0.8364630341529846,0.01946401037275791,-0.041901662945747375,-0.9989489912986755,0.018574902787804604,0.20083105564117432,-0.6863669157028198,0.014802602119743824,0.31392717361450195,-0.681791365146637,0.040175069123506546,0.2720671594142914,-0.5886958837509155,0.05976792424917221,0.2079683095216751,-0.5411275625228882,0.07017400115728378,0.3064729571342468,-0.563393235206604,-0.008888660930097103,0.40416306257247925,-0.5367990732192993,0.04005354642868042,0.3633909821510315,-0.4694995880126953,0.05444685369729996,0.30830103158950806,-0.4265880584716797,0.044785257428884506,0.38740482926368713,-0.40696313977241516,-0.02525058202445507,0.4796057641506195,-0.41073548793792725,-0.0008457596995867789,0.440920889377594,-0.3454044759273529,0.016056355088949203,0.38550108671188354,-0.30625617504119873,0.014532224275171757,0.44533321261405945,-0.23672090470790863,-0.03664750978350639,0.6121312379837036,-0.3213062882423401,-0.01783614605665207,0.7080193161964417,-0.35029250383377075,0.010961521416902542,0.7810184955596924,-0.38942065834999084,0.02735154516994953,0.0,0.0,0.0,0.0,0.0,0.0,0.0,0.0,0.0,0.0,0.0,0.0,0.0,0.0,0.0,0.0,0.0,0.0,0.0,0.0,0.0,0.0,0.0,0.0,0.0,0.0,0.0,0.0,0.0,0.0,0.0,0.0,0.0,0.0,0.0,0.0,0.0,0.0,0.0,0.0,0.0,0.0,0.0,0.0,0.0,0.0,0.0,0.0,0.0,0.0,0.0,0.0,0.0,0.0,0.0,0.0,0.0,0.0,0.0,0.0,0.0,0.0,0.0,DOCTOR
0.0,0.0,0.0,-0.06759600341320038,-0.3285895884037018,0.01433207280933857,-0.07241333276033401,-0.6028547286987305,0.0011046159779652953,-0.03802640363574028,-0.8247182369232178,-0.01642409898340702,-0.04632997512817383,-0.9986107349395752,-0.025103919208049774,0.20655013620853424,-0.6744415760040283,-0.005753525998443365,0.3189050555229187,-0.6644563674926758,0.007135462015867233,0.27424049377441406,-0.5742026567459106,0.018474213778972626,0.20695823431015015,-0.5195752382278442,0.024342088028788567,0.30949169397354126,-0.5426667332649231,-0.024994492530822754,0.4016253352165222,-0.5246036648750305,0.011180487461388111,0.35147038102149963,-0.45941776037216187,0.022848499938845634,0.2913680374622345,-0.4101641774177551,0.012896629050374031,0.3815954327583313,-0.3840402662754059,-0.038288414478302,0.46273139119148254,-0.39891567826271057,-0.02394971251487732,0.4134034514427185,-0.3372341990470886,-0.0044588614255189896,0.35527706146240234,-0.29384469985961914,-0.0022232660558074713,0.43249621987342834,-0.21642808616161346,-0.047831371426582336,0.599021315574646,-0.30177322030067444,-0.042483557015657425,0.6949737668037415,-0.33071088790893555,-0.018312126398086548,0.7707474231719971,-0.3700137138366699,-0.002755875466391444,0.0,0.0,0.0,0.0,0.0,0.0,0.0,0.0,0.0,0.0,0.0,0.0,0.0,0.0,0.0,0.0,0.0,0.0,0.0,0.0,0.0,0.0,0.0,0.0,0.0,0.0,0.0,0.0,0.0,0.0,0.0,0.0,0.0,0.0,0.0,0.0,0.0,0.0,0.0,0.0,0.0,0.0,0.0,0.0,0.0,0.0,0.0,0.0,0.0,0.0,0.0,0.0,0.0,0.0,0.0,0.0,0.0,0.0,0.0,0.0,0.0,0.0,0.0,DOCTOR
0.0,0.0,0.0,-0.06738205999135971,-0.3273412585258484,0.017486896365880966,-0.07049502432346344,-0.6076955795288086,0.0059537943452596664,-0.03329521790146828,-0.8288575410842896,-0.009976431727409363,-0.04561832547187805,-0.9987995028495789,-0.01784794218838215,0.21168704330921173,-0.6832036375999451,-0.005313383415341377,0.32757553458213806,-0.6639321446418762,0.01046260166913271,0.28080764412879944,-0.5707894563674927,0.023105226457118988,0.21095073223114014,-0.5150067806243896,0.029591092839837074,0.3125804364681244,-0.5552182793617249,-0.02567807212471962,0.40766340494155884,-0.5242864489555359,0.01525739673525095,0.35468122363090515,-0.4540853798389435,0.029143312945961952,0.29262927174568176,-0.4045606851577759,0.01994747668504715,0.3830870985984802,-0.3952386975288391,-0.03956955298781395,0.46628984808921814,-0.4027869403362274,-0.019629644230008125,0.4137292802333832,-0.33765164017677307,0.0015405617887154222,0.35337409377098083,-0.2947235107421875,0.0032684006728231907,0.4327750504016876,-0.2240772247314453,-0.0496799573302269,0.5988465547561646,-0.31113219261169434,-0.039834629744291306,0.6950098872184753,-0.3406558632850647,-0.013562621548771858,0.7711788415908813,-0.38143694400787354,0.0023528404999524355,0.0,0.0,0.0,0.0,0.0,0.0,0.0,0.0,0.0,0.0,0.0,0.0,0.0,0.0,0.0,0.0,0.0,0.0,0.0,0.0,0.0,0.0,0.0,0.0,0.0,0.0,0.0,0.0,0.0,0.0,0.0,0.0,0.0,0.0,0.0,0.0,0.0,0.0,0.0,0.0,0.0,0.0,0.0,0.0,0.0,0.0,0.0,0.0,0.0,0.0,0.0,0.0,0.0,0.0,0.0,0.0,0.0,0.0,0.0,0.0,0.0,0.0,0.0,DOCTOR
0.0,0.0,0.0,-0.06227819249033928,-0.3417975604534149,0.037101153284311295,-0.06686630100011826,-0.6196119785308838,0.0333036445081234,-0.030230827629566193,-0.8359031081199646,0.02051841840147972,-0.03454716503620148,-0.9993032217025757,0.014125407673418522,0.21764253079891205,-0.6725817918777466,0.004425672348588705,0.32771697640419006,-0.6866105794906616,0.0248952005058527,0.2895866930484772,-0.6009227633476257,0.04390614107251167,0.22455854713916779,-0.54457026720047,0.055381253361701965,0.3193698525428772,-0.5501707196235657,-0.023432407528162003,0.42112427949905396,-0.5481710433959961,0.02196645364165306,0.37650182843208313,-0.48217853903770447,0.03828095272183418,0.3153877556324005,-0.4306912124156952,0.031047385185956955,0.39654627442359924,-0.3914489448070526,-0.04180777445435524,0.4884818494319916,-0.41992616653442383,-0.014306025579571724,0.44480353593826294,-0.3548536002635956,0.00891920831054449,0.3865198791027069,-0.3094799518585205,0.010340752080082893,0.44773587584495544,-0.21458859741687775,-0.054691072553396225,0.6165400743484497,-0.3022229075431824,-0.034102629870176315,0.7105525135993958,-0.3329606056213379,-0.001602528733201325,0.7818890810012817,-0.3756111264228821,0.017405111342668533,0.0,0.0,0.0,0.0,0.0,0.0,0.0,0.0,0.0,0.0,0.0,0.0,0.0,0.0,0.0,0.0,0.0,0.0,0.0,0.0,0.0,0.0,0.0,0.0,0.0,0.0,0.0,0.0,0.0,0.0,0.0,0.0,0.0,0.0,0.0,0.0,0.0,0.0,0.0,0.0,0.0,0.0,0.0,0.0,0.0,0.0,0.0,0.0,0.0,0.0,0.0,0.0,0.0,0.0,0.0,0.0,0.0,0.0,0.0,0.0,0.0,0.0,0.0,DOCTOR
0.0,0.0,0.0,-0.06677897274494171,-0.329906702041626,0.004059941042214632,-0.07189247757196426,-0.6060130000114441,-0.016294511035084724,-0.0367400161921978,-0.8264667987823486,-0.0392100065946579,-0.04237030819058418,-0.9977094531059265,-0.05273210257291794,0.2157672941684723,-0.6625852584838867,-0.01886129193007946,0.3081936240196228,-0.6774301528930664,-0.012306388467550278,0.2640917897224426,-0.5974529981613159,-0.004395945928990841,0.20467764139175415,-0.5396769046783447,-0.00010472076246514916,0.31899401545524597,-0.5348484516143799,-0.034544847905635834,0.3945547342300415,-0.5420904755592346,-0.006708651781082153,0.3464434742927551,-0.4837811589241028,0.002910324838012457,0.29124367237091064,-0.4309227168560028,-0.006914169527590275,0.39043641090393066,-0.38192427158355713,-0.0452222116291523,0.46269115805625916,-0.4216788411140442,-0.037228211760520935,0.41768544912338257,-0.3680064082145691,-0.020473036915063858,0.3638441264629364,-0.31878137588500977,-0.01871314086019993,0.44012126326560974,-0.22116808593273163,-0.05298508331179619,0.602825939655304,-0.30953270196914673,-0.051477786153554916,0.6963775157928467,-0.3444302976131439,-0.030738938599824905,0.7697970271110535,-0.3844676911830902,-0.01726389117538929,0.0,0.0,0.0,0.0,0.0,0.0,0.0,0.0,0.0,0.0,0.0,0.0,0.0,0.0,0.0,0.0,0.0,0.0,0.0,0.0,0.0,0.0,0.0,0.0,0.0,0.0,0.0,0.0,0.0,0.0,0.0,0.0,0.0,0.0,0.0,0.0,0.0,0.0,0.0,0.0,0.0,0.0,0.0,0.0,0.0,0.0,0.0,0.0,0.0,0.0,0.0,0.0,0.0,0.0,0.0,0.0,0.0,0.0,0.0,0.0,0.0,0.0,0.0,DOCTOR
0.0,0.0,0.0,-0.06972260773181915,-0.3326967656612396,0.0060873618349432945,-0.07309343665838242,-0.6105775833129883,-0.012045484967529774,-0.0389290377497673,-0.8287083506584167,-0.03235993906855583,-0.03885999321937561,-0.9983181357383728,-0.04302118718624115,0.21443255245685577,-0.6604461073875427,-0.020704451948404312,0.3066280782222748,-0.6875548362731934,-0.011398857459425926,0.26394662261009216,-0.6109213829040527,0.001745477900840342,0.2066955268383026,-0.5564216375350952,0.009744896553456783,0.3138243556022644,-0.5325775742530823,-0.03630873188376427,0.39239996671676636,-0.5535726547241211,-0.0075201839208602905,0.34524816274642944,-0.49799078702926636,0.0054414416663348675,0.29258856177330017,-0.446455717086792,-0.0018732843454927206,0.3843364119529724,-0.3810306191444397,-0.046539273113012314,0.4606355130672455,-0.43302205204963684,-0.03816646337509155,0.41635802388191223,-0.3832645118236542,-0.020511433482170105,0.364479660987854,-0.3358254134654999,-0.018332839012145996,0.43336352705955505,-0.22230695188045502,-0.05339762941002846,0.601057231426239,-0.31182801723480225,-0.05238879844546318,0.6969892382621765,-0.3464123606681824,-0.03264531120657921,0.7739827632904053,-0.38842514157295227,-0.020163152366876602,0.0,0.0,0.0,0.0,0.0,0.0,0.0,0.0,0.0,0.0,0.0,0.0,0.0,0.0,0.0,0.0,0.0,0.0,0.0,0.0,0.0,0.0,0.0,0.0,0.0,0.0,0.0,0.0,0.0,0.0,0.0,0.0,0.0,0.0,0.0,0.0,0.0,0.0,0.0,0.0,0.0,0.0,0.0,0.0,0.0,0.0,0.0,0.0,0.0,0.0,0.0,0.0,0.0,0.0,0.0,0.0,0.0,0.0,0.0,0.0,0.0,0.0,0.0,DOCTOR
0.0,0.0,0.0,-0.07599889487028122,-0.333954393863678,0.006057401187717915,-0.08262064307928085,-0.6094214916229248,-0.011765488423407078,-0.04748288914561272,-0.8276750445365906,-0.03197088465094566,-0.045704714953899384,-0.9980363845825195,-0.04283123090863228,0.2091161459684372,-0.6556172966957092,-0.02058892510831356,0.3045404851436615,-0.6822748780250549,-0.012649735435843468,0.26456838846206665,-0.606837809085846,-0.0001291935332119465,0.2071409970521927,-0.5494051575660706,0.007875722832977772,0.31037211418151855,-0.5260159373283386,-0.03644275665283203,0.39479464292526245,-0.5482094883918762,-0.009029095061123371,0.34886011481285095,-0.4935474991798401,0.0036180599126964808,0.2949831187725067,-0.44047120213508606,-0.0037022496107965708,0.3823448717594147,-0.3743109107017517,-0.04706888645887375,0.46358633041381836,-0.4259726107120514,-0.03941332921385765,0.41932064294815063,-0.3770518898963928,-0.021265706047415733,0.36699941754341125,-0.32916051149368286,-0.018559208139777184,0.43207672238349915,-0.21419550478458405,-0.054445624351501465,0.6018466949462891,-0.30306777358055115,-0.05460549145936966,0.6977870464324951,-0.339604914188385,-0.03539789095520973,0.7746124267578125,-0.38273391127586365,-0.023021439090371132,0.0,0.0,0.0,0.0,0.0,0.0,0.0,0.0,0.0,0.0,0.0,0.0,0.0,0.0,0.0,0.0,0.0,0.0,0.0,0.0,0.0,0.0,0.0,0.0,0.0,0.0,0.0,0.0,0.0,0.0,0.0,0.0,0.0,0.0,0.0,0.0,0.0,0.0,0.0,0.0,0.0,0.0,0.0,0.0,0.0,0.0,0.0,0.0,0.0,0.0,0.0,0.0,0.0,0.0,0.0,0.0,0.0,0.0,0.0,0.0,0.0,0.0,0.0,DOCTOR
0.0,0.0,0.0,-0.07334110140800476,-0.34078580141067505,0.02606656216084957,-0.08597895503044128,-0.6151276230812073,0.013417045585811138,-0.054837699979543686,-0.8296476006507874,-0.006806338205933571,-0.052329592406749725,-0.9984486699104309,-0.019023461267352104,0.19809944927692413,-0.6619329452514648,-0.006921141408383846,0.31081128120422363,-0.7191066145896912,-0.003705363254994154,0.2712872326374054,-0.6414023637771606,0.006442595273256302,0.20801550149917603,-0.5678405165672302,0.01625983789563179,0.3016892075538635,-0.5305246710777283,-0.03049163706600666,0.4009113907814026,-0.5862194895744324,-0.004026578739285469,0.3554362654685974,-0.5265709757804871,0.010312547907233238,0.2983083724975586,-0.45947396755218506,0.005489835515618324,0.3796500265598297,-0.3792913556098938,-0.04759868234395981,0.4711563289165497,-0.454519659280777,-0.03365565463900566,0.4283615052700043,-0.40109187364578247,-0.00962588470429182,0.3748422861099243,-0.34144672751426697,-0.0038037248887121677,0.4376107454299927,-0.2222861796617508,-0.06012110412120819,0.6144421696662903,-0.3212277293205261,-0.050988972187042236,0.7134691476821899,-0.36333271861076355,-0.02545701339840889,0.7922493815422058,-0.41111329197883606,-0.009541532956063747,0.0,0.0,0.0,0.0,0.0,0.0,0.0,0.0,0.0,0.0,0.0,0.0,0.0,0.0,0.0,0.0,0.0,0.0,0.0,0.0,0.0,0.0,0.0,0.0,0.0,0.0,0.0,0.0,0.0,0.0,0.0,0.0,0.0,0.0,0.0,0.0,0.0,0.0,0.0,0.0,0.0,0.0,0.0,0.0,0.0,0.0,0.0,0.0,0.0,0.0,0.0,0.0,0.0,0.0,0.0,0.0,0.0,0.0,0.0,0.0,0.0,0.0,0.0,DOCTOR
0.0,0.0,0.0,-0.0750795528292656,-0.33180442452430725,0.008093948476016521,-0.0866834744811058,-0.6022254228591919,-0.012940599583089352,-0.05670512095093727,-0.8233311176300049,-0.036746419966220856,-0.0630946233868599,-0.996738612651825,-0.050311390310525894,0.19472086429595947,-0.6554331183433533,-0.028828715905547142,0.30149519443511963,-0.6882400512695312,-0.02312558889389038,0.262588232755661,-0.6112469434738159,-0.007973648607730865,0.20065291225910187,-0.5461808443069458,0.002309318631887436,0.29954299330711365,-0.5236250162124634,-0.04677266627550125,0.38984188437461853,-0.5590154528617859,-0.02208169363439083,0.3461245596408844,-0.5014575719833374,-0.0065471637062728405,0.2931936979293823,-0.44097113609313965,-0.011921017430722713,0.37594616413116455,-0.372118204832077,-0.05870882049202919,0.46229973435401917,-0.43292903900146484,-0.05045723170042038,0.42052170634269714,-0.37989383935928345,-0.026904139667749405,0.3686307370662689,-0.3234498202800751,-0.021637316793203354,0.4320072829723358,-0.2147006392478943,-0.06740418821573257,0.6051508784294128,-0.3066091537475586,-0.06706830114126205,0.7011035680770874,-0.34513598680496216,-0.045743752270936966,0.7778457403182983,-0.3903006315231323,-0.03241441771388054,0.0,0.0,0.0,0.0,0.0,0.0,0.0,0.0,0.0,0.0,0.0,0.0,0.0,0.0,0.0,0.0,0.0,0.0,0.0,0.0,0.0,0.0,0.0,0.0,0.0,0.0,0.0,0.0,0.0,0.0,0.0,0.0,0.0,0.0,0.0,0.0,0.0,0.0,0.0,0.0,0.0,0.0,0.0,0.0,0.0,0.0,0.0,0.0,0.0,0.0,0.0,0.0,0.0,0.0,0.0,0.0,0.0,0.0,0.0,0.0,0.0,0.0,0.0,DOCTOR
0.0,0.0,0.0,-0.0666322261095047,-0.3399469256401062,0.03321713209152222,-0.0688592717051506,-0.624860405921936,0.029472418129444122,-0.03226139768958092,-0.836423933506012,0.018777744844555855,-0.03597718104720116,-0.9992231726646423,0.016089478507637978,0.20575638115406036,-0.6902861595153809,-0.007287430576980114,0.3301308751106262,-0.7049312591552734,0.008438984863460064,0.29140904545783997,-0.6192016005516052,0.030470259487628937,0.22423137724399567,-0.5630025267601013,0.045491158962249756,0.3087675869464874,-0.5584129691123962,-0.03373824805021286,0.4213694632053375,-0.5571753978729248,0.003873717738315463,0.3792683482170105,-0.49391970038414,0.024958772584795952,0.31952184438705444,-0.4433853030204773,0.02211529202759266,0.3884231448173523,-0.3999941945075989,-0.05196667090058327,0.49118509888648987,-0.42643216252326965,-0.034799911081790924,0.44749101996421814,-0.3678320348262787,-0.009464053437113762,0.38902580738067627,-0.32393497228622437,-0.004107831511646509,0.44523051381111145,-0.2332068830728531,-0.06470416486263275,0.6282303929328918,-0.32262861728668213,-0.05654735863208771,0.7305623292922974,-0.35452133417129517,-0.030488627031445503,0.810117781162262,-0.39738890528678894,-0.01449240930378437,0.0,0.0,0.0,0.0,0.0,0.0,0.0,0.0,0.0,0.0,0.0,0.0,0.0,0.0,0.0,0.0,0.0,0.0,0.0,0.0,0.0,0.0,0.0,0.0,0.0,0.0,0.0,0.0,0.0,0.0,0.0,0.0,0.0,0.0,0.0,0.0,0.0,0.0,0.0,0.0,0.0,0.0,0.0,0.0,0.0,0.0,0.0,0.0,0.0,0.0,0.0,0.0,0.0,0.0,0.0,0.0,0.0,0.0,0.0,0.0,0.0,0.0,0.0,DOCTOR
0.0,0.0,0.0,-0.05534364655613899,-0.3329675495624542,0.02609650045633316,-0.05666546896100044,-0.6178369522094727,0.017688512802124023,-0.02525181695818901,-0.8327266573905945,0.003987709991633892,-0.03661992400884628,-0.9993288516998291,-0.0009322872501797974,0.21341213583946228,-0.691929042339325,-0.013602979481220245,0.34442049264907837,-0.68190997838974,-0.002409566193819046,0.30300161242485046,-0.592715322971344,0.015579787082970142,0.2292877733707428,-0.5375611782073975,0.027416860684752464,0.31344813108444214,-0.5630525946617126,-0.039515458047389984,0.4250524044036865,-0.542387843132019,-0.007067195605486631,0.37755995988845825,-0.47445791959762573,0.010768557898700237,0.3140809237957001,-0.42379140853881836,0.006224880926311016,0.3880418539047241,-0.40201854705810547,-0.058277446776628494,0.4877362847328186,-0.4156413972377777,-0.04705752804875374,0.4381391704082489,-0.3551678955554962,-0.02462841011583805,0.37687116861343384,-0.3154677450656891,-0.020386481657624245,0.4415096640586853,-0.2271173745393753,-0.07197568565607071,0.6249756217002869,-0.3150280714035034,-0.07228843867778778,0.7271260023117065,-0.34401896595954895,-0.051035791635513306,0.8083435893058777,-0.38651666045188904,-0.03733242675662041,0.0,0.0,0.0,0.0,0.0,0.0,0.0,0.0,0.0,0.0,0.0,0.0,0.0,0.0,0.0,0.0,0.0,0.0,0.0,0.0,0.0,0.0,0.0,0.0,0.0,0.0,0.0,0.0,0.0,0.0,0.0,0.0,0.0,0.0,0.0,0.0,0.0,0.0,0.0,0.0,0.0,0.0,0.0,0.0,0.0,0.0,0.0,0.0,0.0,0.0,0.0,0.0,0.0,0.0,0.0,0.0,0.0,0.0,0.0,0.0,0.0,0.0,0.0,DOCTOR
0.0,0.0,0.0,-0.05866413190960884,-0.332424521446228,0.020548224449157715,-0.0579511784017086,-0.6096611618995667,0.0088825523853302,-0.022980989888310432,-0.8282860517501831,-0.006548644509166479,-0.03229779005050659,-0.9993999600410461,-0.01251463033258915,0.21057583391666412,-0.6927745938301086,-0.012025974690914154,0.32951173186302185,-0.6870650053024292,0.002839393215253949,0.2861369550228119,-0.5986301898956299,0.02003832906484604,0.21722862124443054,-0.5444072484970093,0.029540330171585083,0.312563419342041,-0.5653613209724426,-0.0339718721807003,0.41113030910491943,-0.5522633194923401,0.003129338612779975,0.36267223954200745,-0.4833676815032959,0.020468395203351974,0.30331504344940186,-0.4331422448158264,0.013948376290500164,0.38616225123405457,-0.4061703383922577,-0.04895946756005287,0.47631189227104187,-0.4288938641548157,-0.03352030739188194,0.42755982279777527,-0.36837735772132874,-0.010872595012187958,0.3683066964149475,-0.32477134466171265,-0.007915333844721317,0.43792471289634705,-0.23596876859664917,-0.059409286826848984,0.615922749042511,-0.32673534750938416,-0.05692427232861519,0.716276228427887,-0.355678915977478,-0.03502978757023811,0.7958579659461975,-0.3967674970626831,-0.021596428006887436,0.0,0.0,0.0,0.0,0.0,0.0,0.0,0.0,0.0,0.0,0.0,0.0,0.0,0.0,0.0,0.0,0.0,0.0,0.0,0.0,0.0,0.0,0.0,0.0,0.0,0.0,0.0,0.0,0.0,0.0,0.0,0.0,0.0,0.0,0.0,0.0,0.0,0.0,0.0,0.0,0.0,0.0,0.0,0.0,0.0,0.0,0.0,0.0,0.0,0.0,0.0,0.0,0.0,0.0,0.0,0.0,0.0,0.0,0.0,0.0,0.0,0.0,0.0,DOCTOR
0.0,0.0,0.0,-0.06633629649877548,-0.3311363160610199,0.011796744540333748,-0.0704086646437645,-0.6078212857246399,-0.004190804902464151,-0.03850197046995163,-0.8256329894065857,-0.021824145689606667,-0.046628255397081375,-0.9984839558601379,-0.0292519424110651,0.1978980451822281,-0.6803968548774719,-0.02982943505048752,0.3159291446208954,-0.6817528009414673,-0.01757567934691906,0.27567851543426514,-0.5978609323501587,0.002288694027811289,0.20981250703334808,-0.5453510880470276,0.014195725321769714,0.30182957649230957,-0.552532434463501,-0.04817148670554161,0.39961832761764526,-0.5417035222053528,-0.014148416928946972,0.35308003425598145,-0.4755491018295288,0.004641803912818432,0.29637759923934937,-0.42711952328681946,-0.000916735443752259,0.3786603510379791,-0.39494818449020386,-0.05966911092400551,0.47050783038139343,-0.4162085950374603,-0.048483237624168396,0.42238935828208923,-0.3577544391155243,-0.026710649952292442,0.363715797662735,-0.31542956829071045,-0.02381020039319992,0.43391674757003784,-0.2268371433019638,-0.06693178415298462,0.6116406917572021,-0.3158714175224304,-0.06867910921573639,0.7134214043617249,-0.344875305891037,-0.04919265955686569,0.7939391136169434,-0.3858264088630676,-0.0370219461619854,0.0,0.0,0.0,0.0,0.0,0.0,0.0,0.0,0.0,0.0,0.0,0.0,0.0,0.0,0.0,0.0,0.0,0.0,0.0,0.0,0.0,0.0,0.0,0.0,0.0,0.0,0.0,0.0,0.0,0.0,0.0,0.0,0.0,0.0,0.0,0.0,0.0,0.0,0.0,0.0,0.0,0.0,0.0,0.0,0.0,0.0,0.0,0.0,0.0,0.0,0.0,0.0,0.0,0.0,0.0,0.0,0.0,0.0,0.0,0.0,0.0,0.0,0.0,DOCTOR
0.0,0.0,0.0,-0.05907193571329117,-0.33295419812202454,0.026362601667642593,-0.06004279479384422,-0.6246886849403381,0.02010601945221424,-0.022683514282107353,-0.8397070169448853,0.008263008669018745,-0.028038499876856804,-0.9995958805084229,0.0046884589828550816,0.2120605707168579,-0.7027528285980225,-0.014285236597061157,0.34596168994903564,-0.69218909740448,0.0003201165236532688,0.29997870326042175,-0.5963112711906433,0.01674320176243782,0.22782357037067413,-0.547200083732605,0.025234172120690346,0.3157782256603241,-0.5735548734664917,-0.04007479175925255,0.42926305532455444,-0.5411155819892883,-0.00043505028588697314,0.3814767301082611,-0.46837589144706726,0.01744619570672512,0.32016417384147644,-0.4212927222251892,0.010513287968933582,0.39468735456466675,-0.4122362732887268,-0.057918038219213486,0.49492087960243225,-0.4050631523132324,-0.03941012918949127,0.4439288079738617,-0.34272339940071106,-0.016204973682761192,0.3781086206436157,-0.30584678053855896,-0.013805047608911991,0.4500603973865509,-0.23861026763916016,-0.07133013755083084,0.6245675683021545,-0.3237841725349426,-0.06547527760267258,0.7291471362113953,-0.3508237600326538,-0.041348934173583984,0.8119277358055115,-0.38204917311668396,-0.02661243826150894,0.0,0.0,0.0,0.0,0.0,0.0,0.0,0.0,0.0,0.0,0.0,0.0,0.0,0.0,0.0,0.0,0.0,0.0,0.0,0.0,0.0,0.0,0.0,0.0,0.0,0.0,0.0,0.0,0.0,0.0,0.0,0.0,0.0,0.0,0.0,0.0,0.0,0.0,0.0,0.0,0.0,0.0,0.0,0.0,0.0,0.0,0.0,0.0,0.0,0.0,0.0,0.0,0.0,0.0,0.0,0.0,0.0,0.0,0.0,0.0,0.0,0.0,0.0,DOCTOR
0.0,0.0,0.0,-0.06292802095413208,-0.32935822010040283,0.011388548649847507,-0.0624704584479332,-0.6169524192810059,-0.0020499960519373417,-0.02909081056714058,-0.8321951627731323,-0.018125765025615692,-0.03862294554710388,-0.9989369511604309,-0.02516181953251362,0.2058810591697693,-0.6790003180503845,-0.028182828798890114,0.33083128929138184,-0.6793524026870728,-0.02554849535226822,0.2952641546726227,-0.599854588508606,-0.012872650288045406,0.22816020250320435,-0.5518678426742554,-0.0038694797549396753,0.308118611574173,-0.5512315034866333,-0.048036083579063416,0.41283178329467773,-0.5348427891731262,-0.02357354573905468,0.3717992603778839,-0.47369155287742615,-0.009619630873203278,0.3145322799682617,-0.4305591881275177,-0.01610272377729416,0.38600432872772217,-0.39522218704223633,-0.06250297278165817,0.4808841645717621,-0.40605831146240234,-0.06318501383066177,0.43649452924728394,-0.3531629741191864,-0.04826714098453522,0.37847355008125305,-0.3179057836532593,-0.04623139277100563,0.44222208857536316,-0.22745202481746674,-0.07261418551206589,0.6205593347549438,-0.3113462030887604,-0.08237410336732864,0.723783552646637,-0.3374392092227936,-0.06766948103904724,0.8055583834648132,-0.3713182508945465,-0.057043422013521194,0.0,0.0,0.0,0.0,0.0,0.0,0.0,0.0,0.0,0.0,0.0,0.0,0.0,0.0,0.0,0.0,0.0,0.0,0.0,0.0,0.0,0.0,0.0,0.0,0.0,0.0,0.0,0.0,0.0,0.0,0.0,0.0,0.0,0.0,0.0,0.0,0.0,0.0,0.0,0.0,0.0,0.0,0.0,0.0,0.0,0.0,0.0,0.0,0.0,0.0,0.0,0.0,0.0,0.0,0.0,0.0,0.0,0.0,0.0,0.0,0.0,0.0,0.0,DOCTOR
0.0,0.0,0.0,-0.063760906457901,-0.32436463236808777,0.00888219103217125,-0.0667826235294342,-0.6102167367935181,-0.0069823781959712505,-0.033882781863212585,-0.8290361166000366,-0.025135403499007225,-0.044706106185913086,-0.9984192848205566,-0.03406459838151932,0.2037367969751358,-0.6718373894691467,-0.030183039605617523,0.3250495195388794,-0.6690693497657776,-0.02692575193941593,0.28560811281204224,-0.5870592594146729,-0.015083822421729565,0.21836115419864655,-0.5378159880638123,-0.00703155342489481,0.305608332157135,-0.5469860434532166,-0.04896926134824753,0.40705180168151855,-0.5250161290168762,-0.021908516064286232,0.361815482378006,-0.46104100346565247,-0.0078865522518754,0.30377599596977234,-0.4173338711261749,-0.015296920202672482,0.3829036056995392,-0.39228808879852295,-0.06214152276515961,0.47433286905288696,-0.4005720019340515,-0.05975599214434624,0.426058828830719,-0.3440924882888794,-0.04333331808447838,0.3665542006492615,-0.30607664585113525,-0.04111678525805473,0.4391655921936035,-0.22613409161567688,-0.07134003192186356,0.6145749688148499,-0.311363160610199,-0.07810181379318237,0.7158117294311523,-0.33742204308509827,-0.060754191130399704,0.7959290146827698,-0.370780885219574,-0.048622168600559235,0.0,0.0,0.0,0.0,0.0,0.0,0.0,0.0,0.0,0.0,0.0,0.0,0.0,0.0,0.0,0.0,0.0,0.0,0.0,0.0,0.0,0.0,0.0,0.0,0.0,0.0,0.0,0.0,0.0,0.0,0.0,0.0,0.0,0.0,0.0,0.0,0.0,0.0,0.0,0.0,0.0,0.0,0.0,0.0,0.0,0.0,0.0,0.0,0.0,0.0,0.0,0.0,0.0,0.0,0.0,0.0,0.0,0.0,0.0,0.0,0.0,0.0,0.0,DOCTOR
0.0,0.0,0.0,-0.06421186029911041,-0.3266928493976593,0.020913388580083847,-0.07126269489526749,-0.6125831007957458,0.011234083212912083,-0.030457643792033195,-0.8316306471824646,-0.0016487310640513897,-0.030879337340593338,-0.9995086193084717,-0.005368113052099943,0.20293772220611572,-0.6982596516609192,-0.027899611741304398,0.326896607875824,-0.6939096450805664,-0.0071576666086912155,0.2831176519393921,-0.6003790497779846,0.01847805455327034,0.21423591673374176,-0.5439075827598572,0.03253243491053581,0.3074161410331726,-0.5711488723754883,-0.04957972466945648,0.4096716046333313,-0.5466172099113464,-0.007105459459125996,0.3583816885948181,-0.4770091474056244,0.01490319985896349,0.296707421541214,-0.4249803125858307,0.00920888315886259,0.3827782869338989,-0.4134385287761688,-0.06226672977209091,0.47503745555877686,-0.41817307472229004,-0.043284736573696136,0.4233340620994568,-0.35621723532676697,-0.019925406202673912,0.36019420623779297,-0.3101186156272888,-0.01886763609945774,0.4362642168998718,-0.2455882579088211,-0.07020847499370575,0.614157497882843,-0.33145013451576233,-0.06802212446928024,0.7191305160522461,-0.3564552664756775,-0.04696454852819443,0.8029050230979919,-0.3867422342300415,-0.034956272691488266,0.0,0.0,0.0,0.0,0.0,0.0,0.0,0.0,0.0,0.0,0.0,0.0,0.0,0.0,0.0,0.0,0.0,0.0,0.0,0.0,0.0,0.0,0.0,0.0,0.0,0.0,0.0,0.0,0.0,0.0,0.0,0.0,0.0,0.0,0.0,0.0,0.0,0.0,0.0,0.0,0.0,0.0,0.0,0.0,0.0,0.0,0.0,0.0,0.0,0.0,0.0,0.0,0.0,0.0,0.0,0.0,0.0,0.0,0.0,0.0,0.0,0.0,0.0,DOCTOR
0.0,0.0,0.0,-0.06521058827638626,-0.3247317671775818,0.015775321051478386,-0.07024642080068588,-0.6057683229446411,0.005065134726464748,-0.033446669578552246,-0.8273650407791138,-0.005951028782874346,-0.035310447216033936,-0.9993537664413452,-0.006724996492266655,0.20717042684555054,-0.6993647813796997,-0.031406719237565994,0.3221587538719177,-0.6846153736114502,-0.007270154543220997,0.2794460654258728,-0.5986030101776123,0.020819533616304398,0.21297147870063782,-0.5481523871421814,0.03550561144948006,0.31435009837150574,-0.5743517279624939,-0.048933688551187515,0.4027029573917389,-0.5456125140190125,-0.003938131965696812,0.3518320918083191,-0.4779077172279358,0.018241288140416145,0.29335659742355347,-0.429599404335022,0.012156093493103981,0.3904249966144562,-0.41510629653930664,-0.0574570894241333,0.46850913763046265,-0.4255067706108093,-0.039323966950178146,0.41767430305480957,-0.36517900228500366,-0.01924927905201912,0.3573780059814453,-0.3213690221309662,-0.02026229165494442,0.4420274794101715,-0.2441941797733307,-0.060827985405921936,0.6145231127738953,-0.3280263841152191,-0.0634017065167427,0.7184655666351318,-0.3527975082397461,-0.04748276248574257,0.7996112704277039,-0.3887292146682739,-0.038318414241075516,0.0,0.0,0.0,0.0,0.0,0.0,0.0,0.0,0.0,0.0,0.0,0.0,0.0,0.0,0.0,0.0,0.0,0.0,0.0,0.0,0.0,0.0,0.0,0.0,0.0,0.0,0.0,0.0,0.0,0.0,0.0,0.0,0.0,0.0,0.0,0.0,0.0,0.0,0.0,0.0,0.0,0.0,0.0,0.0,0.0,0.0,0.0,0.0,0.0,0.0,0.0,0.0,0.0,0.0,0.0,0.0,0.0,0.0,0.0,0.0,0.0,0.0,0.0,DOCTOR
0.0,0.0,0.0,-0.06402448564767838,-0.3247249126434326,0.012101293541491032,-0.07044641673564911,-0.608411967754364,-0.0010375281563028693,-0.03405063599348068,-0.8273221850395203,-0.014969239011406898,-0.03248981758952141,-0.999302327632904,-0.018417278304696083,0.20575246214866638,-0.6903614401817322,-0.03076784312725067,0.3240092992782593,-0.6796517372131348,-0.014675216749310493,0.2805657982826233,-0.5979741215705872,0.006764385849237442,0.21248863637447357,-0.5491873621940613,0.018618661910295486,0.311840295791626,-0.5637851357460022,-0.04813099652528763,0.40467262268066406,-0.5393654108047485,-0.01065818965435028,0.35487180948257446,-0.475313276052475,0.007890944369137287,0.2949998378753662,-0.42830684781074524,0.0011901676189154387,0.3881395161151886,-0.40600135922431946,-0.05790112167596817,0.47013333439826965,-0.41962897777557373,-0.04666048288345337,0.42126110196113586,-0.36196765303611755,-0.02898910455405712,0.3612780272960663,-0.31803086400032043,-0.029016947373747826,0.44131672382354736,-0.23720166087150574,-0.062886543571949,0.6162177920341492,-0.3214204013347626,-0.06846380233764648,0.7204392552375793,-0.3503255248069763,-0.053511105477809906,0.801923394203186,-0.38868218660354614,-0.04393477737903595,0.0,0.0,0.0,0.0,0.0,0.0,0.0,0.0,0.0,0.0,0.0,0.0,0.0,0.0,0.0,0.0,0.0,0.0,0.0,0.0,0.0,0.0,0.0,0.0,0.0,0.0,0.0,0.0,0.0,0.0,0.0,0.0,0.0,0.0,0.0,0.0,0.0,0.0,0.0,0.0,0.0,0.0,0.0,0.0,0.0,0.0,0.0,0.0,0.0,0.0,0.0,0.0,0.0,0.0,0.0,0.0,0.0,0.0,0.0,0.0,0.0,0.0,0.0,DOCTOR
0.0,0.0,0.0,-0.06773830950260162,-0.32928019762039185,0.022206256166100502,-0.07858984172344208,-0.6121163368225098,0.01340933982282877,-0.044318098574876785,-0.8322558403015137,0.0012499510776251554,-0.0529186986386776,-0.9985974431037903,-0.001669391174800694,0.18872937560081482,-0.7165579199790955,-0.017440197989344597,0.3141782879829407,-0.6842541098594666,0.0028463841881603003,0.27111878991127014,-0.5884625911712646,0.022258464246988297,0.20322063565254211,-0.5398791432380676,0.0312528982758522,0.2974550724029541,-0.5926236510276794,-0.04059889167547226,0.39728114008903503,-0.5508724451065063,0.004202238749712706,0.3462866544723511,-0.47954118251800537,0.02280614711344242,0.2833952009677887,-0.4325923025608063,0.014705562964081764,0.37660491466522217,-0.43434029817581177,-0.05541345104575157,0.45835554599761963,-0.42929160594940186,-0.03614890202879906,0.40574905276298523,-0.3654360771179199,-0.01631944440305233,0.3421868681907654,-0.3228667974472046,-0.01661553606390953,0.43416813015937805,-0.26469743251800537,-0.06536158919334412,0.6099300980567932,-0.35131457448005676,-0.06066685914993286,0.7123115658760071,-0.3811453580856323,-0.03862295672297478,0.7910673022270203,-0.4189542829990387,-0.02593754045665264,0.0,0.0,0.0,0.0,0.0,0.0,0.0,0.0,0.0,0.0,0.0,0.0,0.0,0.0,0.0,0.0,0.0,0.0,0.0,0.0,0.0,0.0,0.0,0.0,0.0,0.0,0.0,0.0,0.0,0.0,0.0,0.0,0.0,0.0,0.0,0.0,0.0,0.0,0.0,0.0,0.0,0.0,0.0,0.0,0.0,0.0,0.0,0.0,0.0,0.0,0.0,0.0,0.0,0.0,0.0,0.0,0.0,0.0,0.0,0.0,0.0,0.0,0.0,DOCTOR
0.0,0.0,0.0,-0.06792721897363663,-0.31606346368789673,0.014604805037379265,-0.07942426204681396,-0.5995815396308899,0.001325679593719542,-0.04822836071252823,-0.8251839280128479,-0.011729764752089977,-0.05776231363415718,-0.9982228875160217,-0.014654837548732758,0.19248662889003754,-0.7077205777168274,-0.03737857565283775,0.3119078278541565,-0.6946549415588379,-0.014022300951182842,0.2744046449661255,-0.6050448417663574,0.014198304153978825,0.2083268016576767,-0.5515177845954895,0.028976187109947205,0.30041804909706116,-0.5864337086677551,-0.05511820688843727,0.39276573061943054,-0.558693528175354,-0.009778272360563278,0.34393182396888733,-0.4858511686325073,0.013306462205946445,0.285329669713974,-0.433536559343338,0.007614204194396734,0.3789950907230377,-0.42614951729774475,-0.0632951408624649,0.45844894647598267,-0.44029051065444946,-0.04312337562441826,0.4082481265068054,-0.37368544936180115,-0.01844901032745838,0.3484089970588684,-0.3252352476119995,-0.016897162422537804,0.4343664348125458,-0.2510368525981903,-0.0666290670633316,0.6049824357032776,-0.3503767251968384,-0.06657803058624268,0.7056586146354675,-0.3817557394504547,-0.04573310911655426,0.7832589149475098,-0.4240104556083679,-0.03328995406627655,0.0,0.0,0.0,0.0,0.0,0.0,0.0,0.0,0.0,0.0,0.0,0.0,0.0,0.0,0.0,0.0,0.0,0.0,0.0,0.0,0.0,0.0,0.0,0.0,0.0,0.0,0.0,0.0,0.0,0.0,0.0,0.0,0.0,0.0,0.0,0.0,0.0,0.0,0.0,0.0,0.0,0.0,0.0,0.0,0.0,0.0,0.0,0.0,0.0,0.0,0.0,0.0,0.0,0.0,0.0,0.0,0.0,0.0,0.0,0.0,0.0,0.0,0.0,DOCTOR
0.0,0.0,0.0,-0.06833535432815552,-0.32098710536956787,0.0104545122012496,-0.07991950213909149,-0.6019874811172485,-0.0058845398016273975,-0.05271131545305252,-0.825087308883667,-0.022340601310133934,-0.06276114284992218,-0.9976308345794678,-0.028175104409456253,0.19073358178138733,-0.7078518867492676,-0.03722027689218521,0.30952632427215576,-0.6946650147438049,-0.02108016610145569,0.27444660663604736,-0.6076885461807251,0.0020232510287314653,0.20860408246517181,-0.5553255677223206,0.014706783927977085,0.29881027340888977,-0.5867486596107483,-0.05501161515712738,0.39282935857772827,-0.562952995300293,-0.018003618344664574,0.347863107919693,-0.4936054050922394,0.001819399418309331,0.2893029451370239,-0.44299110770225525,-0.0037858630530536175,0.3785295784473419,-0.428149551153183,-0.06472939997911453,0.4612072706222534,-0.44440916180610657,-0.052933793514966965,0.4152681827545166,-0.38247448205947876,-0.03165893256664276,0.35657939314842224,-0.3354131281375885,-0.029307564720511436,0.4352189898490906,-0.25522419810295105,-0.06994370371103287,0.6080492734909058,-0.3450973331928253,-0.07363197952508926,0.7087764739990234,-0.3768520653247833,-0.054928578436374664,0.7852309346199036,-0.41966721415519714,-0.04275554418563843,0.0,0.0,0.0,0.0,0.0,0.0,0.0,0.0,0.0,0.0,0.0,0.0,0.0,0.0,0.0,0.0,0.0,0.0,0.0,0.0,0.0,0.0,0.0,0.0,0.0,0.0,0.0,0.0,0.0,0.0,0.0,0.0,0.0,0.0,0.0,0.0,0.0,0.0,0.0,0.0,0.0,0.0,0.0,0.0,0.0,0.0,0.0,0.0,0.0,0.0,0.0,0.0,0.0,0.0,0.0,0.0,0.0,0.0,0.0,0.0,0.0,0.0,0.0,DOCTOR
0.0,0.0,0.0,-0.07274939119815826,-0.31506770849227905,0.0066407001577317715,-0.09206445515155792,-0.59673672914505,-0.013264589011669159,-0.06759702414274216,-0.8226648569107056,-0.03253234177827835,-0.07674651592969894,-0.9962480664253235,-0.039995525032281876,0.17525166273117065,-0.7098101377487183,-0.04602828621864319,0.30175498127937317,-0.7085570693016052,-0.03173115476965904,0.2689385414123535,-0.6160833835601807,-0.00609741173684597,0.2024369090795517,-0.5555843114852905,0.009338663890957832,0.28569334745407104,-0.5904549956321716,-0.06225097179412842,0.38835400342941284,-0.5752261281013489,-0.02686060033738613,0.345340758562088,-0.5007678866386414,-0.004516316577792168,0.28584152460098267,-0.44742247462272644,-0.007984992116689682,0.3682980537414551,-0.4358155429363251,-0.07071907818317413,0.4580065906047821,-0.4561120271682739,-0.05765558034181595,0.4151812791824341,-0.39066481590270996,-0.03486160933971405,0.3563210368156433,-0.3396303653717041,-0.03215775266289711,0.42854708433151245,-0.26722919940948486,-0.07520405948162079,0.598232626914978,-0.3590957224369049,-0.07704674452543259,0.6978647112846375,-0.3925585448741913,-0.05864989757537842,0.7733480930328369,-0.4353850185871124,-0.04728426784276962,0.0,0.0,0.0,0.0,0.0,0.0,0.0,0.0,0.0,0.0,0.0,0.0,0.0,0.0,0.0,0.0,0.0,0.0,0.0,0.0,0.0,0.0,0.0,0.0,0.0,0.0,0.0,0.0,0.0,0.0,0.0,0.0,0.0,0.0,0.0,0.0,0.0,0.0,0.0,0.0,0.0,0.0,0.0,0.0,0.0,0.0,0.0,0.0,0.0,0.0,0.0,0.0,0.0,0.0,0.0,0.0,0.0,0.0,0.0,0.0,0.0,0.0,0.0,DOCTOR
0.0,0.0,0.0,-0.07180669903755188,-0.30995723605155945,0.008776524104177952,-0.0889044925570488,-0.5962710380554199,-0.009543126448988914,-0.06737828999757767,-0.8227500915527344,-0.027952581644058228,-0.07929228991270065,-0.9962394833564758,-0.03492429852485657,0.17130520939826965,-0.7137455344200134,-0.040005963295698166,0.2994195222854614,-0.7179103493690491,-0.027592681348323822,0.26670199632644653,-0.6272485852241516,-0.005083564203232527,0.20051740109920502,-0.567024290561676,0.008551595732569695,0.28069570660591125,-0.5976622104644775,-0.056638266891241074,0.38539358973503113,-0.5903811454772949,-0.022634999826550484,0.3434913754463196,-0.5155808329582214,-0.0014425490517169237,0.2852354943752289,-0.46009939908981323,-0.004986701998859644,0.36474308371543884,-0.44489699602127075,-0.06584082543849945,0.45791274309158325,-0.47619369626045227,-0.05311764031648636,0.4164455831050873,-0.40961089730262756,-0.030352814123034477,0.3594588041305542,-0.3564601242542267,-0.027125798165798187,0.4270121455192566,-0.2776549160480499,-0.0709337443113327,0.59564608335495,-0.3782006800174713,-0.07167282700538635,0.6940839886665344,-0.4152686297893524,-0.05319298431277275,0.7691938877105713,-0.46159258484840393,-0.04174526035785675,0.0,0.0,0.0,0.0,0.0,0.0,0.0,0.0,0.0,0.0,0.0,0.0,0.0,0.0,0.0,0.0,0.0,0.0,0.0,0.0,0.0,0.0,0.0,0.0,0.0,0.0,0.0,0.0,0.0,0.0,0.0,0.0,0.0,0.0,0.0,0.0,0.0,0.0,0.0,0.0,0.0,0.0,0.0,0.0,0.0,0.0,0.0,0.0,0.0,0.0,0.0,0.0,0.0,0.0,0.0,0.0,0.0,0.0,0.0,0.0,0.0,0.0,0.0,DOCTOR
0.0,0.0,0.0,-0.07394357770681381,-0.3146463930606842,0.018800439313054085,-0.09482268244028091,-0.6032955646514893,0.007170537952333689,-0.07964660227298737,-0.8265817165374756,-0.006462698336690664,-0.09164711833000183,-0.9957451820373535,-0.009611198678612709,0.16144181787967682,-0.7275965809822083,-0.019936010241508484,0.2911140024662018,-0.7300941348075867,-0.0011555018136277795,0.2585750222206116,-0.638256847858429,0.02020607516169548,0.19574695825576782,-0.5806998014450073,0.03223904222249985,0.27298057079315186,-0.6152973771095276,-0.03974628821015358,0.3810509443283081,-0.6038329005241394,0.002799521666020155,0.3403497040271759,-0.5278563499450684,0.023035991936922073,0.2835894525051117,-0.47214457392692566,0.01848042942583561,0.3596970736980438,-0.46396151185035706,-0.051561906933784485,0.45141732692718506,-0.48931506276130676,-0.029589680954813957,0.4100148379802704,-0.41895416378974915,-0.00751886609941721,0.35407209396362305,-0.36620065569877625,-0.0056279003620147705,0.42524489760398865,-0.2966352701187134,-0.05877190828323364,0.5915007591247559,-0.40268293023109436,-0.05087868496775627,0.6873005032539368,-0.4419136643409729,-0.028906967490911484,0.7597325444221497,-0.4889604151248932,-0.015500392764806747,0.0,0.0,0.0,0.0,0.0,0.0,0.0,0.0,0.0,0.0,0.0,0.0,0.0,0.0,0.0,0.0,0.0,0.0,0.0,0.0,0.0,0.0,0.0,0.0,0.0,0.0,0.0,0.0,0.0,0.0,0.0,0.0,0.0,0.0,0.0,0.0,0.0,0.0,0.0,0.0,0.0,0.0,0.0,0.0,0.0,0.0,0.0,0.0,0.0,0.0,0.0,0.0,0.0,0.0,0.0,0.0,0.0,0.0,0.0,0.0,0.0,0.0,0.0,DOCTOR
0.0,0.0,0.0,-0.07677217572927475,-0.31085750460624695,0.014369260519742966,-0.10530173033475876,-0.5975264310836792,-0.002051962073892355,-0.09314670413732529,-0.8224062323570251,-0.020792968571186066,-0.10755248367786407,-0.9937856197357178,-0.028681833297014236,0.15890394151210785,-0.7332026362419128,-0.027025556191802025,0.2949970066547394,-0.73393315076828,-0.013357780873775482,0.2642377018928528,-0.6378116607666016,0.006173118017613888,0.1993173211812973,-0.5761277079582214,0.017625104635953903,0.27116256952285767,-0.6209984421730042,-0.04820580780506134,0.3890567421913147,-0.610708475112915,-0.012538017705082893,0.3491932153701782,-0.5317201018333435,0.006578055676072836,0.28940027952194214,-0.4731208384037018,0.0022841310128569603,0.3594500720500946,-0.4698721170425415,-0.06206534057855606,0.4602445065975189,-0.4952007830142975,-0.046519286930561066,0.4194999933242798,-0.42174458503723145,-0.023678462952375412,0.3617899417877197,-0.36672553420066833,-0.020016588270664215,0.4280194640159607,-0.30066385865211487,-0.07186813652515411,0.5976898074150085,-0.4123351275920868,-0.06918084621429443,0.6963840126991272,-0.45313504338264465,-0.04770943522453308,0.771696150302887,-0.501282274723053,-0.03377290815114975,0.0,0.0,0.0,0.0,0.0,0.0,0.0,0.0,0.0,0.0,0.0,0.0,0.0,0.0,0.0,0.0,0.0,0.0,0.0,0.0,0.0,0.0,0.0,0.0,0.0,0.0,0.0,0.0,0.0,0.0,0.0,0.0,0.0,0.0,0.0,0.0,0.0,0.0,0.0,0.0,0.0,0.0,0.0,0.0,0.0,0.0,0.0,0.0,0.0,0.0,0.0,0.0,0.0,0.0,0.0,0.0,0.0,0.0,0.0,0.0,0.0,0.0,0.0,DOCTOR
0.0,0.0,0.0,-0.10260691493749619,-0.30856063961982727,0.008210694417357445,-0.1482900232076645,-0.590855062007904,-0.011954226531088352,-0.14308962225914001,-0.8160371780395508,-0.03243628516793251,-0.1620180308818817,-0.9859390258789062,-0.0409187376499176,0.12728062272071838,-0.7312788963317871,-0.041090305894613266,0.2562449276447296,-0.7647829651832581,-0.023589838296175003,0.2274346649646759,-0.6680282950401306,0.0048764715902507305,0.16380122303962708,-0.5951615571975708,0.02239060588181019,0.246151402592659,-0.6204884052276611,-0.057039372622966766,0.35488376021385193,-0.6482531428337097,-0.020078709349036217,0.31642937660217285,-0.5673697590827942,0.004374988842755556,0.2600770890712738,-0.49783799052238464,0.0026965674478560686,0.34276825189590454,-0.47682592272758484,-0.06528721004724503,0.44151952862739563,-0.5384198427200317,-0.0471174456179142,0.4035167098045349,-0.46447768807411194,-0.021958457306027412,0.3480847179889679,-0.39731499552726746,-0.01870371587574482,0.4205901622772217,-0.31684738397598267,-0.06983878463506699,0.5894030928611755,-0.4344542920589447,-0.06658942252397537,0.6883302927017212,-0.48099908232688904,-0.048226773738861084,0.7640982270240784,-0.5333276987075806,-0.03812539204955101,0.0,0.0,0.0,0.0,0.0,0.0,0.0,0.0,0.0,0.0,0.0,0.0,0.0,0.0,0.0,0.0,0.0,0.0,0.0,0.0,0.0,0.0,0.0,0.0,0.0,0.0,0.0,0.0,0.0,0.0,0.0,0.0,0.0,0.0,0.0,0.0,0.0,0.0,0.0,0.0,0.0,0.0,0.0,0.0,0.0,0.0,0.0,0.0,0.0,0.0,0.0,0.0,0.0,0.0,0.0,0.0,0.0,0.0,0.0,0.0,0.0,0.0,0.0,DOCTOR
0.0,0.0,0.0,-0.09723890572786331,-0.31214097142219543,0.014797106385231018,-0.14227046072483063,-0.5883892774581909,-0.0029037196654826403,-0.13921713829040527,-0.813410758972168,-0.023838236927986145,-0.15895797312259674,-0.9867047667503357,-0.03385428711771965,0.12610939145088196,-0.7430939674377441,-0.02080344408750534,0.2477307766675949,-0.7660650610923767,-0.0038949043955653906,0.2247014045715332,-0.6715749502182007,0.019328301772475243,0.16570399701595306,-0.6006647348403931,0.03327519819140434,0.24649791419506073,-0.6374506950378418,-0.04268968477845192,0.35266393423080444,-0.6564662456512451,-0.00762419868260622,0.3187187612056732,-0.5764739513397217,0.01060627494007349,0.26372766494750977,-0.5089026093482971,0.006357577629387379,0.3426651358604431,-0.4923260509967804,-0.05733925476670265,0.4343279302120209,-0.5449041724205017,-0.04184610769152641,0.39982497692108154,-0.469942182302475,-0.01849798485636711,0.3479374349117279,-0.4061340391635895,-0.014242948964238167,0.41887590289115906,-0.3260606527328491,-0.06798218935728073,0.5848790407180786,-0.4527378976345062,-0.06405702978372574,0.6816012859344482,-0.5040994882583618,-0.041523996740579605,0.7543060183525085,-0.563049852848053,-0.02702193707227707,0.0,0.0,0.0,0.0,0.0,0.0,0.0,0.0,0.0,0.0,0.0,0.0,0.0,0.0,0.0,0.0,0.0,0.0,0.0,0.0,0.0,0.0,0.0,0.0,0.0,0.0,0.0,0.0,0.0,0.0,0.0,0.0,0.0,0.0,0.0,0.0,0.0,0.0,0.0,0.0,0.0,0.0,0.0,0.0,0.0,0.0,0.0,0.0,0.0,0.0,0.0,0.0,0.0,0.0,0.0,0.0,0.0,0.0,0.0,0.0,0.0,0.0,0.0,DOCTOR
0.0,0.0,0.0,-0.09862808138132095,-0.30803731083869934,0.009848273359239101,-0.1416856348514557,-0.5880063772201538,-0.007886980660259724,-0.13968944549560547,-0.8148561716079712,-0.027714351192116737,-0.16198115050792694,-0.9861405491828918,-0.035901669412851334,0.11853025108575821,-0.7432833313941956,-0.026412004604935646,0.24445438385009766,-0.7738098502159119,-0.013914113864302635,0.2195587009191513,-0.67814040184021,0.006364821922034025,0.16105414927005768,-0.6078116297721863,0.01835690438747406,0.2375987321138382,-0.6374660134315491,-0.04602216184139252,0.3450496792793274,-0.6606773138046265,-0.015519666485488415,0.3108026683330536,-0.5804870128631592,0.0020497788209468126,0.2570217549800873,-0.5126713514328003,-0.0020143059082329273,0.33314260840415955,-0.49494510889053345,-0.05924347788095474,0.4242331087589264,-0.547309398651123,-0.04860265180468559,0.39033564925193787,-0.4738667607307434,-0.02714489959180355,0.33914658427238464,-0.40985235571861267,-0.02318008989095688,0.41028913855552673,-0.33409175276756287,-0.06888128817081451,0.5729498863220215,-0.4592418968677521,-0.07044288516044617,0.668099582195282,-0.5099472999572754,-0.052104827016592026,0.7403150796890259,-0.5658282041549683,-0.03985708951950073,0.0,0.0,0.0,0.0,0.0,0.0,0.0,0.0,0.0,0.0,0.0,0.0,0.0,0.0,0.0,0.0,0.0,0.0,0.0,0.0,0.0,0.0,0.0,0.0,0.0,0.0,0.0,0.0,0.0,0.0,0.0,0.0,0.0,0.0,0.0,0.0,0.0,0.0,0.0,0.0,0.0,0.0,0.0,0.0,0.0,0.0,0.0,0.0,0.0,0.0,0.0,0.0,0.0,0.0,0.0,0.0,0.0,0.0,0.0,0.0,0.0,0.0,0.0,DOCTOR
0.0,0.0,0.0,-0.10329338163137436,-0.30617302656173706,0.009323420003056526,-0.15193939208984375,-0.5860714316368103,-0.009631318971514702,-0.15386496484279633,-0.8118372559547424,-0.030619336292147636,-0.17906422913074493,-0.9830455183982849,-0.039465028792619705,0.10650034993886948,-0.7462426424026489,-0.03020160272717476,0.23672901093959808,-0.7789456844329834,-0.018276579678058624,0.21148818731307983,-0.6818456649780273,0.003217218676581979,0.1512235850095749,-0.6105281114578247,0.01635243371129036,0.2265632301568985,-0.643467903137207,-0.050120994448661804,0.33774152398109436,-0.6659564971923828,-0.02014664001762867,0.3029114902019501,-0.5839380621910095,-0.0010410125833004713,0.24948523938655853,-0.5161042213439941,-0.003998090047389269,0.3245079517364502,-0.5038118362426758,-0.06364227086305618,0.4176037311553955,-0.5550763010978699,-0.05277911573648453,0.38233524560928345,-0.48005062341690063,-0.030113063752651215,0.3309759795665741,-0.41594356298446655,-0.025324691087007523,0.4049416184425354,-0.345781534910202,-0.07370539009571075,0.5686979293823242,-0.47273847460746765,-0.07464585453271866,0.6628890633583069,-0.5248854160308838,-0.05574168637394905,0.73411625623703,-0.5823432207107544,-0.04318705573678017,0.0,0.0,0.0,0.0,0.0,0.0,0.0,0.0,0.0,0.0,0.0,0.0,0.0,0.0,0.0,0.0,0.0,0.0,0.0,0.0,0.0,0.0,0.0,0.0,0.0,0.0,0.0,0.0,0.0,0.0,0.0,0.0,0.0,0.0,0.0,0.0,0.0,0.0,0.0,0.0,0.0,0.0,0.0,0.0,0.0,0.0,0.0,0.0,0.0,0.0,0.0,0.0,0.0,0.0,0.0,0.0,0.0,0.0,0.0,0.0,0.0,0.0,0.0,DOCTOR
0.0,0.0,0.0,-0.10469259321689606,-0.3081068694591522,0.018728414550423622,-0.1511932611465454,-0.5889224410057068,0.0060970112681388855,-0.155137300491333,-0.8154500722885132,-0.009565344080328941,-0.18391266465187073,-0.9828424453735352,-0.014030967839062214,0.10401572287082672,-0.7520909309387207,-0.01668817177414894,0.2241380363702774,-0.780218243598938,0.0017570335185155272,0.1997913420200348,-0.6843007206916809,0.026110809296369553,0.14133593440055847,-0.6124268174171448,0.040425047278404236,0.2254180759191513,-0.6510016322135925,-0.038565635681152344,0.32913488149642944,-0.6776938438415527,-0.0029241680167615414,0.2949081063270569,-0.595494270324707,0.017415938898921013,0.24350306391716003,-0.5254705548286438,0.01483808271586895,0.32395413517951965,-0.5114097595214844,-0.05304057523608208,0.41055139899253845,-0.5697106122970581,-0.03754434362053871,0.3772798180580139,-0.49424874782562256,-0.013618599623441696,0.3285771608352661,-0.4281455874443054,-0.008732475340366364,0.4027248024940491,-0.35298705101013184,-0.06310248374938965,0.5641860961914062,-0.4869503676891327,-0.06112690269947052,0.6585822701454163,-0.5397332906723022,-0.04063249006867409,0.72977215051651,-0.5984957218170166,-0.027420422062277794,0.0,0.0,0.0,0.0,0.0,0.0,0.0,0.0,0.0,0.0,0.0,0.0,0.0,0.0,0.0,0.0,0.0,0.0,0.0,0.0,0.0,0.0,0.0,0.0,0.0,0.0,0.0,0.0,0.0,0.0,0.0,0.0,0.0,0.0,0.0,0.0,0.0,0.0,0.0,0.0,0.0,0.0,0.0,0.0,0.0,0.0,0.0,0.0,0.0,0.0,0.0,0.0,0.0,0.0,0.0,0.0,0.0,0.0,0.0,0.0,0.0,0.0,0.0,DOCTOR
0.0,0.0,0.0,-0.10709663480520248,-0.30374082922935486,0.017677631229162216,-0.1570839285850525,-0.5821476578712463,0.005240602418780327,-0.16115397214889526,-0.812354564666748,-0.010224909521639347,-0.18983925879001617,-0.981712281703949,-0.014215550385415554,0.096803680062294,-0.7445733547210693,-0.01843058504164219,0.21973302960395813,-0.779609739780426,-0.0005321601638570428,0.19572052359580994,-0.6836662292480469,0.025344118475914,0.1383490413427353,-0.6098380088806152,0.040888622403144836,0.21786938607692719,-0.6458463668823242,-0.039754703640937805,0.3235326409339905,-0.6774592995643616,-0.005493843462318182,0.28933560848236084,-0.5949698686599731,0.01575440540909767,0.23937062919139862,-0.5244691371917725,0.013958167284727097,0.31657350063323975,-0.5092934966087341,-0.05393098667263985,0.4061916172504425,-0.571744441986084,-0.039709143340587616,0.3739281892776489,-0.49709275364875793,-0.015836533159017563,0.3264026343822479,-0.4318981468677521,-0.011066637001931667,0.396393358707428,-0.35272717475891113,-0.06372012197971344,0.5580054521560669,-0.4872503876686096,-0.06371024250984192,0.6519436240196228,-0.5407440066337585,-0.04474937915802002,0.7237184047698975,-0.6011555194854736,-0.03250966593623161,0.0,0.0,0.0,0.0,0.0,0.0,0.0,0.0,0.0,0.0,0.0,0.0,0.0,0.0,0.0,0.0,0.0,0.0,0.0,0.0,0.0,0.0,0.0,0.0,0.0,0.0,0.0,0.0,0.0,0.0,0.0,0.0,0.0,0.0,0.0,0.0,0.0,0.0,0.0,0.0,0.0,0.0,0.0,0.0,0.0,0.0,0.0,0.0,0.0,0.0,0.0,0.0,0.0,0.0,0.0,0.0,0.0,0.0,0.0,0.0,0.0,0.0,0.0,DOCTOR
0.0,0.0,0.0,-0.10884416103363037,-0.3057054281234741,0.017600324004888535,-0.16321884095668793,-0.5795043706893921,-0.0027287821285426617,-0.17597121000289917,-0.80750972032547,-0.02496742084622383,-0.2066316455602646,-0.9778017401695251,-0.03474391624331474,0.0850159153342247,-0.7562103867530823,-0.03187913820147514,0.20212914049625397,-0.8172802329063416,-0.016541464254260063,0.18193325400352478,-0.7189239859580994,0.00832783617079258,0.129234179854393,-0.6405568718910217,0.022741030901670456,0.2083013653755188,-0.6589494943618774,-0.054698750376701355,0.30611956119537354,-0.7185002565383911,-0.01978263258934021,0.27788835763931274,-0.6356999278068542,0.004524893127381802,0.2316785752773285,-0.5638527870178223,0.003902507945895195,0.31002190709114075,-0.5242100358009338,-0.06925743818283081,0.39068928360939026,-0.6115672588348389,-0.04846597835421562,0.3657078146934509,-0.5358770489692688,-0.017004840075969696,0.32365354895591736,-0.463138610124588,-0.009891672991216183,0.39429375529289246,-0.37168386578559875,-0.07982046902179718,0.5492242574691772,-0.5218304395675659,-0.07209334522485733,0.6393811702728271,-0.5860327482223511,-0.04663413017988205,0.7060436010360718,-0.6549196839332581,-0.031656306236982346,0.0,0.0,0.0,0.0,0.0,0.0,0.0,0.0,0.0,0.0,0.0,0.0,0.0,0.0,0.0,0.0,0.0,0.0,0.0,0.0,0.0,0.0,0.0,0.0,0.0,0.0,0.0,0.0,0.0,0.0,0.0,0.0,0.0,0.0,0.0,0.0,0.0,0.0,0.0,0.0,0.0,0.0,0.0,0.0,0.0,0.0,0.0,0.0,0.0,0.0,0.0,0.0,0.0,0.0,0.0,0.0,0.0,0.0,0.0,0.0,0.0,0.0,0.0,DOCTOR
0.0,0.0,0.0,-0.11555568128824234,-0.3023628890514374,0.015769122168421745,-0.1713203638792038,-0.5764408707618713,-0.001114984042942524,-0.18508629500865936,-0.8057537078857422,-0.02076125144958496,-0.2195255160331726,-0.9751920700073242,-0.028443092480301857,0.07759231328964233,-0.753471314907074,-0.018533097580075264,0.19388894736766815,-0.8148885369300842,-0.004540856461971998,0.17234748601913452,-0.7203380465507507,0.016676049679517746,0.12000645697116852,-0.6437649130821228,0.029408259317278862,0.2011728584766388,-0.6573212146759033,-0.03976266831159592,0.29872649908065796,-0.717694878578186,-0.0069571142084896564,0.269654244184494,-0.6376841068267822,0.01310777384787798,0.2244860976934433,-0.5656329989433289,0.010908182710409164,0.3037181794643402,-0.5246835947036743,-0.054246582090854645,0.38400307297706604,-0.6139241456985474,-0.03832791745662689,0.357860267162323,-0.5406817197799683,-0.011607564985752106,0.3159722089767456,-0.4695543348789215,-0.005049586296081543,0.3885680139064789,-0.37468498945236206,-0.06486589461565018,0.541438639163971,-0.5265894532203674,-0.060101382434368134,0.6314944624900818,-0.5931156873703003,-0.03728409484028816,0.698646068572998,-0.6639545559883118,-0.022882618010044098,0.0,0.0,0.0,0.0,0.0,0.0,0.0,0.0,0.0,0.0,0.0,0.0,0.0,0.0,0.0,0.0,0.0,0.0,0.0,0.0,0.0,0.0,0.0,0.0,0.0,0.0,0.0,0.0,0.0,0.0,0.0,0.0,0.0,0.0,0.0,0.0,0.0,0.0,0.0,0.0,0.0,0.0,0.0,0.0,0.0,0.0,0.0,0.0,0.0,0.0,0.0,0.0,0.0,0.0,0.0,0.0,0.0,0.0,0.0,0.0,0.0,0.0,0.0,DOCTOR
0.0,0.0,0.0,-0.11552098393440247,-0.30316197872161865,0.021449530497193336,-0.1701839715242386,-0.579889714717865,0.008051171898841858,-0.1837845742702484,-0.8090476393699646,-0.008967554196715355,-0.22197385132312775,-0.9749507308006287,-0.01408799085766077,0.07766938954591751,-0.7568444609642029,-0.012550867162644863,0.19572052359580994,-0.8212866187095642,0.0035178957041352987,0.1743912249803543,-0.7262852191925049,0.026903681457042694,0.12085285782814026,-0.6459499597549438,0.041377272456884384,0.20127561688423157,-0.6592532992362976,-0.03556165471673012,0.30086156725883484,-0.7242563962936401,-0.000558272993657738,0.27181580662727356,-0.6442006230354309,0.022024082019925117,0.22665515542030334,-0.5700140595436096,0.02143978141248226,0.30341583490371704,-0.526675820350647,-0.05153480917215347,0.38636884093284607,-0.6181668043136597,-0.03262489661574364,0.3596186935901642,-0.544245719909668,-0.003381099784746766,0.3178764283657074,-0.4720967710018158,0.003895989153534174,0.3875636160373688,-0.3759118318557739,-0.06329257786273956,0.5424352884292603,-0.5265348553657532,-0.056889068335294724,0.6322576999664307,-0.5932594537734985,-0.03326967731118202,0.6994898319244385,-0.6662746071815491,-0.018848353996872902,0.0,0.0,0.0,0.0,0.0,0.0,0.0,0.0,0.0,0.0,0.0,0.0,0.0,0.0,0.0,0.0,0.0,0.0,0.0,0.0,0.0,0.0,0.0,0.0,0.0,0.0,0.0,0.0,0.0,0.0,0.0,0.0,0.0,0.0,0.0,0.0,0.0,0.0,0.0,0.0,0.0,0.0,0.0,0.0,0.0,0.0,0.0,0.0,0.0,0.0,0.0,0.0,0.0,0.0,0.0,0.0,0.0,0.0,0.0,0.0,0.0,0.0,0.0,DOCTOR
0.0,0.0,0.0,-0.11185846477746964,-0.30046120285987854,0.020776474848389626,-0.16671234369277954,-0.5769322514533997,0.004940851125866175,-0.18394912779331207,-0.8077450394630432,-0.013369510881602764,-0.21891696751117706,-0.975558876991272,-0.01898130029439926,0.07807297259569168,-0.7466832399368286,-0.021608978509902954,0.1979064792394638,-0.8211901187896729,-0.005400757305324078,0.17868633568286896,-0.7259448766708374,0.0203426294028759,0.127084419131279,-0.6432610154151917,0.036263447254896164,0.20179115235805511,-0.6505792140960693,-0.043301843106746674,0.29914969205856323,-0.7256332039833069,-0.00802296120673418,0.27232620120048523,-0.6447520852088928,0.01706371083855629,0.22758935391902924,-0.5697815418243408,0.01764235831797123,0.305989146232605,-0.521653950214386,-0.05721927434206009,0.384842187166214,-0.6217712759971619,-0.03500344604253769,0.36135706305503845,-0.5469377040863037,-0.0024487199261784554,0.32112210988998413,-0.4733686149120331,0.005195675417780876,0.3921312689781189,-0.37583857774734497,-0.06689079105854034,0.5459184646606445,-0.5267371535301208,-0.05770484358072281,0.6367460489273071,-0.5926401615142822,-0.03293687850236893,0.7029587626457214,-0.6672204732894897,-0.019038746133446693,0.0,0.0,0.0,0.0,0.0,0.0,0.0,0.0,0.0,0.0,0.0,0.0,0.0,0.0,0.0,0.0,0.0,0.0,0.0,0.0,0.0,0.0,0.0,0.0,0.0,0.0,0.0,0.0,0.0,0.0,0.0,0.0,0.0,0.0,0.0,0.0,0.0,0.0,0.0,0.0,0.0,0.0,0.0,0.0,0.0,0.0,0.0,0.0,0.0,0.0,0.0,0.0,0.0,0.0,0.0,0.0,0.0,0.0,0.0,0.0,0.0,0.0,0.0,DOCTOR
0.0,0.0,0.0,-0.11185718327760696,-0.29663366079330444,0.020605580881237984,-0.16818548738956451,-0.5742983818054199,0.0050219944678246975,-0.18515202403068542,-0.8057201504707336,-0.013514631427824497,-0.2224254608154297,-0.9747518301010132,-0.01964007504284382,0.07782454043626785,-0.7555773258209229,-0.018330026417970657,0.20182690024375916,-0.8139530420303345,-0.00026849439018405974,0.17700883746147156,-0.7149959802627563,0.026386801153421402,0.11981625854969025,-0.6358492374420166,0.04287797212600708,0.20271122455596924,-0.6551859378814697,-0.04046574980020523,0.3048698306083679,-0.7136415839195251,-0.004179113078862429,0.27138230204582214,-0.6297111511230469,0.020123379305005074,0.22256587445735931,-0.5556291341781616,0.020259637385606766,0.3055209517478943,-0.5210244655609131,-0.05477762967348099,0.38905709981918335,-0.6095624566078186,-0.03350430354475975,0.3596709966659546,-0.5320627689361572,-0.001942399307154119,0.3148863613605499,-0.459945410490036,0.005981805734336376,0.39010319113731384,-0.3718067705631256,-0.06476485729217529,0.543039083480835,-0.5250341892242432,-0.056289102882146835,0.6322346329689026,-0.5911920070648193,-0.0308179073035717,0.6984351277351379,-0.6665765047073364,-0.015649788081645966,0.0,0.0,0.0,0.0,0.0,0.0,0.0,0.0,0.0,0.0,0.0,0.0,0.0,0.0,0.0,0.0,0.0,0.0,0.0,0.0,0.0,0.0,0.0,0.0,0.0,0.0,0.0,0.0,0.0,0.0,0.0,0.0,0.0,0.0,0.0,0.0,0.0,0.0,0.0,0.0,0.0,0.0,0.0,0.0,0.0,0.0,0.0,0.0,0.0,0.0,0.0,0.0,0.0,0.0,0.0,0.0,0.0,0.0,0.0,0.0,0.0,0.0,0.0,DOCTOR
0.0,0.0,0.0,-0.11235640943050385,-0.29557621479034424,0.017621846869587898,-0.1692752242088318,-0.5709660649299622,-0.00016423847409896553,-0.185098797082901,-0.8030233383178711,-0.020419783890247345,-0.22119006514549255,-0.9748220443725586,-0.028229815885424614,0.07854411005973816,-0.7557073831558228,-0.02685481496155262,0.20629319548606873,-0.8128185868263245,-0.011669949628412724,0.18371140956878662,-0.7131320238113403,0.015216448344290257,0.1251092553138733,-0.6314268112182617,0.032585665583610535,0.20547562837600708,-0.6531368494033813,-0.04820632562041283,0.3112318217754364,-0.7119985818862915,-0.014738586731255054,0.27817457914352417,-0.6272593140602112,0.00994822010397911,0.22729791700839996,-0.5521867871284485,0.010655228979885578,0.31009092926979065,-0.5182780623435974,-0.061715565621852875,0.3976268172264099,-0.6083914041519165,-0.04357041046023369,0.3689485788345337,-0.5311627984046936,-0.012039672583341599,0.3227523863315582,-0.45930975675582886,-0.003607188817113638,0.3950449228286743,-0.3686240613460541,-0.07097451388835907,0.5493602752685547,-0.5207528471946716,-0.06539063155651093,0.6409412026405334,-0.5857646465301514,-0.040850818157196045,0.7087700963020325,-0.6609929203987122,-0.025841573253273964,0.0,0.0,0.0,0.0,0.0,0.0,0.0,0.0,0.0,0.0,0.0,0.0,0.0,0.0,0.0,0.0,0.0,0.0,0.0,0.0,0.0,0.0,0.0,0.0,0.0,0.0,0.0,0.0,0.0,0.0,0.0,0.0,0.0,0.0,0.0,0.0,0.0,0.0,0.0,0.0,0.0,0.0,0.0,0.0,0.0,0.0,0.0,0.0,0.0,0.0,0.0,0.0,0.0,0.0,0.0,0.0,0.0,0.0,0.0,0.0,0.0,0.0,0.0,DOCTOR
0.0,0.0,0.0,-0.1121029406785965,-0.29688212275505066,0.020822247490286827,-0.16967149078845978,-0.5739877223968506,0.004110797308385372,-0.18480649590492249,-0.8053426742553711,-0.015495925210416317,-0.22285549342632294,-0.9745802879333496,-0.02299128845334053,0.07736562937498093,-0.7543219327926636,-0.028059635311365128,0.20696064829826355,-0.8180185556411743,-0.012058828957378864,0.18539085984230042,-0.717190682888031,0.016502967104315758,0.1276848316192627,-0.6349406838417053,0.03505270928144455,0.20395603775978088,-0.6520750522613525,-0.05075490102171898,0.3121589422225952,-0.7132896780967712,-0.015808824449777603,0.28035062551498413,-0.6272843480110168,0.01059457566589117,0.2297915518283844,-0.552449643611908,0.012021468952298164,0.30891525745391846,-0.5170241594314575,-0.06512141227722168,0.39750954508781433,-0.6045364737510681,-0.04527236148715019,0.36860641837120056,-0.5252684354782104,-0.013052110560238361,0.32202357053756714,-0.4534510672092438,-0.004901002626866102,0.3954920470714569,-0.36690178513526917,-0.07490356266498566,0.552432119846344,-0.5184327363967896,-0.0678906962275505,0.6443931460380554,-0.5841478109359741,-0.043040741235017776,0.7121178507804871,-0.6607446670532227,-0.02844085358083248,0.0,0.0,0.0,0.0,0.0,0.0,0.0,0.0,0.0,0.0,0.0,0.0,0.0,0.0,0.0,0.0,0.0,0.0,0.0,0.0,0.0,0.0,0.0,0.0,0.0,0.0,0.0,0.0,0.0,0.0,0.0,0.0,0.0,0.0,0.0,0.0,0.0,0.0,0.0,0.0,0.0,0.0,0.0,0.0,0.0,0.0,0.0,0.0,0.0,0.0,0.0,0.0,0.0,0.0,0.0,0.0,0.0,0.0,0.0,0.0,0.0,0.0,0.0,DOCTOR
0.0,0.0,0.0,-0.11681907624006271,-0.2972155809402466,0.012802873738110065,-0.17592406272888184,-0.5724584460258484,-0.007233550306409597,-0.1910945326089859,-0.8018717169761658,-0.0290149487555027,-0.22841478884220123,-0.9728201627731323,-0.0380464531481266,0.07887202501296997,-0.7578288912773132,-0.03184972703456879,0.20227274298667908,-0.8222019672393799,-0.019188422709703445,0.1804724782705307,-0.7234176993370056,0.006031970959156752,0.12396860867738724,-0.6399407386779785,0.022291893139481544,0.2074536383152008,-0.6553038358688354,-0.05181925743818283,0.30866265296936035,-0.722233235836029,-0.021402625367045403,0.2769680321216583,-0.6369566917419434,0.0019476546440273523,0.22856497764587402,-0.5583049058914185,0.0019729407504200935,0.31324949860572815,-0.5203663110733032,-0.0646328404545784,0.3975183069705963,-0.6153263449668884,-0.05009784922003746,0.36880365014076233,-0.5381250381469727,-0.02064606547355652,0.32399559020996094,-0.46284914016723633,-0.0129308570176363,0.39950963854789734,-0.3701501786708832,-0.07356029748916626,0.5573868751525879,-0.524185836315155,-0.07146045565605164,0.6497242450714111,-0.5922031402587891,-0.04978840425610542,0.7183845639228821,-0.6681095361709595,-0.036572910845279694,0.0,0.0,0.0,0.0,0.0,0.0,0.0,0.0,0.0,0.0,0.0,0.0,0.0,0.0,0.0,0.0,0.0,0.0,0.0,0.0,0.0,0.0,0.0,0.0,0.0,0.0,0.0,0.0,0.0,0.0,0.0,0.0,0.0,0.0,0.0,0.0,0.0,0.0,0.0,0.0,0.0,0.0,0.0,0.0,0.0,0.0,0.0,0.0,0.0,0.0,0.0,0.0,0.0,0.0,0.0,0.0,0.0,0.0,0.0,0.0,0.0,0.0,0.0,DOCTOR
0.0,0.0,0.0,-0.12007534503936768,-0.29934871196746826,0.01516998466104269,-0.18021529912948608,-0.5736746191978455,-0.0029291596729308367,-0.1948954463005066,-0.8037579655647278,-0.022967949509620667,-0.2344529777765274,-0.9716474413871765,-0.03054436855018139,0.07596147805452347,-0.7577335834503174,-0.026959799230098724,0.1952788233757019,-0.8219249248504639,-0.010547720827162266,0.17200329899787903,-0.725731372833252,0.01616663858294487,0.11738123744726181,-0.6441841721534729,0.03258641064167023,0.20472872257232666,-0.6563328504562378,-0.047365423291921616,0.30070874094963074,-0.7239648699760437,-0.013926474377512932,0.2682948112487793,-0.6424033045768738,0.009875129908323288,0.22235223650932312,-0.5642901659011841,0.009568542242050171,0.30993834137916565,-0.5226616263389587,-0.060287006199359894,0.3896883726119995,-0.6199538707733154,-0.042898792773485184,0.35973894596099854,-0.54584139585495,-0.013503835536539555,0.3161735236644745,-0.47066158056259155,-0.006566537544131279,0.39500749111175537,-0.37405043840408325,-0.06922362744808197,0.5500814914703369,-0.5294320583343506,-0.06592904031276703,0.6405014395713806,-0.5984174609184265,-0.04431826248764992,0.7085638642311096,-0.673050582408905,-0.03143966197967529,0.0,0.0,0.0,0.0,0.0,0.0,0.0,0.0,0.0,0.0,0.0,0.0,0.0,0.0,0.0,0.0,0.0,0.0,0.0,0.0,0.0,0.0,0.0,0.0,0.0,0.0,0.0,0.0,0.0,0.0,0.0,0.0,0.0,0.0,0.0,0.0,0.0,0.0,0.0,0.0,0.0,0.0,0.0,0.0,0.0,0.0,0.0,0.0,0.0,0.0,0.0,0.0,0.0,0.0,0.0,0.0,0.0,0.0,0.0,0.0,0.0,0.0,0.0,DOCTOR
0.0,0.0,0.0,-0.1211833730340004,-0.2992591857910156,0.011562757194042206,-0.18179534375667572,-0.5722008943557739,-0.00826476514339447,-0.1973031908273697,-0.8012458682060242,-0.02957114391028881,-0.23891928791999817,-0.9702919721603394,-0.03809281811118126,0.07395907491445541,-0.7572466731071472,-0.030696449801325798,0.1937289834022522,-0.8244606852531433,-0.017169097438454628,0.17130132019519806,-0.7277070879936218,0.00791604071855545,0.11687613278627396,-0.6452978253364563,0.023365849629044533,0.20370644330978394,-0.6569158434867859,-0.050208695232868195,0.2982220947742462,-0.7284077405929565,-0.019933383911848068,0.2660386562347412,-0.6456869840621948,0.002759065944701433,0.2213289886713028,-0.5659790635108948,0.0020556850358843803,0.3097246587276459,-0.5234752893447876,-0.0627778172492981,0.38831374049186707,-0.6263152956962585,-0.049139946699142456,0.35845527052879333,-0.5524680614471436,-0.02052926830947399,0.31581661105155945,-0.4765555262565613,-0.013377332128584385,0.39518964290618896,-0.37425315380096436,-0.07159006595611572,0.5526305437088013,-0.5320801734924316,-0.07148806005716324,0.6438185572624207,-0.6030206680297852,-0.051193829625844955,0.7126474380493164,-0.6801653504371643,-0.03891308978199959,0.0,0.0,0.0,0.0,0.0,0.0,0.0,0.0,0.0,0.0,0.0,0.0,0.0,0.0,0.0,0.0,0.0,0.0,0.0,0.0,0.0,0.0,0.0,0.0,0.0,0.0,0.0,0.0,0.0,0.0,0.0,0.0,0.0,0.0,0.0,0.0,0.0,0.0,0.0,0.0,0.0,0.0,0.0,0.0,0.0,0.0,0.0,0.0,0.0,0.0,0.0,0.0,0.0,0.0,0.0,0.0,0.0,0.0,0.0,0.0,0.0,0.0,0.0,DOCTOR
0.0,0.0,0.0,-0.12384391576051712,-0.29901328682899475,0.017961042001843452,-0.18436875939369202,-0.5751954913139343,0.0008484888821840286,-0.2039470374584198,-0.8050894737243652,-0.017725853249430656,-0.25411248207092285,-0.9668840169906616,-0.02371429093182087,0.07260780781507492,-0.7566730976104736,-0.0323353074491024,0.19187651574611664,-0.8295230269432068,-0.01345404889434576,0.16730503737926483,-0.7329456210136414,0.018306579440832138,0.11344873160123825,-0.6504960060119629,0.037677958607673645,0.20305874943733215,-0.6535590291023254,-0.053125616163015366,0.29669421911239624,-0.7300238013267517,-0.01845090277493,0.26240429282188416,-0.6482950448989868,0.010130495764315128,0.21822306513786316,-0.5682669878005981,0.012652169913053513,0.3095417618751526,-0.5198541283607483,-0.06571538746356964,0.3854758143424988,-0.6239871382713318,-0.04692412540316582,0.35335561633110046,-0.5509351491928101,-0.014627872034907341,0.3105663061141968,-0.4756777286529541,-0.006735782604664564,0.3957529067993164,-0.37320178747177124,-0.07393746823072433,0.5513319969177246,-0.5298181176185608,-0.07138171792030334,0.6407977342605591,-0.5990675687789917,-0.05074015259742737,0.7082811594009399,-0.674959123134613,-0.039235975593328476,0.0,0.0,0.0,0.0,0.0,0.0,0.0,0.0,0.0,0.0,0.0,0.0,0.0,0.0,0.0,0.0,0.0,0.0,0.0,0.0,0.0,0.0,0.0,0.0,0.0,0.0,0.0,0.0,0.0,0.0,0.0,0.0,0.0,0.0,0.0,0.0,0.0,0.0,0.0,0.0,0.0,0.0,0.0,0.0,0.0,0.0,0.0,0.0,0.0,0.0,0.0,0.0,0.0,0.0,0.0,0.0,0.0,0.0,0.0,0.0,0.0,0.0,0.0,DOCTOR
0.0,0.0,0.0,-0.12287747114896774,-0.2980075180530548,0.013491794466972351,-0.18757221102714539,-0.5715758204460144,-0.008731812238693237,-0.20845606923103333,-0.799928605556488,-0.03359806165099144,-0.2567707598209381,-0.9653701186180115,-0.046144504100084305,0.07282647490501404,-0.7498612999916077,-0.03463573753833771,0.19622603058815002,-0.8285992741584778,-0.025192132219672203,0.17533428966999054,-0.7336643934249878,-0.0003279391094110906,0.12028404325246811,-0.6484138369560242,0.01658533699810505,0.20138703286647797,-0.6472908854484558,-0.056449804455041885,0.30394431948661804,-0.7324181199073792,-0.030695127323269844,0.2732454538345337,-0.6495591998100281,-0.0072180163115262985,0.22658808529376984,-0.5674883723258972,-0.006139174569398165,0.3087137043476105,-0.5152775049209595,-0.07138364017009735,0.3958667516708374,-0.6255443692207336,-0.06046218052506447,0.3674669861793518,-0.5513032078742981,-0.03129881992936134,0.3241741955280304,-0.4743216335773468,-0.02278302051126957,0.39762669801712036,-0.36897575855255127,-0.08237192034721375,0.5587798357009888,-0.5244408249855042,-0.08159240335226059,0.6517220735549927,-0.5942925810813904,-0.0611434280872345,0.7214704155921936,-0.6720152497291565,-0.048850517719984055,0.0,0.0,0.0,0.0,0.0,0.0,0.0,0.0,0.0,0.0,0.0,0.0,0.0,0.0,0.0,0.0,0.0,0.0,0.0,0.0,0.0,0.0,0.0,0.0,0.0,0.0,0.0,0.0,0.0,0.0,0.0,0.0,0.0,0.0,0.0,0.0,0.0,0.0,0.0,0.0,0.0,0.0,0.0,0.0,0.0,0.0,0.0,0.0,0.0,0.0,0.0,0.0,0.0,0.0,0.0,0.0,0.0,0.0,0.0,0.0,0.0,0.0,0.0,DOCTOR
0.0,0.0,0.0,-0.12906140089035034,-0.30256810784339905,0.015480143949389458,-0.19557972252368927,-0.5746763348579407,-0.0069704907946288586,-0.21682612597942352,-0.8000982403755188,-0.03207017481327057,-0.26675790548324585,-0.9627070426940918,-0.04511399194598198,0.07226483523845673,-0.750299870967865,-0.04045477136969566,0.1975443959236145,-0.8397949934005737,-0.028051720932126045,0.17495198547840118,-0.7460781931877136,0.0019805538468062878,0.11930283159017563,-0.6614688634872437,0.022218048572540283,0.20185622572898865,-0.6450227499008179,-0.06303563714027405,0.30587172508239746,-0.739601731300354,-0.03471090644598007,0.27337560057640076,-0.6562913656234741,-0.007327461149543524,0.22778353095054626,-0.5724486112594604,-0.004363491665571928,0.3101675808429718,-0.51113361120224,-0.0777919664978981,0.40025806427001953,-0.6299627423286438,-0.06448328495025635,0.3700322210788727,-0.5522923469543457,-0.03218125179409981,0.32754018902778625,-0.4720635712146759,-0.022641608491539955,0.40048301219940186,-0.3629862666130066,-0.08831138908863068,0.5647132992744446,-0.5229966044425964,-0.08681418746709824,0.6588847637176514,-0.5937460660934448,-0.06531790643930435,0.7312930226325989,-0.6728331446647644,-0.052801139652729034,0.0,0.0,0.0,0.0,0.0,0.0,0.0,0.0,0.0,0.0,0.0,0.0,0.0,0.0,0.0,0.0,0.0,0.0,0.0,0.0,0.0,0.0,0.0,0.0,0.0,0.0,0.0,0.0,0.0,0.0,0.0,0.0,0.0,0.0,0.0,0.0,0.0,0.0,0.0,0.0,0.0,0.0,0.0,0.0,0.0,0.0,0.0,0.0,0.0,0.0,0.0,0.0,0.0,0.0,0.0,0.0,0.0,0.0,0.0,0.0,0.0,0.0,0.0,DOCTOR
0.0,0.0,0.0,-0.1238681897521019,-0.3017635643482208,0.02001551166176796,-0.18821276724338531,-0.5731436610221863,0.00018239591736346483,-0.21031935513019562,-0.8004903793334961,-0.02402876317501068,-0.262107253074646,-0.9643378853797913,-0.03677116334438324,0.07037000358104706,-0.7492964863777161,-0.02993529476225376,0.2016143649816513,-0.8269850611686707,-0.01668846793472767,0.18309658765792847,-0.7312825322151184,0.012206307612359524,0.1271708607673645,-0.6486465334892273,0.031344201415777206,0.1966065913438797,-0.6470698714256287,-0.05584094673395157,0.30928024649620056,-0.7326946258544922,-0.027600711211562157,0.28027331829071045,-0.6469326019287109,-0.001957115950062871,0.2331131547689438,-0.5650050640106201,0.00028446587384678423,0.3041022717952728,-0.5144366025924683,-0.07420455664396286,0.40390342473983765,-0.6285733580589294,-0.0613696463406086,0.3761894404888153,-0.5493360757827759,-0.029682934284210205,0.332307368516922,-0.47131216526031494,-0.020096881315112114,0.3938782513141632,-0.3654707372188568,-0.08816066384315491,0.559839129447937,-0.5204736590385437,-0.0860016718506813,0.6557646989822388,-0.5879854559898376,-0.06398250162601471,0.7292949557304382,-0.6657998561859131,-0.05105286464095116,0.0,0.0,0.0,0.0,0.0,0.0,0.0,0.0,0.0,0.0,0.0,0.0,0.0,0.0,0.0,0.0,0.0,0.0,0.0,0.0,0.0,0.0,0.0,0.0,0.0,0.0,0.0,0.0,0.0,0.0,0.0,0.0,0.0,0.0,0.0,0.0,0.0,0.0,0.0,0.0,0.0,0.0,0.0,0.0,0.0,0.0,0.0,0.0,0.0,0.0,0.0,0.0,0.0,0.0,0.0,0.0,0.0,0.0,0.0,0.0,0.0,0.0,0.0,DOCTOR
0.0,0.0,0.0,-0.12136529386043549,-0.300040066242218,0.011190502904355526,-0.17876319587230682,-0.5758962035179138,-0.011356285773217678,-0.2007112056016922,-0.8031104803085327,-0.03607738018035889,-0.25329214334487915,-0.9661791324615479,-0.0483846552670002,0.07571388781070709,-0.7355268597602844,-0.04418794810771942,0.21724820137023926,-0.8329464197158813,-0.04204200208187103,0.19302193820476532,-0.7368651032447815,-0.01962737739086151,0.13406391441822052,-0.6496884822845459,-0.003683831077069044,0.20235492289066315,-0.6208069920539856,-0.0657096654176712,0.3178071975708008,-0.7207449674606323,-0.046303439885377884,0.28497838973999023,-0.636499285697937,-0.020044591277837753,0.23797814548015594,-0.5554115772247314,-0.016832934692502022,0.3077000379562378,-0.4838096797466278,-0.0813104659318924,0.41246458888053894,-0.6042643189430237,-0.07716919481754303,0.3818264901638031,-0.5280178785324097,-0.04437072202563286,0.33678820729255676,-0.4515586793422699,-0.032869014889001846,0.3941393792629242,-0.3380797803401947,-0.09314563125371933,0.562860906124115,-0.4855789840221405,-0.09996756911277771,0.6621074676513672,-0.5538327097892761,-0.082855723798275,0.7396725416183472,-0.6329838633537292,-0.07275457680225372,0.0,0.0,0.0,0.0,0.0,0.0,0.0,0.0,0.0,0.0,0.0,0.0,0.0,0.0,0.0,0.0,0.0,0.0,0.0,0.0,0.0,0.0,0.0,0.0,0.0,0.0,0.0,0.0,0.0,0.0,0.0,0.0,0.0,0.0,0.0,0.0,0.0,0.0,0.0,0.0,0.0,0.0,0.0,0.0,0.0,0.0,0.0,0.0,0.0,0.0,0.0,0.0,0.0,0.0,0.0,0.0,0.0,0.0,0.0,0.0,0.0,0.0,0.0,DOCTOR
0.0,0.0,0.0,-0.11390211433172226,-0.3007880747318268,0.012260869145393372,-0.16762928664684296,-0.5769137144088745,-0.012481809593737125,-0.18871374428272247,-0.8038254380226135,-0.03939208760857582,-0.2407323718070984,-0.9690784215927124,-0.054175570607185364,0.08047760277986526,-0.7312998175621033,-0.04914986714720726,0.22233068943023682,-0.8284943103790283,-0.04744628071784973,0.19652415812015533,-0.7373040318489075,-0.024225519970059395,0.1373823583126068,-0.6585270762443542,-0.007662033662199974,0.20310574769973755,-0.6166005730628967,-0.07158621400594711,0.32258665561676025,-0.7220954895019531,-0.05191823095083237,0.2895967364311218,-0.641014575958252,-0.02427501603960991,0.24080392718315125,-0.5632234215736389,-0.019876554608345032,0.3064015805721283,-0.47975245118141174,-0.08730815351009369,0.4127197265625,-0.6061935424804688,-0.07967399805784225,0.3836840093135834,-0.530947208404541,-0.04424258694052696,0.3390667736530304,-0.45475953817367554,-0.031848590821027756,0.39159780740737915,-0.33349812030792236,-0.0993075966835022,0.560921847820282,-0.477549284696579,-0.099869005382061,0.6583671569824219,-0.5431248545646667,-0.07870335876941681,0.7336475849151611,-0.6220673322677612,-0.06682189553976059,0.0,0.0,0.0,0.0,0.0,0.0,0.0,0.0,0.0,0.0,0.0,0.0,0.0,0.0,0.0,0.0,0.0,0.0,0.0,0.0,0.0,0.0,0.0,0.0,0.0,0.0,0.0,0.0,0.0,0.0,0.0,0.0,0.0,0.0,0.0,0.0,0.0,0.0,0.0,0.0,0.0,0.0,0.0,0.0,0.0,0.0,0.0,0.0,0.0,0.0,0.0,0.0,0.0,0.0,0.0,0.0,0.0,0.0,0.0,0.0,0.0,0.0,0.0,DOCTOR
0.0,0.0,0.0,-0.10952217131853104,-0.30268460512161255,0.011275668628513813,-0.16144123673439026,-0.5761955380439758,-0.014787428081035614,-0.18326792120933533,-0.8039875030517578,-0.04277770221233368,-0.23274531960487366,-0.9708026647567749,-0.05806836113333702,0.08641184121370316,-0.7298427224159241,-0.04835765063762665,0.22719696164131165,-0.8248212933540344,-0.046422164887189865,0.19960848987102509,-0.7326688766479492,-0.023341119289398193,0.13923178613185883,-0.6534018516540527,-0.006846574600785971,0.20677632093429565,-0.6150242686271667,-0.07031310349702835,0.32396116852760315,-0.7180054187774658,-0.05002633109688759,0.28961217403411865,-0.6367645859718323,-0.022445721551775932,0.24015668034553528,-0.5600204467773438,-0.01820250228047371,0.30691826343536377,-0.47805196046829224,-0.08573916554450989,0.41143161058425903,-0.6027628183364868,-0.07715944945812225,0.3824723958969116,-0.5285986661911011,-0.041610460728406906,0.337488055229187,-0.45384708046913147,-0.029394138604402542,0.388887494802475,-0.3319527804851532,-0.0976257175207138,0.5559945702552795,-0.47535941004753113,-0.09796425700187683,0.6531826853752136,-0.53810715675354,-0.07661280035972595,0.7284039258956909,-0.6139330863952637,-0.06443604826927185,0.0,0.0,0.0,0.0,0.0,0.0,0.0,0.0,0.0,0.0,0.0,0.0,0.0,0.0,0.0,0.0,0.0,0.0,0.0,0.0,0.0,0.0,0.0,0.0,0.0,0.0,0.0,0.0,0.0,0.0,0.0,0.0,0.0,0.0,0.0,0.0,0.0,0.0,0.0,0.0,0.0,0.0,0.0,0.0,0.0,0.0,0.0,0.0,0.0,0.0,0.0,0.0,0.0,0.0,0.0,0.0,0.0,0.0,0.0,0.0,0.0,0.0,0.0,DOCTOR
0.0,0.0,0.0,-0.09343577176332474,-0.3064919114112854,0.02208881638944149,-0.13070178031921387,-0.5923464298248291,0.0062369671650230885,-0.14695130288600922,-0.8189310431480408,-0.010850678198039532,-0.1964661329984665,-0.9803953766822815,-0.015033361501991749,0.10923635214567184,-0.7389025688171387,-0.050510141998529434,0.2627488076686859,-0.8125982880592346,-0.03658416122198105,0.23688971996307373,-0.7137235403060913,-0.002368569141253829,0.17140841484069824,-0.6360589861869812,0.01867634244263172,0.22687436640262604,-0.6153378486633301,-0.07362791150808334,0.35109415650367737,-0.6923637390136719,-0.042563214898109436,0.31611308455467224,-0.6064949035644531,-0.0067368922755122185,0.262511283159256,-0.5340543985366821,0.00020155342645011842,0.3245468735694885,-0.46621954441070557,-0.08747809380292892,0.43496420979499817,-0.5672067403793335,-0.07159928977489471,0.4059160649776459,-0.4907037615776062,-0.03133302181959152,0.35624223947525024,-0.42068031430244446,-0.01948556862771511,0.40100839734077454,-0.3079219162464142,-0.09648048877716064,0.5741188526153564,-0.43157896399497986,-0.09999082237482071,0.6780816316604614,-0.4818461835384369,-0.08093607425689697,0.757518470287323,-0.5476139783859253,-0.07108185440301895,0.0,0.0,0.0,0.0,0.0,0.0,0.0,0.0,0.0,0.0,0.0,0.0,0.0,0.0,0.0,0.0,0.0,0.0,0.0,0.0,0.0,0.0,0.0,0.0,0.0,0.0,0.0,0.0,0.0,0.0,0.0,0.0,0.0,0.0,0.0,0.0,0.0,0.0,0.0,0.0,0.0,0.0,0.0,0.0,0.0,0.0,0.0,0.0,0.0,0.0,0.0,0.0,0.0,0.0,0.0,0.0,0.0,0.0,0.0,0.0,0.0,0.0,0.0,DOCTOR
0.0,0.0,0.0,-0.09167523682117462,-0.3080413043498993,0.010610980913043022,-0.12665829062461853,-0.5892218947410583,-0.014011818915605545,-0.13855445384979248,-0.813240110874176,-0.039676420390605927,-0.17464536428451538,-0.9832648038864136,-0.05185790732502937,0.12077247351408005,-0.7306095361709595,-0.05668504536151886,0.27712282538414,-0.8068782687187195,-0.05591793358325958,0.24433496594429016,-0.7154248356819153,-0.03055957704782486,0.17590515315532684,-0.6409664750099182,-0.012316474691033363,0.23438230156898499,-0.6024541854858398,-0.07810775935649872,0.36638888716697693,-0.6866033673286438,-0.05906478315591812,0.3273700475692749,-0.6066925525665283,-0.02906615659594536,0.2706235647201538,-0.5354345440864563,-0.02332686446607113,0.32863640785217285,-0.45478355884552,-0.09274470061063766,0.4468386769294739,-0.5575512051582336,-0.08600665628910065,0.4138121008872986,-0.4855310618877411,-0.04982844740152359,0.3617144525051117,-0.4171879291534424,-0.037483010441064835,0.4033893644809723,-0.3008403778076172,-0.10376840829849243,0.5795044898986816,-0.42038285732269287,-0.10826624184846878,0.6842360496520996,-0.46871063113212585,-0.0897379145026207,0.7657343149185181,-0.5333656668663025,-0.07931339740753174,0.0,0.0,0.0,0.0,0.0,0.0,0.0,0.0,0.0,0.0,0.0,0.0,0.0,0.0,0.0,0.0,0.0,0.0,0.0,0.0,0.0,0.0,0.0,0.0,0.0,0.0,0.0,0.0,0.0,0.0,0.0,0.0,0.0,0.0,0.0,0.0,0.0,0.0,0.0,0.0,0.0,0.0,0.0,0.0,0.0,0.0,0.0,0.0,0.0,0.0,0.0,0.0,0.0,0.0,0.0,0.0,0.0,0.0,0.0,0.0,0.0,0.0,0.0,DOCTOR
0.0,0.0,0.0,-0.08366623520851135,-0.3082199692726135,0.010858956724405289,-0.110920250415802,-0.5920594334602356,-0.013557406142354012,-0.11958566308021545,-0.8163900971412659,-0.03938734903931618,-0.15381211042404175,-0.9867411851882935,-0.05180427059531212,0.1359248161315918,-0.7311604619026184,-0.04962901771068573,0.2925950288772583,-0.7984830737113953,-0.049181949347257614,0.2585321366786957,-0.7075549960136414,-0.027108430862426758,0.18951722979545593,-0.637121856212616,-0.011397307738661766,0.24558059871196747,-0.6018533110618591,-0.07127925753593445,0.3779316544532776,-0.6777498126029968,-0.051871661096811295,0.3381911516189575,-0.5985690951347351,-0.02426726184785366,0.2803839147090912,-0.5302412509918213,-0.019871052354574203,0.3356434106826782,-0.4517616927623749,-0.08664366602897644,0.45415517687797546,-0.5473799705505371,-0.07912661880254745,0.420401394367218,-0.47631970047950745,-0.04455443471670151,0.36706435680389404,-0.41066157817840576,-0.032927047461271286,0.4064784049987793,-0.29522231221199036,-0.09852894395589828,0.581597089767456,-0.4083682894706726,-0.10167648643255234,0.6865517497062683,-0.45228317379951477,-0.08323483914136887,0.7682767510414124,-0.5122719407081604,-0.07270243018865585,0.0,0.0,0.0,0.0,0.0,0.0,0.0,0.0,0.0,0.0,0.0,0.0,0.0,0.0,0.0,0.0,0.0,0.0,0.0,0.0,0.0,0.0,0.0,0.0,0.0,0.0,0.0,0.0,0.0,0.0,0.0,0.0,0.0,0.0,0.0,0.0,0.0,0.0,0.0,0.0,0.0,0.0,0.0,0.0,0.0,0.0,0.0,0.0,0.0,0.0,0.0,0.0,0.0,0.0,0.0,0.0,0.0,0.0,0.0,0.0,0.0,0.0,0.0,DOCTOR
