f0,f1,f2,f3,f4,f5,f6,f7,f8,f9,f10,f11,f12,f13,f14,f15,f16,f17,f18,f19,f20,f21,f22,f23,f24,f25,f26,f27,f28,f29,f30,f31,f32,f33,f34,f35,f36,f37,f38,f39,f40,f41,f42,f43,f44,f45,f46,f47,f48,f49,f50,f51,f52,f53,f54,f55,f56,f57,f58,f59,f60,f61,f62,label
0.0,0.0,0.0,0.21699580550193787,-0.20191076397895813,-0.05993548408150673,0.35201016068458557,-0.517952024936676,-0.07313194870948792,0.3750331997871399,-0.8098479509353638,-0.08900128304958344,0.25447094440460205,-0.9617421627044678,-0.10147202759981155,0.2003116011619568,-0.7086153626441956,-0.0034216828644275665,0.18512040376663208,-0.877781093120575,-0.10825537145137787,0.15598058700561523,-0.6698287129402161,-0.1753825694322586,0.1416100561618805,-0.4927659034729004,-0.1983475387096405,0.0579366460442543,-0.7009620070457458,-0.004303894005715847,0.030493764206767082,-0.859409749507904,-0.12389802187681198,0.03889760747551918,-0.5921766757965088,-0.16101795434951782,0.05937643721699715,-0.39015474915504456,-0.15109823644161224,-0.07944287359714508,-0.6606281995773315,-0.02164301835000515,-0.11493654549121857,-0.8077673316001892,-0.13461564481258392,-0.06599701195955276,-0.543748676776886,-0.11794839799404144,-0.019892241805791855,-0.35058093070983887,-0.06982153654098511,-0.21766243875026703,-0.5889768600463867,-0.04381146654486656,-0.23254570364952087,-0.722331702709198,-0.11764392256736755,-0.1747763752937317,-0.5488230586051941,-0.0969083309173584,-0.12382611632347107,-0.4172048270702362,-0.05596181005239487,HELP
0.0,0.0,0.0,0.21713605523109436,-0.2013203203678131,-0.06159212440252304,0.3523520529270172,-0.5192307829856873,-0.07569458335638046,0.3759745955467224,-0.8090999126434326,-0.09208674728870392,0.2561891973018646,-0.9609606266021729,-0.10450738668441772,0.20263366401195526,-0.7096522450447083,-0.007510595954954624,0.1839306354522705,-0.8835927248001099,-0.11442344635725021,0.15467692911624908,-0.6739105582237244,-0.18192791938781738,0.1412743628025055,-0.4955231845378876,-0.20463572442531586,0.058665819466114044,-0.7001093626022339,-0.00782483909279108,0.02671780064702034,-0.8592710494995117,-0.13083340227603912,0.03594835102558136,-0.5903675556182861,-0.16814805567264557,0.05784168466925621,-0.3871310353279114,-0.1574777513742447,-0.07964010536670685,-0.6599341630935669,-0.024844804778695107,-0.11998574435710907,-0.8068494200706482,-0.13979096710681915,-0.07031823694705963,-0.5427136421203613,-0.12316978722810745,-0.021997684612870216,-0.34973931312561035,-0.07454409450292587,-0.2172478288412094,-0.5900940895080566,-0.04682205244898796,-0.23655395209789276,-0.7216790318489075,-0.12121911346912384,-0.1798763871192932,-0.5470897555351257,-0.10098296403884888,-0.12768393754959106,-0.415561318397522,-0.06028483435511589,HELP
0.0,0.0,0.0,0.21633437275886536,-0.20019473135471344,-0.06148475781083107,0.3510972857475281,-0.5202666521072388,-0.07613737136125565,0.3730602264404297,-0.8098917007446289,-0.09318669885396957,0.2533145546913147,-0.96151202917099,-0.10642455518245697,0.20136584341526031,-0.7098348736763,-0.01009988784790039,0.1861790269613266,-0.8851065039634705,-0.11851540207862854,0.1565822809934616,-0.6765486598014832,-0.1869221329689026,0.14068099856376648,-0.4951574504375458,-0.20987316966056824,0.05702199414372444,-0.6999083757400513,-0.010792151093482971,0.029706183820962906,-0.8598328232765198,-0.13400475680828094,0.03722282499074936,-0.5926665663719177,-0.1710720956325531,0.05651881545782089,-0.3870285153388977,-0.16032898426055908,-0.08132290840148926,-0.6594440937042236,-0.028170010074973106,-0.11832583695650101,-0.8082589507102966,-0.14304444193840027,-0.06955257058143616,-0.5453173518180847,-0.12656360864639282,-0.022124197334051132,-0.34997156262397766,-0.07815399765968323,-0.21923771500587463,-0.5892926454544067,-0.05056694895029068,-0.23737353086471558,-0.7206786274909973,-0.12538482248783112,-0.17910617589950562,-0.5475979447364807,-0.10578302294015884,-0.125900536775589,-0.4152345061302185,-0.06556858867406845,HELP
0.0,0.0,0.0,0.21681445837020874,-0.20711898803710938,-0.06062193959951401,0.3503226041793823,-0.5229934453964233,-0.07575852423906326,0.3688255548477173,-0.811208963394165,-0.09316176921129227,0.24982185661792755,-0.9624148607254028,-0.10652125626802444,0.2012016326189041,-0.709572970867157,-0.008357051759958267,0.1832236349582672,-0.8792556524276733,-0.1170693039894104,0.1550757735967636,-0.6715555787086487,-0.18582488596439362,0.14034220576286316,-0.493053138256073,-0.20915544033050537,0.057218726724386215,-0.7023040652275085,-0.009120036847889423,0.027494750916957855,-0.8562557697296143,-0.13190467655658722,0.03441827744245529,-0.5884789228439331,-0.1686638742685318,0.053467679768800735,-0.3870525360107422,-0.15806995332241058,-0.07983183115720749,-0.6639389395713806,-0.026556184515357018,-0.1199590191245079,-0.8098025918006897,-0.14125292003154755,-0.07169324904680252,-0.5482457876205444,-0.12412126362323761,-0.02378401719033718,-0.35701021552085876,-0.07558073848485947,-0.21657434105873108,-0.5928565859794617,-0.04885821416974068,-0.2375740110874176,-0.7208209037780762,-0.12410873174667358,-0.17904473841190338,-0.5470422506332397,-0.10444143414497375,-0.12467548996210098,-0.41661325097084045,-0.06398928165435791,HELP
0.0,0.0,0.0,0.21512141823768616,-0.20504827797412872,-0.06048678234219551,0.3510025441646576,-0.5177210569381714,-0.07600117474794388,0.37428563833236694,-0.8075404763221741,-0.09337396174669266,0.25488945841789246,-0.9610872864723206,-0.10650178045034409,0.2010878324508667,-0.7090997695922852,-0.011350451968610287,0.18224066495895386,-0.8794684410095215,-0.11574756354093552,0.15516959130764008,-0.6697084903717041,-0.18007484078407288,0.14367346465587616,-0.49533408880233765,-0.20129626989364624,0.058881569653749466,-0.700171947479248,-0.01205715723335743,0.030893689021468163,-0.8594188690185547,-0.1308283507823944,0.038483627140522,-0.5923017859458923,-0.1649349182844162,0.05823926627635956,-0.39331674575805664,-0.15349000692367554,-0.07793489843606949,-0.6592047214508057,-0.028769075870513916,-0.11622926592826843,-0.8070209622383118,-0.13995833694934845,-0.06681627780199051,-0.5463486909866333,-0.12165969610214233,-0.0188308022916317,-0.3559425175189972,-0.07335209101438522,-0.21495577692985535,-0.5863083600997925,-0.05032401159405708,-0.23333534598350525,-0.7174551486968994,-0.12337654829025269,-0.173834890127182,-0.5484265685081482,-0.103474922478199,-0.11987994611263275,-0.4199508726596832,-0.06357917934656143,HELP
0.0,0.0,0.0,0.21388599276542664,-0.20665469765663147,-0.05752765014767647,0.3464752435684204,-0.5210406184196472,-0.0715242251753807,0.3703557550907135,-0.8087766170501709,-0.0882890596985817,0.2532048523426056,-0.962144672870636,-0.100821852684021,0.1992192417383194,-0.7105804085731506,-0.006938192993402481,0.17752733826637268,-0.880308985710144,-0.1123465895652771,0.15396320819854736,-0.6703338027000427,-0.17766644060611725,0.14644351601600647,-0.49596941471099854,-0.19913765788078308,0.05615521967411041,-0.7023677229881287,-0.009249096736311913,0.02661275863647461,-0.857977569103241,-0.12815313041210175,0.036709096282720566,-0.5904462337493896,-0.16240012645721436,0.058377303183078766,-0.3937317728996277,-0.15090389549732208,-0.08090939372777939,-0.6622748970985413,-0.027783844619989395,-0.12013367563486099,-0.8100301027297974,-0.13918274641036987,-0.06990310549736023,-0.5488652586936951,-0.12078474462032318,-0.02129301242530346,-0.3607289493083954,-0.07239705324172974,-0.21732647716999054,-0.5894129276275635,-0.05098393186926842,-0.23767498135566711,-0.7201228141784668,-0.12388767302036285,-0.17815335094928741,-0.5497308373451233,-0.10352171957492828,-0.123477503657341,-0.4210645258426666,-0.06312692910432816,HELP
0.0,0.0,0.0,0.21445724368095398,-0.2091505080461502,-0.06071818619966507,0.34783491492271423,-0.5219445824623108,-0.07715409994125366,0.3690105974674225,-0.8105109333992004,-0.09591968357563019,0.24895720183849335,-0.9622200131416321,-0.11024031788110733,0.19432543218135834,-0.7100050449371338,-0.010131007060408592,0.18122820556163788,-0.8781437277793884,-0.11753645539283752,0.15595068037509918,-0.6671420931816101,-0.18470922112464905,0.1430572271347046,-0.49044540524482727,-0.20724160969257355,0.051733411848545074,-0.7016070485115051,-0.011409920640289783,0.03044028766453266,-0.860598087310791,-0.13170228898525238,0.03853093832731247,-0.5946022272109985,-0.16714152693748474,0.057279910892248154,-0.39496171474456787,-0.15636774897575378,-0.08427561819553375,-0.6612776517868042,-0.029090961441397667,-0.11637471616268158,-0.811511218547821,-0.14133122563362122,-0.06731755286455154,-0.5514183044433594,-0.1237531527876854,-0.020463477820158005,-0.3592882752418518,-0.07550131529569626,-0.22000029683113098,-0.5893747210502625,-0.05179586261510849,-0.23424866795539856,-0.7201672792434692,-0.12498223036527634,-0.1737276315689087,-0.5525213479995728,-0.10520723462104797,-0.11996496468782425,-0.4234412908554077,-0.0651988685131073,HELP
0.0,0.0,0.0,0.21543273329734802,-0.21095921099185944,-0.05891790986061096,0.34972846508026123,-0.5214807987213135,-0.07491149008274078,0.3719882667064667,-0.8099176287651062,-0.09351515769958496,0.25103312730789185,-0.9619648456573486,-0.1077311709523201,0.19809645414352417,-0.7092418670654297,-0.008141713216900826,0.18377622961997986,-0.8802245855331421,-0.11429266631603241,0.157456636428833,-0.6703737378120422,-0.18113069236278534,0.144820898771286,-0.4944183826446533,-0.20384733378887177,0.05478781834244728,-0.7019054889678955,-0.00997365266084671,0.030878717079758644,-0.8634527325630188,-0.12915317714214325,0.03885059058666229,-0.5970153212547302,-0.16447564959526062,0.05913715064525604,-0.3978498876094818,-0.1539260745048523,-0.08220867812633514,-0.6622427105903625,-0.02789001539349556,-0.11540660262107849,-0.8139994740486145,-0.13865838944911957,-0.06672501564025879,-0.5524888634681702,-0.12022142112255096,-0.01933208853006363,-0.36066561937332153,-0.07179912179708481,-0.21862076222896576,-0.5905110239982605,-0.05074397847056389,-0.23275743424892426,-0.7199118137359619,-0.12266615033149719,-0.17289476096630096,-0.5512287616729736,-0.10204273462295532,-0.11922503262758255,-0.4234474301338196,-0.06168895587325096,HELP
0.0,0.0,0.0,0.2164921760559082,-0.2110835313796997,-0.057298462837934494,0.3487197458744049,-0.5267660021781921,-0.07074157148599625,0.36986300349235535,-0.8137017488479614,-0.08726565539836884,0.25225719809532166,-0.9625492095947266,-0.09932433068752289,0.1962905079126358,-0.7063454985618591,-0.003288446692749858,0.18340007960796356,-0.8772240281105042,-0.10823577642440796,0.15632691979408264,-0.6709513068199158,-0.1742405742406845,0.14246633648872375,-0.496449738740921,-0.19647178053855896,0.053815409541130066,-0.6983760595321655,-0.005750017706304789,0.029648737981915474,-0.8586793541908264,-0.12570802867412567,0.036645255982875824,-0.5953214168548584,-0.1620541363954544,0.05659904703497887,-0.39681655168533325,-0.15152327716350555,-0.08253011852502823,-0.6595935821533203,-0.02460690401494503,-0.11585258692502975,-0.8068667054176331,-0.13588586449623108,-0.06728067994117737,-0.5489992499351501,-0.11916863918304443,-0.018969429656863213,-0.3587856590747833,-0.0714774876832962,-0.218448206782341,-0.589883029460907,-0.04831698164343834,-0.23304150998592377,-0.7188806533813477,-0.1195746511220932,-0.17492133378982544,-0.5505388975143433,-0.09936080127954483,-0.12138581275939941,-0.42178595066070557,-0.059415072202682495,HELP
0.0,0.0,0.0,0.2180737406015396,-0.20543400943279266,-0.05752592161297798,0.35048708319664,-0.5250765085220337,-0.06990396976470947,0.37354016304016113,-0.8153007626533508,-0.08477775752544403,0.2521860599517822,-0.9629531502723694,-0.09551634639501572,0.19846273958683014,-0.7041851282119751,-0.006879189983010292,0.17891637980937958,-0.8798731565475464,-0.11016975343227386,0.15476173162460327,-0.6714030504226685,-0.17506565153598785,0.14448584616184235,-0.4974331259727478,-0.1971273124217987,0.05433452129364014,-0.6956443786621094,-0.00897938571870327,0.02495179884135723,-0.8607257008552551,-0.12629897892475128,0.035359449684619904,-0.594992995262146,-0.16115649044513702,0.056426480412483215,-0.39933648705482483,-0.15102380514144897,-0.08416509628295898,-0.6559807062149048,-0.026902150362730026,-0.1222042441368103,-0.8137146234512329,-0.1358334869146347,-0.07087364047765732,-0.5536467432975769,-0.11675028502941132,-0.023017643019557,-0.3653932213783264,-0.06915618479251862,-0.22211694717407227,-0.5862107276916504,-0.049719080328941345,-0.2383624166250229,-0.7227924466133118,-0.12063229084014893,-0.1797831654548645,-0.5523589849472046,-0.099092036485672,-0.12788026034832,-0.4235075116157532,-0.059052880853414536,HELP
0.0,0.0,0.0,0.21729259192943573,-0.20343171060085297,-0.06281037628650665,0.3528861403465271,-0.5206899642944336,-0.07779518514871597,0.37474098801612854,-0.8096179962158203,-0.09464408457279205,0.25436830520629883,-0.9611654281616211,-0.10704050958156586,0.20027196407318115,-0.7064538598060608,-0.010079885832965374,0.18101060390472412,-0.8811421990394592,-0.11721111088991165,0.15442299842834473,-0.6711716651916504,-0.18435512483119965,0.14473707973957062,-0.4922482669353485,-0.2066425234079361,0.05501504987478256,-0.6968468427658081,-0.009955478832125664,0.02605101279914379,-0.8618685603141785,-0.13357380032539368,0.034566786140203476,-0.5943213701248169,-0.17113037407398224,0.056950099766254425,-0.3890891969203949,-0.16017930209636688,-0.08379339426755905,-0.6570742726325989,-0.026357343420386314,-0.12153659760951996,-0.8072717189788818,-0.14145614206790924,-0.07141463458538055,-0.5445381999015808,-0.12570583820343018,-0.021607309579849243,-0.34991684556007385,-0.07732130587100983,-0.22061119973659515,-0.5882708430290222,-0.04777281731367111,-0.23824484646320343,-0.7226163744926453,-0.12226895987987518,-0.1811468005180359,-0.5510003566741943,-0.10279221087694168,-0.1283831000328064,-0.41900813579559326,-0.06249164417386055,HELP
0.0,0.0,0.0,0.21853403747081757,-0.2009078413248062,-0.060933951288461685,0.355354368686676,-0.517467200756073,-0.07436741888523102,0.3761206567287445,-0.8099942803382874,-0.08979570865631104,0.2547207772731781,-0.9617210030555725,-0.10104498267173767,0.20445512235164642,-0.706552267074585,-0.00906489510089159,0.18674097955226898,-0.8828176259994507,-0.11494526267051697,0.15928077697753906,-0.6690037846565247,-0.18099787831306458,0.14756464958190918,-0.48738938570022583,-0.20268014073371887,0.05962371081113815,-0.6967723369598389,-0.00886324793100357,0.032781656831502914,-0.8633939027786255,-0.1290791779756546,0.04049612209200859,-0.591339111328125,-0.1647026240825653,0.0602254644036293,-0.3869546949863434,-0.15331235527992249,-0.07888247072696686,-0.6554188132286072,-0.024815311655402184,-0.11530505865812302,-0.8120070099830627,-0.1387670487165451,-0.06746866554021835,-0.5438844561576843,-0.12123072892427444,-0.0208512544631958,-0.3480850160121918,-0.0721365362405777,-0.21761445701122284,-0.5839216113090515,-0.04534263536334038,-0.23368427157402039,-0.7203493118286133,-0.12020231783390045,-0.17605644464492798,-0.5444446802139282,-0.09964985400438309,-0.12436582148075104,-0.41120052337646484,-0.05859247222542763,HELP
0.0,0.0,0.0,0.21914494037628174,-0.19958630204200745,-0.06114973500370979,0.3555089831352234,-0.5197186470031738,-0.07413994520902634,0.37551361322402954,-0.8126562237739563,-0.08888784050941467,0.2541390061378479,-0.9620285034179688,-0.09957122802734375,0.20291449129581451,-0.7065680623054504,-0.010284519754350185,0.1855078786611557,-0.8829591274261475,-0.11463150382041931,0.15933170914649963,-0.6699638366699219,-0.17917920649051666,0.14848937094211578,-0.49010223150253296,-0.20016729831695557,0.05777698755264282,-0.6973890662193298,-0.009989732876420021,0.03165285289287567,-0.863601565361023,-0.1283387392759323,0.04094112291932106,-0.5922577381134033,-0.1626492440700531,0.06055731326341629,-0.38977673649787903,-0.15087628364562988,-0.08055627346038818,-0.6556545495986938,-0.02570096217095852,-0.1159871369600296,-0.8118035793304443,-0.13836540281772614,-0.06703994423151016,-0.5443893671035767,-0.1205492615699768,-0.02129513770341873,-0.3500645160675049,-0.07182352989912033,-0.21874046325683594,-0.5830157399177551,-0.04597650468349457,-0.2341826856136322,-0.721102774143219,-0.1197274923324585,-0.1759040802717209,-0.5468431711196899,-0.0989605113863945,-0.12477671355009079,-0.4142838418483734,-0.058290742337703705,HELP
0.0,0.0,0.0,0.21939361095428467,-0.2038888931274414,-0.060643769800662994,0.3553946018218994,-0.5187721252441406,-0.07443845272064209,0.37595927715301514,-0.8098858594894409,-0.09057983011007309,0.2549157738685608,-0.961469292640686,-0.1029302254319191,0.20485207438468933,-0.7035069465637207,-0.00849638320505619,0.18725544214248657,-0.8832907676696777,-0.11523894220590591,0.15906596183776855,-0.6763767600059509,-0.1827280968427658,0.1467001885175705,-0.4954594671726227,-0.20534221827983856,0.06052812933921814,-0.6956058144569397,-0.0088109215721488,0.03301098942756653,-0.8619847893714905,-0.129996657371521,0.04017152637243271,-0.5954062342643738,-0.16718275845050812,0.0600641593337059,-0.39087772369384766,-0.1571107655763626,-0.07807539403438568,-0.6563776135444641,-0.025475341826677322,-0.11509396135807037,-0.8117477893829346,-0.13926368951797485,-0.06674407422542572,-0.5489804148674011,-0.12361910194158554,-0.018703246489167213,-0.35336238145828247,-0.07621224969625473,-0.21700121462345123,-0.5865376591682434,-0.04687350243330002,-0.23381264507770538,-0.7236064672470093,-0.12115316838026047,-0.1763639599084854,-0.551141083240509,-0.10185889899730682,-0.12349237501621246,-0.41706031560897827,-0.06219867989420891,HELP
0.0,0.0,0.0,0.21603216230869293,-0.20416809618473053,-0.061723433434963226,0.3526606261730194,-0.5221842527389526,-0.0759197399020195,0.3721241354942322,-0.8121983408927917,-0.09191980212926865,0.2514093220233917,-0.9623498320579529,-0.10332494974136353,0.20163585245609283,-0.7076972126960754,-0.008796432055532932,0.183926522731781,-0.8823742270469666,-0.1142316535115242,0.15541903674602509,-0.670319676399231,-0.1793787032365799,0.14417381584644318,-0.49159368872642517,-0.2005874365568161,0.05696290731430054,-0.7002339959144592,-0.00885127391666174,0.03199637681245804,-0.8622781038284302,-0.12917040288448334,0.03718453273177147,-0.592926561832428,-0.16409718990325928,0.05579281970858574,-0.3912346661090851,-0.1521444469690323,-0.08089062571525574,-0.6606324315071106,-0.02538444474339485,-0.11643188446760178,-0.8092796206474304,-0.13835975527763367,-0.06991761177778244,-0.5467652082443237,-0.12109550088644028,-0.0231176670640707,-0.3557099401950836,-0.07254302501678467,-0.21817775070667267,-0.590266227722168,-0.046756990253925323,-0.23378434777259827,-0.724402129650116,-0.11960809677839279,-0.17751272022724152,-0.5512838363647461,-0.09882503747940063,-0.125632181763649,-0.4198837876319885,-0.05812162905931473,HELP
0.0,0.0,0.0,0.217183917760849,-0.2066136598587036,-0.062087781727313995,0.3532966375350952,-0.5230516195297241,-0.07737036794424057,0.37140199542045593,-0.8127006888389587,-0.09450580179691315,0.2497980147600174,-0.962334394454956,-0.10730110853910446,0.20264537632465363,-0.7058188319206238,-0.00956590287387371,0.18564501404762268,-0.8814583420753479,-0.11531917005777359,0.15550684928894043,-0.675004243850708,-0.18157348036766052,0.14240744709968567,-0.4972832500934601,-0.20369119942188263,0.05744977295398712,-0.6973557472229004,-0.009502069093286991,0.03185562416911125,-0.8591789603233337,-0.13018938899040222,0.037831053137779236,-0.5928826332092285,-0.1664656400680542,0.05778861045837402,-0.39040517807006836,-0.15564490854740143,-0.0805213525891304,-0.6579207181930542,-0.025882547721266747,-0.11586195975542068,-0.8041396737098694,-0.13907721638679504,-0.06719405949115753,-0.5435168743133545,-0.12338080257177353,-0.018559198826551437,-0.3512304425239563,-0.07583924382925034,-0.21793562173843384,-0.5873241424560547,-0.04710989445447922,-0.23254157602787018,-0.7192887663841248,-0.11977923661470413,-0.17483168840408325,-0.550213098526001,-0.10003417730331421,-0.12222717702388763,-0.4210996627807617,-0.060256391763687134,HELP
0.0,0.0,0.0,0.21707111597061157,-0.20584195852279663,-0.06073732301592827,0.3539619743824005,-0.5210468173027039,-0.07489627599716187,0.37263989448547363,-0.8115933537483215,-0.09128628671169281,0.25049740076065063,-0.9625693559646606,-0.10349510610103607,0.20351293683052063,-0.7066439390182495,-0.00642366474494338,0.18584591150283813,-0.8838704228401184,-0.111531563103199,0.15522617101669312,-0.6764967441558838,-0.17712050676345825,0.14298813045024872,-0.49836111068725586,-0.19864536821842194,0.05910136178135872,-0.6993137001991272,-0.006777501665055752,0.032235875725746155,-0.860124409198761,-0.1270771473646164,0.037122827023267746,-0.5924138426780701,-0.16299520432949066,0.05742795020341873,-0.3901616036891937,-0.1517084687948227,-0.07913833111524582,-0.6602972149848938,-0.023623377084732056,-0.11579639464616776,-0.8070605397224426,-0.13658489286899567,-0.06897076219320297,-0.5453752875328064,-0.12048347294330597,-0.02073909156024456,-0.353825181722641,-0.07262784242630005,-0.2173045426607132,-0.5897614359855652,-0.045189302414655685,-0.23399154841899872,-0.7215978503227234,-0.11764810979366302,-0.176837757229805,-0.550227701663971,-0.09748189151287079,-0.12346859276294708,-0.4200247824192047,-0.0572589747607708,HELP
0.0,0.0,0.0,0.21663086116313934,-0.1964104324579239,-0.05710291862487793,0.35944920778274536,-0.5201653838157654,-0.07011765986680984,0.38728630542755127,-0.8157660961151123,-0.08514587581157684,0.2653745114803314,-0.9593676328659058,-0.0958653911948204,0.19788242876529694,-0.7182788848876953,-0.006680609192699194,0.18875955045223236,-0.8877372145652771,-0.1084931343793869,0.15978428721427917,-0.6742182970046997,-0.17497874796390533,0.14333005249500275,-0.492899090051651,-0.1987009197473526,0.05523553118109703,-0.7112302780151367,-0.008775346912443638,0.03519261255860329,-0.862409234046936,-0.11973641067743301,0.03821776062250137,-0.5991178750991821,-0.15427866578102112,0.051517751067876816,-0.40425148606300354,-0.14563526213169098,-0.08218931406736374,-0.6683459281921387,-0.0264882892370224,-0.11617698520421982,-0.8042494654655457,-0.12814545631408691,-0.06993236392736435,-0.5526264309883118,-0.10957406461238861,-0.025962218642234802,-0.37313365936279297,-0.06518220901489258,-0.22002561390399933,-0.5941229462623596,-0.04894890636205673,-0.23858653008937836,-0.7201701402664185,-0.1122824102640152,-0.18045957386493683,-0.5511729121208191,-0.08727545291185379,-0.12611407041549683,-0.4253626763820648,-0.04655308276414871,HELP
0.0,0.0,0.0,0.21973705291748047,-0.19469544291496277,-0.05709473043680191,0.36296671628952026,-0.5147319436073303,-0.06928256154060364,0.38889405131340027,-0.8135923743247986,-0.08354440331459045,0.26536816358566284,-0.9594879746437073,-0.09467031061649323,0.20951813459396362,-0.715435802936554,-0.010423571802675724,0.19232335686683655,-0.8865395784378052,-0.110695980489254,0.16265147924423218,-0.6751342415809631,-0.17628619074821472,0.14677299559116364,-0.49267762899398804,-0.19985733926296234,0.06645135581493378,-0.7081637382507324,-0.011261127889156342,0.03561514988541603,-0.8589073419570923,-0.12287677079439163,0.03870449587702751,-0.5947965979576111,-0.15776605904102325,0.05271654203534126,-0.39337143301963806,-0.14979712665081024,-0.07203260064125061,-0.6663839221000671,-0.027218051254749298,-0.1144227609038353,-0.809018611907959,-0.13040383160114288,-0.0690629780292511,-0.5536203980445862,-0.11338776350021362,-0.024327728897333145,-0.3646038770675659,-0.06997270882129669,-0.21234893798828125,-0.592339277267456,-0.047711022198200226,-0.23563456535339355,-0.7182925343513489,-0.1151956170797348,-0.17859335243701935,-0.5489915609359741,-0.09420690685510635,-0.12394654005765915,-0.4186563789844513,-0.05596599355340004,HELP
0.0,0.0,0.0,0.21684226393699646,-0.20059041678905487,-0.053597334772348404,0.36281704902648926,-0.5243558883666992,-0.06477159261703491,0.38702958822250366,-0.8203492164611816,-0.07846283912658691,0.26331669092178345,-0.9606050252914429,-0.08889510482549667,0.196259543299675,-0.7226088643074036,-0.0046453229151666164,0.1870049387216568,-0.8903868794441223,-0.103135846555233,0.1600002497434616,-0.6805664896965027,-0.1685500293970108,0.1425580233335495,-0.49994388222694397,-0.19255131483078003,0.05443983152508736,-0.7104657888412476,-0.008845140226185322,0.03606009483337402,-0.8685001134872437,-0.11556398123502731,0.04321911185979843,-0.609201967716217,-0.15048383176326752,0.05602315068244934,-0.4141504466533661,-0.14370810985565186,-0.08264666050672531,-0.662653386592865,-0.027767855674028397,-0.11526421457529068,-0.8091267943382263,-0.12669147551059723,-0.06677833944559097,-0.5584144592285156,-0.1077079176902771,-0.02646123617887497,-0.376465767621994,-0.06432630121707916,-0.2233302891254425,-0.5826597809791565,-0.051184747368097305,-0.2405754178762436,-0.7156277894973755,-0.11353076249361038,-0.18071986734867096,-0.5493972301483154,-0.08757789433002472,-0.1297064572572708,-0.42364734411239624,-0.0469752699136734,HELP
0.0,0.0,0.0,0.2243720293045044,-0.18310418725013733,-0.06298600882291794,0.3736588954925537,-0.5159574747085571,-0.07735492289066315,0.3950275182723999,-0.819243848323822,-0.090879425406456,0.2721387445926666,-0.9569393992424011,-0.10103219002485275,0.21660058200359344,-0.7248284816741943,-0.02252930775284767,0.20610977709293365,-0.8859460353851318,-0.12730535864830017,0.1708306223154068,-0.6769137978553772,-0.19638144969940186,0.14174461364746094,-0.4851747751235962,-0.2214335948228836,0.06722933799028397,-0.7183659672737122,-0.021841203793883324,0.04200929403305054,-0.8717687726020813,-0.13347703218460083,0.04665198549628258,-0.6092640161514282,-0.1690014749765396,0.05856529250741005,-0.4044361412525177,-0.16131272912025452,-0.0755905956029892,-0.6750854253768921,-0.035976771265268326,-0.11450489610433578,-0.8109831809997559,-0.13898858428001404,-0.06624659150838852,-0.5572698712348938,-0.12094850838184357,-0.02352244034409523,-0.37363049387931824,-0.07730121165513992,-0.22047989070415497,-0.5972373485565186,-0.05493355169892311,-0.2430172562599182,-0.7207385301589966,-0.12069234251976013,-0.18237094581127167,-0.5493481755256653,-0.09533286839723587,-0.1271601915359497,-0.42572182416915894,-0.05432957783341408,HELP
0.0,0.0,0.0,0.2269589751958847,-0.17006579041481018,-0.06295318156480789,0.37822094559669495,-0.5202755928039551,-0.07290863990783691,0.4012194275856018,-0.8297562003135681,-0.08250628411769867,0.2715425491333008,-0.9586355686187744,-0.08533820509910583,0.21100150048732758,-0.7333872318267822,-0.01891254633665085,0.1936727911233902,-0.9067968726158142,-0.1269444078207016,0.1755141019821167,-0.6696921586990356,-0.19056719541549683,0.16301684081554413,-0.4809335768222809,-0.21006998419761658,0.0627661645412445,-0.717180609703064,-0.019518885761499405,0.03267776593565941,-0.8746531009674072,-0.1369379460811615,0.05257505178451538,-0.5948939919471741,-0.16805706918239594,0.0711137056350708,-0.4060334265232086,-0.15469308197498322,-0.07954151928424835,-0.6666200757026672,-0.036416828632354736,-0.1225522831082344,-0.8050438761711121,-0.1463662087917328,-0.06383363157510757,-0.5408290028572083,-0.1232997253537178,-0.019765472039580345,-0.3670535385608673,-0.07408727705478668,-0.2237718105316162,-0.5875447988510132,-0.058108847588300705,-0.25330719351768494,-0.7179768681526184,-0.12587550282478333,-0.18930628895759583,-0.5416277050971985,-0.09834765642881393,-0.13253448903560638,-0.4182242751121521,-0.05458176136016846,HELP
0.0,0.0,0.0,0.22428323328495026,-0.18424151837825775,-0.06097845733165741,0.36321210861206055,-0.5082321166992188,-0.07269283384084702,0.3804922103881836,-0.8129337430000305,-0.0863424763083458,0.2577478289604187,-0.9614986181259155,-0.09532330185174942,0.2110879272222519,-0.7176148295402527,-0.005105873569846153,0.18775419890880585,-0.8894549012184143,-0.11504588276147842,0.16652178764343262,-0.6658405661582947,-0.18388959765434265,0.15792030096054077,-0.4814711809158325,-0.20648729801177979,0.0661282166838646,-0.7060681581497192,-0.005391257349401712,0.031105348840355873,-0.8676534295082092,-0.12516973912715912,0.04181995615363121,-0.6010052561759949,-0.16285254061222076,0.060891106724739075,-0.40751761198043823,-0.15354055166244507,-0.07437922060489655,-0.6622353196144104,-0.02265968546271324,-0.11802145838737488,-0.8116446733474731,-0.13426697254180908,-0.06974222511053085,-0.5524813532829285,-0.11592433601617813,-0.02465360052883625,-0.37070009112358093,-0.06830328702926636,-0.21700720489025116,-0.5887162089347839,-0.0446845106780529,-0.24398519098758698,-0.7165151834487915,-0.11369878053665161,-0.18891268968582153,-0.5439168214797974,-0.09047474712133408,-0.1363019198179245,-0.41721871495246887,-0.04903673753142357,HELP
0.0,0.0,0.0,0.22323057055473328,-0.1718910038471222,-0.06430254131555557,0.37356430292129517,-0.5098057985305786,-0.0743822306394577,0.4057210087776184,-0.8210369348526001,-0.08355153352022171,0.27923738956451416,-0.9566076397895813,-0.08323678374290466,0.20774154365062714,-0.7261162400245667,-0.013207664713263512,0.19214245676994324,-0.9159713387489319,-0.11506349593400955,0.18316875398159027,-0.677286684513092,-0.1704166680574417,0.17766182124614716,-0.5036334991455078,-0.18595701456069946,0.06574399769306183,-0.7117366194725037,-0.012068623676896095,0.032901063561439514,-0.8831226825714111,-0.12253890931606293,0.05558006092905998,-0.6017098426818848,-0.1465001255273819,0.07273318618535995,-0.4356575310230255,-0.13041818141937256,-0.07519415766000748,-0.6648274064064026,-0.027981260791420937,-0.1176866665482521,-0.8131405115127563,-0.13430693745613098,-0.06069468334317207,-0.5530462265014648,-0.10503880679607391,-0.024046514183282852,-0.3990054428577423,-0.053125932812690735,-0.22167889773845673,-0.5916120409965515,-0.04883047938346863,-0.2491777092218399,-0.7266462445259094,-0.11347341537475586,-0.18693184852600098,-0.5480561256408691,-0.08201207965612411,-0.1393812745809555,-0.43032458424568176,-0.03644686937332153,HELP
0.0,0.0,0.0,0.21966010332107544,-0.1818864345550537,-0.05887824669480324,0.3673727214336395,-0.5148253440856934,-0.06995764374732971,0.38281771540641785,-0.8231714963912964,-0.08162102848291397,0.25950267910957336,-0.9619156718254089,-0.08588604629039764,0.20696735382080078,-0.7222592234611511,-0.010278591886162758,0.1809004247188568,-0.9106478691101074,-0.11675036698579788,0.1775020956993103,-0.6837847828865051,-0.17786963284015656,0.17553015053272247,-0.49997755885124207,-0.19586411118507385,0.06273484975099564,-0.7090002298355103,-0.012078264728188515,0.027370279654860497,-0.8834265470504761,-0.1286638379096985,0.053156476467847824,-0.6081470847129822,-0.15974007546901703,0.07200828939676285,-0.4309723973274231,-0.14749564230442047,-0.07795988023281097,-0.6637545228004456,-0.029691288247704506,-0.12298979610204697,-0.8241170048713684,-0.14205093681812286,-0.06239248067140579,-0.5600612163543701,-0.11596232652664185,-0.02249992825090885,-0.39081835746765137,-0.06442323327064514,-0.22713427245616913,-0.5880391001701355,-0.051516465842723846,-0.25204139947891235,-0.7241009473800659,-0.1236376091837883,-0.1871272176504135,-0.5412015914916992,-0.09558548033237457,-0.13757283985614777,-0.4157915413379669,-0.050587546080350876,HELP
0.0,0.0,0.0,0.21925930678844452,-0.1808299571275711,-0.06496076285839081,0.3711910843849182,-0.51251220703125,-0.07901113480329514,0.39399227499961853,-0.8181742429733276,-0.0924968421459198,0.2693365216255188,-0.9580710530281067,-0.09776405245065689,0.21213865280151367,-0.735875129699707,-0.014290889725089073,0.19368307292461395,-0.9138734340667725,-0.12269655615091324,0.1810639351606369,-0.6836526989936829,-0.1855277121067047,0.1717066913843155,-0.49485015869140625,-0.20404285192489624,0.06471886485815048,-0.7266993522644043,-0.013402068987488747,0.03484645485877991,-0.8847209811210632,-0.12663903832435608,0.05170771852135658,-0.6049114465713501,-0.15281492471694946,0.06921977549791336,-0.42901962995529175,-0.13770528137683868,-0.08037737756967545,-0.681873619556427,-0.02985275723040104,-0.12062637507915497,-0.8206863403320312,-0.13800743222236633,-0.06754482537508011,-0.5605969429016113,-0.10920175909996033,-0.02765977568924427,-0.39976829290390015,-0.05717240646481514,-0.23171363770961761,-0.605332612991333,-0.05146080255508423,-0.2573558986186981,-0.7296907305717468,-0.11771649867296219,-0.1944558024406433,-0.5508428812026978,-0.08584388345479965,-0.14257921278476715,-0.43290966749191284,-0.039097435772418976,HELP
0.0,0.0,0.0,0.22540460526943207,-0.17955847084522247,-0.06248675659298897,0.3692667484283447,-0.5018662214279175,-0.07609543949365616,0.3904305398464203,-0.8104182481765747,-0.0884578600525856,0.2672838270664215,-0.9592323303222656,-0.09182976186275482,0.22243225574493408,-0.712577223777771,-0.016706226393580437,0.1982196569442749,-0.8891759514808655,-0.11960848420858383,0.18712590634822845,-0.6555321216583252,-0.1767546534538269,0.18324176967144012,-0.4921427071094513,-0.19420452415943146,0.07482002675533295,-0.7074581980705261,-0.016046516597270966,0.04055141285061836,-0.8729732036590576,-0.12276583909988403,0.059888120740652084,-0.5973687171936035,-0.1448720246553421,0.07810356467962265,-0.4409067928791046,-0.1303563266992569,-0.06876885890960693,-0.667408287525177,-0.03166577219963074,-0.10969539731740952,-0.8236784934997559,-0.13253173232078552,-0.057227738201618195,-0.5640301704406738,-0.09825139492750168,-0.019042842090129852,-0.41330698132514954,-0.046058543026447296,-0.2176269143819809,-0.5981749892234802,-0.05260910466313362,-0.24185675382614136,-0.7223864197731018,-0.11281144618988037,-0.18416793644428253,-0.5459380149841309,-0.07952168583869934,-0.1387518048286438,-0.43665754795074463,-0.03458826243877411,HELP
0.0,0.0,0.0,0.2204851359128952,-0.17388607561588287,-0.05235580727458,0.3652072250843048,-0.5072749853134155,-0.05906215310096741,0.39262717962265015,-0.8034056425094604,-0.06746058911085129,0.2830485701560974,-0.9565362334251404,-0.07015625387430191,0.20009708404541016,-0.7216104865074158,-0.00201040948741138,0.2005985677242279,-0.8890018463134766,-0.09715978801250458,0.18029530346393585,-0.6716436147689819,-0.15671023726463318,0.1579097956418991,-0.4871683120727539,-0.17601655423641205,0.05669034272432327,-0.7145953178405762,-0.005310617852956057,0.04455235227942467,-0.8711085915565491,-0.10423922538757324,0.05428975075483322,-0.6090331077575684,-0.13154523074626923,0.06175024062395096,-0.42654308676719666,-0.1207427829504013,-0.08542871475219727,-0.6707760691642761,-0.02410917542874813,-0.10960424691438675,-0.8084914088249207,-0.11630013585090637,-0.0600161999464035,-0.5649405717849731,-0.09173324704170227,-0.02768654003739357,-0.4012693464756012,-0.04683024436235428,-0.23372063040733337,-0.5959137678146362,-0.047437552362680435,-0.2493772655725479,-0.7335865497589111,-0.10319408029317856,-0.1862771064043045,-0.5670053958892822,-0.07147639989852905,-0.13722342252731323,-0.44529151916503906,-0.02794969268143177,HELP
0.0,0.0,0.0,0.2217578887939453,-0.17522652447223663,-0.061020076274871826,0.37485644221305847,-0.5045329332351685,-0.0727996677160263,0.40376749634742737,-0.805200457572937,-0.08365923166275024,0.28919151425361633,-0.9532623291015625,-0.08751726895570755,0.21109482645988464,-0.7124118208885193,-0.018583858385682106,0.20545297861099243,-0.8897407650947571,-0.11829794943332672,0.1844313144683838,-0.67118239402771,-0.17555692791938782,0.16465426981449127,-0.4898216724395752,-0.19263827800750732,0.0631599947810173,-0.7065858244895935,-0.01861950196325779,0.047368329018354416,-0.8738012313842773,-0.12481808662414551,0.060923706740140915,-0.6052491068840027,-0.15032744407653809,0.07185325771570206,-0.4262293875217438,-0.13644419610500336,-0.07975457608699799,-0.6661370396614075,-0.03394478186964989,-0.10971444100141525,-0.8179267644882202,-0.13397648930549622,-0.057393867522478104,-0.5609932541847229,-0.10540948063135147,-0.021933216601610184,-0.39379528164863586,-0.05573539063334465,-0.22753088176250458,-0.5919322967529297,-0.05408482998609543,-0.239935502409935,-0.7254104614257812,-0.11754543334245682,-0.17700183391571045,-0.5505014061927795,-0.08621221780776978,-0.12884175777435303,-0.43054115772247314,-0.04103858768939972,HELP
0.0,0.0,0.0,0.21918326616287231,-0.18485701084136963,-0.05821850895881653,0.3639318346977234,-0.5128409266471863,-0.0705043151974678,0.38950061798095703,-0.8094091415405273,-0.08360420912504196,0.2733091711997986,-0.9576036334037781,-0.0910898745059967,0.19444376230239868,-0.7156169414520264,-0.010652589611709118,0.19034263491630554,-0.8773196339607239,-0.11219756305217743,0.16792741417884827,-0.6619669198989868,-0.17458467185497284,0.14947354793548584,-0.4808906316757202,-0.19532808661460876,0.050525542348623276,-0.7081882357597351,-0.013317556120455265,0.04144628345966339,-0.8720107674598694,-0.12161973118782043,0.05119917914271355,-0.6093196868896484,-0.15187448263168335,0.06463289260864258,-0.42118239402770996,-0.14051653444766998,-0.08900828659534454,-0.6648844480514526,-0.031558431684970856,-0.11390585452318192,-0.8152183294296265,-0.13230520486831665,-0.06204526871442795,-0.5627672672271729,-0.10879835486412048,-0.020247338339686394,-0.3886714279651642,-0.06169569492340088,-0.23163694143295288,-0.5884793400764465,-0.05467711016535759,-0.24292394518852234,-0.7175799608230591,-0.11720579117536545,-0.1799468994140625,-0.5500826835632324,-0.08894398808479309,-0.1276543289422989,-0.4296470582485199,-0.04634985700249672,HELP
0.0,0.0,0.0,0.22393637895584106,-0.18784703314304352,-0.06167963519692421,0.36625176668167114,-0.5156049728393555,-0.07447106391191483,0.3970312476158142,-0.8121606707572937,-0.08734337985515594,0.2813732326030731,-0.955052375793457,-0.09329546988010406,0.19661374390125275,-0.7200800180435181,-0.00924632791429758,0.1935567408800125,-0.8858553171157837,-0.11288832873106003,0.17265534400939941,-0.662908673286438,-0.1766994446516037,0.15562596917152405,-0.4793076515197754,-0.1975851058959961,0.04944721609354019,-0.71147620677948,-0.008833620697259903,0.04052801802754402,-0.8679235577583313,-0.11694464087486267,0.05314663425087929,-0.5994437336921692,-0.1461307555437088,0.0652889534831047,-0.4177919030189514,-0.13430531322956085,-0.09242506325244904,-0.6682558059692383,-0.025132928043603897,-0.11305578798055649,-0.8095728158950806,-0.12592601776123047,-0.06200405955314636,-0.5580130219459534,-0.10014566034078598,-0.026630949229002,-0.39160847663879395,-0.051434874534606934,-0.23740430176258087,-0.5938417911529541,-0.046657126396894455,-0.24222272634506226,-0.7212512493133545,-0.10931110382080078,-0.18014292418956757,-0.5480518341064453,-0.07883618026971817,-0.1338990479707718,-0.42959830164909363,-0.03384162858128548,HELP
0.0,0.0,0.0,0.22202211618423462,-0.19054585695266724,-0.04967600107192993,0.3655947148799896,-0.5175535678863525,-0.05792194977402687,0.3939688503742218,-0.8062065839767456,-0.06939063966274261,0.28179875016212463,-0.9563095569610596,-0.07785650342702866,0.20468130707740784,-0.7280158996582031,-0.0012056101113557816,0.19978074729442596,-0.8850761651992798,-0.10050152242183685,0.17800812423229218,-0.6716893911361694,-0.16817200183868408,0.15902142226696014,-0.4794445335865021,-0.19257032871246338,0.057007431983947754,-0.7191751003265381,-0.005890829022973776,0.04430532455444336,-0.8652316927909851,-0.10826100409030914,0.05435952544212341,-0.6015213131904602,-0.1408657729625702,0.06800129264593124,-0.3995063304901123,-0.13371437788009644,-0.08675050735473633,-0.6725050806999207,-0.025615472346544266,-0.10911024361848831,-0.8100247979164124,-0.1221606582403183,-0.060132019221782684,-0.5531845688819885,-0.10017421841621399,-0.020218266174197197,-0.36652663350105286,-0.05550922825932503,-0.23252573609352112,-0.5924117565155029,-0.04955727607011795,-0.23813815414905548,-0.7238490581512451,-0.11038719862699509,-0.17859315872192383,-0.5517902374267578,-0.0799114927649498,-0.13106513023376465,-0.42501235008239746,-0.03610099107027054,HELP
0.0,0.0,0.0,0.2166018933057785,-0.18789951503276825,-0.05374998599290848,0.36048397421836853,-0.5076514482498169,-0.06524942070245743,0.3922784626483917,-0.7972408533096313,-0.0796264037489891,0.2802816927433014,-0.9556466341018677,-0.09045251458883286,0.20593254268169403,-0.7144424319267273,-0.008519446477293968,0.19743612408638,-0.8841414451599121,-0.10873790830373764,0.1725688874721527,-0.6678963899612427,-0.17347988486289978,0.15564554929733276,-0.4791058599948883,-0.19543349742889404,0.058482225984334946,-0.7050586342811584,-0.011806066147983074,0.039051808416843414,-0.8570809960365295,-0.11693418025970459,0.04695972055196762,-0.5907396674156189,-0.14782443642616272,0.06236355006694794,-0.38995423913002014,-0.13898171484470367,-0.08690191060304642,-0.6587463021278381,-0.030448736622929573,-0.11112405359745026,-0.8086793422698975,-0.1296905279159546,-0.06395871192216873,-0.5485706925392151,-0.10702358931303024,-0.022151706740260124,-0.35743439197540283,-0.06122136116027832,-0.23478840291500092,-0.580187976360321,-0.053548943251371384,-0.23976609110832214,-0.7144588828086853,-0.11677169054746628,-0.18145057559013367,-0.5447384715080261,-0.08880559355020523,-0.13306432962417603,-0.4152766168117523,-0.046500205993652344,HELP
0.0,0.0,0.0,0.2226686030626297,-0.18071894347667694,-0.05813579261302948,0.36802583932876587,-0.5101698637008667,-0.07153052091598511,0.3952507972717285,-0.8011655211448669,-0.08625622093677521,0.28450849652290344,-0.9537016749382019,-0.09750929474830627,0.20148462057113647,-0.7228191494941711,-0.01579204574227333,0.20530572533607483,-0.8835693001747131,-0.11699681729078293,0.17994052171707153,-0.6705232858657837,-0.1825823336839676,0.15772536396980286,-0.47520917654037476,-0.20532886683940887,0.05070957541465759,-0.7161641120910645,-0.017991645261645317,0.051047433167696,-0.8678677678108215,-0.12484227865934372,0.05284756049513817,-0.6019750833511353,-0.15595553815364838,0.06015050783753395,-0.3951984643936157,-0.1463157832622528,-0.095395028591156,-0.6706468462944031,-0.035281963646411896,-0.1081603616476059,-0.8135021924972534,-0.13546165823936462,-0.061735086143016815,-0.5545000433921814,-0.112941212952137,-0.022713664919137955,-0.36263254284858704,-0.0668366402387619,-0.2427324801683426,-0.5906932950019836,-0.057337287813425064,-0.24236854910850525,-0.7225189208984375,-0.12253246456384659,-0.18049752712249756,-0.5506088137626648,-0.09444881230592728,-0.1314052790403366,-0.42074674367904663,-0.05162850394845009,HELP
0.0,0.0,0.0,0.22584131360054016,-0.1909736692905426,-0.054494708776474,0.3639703691005707,-0.5124152898788452,-0.06506964564323425,0.39232054352760315,-0.7990632653236389,-0.07777956873178482,0.2860395610332489,-0.9542296528816223,-0.08733329176902771,0.19659174978733063,-0.7139483094215393,-0.0059471759013831615,0.20550142228603363,-0.8755161166191101,-0.10250262171030045,0.17994852364063263,-0.668705403804779,-0.16793672740459442,0.15510714054107666,-0.47955331206321716,-0.1920882761478424,0.048828125,-0.707399845123291,-0.008273255079984665,0.05353471636772156,-0.8625293374061584,-0.10947669297456741,0.05701787397265434,-0.6026071906089783,-0.14158007502555847,0.06140530854463577,-0.40261685848236084,-0.1345890313386917,-0.0945308580994606,-0.6632283329963684,-0.025524578988552094,-0.10250035673379898,-0.8127783536911011,-0.12050335854291916,-0.0578562468290329,-0.5587834715843201,-0.09779927134513855,-0.02485007606446743,-0.37086039781570435,-0.053073253482580185,-0.23946824669837952,-0.5840966701507568,-0.04744618758559227,-0.2336452454328537,-0.7223842740058899,-0.10960535705089569,-0.17345884442329407,-0.5521430373191833,-0.08043554425239563,-0.1303510218858719,-0.42294666171073914,-0.03769444301724434,HELP
0.0,0.0,0.0,0.22507677972316742,-0.18660026788711548,-0.05466137453913689,0.3637518882751465,-0.5075744390487671,-0.06437399238348007,0.38849112391471863,-0.7940692901611328,-0.07634104788303375,0.2831747233867645,-0.9552447199821472,-0.08555539697408676,0.20649395883083344,-0.706346869468689,-0.006728234235197306,0.2098742127418518,-0.872972309589386,-0.10428670048713684,0.1804705113172531,-0.6680415868759155,-0.16923482716083527,0.1559704691171646,-0.4778946042060852,-0.1923842877149582,0.058362819254398346,-0.6994099617004395,-0.009097902104258537,0.05625816434621811,-0.8607110977172852,-0.11350014060735703,0.05726563185453415,-0.5962051749229431,-0.1452350914478302,0.0654054805636406,-0.38861340284347534,-0.13642314076423645,-0.08582145720720291,-0.6555947065353394,-0.026528729125857353,-0.09658153355121613,-0.8096261620521545,-0.12620210647583008,-0.0545225664973259,-0.5495097637176514,-0.10380294173955917,-0.020241474732756615,-0.3549712002277374,-0.0570572093129158,-0.23243336379528046,-0.5772305727005005,-0.04841337352991104,-0.22744910418987274,-0.7205701470375061,-0.11429686099290848,-0.1688907891511917,-0.5502575635910034,-0.0859607383608818,-0.1257200390100479,-0.42073705792427063,-0.04261030629277229,HELP
0.0,0.0,0.0,0.22666364908218384,-0.18530192971229553,-0.05526631698012352,0.3647846281528473,-0.5096731781959534,-0.06543312966823578,0.39032965898513794,-0.7958434820175171,-0.07796456664800644,0.28369954228401184,-0.9548839926719666,-0.08781301975250244,0.21179093420505524,-0.7102277278900146,-0.00797257199883461,0.21249786019325256,-0.8734610080718994,-0.1082153245806694,0.18149115145206451,-0.6664560437202454,-0.17512698471546173,0.15795719623565674,-0.47580212354660034,-0.19933946430683136,0.06082656979560852,-0.7050951719284058,-0.010599142871797085,0.055806443095207214,-0.8608856201171875,-0.1180034801363945,0.05493927747011185,-0.5939558744430542,-0.15019364655017853,0.06378471851348877,-0.38336679339408875,-0.1410689353942871,-0.08575145900249481,-0.6622125506401062,-0.028673812747001648,-0.09754284471273422,-0.8137623071670532,-0.1305328905582428,-0.05693581700325012,-0.5515077114105225,-0.10858041048049927,-0.021406743675470352,-0.35318803787231445,-0.06167104095220566,-0.23361891508102417,-0.5846526622772217,-0.05133938789367676,-0.22969794273376465,-0.7219120264053345,-0.11945123970508575,-0.17299175262451172,-0.5483377575874329,-0.09277777373790741,-0.12848791480064392,-0.41669654846191406,-0.050167568027973175,HELP
0.0,0.0,0.0,0.2214832901954651,-0.18895229697227478,-0.055838603526353836,0.35860899090766907,-0.5105182528495789,-0.06625385582447052,0.37944936752319336,-0.7899110913276672,-0.07935905456542969,0.2793116271495819,-0.9559784531593323,-0.08994463831186295,0.1989997774362564,-0.7076972126960754,-0.008734178729355335,0.2036541849374771,-0.8677188158035278,-0.10780201107263565,0.1766851544380188,-0.6612802147865295,-0.17147603631019592,0.15557509660720825,-0.4703473746776581,-0.19233056902885437,0.05127796530723572,-0.6988248825073242,-0.011011717841029167,0.05302940309047699,-0.8544968366622925,-0.1186765506863594,0.0534372553229332,-0.5878610610961914,-0.15039873123168945,0.062374047935009,-0.3754573166370392,-0.13999973237514496,-0.09235762059688568,-0.653723955154419,-0.028674326837062836,-0.09851706027984619,-0.8037706613540649,-0.13386687636375427,-0.05663361772894859,-0.5385628938674927,-0.11446207016706467,-0.020682942122220993,-0.3352019190788269,-0.0672171413898468,-0.23870205879211426,-0.5753892064094543,-0.05054092779755592,-0.23093512654304504,-0.7168619632720947,-0.12162789702415466,-0.17125901579856873,-0.5446418523788452,-0.09669853001832962,-0.1268475502729416,-0.40827053785324097,-0.054016850888729095,HELP
0.0,0.0,0.0,0.22097253799438477,-0.18271414935588837,-0.06028515845537186,0.36105701327323914,-0.5059142708778381,-0.07211320102214813,0.38301002979278564,-0.7884116172790527,-0.08506972342729568,0.28506529331207275,-0.9538047909736633,-0.09483760595321655,0.20164763927459717,-0.7059291005134583,-0.014917254447937012,0.20374184846878052,-0.8694947361946106,-0.11564821749925613,0.1780657172203064,-0.6643519401550293,-0.17955009639263153,0.15783140063285828,-0.4724259078502655,-0.2002238780260086,0.05344340577721596,-0.6974500417709351,-0.014980696141719818,0.05259357765316963,-0.85805344581604,-0.12541435658931732,0.054914817214012146,-0.5915803909301758,-0.157648503780365,0.06542816013097763,-0.3781653344631195,-0.1467680186033249,-0.0896972119808197,-0.6547048687934875,-0.030596144497394562,-0.09961825609207153,-0.8039221167564392,-0.13729391992092133,-0.055089689791202545,-0.5395815372467041,-0.11795830726623535,-0.016874339431524277,-0.33763015270233154,-0.07032602280378342,-0.2348860204219818,-0.5795897841453552,-0.05080211162567139,-0.22886380553245544,-0.720154881477356,-0.12288029491901398,-0.1690022200345993,-0.5488162636756897,-0.09856519848108292,-0.12374348193407059,-0.4148813784122467,-0.05608521029353142,HELP
0.0,0.0,0.0,0.218509241938591,-0.18994934856891632,-0.05782033130526543,0.35776135325431824,-0.506257951259613,-0.07093579322099686,0.3828964829444885,-0.7883127331733704,-0.08585894852876663,0.2818014919757843,-0.9545344114303589,-0.09722059965133667,0.1996442824602127,-0.7016868591308594,-0.01377397496253252,0.2028767615556717,-0.8689348697662354,-0.11491350829601288,0.1762027144432068,-0.6594017148017883,-0.17825637757778168,0.1573692411184311,-0.47335320711135864,-0.19889867305755615,0.05330435931682587,-0.6947453618049622,-0.015576791018247604,0.054869282990694046,-0.8609290719032288,-0.12531378865242004,0.05584180727601051,-0.5938192009925842,-0.15628284215927124,0.0662275031208992,-0.38652870059013367,-0.14513596892356873,-0.08858446776866913,-0.653287410736084,-0.032684314996004105,-0.09720110148191452,-0.8113477230072021,-0.13806381821632385,-0.052847735583782196,-0.5461100339889526,-0.1167064681649208,-0.014410543255507946,-0.3469730317592621,-0.06836486607789993,-0.23203465342521667,-0.5783964395523071,-0.05428706109523773,-0.22522909939289093,-0.721770167350769,-0.12494666129350662,-0.165226012468338,-0.550710141658783,-0.09987889230251312,-0.11977619677782059,-0.4178524315357208,-0.05734030529856682,HELP
0.0,0.0,0.0,0.22023698687553406,-0.19129367172718048,-0.06004984676837921,0.3589330315589905,-0.5079379677772522,-0.07318147271871567,0.38047805428504944,-0.7890326976776123,-0.08731837570667267,0.28104981780052185,-0.9547247886657715,-0.09752775728702545,0.20080162584781647,-0.7020954489707947,-0.015955183655023575,0.2043357938528061,-0.8653618693351746,-0.11747083067893982,0.1770726442337036,-0.6550703048706055,-0.18066123127937317,0.15696541965007782,-0.4692430794239044,-0.20132309198379517,0.053568799048662186,-0.6955359578132629,-0.016661595553159714,0.05544450134038925,-0.8615843653678894,-0.12757639586925507,0.0585615336894989,-0.5950443744659424,-0.15901261568069458,0.06957496702671051,-0.38749727606773376,-0.14793424308300018,-0.08783094584941864,-0.6542713642120361,-0.03279397636651993,-0.0955054834485054,-0.8107771873474121,-0.13969288766384125,-0.049837056547403336,-0.5455216765403748,-0.11890234053134918,-0.011770324781537056,-0.3465782105922699,-0.07049731910228729,-0.23066096007823944,-0.5788935422897339,-0.05350303277373314,-0.2219470590353012,-0.7228719592094421,-0.12575744092464447,-0.16171054542064667,-0.5509768724441528,-0.10106803476810455,-0.11667777597904205,-0.4184269905090332,-0.058391839265823364,HELP
0.0,0.0,0.0,0.21712541580200195,-0.19407477974891663,-0.06223650649189949,0.355400413274765,-0.5098397731781006,-0.07698043435811996,0.37737929821014404,-0.7934313416481018,-0.0925917774438858,0.272310733795166,-0.9565712809562683,-0.1040101870894432,0.19898095726966858,-0.6993662118911743,-0.015425967052578926,0.20311152935028076,-0.861388087272644,-0.11738079786300659,0.17433373630046844,-0.6531198024749756,-0.1807394027709961,0.1532709002494812,-0.47087544202804565,-0.20173859596252441,0.05350995436310768,-0.6958093047142029,-0.01549682579934597,0.051607005298137665,-0.8564284443855286,-0.12816518545150757,0.0547516830265522,-0.5900171399116516,-0.1600838005542755,0.0668141171336174,-0.38440439105033875,-0.14911550283432007,-0.08716355264186859,-0.6574347019195557,-0.03145652636885643,-0.09724003821611404,-0.8089609146118164,-0.139113649725914,-0.05057583376765251,-0.5457541346549988,-0.11893808841705322,-0.011142527684569359,-0.3481541574001312,-0.0707736387848854,-0.22995679080486298,-0.5855882167816162,-0.05237870290875435,-0.22220630943775177,-0.7233960032463074,-0.12431728094816208,-0.16149316728115082,-0.5533355474472046,-0.10087558627128601,-0.11595478653907776,-0.4225277900695801,-0.059233035892248154,HELP
0.0,0.0,0.0,0.21658238768577576,-0.19430461525917053,-0.061663754284381866,0.3540516793727875,-0.5105968117713928,-0.07604916393756866,0.37548038363456726,-0.7925738096237183,-0.09141896665096283,0.27244049310684204,-0.9566850662231445,-0.10261529684066772,0.1975701004266739,-0.7005934119224548,-0.0148129528388381,0.2017613798379898,-0.8598827719688416,-0.11712630093097687,0.1737743318080902,-0.6512802243232727,-0.1809026449918747,0.15308266878128052,-0.46876823902130127,-0.2020607590675354,0.05195404216647148,-0.6961097121238708,-0.015085158869624138,0.05141884833574295,-0.8557602167129517,-0.12826238572597504,0.054540764540433884,-0.5893176198005676,-0.1604403704404831,0.0663800984621048,-0.3828916847705841,-0.14945738017559052,-0.0884990468621254,-0.6572403311729431,-0.03127162531018257,-0.09752096235752106,-0.807938277721405,-0.13938449323177338,-0.05081701651215553,-0.5445787906646729,-0.1193787008523941,-0.011399449780583382,-0.3460933566093445,-0.07107274979352951,-0.2308553159236908,-0.58509761095047,-0.05239284411072731,-0.22205637395381927,-0.7221057415008545,-0.12480968981981277,-0.16139934957027435,-0.5523679852485657,-0.101693294942379,-0.11619069427251816,-0.42183056473731995,-0.060103289783000946,HELP
0.0,0.0,0.0,0.2158472090959549,-0.18619661033153534,-0.05773020535707474,0.3527853488922119,-0.5059728026390076,-0.06962388753890991,0.3841569721698761,-0.787020742893219,-0.0834764689207077,0.28592443466186523,-0.9537217617034912,-0.09307051450014114,0.2039802074432373,-0.7034203410148621,-0.010630212724208832,0.2088921070098877,-0.8670046329498291,-0.1120980903506279,0.17891792953014374,-0.6574503779411316,-0.1748945266008377,0.1574336439371109,-0.4782688319683075,-0.19532924890518188,0.05854694917798042,-0.700219988822937,-0.012967200018465519,0.0593700185418129,-0.8545130491256714,-0.12372422218322754,0.05993104353547096,-0.584636926651001,-0.15308915078639984,0.0699487179517746,-0.3847140371799469,-0.140363410115242,-0.0843118280172348,-0.6614264249801636,-0.03134559839963913,-0.09117750078439713,-0.8039852380752563,-0.13724736869335175,-0.0484636016190052,-0.5386863946914673,-0.11422054469585419,-0.012690718285739422,-0.3482312858104706,-0.0644843727350235,-0.22927580773830414,-0.5899758338928223,-0.05445188283920288,-0.22044023871421814,-0.7221059203147888,-0.12407186627388,-0.15905435383319855,-0.5467130541801453,-0.09733068943023682,-0.11331943422555923,-0.4171178936958313,-0.05327463895082474,HELP
0.0,0.0,0.0,0.21625205874443054,-0.17594292759895325,-0.055786486715078354,0.3616395592689514,-0.5002622604370117,-0.06715989857912064,0.39531517028808594,-0.7888482809066772,-0.07958157360553741,0.29002317786216736,-0.9530316591262817,-0.0872771143913269,0.2139127403497696,-0.706091046333313,-0.016204340383410454,0.21256564557552338,-0.8742899894714355,-0.11278065294027328,0.18444505333900452,-0.659990668296814,-0.16993534564971924,0.1687903106212616,-0.4822356104850769,-0.18742354214191437,0.06785614043474197,-0.7015003561973572,-0.017946386709809303,0.06321404129266739,-0.8578031659126282,-0.1232038140296936,0.06456057727336884,-0.5882411599159241,-0.1490156203508377,0.07702270150184631,-0.392025351524353,-0.13568462431430817,-0.0752105563879013,-0.6619746685028076,-0.0343194454908371,-0.08541230857372284,-0.8088522553443909,-0.13564103841781616,-0.044621288776397705,-0.5424330830574036,-0.11114107072353363,-0.007700810208916664,-0.3527538478374481,-0.06262668967247009,-0.22085779905319214,-0.591096043586731,-0.0549788735806942,-0.2133026123046875,-0.7161493897438049,-0.12186355888843536,-0.15492361783981323,-0.5381205677986145,-0.09555952996015549,-0.10840119421482086,-0.4064621031284332,-0.053173668682575226,HELP
0.0,0.0,0.0,0.2161472737789154,-0.17560212314128876,-0.050893694162368774,0.36813634634017944,-0.5003236532211304,-0.05967485532164574,0.41242149472236633,-0.7847422957420349,-0.07050232589244843,0.31060609221458435,-0.9475210309028625,-0.0756819099187851,0.22072568535804749,-0.7206138372421265,-0.010335752740502357,0.21903830766677856,-0.8951057195663452,-0.10574457049369812,0.19761022925376892,-0.6796187162399292,-0.16222722828388214,0.18614546954631805,-0.5102427005767822,-0.18014883995056152,0.07360963523387909,-0.7131961584091187,-0.015756508335471153,0.061009928584098816,-0.8804579973220825,-0.11689227819442749,0.06924034655094147,-0.6101999282836914,-0.14100520312786102,0.08463381230831146,-0.4282926023006439,-0.12863317131996155,-0.07275530695915222,-0.6700345277786255,-0.03567540645599365,-0.08897530287504196,-0.8286284804344177,-0.13473881781101227,-0.0453125536441803,-0.5605800151824951,-0.10607040673494339,-0.01101814117282629,-0.3822060525417328,-0.05686876177787781,-0.22392743825912476,-0.596359133720398,-0.05959277227520943,-0.2243133783340454,-0.7220711708068848,-0.1245143711566925,-0.16283167898654938,-0.5382452607154846,-0.09393543750047684,-0.11546751111745834,-0.40821072459220886,-0.04948504641652107,HELP
0.0,0.0,0.0,0.21039433777332306,-0.19156166911125183,-0.047726526856422424,0.3647090196609497,-0.5102173089981079,-0.05616351217031479,0.40814822912216187,-0.796130895614624,-0.06766726076602936,0.29618337750434875,-0.9522762894630432,-0.07379177212715149,0.21115389466285706,-0.7275516986846924,0.005201082676649094,0.21813654899597168,-0.8918991088867188,-0.08471531420946121,0.2040272355079651,-0.677636981010437,-0.14264684915542603,0.19353802502155304,-0.5136640071868896,-0.16286662220954895,0.07074025273323059,-0.7195184230804443,-0.0011996520916000009,0.06041328236460686,-0.8782041668891907,-0.09356898814439774,0.07522601634263992,-0.6177768111228943,-0.12139999866485596,0.08995604515075684,-0.44884857535362244,-0.11465303599834442,-0.07139558345079422,-0.6749935746192932,-0.02197454869747162,-0.08811691403388977,-0.8278001546859741,-0.11311711370944977,-0.040180761367082596,-0.5717313289642334,-0.08716918528079987,-0.00913367047905922,-0.4022558629512787,-0.042623236775398254,-0.22169242799282074,-0.5974360704421997,-0.046771470457315445,-0.22145943343639374,-0.7311314940452576,-0.10528247803449631,-0.16105975210666656,-0.5509921312332153,-0.07323262840509415,-0.11891032755374908,-0.4182964563369751,-0.02932530827820301,HELP
0.0,0.0,0.0,0.20575426518917084,-0.19718605279922485,-0.04421345517039299,0.34850409626960754,-0.5007547736167908,-0.054704565554857254,0.38477617502212524,-0.7875485420227051,-0.07008698582649231,0.2768711745738983,-0.9572833776473999,-0.08337154239416122,0.19697509706020355,-0.7188069224357605,0.011896492913365364,0.19991418719291687,-0.8678594827651978,-0.08181076496839523,0.18180643022060394,-0.6726942658424377,-0.14915776252746582,0.1670953333377838,-0.5037950873374939,-0.1753200888633728,0.060820139944553375,-0.7115798592567444,0.0045895022340118885,0.05023490637540817,-0.8649646639823914,-0.08951368182897568,0.06175815314054489,-0.6197980046272278,-0.125123530626297,0.07505596429109573,-0.43640315532684326,-0.12340274453163147,-0.07498542964458466,-0.6669546365737915,-0.016713498160243034,-0.09442231059074402,-0.8157285451889038,-0.1076819896697998,-0.04998481646180153,-0.5702245235443115,-0.08777299523353577,-0.018487878143787384,-0.3939381241798401,-0.04676441848278046,-0.21751001477241516,-0.5893819332122803,-0.04164581745862961,-0.21975208818912506,-0.7191731929779053,-0.09901366382837296,-0.1619776338338852,-0.5478923916816711,-0.06929679214954376,-0.12102434784173965,-0.41921672224998474,-0.02719523012638092,HELP
0.0,0.0,0.0,0.20365843176841736,-0.20438338816165924,-0.04664558544754982,0.3513874411582947,-0.5174638628959656,-0.0550139844417572,0.398062527179718,-0.8016072511672974,-0.06741683185100555,0.2892507314682007,-0.9542820453643799,-0.07536400854587555,0.18883632123470306,-0.7280884981155396,0.01644345372915268,0.1987152397632599,-0.8914353847503662,-0.06846808642148972,0.19522874057292938,-0.6891223788261414,-0.12788072228431702,0.18591655790805817,-0.5371116399765015,-0.15072639286518097,0.055869027972221375,-0.723479688167572,0.010858888737857342,0.05080119147896767,-0.8775423169136047,-0.07173420488834381,0.069309301674366,-0.6290210485458374,-0.10209231078624725,0.07912647724151611,-0.4719632565975189,-0.09990057349205017,-0.08000775426626205,-0.6768587231636047,-0.009171192534267902,-0.09681615233421326,-0.8272996544837952,-0.09331591427326202,-0.04655293747782707,-0.5840350389480591,-0.07223860919475555,-0.019559398293495178,-0.4239155054092407,-0.03267918527126312,-0.22527672350406647,-0.5942185521125793,-0.03320568427443504,-0.22939956188201904,-0.7254048585891724,-0.08940743654966354,-0.16365984082221985,-0.5569542050361633,-0.06020724028348923,-0.12004783749580383,-0.4290107786655426,-0.01867191307246685,HELP
0.0,0.0,0.0,0.20798447728157043,-0.20394910871982574,-0.04697396233677864,0.36093878746032715,-0.5196593999862671,-0.05484938994050026,0.4023172855377197,-0.8081541061401367,-0.06544499099254608,0.2878534197807312,-0.9550583362579346,-0.0707385390996933,0.20120744407176971,-0.7254471778869629,0.011356419883668423,0.19621194899082184,-0.9078347682952881,-0.06978019326925278,0.19440235197544098,-0.700693666934967,-0.12430866062641144,0.19369791448116302,-0.5532650947570801,-0.14470401406288147,0.06286466121673584,-0.7180001139640808,0.0072039952501654625,0.04214691370725632,-0.8824421763420105,-0.07295085489749908,0.06454598158597946,-0.6299207210540771,-0.0994609147310257,0.08113379776477814,-0.4796341359615326,-0.09512805938720703,-0.07521108537912369,-0.6710449457168579,-0.010552587918937206,-0.10639849305152893,-0.8248236775398254,-0.09252388775348663,-0.05525410547852516,-0.5796336531639099,-0.0673573762178421,-0.023887494578957558,-0.4253895580768585,-0.02584104612469673,-0.2204490751028061,-0.5909234881401062,-0.03215077519416809,-0.23434773087501526,-0.7277349829673767,-0.0852670669555664,-0.1720479279756546,-0.5523311495780945,-0.052326131612062454,-0.12877140939235687,-0.423175185918808,-0.008763240650296211,HELP
0.0,0.0,0.0,0.2071828544139862,-0.19646675884723663,-0.05092978850007057,0.3568578362464905,-0.511568546295166,-0.06362805515527725,0.39601725339889526,-0.8023945689201355,-0.07910922914743423,0.2790831923484802,-0.9561779499053955,-0.0885227769613266,0.2007657140493393,-0.7231407165527344,-0.0004896840546280146,0.1969858855009079,-0.9059605598449707,-0.09702658653259277,0.1932082623243332,-0.6868077516555786,-0.1563701033592224,0.19251777231693268,-0.5287180542945862,-0.17643387615680695,0.059032686054706573,-0.7163196802139282,-0.0066159009002149105,0.04016895592212677,-0.8804328441619873,-0.10228125751018524,0.06044536083936691,-0.6129358410835266,-0.12760761380195618,0.07835733890533447,-0.4568827152252197,-0.1186891719698906,-0.0812826007604599,-0.6706480979919434,-0.027875453233718872,-0.10512050986289978,-0.8228657245635986,-0.12437359243631363,-0.055658478289842606,-0.5643516182899475,-0.09546581655740738,-0.024015087634325027,-0.4080955386161804,-0.04761840030550957,-0.22721193730831146,-0.5937831401824951,-0.053117405623197556,-0.23769450187683105,-0.7234570384025574,-0.1144094467163086,-0.17796769738197327,-0.5392634868621826,-0.08048500865697861,-0.1361951380968094,-0.41168448328971863,-0.03431970626115799,HELP
0.0,0.0,0.0,0.20685723423957825,-0.20008565485477448,-0.04819226264953613,0.3480474650859833,-0.5071404576301575,-0.06079614534974098,0.38154932856559753,-0.798296332359314,-0.077521413564682,0.26655101776123047,-0.9595865607261658,-0.09024526178836823,0.1965232938528061,-0.7164835929870605,0.008840441703796387,0.18901166319847107,-0.8781217932701111,-0.08899471163749695,0.17474114894866943,-0.6749851107597351,-0.15564514696598053,0.1703290194272995,-0.5103445053100586,-0.18007799983024597,0.05528410151600838,-0.707764744758606,0.0029050137382000685,0.036000918596982956,-0.863990843296051,-0.0976283922791481,0.04864642769098282,-0.6151767373085022,-0.1332583874464035,0.06783530116081238,-0.43946030735969543,-0.1289099156856537,-0.08145059645175934,-0.6651192903518677,-0.017829762771725655,-0.10706470161676407,-0.8052009344100952,-0.11484980583190918,-0.06348218023777008,-0.5597301125526428,-0.09541323781013489,-0.026867570355534554,-0.3915947377681732,-0.05205368995666504,-0.21984076499938965,-0.5928073525428772,-0.04242265596985817,-0.229256272315979,-0.7142184972763062,-0.10249117761850357,-0.1760953664779663,-0.5376229286193848,-0.07381372898817062,-0.13300873339176178,-0.40945640206336975,-0.03085332177579403,HELP
0.0,0.0,0.0,0.2074226438999176,-0.19687709212303162,-0.053040508180856705,0.35749849677085876,-0.5085482597351074,-0.0650390163064003,0.4008508026599884,-0.8007944822311401,-0.07994326949119568,0.2827053964138031,-0.9551001787185669,-0.08866409212350845,0.19300678372383118,-0.7231112122535706,0.007052204106003046,0.18677207827568054,-0.9041149616241455,-0.08873683959245682,0.18044613301753998,-0.691788375377655,-0.14773759245872498,0.17777986824512482,-0.5396931171417236,-0.16737020015716553,0.05484088510274887,-0.7197842001914978,0.0020134267397224903,0.032752491533756256,-0.8885347843170166,-0.0922423005104065,0.05319162458181381,-0.6252830028533936,-0.11792910844087601,0.07288205623626709,-0.4727815091609955,-0.10864844173192978,-0.08270695060491562,-0.6717538833618164,-0.01894376054406166,-0.11161380261182785,-0.8314149975776672,-0.1163349524140358,-0.06073450669646263,-0.5737033486366272,-0.08837771415710449,-0.02680596336722374,-0.4188731014728546,-0.04004731401801109,-0.22651565074920654,-0.588915228843689,-0.044020067900419235,-0.2424144148826599,-0.7229182124137878,-0.10683585703372955,-0.18108592927455902,-0.542941153049469,-0.07429633289575577,-0.13729676604270935,-0.41854533553123474,-0.02828185260295868,HELP
0.0,0.0,0.0,0.2160157561302185,-0.19796915352344513,-0.0540996715426445,0.36238470673561096,-0.5071145296096802,-0.06472579389810562,0.3992754817008972,-0.8039172887802124,-0.07840137183666229,0.28013303875923157,-0.9561131596565247,-0.08586665987968445,0.1970544457435608,-0.7071412205696106,0.010408504866063595,0.19238944351673126,-0.8933779001235962,-0.08547716587781906,0.18484315276145935,-0.6882572770118713,-0.14401504397392273,0.17813703417778015,-0.5404644012451172,-0.16432058811187744,0.059344660490751266,-0.707021176815033,0.005944780074059963,0.036716438829898834,-0.884745180606842,-0.09840074926614761,0.06249229982495308,-0.6219845414161682,-0.1292085498571396,0.08154558390378952,-0.464627742767334,-0.12045925855636597,-0.07768522948026657,-0.6670747995376587,-0.01465002354234457,-0.11100438982248306,-0.8359299302101135,-0.12017802149057388,-0.05125322937965393,-0.574674129486084,-0.09664544463157654,-0.013887952081859112,-0.4121445417404175,-0.04820723086595535,-0.22130455076694489,-0.5916180610656738,-0.03947393223643303,-0.23587964475154877,-0.7235381603240967,-0.10988546162843704,-0.16879190504550934,-0.5451958775520325,-0.08464875817298889,-0.12030013650655746,-0.4202843904495239,-0.04236702620983124,HELP
0.0,0.0,0.0,0.2197495996952057,-0.20712265372276306,-0.05741054192185402,0.3639349043369293,-0.5120910406112671,-0.07114824652671814,0.4006405472755432,-0.7981098890304565,-0.08989772200584412,0.2829956114292145,-0.953589141368866,-0.10286515206098557,0.19639067351818085,-0.7154184579849243,0.014944370836019516,0.19626665115356445,-0.8987833857536316,-0.09551148861646652,0.17905612289905548,-0.6892604231834412,-0.1659771203994751,0.1720108985900879,-0.5269563794136047,-0.190767303109169,0.05566957965493202,-0.7101688385009766,0.010177607648074627,0.042437005788087845,-0.8802223801612854,-0.11331809312105179,0.055195700377225876,-0.6131243705749512,-0.1542770117521286,0.07725443691015244,-0.4364777207374573,-0.14673647284507751,-0.08047095686197281,-0.6683884859085083,-0.01266132015734911,-0.10119614005088806,-0.8234099745750427,-0.13190986216068268,-0.05420469492673874,-0.560799777507782,-0.11299321055412292,-0.01440180279314518,-0.3872241973876953,-0.06191159412264824,-0.21785463392734528,-0.5955971479415894,-0.04020433872938156,-0.22258852422237396,-0.7234892845153809,-0.11721933633089066,-0.1653740257024765,-0.5394338965415955,-0.0930972620844841,-0.11764044314622879,-0.4073649048805237,-0.04816471040248871,HELP
0.0,0.0,0.0,0.2182544767856598,-0.20917923748493195,-0.04422815889120102,0.36082106828689575,-0.5117081999778748,-0.05217711254954338,0.40030115842819214,-0.8005392551422119,-0.06674801558256149,0.28563904762268066,-0.9552810192108154,-0.07647572457790375,0.20093649625778198,-0.7057346105575562,0.022050948813557625,0.19112743437290192,-0.912205159664154,-0.0748501643538475,0.1814042031764984,-0.7132176160812378,-0.1363033652305603,0.17862913012504578,-0.5545008778572083,-0.1573503017425537,0.061515189707279205,-0.7010964155197144,0.013542152009904385,0.03581374138593674,-0.8916652202606201,-0.09114141762256622,0.054459769278764725,-0.6301597356796265,-0.1253414899110794,0.0746568813920021,-0.4622829258441925,-0.1183614656329155,-0.07544976472854614,-0.6595675349235535,-0.010576303116977215,-0.10989101976156235,-0.8402654528617859,-0.11522918194532394,-0.058831412345170975,-0.5798197388648987,-0.09274736791849136,-0.020650655031204224,-0.40960851311683655,-0.044309016317129135,-0.2153852880001068,-0.5847778916358948,-0.03818350285291672,-0.2330983728170395,-0.7321563959121704,-0.10652541369199753,-0.17232553660869598,-0.5525599122047424,-0.07908163964748383,-0.12444087117910385,-0.4200834035873413,-0.03498637676239014,HELP
0.0,0.0,0.0,0.21741312742233276,-0.19537337124347687,-0.05459509417414665,0.3612085282802582,-0.4921584725379944,-0.06747245788574219,0.4021686911582947,-0.7869513034820557,-0.08464311063289642,0.2872147858142853,-0.9529038667678833,-0.09737467765808105,0.20604462921619415,-0.700421154499054,0.010928035713732243,0.2020154595375061,-0.8955885767936707,-0.08987817913293839,0.18102464079856873,-0.7018195986747742,-0.15448889136314392,0.1686049997806549,-0.5446994304656982,-0.17798325419425964,0.0683671310544014,-0.7003569602966309,0.006859376095235348,0.0445011667907238,-0.8862471580505371,-0.1042138859629631,0.05697279050946236,-0.6255649924278259,-0.14081774652004242,0.07542569935321808,-0.45223668217658997,-0.1343686580657959,-0.06698023527860641,-0.6607745289802551,-0.01326757948845625,-0.1023767963051796,-0.8360552191734314,-0.12379098683595657,-0.05414354428648949,-0.5740313529968262,-0.10295739769935608,-0.015789438039064407,-0.4002223610877991,-0.05438240244984627,-0.20527738332748413,-0.586288571357727,-0.0374349020421505,-0.22286167740821838,-0.7242209911346436,-0.1111583262681961,-0.1640329658985138,-0.5438690781593323,-0.08670913428068161,-0.11630598455667496,-0.41319963335990906,-0.04385937377810478,HELP
0.0,0.0,0.0,0.21277250349521637,-0.2035495489835739,-0.051020972430706024,0.35328441858291626,-0.5054414868354797,-0.06362953782081604,0.380752295255661,-0.7939508557319641,-0.08141323924064636,0.26803824305534363,-0.9587066769599915,-0.09506411105394363,0.19695168733596802,-0.7090817093849182,0.00880513247102499,0.1864766925573349,-0.8979043960571289,-0.09239257872104645,0.16458749771118164,-0.6997939348220825,-0.15659798681735992,0.1563807874917984,-0.5331413745880127,-0.17849640548229218,0.05472846329212189,-0.7016308307647705,0.0029081436805427074,0.02968548983335495,-0.8822354078292847,-0.10942600667476654,0.04276544600725174,-0.6189875602722168,-0.146043062210083,0.06357289850711823,-0.4287673532962799,-0.13833440840244293,-0.08188585191965103,-0.6597970128059387,-0.018580878153443336,-0.11626716703176498,-0.8298747539520264,-0.12727896869182587,-0.06629447638988495,-0.5669800043106079,-0.10892002284526825,-0.023671569302678108,-0.3806275725364685,-0.061886295676231384,-0.21916911005973816,-0.5847480893135071,-0.043904975056648254,-0.23716334998607635,-0.7248153686523438,-0.11464890837669373,-0.1768777221441269,-0.547785222530365,-0.09156157821416855,-0.1266101449728012,-0.41294729709625244,-0.05011469125747681,HELP
0.0,0.0,0.0,0.2188331037759781,-0.19267313182353973,-0.04926256835460663,0.3631470799446106,-0.5050598978996277,-0.0586390383541584,0.3972061574459076,-0.8013504147529602,-0.07319962978363037,0.275118887424469,-0.9576969742774963,-0.08441520482301712,0.20330432057380676,-0.7159264087677002,0.013575556688010693,0.1905662566423416,-0.9079286456108093,-0.08571097254753113,0.1742040067911148,-0.7054010629653931,-0.14980068802833557,0.16949403285980225,-0.5372685194015503,-0.17190024256706238,0.061869461089372635,-0.7103127241134644,0.008105050772428513,0.03866525739431381,-0.8924268484115601,-0.10026264190673828,0.05244165658950806,-0.6246524453163147,-0.13581137359142303,0.07167386263608932,-0.44047030806541443,-0.12808270752429962,-0.07587592303752899,-0.6672961115837097,-0.012754558585584164,-0.10794991254806519,-0.8387564420700073,-0.12051670998334885,-0.06018504500389099,-0.5686248540878296,-0.10019099712371826,-0.022634442895650864,-0.3869416117668152,-0.051827363669872284,-0.21620400249958038,-0.5917697548866272,-0.0370619036257267,-0.23044931888580322,-0.7354716062545776,-0.10743678361177444,-0.1718774139881134,-0.5510339140892029,-0.08128274232149124,-0.12498421221971512,-0.4160803258419037,-0.03741827979683876,HELP
0.0,0.0,0.0,0.221764475107193,-0.2024271935224533,-0.04896483197808266,0.36462247371673584,-0.5130501389503479,-0.05951923877000809,0.3970138728618622,-0.8028859496116638,-0.0765453353524208,0.2768133580684662,-0.9565901756286621,-0.09115654230117798,0.19825725257396698,-0.7239105105400085,0.01483080629259348,0.1853850781917572,-0.9162248969078064,-0.08662841469049454,0.16961921751499176,-0.7181119918823242,-0.15394502878189087,0.16321352124214172,-0.5460506081581116,-0.17824214696884155,0.05683564767241478,-0.7161461114883423,0.007747611030936241,0.03371231257915497,-0.895645797252655,-0.10646567493677139,0.047646664083004,-0.6264579892158508,-0.1460004597902298,0.06601326167583466,-0.4335080683231354,-0.13971742987632751,-0.08046853542327881,-0.6710563898086548,-0.015034924261271954,-0.11387981474399567,-0.8458294868469238,-0.12619303166866302,-0.06184962019324303,-0.5787617564201355,-0.10919954627752304,-0.021127384155988693,-0.39048925042152405,-0.06200559064745903,-0.21984794735908508,-0.5903791189193726,-0.041431963443756104,-0.2356763333082199,-0.7416025996208191,-0.11595690250396729,-0.17188134789466858,-0.5626826286315918,-0.09330280125141144,-0.11994556337594986,-0.42495203018188477,-0.05103769153356552,HELP
0.0,0.0,0.0,0.21940819919109344,-0.20427310466766357,-0.055475715547800064,0.3580051064491272,-0.5128175020217896,-0.0683213621377945,0.3837614357471466,-0.8001562356948853,-0.08568446338176727,0.2673186957836151,-0.9583998918533325,-0.10005179047584534,0.20040445029735565,-0.7118480801582336,0.008744752034544945,0.18664969503879547,-0.8965519666671753,-0.09455405175685883,0.1618470549583435,-0.7028203010559082,-0.16390258073806763,0.1491868942975998,-0.5273066163063049,-0.18895632028579712,0.059352435171604156,-0.7071179151535034,0.00620837789028883,0.036550331860780716,-0.8818768858909607,-0.11068577319383621,0.04024293273687363,-0.6177756786346436,-0.15167279541492462,0.053617123514413834,-0.4167858064174652,-0.14555594325065613,-0.07663942128419876,-0.6674270629882812,-0.01253743190318346,-0.10947902500629425,-0.8349868059158325,-0.12358593940734863,-0.06370317935943604,-0.5737286806106567,-0.1086665615439415,-0.02315698005259037,-0.3803956210613251,-0.06254708766937256,-0.21434536576271057,-0.5942988991737366,-0.03565795347094536,-0.22791406512260437,-0.7361701130867004,-0.10958921164274216,-0.16909457743167877,-0.5627387166023254,-0.08929870277643204,-0.11920752376317978,-0.4279131591320038,-0.04885733127593994,HELP
0.0,0.0,0.0,0.21629537642002106,-0.1999719887971878,-0.059682752937078476,0.35693299770355225,-0.5137401223182678,-0.0744917020201683,0.3790550231933594,-0.8057970404624939,-0.09174244105815887,0.26013123989105225,-0.95977383852005,-0.10566871613264084,0.2003810703754425,-0.7099543809890747,-0.007759665139019489,0.18721021711826324,-0.8894271850585938,-0.11175025999546051,0.16088247299194336,-0.6829900741577148,-0.1785614937543869,0.14912936091423035,-0.5040818452835083,-0.20177008211612701,0.05735129863023758,-0.7019901871681213,-0.009000701829791069,0.03591708093881607,-0.8823803067207336,-0.12681548297405243,0.0415768101811409,-0.6139944791793823,-0.16441012918949127,0.05667506158351898,-0.405853271484375,-0.15552817285060883,-0.07865050435066223,-0.6594648957252502,-0.0256793349981308,-0.11047308146953583,-0.827210545539856,-0.13797669112682343,-0.06128067523241043,-0.5611363649368286,-0.12254762649536133,-0.018215246498584747,-0.36163461208343506,-0.07559937983751297,-0.21495626866817474,-0.5846390128135681,-0.04671679064631462,-0.22974243760108948,-0.7324503064155579,-0.12112677842378616,-0.1696096956729889,-0.5607838034629822,-0.10093729197978973,-0.11912980675697327,-0.4236159324645996,-0.06069377064704895,HELP
0.0,0.0,0.0,0.21910123527050018,-0.2015528380870819,-0.05309149622917175,0.3620728552341461,-0.5183464288711548,-0.0635669082403183,0.38789546489715576,-0.8066005110740662,-0.07923965156078339,0.26916325092315674,-0.9586931467056274,-0.09197081625461578,0.19794607162475586,-0.7237595319747925,0.008252391591668129,0.18316592276096344,-0.9104795455932617,-0.09592289477586746,0.1608090102672577,-0.7069125771522522,-0.16361084580421448,0.15046681463718414,-0.5247018337249756,-0.18614672124385834,0.055776290595531464,-0.7118467688560486,0.003620794275775552,0.030962340533733368,-0.8895605802536011,-0.114763043820858,0.042904600501060486,-0.6182178258895874,-0.15475228428840637,0.061456918716430664,-0.4110499322414398,-0.1461903303861618,-0.08104010671377182,-0.6660217046737671,-0.017048118636012077,-0.11558469384908676,-0.825901448726654,-0.1315125972032547,-0.06286044418811798,-0.5567970275878906,-0.11727312207221985,-0.018942778930068016,-0.360725462436676,-0.06954555213451385,-0.2199055254459381,-0.58902508020401,-0.04153791442513466,-0.23586134612560272,-0.7401099801063538,-0.11558108776807785,-0.17503352463245392,-0.5624358654022217,-0.09307398647069931,-0.12533798813819885,-0.4233371913433075,-0.050276003777980804,HELP
0.0,0.0,0.0,0.21661117672920227,-0.19769436120986938,-0.061277057975530624,0.35933247208595276,-0.5083130598068237,-0.07641834020614624,0.3839664161205292,-0.797585666179657,-0.09382530301809311,0.2685452997684479,-0.9572774767875671,-0.10725358873605728,0.20679612457752228,-0.7101949453353882,-0.006084697786718607,0.19136664271354675,-0.8940898180007935,-0.11124899238348007,0.16249163448810577,-0.6918848156929016,-0.1788931041955948,0.1488453447818756,-0.5134152770042419,-0.20215588808059692,0.063369520008564,-0.703274130821228,-0.005842648446559906,0.03679557517170906,-0.878177285194397,-0.12614814937114716,0.04322890564799309,-0.6117300987243652,-0.16531245410442352,0.06094495952129364,-0.40533071756362915,-0.15683142840862274,-0.07327652722597122,-0.6647886037826538,-0.021595394238829613,-0.10887420177459717,-0.8248975276947021,-0.13559430837631226,-0.06037937104701996,-0.5593326091766357,-0.12110573798418045,-0.01574842631816864,-0.36107727885246277,-0.07408040016889572,-0.20982587337493896,-0.595156192779541,-0.04196574166417122,-0.22559282183647156,-0.7345818877220154,-0.11811749637126923,-0.16858753561973572,-0.5578792095184326,-0.09928467124700546,-0.11901050060987473,-0.4197481870651245,-0.059140536934137344,HELP
0.0,0.0,0.0,0.222418412566185,-0.1990637332201004,-0.05749696120619774,0.3706558346748352,-0.5150734782218933,-0.06808139383792877,0.390688955783844,-0.8039150238037109,-0.08294244855642319,0.27179476618766785,-0.9576877951622009,-0.0946667343378067,0.20423990488052368,-0.7176724076271057,0.007969941012561321,0.19003064930438995,-0.8985715508460999,-0.09543442726135254,0.16378453373908997,-0.6953989863395691,-0.1633867770433426,0.15348894894123077,-0.5153026580810547,-0.18654637038707733,0.06095649302005768,-0.7086983919143677,0.006262324284762144,0.04002111777663231,-0.8791881799697876,-0.11270687729120255,0.04398511350154877,-0.6108455061912537,-0.15427866578102112,0.060781531035900116,-0.40176308155059814,-0.14647293090820312,-0.07488580793142319,-0.6657552719116211,-0.011944626457989216,-0.10694330930709839,-0.8226667642593384,-0.1264542192220688,-0.06195462867617607,-0.5545796155929565,-0.11451201140880585,-0.0184496957808733,-0.35349589586257935,-0.06812924891710281,-0.2122163027524948,-0.5913965106010437,-0.03442263975739479,-0.2293190211057663,-0.7320223450660706,-0.1103084608912468,-0.17223632335662842,-0.5546019673347473,-0.0915895625948906,-0.12043288350105286,-0.413919061422348,-0.05091129243373871,HELP
0.0,0.0,0.0,0.2239648848772049,-0.19957949221134186,-0.06125866621732712,0.3718545138835907,-0.5065642595291138,-0.0759984478354454,0.39616408944129944,-0.7990821599960327,-0.09347181767225266,0.2764364182949066,-0.9549528956413269,-0.1079258918762207,0.21726267039775848,-0.706654965877533,-0.005215942393988371,0.19543208181858063,-0.8953784704208374,-0.11070562899112701,0.16916821897029877,-0.6951836347579956,-0.17834407091140747,0.16124899685382843,-0.516028642654419,-0.2013847380876541,0.0725083276629448,-0.7029045820236206,-0.00494253309443593,0.04489569365978241,-0.8783127069473267,-0.1275024116039276,0.04687424749135971,-0.6077902913093567,-0.1676212102174759,0.06331856548786163,-0.39871859550476074,-0.1588473916053772,-0.06514734029769897,-0.6653059124946594,-0.020611170679330826,-0.10048829019069672,-0.8276852369308472,-0.13752612471580505,-0.05935456231236458,-0.5575530529022217,-0.12324082106351852,-0.01693154126405716,-0.35711392760276794,-0.07531531155109406,-0.2034972757101059,-0.5954098105430603,-0.04065317660570145,-0.22121445834636688,-0.7379374504089355,-0.11886066943407059,-0.16926321387290955,-0.5569800138473511,-0.09982066601514816,-0.12050581723451614,-0.4155231714248657,-0.05886991694569588,HELP
0.0,0.0,0.0,0.22093459963798523,-0.20242643356323242,-0.05860952287912369,0.3667753040790558,-0.5102561116218567,-0.07268251478672028,0.3885076940059662,-0.802547812461853,-0.09002164751291275,0.2667323648929596,-0.958058774471283,-0.10477221757173538,0.21022698283195496,-0.7033363580703735,-0.0014988938346505165,0.18832699954509735,-0.8859565854072571,-0.10500500351190567,0.16192536056041718,-0.6884589195251465,-0.17209883034229279,0.15489152073860168,-0.5135435461997986,-0.19559521973133087,0.06600523740053177,-0.698164165019989,-0.0030009951442480087,0.03649893403053284,-0.8746628165245056,-0.12421159446239471,0.04331186041235924,-0.6090244650840759,-0.16495919227600098,0.06268785893917084,-0.4016266167163849,-0.15705960988998413,-0.07059819251298904,-0.6600010395050049,-0.020117806270718575,-0.10883992165327072,-0.8240600228309631,-0.1358715146780014,-0.06294071674346924,-0.5580047369003296,-0.12307771295309067,-0.018658313900232315,-0.35857146978378296,-0.07679913192987442,-0.20775747299194336,-0.5891428589820862,-0.041392598301172256,-0.2282881736755371,-0.7323026061058044,-0.11902684718370438,-0.17338097095489502,-0.5548081398010254,-0.10140223056077957,-0.12297753244638443,-0.4137273132801056,-0.06208132952451706,HELP
0.0,0.0,0.0,0.21936921775341034,-0.20319312810897827,-0.06003740057349205,0.36577796936035156,-0.5099999904632568,-0.0743861123919487,0.3860582113265991,-0.8025746941566467,-0.09115473181009293,0.2632901072502136,-0.9590195417404175,-0.1046893298625946,0.21180607378482819,-0.699121356010437,-0.0035990276373922825,0.1902766078710556,-0.8807395100593567,-0.10671620815992355,0.1611461639404297,-0.6800056099891663,-0.17291535437107086,0.15302500128746033,-0.5068674683570862,-0.19603613018989563,0.06692025810480118,-0.6950075030326843,-0.004391071852296591,0.03667644038796425,-0.8747854232788086,-0.12463963031768799,0.042378950864076614,-0.6091819405555725,-0.16412653028964996,0.06278393417596817,-0.403836190700531,-0.15553803741931915,-0.06988703459501266,-0.6578692197799683,-0.020776543766260147,-0.10917183756828308,-0.8240261077880859,-0.13571906089782715,-0.06332411617040634,-0.5567793250083923,-0.12123583257198334,-0.017994413152337074,-0.35841280221939087,-0.0740199014544487,-0.20674486458301544,-0.5884885191917419,-0.0414399728178978,-0.22826749086380005,-0.7318823337554932,-0.11820756644010544,-0.17446543276309967,-0.553733229637146,-0.09917610883712769,-0.12422618269920349,-0.4146036207675934,-0.0589633509516716,HELP
0.0,0.0,0.0,0.2224549800157547,-0.20269760489463806,-0.06091540306806564,0.3684512674808502,-0.5140497088432312,-0.07382529228925705,0.39100706577301025,-0.8058695197105408,-0.08920868486166,0.2681863009929657,-0.9580368399620056,-0.10120077431201935,0.2124922275543213,-0.7081785202026367,-0.0018219134071841836,0.19094844162464142,-0.8864602446556091,-0.10694063454866409,0.1616523712873459,-0.6831334233283997,-0.1741868555545807,0.15311990678310394,-0.5080702304840088,-0.19730348885059357,0.06819421797990799,-0.7024478912353516,-0.0015561917098239064,0.03938908502459526,-0.8759297728538513,-0.12718358635902405,0.0425269678235054,-0.6063103675842285,-0.16826778650283813,0.06094612181186676,-0.3966214954853058,-0.1586802899837494,-0.06857752054929733,-0.6640163064002991,-0.017400775104761124,-0.10822883993387222,-0.8241854310035706,-0.1362287998199463,-0.06318196654319763,-0.5547499656677246,-0.12299514561891556,-0.017246991395950317,-0.3540021479129791,-0.07480807602405548,-0.2057483196258545,-0.5947644710540771,-0.037634361535310745,-0.22697384655475616,-0.7330899834632874,-0.11694841831922531,-0.17357245087623596,-0.5537155866622925,-0.09960683435201645,-0.12254403531551361,-0.41519248485565186,-0.059458598494529724,HELP
0.0,0.0,0.0,0.22194911539554596,-0.2041604220867157,-0.06186775490641594,0.36776384711265564,-0.5112935900688171,-0.07598826289176941,0.3885714113712311,-0.8024579882621765,-0.09257093816995621,0.26713937520980835,-0.9578980207443237,-0.10520441830158234,0.21348769962787628,-0.7072192430496216,-0.0005722571513615549,0.193514883518219,-0.8897438049316406,-0.10631250590085983,0.16476142406463623,-0.6885342001914978,-0.17406736314296722,0.156095489859581,-0.5134505033493042,-0.1974334418773651,0.07008557766675949,-0.7012264728546143,-0.0001034654414979741,0.043028201907873154,-0.8769108653068542,-0.1257895827293396,0.046921256929636,-0.6085141897201538,-0.16711018979549408,0.06593873351812363,-0.40087080001831055,-0.1578449308872223,-0.06542247533798218,-0.6633641123771667,-0.01611579954624176,-0.10154244303703308,-0.8251635432243347,-0.13513632118701935,-0.05701052397489548,-0.558387815952301,-0.12209969013929367,-0.011729734018445015,-0.35887017846107483,-0.0739724189043045,-0.20135430991649628,-0.5944616794586182,-0.03672057390213013,-0.21905505657196045,-0.7350504994392395,-0.11664686352014542,-0.16617359220981598,-0.5568092465400696,-0.09987509250640869,-0.11579826474189758,-0.4177667498588562,-0.059937216341495514,HELP
0.0,0.0,0.0,0.22361338138580322,-0.20342126488685608,-0.05850086361169815,0.3682083189487457,-0.5110651254653931,-0.07117901742458344,0.3866753876209259,-0.8031039834022522,-0.0873996689915657,0.26594293117523193,-0.9587827920913696,-0.10004940629005432,0.2077510803937912,-0.7049739956855774,0.0055217016488313675,0.19152767956256866,-0.8914256691932678,-0.09778480231761932,0.1661304086446762,-0.6908047199249268,-0.1646949201822281,0.15827985107898712,-0.5149846076965332,-0.1875559538602829,0.06563770025968552,-0.6971407532691956,0.0046551162376999855,0.04164231941103935,-0.8811002373695374,-0.11550325900316238,0.0470893494784832,-0.6156744360923767,-0.15638050436973572,0.06451692432165146,-0.4106014668941498,-0.14819255471229553,-0.06889425963163376,-0.6568978428840637,-0.012461474165320396,-0.1011560782790184,-0.8261910676956177,-0.1280689388513565,-0.05535837635397911,-0.5602341890335083,-0.1152266189455986,-0.012891996651887894,-0.3615795969963074,-0.06811616569757462,-0.20512151718139648,-0.5863784551620483,-0.03377072140574455,-0.22064372897148132,-0.7352226376533508,-0.10979127138853073,-0.1654227375984192,-0.5612391233444214,-0.09126831591129303,-0.11647330969572067,-0.42349520325660706,-0.05116374418139458,HELP
0.0,0.0,0.0,0.22508512437343597,-0.2000446319580078,-0.06248259171843529,0.37058234214782715,-0.5055407881736755,-0.07693875581026077,0.38830676674842834,-0.8004999756813049,-0.09396813809871674,0.26712673902511597,-0.9576162099838257,-0.10777012258768082,0.21162348985671997,-0.7015892267227173,0.0006237963098101318,0.19461745023727417,-0.8863535523414612,-0.10466223955154419,0.1640632003545761,-0.6866393089294434,-0.17393144965171814,0.15191935002803802,-0.5086264610290527,-0.19839777052402496,0.06974837183952332,-0.6957886815071106,0.0019746122416108847,0.04470546543598175,-0.879102885723114,-0.1213507279753685,0.04660136252641678,-0.6143930554389954,-0.16471028327941895,0.06229790672659874,-0.4051578640937805,-0.15768179297447205,-0.064626544713974,-0.6573177576065063,-0.012878219597041607,-0.09976116567850113,-0.824845016002655,-0.13033922016620636,-0.0560491681098938,-0.5598058700561523,-0.11875858157873154,-0.013810173608362675,-0.3597358167171478,-0.07209897041320801,-0.20107948780059814,-0.588344156742096,-0.032167378813028336,-0.2176741361618042,-0.7346712350845337,-0.11010311543941498,-0.16383253037929535,-0.5589730143547058,-0.09257569164037704,-0.11463573575019836,-0.42018917202949524,-0.05277721583843231,HELP
0.0,0.0,0.0,0.22693313658237457,-0.20001615583896637,-0.04895242676138878,0.37245675921440125,-0.5197122097015381,-0.05539533123373985,0.39147332310676575,-0.8153878450393677,-0.06642678380012512,0.2693847715854645,-0.9601241946220398,-0.07478875666856766,0.20824211835861206,-0.711897075176239,0.008805968798696995,0.18718399107456207,-0.9029515385627747,-0.08701974153518677,0.1700507551431656,-0.7076817750930786,-0.1504490226507187,0.16490188241004944,-0.5350658297538757,-0.1727542281150818,0.0642741322517395,-0.702450692653656,0.004301590844988823,0.0360398106276989,-0.8888756036758423,-0.1031491607427597,0.049810100346803665,-0.6278991103172302,-0.14043830335140228,0.0672055184841156,-0.43161827325820923,-0.1340092271566391,-0.07231220602989197,-0.660120964050293,-0.014989856630563736,-0.10835987329483032,-0.8392022848129272,-0.11919106543064117,-0.056584328413009644,-0.5770925879478455,-0.1043853610754013,-0.015129904262721539,-0.3840254545211792,-0.060848213732242584,-0.21172383427619934,-0.5859541296958923,-0.03780783712863922,-0.22911997139453888,-0.7419768571853638,-0.10530361533164978,-0.17006385326385498,-0.5746117830276489,-0.0839088037610054,-0.12201457470655441,-0.44155725836753845,-0.04513898864388466,HELP
0.0,0.0,0.0,0.22746925055980682,-0.19689658284187317,-0.04577002674341202,0.3754082918167114,-0.5205309987068176,-0.05091756209731102,0.39416390657424927,-0.8262342810630798,-0.06146291270852089,0.2689940929412842,-0.9606650471687317,-0.0690273642539978,0.20942626893520355,-0.725970983505249,0.017674021422863007,0.18507160246372223,-0.9205432534217834,-0.0788412094116211,0.17588382959365845,-0.7169442772865295,-0.14621135592460632,0.17268012464046478,-0.5367397665977478,-0.17205925285816193,0.0696520060300827,-0.7124716639518738,0.010291502811014652,0.03501519933342934,-0.9066539406776428,-0.09582842141389847,0.05759471654891968,-0.6460405588150024,-0.13751132786273956,0.07530692964792252,-0.4540348947048187,-0.13541951775550842,-0.06704770773649216,-0.6649171710014343,-0.011655781418085098,-0.11639973521232605,-0.8538700938224792,-0.11431623995304108,-0.0577361173927784,-0.5955660343170166,-0.0991588905453682,-0.01718522608280182,-0.4104573130607605,-0.05721016228199005,-0.21261954307556152,-0.5828098654747009,-0.037128746509552,-0.24362929165363312,-0.742301881313324,-0.10456778854131699,-0.17792366445064545,-0.5719091296195984,-0.08156898617744446,-0.12479769438505173,-0.4390818774700165,-0.04227566719055176,HELP
0.0,0.0,0.0,0.22798670828342438,-0.1887604296207428,-0.06048296019434929,0.3868267834186554,-0.5191414952278137,-0.06953049451112747,0.4081609845161438,-0.8296197056770325,-0.08034004271030426,0.2828475534915924,-0.9556394815444946,-0.08216113597154617,0.22360819578170776,-0.7292903065681458,0.001378917950205505,0.19583432376384735,-0.9502009153366089,-0.10074985027313232,0.18671168386936188,-0.7145390510559082,-0.16164544224739075,0.1848279982805252,-0.5357123613357544,-0.18125979602336884,0.08114348351955414,-0.714957058429718,0.0006403040606528521,0.04185660183429718,-0.9118871688842773,-0.11314454674720764,0.06277633458375931,-0.6352942585945129,-0.14861924946308136,0.07786650210618973,-0.4671705663204193,-0.14000649750232697,-0.0579737089574337,-0.6698011159896851,-0.016565890982747078,-0.10747979581356049,-0.854243814945221,-0.12595677375793457,-0.05198207125067711,-0.5897110104560852,-0.10335978865623474,-0.014876614324748516,-0.42273208498954773,-0.05442718416452408,-0.20521454513072968,-0.59608393907547,-0.038492344319820404,-0.2365138679742813,-0.7522422671318054,-0.10782025009393692,-0.17469701170921326,-0.5716254711151123,-0.08017491549253464,-0.12454801052808762,-0.43980467319488525,-0.03574961796402931,HELP
0.0,0.0,0.0,0.2302529215812683,-0.18509647250175476,-0.06028072535991669,0.3795109689235687,-0.5017518997192383,-0.06962736696004868,0.40569204092025757,-0.8142886757850647,-0.08018936216831207,0.28554975986480713,-0.9547843933105469,-0.08275307714939117,0.22176240384578705,-0.7124176621437073,0.0034582349471747875,0.2029682844877243,-0.9112221002578735,-0.09624543786048889,0.18569070100784302,-0.6886082887649536,-0.15646694600582123,0.17783288657665253,-0.5250207185745239,-0.1769588440656662,0.08514145016670227,-0.7001773118972778,0.0033575696870684624,0.04440455511212349,-0.8882938027381897,-0.10995441675186157,0.06091727688908577,-0.624180793762207,-0.14584437012672424,0.07598982751369476,-0.457231730222702,-0.13795506954193115,-0.04859372600913048,-0.6580649614334106,-0.013380492106080055,-0.09482404589653015,-0.8399409055709839,-0.12131668627262115,-0.044134076684713364,-0.5846285820007324,-0.10146485269069672,-0.008252041414380074,-0.41944122314453125,-0.05497873201966286,-0.1889638900756836,-0.5868740677833557,-0.03491399064660072,-0.21522273123264313,-0.7228679656982422,-0.1037890613079071,-0.15771865844726562,-0.5502763986587524,-0.0816274881362915,-0.1107228696346283,-0.4276992678642273,-0.04211047291755676,HELP
0.0,0.0,0.0,0.23362603783607483,-0.179630845785141,-0.06380419433116913,0.38930800557136536,-0.5151789784431458,-0.07000739127397537,0.4097832441329956,-0.8325409293174744,-0.07679130136966705,0.2822363078594208,-0.9567790627479553,-0.07011889666318893,0.2255343496799469,-0.7433085441589355,0.004958090838044882,0.20763491094112396,-0.9481137990951538,-0.09033498167991638,0.21858477592468262,-0.7070021033287048,-0.13837705552577972,0.23436053097248077,-0.5869311094284058,-0.15330493450164795,0.08758234232664108,-0.7301275730133057,0.006645540706813335,0.04841380566358566,-0.9018956422805786,-0.0994069054722786,0.07962553948163986,-0.6245896816253662,-0.11760037392377853,0.1007549837231636,-0.5157979130744934,-0.10203110426664352,-0.047450385987758636,-0.686836838722229,-0.01031458005309105,-0.09425996989011765,-0.8496097326278687,-0.11610400676727295,-0.042697250843048096,-0.5913469195365906,-0.07998058199882507,-0.012679670006036758,-0.4680950939655304,-0.026438353583216667,-0.19434309005737305,-0.6230922341346741,-0.033083200454711914,-0.2271992266178131,-0.7608000636100769,-0.09364122152328491,-0.17460407316684723,-0.5857936143875122,-0.059649404138326645,-0.13517682254314423,-0.48058709502220154,-0.014274156652390957,HELP
0.0,0.0,0.0,0.23635879158973694,-0.1689434051513672,-0.06048852950334549,0.38330504298210144,-0.5080626010894775,-0.06335538625717163,0.410843163728714,-0.8286933898925781,-0.06667125970125198,0.2908664047718048,-0.9550902247428894,-0.056563641875982285,0.2218523621559143,-0.7367774248123169,0.004392205737531185,0.2045745551586151,-0.9323050379753113,-0.09338809549808502,0.22366109490394592,-0.6826819777488708,-0.14166416227817535,0.23914813995361328,-0.5709137320518494,-0.15783825516700745,0.08958245068788528,-0.7191334366798401,0.003156160470098257,0.05051196366548538,-0.8894829154014587,-0.10742644220590591,0.087852843105793,-0.6069795489311218,-0.12499913573265076,0.10748979449272156,-0.5086519718170166,-0.10968047380447388,-0.04478618502616882,-0.6740085482597351,-0.01671435497701168,-0.09144086390733719,-0.8405899405479431,-0.1306290477514267,-0.03525480628013611,-0.5759047269821167,-0.09083741158246994,-0.005403926596045494,-0.46108588576316833,-0.03382798656821251,-0.19123001396656036,-0.611169695854187,-0.0417063944041729,-0.21939057111740112,-0.7412459850311279,-0.1095118299126625,-0.16804341971874237,-0.5583228468894958,-0.07405643910169601,-0.1353367567062378,-0.4563288986682892,-0.027209198102355003,HELP
0.0,0.0,0.0,0.2307167649269104,-0.1735049933195114,-0.05708092823624611,0.3810381591320038,-0.5048788189888,-0.06298798322677612,0.4082593023777008,-0.8122494220733643,-0.07179132848978043,0.2942790389060974,-0.9530977606773376,-0.07074318826198578,0.21721674501895905,-0.7708317041397095,0.012889208272099495,0.2187492847442627,-0.9512670040130615,-0.07773197442293167,0.24284875392913818,-0.7160622477531433,-0.1306907683610916,0.2560019791126251,-0.5757901072502136,-0.15038493275642395,0.0790572538971901,-0.7550635933876038,0.010335318744182587,0.056399546563625336,-0.910818874835968,-0.08676593750715256,0.09262365847826004,-0.6390764117240906,-0.10876878350973129,0.11021270602941513,-0.5066931247711182,-0.0995858684182167,-0.06183774024248123,-0.7034374475479126,-0.009829525835812092,-0.08750589191913605,-0.8620902299880981,-0.11151596158742905,-0.03316590562462807,-0.6032019257545471,-0.07788433134555817,-0.007654943503439426,-0.45457127690315247,-0.02855612151324749,-0.2164415717124939,-0.6237432360649109,-0.035246510058641434,-0.226891428232193,-0.7567023634910583,-0.10293729603290558,-0.1688169538974762,-0.5732512474060059,-0.07144518196582794,-0.1316438466310501,-0.44964855909347534,-0.02738269232213497,HELP
0.0,0.0,0.0,0.23249587416648865,-0.1748811900615692,-0.05703413486480713,0.38852623105049133,-0.4979591369628906,-0.06071000173687935,0.4180775582790375,-0.8101183772087097,-0.06516756117343903,0.30555111169815063,-0.9504691958427429,-0.056982409209012985,0.2272392213344574,-0.7376221418380737,0.009442574344575405,0.23467841744422913,-0.9367073774337769,-0.07444998621940613,0.24103684723377228,-0.6942978501319885,-0.11659728735685349,0.24553392827510834,-0.5757182240486145,-0.13043832778930664,0.0891832709312439,-0.7250796556472778,0.00842053722590208,0.06782495975494385,-0.9033719301223755,-0.08527840673923492,0.08937330543994904,-0.6323668360710144,-0.10027556121349335,0.10196036100387573,-0.5225622057914734,-0.08617518097162247,-0.05013362690806389,-0.6801475286483765,-0.00945125799626112,-0.0780889168381691,-0.8531661033630371,-0.10506226867437363,-0.03426215425133705,-0.5997025966644287,-0.06553876399993896,-0.009483308531343937,-0.4759445786476135,-0.01319099124521017,-0.2032862901687622,-0.6132969856262207,-0.03236096352338791,-0.2141946703195572,-0.7591862678527832,-0.08746420592069626,-0.16719801723957062,-0.5824300646781921,-0.04801227152347565,-0.13594979047775269,-0.4739309549331665,-0.0006538975285366178,HELP
0.0,0.0,0.0,0.22547738254070282,-0.17751529812812805,-0.05682029947638512,0.3829531669616699,-0.47576525807380676,-0.06457328051328659,0.42094361782073975,-0.766443133354187,-0.07726608961820602,0.33527839183807373,-0.9385181665420532,-0.0822923481464386,0.24368509650230408,-0.7489529848098755,0.021974144503474236,0.2557443380355835,-0.9519250988960266,-0.06544127315282822,0.2611038386821747,-0.77458655834198,-0.12226590514183044,0.26913517713546753,-0.6493543386459351,-0.14593885838985443,0.09766511619091034,-0.7448068261146545,0.019143138080835342,0.07973378151655197,-0.9224134683609009,-0.07258139550685883,0.09125518798828125,-0.6912422180175781,-0.10294222086668015,0.105953149497509,-0.5660622119903564,-0.10104623436927795,-0.05071202665567398,-0.7006620764732361,-0.0012731048045679927,-0.07337747514247894,-0.8703471422195435,-0.09812911599874496,-0.04151394963264465,-0.6420656442642212,-0.07283678650856018,-0.016429729759693146,-0.5046290755271912,-0.029723946005105972,-0.21080312132835388,-0.6228933930397034,-0.027057228609919548,-0.22400230169296265,-0.7717967629432678,-0.08960273116827011,-0.17735059559345245,-0.614828884601593,-0.05886712670326233,-0.13948024809360504,-0.49885866045951843,-0.015873823314905167,HELP
0.0,0.0,0.0,0.21873739361763,-0.16141504049301147,-0.07136469334363937,0.37023302912712097,-0.4719662070274353,-0.08173477649688721,0.40665820240974426,-0.7791679501533508,-0.09267070144414902,0.31153181195259094,-0.9457451701164246,-0.09227102994918823,0.23282811045646667,-0.729701578617096,0.010514621622860432,0.2347935289144516,-0.9028151035308838,-0.08744732290506363,0.23149633407592773,-0.6843460202217102,-0.14309731125831604,0.2333722561597824,-0.5709187984466553,-0.1635693460702896,0.09330612421035767,-0.7252782583236694,0.014425673522055149,0.07524227350950241,-0.8743412494659424,-0.0892292708158493,0.0824839249253273,-0.6247135400772095,-0.11504624783992767,0.09301450103521347,-0.5208413004875183,-0.10715332627296448,-0.04762763902544975,-0.6868776082992554,-0.0021041524596512318,-0.0743461474776268,-0.8344208002090454,-0.10739913582801819,-0.04406552016735077,-0.5988852977752686,-0.07669337838888168,-0.019224807620048523,-0.4820149838924408,-0.02818804793059826,-0.19907861948013306,-0.6248084902763367,-0.025357943028211594,-0.2093428671360016,-0.7436052560806274,-0.08602628111839294,-0.1715051680803299,-0.5837348103523254,-0.05414876341819763,-0.1407681554555893,-0.4869827628135681,-0.010881000198423862,HELP
0.0,0.0,0.0,0.23080827295780182,-0.17538224160671234,-0.05400320515036583,0.3984786868095398,-0.4858771860599518,-0.059672899544239044,0.4464011490345001,-0.7900024056434631,-0.07094453275203705,0.33750417828559875,-0.9384604096412659,-0.07336746901273727,0.23916761577129364,-0.7586508393287659,0.02794257551431656,0.26982033252716064,-0.9582042694091797,-0.06585396826267242,0.26069262623786926,-0.731971800327301,-0.12503761053085327,0.24565020203590393,-0.5812045931816101,-0.14654801785945892,0.09600388258695602,-0.7571077942848206,0.024045540019869804,0.09385336935520172,-0.9214487075805664,-0.06971387565135956,0.09385963529348373,-0.6558762788772583,-0.09696485102176666,0.09544216096401215,-0.5176948308944702,-0.09020677208900452,-0.05261233076453209,-0.7156184315681458,0.0011865900596603751,-0.06169784441590309,-0.871819257736206,-0.0915299504995346,-0.03720388188958168,-0.6253784894943237,-0.06287936121225357,-0.0231470987200737,-0.4832192361354828,-0.01714414544403553,-0.2162942737340927,-0.6455739736557007,-0.027355242520570755,-0.2196648120880127,-0.785029947757721,-0.07984387129545212,-0.17460978031158447,-0.6150051951408386,-0.044330038130283356,-0.14164458215236664,-0.4964355230331421,0.0009890018263831735,HELP
0.0,0.0,0.0,0.22640427947044373,-0.17897507548332214,-0.05747242271900177,0.3958911597728729,-0.47864073514938354,-0.06658019870519638,0.43752163648605347,-0.7751286625862122,-0.0799441859126091,0.3379395008087158,-0.9372671842575073,-0.08559872210025787,0.2477443665266037,-0.7651212811470032,0.021678753197193146,0.2736838459968567,-0.9396575689315796,-0.06687059253454208,0.2609199583530426,-0.7239454388618469,-0.12605930864810944,0.24169215559959412,-0.5660054683685303,-0.14890307188034058,0.10322202742099762,-0.7662107348442078,0.021373765543103218,0.1001763716340065,-0.9075204730033875,-0.06873894482851028,0.10105766355991364,-0.6468985080718994,-0.09889420866966248,0.10300496965646744,-0.49125394225120544,-0.0949888676404953,-0.043394774198532104,-0.7262886166572571,0.0033881685230880976,-0.05485985055565834,-0.856076180934906,-0.08722241222858429,-0.02634364180266857,-0.6131306290626526,-0.06433294713497162,-0.008643725886940956,-0.45346200466156006,-0.022266661748290062,-0.2027604877948761,-0.6538962721824646,-0.020158801227808,-0.2051999866962433,-0.7794693112373352,-0.07564666867256165,-0.15954986214637756,-0.6149213314056396,-0.045025382190942764,-0.12452606856822968,-0.4914781451225281,-0.0016785669140517712,HELP
0.0,0.0,0.0,0.23711168766021729,-0.18381203711032867,-0.05633789673447609,0.41386470198631287,-0.48507943749427795,-0.06714411079883575,0.45565661787986755,-0.7793031334877014,-0.08263661712408066,0.3513602614402771,-0.9317396283149719,-0.09169137477874756,0.2628994584083557,-0.7485971450805664,0.016786595806479454,0.27649185061454773,-0.9435018301010132,-0.08257902413606644,0.2461768239736557,-0.7225425243377686,-0.15162776410579681,0.21800073981285095,-0.5258496999740601,-0.17683224380016327,0.11495452374219894,-0.753659188747406,0.01574937254190445,0.10962915420532227,-0.9136018753051758,-0.08379774540662766,0.09335773438215256,-0.647560179233551,-0.11914371699094772,0.09026679396629333,-0.4655962288379669,-0.11516223847866058,-0.03670623153448105,-0.7189054489135742,-0.003084968775510788,-0.048206083476543427,-0.8694444894790649,-0.09714646637439728,-0.03371807932853699,-0.6256436109542847,-0.07575935870409012,-0.01822611875832081,-0.4530986547470093,-0.03210940584540367,-0.20111489295959473,-0.6542465686798096,-0.02729349210858345,-0.1952139139175415,-0.7946513295173645,-0.0825691968202591,-0.15978358685970306,-0.6209424734115601,-0.04919716715812683,-0.13087022304534912,-0.48750030994415283,-0.003006353508681059,HELP
0.0,0.0,0.0,0.24445581436157227,-0.17586156725883484,-0.038947369903326035,0.41518306732177734,-0.49647748470306396,-0.040313877165317535,0.44917061924934387,-0.7820592522621155,-0.049553293734788895,0.35320529341697693,-0.9339461922645569,-0.05468469113111496,0.2798513174057007,-0.7521965503692627,0.023950176313519478,0.2868155241012573,-0.9472192525863647,-0.06995496898889542,0.2577197551727295,-0.7345370054244995,-0.13870158791542053,0.22892305254936218,-0.5338529944419861,-0.16484203934669495,0.12494673579931259,-0.755174994468689,0.014698314480483532,0.1194576546549797,-0.9153814315795898,-0.07735065370798111,0.10478192567825317,-0.6526638865470886,-0.11224162578582764,0.09858892858028412,-0.46257248520851135,-0.10990720987319946,-0.031003961339592934,-0.7181366682052612,-0.010001204907894135,-0.03991685062646866,-0.8730602264404297,-0.10009315609931946,-0.019822126254439354,-0.6203834414482117,-0.07919833809137344,-0.004475440364331007,-0.4368666112422943,-0.037627752870321274,-0.19803547859191895,-0.64943927526474,-0.03828272223472595,-0.18965327739715576,-0.7952085137367249,-0.09441865235567093,-0.14721643924713135,-0.611828088760376,-0.059583842754364014,-0.11491783708333969,-0.47053563594818115,-0.012986082583665848,HELP
0.0,0.0,0.0,0.2406679391860962,-0.17761331796646118,-0.04476078972220421,0.39539635181427,-0.4840931296348572,-0.04954253509640694,0.43230152130126953,-0.7626744508743286,-0.061168309301137924,0.35218873620033264,-0.9334370493888855,-0.0682528093457222,0.2621022164821625,-0.7216160893440247,0.021269001066684723,0.27554672956466675,-0.8986172080039978,-0.07308416068553925,0.23749227821826935,-0.6907398104667664,-0.1405572146177292,0.19500640034675598,-0.49671050906181335,-0.16520170867443085,0.11724468320608139,-0.7271530628204346,0.01476726122200489,0.11300360411405563,-0.8809970617294312,-0.07955846190452576,0.09476838260889053,-0.6339324116706848,-0.11483953893184662,0.08144234120845795,-0.4423046112060547,-0.11232805997133255,-0.029995165765285492,-0.6962066292762756,-0.008172189816832542,-0.034734588116407394,-0.8401913642883301,-0.0958690419793129,-0.01597864367067814,-0.6069716811180115,-0.07661586254835129,-0.002256481209769845,-0.4284311830997467,-0.03646798059344292,-0.1872326284646988,-0.6360768675804138,-0.03568126633763313,-0.17639604210853577,-0.772641122341156,-0.08550106734037399,-0.13913431763648987,-0.6116433143615723,-0.0531325601041317,-0.11268312484025955,-0.48445138335227966,-0.010411569848656654,HELP
0.0,0.0,0.0,0.2359221875667572,-0.16411031782627106,-0.048166122287511826,0.41446101665496826,-0.47254443168640137,-0.053082361817359924,0.4672081470489502,-0.7653133273124695,-0.06360238790512085,0.3674470782279968,-0.9119016528129578,-0.06812967360019684,0.2708393931388855,-0.7603830695152283,0.020576855167746544,0.3029823303222656,-0.9508216381072998,-0.06434198468923569,0.28544431924819946,-0.7370350956916809,-0.12591446936130524,0.25932472944259644,-0.5658606886863708,-0.15155598521232605,0.12164860218763351,-0.7661029100418091,0.016400089487433434,0.12963350117206573,-0.9158323407173157,-0.06503096967935562,0.11980658024549484,-0.6583040952682495,-0.09654344618320465,0.10731450468301773,-0.4985456168651581,-0.097150519490242,-0.030864091590046883,-0.7298275828361511,-0.0034586850088089705,-0.028358113020658493,-0.8783280849456787,-0.08477488160133362,-0.011138851754367352,-0.6371853947639465,-0.0627976655960083,-0.008820057846605778,-0.47143951058387756,-0.02532009966671467,-0.1970890760421753,-0.663054883480072,-0.02824702486395836,-0.18436641991138458,-0.8014437556266785,-0.08037398010492325,-0.1433396339416504,-0.6336233019828796,-0.04839104413986206,-0.11783415079116821,-0.5029141306877136,-0.006151690613478422,HELP
0.0,0.0,0.0,0.23110757768154144,-0.16292819380760193,-0.04524768516421318,0.4028432369232178,-0.4613524079322815,-0.05101361498236656,0.46013519167900085,-0.7389695644378662,-0.0646686926484108,0.39470091462135315,-0.9016069769859314,-0.07118117064237595,0.27154985070228577,-0.7545696496963501,0.02800223045051098,0.29965940117836,-0.9517859816551208,-0.06563305854797363,0.27633872628211975,-0.7412035465240479,-0.1310688555240631,0.2514610290527344,-0.5526574850082397,-0.15577274560928345,0.12506625056266785,-0.7654664516448975,0.0211581252515316,0.13556894659996033,-0.9160273671150208,-0.0657866820693016,0.11596987396478653,-0.6600218415260315,-0.09395835548639297,0.10714998096227646,-0.5021799206733704,-0.09054464846849442,-0.026827068999409676,-0.7344510555267334,-0.0034887283109128475,-0.021493567153811455,-0.8860248327255249,-0.08894538879394531,-0.013424848206341267,-0.647558331489563,-0.06118915602564812,-0.008079109713435173,-0.48902270197868347,-0.01880047470331192,-0.19415870308876038,-0.6730629205703735,-0.03334510326385498,-0.1746007204055786,-0.8092086911201477,-0.08484131842851639,-0.14364397525787354,-0.6349959969520569,-0.04754039645195007,-0.12197647988796234,-0.506098747253418,-0.001277252333238721,HELP
0.0,0.0,0.0,0.23440569639205933,-0.16982795298099518,-0.05111268535256386,0.4150645136833191,-0.4767006039619446,-0.05774214491248131,0.46175897121429443,-0.7777239680290222,-0.06884272396564484,0.3552975058555603,-0.9318851828575134,-0.07316900789737701,0.2725856602191925,-0.7745606303215027,0.015122954733669758,0.3047407567501068,-0.9424481391906738,-0.06730677932500839,0.28565332293510437,-0.7151612639427185,-0.12501612305641174,0.26364201307296753,-0.5552356839179993,-0.15039509534835815,0.12030907720327377,-0.7809036374092102,0.011345119215548038,0.1281830370426178,-0.9161221385002136,-0.06931401789188385,0.12040861696004868,-0.6546722650527954,-0.0965946838259697,0.1139276996254921,-0.49798384308815,-0.09578884392976761,-0.033934760838747025,-0.7451839447021484,-0.008047852665185928,-0.03543148934841156,-0.8799843192100525,-0.08854609727859497,-0.01453288085758686,-0.6334512233734131,-0.06159175559878349,-0.004673598799854517,-0.46976473927497864,-0.022630130872130394,-0.20242050290107727,-0.6778806447982788,-0.03287719562649727,-0.19015774130821228,-0.7990887761116028,-0.0835365504026413,-0.1487070769071579,-0.6255898475646973,-0.04981480911374092,-0.12018760293722153,-0.5004512071609497,-0.007524430751800537,HELP
0.0,0.0,0.0,0.23187990486621857,-0.1722916066646576,-0.04464186355471611,0.41163697838783264,-0.45849934220314026,-0.04882866144180298,0.4584391713142395,-0.7389848232269287,-0.05890602990984917,0.37338000535964966,-0.8952857255935669,-0.06318551301956177,0.2773398756980896,-0.7617807388305664,0.024765241891145706,0.31101638078689575,-0.949313759803772,-0.0455227755010128,0.30583637952804565,-0.7609882950782776,-0.09878795593976974,0.29431942105293274,-0.614090085029602,-0.1234147921204567,0.1292218416929245,-0.7672852873802185,0.020470524206757545,0.13685274124145508,-0.9130346775054932,-0.04823310300707817,0.13403360545635223,-0.6814889311790466,-0.07742723077535629,0.1298646628856659,-0.533412516117096,-0.08124301582574844,-0.02235366776585579,-0.731290340423584,0.0019809952937066555,-0.02176096849143505,-0.8730641007423401,-0.06837636977434158,-0.0018937151180580258,-0.6532579064369202,-0.04707720875740051,0.006551672238856554,-0.49543797969818115,-0.014742324128746986,-0.18987713754177094,-0.6624912023544312,-0.021534711122512817,-0.176386758685112,-0.7922096848487854,-0.06702728569507599,-0.13938765227794647,-0.6392853260040283,-0.03613067790865898,-0.11568771302700043,-0.5185218453407288,0.0025234834756702185,HELP
0.0,0.0,0.0,0.24037513136863708,-0.1790374219417572,-0.04392322897911072,0.41095536947250366,-0.48385751247406006,-0.046442050486803055,0.46290555596351624,-0.7739332914352417,-0.05664794147014618,0.37077781558036804,-0.9266753196716309,-0.06161677837371826,0.26961129903793335,-0.7641908526420593,0.03225100412964821,0.29756003618240356,-0.9393482804298401,-0.04689949005842209,0.28728464245796204,-0.7344342470169067,-0.10590431839227676,0.27238476276397705,-0.574605405330658,-0.13167250156402588,0.12111169844865799,-0.7711853981018066,0.025553729385137558,0.13121597468852997,-0.916365385055542,-0.05499562621116638,0.12626712024211884,-0.6697331666946411,-0.086542047560215,0.12136019021272659,-0.5096039175987244,-0.08704135566949844,-0.03161223605275154,-0.7383776307106018,0.0032237982377409935,-0.024916229769587517,-0.8806706666946411,-0.07897486537694931,-0.004946673754602671,-0.6428677439689636,-0.057814668864011765,0.0036815276835113764,-0.4739578068256378,-0.02022395096719265,-0.19758903980255127,-0.6730937957763672,-0.02405867539346218,-0.17526276409626007,-0.8080583214759827,-0.07664474844932556,-0.1336713433265686,-0.641086995601654,-0.045219071209430695,-0.10640256106853485,-0.5074673295021057,-0.0032694439869374037,HELP
0.0,0.0,0.0,0.2347410023212433,-0.17694665491580963,-0.053098153322935104,0.40193185210227966,-0.4714379906654358,-0.06015210598707199,0.4566521644592285,-0.7536749243736267,-0.07328134775161743,0.3881525993347168,-0.9181415438652039,-0.079709991812706,0.25725117325782776,-0.7623788714408875,0.026312660425901413,0.289456844329834,-0.9399369359016418,-0.05722309276461601,0.28194159269332886,-0.7316393852233887,-0.11571486294269562,0.26529425382614136,-0.5832026600837708,-0.13951194286346436,0.11191725730895996,-0.7714610695838928,0.023297002539038658,0.1279016137123108,-0.9180256128311157,-0.06099877506494522,0.12599730491638184,-0.6673530340194702,-0.09170597046613693,0.11714685708284378,-0.5149344205856323,-0.09081263840198517,-0.03714054822921753,-0.7375579476356506,0.0031528028193861246,-0.02646223083138466,-0.8865940570831299,-0.08300849050283432,-0.0030075267422944307,-0.6471143364906311,-0.06120137497782707,0.003981029149144888,-0.483564168214798,-0.021705277264118195,-0.20049600303173065,-0.6703745126724243,-0.022410068660974503,-0.18174602091312408,-0.8106644749641418,-0.07562822848558426,-0.13675616681575775,-0.650161623954773,-0.045223724097013474,-0.11140868067741394,-0.5233063101768494,-0.0036265593953430653,HELP
0.0,0.0,0.0,0.23440097272396088,-0.16815359890460968,-0.04885101318359375,0.4051826298236847,-0.4618820548057556,-0.051360566169023514,0.4566930830478668,-0.7490525841712952,-0.05810835584998131,0.37536826729774475,-0.912611722946167,-0.057516150176525116,0.2636365294456482,-0.7657091617584229,0.026607245206832886,0.30383801460266113,-0.9518197178840637,-0.04149402305483818,0.2950385510921478,-0.7495983839035034,-0.09316077828407288,0.2802737355232239,-0.612739622592926,-0.11772042512893677,0.11749041080474854,-0.7749125957489014,0.024791251868009567,0.1300533562898636,-0.9369884729385376,-0.038597218692302704,0.13090351223945618,-0.70554518699646,-0.06459692120552063,0.12940195202827454,-0.5729668140411377,-0.06809072196483612,-0.03514134883880615,-0.7414708137512207,0.008133898489177227,-0.02645459584891796,-0.9062135219573975,-0.060345739126205444,-0.005049599800258875,-0.6856897473335266,-0.03651048615574837,0.001425682450644672,-0.53827965259552,-0.003850693814456463,-0.20405042171478271,-0.6750950217247009,-0.013884907588362694,-0.18188199400901794,-0.8212791085243225,-0.059102170169353485,-0.14170485734939575,-0.6659801006317139,-0.026150623336434364,-0.11900193989276886,-0.5448881983757019,0.013139949180185795,HELP
0.0,0.0,0.0,0.23976443707942963,-0.18309244513511658,-0.038414549082517624,0.39485639333724976,-0.4915994703769684,-0.037430692464113235,0.43703803420066833,-0.7792749404907227,-0.04480738192796707,0.3456149101257324,-0.9372702240943909,-0.04555166885256767,0.2452177107334137,-0.7585087418556213,0.03577769547700882,0.2859340310096741,-0.9537940621376038,-0.03945746272802353,0.29025864601135254,-0.7330612540245056,-0.09499438107013702,0.27299121022224426,-0.5845624208450317,-0.1201077401638031,0.1058090552687645,-0.7536818385124207,0.026732852682471275,0.12379042059183121,-0.924582839012146,-0.05026978626847267,0.13462185859680176,-0.6716024875640869,-0.08236010372638702,0.12462891638278961,-0.5270974040031433,-0.0861980989575386,-0.04248423874378204,-0.7112592458724976,0.002990774577483535,-0.027093933895230293,-0.8968412280082703,-0.07805006951093674,0.008534488268196583,-0.658179759979248,-0.054583799093961716,0.011461666785180569,-0.497631698846817,-0.0177463311702013,-0.21154005825519562,-0.6393257975578308,-0.024856317788362503,-0.18385758996009827,-0.8033406138420105,-0.07995322346687317,-0.12948782742023468,-0.6362215280532837,-0.04774218797683716,-0.10399508476257324,-0.5027454495429993,-0.006638894323259592,HELP
0.0,0.0,0.0,0.24555809795856476,-0.17663390934467316,-0.04573200270533562,0.39732086658477783,-0.4758763313293457,-0.04758937284350395,0.4316018521785736,-0.7700029611587524,-0.05700294300913811,0.3383954167366028,-0.9390594959259033,-0.06046430021524429,0.23803289234638214,-0.7445303201675415,0.032810188829898834,0.2831127941608429,-0.9321372509002686,-0.041643522679805756,0.2860199511051178,-0.7224565148353577,-0.09652618318796158,0.26550188660621643,-0.5735116004943848,-0.12089421600103378,0.10074195265769958,-0.7438585162162781,0.0274702999740839,0.1228804886341095,-0.9107115864753723,-0.048172831535339355,0.1333509385585785,-0.6641439199447632,-0.07977402955293655,0.12384064495563507,-0.5134985446929932,-0.0834498479962349,-0.04538213461637497,-0.7063732743263245,0.006586024537682533,-0.024273954331874847,-0.8826204538345337,-0.07517455518245697,0.009367694146931171,-0.6465592384338379,-0.05424599349498749,0.011218084953725338,-0.4770914316177368,-0.018341924995183945,-0.21084055304527283,-0.6396169662475586,-0.018867427483201027,-0.17795389890670776,-0.8077302575111389,-0.07376160472631454,-0.12659801542758942,-0.6479721665382385,-0.043095704168081284,-0.10452360659837723,-0.5082769393920898,-0.003051467938348651,HELP
0.0,0.0,0.0,0.23065371811389923,-0.1733974665403366,-0.058152925223112106,0.37600329518318176,-0.4546489119529724,-0.070111483335495,0.415017306804657,-0.7345636487007141,-0.08814326673746109,0.3487883508205414,-0.9318884015083313,-0.09965325146913528,0.22539907693862915,-0.7404758334159851,0.016847196966409683,0.26016363501548767,-0.9218806028366089,-0.07663052529096603,0.2724371552467346,-0.7160198092460632,-0.14180494844913483,0.25592464208602905,-0.5660780072212219,-0.16803433001041412,0.08920088410377502,-0.7406309843063354,0.013856038451194763,0.11803824454545975,-0.9043784737586975,-0.07680726051330566,0.1348651498556137,-0.6553986668586731,-0.11276836693286896,0.12019467353820801,-0.5035429000854492,-0.11635313183069229,-0.05576697736978531,-0.7024272680282593,-0.006901838816702366,-0.030825739726424217,-0.8770648241043091,-0.10300714522600174,0.007798661012202501,-0.6342546939849854,-0.08110294491052628,0.008200460113584995,-0.4655599892139435,-0.03984595462679863,-0.22038698196411133,-0.6320485472679138,-0.03289837762713432,-0.19037163257598877,-0.8015390634536743,-0.09660033136606216,-0.1310463696718216,-0.6434284448623657,-0.06582023948431015,-0.10764525085687637,-0.5071212649345398,-0.022447815164923668,HELP
0.0,0.0,0.0,0.24313794076442719,-0.19064728915691376,-0.03645709529519081,0.3916904926300049,-0.48074159026145935,-0.03680017217993736,0.43825674057006836,-0.7570838332176208,-0.04722997173666954,0.35952240228652954,-0.9316268563270569,-0.05305803194642067,0.23754818737506866,-0.7671988010406494,0.05173796787858009,0.28104445338249207,-0.9475330710411072,-0.018239455297589302,0.2880512773990631,-0.7607258558273315,-0.07855183631181717,0.2750746011734009,-0.6173413991928101,-0.10745120793581009,0.10232629626989365,-0.766991913318634,0.0437726266682148,0.11982685327529907,-0.9260057210922241,-0.022649146616458893,0.13830383121967316,-0.706247866153717,-0.0608023926615715,0.14165116846561432,-0.5592123866081238,-0.07138589024543762,-0.04733690246939659,-0.7269853353500366,0.020706968382000923,-0.026400240138173103,-0.895315408706665,-0.05079728737473488,0.01596241071820259,-0.6855559349060059,-0.03834308683872223,0.031135383993387222,-0.522979736328125,-0.010807167738676071,-0.2159501165151596,-0.6506186723709106,-0.006571319419890642,-0.18962670862674713,-0.8076030611991882,-0.05659070983529091,-0.13032568991184235,-0.6592314839363098,-0.03102986514568329,-0.09530504047870636,-0.522274911403656,0.004830865655094385,HELP
0.0,0.0,0.0,0.2382941097021103,-0.19868895411491394,-0.03750060498714447,0.3877471089363098,-0.4824591875076294,-0.03612714633345604,0.4182335138320923,-0.7640064358711243,-0.04440345615148544,0.3397187292575836,-0.9393245577812195,-0.047543950378894806,0.22887158393859863,-0.7314583659172058,0.05925169587135315,0.2794146239757538,-0.9056711196899414,-0.008235742338001728,0.28688812255859375,-0.7130838632583618,-0.06749949604272842,0.26552072167396545,-0.5612443089485168,-0.09591180831193924,0.10016915202140808,-0.7321079969406128,0.05260229483246803,0.12664781510829926,-0.8968186974525452,-0.015004307962954044,0.13729792833328247,-0.6717126369476318,-0.054878510534763336,0.12702633440494537,-0.5143877267837524,-0.06560744345188141,-0.04002328962087631,-0.6993796229362488,0.03034082055091858,-0.015816915780305862,-0.8701879978179932,-0.04023856669664383,0.016840221360325813,-0.6611689329147339,-0.02735334075987339,0.02005780301988125,-0.4942184388637543,0.0011093103094026446,-0.20441339910030365,-0.6361740827560425,0.003383356612175703,-0.17236986756324768,-0.791893720626831,-0.04326530173420906,-0.11949553340673447,-0.6508044600486755,-0.01677894964814186,-0.0950154960155487,-0.5197570323944092,0.01898045465350151,HELP
0.0,0.0,0.0,0.2385113388299942,-0.18994243443012238,-0.032102543860673904,0.3810310661792755,-0.4824835956096649,-0.02935129962861538,0.41306185722351074,-0.7604660391807556,-0.038857441395521164,0.336987167596817,-0.9405235648155212,-0.04307042807340622,0.22176934778690338,-0.7426967620849609,0.06559425592422485,0.2654842138290405,-0.9150446653366089,-0.01824512518942356,0.26628929376602173,-0.6992525458335876,-0.08464574813842773,0.239151269197464,-0.5194023251533508,-0.1109984964132309,0.0922846645116806,-0.7431699633598328,0.05484868586063385,0.11874754726886749,-0.9014104008674622,-0.028469765558838844,0.1278413087129593,-0.6487498879432678,-0.06785380095243454,0.11358118057250977,-0.47687453031539917,-0.07148848474025726,-0.04958409070968628,-0.7078385353088379,0.02689654566347599,-0.021884718909859657,-0.8720493912696838,-0.06134020537137985,0.012735140509903431,-0.6285203099250793,-0.04497726634144783,0.0131711820140481,-0.4505637288093567,-0.006533865351229906,-0.2148783802986145,-0.6404927372932434,-0.004537906032055616,-0.1716119945049286,-0.8058149814605713,-0.06110567972064018,-0.11891651153564453,-0.6395817399024963,-0.030294615775346756,-0.09929367899894714,-0.49846282601356506,0.01295396126806736,HELP
0.0,0.0,0.0,0.23954680562019348,-0.17952267825603485,-0.03735871985554695,0.3964535593986511,-0.47214558720588684,-0.03768293187022209,0.434952050447464,-0.7518720626831055,-0.047730814665555954,0.35738658905029297,-0.9325888752937317,-0.05052381008863449,0.24593763053417206,-0.7414582371711731,0.04982205852866173,0.287010133266449,-0.9287026524543762,-0.040397755801677704,0.27904388308525085,-0.7097138166427612,-0.10316938906908035,0.2508777678012848,-0.5247052311897278,-0.12478101253509521,0.1096116378903389,-0.7461382746696472,0.04005984216928482,0.1314525157213211,-0.9130235910415649,-0.048479028046131134,0.13446129858493805,-0.6488407254219055,-0.0800161138176918,0.12345978617668152,-0.4777384102344513,-0.07608847320079803,-0.03872641921043396,-0.7122924327850342,0.01247895136475563,-0.014045866206288338,-0.8801270127296448,-0.08101966232061386,0.016574308276176453,-0.6233104467391968,-0.056855395436286926,0.020041441544890404,-0.4487345218658447,-0.011294679716229439,-0.2100708931684494,-0.6421127915382385,-0.018609678372740746,-0.16607701778411865,-0.8019209504127502,-0.0776139572262764,-0.11471366137266159,-0.6241104602813721,-0.042701054364442825,-0.09394589811563492,-0.4870782792568207,0.004854746162891388,HELP
0.0,0.0,0.0,0.23892542719841003,-0.1870812028646469,-0.030172329396009445,0.3789648115634918,-0.4942668378353119,-0.030224451795220375,0.41591089963912964,-0.7720096707344055,-0.043383654206991196,0.32544010877609253,-0.9441331028938293,-0.05197528749704361,0.23176461458206177,-0.7316104173660278,0.04721197485923767,0.27451092004776,-0.9098619222640991,-0.04887206852436066,0.2642505168914795,-0.6978067755699158,-0.1164768785238266,0.22688540816307068,-0.5114844441413879,-0.14081941545009613,0.09472181648015976,-0.7314145565032959,0.03126518428325653,0.12526938319206238,-0.8897804617881775,-0.06458233296871185,0.12710890173912048,-0.6277275085449219,-0.09968703240156174,0.106999471783638,-0.4522933065891266,-0.09798271954059601,-0.05403067544102669,-0.6927691102027893,-0.0018786441069096327,-0.021655989810824394,-0.8635138869285583,-0.10383804887533188,0.014900583773851395,-0.600784420967102,-0.08243051171302795,0.016082586720585823,-0.41350874304771423,-0.037435054779052734,-0.22282564640045166,-0.6185810565948486,-0.03783028945326805,-0.1707175225019455,-0.7867103219032288,-0.10691949725151062,-0.10938294976949692,-0.6057586669921875,-0.07535019516944885,-0.08344092965126038,-0.45600754022598267,-0.029233992099761963,HELP
0.0,0.0,0.0,0.23238949477672577,-0.1936652958393097,-0.030495554208755493,0.3643513023853302,-0.49774736166000366,-0.033129870891571045,0.3903733491897583,-0.77266925573349,-0.04769975319504738,0.3056659698486328,-0.9502193331718445,-0.06042683497071266,0.22278368473052979,-0.7293992042541504,0.0397239550948143,0.2541816830635071,-0.88824462890625,-0.0532086119055748,0.2511584162712097,-0.6842650771141052,-0.1224854364991188,0.22153928875923157,-0.49438905715942383,-0.1487966626882553,0.08328046649694443,-0.7301550507545471,0.023950517177581787,0.1124272271990776,-0.8793290853500366,-0.06783673167228699,0.1203576847910881,-0.6259247064590454,-0.1055016964673996,0.10396834462881088,-0.4387136995792389,-0.10695076733827591,-0.06518092006444931,-0.6901253461837769,-0.0077033741399645805,-0.030913209542632103,-0.8477987051010132,-0.10507866740226746,0.009519546292722225,-0.5954024195671082,-0.08742067217826843,0.015202912501990795,-0.40551623702049255,-0.04652635008096695,-0.23046725988388062,-0.609424889087677,-0.0417410172522068,-0.17948448657989502,-0.7765894532203674,-0.10730689764022827,-0.11504817008972168,-0.6021108031272888,-0.07557735592126846,-0.08523702621459961,-0.4513457119464874,-0.03052867203950882,HELP
0.0,0.0,0.0,0.23457828164100647,-0.17703719437122345,-0.04085100069642067,0.37888234853744507,-0.470334529876709,-0.047001954168081284,0.41859447956085205,-0.7446603775024414,-0.06281041353940964,0.3456485867500305,-0.9354599714279175,-0.07376790046691895,0.2321634292602539,-0.7218397855758667,0.027540553361177444,0.2753293812274933,-0.8881633281707764,-0.06890446692705154,0.2595577538013458,-0.6748640537261963,-0.13188669085502625,0.21946056187152863,-0.47922489047050476,-0.15127021074295044,0.09658274799585342,-0.7244324088096619,0.01605311408638954,0.13563285768032074,-0.8808349967002869,-0.08290187269449234,0.1283140778541565,-0.6173284649848938,-0.1162717193365097,0.10163530707359314,-0.4270736575126648,-0.11045761406421661,-0.04978296160697937,-0.6879265308380127,-0.012247150763869286,-0.00854188296943903,-0.8437777161598206,-0.11606065928936005,0.019942771643400192,-0.5802096128463745,-0.0953415259718895,0.016284154728055,-0.39106079936027527,-0.048292532563209534,-0.21618710458278656,-0.6134282350540161,-0.043522391468286514,-0.15657570958137512,-0.7753165364265442,-0.11173984408378601,-0.09612774848937988,-0.5957490801811218,-0.07933099567890167,-0.0746234655380249,-0.4493343234062195,-0.03143947944045067,HELP
0.0,0.0,0.0,0.23244209587574005,-0.1834661215543747,-0.04300439730286598,0.36779654026031494,-0.48241230845451355,-0.05155295878648758,0.40271666646003723,-0.7535364031791687,-0.0701984241604805,0.32588711380958557,-0.9416272640228271,-0.08447324484586716,0.22502416372299194,-0.7351949214935303,0.031884513795375824,0.26755914092063904,-0.8902425169944763,-0.07552847266197205,0.24921785295009613,-0.685126781463623,-0.1491537094116211,0.20415900647640228,-0.48375481367111206,-0.17384716868400574,0.08724363893270493,-0.7371792793273926,0.01961253210902214,0.13156679272651672,-0.8887794017791748,-0.08998458087444305,0.12495698779821396,-0.6184212565422058,-0.12857894599437714,0.09832370281219482,-0.4175230860710144,-0.12280168384313583,-0.05937856808304787,-0.698922872543335,-0.01090754009783268,-0.015299775637686253,-0.8532854318618774,-0.12442008405923843,0.01607758179306984,-0.5859547257423401,-0.10566524416208267,0.014194543473422527,-0.3926948308944702,-0.05630568042397499,-0.2251811921596527,-0.6203089952468872,-0.04454389959573746,-0.16058693826198578,-0.7763763070106506,-0.12090221792459488,-0.09909585863351822,-0.5906600952148438,-0.09015603363513947,-0.07685644179582596,-0.44515809416770935,-0.040744755417108536,HELP
0.0,0.0,0.0,0.22886177897453308,-0.1853378862142563,-0.0465322881937027,0.36573147773742676,-0.479308545589447,-0.05793324485421181,0.40242522954940796,-0.7511938214302063,-0.07905854284763336,0.32394275069236755,-0.9411746859550476,-0.09618378430604935,0.21763232350349426,-0.7354214191436768,0.024641558527946472,0.26080673933029175,-0.8905547261238098,-0.08841055631637573,0.24309848248958588,-0.6838390231132507,-0.1650281846523285,0.20210282504558563,-0.4757685959339142,-0.18984974920749664,0.08122843503952026,-0.7393651008605957,0.013051968067884445,0.13217474520206451,-0.8908862471580505,-0.10385213047266006,0.12259736657142639,-0.6189271211624146,-0.14404062926769257,0.09780000895261765,-0.4037383794784546,-0.13661707937717438,-0.06378830224275589,-0.7040819525718689,-0.017212241888046265,-0.014970964752137661,-0.8522236347198486,-0.13520433008670807,0.013825776055455208,-0.581750214099884,-0.11877818405628204,0.016092803329229355,-0.37731170654296875,-0.06843375414609909,-0.22705486416816711,-0.6277995705604553,-0.0510440357029438,-0.1590622216463089,-0.7814080715179443,-0.12909799814224243,-0.09845518320798874,-0.5987048745155334,-0.10064741224050522,-0.0740208551287651,-0.4497239589691162,-0.05167149007320404,HELP
0.0,0.0,0.0,0.2294389307498932,-0.19397272169589996,-0.041712336242198944,0.3588277995586395,-0.4872305691242218,-0.05138096585869789,0.390628844499588,-0.7579748630523682,-0.07167886942625046,0.3130570352077484,-0.9455565810203552,-0.08898356556892395,0.20453833043575287,-0.7388132214546204,0.027028273791074753,0.2419624775648117,-0.8868480324745178,-0.08138349652290344,0.22943110764026642,-0.6793014407157898,-0.15606538951396942,0.19131846725940704,-0.469699501991272,-0.18051105737686157,0.06931751221418381,-0.7383970022201538,0.013532280921936035,0.11653915792703629,-0.8901073932647705,-0.09986173361539841,0.11442969739437103,-0.6231954097747803,-0.141610249876976,0.09177231043577194,-0.4048587381839752,-0.13652455806732178,-0.07313263416290283,-0.6997489929199219,-0.017414001747965813,-0.02775650843977928,-0.8482674956321716,-0.1325414478778839,0.007227793335914612,-0.5823808908462524,-0.1187438890337944,0.010962696745991707,-0.37682580947875977,-0.07120443135499954,-0.23320867121219635,-0.6198777556419373,-0.05131128057837486,-0.16986478865146637,-0.7800552248954773,-0.12816475331783295,-0.10546361654996872,-0.6012513637542725,-0.10036885738372803,-0.0792355015873909,-0.4488851726055145,-0.05245164409279823,HELP
0.0,0.0,0.0,0.22975631058216095,-0.18170960247516632,-0.047451362013816833,0.3697340190410614,-0.48267409205436707,-0.053707219660282135,0.40373432636260986,-0.7548872828483582,-0.06744294613599777,0.3313829302787781,-0.9403943419456482,-0.07644418627023697,0.2198045402765274,-0.7302066683769226,0.022702844813466072,0.26518452167510986,-0.8748974800109863,-0.07622218877077103,0.23959384858608246,-0.6682369709014893,-0.14120273292064667,0.1945888251066208,-0.4702683091163635,-0.16128234565258026,0.08303357660770416,-0.7345309853553772,0.0152121027931571,0.13092754781246185,-0.8786770701408386,-0.09063784033060074,0.11968930065631866,-0.6083659529685974,-0.12462737411260605,0.09601282328367233,-0.39940810203552246,-0.115357406437397,-0.060916464775800705,-0.7001652121543884,-0.009662164375185966,-0.01601162739098072,-0.8436044454574585,-0.11853139102458954,0.012109084986150265,-0.5723124146461487,-0.09973996877670288,0.01601044461131096,-0.36986827850341797,-0.050573330372571945,-0.22263704240322113,-0.6244849562644958,-0.038090869784355164,-0.15568622946739197,-0.7686589956283569,-0.11106841266155243,-0.09808245301246643,-0.586372435092926,-0.08281388133764267,-0.07610169798135757,-0.4432862401008606,-0.03575664386153221,HELP
0.0,0.0,0.0,0.22335390746593475,-0.18164899945259094,-0.04627562314271927,0.3593529760837555,-0.4771566390991211,-0.05516781285405159,0.39202144742012024,-0.7471392750740051,-0.07262486219406128,0.32504624128341675,-0.9418110251426697,-0.08565504848957062,0.217924103140831,-0.7348273396492004,0.025441735982894897,0.2635243237018585,-0.8797390460968018,-0.07488661259412766,0.2399558126926422,-0.6728475093841553,-0.14313608407974243,0.19606003165245056,-0.47340381145477295,-0.16522273421287537,0.07984092831611633,-0.7385202646255493,0.017062729224562645,0.12948812544345856,-0.8783748745918274,-0.08524032682180405,0.11707215011119843,-0.611391007900238,-0.11985823512077332,0.09018900990486145,-0.408348947763443,-0.11256879568099976,-0.06494766473770142,-0.7023929357528687,-0.00891637708991766,-0.016793521121144295,-0.8428678512573242,-0.11413693428039551,0.0094138253480196,-0.5797901153564453,-0.09596917033195496,0.010031374171376228,-0.383262574672699,-0.04871867224574089,-0.22694136202335358,-0.6228705644607544,-0.03848971426486969,-0.16019727289676666,-0.7740819454193115,-0.10886567831039429,-0.10131265968084335,-0.5981746912002563,-0.07964245975017548,-0.07875844836235046,-0.4553196430206299,-0.03240642324090004,HELP
0.0,0.0,0.0,0.2269984930753708,-0.191583514213562,-0.037948355078697205,0.35669058561325073,-0.49278512597084045,-0.04527614265680313,0.39428311586380005,-0.7617961168289185,-0.06438037008047104,0.3145020604133606,-0.9458946585655212,-0.07982314378023148,0.20597423613071442,-0.7482461929321289,0.03242545574903488,0.2545277178287506,-0.898914098739624,-0.07065676897764206,0.2433938831090927,-0.6883371472358704,-0.14271685481071472,0.20329312980175018,-0.48633232712745667,-0.16707545518875122,0.07083702832460403,-0.747068464756012,0.018080350011587143,0.12341777235269547,-0.8943330645561218,-0.08448745310306549,0.11669578403234482,-0.6262324452400208,-0.12044806033372879,0.08671266585588455,-0.4252966046333313,-0.11499351263046265,-0.07483894377946854,-0.7059826254844666,-0.013626578263938427,-0.019456595182418823,-0.856143057346344,-0.12089978903532028,0.008169504813849926,-0.590664267539978,-0.10205495357513428,0.002513547893613577,-0.39511221647262573,-0.054055195301771164,-0.23968517780303955,-0.6244099736213684,-0.048252664506435394,-0.17049995064735413,-0.7848958373069763,-0.11927041411399841,-0.1065509170293808,-0.6069875955581665,-0.0872524157166481,-0.08377763628959656,-0.45806917548179626,-0.038006752729415894,HELP
0.0,0.0,0.0,0.22276346385478973,-0.18994049727916718,-0.04548831284046173,0.354007750749588,-0.48796865344047546,-0.05679807439446449,0.3854682743549347,-0.7622972130775452,-0.07697203010320663,0.3039795458316803,-0.948099672794342,-0.09329234063625336,0.20322802662849426,-0.7400506138801575,0.019049810245633125,0.2475123256444931,-0.8936389684677124,-0.08600376546382904,0.23093827068805695,-0.6824889779090881,-0.15795090794563293,0.19103634357452393,-0.4775676429271698,-0.18177634477615356,0.06590640544891357,-0.7402600049972534,0.008672211319208145,0.1143854483962059,-0.8907903432846069,-0.09606710076332092,0.1096453070640564,-0.622520387172699,-0.13258418440818787,0.08706896007061005,-0.4180855453014374,-0.1270977407693863,-0.07919316738843918,-0.7006584405899048,-0.018667612224817276,-0.029381388798356056,-0.8542437553405762,-0.12693583965301514,0.000991071225143969,-0.5865663290023804,-0.10825632512569427,0.0022479016333818436,-0.3872095048427582,-0.06043451279401779,-0.24194996058940887,-0.6201580166816711,-0.04930027201771736,-0.17578405141830444,-0.777979850769043,-0.12168848514556885,-0.11286456882953644,-0.5972869396209717,-0.09066913276910782,-0.08768118917942047,-0.44856879115104675,-0.041833993047475815,HELP
0.0,0.0,0.0,0.22339434921741486,-0.1760387271642685,-0.04881429672241211,0.3582566976547241,-0.47460290789604187,-0.06113684922456741,0.39596349000930786,-0.7548447847366333,-0.08209159970283508,0.310058057308197,-0.9455171227455139,-0.09930445998907089,0.19916494190692902,-0.7322238683700562,0.01710631512105465,0.24739696085453033,-0.8905845880508423,-0.08741894364356995,0.23940230906009674,-0.6832013726234436,-0.15685304999351501,0.2030683010816574,-0.4849947988986969,-0.17929823696613312,0.06703431159257889,-0.7307854294776917,0.00767021719366312,0.12389343976974487,-0.8851998448371887,-0.09743325412273407,0.11830389499664307,-0.6111341714859009,-0.13105566799640656,0.08930844813585281,-0.4108320474624634,-0.12343382090330124,-0.07506866753101349,-0.6893737316131592,-0.019246302545070648,-0.01985841616988182,-0.8518959879875183,-0.13135124742984772,0.00914353970438242,-0.5773538947105408,-0.11034627258777618,0.004971964750438929,-0.379118412733078,-0.05983448401093483,-0.23769018054008484,-0.6097996234893799,-0.049400024116039276,-0.16513162851333618,-0.7708621621131897,-0.12562967836856842,-0.10153286904096603,-0.584105908870697,-0.09435378760099411,-0.08062278479337692,-0.43354061245918274,-0.044917672872543335,HELP
0.0,0.0,0.0,0.2230345904827118,-0.18210506439208984,-0.04899430647492409,0.3654418885707855,-0.4835881292819977,-0.060292165726423264,0.3999006152153015,-0.7644923329353333,-0.07874826341867447,0.309928834438324,-0.9462423324584961,-0.09257227182388306,0.20206160843372345,-0.729938805103302,0.013551445677876472,0.24720588326454163,-0.8846108317375183,-0.08681923151016235,0.2341301143169403,-0.6708815097808838,-0.15124166011810303,0.19860340654850006,-0.48070424795150757,-0.17157478630542755,0.06804079562425613,-0.7289021611213684,0.005454673897475004,0.12238170951604843,-0.8863009214401245,-0.09909321367740631,0.11809929460287094,-0.6112629175186157,-0.13097617030143738,0.0929592028260231,-0.41579025983810425,-0.12218263745307922,-0.07387345284223557,-0.6898077130317688,-0.01917687989771366,-0.026300594210624695,-0.8533352017402649,-0.12911541759967804,0.008845784701406956,-0.579480767250061,-0.10791929066181183,0.01232437789440155,-0.38423341512680054,-0.058293674141168594,-0.23604895174503326,-0.611685037612915,-0.04695766791701317,-0.16887784004211426,-0.7712867856025696,-0.1219102218747139,-0.10261497646570206,-0.5878080725669861,-0.09255421161651611,-0.07627514749765396,-0.4419806897640228,-0.04523028805851936,HELP
0.0,0.0,0.0,0.22004900872707367,-0.1830206662416458,-0.0508994422852993,0.3575620949268341,-0.4835789203643799,-0.06212801858782768,0.38878393173217773,-0.757059633731842,-0.0794612392783165,0.3119066655635834,-0.9456998109817505,-0.09146729111671448,0.20265933871269226,-0.7297895550727844,0.009452772326767445,0.24497057497501373,-0.8813580274581909,-0.0909247100353241,0.23369698226451874,-0.6670171618461609,-0.15380142629146576,0.19941659271717072,-0.46616777777671814,-0.17210820317268372,0.06865967810153961,-0.7294178605079651,0.00325017049908638,0.1187368705868721,-0.8744230270385742,-0.10175669938325882,0.11572802811861038,-0.5975331664085388,-0.13254210352897644,0.09169524163007736,-0.39357560873031616,-0.12260890752077103,-0.07351246476173401,-0.6905882954597473,-0.019808199256658554,-0.028209075331687927,-0.844028890132904,-0.12884841859340668,0.006746618077158928,-0.5702936053276062,-0.10684137791395187,0.01041068322956562,-0.3715944290161133,-0.05675894021987915,-0.2353360652923584,-0.6101356148719788,-0.046299856156110764,-0.16975358128547668,-0.7647494673728943,-0.12189426273107529,-0.10520295053720474,-0.5812061429023743,-0.09302361309528351,-0.08030419796705246,-0.4369276165962219,-0.04560202732682228,HELP
0.0,0.0,0.0,0.22071650624275208,-0.19409383833408356,-0.04558828845620155,0.35630515217781067,-0.4954794645309448,-0.054968271404504776,0.38892990350723267,-0.7674958109855652,-0.07337047904729843,0.3053484559059143,-0.9483515024185181,-0.08597484230995178,0.1962198168039322,-0.7409001588821411,0.02487940900027752,0.2405720204114914,-0.8988099694252014,-0.0784284695982933,0.23418499529361725,-0.6786720156669617,-0.14279860258102417,0.20453545451164246,-0.47851213812828064,-0.16073092818260193,0.06276246905326843,-0.7366677522659302,0.014335377141833305,0.11446599662303925,-0.8914650678634644,-0.09514711797237396,0.11511940509080887,-0.6114813089370728,-0.1279202103614807,0.09345842897891998,-0.41026201844215393,-0.11668402701616287,-0.08013387769460678,-0.6959420442581177,-0.013869029469788074,-0.030161766335368156,-0.8545243740081787,-0.12896400690078735,0.004757800605148077,-0.5759673118591309,-0.10750918835401535,0.0064545245841145515,-0.3783319890499115,-0.054466161876916885,-0.24361024796962738,-0.6143999695777893,-0.04497238248586655,-0.17305123805999756,-0.775805652141571,-0.12247070670127869,-0.10874990373849869,-0.5876642465591431,-0.0915306881070137,-0.08574055135250092,-0.43964576721191406,-0.04081591218709946,HELP
0.0,0.0,0.0,0.21660947799682617,-0.18178170919418335,-0.04959694296121597,0.35778117179870605,-0.48663467168807983,-0.06310698390007019,0.3980182409286499,-0.7694817781448364,-0.08402840048074722,0.30186089873313904,-0.9480801820755005,-0.1001197025179863,0.20317071676254272,-0.7352396249771118,0.013416149653494358,0.2477782815694809,-0.8965532183647156,-0.09150997549295425,0.23413647711277008,-0.6797976493835449,-0.16028732061386108,0.20157736539840698,-0.4807240068912506,-0.1824946403503418,0.06751760095357895,-0.7305663228034973,0.0045240698382258415,0.11296573281288147,-0.895673394203186,-0.10167243331670761,0.1148526668548584,-0.6224387884140015,-0.13474774360656738,0.09978431463241577,-0.4222840368747711,-0.1267053186893463,-0.07814484089612961,-0.687401294708252,-0.02146751433610916,-0.03241806849837303,-0.8600732088088989,-0.13217376172542572,0.004522017203271389,-0.5853224992752075,-0.1096152663230896,0.010012240149080753,-0.3863777816295624,-0.05896011367440224,-0.24203501641750336,-0.6066254377365112,-0.05092807859182358,-0.16999231278896332,-0.7707207202911377,-0.12520653009414673,-0.10809412598609924,-0.582818865776062,-0.09378090500831604,-0.08599940687417984,-0.4339844584465027,-0.045109592378139496,HELP
0.0,0.0,0.0,0.21404045820236206,-0.1805644929409027,-0.04951594024896622,0.35388314723968506,-0.49000421166419983,-0.06251493096351624,0.3903108239173889,-0.7769637703895569,-0.08247868716716766,0.2919015884399414,-0.9513782858848572,-0.09835061430931091,0.1985687017440796,-0.7452976703643799,0.011729085817933083,0.23459787666797638,-0.9085860848426819,-0.090573750436306,0.22164329886436462,-0.6946272253990173,-0.15892532467842102,0.18817554414272308,-0.4924813508987427,-0.18123672902584076,0.06115345284342766,-0.7418330907821655,0.002990858629345894,0.10123809427022934,-0.9081571102142334,-0.10174550861120224,0.10900707542896271,-0.6380100846290588,-0.13787174224853516,0.09773844480514526,-0.4325902760028839,-0.13188986480236053,-0.08475913852453232,-0.6986650824546814,-0.021836422383785248,-0.04569225013256073,-0.8710903525352478,-0.1321531981229782,-0.0015753026818856597,-0.5946664214134216,-0.11408735811710358,0.009018227458000183,-0.3885482847690582,-0.0665600448846817,-0.24748347699642181,-0.6150211095809937,-0.049929145723581314,-0.18159081041812897,-0.7775141000747681,-0.12700189650058746,-0.11326119303703308,-0.5896793007850647,-0.09936394542455673,-0.08447889238595963,-0.4365340769290924,-0.052774544805288315,HELP
0.0,0.0,0.0,0.21386520564556122,-0.17020326852798462,-0.05419847369194031,0.35722804069519043,-0.47735053300857544,-0.06682596355676651,0.3884352147579193,-0.761277437210083,-0.08570422977209091,0.30033212900161743,-0.9488624930381775,-0.09726547449827194,0.20037458837032318,-0.733344554901123,0.015957683324813843,0.24477285146713257,-0.8973792195320129,-0.08563902229070663,0.23707647621631622,-0.681583821773529,-0.1481645703315735,0.20698164403438568,-0.5106089115142822,-0.1676790863275528,0.06474719196557999,-0.7272396087646484,0.008861028589308262,0.11176589131355286,-0.8898305892944336,-0.09410705417394638,0.11780457198619843,-0.6202118992805481,-0.12359296530485153,0.10159236192703247,-0.453084260225296,-0.11436419934034348,-0.07808923721313477,-0.684039294719696,-0.016120251268148422,-0.03343323618173599,-0.8546100854873657,-0.12973089516162872,0.009208391420543194,-0.5806031227111816,-0.10544727742671967,0.014687745831906796,-0.40105298161506653,-0.05358751490712166,-0.2401144951581955,-0.6054868102073669,-0.044560421258211136,-0.16903692483901978,-0.7652416229248047,-0.12259498983621597,-0.10266035795211792,-0.576744019985199,-0.09131923317909241,-0.07966777682304382,-0.43566203117370605,-0.04183829575777054,HELP
0.0,0.0,0.0,0.22340700030326843,-0.1930847316980362,-0.04694771766662598,0.35352620482444763,-0.5014104247093201,-0.0574747696518898,0.38582664728164673,-0.7843697667121887,-0.07625910639762878,0.2854170799255371,-0.9543262720108032,-0.08830897510051727,0.1797683984041214,-0.7372333407402039,0.025639459490776062,0.22915653884410858,-0.9007415175437927,-0.06517426669597626,0.24514663219451904,-0.682971715927124,-0.12383537739515305,0.22703999280929565,-0.5256816148757935,-0.14587034285068512,0.05122467875480652,-0.7257503271102905,0.014131112955510616,0.10430862009525299,-0.8939014673233032,-0.08124092221260071,0.12755008041858673,-0.6285718679428101,-0.11300555616617203,0.11032712459564209,-0.4778757691383362,-0.10969382524490356,-0.0871698260307312,-0.6793457269668579,-0.013676208443939686,-0.03516058623790741,-0.8613987565040588,-0.11879261583089828,0.0162206944078207,-0.5996808409690857,-0.09437831491231918,0.014267300255596638,-0.43501535058021545,-0.04738689959049225,-0.24597489833831787,-0.5982144474983215,-0.0448804572224617,-0.17458727955818176,-0.7628769278526306,-0.11814747005701065,-0.10369855910539627,-0.5826003551483154,-0.08591684699058533,-0.08500166237354279,-0.44582751393318176,-0.039179667830467224,HELP
0.0,0.0,0.0,0.21252959966659546,-0.17641857266426086,-0.04473388195037842,0.3481929302215576,-0.4757973253726959,-0.056891102343797684,0.390656054019928,-0.754453182220459,-0.0785726010799408,0.30870741605758667,-0.9465605020523071,-0.0933963879942894,0.19431598484516144,-0.7505846619606018,0.02116747759282589,0.24093255400657654,-0.9302646517753601,-0.07657789438962936,0.25554266571998596,-0.7079863548278809,-0.13787861168384552,0.23809508979320526,-0.5273675322532654,-0.15753185749053955,0.06042913720011711,-0.743906557559967,0.007784887216985226,0.11270231008529663,-0.9101880192756653,-0.08566038310527802,0.13187000155448914,-0.6472716927528381,-0.11528041213750839,0.1171991378068924,-0.4870394766330719,-0.11056720465421677,-0.0848957896232605,-0.6976573467254639,-0.022522583603858948,-0.02910594455897808,-0.8673227429389954,-0.12758898735046387,0.017501991242170334,-0.6053769588470459,-0.10461504012346268,0.01738506369292736,-0.43487679958343506,-0.058209143579006195,-0.24746383726596832,-0.611971378326416,-0.055830907076597214,-0.1778998225927353,-0.775645911693573,-0.12883973121643066,-0.1074037104845047,-0.5932853817939758,-0.09547895193099976,-0.08488645404577255,-0.4491914212703705,-0.046872299164533615,HELP
0.0,0.0,0.0,0.2013946771621704,-0.16593094170093536,-0.05474298819899559,0.3308831453323364,-0.45778414607048035,-0.07141511142253876,0.3714795708656311,-0.739292323589325,-0.09558504819869995,0.29676827788352966,-0.9482830166816711,-0.11264040321111679,0.19016766548156738,-0.7461507320404053,0.020165717229247093,0.23596075177192688,-0.9239189028739929,-0.08317140489816666,0.24690455198287964,-0.7128312587738037,-0.15191712975502014,0.22740012407302856,-0.5291010737419128,-0.17547455430030823,0.05968719348311424,-0.7427567839622498,0.011833987198770046,0.10945721715688705,-0.9052911400794983,-0.08483456075191498,0.1280430406332016,-0.6466677784919739,-0.11768162250518799,0.11200404167175293,-0.4742923378944397,-0.11408907920122147,-0.08339716494083405,-0.6976839900016785,-0.015161694958806038,-0.028263350948691368,-0.8656681776046753,-0.12081858515739441,0.017020652070641518,-0.6054109930992126,-0.09683143347501755,0.01626761257648468,-0.4263223111629486,-0.04912570118904114,-0.24318689107894897,-0.6114545464515686,-0.04667791724205017,-0.1715727001428604,-0.7720869183540344,-0.12072917073965073,-0.10486645251512527,-0.5914621949195862,-0.08772861957550049,-0.086020827293396,-0.4470103979110718,-0.03860966116189957,HELP
0.0,0.0,0.0,0.2104308158159256,-0.17957954108715057,-0.04668488726019859,0.3466331660747528,-0.4786902666091919,-0.059260882437229156,0.38615182042121887,-0.7572324275970459,-0.08016204088926315,0.3074221909046173,-0.946952223777771,-0.09366493672132492,0.18272437155246735,-0.7541821002960205,0.019884826615452766,0.24048973619937897,-0.9324657917022705,-0.07522086799144745,0.25248828530311584,-0.7214542031288147,-0.1388215720653534,0.23177845776081085,-0.555281400680542,-0.1620965451002121,0.053862594068050385,-0.745071530342102,0.007516263984143734,0.11497364193201065,-0.9162667989730835,-0.08319061994552612,0.13161009550094604,-0.6670404672622681,-0.11671267449855804,0.11349058896303177,-0.5087075233459473,-0.11582039296627045,-0.08323807269334793,-0.7008243203163147,-0.021074466407299042,-0.026515332981944084,-0.8718605637550354,-0.11877401173114777,0.021161137148737907,-0.6284014582633972,-0.09844917804002762,0.02251368761062622,-0.4603757858276367,-0.05616700276732445,-0.23514366149902344,-0.6192440986633301,-0.05354908108711243,-0.16371935606002808,-0.7836993932723999,-0.12193869799375534,-0.09599629044532776,-0.6087325215339661,-0.09004805982112885,-0.0762675553560257,-0.4613666534423828,-0.0437309704720974,HELP
0.0,0.0,0.0,0.2045496553182602,-0.20753568410873413,-0.03961792215704918,0.3366127610206604,-0.5029169917106628,-0.051451247185468674,0.37299683690071106,-0.7697086334228516,-0.07433512061834335,0.29384660720825195,-0.9515070915222168,-0.09104127436876297,0.1789836883544922,-0.7542764544487,0.029150262475013733,0.23021411895751953,-0.9150208234786987,-0.06985295563936234,0.2394479215145111,-0.70415860414505,-0.1376049965620041,0.2228100448846817,-0.5231111645698547,-0.16141431033611298,0.04726042225956917,-0.7452399730682373,0.013117068447172642,0.10779298841953278,-0.9043252468109131,-0.08151081204414368,0.11949248611927032,-0.6566600799560547,-0.11587104201316833,0.10572346299886703,-0.48114195466041565,-0.11346159130334854,-0.09164974838495255,-0.7011013031005859,-0.019635792821645737,-0.03384885564446449,-0.8600159883499146,-0.1170966774225235,0.005321362055838108,-0.6219151616096497,-0.09654130786657333,0.009301978163421154,-0.44543030858039856,-0.05270691588521004,-0.24322694540023804,-0.6181840300559998,-0.056244462728500366,-0.17232638597488403,-0.7860080599784851,-0.12031636387109756,-0.11195310205221176,-0.6151958703994751,-0.08567335456609726,-0.09177906066179276,-0.46422308683395386,-0.037087660282850266,HELP
0.0,0.0,0.0,0.21239374577999115,-0.18869660794734955,-0.045760996639728546,0.35689523816108704,-0.48389506340026855,-0.05997571349143982,0.39994552731513977,-0.7589832544326782,-0.0829944759607315,0.31756511330604553,-0.9430492520332336,-0.09904812276363373,0.19136914610862732,-0.7510845065116882,0.018738307058811188,0.2528175115585327,-0.9197045564651489,-0.07619289308786392,0.2655450105667114,-0.6979655027389526,-0.13814677298069,0.24681077897548676,-0.5154032707214355,-0.15953367948532104,0.0586552731692791,-0.7424999475479126,0.00654500350356102,0.12625941634178162,-0.9017333984375,-0.08664704859256744,0.14282798767089844,-0.6430871486663818,-0.11743539571762085,0.12644152343273163,-0.47273728251457214,-0.11344556510448456,-0.08213156461715698,-0.7000997066497803,-0.021978512406349182,-0.018875697627663612,-0.8672629594802856,-0.11921873688697815,0.022694796323776245,-0.6193966865539551,-0.09446146339178085,0.021867474541068077,-0.4469817280769348,-0.04891308769583702,-0.23749372363090515,-0.6171687245368958,-0.05452195182442665,-0.15148667991161346,-0.7850489020347595,-0.12082444876432419,-0.0935741662979126,-0.603845477104187,-0.085502490401268,-0.08326566964387894,-0.45572254061698914,-0.0368778295814991,HELP
0.0,0.0,0.0,0.20801101624965668,-0.18209409713745117,-0.04831815883517265,0.3460507094860077,-0.48228052258491516,-0.061620984226465225,0.38724783062934875,-0.7534990906715393,-0.08313830941915512,0.312310129404068,-0.9451078176498413,-0.09609140455722809,0.19009560346603394,-0.7392387390136719,0.010891825892031193,0.24982404708862305,-0.8908739686012268,-0.09241308271884918,0.24244672060012817,-0.659741997718811,-0.15021222829818726,0.21362490952014923,-0.4790688753128052,-0.16467386484146118,0.056803446263074875,-0.7326931357383728,-0.0002021492546191439,0.12906628847122192,-0.8832241892814636,-0.10154029726982117,0.12695258855819702,-0.6098358631134033,-0.12367936223745346,0.10228876769542694,-0.4360164403915405,-0.10967428237199783,-0.08484351634979248,-0.6942585110664368,-0.02900303341448307,-0.012351843528449535,-0.8514657020568848,-0.13866637647151947,0.017417719587683678,-0.578334629535675,-0.11041753739118576,0.012825381010770798,-0.3978520333766937,-0.05674150213599205,-0.24174080789089203,-0.6190367341041565,-0.06121820956468582,-0.15254069864749908,-0.7723036408424377,-0.1328294575214386,-0.09357982128858566,-0.5838671922683716,-0.09815764427185059,-0.07898660749197006,-0.44081681966781616,-0.047507431358098984,HELP
0.0,0.0,0.0,0.20782674849033356,-0.1666857749223709,-0.05078396573662758,0.34473085403442383,-0.4731731712818146,-0.0628199353814125,0.38364142179489136,-0.7514480948448181,-0.08097684383392334,0.30690768361091614,-0.9472435712814331,-0.09239758551120758,0.20335735380649567,-0.7212240099906921,0.005444474518299103,0.2629958987236023,-0.8537604212760925,-0.09856395423412323,0.24759575724601746,-0.6230932474136353,-0.1587805300951004,0.21516551077365875,-0.43933361768722534,-0.17509490251541138,0.06961734592914581,-0.7199500799179077,-0.0028256059158593416,0.1399424523115158,-0.8633543252944946,-0.10647011548280716,0.13457909226417542,-0.5850293040275574,-0.12830772995948792,0.11021850258111954,-0.39913398027420044,-0.11334099620580673,-0.07228745520114899,-0.6869931221008301,-0.02858237735927105,-0.0011468824231997132,-0.8375526070594788,-0.1417027860879898,0.026280822232365608,-0.554789662361145,-0.11335986107587814,0.021365351974964142,-0.36599600315093994,-0.058146882802248,-0.2302357256412506,-0.618556559085846,-0.05750379338860512,-0.14000441133975983,-0.7712885737419128,-0.13130465149879456,-0.08689212054014206,-0.5781556367874146,-0.09660755842924118,-0.07761181890964508,-0.4349169135093689,-0.04575822874903679,HELP
0.0,0.0,0.0,0.20520193874835968,-0.15710516273975372,-0.050982438027858734,0.34622621536254883,-0.4630746841430664,-0.06042752042412758,0.38710343837738037,-0.7408959269523621,-0.07423432916402817,0.31954091787338257,-0.944085419178009,-0.08121795952320099,0.20099402964115143,-0.7159116864204407,-2.585333822935354e-05,0.26697197556495667,-0.847952663898468,-0.0958012118935585,0.2534202039241791,-0.6309229135513306,-0.14743202924728394,0.2166586071252823,-0.4391063451766968,-0.15824316442012787,0.07088514417409897,-0.7219344973564148,-0.00529005192220211,0.15191547572612762,-0.8602907061576843,-0.10366281121969223,0.1433544009923935,-0.5847180485725403,-0.12374956160783768,0.11189389228820801,-0.3907236158847809,-0.10767622292041779,-0.06857108324766159,-0.6948143243789673,-0.02642776072025299,0.002246149582788348,-0.8374121189117432,-0.13463814556598663,0.029453860595822334,-0.5578375458717346,-0.10744022578001022,0.022599633783102036,-0.36680081486701965,-0.05417364463210106,-0.22782790660858154,-0.6277730464935303,-0.05034325644373894,-0.13516449928283691,-0.7713812589645386,-0.12437262386083603,-0.0776229277253151,-0.579550564289093,-0.09175199270248413,-0.06692618131637573,-0.4366385042667389,-0.042288001626729965,HELP
0.0,0.0,0.0,0.20764441788196564,-0.15561318397521973,-0.05604840815067291,0.35184648633003235,-0.46694472432136536,-0.07005497813224792,0.39479371905326843,-0.747908353805542,-0.08768786489963531,0.31548571586608887,-0.943964421749115,-0.09695326536893845,0.19926640391349792,-0.7124858498573303,-0.010830559767782688,0.26269862055778503,-0.8527774810791016,-0.10915557295084,0.25003114342689514,-0.6143418550491333,-0.15535056591033936,0.2192302793264389,-0.431912362575531,-0.16247817873954773,0.06764964759349823,-0.712378740310669,-0.01688559353351593,0.14739744365215302,-0.860145628452301,-0.11919920146465302,0.13987354934215546,-0.5709694623947144,-0.1339186728000641,0.11287062615156174,-0.39111730456352234,-0.11356482654809952,-0.07098785787820816,-0.678447425365448,-0.03929305449128151,0.0012410400668159127,-0.8358200192451477,-0.15250442922115326,0.03011583723127842,-0.5436582565307617,-0.11917725950479507,0.025845522060990334,-0.35864436626434326,-0.061145443469285965,-0.22617138922214508,-0.6077786684036255,-0.06469906121492386,-0.1337593048810959,-0.7598924040794373,-0.14154092967510223,-0.07830773293972015,-0.5571372509002686,-0.10655757784843445,-0.0671769455075264,-0.41399964690208435,-0.05536329746246338,HELP
0.0,0.0,0.0,0.20765072107315063,-0.15370532870292664,-0.059514980763196945,0.3478585481643677,-0.4497802257537842,-0.07639095932245255,0.3917478919029236,-0.7249941825866699,-0.0977921187877655,0.32828354835510254,-0.9380143880844116,-0.11117107421159744,0.19905726611614227,-0.7081136703491211,-0.003385164076462388,0.26754558086395264,-0.8407725095748901,-0.1077570766210556,0.25198790431022644,-0.6116003394126892,-0.1610698699951172,0.21693392097949982,-0.42494451999664307,-0.17148247361183167,0.0710097923874855,-0.7085683941841125,-0.008695906959474087,0.1591518074274063,-0.8430495858192444,-0.11691679805517197,0.14724360406398773,-0.5556207895278931,-0.1359379142522812,0.11562784761190414,-0.3684487044811249,-0.11646725237369537,-0.06506096571683884,-0.6768391728401184,-0.03235737234354019,0.01729431562125683,-0.8239899277687073,-0.15033313632011414,0.03967570886015892,-0.5331608057022095,-0.11973421275615692,0.03069738671183586,-0.3433862626552582,-0.06109137833118439,-0.21873870491981506,-0.6073962450027466,-0.059802256524562836,-0.1168152466416359,-0.7518661618232727,-0.1404353827238083,-0.06546109169721603,-0.5509819984436035,-0.1078902930021286,-0.058429040014743805,-0.4083612263202667,-0.05664133280515671,HELP
0.0,0.0,0.0,0.21621039509773254,-0.16007541120052338,-0.05522749200463295,0.3546808362007141,-0.45619210600852966,-0.0708121582865715,0.39838990569114685,-0.7269612550735474,-0.09234469383955002,0.33644917607307434,-0.9356304407119751,-0.1067596971988678,0.21316233277320862,-0.7100167274475098,-0.0001652151986490935,0.28367534279823303,-0.8378887176513672,-0.10781549662351608,0.26482871174812317,-0.6089268922805786,-0.16706617176532745,0.22763614356517792,-0.41746893525123596,-0.18113011121749878,0.08140819519758224,-0.7136221528053284,-0.007696294225752354,0.17231449484825134,-0.839090883731842,-0.11950983107089996,0.15673565864562988,-0.5543017387390137,-0.14227598905563354,0.12338748574256897,-0.3584703207015991,-0.1245981976389885,-0.05837424099445343,-0.6832702159881592,-0.03339112922549248,0.028584767132997513,-0.8154776692390442,-0.15260058641433716,0.047029364854097366,-0.5261209607124329,-0.1242734044790268,0.03674675151705742,-0.3318157494068146,-0.06633445620536804,-0.2127930223941803,-0.6163861155509949,-0.06270118057727814,-0.10868794471025467,-0.7529062628746033,-0.14302028715610504,-0.06013284623622894,-0.5539531707763672,-0.11062006652355194,-0.05454070493578911,-0.41089969873428345,-0.05909107252955437,HELP
0.0,0.0,0.0,0.22403936088085175,-0.16496975719928741,-0.05647013336420059,0.359541654586792,-0.45554086565971375,-0.07361970096826553,0.40118512511253357,-0.7240313291549683,-0.09594820439815521,0.34205344319343567,-0.9329674243927002,-0.11212132126092911,0.21131616830825806,-0.7033471465110779,-0.00034199797664768994,0.2939247190952301,-0.8173966407775879,-0.10717793554067612,0.26816028356552124,-0.5997737050056458,-0.17230021953582764,0.22026723623275757,-0.4057760536670685,-0.19153574109077454,0.08281712234020233,-0.7130056023597717,-0.006399709731340408,0.1835486888885498,-0.8232637047767639,-0.11737819015979767,0.15867726504802704,-0.546023964881897,-0.14421233534812927,0.11388802528381348,-0.34305521845817566,-0.13012844324111938,-0.054675765335559845,-0.6874492764472961,-0.030510585755109787,0.0445990152657032,-0.802193284034729,-0.1458805352449417,0.055866539478302,-0.5265112519264221,-0.12157878279685974,0.03708653524518013,-0.33177435398101807,-0.06758654862642288,-0.20852035284042358,-0.6241698861122131,-0.05857625603675842,-0.09644241631031036,-0.7432885766029358,-0.13790534436702728,-0.05068645998835564,-0.5491381287574768,-0.1085546612739563,-0.04911812022328377,-0.40705937147140503,-0.059729985892772675,HELP
0.0,0.0,0.0,0.22059057652950287,-0.15788955986499786,-0.05621369555592537,0.3660868704319,-0.4587419927120209,-0.06873548775911331,0.4093787372112274,-0.7284266352653503,-0.08587073534727097,0.35092535614967346,-0.9314989447593689,-0.09571325778961182,0.21834564208984375,-0.7154996991157532,-0.002568238414824009,0.2982402741909027,-0.8406959772109985,-0.10465334355831146,0.2685563862323761,-0.6174589395523071,-0.16233345866203308,0.223675936460495,-0.4265281558036804,-0.17767000198364258,0.08817559480667114,-0.7265384793281555,-0.007063684519380331,0.18735100328922272,-0.8347455859184265,-0.11516418308019638,0.15874573588371277,-0.5532909035682678,-0.1362842470407486,0.11754607409238815,-0.3585827946662903,-0.11919455975294113,-0.04987088218331337,-0.6999831199645996,-0.029474712908267975,0.042111095041036606,-0.8155209422111511,-0.14362724125385284,0.05288345739245415,-0.5322468876838684,-0.11527888476848602,0.04189225658774376,-0.3382982313632965,-0.05972844362258911,-0.20483721792697906,-0.6341209411621094,-0.05590275302529335,-0.09671115130186081,-0.7495570182800293,-0.13533084094524384,-0.051888853311538696,-0.5528558492660522,-0.1060713678598404,-0.04417260363698006,-0.4143439829349518,-0.05799872428178787,HELP
0.0,0.0,0.0,0.21748346090316772,-0.1497238427400589,-0.05309968441724777,0.3549049198627472,-0.4486331343650818,-0.06640569865703583,0.3950313925743103,-0.7195676565170288,-0.08539512008428574,0.3462449312210083,-0.933009147644043,-0.09802218526601791,0.21807636320590973,-0.702027440071106,0.0005501456907950342,0.30494260787963867,-0.8446148633956909,-0.10642997175455093,0.27331313490867615,-0.6315745711326599,-0.1712515652179718,0.21597565710544586,-0.43395352363586426,-0.19048000872135162,0.08513405174016953,-0.7135549783706665,-0.006961564999073744,0.18478582799434662,-0.8445308804512024,-0.11198129504919052,0.15756189823150635,-0.5679004192352295,-0.13467194139957428,0.10866543650627136,-0.3716069161891937,-0.12027512490749359,-0.05824223905801773,-0.6904367208480835,-0.032943181693553925,0.04450150951743126,-0.8121236562728882,-0.14566761255264282,0.050567302852869034,-0.5353251695632935,-0.11887979507446289,0.025710416957736015,-0.3490371108055115,-0.06556477397680283,-0.21755869686603546,-0.6280168890953064,-0.062269266694784164,-0.0986146405339241,-0.7512390613555908,-0.13867011666297913,-0.05629575997591019,-0.5497137308120728,-0.10547969490289688,-0.05987782031297684,-0.407833069562912,-0.05587223172187805,HELP
0.0,0.0,0.0,0.21565784513950348,-0.1497950404882431,-0.051152702420949936,0.3571361303329468,-0.45013192296028137,-0.06329245120286942,0.39688995480537415,-0.7250624299049377,-0.0825711339712143,0.34350183606147766,-0.9343148469924927,-0.09519520401954651,0.2075825333595276,-0.6982478499412537,0.012399386614561081,0.3023107945919037,-0.8470585942268372,-0.0970035269856453,0.2732928991317749,-0.6279627084732056,-0.1668708324432373,0.21831531822681427,-0.42965254187583923,-0.18891702592372894,0.08221980929374695,-0.706101655960083,0.0042697470635175705,0.19366878271102905,-0.840306282043457,-0.1017976626753807,0.16140271723270416,-0.5689953565597534,-0.1273723542690277,0.1072310209274292,-0.3818765878677368,-0.11515143513679504,-0.05367918685078621,-0.688724935054779,-0.023413291200995445,0.06517016887664795,-0.8098353147506714,-0.13265220820903778,0.055509284138679504,-0.5452436804771423,-0.10685751587152481,0.016067221760749817,-0.3705684244632721,-0.05539620667695999,-0.20958784222602844,-0.6412551999092102,-0.055021628737449646,-0.08013730496168137,-0.7583292722702026,-0.12276388704776764,-0.05512477830052376,-0.5625864863395691,-0.08752444386482239,-0.07730938494205475,-0.42570871114730835,-0.03844744712114334,HELP
0.0,0.0,0.0,0.2186400592327118,-0.1425313651561737,-0.052186738699674606,0.36506885290145874,-0.4462907314300537,-0.06213098764419556,0.4018513262271881,-0.7215079665184021,-0.0781799852848053,0.3525941073894501,-0.9316887259483337,-0.08736978471279144,0.22819960117340088,-0.6880245208740234,0.00775664858520031,0.32302770018577576,-0.8429258465766907,-0.09993179887533188,0.2854019105434418,-0.6300458312034607,-0.16658173501491547,0.2258070856332779,-0.4334345757961273,-0.1864321529865265,0.09615916758775711,-0.7001686692237854,0.001729918411001563,0.2047615796327591,-0.8349652290344238,-0.10352292656898499,0.1678093671798706,-0.5633893013000488,-0.12586070597171783,0.1144615113735199,-0.3740730583667755,-0.11062470823526382,-0.04445629194378853,-0.6871269345283508,-0.023847436532378197,0.07168447226285934,-0.795687735080719,-0.1322115957736969,0.05667469650506973,-0.5314052700996399,-0.10624849051237106,0.01689288578927517,-0.35937392711639404,-0.05428805574774742,-0.20180390775203705,-0.6439578533172607,-0.05326937139034271,-0.07152128964662552,-0.7566714882850647,-0.11787732690572739,-0.05222408100962639,-0.5638102293014526,-0.08215397596359253,-0.0784444510936737,-0.4344477355480194,-0.03327973186969757,HELP
0.0,0.0,0.0,0.22251076996326447,-0.14940589666366577,-0.04796247184276581,0.3654792904853821,-0.4537864625453949,-0.05608956888318062,0.4005568325519562,-0.7256715297698975,-0.07174468040466309,0.35035619139671326,-0.9331287145614624,-0.0807550698518753,0.21924489736557007,-0.6994538307189941,0.012401039712131023,0.3107139468193054,-0.8487917184829712,-0.0938209593296051,0.28051406145095825,-0.6334068179130554,-0.15915410220623016,0.2219722419977188,-0.4309351146221161,-0.17833828926086426,0.09052104502916336,-0.7087652683258057,0.003682648064568639,0.20103292167186737,-0.839918851852417,-0.10320129245519638,0.16407819092273712,-0.5646213293075562,-0.1274455338716507,0.10346126556396484,-0.3714792728424072,-0.11321394890546799,-0.046356089413166046,-0.6911037564277649,-0.024039700627326965,0.07227238267660141,-0.8059114217758179,-0.13393567502498627,0.058452408760786057,-0.5373764634132385,-0.1069820448756218,0.014460953883826733,-0.3607146441936493,-0.05421757325530052,-0.20382735133171082,-0.6402384042739868,-0.05522387847304344,-0.0721881091594696,-0.7544959783554077,-0.122541643679142,-0.05162091180682182,-0.5614646077156067,-0.08663211017847061,-0.07803772389888763,-0.433014452457428,-0.03734991326928139,HELP
0.0,0.0,0.0,0.21489550173282623,-0.1340743601322174,-0.06675940752029419,0.36065688729286194,-0.43932995200157166,-0.08150503039360046,0.40656542778015137,-0.7171366810798645,-0.09971678256988525,0.3597458600997925,-0.9268324375152588,-0.10753870755434036,0.22315186262130737,-0.7023134231567383,0.005835291929543018,0.3200138509273529,-0.8492778539657593,-0.10732537508010864,0.29257869720458984,-0.6239539384841919,-0.17433775961399078,0.23660118877887726,-0.4585277736186981,-0.19632162153720856,0.091804139316082,-0.7115330100059509,0.0019771489314734936,0.20116733014583588,-0.8410094976425171,-0.1078130304813385,0.17366497218608856,-0.5673524737358093,-0.1334645301103592,0.1194048598408699,-0.41947048902511597,-0.12228404730558395,-0.047524597495794296,-0.6931204795837402,-0.02395276166498661,0.07229471206665039,-0.8057902455329895,-0.14096376299858093,0.06486806273460388,-0.5409317016601562,-0.11452347785234451,0.024632345885038376,-0.39731505513191223,-0.06346914172172546,-0.20453740656375885,-0.6444311738014221,-0.05519524961709976,-0.06934157013893127,-0.7317506074905396,-0.1289147585630417,-0.04508376866579056,-0.5295162796974182,-0.09651657193899155,-0.06748391687870026,-0.4120553433895111,-0.05006079003214836,HELP
0.0,0.0,0.0,0.22386673092842102,-0.15753865242004395,-0.04920779541134834,0.3636801540851593,-0.4509918987751007,-0.05731010064482689,0.4073239266872406,-0.7158808708190918,-0.07569897919893265,0.3643828332424164,-0.9272351264953613,-0.0863717794418335,0.21054811775684357,-0.6962690353393555,0.03573572263121605,0.31429633498191833,-0.8508695363998413,-0.07020262628793716,0.2896844744682312,-0.636299192905426,-0.13952314853668213,0.23124109208583832,-0.4635235369205475,-0.16384339332580566,0.0879034698009491,-0.7040818929672241,0.025253979489207268,0.2039192020893097,-0.8352777361869812,-0.07959406822919846,0.17158041894435883,-0.5705917477607727,-0.11021029949188232,0.11122120916843414,-0.4116485118865967,-0.1026349663734436,-0.04445828124880791,-0.6866679191589355,-0.006373043637722731,0.0805961862206459,-0.8090198040008545,-0.11592897772789001,0.06444314867258072,-0.5441448092460632,-0.0890691727399826,0.01553860679268837,-0.38814613223075867,-0.03773653879761696,-0.19954514503479004,-0.6393259167671204,-0.042566947638988495,-0.05705408379435539,-0.743310809135437,-0.10707417875528336,-0.04177899658679962,-0.5465722680091858,-0.06953427195549011,-0.0745081901550293,-0.4276788830757141,-0.020306402817368507,HELP
0.0,0.0,0.0,0.22212016582489014,-0.1515297293663025,-0.054988257586956024,0.35856571793556213,-0.45169901847839355,-0.0638442412018776,0.3976781964302063,-0.7127039432525635,-0.08243308216333389,0.36382511258125305,-0.926904022693634,-0.09208713471889496,0.21629822254180908,-0.6956440806388855,0.03734463453292847,0.32177284359931946,-0.8399661779403687,-0.07873132824897766,0.2941536605358124,-0.6210326552391052,-0.15241336822509766,0.2364179939031601,-0.4448871314525604,-0.17678190767765045,0.09129518270492554,-0.7100633978843689,0.028115756809711456,0.21757246553897858,-0.8306098580360413,-0.08739153295755386,0.18099506199359894,-0.5600892305374146,-0.11880040168762207,0.1206040009856224,-0.39918845891952515,-0.10804606974124908,-0.04324955865740776,-0.6972371339797974,-0.004750338848680258,0.09084167331457138,-0.800700843334198,-0.12451259791851044,0.07059862464666367,-0.5360090732574463,-0.09989358484745026,0.02385507896542549,-0.3818367123603821,-0.04671582952141762,-0.19778162240982056,-0.6522634625434875,-0.04270781949162483,-0.053187306970357895,-0.7406147718429565,-0.11447664350271225,-0.040252141654491425,-0.5402777791023254,-0.08024747669696808,-0.06863003224134445,-0.41967079043388367,-0.03105306625366211,HELP
0.0,0.0,0.0,0.22111953794956207,-0.16577346622943878,-0.048462383449077606,0.36180007457733154,-0.4604074954986572,-0.05644213408231735,0.4076143503189087,-0.7143275141716003,-0.07484514266252518,0.3813365697860718,-0.9207058548927307,-0.08296485245227814,0.21126730740070343,-0.7361522912979126,0.0451330803334713,0.3169077932834625,-0.8787201046943665,-0.05706587806344032,0.3065762519836426,-0.6593306660652161,-0.1224435418844223,0.2586827874183655,-0.5101279020309448,-0.14631401002407074,0.08405083417892456,-0.7479434609413147,0.0328456312417984,0.19850963354110718,-0.8573020696640015,-0.06650624424219131,0.17987336218357086,-0.5941686630249023,-0.09743032604455948,0.12582342326641083,-0.4643918573856354,-0.09311120212078094,-0.05202900990843773,-0.7283878326416016,-0.0009506988571956754,0.07094435393810272,-0.820144772529602,-0.10437726974487305,0.06395872682332993,-0.5658981800079346,-0.07690530270338058,0.016386397182941437,-0.43369007110595703,-0.029590129852294922,-0.2092294991016388,-0.6722879409790039,-0.04000455141067505,-0.07456868886947632,-0.7499080300331116,-0.09868296980857849,-0.053163230419158936,-0.5642917156219482,-0.059452787041664124,-0.08103548735380173,-0.4599052369594574,-0.010931841097772121,HELP
0.0,0.0,0.0,0.2203274965286255,-0.179594025015831,-0.039107754826545715,0.35334309935569763,-0.46564981341362,-0.043268416076898575,0.3963029086589813,-0.7204207181930542,-0.05987570434808731,0.36422741413116455,-0.9287130236625671,-0.06950248777866364,0.19542273879051208,-0.6932840347290039,0.06274177879095078,0.2883206903934479,-0.83216392993927,-0.027176430448889732,0.2843013107776642,-0.6268722414970398,-0.0955125093460083,0.2421712875366211,-0.464074045419693,-0.12385892868041992,0.07428479194641113,-0.7045024037361145,0.049377791583538055,0.17702056467533112,-0.8357153534889221,-0.041453830897808075,0.1714542806148529,-0.5968246459960938,-0.08411925286054611,0.12688465416431427,-0.44089385867118835,-0.08915914595127106,-0.05790513753890991,-0.6901139616966248,0.01696782000362873,0.05221039801836014,-0.8114556074142456,-0.0796167328953743,0.06403625011444092,-0.5673066973686218,-0.06351455301046371,0.03274410590529442,-0.40749242901802063,-0.023630065843462944,-0.20956610143184662,-0.640974760055542,-0.019771188497543335,-0.08377155661582947,-0.7413585186004639,-0.0797843411564827,-0.048409055918455124,-0.561519205570221,-0.04758225753903389,-0.06151673197746277,-0.43574801087379456,-0.0036212478298693895,HELP
0.0,0.0,0.0,0.22384107112884521,-0.17331668734550476,-0.046228550374507904,0.3687221109867096,-0.47701698541641235,-0.051400888711214066,0.4117352366447449,-0.7467448115348816,-0.06493794918060303,0.3501243591308594,-0.9340524077415466,-0.07042040675878525,0.20870624482631683,-0.7015760540962219,0.043035924434661865,0.2966362237930298,-0.8524807691574097,-0.043692778795957565,0.2967442274093628,-0.6437407732009888,-0.10438933968544006,0.2581849694252014,-0.4979633688926697,-0.12862896919250488,0.08155951648950577,-0.7080660462379456,0.034964002668857574,0.1747344434261322,-0.8334170579910278,-0.05207720771431923,0.17401929199695587,-0.5926837921142578,-0.08584564924240112,0.13257938623428345,-0.4597819447517395,-0.08682367950677872,-0.05526095628738403,-0.6863769292831421,0.008435491472482681,0.04145278036594391,-0.8151600360870361,-0.08520899713039398,0.06072622165083885,-0.5728380680084229,-0.06232316792011261,0.03615535423159599,-0.4242735207080841,-0.02011890709400177,-0.2137691229581833,-0.6329495906829834,-0.022763391956686974,-0.09430348873138428,-0.7445027828216553,-0.08233623206615448,-0.05429287999868393,-0.5630460381507874,-0.048615530133247375,-0.06223458796739578,-0.4393768310546875,-0.004063830710947514,HELP
0.0,0.0,0.0,0.22030651569366455,-0.18065448105335236,-0.025609076023101807,0.35243621468544006,-0.4669896066188812,-0.0125390300527215,0.4064236283302307,-0.7206977605819702,-0.014290708117187023,0.3749379515647888,-0.9269850850105286,-0.010957175865769386,0.18306826055049896,-0.6880755424499512,0.11912324279546738,0.2661314010620117,-0.8155062198638916,0.05228221416473389,0.28068140149116516,-0.6621246933937073,-0.01569659821689129,0.2650333046913147,-0.5403361320495605,-0.04911051690578461,0.06571165472269058,-0.7050385475158691,0.10752685368061066,0.15050943195819855,-0.8206762075424194,0.03662882372736931,0.16373376548290253,-0.6450821161270142,-0.019717732444405556,0.14670680463314056,-0.5216811299324036,-0.03968826308846474,-0.06704896688461304,-0.6959773898124695,0.07648342847824097,0.03286771476268768,-0.7957388162612915,-0.004161227494478226,0.05038261041045189,-0.5999583005905151,-0.007255885284394026,0.03326006606221199,-0.4638809859752655,0.014198853634297848,-0.21841642260551453,-0.658015251159668,0.04142694175243378,-0.09514864534139633,-0.7348026037216187,-0.009976265020668507,-0.06886474788188934,-0.575523316860199,0.00971536710858345,-0.07899067550897598,-0.45907536149024963,0.041636914014816284,HELP
0.0,0.0,0.0,0.21170903742313385,-0.15317502617835999,-0.05210234597325325,0.36096635460853577,-0.45600593090057373,-0.05907344073057175,0.4149101972579956,-0.7336353063583374,-0.07203367352485657,0.3551563620567322,-0.9316446185112,-0.07682675868272781,0.21668073534965515,-0.7274077534675598,0.04361209273338318,0.3004037141799927,-0.8453915119171143,-0.04990427568554878,0.2834031879901886,-0.6388046741485596,-0.11703194677829742,0.23774242401123047,-0.49159011244773865,-0.14280137419700623,0.08001162856817245,-0.7356871962547302,0.04121421277523041,0.16393572092056274,-0.8301866054534912,-0.04697645455598831,0.15970228612422943,-0.5931521058082581,-0.08133003115653992,0.12760895490646362,-0.4570690095424652,-0.08102227747440338,-0.06589634716510773,-0.7079556584358215,0.01890919730067253,0.027182674035429955,-0.7920556664466858,-0.07226914912462234,0.04399313032627106,-0.5570206642150879,-0.05149155110120773,0.025619322434067726,-0.4123042821884155,-0.010468224063515663,-0.22757114470005035,-0.6427189707756042,-0.008956458419561386,-0.1106952354311943,-0.7192191481590271,-0.0632784515619278,-0.07566730678081512,-0.5368351936340332,-0.03094795159995556,-0.08067648112773895,-0.41371798515319824,0.01335889007896185,HELP
0.0,0.0,0.0,0.2231091409921646,-0.1542903184890747,-0.054200589656829834,0.3546241521835327,-0.4818657636642456,-0.05894409865140915,0.3921177089214325,-0.764750599861145,-0.07087117433547974,0.3148455023765564,-0.9461795091629028,-0.07494378089904785,0.19563812017440796,-0.7449930906295776,0.046086374670267105,0.26678481698036194,-0.8737223744392395,-0.05592796579003334,0.26300472021102905,-0.6514080166816711,-0.1252191662788391,0.22533424198627472,-0.49358972907066345,-0.15040326118469238,0.059197284281253815,-0.7419030070304871,0.0413161925971508,0.13776232302188873,-0.8543788194656372,-0.06386159360408783,0.14083610475063324,-0.5849639177322388,-0.10223937034606934,0.10652400553226471,-0.4317047595977783,-0.09867990016937256,-0.08670486509799957,-0.7014390230178833,0.01570543833076954,-0.007130727171897888,-0.8171802163124084,-0.09682057052850723,0.02662586234509945,-0.5526759624481201,-0.07758411765098572,0.013955810107290745,-0.3907317817211151,-0.03050711564719677,-0.24868133664131165,-0.6249238848686218,-0.014343556948006153,-0.14352624118328094,-0.7340004444122314,-0.0889684408903122,-0.09159717708826065,-0.5369337201118469,-0.05924437567591667,-0.08600848913192749,-0.3992592990398407,-0.011850398033857346,HELP
0.0,0.0,0.0,0.22660456597805023,-0.16494445502758026,-0.04775094985961914,0.3572772145271301,-0.4890210032463074,-0.049783024936914444,0.40087801218032837,-0.7728596925735474,-0.05918239802122116,0.31771421432495117,-0.9462423324584961,-0.06068845093250275,0.19702845811843872,-0.7345554232597351,0.04804167151451111,0.2738823890686035,-0.8703857660293579,-0.04058874025940895,0.2656093239784241,-0.6560238003730774,-0.10321953892707825,0.22846081852912903,-0.5218413472175598,-0.1292644739151001,0.06466983258724213,-0.7317940592765808,0.041775643825531006,0.1393369734287262,-0.8487315773963928,-0.05234159156680107,0.14336517453193665,-0.5910844206809998,-0.08626428991556168,0.1134994775056839,-0.45576968789100647,-0.08402415364980698,-0.07547159492969513,-0.6968690752983093,0.01647881232202053,3.382822615094483e-05,-0.8129403591156006,-0.08234363049268723,0.032347045838832855,-0.5597383975982666,-0.05888786166906357,0.01922961324453354,-0.4089045524597168,-0.013840177096426487,-0.23090702295303345,-0.6307706236839294,-0.013520319946110249,-0.12868669629096985,-0.7452868223190308,-0.07510862499475479,-0.0823177695274353,-0.5559553503990173,-0.04149361327290535,-0.08226744085550308,-0.4254923462867737,0.004669738933444023,HELP
0.0,0.0,0.0,0.22733430564403534,-0.17521239817142487,-0.040005266666412354,0.3444722294807434,-0.5038095712661743,-0.03628984093666077,0.3759583532810211,-0.7821199297904968,-0.04194161668419838,0.29578930139541626,-0.9542635679244995,-0.04346955940127373,0.1982138752937317,-0.7375330328941345,0.052149105817079544,0.23938782513141632,-0.8730370402336121,-0.04322539642453194,0.2167961746454239,-0.6587284803390503,-0.11158961057662964,0.17640569806098938,-0.46376410126686096,-0.13487626612186432,0.06366019695997238,-0.7410417199134827,0.04543765261769295,0.11511410027742386,-0.8739792704582214,-0.057333074510097504,0.10943951457738876,-0.6045944690704346,-0.09478412568569183,0.08689813315868378,-0.4023253321647644,-0.0871439129114151,-0.07995417714118958,-0.7078243494033813,0.020183710381388664,-0.027531906962394714,-0.8320164084434509,-0.08893349021673203,0.003581042168661952,-0.5657153129577637,-0.0760582983493805,0.006455638911575079,-0.3729875087738037,-0.02958417497575283,-0.23654064536094666,-0.6384946703910828,-0.007814561016857624,-0.16089406609535217,-0.7633838057518005,-0.08208904415369034,-0.10675141960382462,-0.5751188397407532,-0.057824283838272095,-0.08755218982696533,-0.43469199538230896,-0.01276596449315548,HELP
0.0,0.0,0.0,0.229217067360878,-0.1843111366033554,-0.038555972278118134,0.34414321184158325,-0.5048426389694214,-0.03395768627524376,0.373196542263031,-0.7755444049835205,-0.03983411565423012,0.30161982774734497,-0.952549934387207,-0.04091697186231613,0.18705682456493378,-0.7504468560218811,0.05988508090376854,0.23132063448429108,-0.8873825669288635,-0.034099627286195755,0.21719463169574738,-0.668520450592041,-0.10080569982528687,0.18113531172275543,-0.46835047006607056,-0.12252295762300491,0.0567067451775074,-0.7512521147727966,0.05287029594182968,0.11155373603105545,-0.8766125440597534,-0.04599064588546753,0.10867457091808319,-0.6055921912193298,-0.08181166648864746,0.08610668033361435,-0.40898603200912476,-0.07387645542621613,-0.0852324515581131,-0.7141255736351013,0.026717644184827805,-0.028213798999786377,-0.8346428871154785,-0.08013536781072617,0.0027360615786165,-0.5664377808570862,-0.06395591795444489,0.002090874593704939,-0.37901055812835693,-0.01612159051001072,-0.2435302883386612,-0.6384875774383545,-0.002336778910830617,-0.16271159052848816,-0.7573176622390747,-0.07515282183885574,-0.11139890551567078,-0.5622420310974121,-0.0478040985763073,-0.0981607660651207,-0.4229564070701599,-0.0005287146777845919,HELP
0.0,0.0,0.0,0.2275710254907608,-0.20213580131530762,-0.022936560213565826,0.3388386070728302,-0.5164391398429871,-0.013420606032013893,0.364606648683548,-0.7879474759101868,-0.017856094986200333,0.2862933278083801,-0.9579326510429382,-0.02003220096230507,0.2014652043581009,-0.7459504008293152,0.07985065877437592,0.23285293579101562,-0.8881679177284241,-0.009810654446482658,0.2102748304605484,-0.6786049604415894,-0.07955635339021683,0.17086635529994965,-0.47910386323928833,-0.10374536365270615,0.06593789905309677,-0.747193455696106,0.06702015548944473,0.10129259526729584,-0.8750176429748535,-0.024706082418560982,0.09392853081226349,-0.6088835000991821,-0.062383878976106644,0.0728883147239685,-0.411708801984787,-0.05726541578769684,-0.0802466869354248,-0.7091323733329773,0.0362255722284317,-0.04483095929026604,-0.8401399850845337,-0.06167304888367653,-0.015798302367329597,-0.5802194476127625,-0.04594139754772186,-0.013263762928545475,-0.39158618450164795,-0.00043599968194030225,-0.2428901344537735,-0.6317598223686218,0.00359714706428349,-0.18677233159542084,-0.7742060422897339,-0.059525568038225174,-0.13616707921028137,-0.5871673226356506,-0.027643684297800064,-0.11767357587814331,-0.446822851896286,0.021340465173125267,HELP
0.0,0.0,0.0,0.23533660173416138,-0.21951057016849518,-0.02046959660947323,0.33229029178619385,-0.5295187830924988,-0.011856838129460812,0.3553988039493561,-0.7943214774131775,-0.018863322213292122,0.27838197350502014,-0.9601967334747314,-0.022928854450583458,0.18739277124404907,-0.737028956413269,0.08444401621818542,0.21881182491779327,-0.8784913420677185,-0.01383238285779953,0.20407232642173767,-0.6678577065467834,-0.09022090584039688,0.1713891178369522,-0.4666554927825928,-0.11750738322734833,0.054386839270591736,-0.7325355410575867,0.06723876297473907,0.08816276490688324,-0.8719605207443237,-0.03764592856168747,0.08797851204872131,-0.6105656623840332,-0.08399821072816849,0.07105528563261032,-0.40479937195777893,-0.08201573044061661,-0.08885811269283295,-0.6933861374855042,0.03153242915868759,-0.05572923272848129,-0.8361853957176208,-0.07441014796495438,-0.020755354315042496,-0.5785562992095947,-0.060488052666187286,-0.015597494319081306,-0.38630029559135437,-0.013860024511814117,-0.24656248092651367,-0.6217442154884338,-0.006116287782788277,-0.18988697230815887,-0.7688415050506592,-0.07269567251205444,-0.13739073276519775,-0.5837172865867615,-0.04024295508861542,-0.11776983737945557,-0.44037926197052,0.010070590302348137,HELP
0.0,0.0,0.0,0.23012816905975342,-0.21680384874343872,-0.031783487647771835,0.3274366557598114,-0.530330240726471,-0.02444879338145256,0.34364455938339233,-0.7962605953216553,-0.02859220653772354,0.2661284804344177,-0.9635204672813416,-0.028352534398436546,0.18244992196559906,-0.7298609614372253,0.07229027152061462,0.21588385105133057,-0.8635552525520325,-0.021467970684170723,0.19531024992465973,-0.6531816720962524,-0.09099969267845154,0.15753047168254852,-0.4553379714488983,-0.1143035963177681,0.0492175929248333,-0.7273533344268799,0.06314437836408615,0.07992617785930634,-0.8666567206382751,-0.04031400382518768,0.07895078510046005,-0.6045414209365845,-0.08372657001018524,0.06375441700220108,-0.399324893951416,-0.07951099425554276,-0.09168887138366699,-0.6887548565864563,0.03564445301890373,-0.06355764716863632,-0.8324643969535828,-0.07240510731935501,-0.028032762929797173,-0.5711478590965271,-0.0604296550154686,-0.01963946409523487,-0.3752750754356384,-0.013827335089445114,-0.2449066936969757,-0.6174926161766052,0.0059695071540772915,-0.19095462560653687,-0.7621855139732361,-0.0637696161866188,-0.13937585055828094,-0.5788373947143555,-0.035553425550460815,-0.11877483874559402,-0.43766313791275024,0.012320424430072308,HELP
0.0,0.0,0.0,0.22464391589164734,-0.2115928828716278,-0.02932063862681389,0.3362763524055481,-0.51528400182724,-0.022276967763900757,0.36694467067718506,-0.7855455279350281,-0.026742294430732727,0.282605916261673,-0.9588677883148193,-0.026577552780508995,0.1958538293838501,-0.723696768283844,0.0743987038731575,0.2300391048192978,-0.8639602661132812,-0.013249699026346207,0.20921725034713745,-0.6514796018600464,-0.0771508514881134,0.17299704253673553,-0.4635825753211975,-0.09783285111188889,0.06517958641052246,-0.7291762232780457,0.06562796235084534,0.09621985256671906,-0.8678122758865356,-0.02837468683719635,0.08760648220777512,-0.6029452085494995,-0.06577193737030029,0.0694759413599968,-0.4114059805870056,-0.059630297124385834,-0.07761885970830917,-0.6933717131614685,0.03916342183947563,-0.05361011251807213,-0.8432706594467163,-0.06109648942947388,-0.02397836372256279,-0.577890932559967,-0.04499533772468567,-0.0137991514056921,-0.38911837339401245,0.001916363718919456,-0.23496054112911224,-0.6214317083358765,0.010718212462961674,-0.1876741647720337,-0.7594680786132812,-0.054035481065511703,-0.13491080701351166,-0.5743865966796875,-0.025064712390303612,-0.10807701200246811,-0.43910354375839233,0.02213246561586857,HELP
0.0,0.0,0.0,0.2339131087064743,-0.22201092541217804,-0.02838106080889702,0.3381650447845459,-0.537235677242279,-0.021242467686533928,0.35643240809440613,-0.7976909279823303,-0.027598047628998756,0.273518830537796,-0.96140456199646,-0.029811568558216095,0.1916119009256363,-0.7333481907844543,0.07758549600839615,0.22492876648902893,-0.8679775595664978,-0.023143107071518898,0.1991022825241089,-0.6586814522743225,-0.09798154979944229,0.16115112602710724,-0.46416059136390686,-0.12327684462070465,0.05807317793369293,-0.7302176356315613,0.06435935944318771,0.09491238743066788,-0.8657423853874207,-0.04498614743351936,0.08615767955780029,-0.6010957360267639,-0.08976640552282333,0.06865482032299042,-0.3967045545578003,-0.08422526717185974,-0.08290060609579086,-0.6909735202789307,0.03184731677174568,-0.05240718647837639,-0.8335566520690918,-0.07895326614379883,-0.021389039233326912,-0.5697369575500488,-0.06561974436044693,-0.011644219048321247,-0.3755118250846863,-0.016513433307409286,-0.23525407910346985,-0.6189291477203369,-0.0030329981818795204,-0.18392260372638702,-0.7649191617965698,-0.0720239132642746,-0.13163074851036072,-0.5796478390693665,-0.041201457381248474,-0.10633092373609543,-0.43742257356643677,0.009507187642157078,HELP
0.0,0.0,0.0,0.22634540498256683,-0.20306985080242157,-0.0363730750977993,0.33100172877311707,-0.5258779525756836,-0.03007294051349163,0.3524513244628906,-0.7919948101043701,-0.033670295029878616,0.27875205874443054,-0.9598084688186646,-0.03263404220342636,0.18458348512649536,-0.7313940525054932,0.05887969210743904,0.21386627852916718,-0.8756152391433716,-0.03424955904483795,0.19093698263168335,-0.6730474233627319,-0.100782610476017,0.15597009658813477,-0.4843795597553253,-0.12265997380018234,0.05087858811020851,-0.7309838533401489,0.05119117349386215,0.08374282717704773,-0.8763431906700134,-0.04935937747359276,0.07928717881441116,-0.6175172328948975,-0.08656515926122665,0.06708461046218872,-0.41828110814094543,-0.07833036780357361,-0.08848316222429276,-0.6946591138839722,0.025049949064850807,-0.06151386722922325,-0.8415089249610901,-0.07975532859563828,-0.02813277579843998,-0.5796582102775574,-0.06453517079353333,-0.014684011228382587,-0.38754701614379883,-0.016689298674464226,-0.2373831570148468,-0.6226748824119568,-0.00409290473908186,-0.18772123754024506,-0.7653458118438721,-0.07356514781713486,-0.1339872181415558,-0.5818477272987366,-0.0463704913854599,-0.10712490230798721,-0.44371047616004944,0.0004922407679259777,HELP
0.0,0.0,0.0,0.22486047446727753,-0.21223516762256622,-0.034365080296993256,0.3361791670322418,-0.5261080265045166,-0.030409077182412148,0.35906916856765747,-0.7944602966308594,-0.03656616806983948,0.2730730473995209,-0.9612246751785278,-0.03844880685210228,0.1868239790201187,-0.7333000898361206,0.061448413878679276,0.2199563831090927,-0.871372640132904,-0.03013477474451065,0.19510771334171295,-0.6635963320732117,-0.09881503880023956,0.15791580080986023,-0.4731656312942505,-0.1226753294467926,0.05386859178543091,-0.734986424446106,0.05402584746479988,0.08683258295059204,-0.8756411671638489,-0.04310357943177223,0.07775015383958817,-0.6153642535209656,-0.08156698197126389,0.06180454418063164,-0.4158545732498169,-0.07565286010503769,-0.08653275668621063,-0.6974864602088928,0.028932904824614525,-0.0621350072324276,-0.8448691368103027,-0.07071945071220398,-0.0325225405395031,-0.5849113464355469,-0.05519789084792137,-0.020993836224079132,-0.39307716488838196,-0.008631628006696701,-0.23786574602127075,-0.6239257454872131,0.0009834135416895151,-0.1920466125011444,-0.7675238847732544,-0.06272359937429428,-0.1400318145751953,-0.5861860513687134,-0.03372425585985184,-0.11339342594146729,-0.44824346899986267,0.013297239318490028,HELP
0.0,0.0,0.0,0.22042155265808105,-0.20081156492233276,-0.03593399003148079,0.3319188058376312,-0.509625256061554,-0.03340914472937584,0.36258992552757263,-0.7843477725982666,-0.04108931124210358,0.2792656719684601,-0.9591781497001648,-0.04458725079894066,0.1893276870250702,-0.7275015115737915,0.057359278202056885,0.2226533144712448,-0.8753165006637573,-0.034577395766973495,0.19714687764644623,-0.6656848192214966,-0.10105354338884354,0.15785357356071472,-0.4777696132659912,-0.12363462895154953,0.05660953372716904,-0.7329781651496887,0.04987814649939537,0.08932609111070633,-0.8809419274330139,-0.04725691303610802,0.08013567328453064,-0.6155949234962463,-0.08371025323867798,0.061446741223335266,-0.4228428304195404,-0.07690677046775818,-0.08554863184690475,-0.6965328454971313,0.024897539988160133,-0.06254890561103821,-0.8550586700439453,-0.07741212844848633,-0.031455788761377335,-0.587639570236206,-0.06003859266638756,-0.021625006571412086,-0.3974702060222626,-0.012030761688947678,-0.24125206470489502,-0.6221476793289185,-0.0027004042640328407,-0.1954701542854309,-0.7672319412231445,-0.06888949871063232,-0.14090120792388916,-0.5860922336578369,-0.03986717388033867,-0.11481515318155289,-0.4514758288860321,0.007245061919093132,HELP
0.0,0.0,0.0,0.2260468602180481,-0.2001933604478836,-0.03452706336975098,0.33775925636291504,-0.5317916870117188,-0.025685034692287445,0.3561418652534485,-0.8008232712745667,-0.025069158524274826,0.27371951937675476,-0.9616098999977112,-0.019595352932810783,0.18896478414535522,-0.7345577478408813,0.056969836354255676,0.2147902399301529,-0.8809310793876648,-0.025295818224549294,0.1888013333082199,-0.6713268756866455,-0.08506482094526291,0.15369868278503418,-0.48345470428466797,-0.10465862601995468,0.05346360802650452,-0.7313554286956787,0.05218622833490372,0.0769745409488678,-0.8786805272102356,-0.035183459520339966,0.07248328626155853,-0.6125684976577759,-0.06655721366405487,0.061576828360557556,-0.41810500621795654,-0.05818701162934303,-0.08744605630636215,-0.6900898218154907,0.030623508617281914,-0.06952600181102753,-0.8482123017311096,-0.061965927481651306,-0.03708222508430481,-0.5853706002235413,-0.04201456904411316,-0.025762075558304787,-0.3966566324234009,0.004645193461328745,-0.2383849024772644,-0.6149113774299622,0.006507417652755976,-0.20053502917289734,-0.7688308954238892,-0.05330471321940422,-0.14817528426647186,-0.5842031836509705,-0.021366886794567108,-0.1219969168305397,-0.44774094223976135,0.025967078283429146,HELP
0.0,0.0,0.0,0.21746182441711426,-0.21026524901390076,-0.04019755497574806,0.32996082305908203,-0.5300329327583313,-0.039157263934612274,0.3509427011013031,-0.7984904050827026,-0.0466000959277153,0.26644688844680786,-0.9626477360725403,-0.04811805486679077,0.1792343556880951,-0.7304123044013977,0.05314178392291069,0.20731502771377563,-0.877376139163971,-0.04210532829165459,0.18453653156757355,-0.6664863228797913,-0.10878913849592209,0.14998272061347961,-0.47799891233444214,-0.130686417222023,0.04658736661076546,-0.7274128198623657,0.046460844576358795,0.07106614112854004,-0.8833798170089722,-0.055730774998664856,0.06984766572713852,-0.6182960271835327,-0.09313037991523743,0.060380179435014725,-0.4202823340892792,-0.08524317294359207,-0.09104500710964203,-0.6886290311813354,0.021346567198634148,-0.07366582006216049,-0.8479547500610352,-0.08222881704568863,-0.03563432767987251,-0.586616575717926,-0.06483037769794464,-0.020595243200659752,-0.3957163393497467,-0.016145868226885796,-0.23855358362197876,-0.6149302124977112,-0.007177521008998156,-0.2020891159772873,-0.7626017332077026,-0.07393909245729446,-0.14384467899799347,-0.5832931995391846,-0.0455143041908741,-0.11303212493658066,-0.44723060727119446,0.0016234447248280048,HELP
0.0,0.0,0.0,0.21916048228740692,-0.21251410245895386,-0.03775251284241676,0.32989588379859924,-0.5350662469863892,-0.03541966900229454,0.34927898645401,-0.7972865700721741,-0.04196760430932045,0.26669666171073914,-0.9627733826637268,-0.044048748910427094,0.19017812609672546,-0.7270333170890808,0.05051621422171593,0.21808506548404694,-0.8664576411247253,-0.04408549517393112,0.19126762449741364,-0.662147045135498,-0.114093117415905,0.15559378266334534,-0.4712381362915039,-0.1384117752313614,0.053220394998788834,-0.7261291742324829,0.04406885802745819,0.07864092290401459,-0.8627576231956482,-0.05471859872341156,0.0740959495306015,-0.6070048213005066,-0.09294271469116211,0.06525261700153351,-0.40370988845825195,-0.08727730065584183,-0.0866997241973877,-0.6886557936668396,0.019535906612873077,-0.06833148747682571,-0.8300395607948303,-0.0777161568403244,-0.03314346447587013,-0.5780777931213379,-0.0631130114197731,-0.015230444259941578,-0.38371190428733826,-0.018474554643034935,-0.23328934609889984,-0.6178020238876343,-0.008704393170773983,-0.19956843554973602,-0.7589991688728333,-0.07150431722402573,-0.14354783296585083,-0.5862746238708496,-0.045233797281980515,-0.11110217869281769,-0.4494588375091553,-0.0007266878383234143,HELP
0.0,0.0,0.0,0.22154532372951508,-0.21710693836212158,-0.044989362359046936,0.3368282914161682,-0.5482919812202454,-0.046954188495874405,0.35047271847724915,-0.8051785826683044,-0.05589822679758072,0.2665141522884369,-0.9619632363319397,-0.05997418239712715,0.19612692296504974,-0.7239206433296204,0.03289506956934929,0.21922877430915833,-0.8653428554534912,-0.06459382176399231,0.19262517988681793,-0.6639026403427124,-0.13349558413028717,0.15481145679950714,-0.47179919481277466,-0.15681777894496918,0.0563686341047287,-0.7200876474380493,0.02891288325190544,0.0801829844713211,-0.8575273752212524,-0.07308126240968704,0.07607299089431763,-0.6013325452804565,-0.10888954997062683,0.06711652874946594,-0.39539968967437744,-0.10196179151535034,-0.08405619859695435,-0.6818955540657043,0.006918619852513075,-0.06616689264774323,-0.8265575766563416,-0.09398161619901657,-0.032052718102931976,-0.571994960308075,-0.07695343345403671,-0.014147548004984856,-0.37343600392341614,-0.030684461817145348,-0.22992204129695892,-0.6092718243598938,-0.01924542710185051,-0.1942150741815567,-0.750093400478363,-0.08655209839344025,-0.139985591173172,-0.5733278393745422,-0.06039837375283241,-0.10890555381774902,-0.43352779746055603,-0.015917515382170677,HELP
0.0,0.0,0.0,0.2224358171224594,-0.2031455785036087,-0.05131327733397484,0.3431118130683899,-0.5326354503631592,-0.05612814798951149,0.3585628569126129,-0.7973043322563171,-0.06547989696264267,0.27274417877197266,-0.959528923034668,-0.07010664790868759,0.20279833674430847,-0.7150722742080688,0.0184866301715374,0.22725895047187805,-0.863265872001648,-0.07835402339696884,0.19961920380592346,-0.6667552590370178,-0.14643940329551697,0.1595040261745453,-0.4708700478076935,-0.16968637704849243,0.06187284737825394,-0.7110109925270081,0.017522946000099182,0.08323881030082703,-0.8570457100868225,-0.0846673920750618,0.08085628598928452,-0.6067054271697998,-0.1212221086025238,0.07090910524129868,-0.3959071636199951,-0.1154446080327034,-0.07898875325918198,-0.6738345623016357,-0.0007053792360238731,-0.06529595702886581,-0.8218057751655579,-0.09996742755174637,-0.029277723282575607,-0.5741778016090393,-0.08480007946491241,-0.01304843369871378,-0.37409448623657227,-0.0409904383122921,-0.22454668581485748,-0.6037319302558899,-0.023505663499236107,-0.19342674314975739,-0.7498024702072144,-0.09022126346826553,-0.1393778771162033,-0.5808281898498535,-0.06567797064781189,-0.1101367324590683,-0.4412252902984619,-0.023288104683160782,HELP
0.0,0.0,0.0,0.2194189578294754,-0.19548174738883972,-0.05141351744532585,0.341963529586792,-0.5251448154449463,-0.055184632539749146,0.36297863721847534,-0.7941365838050842,-0.06400875002145767,0.2748073935508728,-0.9591407179832458,-0.06730515509843826,0.20546433329582214,-0.7137715816497803,0.024692140519618988,0.22507382929325104,-0.861854612827301,-0.07359492033720016,0.19719913601875305,-0.6540583372116089,-0.1403999626636505,0.1590881049633026,-0.46070772409439087,-0.16218745708465576,0.06544431298971176,-0.709564745426178,0.023176534101366997,0.0835028886795044,-0.8569159507751465,-0.08059585094451904,0.08034559339284897,-0.5947559475898743,-0.11510150134563446,0.070243701338768,-0.3931853771209717,-0.10675916820764542,-0.07583127170801163,-0.6721007823944092,0.0035638604313135147,-0.06674518436193466,-0.8247242569923401,-0.09995096176862717,-0.03228955715894699,-0.5655364394187927,-0.08137889951467514,-0.016778280958533287,-0.37285947799682617,-0.033639341592788696,-0.2233927994966507,-0.6032345294952393,-0.02037639729678631,-0.19376178085803986,-0.7516615986824036,-0.08822281658649445,-0.14312373101711273,-0.5752446055412292,-0.06058806926012039,-0.1166725754737854,-0.44085922837257385,-0.01522018201649189,HELP
0.0,0.0,0.0,0.22494730353355408,-0.19926263391971588,-0.05321536585688591,0.35277417302131653,-0.5322633981704712,-0.05878384783864021,0.3690798282623291,-0.7991973161697388,-0.06872505694627762,0.2797532081604004,-0.9572203755378723,-0.07394099235534668,0.2120491862297058,-0.720763087272644,0.019990475848317146,0.22998201847076416,-0.8709889054298401,-0.07886367291212082,0.20076245069503784,-0.6714659333229065,-0.1502084732055664,0.163096621632576,-0.4735000729560852,-0.17566357553005219,0.07013159990310669,-0.712576687335968,0.019383085891604424,0.0815889984369278,-0.8614447712898254,-0.085578553378582,0.07954932004213333,-0.6096103191375732,-0.125466451048851,0.07381746172904968,-0.39826905727386475,-0.12148240953683853,-0.07085125148296356,-0.6723145842552185,0.0011478981468826532,-0.06657212227582932,-0.8202890157699585,-0.09917765110731125,-0.02910793386399746,-0.5726996660232544,-0.08610667288303375,-0.007889789529144764,-0.3722665011882782,-0.04364437237381935,-0.21564237773418427,-0.6014971733093262,-0.021914605051279068,-0.19133423268795013,-0.7465550899505615,-0.08814569562673569,-0.13905689120292664,-0.5769587159156799,-0.06434495002031326,-0.10736618936061859,-0.4369391202926636,-0.022751418873667717,HELP
0.0,0.0,0.0,0.22694438695907593,-0.20992043614387512,-0.0438278391957283,0.3522978723049164,-0.5518520474433899,-0.0455956794321537,0.3700227439403534,-0.8178240060806274,-0.0531478151679039,0.26863688230514526,-0.9615441560745239,-0.05715686455368996,0.2150966376066208,-0.7338724732398987,0.029738664627075195,0.23144501447677612,-0.8851258158683777,-0.060871660709381104,0.20153847336769104,-0.6927199363708496,-0.1298862099647522,0.163222536444664,-0.5000075697898865,-0.1562812775373459,0.07103157043457031,-0.722741961479187,0.026143990457057953,0.07580459862947464,-0.870293378829956,-0.06724228709936142,0.0739767849445343,-0.6212139129638672,-0.1041693314909935,0.06768758594989777,-0.4143555462360382,-0.10189460963010788,-0.07401666790246964,-0.676563024520874,0.006182343233376741,-0.07429645210504532,-0.8312190175056458,-0.0832490473985672,-0.036546315997838974,-0.5880372524261475,-0.06788808107376099,-0.015616699121892452,-0.3916100859642029,-0.028071781620383263,-0.2215239256620407,-0.5991707444190979,-0.017960164695978165,-0.19993956387043,-0.7434189915657043,-0.07621919363737106,-0.14673006534576416,-0.575702965259552,-0.04990718513727188,-0.11440639942884445,-0.43980684876441956,-0.00949203409254551,HELP
0.0,0.0,0.0,0.22075976431369781,-0.21504217386245728,-0.05199214816093445,0.3467980921268463,-0.5508859753608704,-0.06043470650911331,0.36013418436050415,-0.818423867225647,-0.07356598228216171,0.25166022777557373,-0.9643237590789795,-0.08213885873556137,0.19685181975364685,-0.7305965423583984,0.016469914466142654,0.21444162726402283,-0.8710103631019592,-0.08241215348243713,0.18988537788391113,-0.6650168895721436,-0.15287166833877563,0.15734745562076569,-0.4711839556694031,-0.17874614894390106,0.05406682938337326,-0.7185215950012207,0.014185607433319092,0.061724934726953506,-0.8595964908599854,-0.08930640667676926,0.0598633848130703,-0.6034100651741028,-0.12608234584331512,0.05508136376738548,-0.3968707025051117,-0.12118979543447495,-0.08829736709594727,-0.6700868010520935,-0.00531389657407999,-0.08706377446651459,-0.8141608238220215,-0.10056395083665848,-0.04914385452866554,-0.5705698728561401,-0.0830821767449379,-0.025179129093885422,-0.37854474782943726,-0.0401703305542469,-0.23357751965522766,-0.5900874733924866,-0.02997259423136711,-0.2134680449962616,-0.7168492674827576,-0.08843568712472916,-0.15703804790973663,-0.5562434196472168,-0.06256542354822159,-0.11987753212451935,-0.43201690912246704,-0.02232714369893074,HELP
0.0,0.0,0.0,0.22315524518489838,-0.20548497140407562,-0.053145285695791245,0.34544655680656433,-0.5565198063850403,-0.05821298435330391,0.3532964587211609,-0.826271116733551,-0.0658356249332428,0.24635344743728638,-0.9667301177978516,-0.06886859238147736,0.18621669709682465,-0.7377572655677795,0.011696613393723965,0.2086765319108963,-0.8747962117195129,-0.08303817361593246,0.18463455140590668,-0.6680247783660889,-0.15150052309036255,0.15025587379932404,-0.4676908254623413,-0.17678748071193695,0.04298299923539162,-0.7261552810668945,0.012235349044203758,0.05863964930176735,-0.8562381267547607,-0.08533072471618652,0.058963727205991745,-0.5997120141983032,-0.11925826966762543,0.05417921021580696,-0.3912748098373413,-0.1141485944390297,-0.0979192852973938,-0.6791447401046753,-0.00408143037930131,-0.08764009177684784,-0.8091908693313599,-0.09540153294801712,-0.048774395138025284,-0.56490558385849,-0.078232042491436,-0.0268547385931015,-0.372982382774353,-0.037282660603523254,-0.24133718013763428,-0.6011030673980713,-0.025455856695771217,-0.21390530467033386,-0.7200314402580261,-0.08400370925664902,-0.1568576693534851,-0.5502505302429199,-0.058244552463293076,-0.12231601029634476,-0.42211779952049255,-0.01849578320980072,HELP
0.0,0.0,0.0,0.22092178463935852,-0.195246160030365,-0.05937509983778,0.3383945822715759,-0.5468764901161194,-0.06408370286226273,0.3440113067626953,-0.8214497566223145,-0.06995747238397598,0.2427455484867096,-0.9675284624099731,-0.07045024633407593,0.19094601273536682,-0.7209161520004272,0.007383977063000202,0.20155006647109985,-0.8667041659355164,-0.08949676156044006,0.17683987319469452,-0.6563224196434021,-0.1545691192150116,0.14880366623401642,-0.46272650361061096,-0.176648810505867,0.04749139025807381,-0.7059488892555237,0.010825172066688538,0.05313412845134735,-0.8542207479476929,-0.09267427772283554,0.05796026065945625,-0.5930871963500977,-0.12524880468845367,0.06003613397479057,-0.3876425623893738,-0.11649996042251587,-0.09159135818481445,-0.6563425660133362,-0.003440863685682416,-0.0928436666727066,-0.8100503087043762,-0.10324408859014511,-0.04653910547494888,-0.5590683221817017,-0.08543670922517776,-0.01848764903843403,-0.363226056098938,-0.04057344049215317,-0.23173409700393677,-0.5777906775474548,-0.022838253527879715,-0.2155541181564331,-0.7209969758987427,-0.08987592160701752,-0.15565170347690582,-0.5590095520019531,-0.06700681895017624,-0.11754783242940903,-0.4321640431880951,-0.026655131950974464,HELP
0.0,0.0,0.0,0.22853495180606842,-0.19311806559562683,-0.05819002166390419,0.3514065742492676,-0.5395019054412842,-0.06397422403097153,0.36404314637184143,-0.8089432716369629,-0.07173287868499756,0.2678353786468506,-0.9606585502624512,-0.07347940653562546,0.20890453457832336,-0.7155696153640747,0.006304887123405933,0.21678800880908966,-0.8723402619361877,-0.09448491036891937,0.19053666293621063,-0.6705322861671448,-0.16017785668373108,0.16433873772621155,-0.4791959226131439,-0.18175314366817474,0.06441468000411987,-0.7030051350593567,0.007644816767424345,0.06771133840084076,-0.8553036451339722,-0.10338843613862991,0.07059827446937561,-0.593919575214386,-0.13709214329719543,0.0765606090426445,-0.38644999265670776,-0.12668444216251373,-0.07597426325082779,-0.6589978337287903,-0.009006034582853317,-0.07620417326688766,-0.8073667287826538,-0.11436355113983154,-0.034298043698072433,-0.5515207052230835,-0.09587830305099487,-0.004308006726205349,-0.3573131263256073,-0.04852812737226486,-0.21584683656692505,-0.5863003134727478,-0.030808405950665474,-0.19838866591453552,-0.7168271541595459,-0.09973504394292831,-0.14363092184066772,-0.5454298853874207,-0.07665343582630157,-0.10638833045959473,-0.4188094735145569,-0.03544718772172928,HELP
0.0,0.0,0.0,0.22809423506259918,-0.20150300860404968,-0.05436471849679947,0.3574220836162567,-0.5405084490776062,-0.0621725395321846,0.3776145279407501,-0.8101652264595032,-0.07479089498519897,0.2760862112045288,-0.9576532244682312,-0.08171125501394272,0.20733709633350372,-0.729273796081543,0.008414187468588352,0.21820519864559174,-0.885679304599762,-0.09698518365621567,0.19207312166690826,-0.6648672223091125,-0.16453917324543,0.16762347519397736,-0.46743422746658325,-0.18626669049263,0.06222336366772652,-0.7127224802970886,0.004440061282366514,0.06752811372280121,-0.8658525347709656,-0.11288091540336609,0.0647306740283966,-0.5908905267715454,-0.1471463143825531,0.06776490062475204,-0.37726491689682007,-0.1350451111793518,-0.07975843548774719,-0.6629910469055176,-0.017571063712239265,-0.08111279457807541,-0.8163215517997742,-0.12670141458511353,-0.04328222945332527,-0.5521341562271118,-0.10663092136383057,-0.012475654482841492,-0.35360583662986755,-0.05635258927941322,-0.2227901965379715,-0.5850704908370972,-0.04459455981850624,-0.21159644424915314,-0.7188434600830078,-0.11233974248170853,-0.15795382857322693,-0.5479142665863037,-0.08659270405769348,-0.11858604103326797,-0.4198119044303894,-0.04305208846926689,HELP
0.0,0.0,0.0,0.2246159166097641,-0.18568173050880432,-0.06081364303827286,0.35518118739128113,-0.5244252681732178,-0.0689123198390007,0.3741590976715088,-0.802169144153595,-0.07990452647209167,0.2733278274536133,-0.9582093954086304,-0.08441931009292603,0.21170534193515778,-0.7279995083808899,0.007621501572430134,0.22310788929462433,-0.880776584148407,-0.09938481450080872,0.19732660055160522,-0.6613544225692749,-0.16650795936584473,0.17233017086982727,-0.4653782546520233,-0.18705734610557556,0.06595825403928757,-0.7128209471702576,0.007786703761667013,0.06777196377515793,-0.8623576760292053,-0.11140254884958267,0.06839364022016525,-0.5868018865585327,-0.14504282176494598,0.07186142355203629,-0.37533387541770935,-0.13150081038475037,-0.07794409245252609,-0.6644781231880188,-0.011068103834986687,-0.08294875174760818,-0.8116205930709839,-0.12455568462610245,-0.04118548706173897,-0.5481895804405212,-0.10478352755308151,-0.00951263029128313,-0.3522800803184509,-0.053263626992702484,-0.22308313846588135,-0.5892369151115417,-0.03512623533606529,-0.20979075133800507,-0.7231507897377014,-0.10743242502212524,-0.1548287719488144,-0.5489222407341003,-0.08303321152925491,-0.11703606694936752,-0.41919249296188354,-0.0389987975358963,HELP
0.0,0.0,0.0,0.2279760092496872,-0.19796662032604218,-0.05426580458879471,0.3545995354652405,-0.537390947341919,-0.06045251339673996,0.37073540687561035,-0.8054141402244568,-0.071132592856884,0.27304938435554504,-0.9589317440986633,-0.07677186280488968,0.20766182243824005,-0.7283371686935425,0.0102193308994174,0.2194298654794693,-0.8813455104827881,-0.09161310642957687,0.19041603803634644,-0.672609806060791,-0.15769527852535248,0.1623922884464264,-0.4758162498474121,-0.17887188494205475,0.06328844279050827,-0.7125035524368286,0.007830976508557796,0.06577816605567932,-0.8646323680877686,-0.10538774728775024,0.06310119479894638,-0.5967117547988892,-0.14037024974822998,0.0675012469291687,-0.3818914592266083,-0.12980979681015015,-0.07930807769298553,-0.6629537343978882,-0.012277761474251747,-0.08424831181764603,-0.8121591210365295,-0.11885817348957062,-0.04329624027013779,-0.5535350441932678,-0.10202081501483917,-0.009112410247325897,-0.35275450348854065,-0.054826050996780396,-0.22365814447402954,-0.5834705829620361,-0.03719056397676468,-0.2131800353527069,-0.7170339226722717,-0.1047307550907135,-0.15615138411521912,-0.5495924949645996,-0.08181847631931305,-0.11312759667634964,-0.4191257655620575,-0.04069541394710541,HELP
0.0,0.0,0.0,0.22620347142219543,-0.18416078388690948,-0.06049530208110809,0.3589576184749603,-0.5331912040710449,-0.06682334095239639,0.37672653794288635,-0.813717782497406,-0.07493142783641815,0.26988545060157776,-0.9599104523658752,-0.0757213607430458,0.20499758422374725,-0.7296804189682007,0.0027721584774553776,0.21753087639808655,-0.8916496634483337,-0.10227248817682266,0.19245579838752747,-0.6662390232086182,-0.16599181294441223,0.1676507443189621,-0.47349563241004944,-0.18505702912807465,0.05904481187462807,-0.7117172479629517,0.003060063347220421,0.059374283999204636,-0.8714329600334167,-0.11426368355751038,0.06489013135433197,-0.5929410457611084,-0.1450253427028656,0.07065945863723755,-0.3880620300769806,-0.13032987713813782,-0.08365164697170258,-0.6616926789283752,-0.015064366161823273,-0.09024126082658768,-0.820395290851593,-0.12640513479709625,-0.04381437599658966,-0.5535010695457458,-0.10348697006702423,-0.01162794977426529,-0.3622472584247589,-0.05117834731936455,-0.2270892858505249,-0.5853353142738342,-0.03834403678774834,-0.2159280925989151,-0.7235898971557617,-0.10790969431400299,-0.16012337803840637,-0.5491423010826111,-0.08158157020807266,-0.12324174493551254,-0.424183189868927,-0.03755204752087593,HELP
0.0,0.0,0.0,0.23154357075691223,-0.19320988655090332,-0.05777690187096596,0.36173388361930847,-0.5316786170005798,-0.0650438591837883,0.37656694650650024,-0.8125817179679871,-0.07494617253541946,0.26840290427207947,-0.9601268768310547,-0.0782058909535408,0.20670951902866364,-0.7267227172851562,0.006662790663540363,0.22233670949935913,-0.8824933767318726,-0.09603260457515717,0.1957712024450302,-0.6605105400085449,-0.15953291952610016,0.16937780380249023,-0.47104084491729736,-0.17945116758346558,0.0620921365916729,-0.712350070476532,0.0055267238058149815,0.06477944552898407,-0.8715206980705261,-0.10848493129014969,0.0660407617688179,-0.5982866883277893,-0.13990439474582672,0.06993506848812103,-0.39554697275161743,-0.12667050957679749,-0.07935566455125809,-0.663946270942688,-0.013533885590732098,-0.08278796821832657,-0.8215630054473877,-0.12130913138389587,-0.03925233706831932,-0.5608430504798889,-0.09957407414913177,-0.007759051863104105,-0.3713752329349518,-0.049137454479932785,-0.22278480231761932,-0.5856794118881226,-0.037556592375040054,-0.21198152005672455,-0.7216798067092896,-0.1045665517449379,-0.15402738749980927,-0.5529734492301941,-0.0789770781993866,-0.1135532408952713,-0.4301775395870209,-0.03615030273795128,HELP
0.0,0.0,0.0,0.22494913637638092,-0.18467168509960175,-0.06278783828020096,0.35890746116638184,-0.5257366299629211,-0.07414581626653671,0.37973231077194214,-0.8068157434463501,-0.08609927445650101,0.27163150906562805,-0.9581015110015869,-0.09087228775024414,0.20623742043972015,-0.7215174436569214,-0.011319558136165142,0.2173003852367401,-0.87757408618927,-0.1161792054772377,0.19026996195316315,-0.6498119235038757,-0.1774653047323227,0.1652408093214035,-0.4578423500061035,-0.1951260268688202,0.061442065984010696,-0.7050597071647644,-0.010876676999032497,0.06340402364730835,-0.8627464175224304,-0.1274002343416214,0.06675555557012558,-0.5837000012397766,-0.15489283204078674,0.0728524699807167,-0.37873488664627075,-0.1386246234178543,-0.07902894169092178,-0.6566869616508484,-0.02782949060201645,-0.08251652866601944,-0.8116740584373474,-0.1376906931400299,-0.038828931748867035,-0.5460213422775269,-0.11264795064926147,-0.007142132613807917,-0.35589599609375,-0.059784889221191406,-0.2194710671901703,-0.5806669592857361,-0.04997183755040169,-0.2066093385219574,-0.7149615287780762,-0.11902318149805069,-0.15222802758216858,-0.5401238799095154,-0.09200172871351242,-0.11565767973661423,-0.4150336980819702,-0.04784785583615303,HELP
0.0,0.0,0.0,0.22869528830051422,-0.195818692445755,-0.05457175150513649,0.35331693291664124,-0.5308222770690918,-0.062459323555231094,0.37088197469711304,-0.8024001717567444,-0.07406351715326309,0.2715882658958435,-0.9591234922409058,-0.07951074093580246,0.20225486159324646,-0.7259507179260254,0.004298010841012001,0.21708518266677856,-0.8712270259857178,-0.10078298300504684,0.1936527043581009,-0.6493474841117859,-0.16456754505634308,0.16891911625862122,-0.45993688702583313,-0.18364907801151276,0.05668710917234421,-0.7105119228363037,0.0005733532598242164,0.06865078210830688,-0.8625394105911255,-0.11512430757284164,0.06997355818748474,-0.5860273838043213,-0.14565560221672058,0.07101864367723465,-0.381461501121521,-0.13148890435695648,-0.08395102620124817,-0.6607984900474548,-0.020697038620710373,-0.07994817942380905,-0.8177060484886169,-0.13174447417259216,-0.03931242227554321,-0.5512449145317078,-0.10822998732328415,-0.011806031689047813,-0.3580966591835022,-0.05530845746397972,-0.2250128984451294,-0.5809804201126099,-0.04650452733039856,-0.2106289565563202,-0.7210466861724854,-0.1171143501996994,-0.15414917469024658,-0.5478081703186035,-0.09024006128311157,-0.1166490837931633,-0.42175304889678955,-0.04514698311686516,HELP
0.0,0.0,0.0,0.22792315483093262,-0.18863356113433838,-0.060956161469221115,0.3556790053844452,-0.5234972238540649,-0.07263556867837906,0.37608543038368225,-0.797860324382782,-0.08645231276750565,0.27460041642189026,-0.9569689035415649,-0.09383610635995865,0.20340795814990997,-0.7372605204582214,1.3554442375607323e-05,0.21508711576461792,-0.8664157390594482,-0.10936721414327621,0.19511255621910095,-0.6414373517036438,-0.17728152871131897,0.17277319729328156,-0.4496423900127411,-0.1983802616596222,0.05839413031935692,-0.723237931728363,-0.0009786485461518168,0.06663783639669418,-0.8591052293777466,-0.11886361241340637,0.07191013544797897,-0.5814511775970459,-0.15120556950569153,0.07620970159769058,-0.3758517801761627,-0.1377267688512802,-0.07991009950637817,-0.6712790131568909,-0.020087774842977524,-0.08116744458675385,-0.8090522885322571,-0.13307100534439087,-0.03690106421709061,-0.5423961877822876,-0.11058736592531204,-0.005558813456445932,-0.35161876678466797,-0.057804692536592484,-0.21689754724502563,-0.5889695286750793,-0.04434342309832573,-0.20921775698661804,-0.7111071348190308,-0.11679263412952423,-0.15285588800907135,-0.5366770029067993,-0.09142472594976425,-0.11348087340593338,-0.4149582087993622,-0.046477511525154114,HELP
0.0,0.0,0.0,0.2260979562997818,-0.1866406351327896,-0.060303885489702225,0.35369136929512024,-0.5216436982154846,-0.06986699998378754,0.37887030839920044,-0.7927207350730896,-0.08117265999317169,0.28504595160484314,-0.9546323418617249,-0.08617329597473145,0.19859178364276886,-0.7337006330490112,-0.0015371640911325812,0.21462911367416382,-0.8636614084243774,-0.10521320253610611,0.19537806510925293,-0.6398178935050964,-0.16916686296463013,0.17173656821250916,-0.4494723081588745,-0.1887744814157486,0.0562489852309227,-0.7199786305427551,-0.001181886182166636,0.06412588059902191,-0.852559506893158,-0.11261928826570511,0.07339564710855484,-0.5776340961456299,-0.14261092245578766,0.07743334025144577,-0.3741566240787506,-0.13011434674263,-0.08131761103868484,-0.6680566072463989,-0.01860739476978779,-0.08275772631168365,-0.8056443333625793,-0.12689223885536194,-0.03424776718020439,-0.5386984348297119,-0.10482419282197952,-0.004511358216404915,-0.3463084399700165,-0.05473674461245537,-0.21765829622745514,-0.5845541954040527,-0.04099598154425621,-0.2097107321023941,-0.7123720645904541,-0.11268050223588943,-0.15083324909210205,-0.5374321341514587,-0.08832450956106186,-0.11258790642023087,-0.41206133365631104,-0.04530775919556618,HELP
0.0,0.0,0.0,0.21663706004619598,-0.1819526106119156,-0.062368396669626236,0.3448847532272339,-0.5119439959526062,-0.07367771118879318,0.3645186126232147,-0.7829296588897705,-0.08555115014314651,0.27636727690696716,-0.9567864537239075,-0.09044764190912247,0.20995543897151947,-0.7217022180557251,-0.003608591388911009,0.22051458060741425,-0.8539915084838867,-0.11010967940092087,0.19496332108974457,-0.6373982429504395,-0.17627544701099396,0.16798023879528046,-0.44997143745422363,-0.19671306014060974,0.06540670990943909,-0.7119248509407043,-0.0021756209898740053,0.06731481105089188,-0.8515059351921082,-0.11590676009654999,0.07195199280977249,-0.5797853469848633,-0.14705538749694824,0.07705787569284439,-0.3762627840042114,-0.1341867744922638,-0.07393718510866165,-0.6669489741325378,-0.01848038099706173,-0.0790269523859024,-0.8080244660377502,-0.12905573844909668,-0.03496617451310158,-0.5429986715316772,-0.10702347010374069,-0.0032887274865061045,-0.3509138524532318,-0.05554553493857384,-0.21232101321220398,-0.5914989709854126,-0.03980089724063873,-0.20341064035892487,-0.7133438587188721,-0.11285493522882462,-0.14917026460170746,-0.5392187237739563,-0.08855283260345459,-0.1131291538476944,-0.4172446131706238,-0.04451654106378555,HELP
0.0,0.0,0.0,0.22328399121761322,-0.18036603927612305,-0.06468649208545685,0.3560096323490143,-0.5122957229614258,-0.07728635519742966,0.3666764497756958,-0.7746585607528687,-0.09115689247846603,0.2917587459087372,-0.9515148997306824,-0.09744828194379807,0.22464554011821747,-0.746507465839386,-0.0012157367309555411,0.23086272180080414,-0.8643856644630432,-0.11159707605838776,0.20188410580158234,-0.6403608322143555,-0.18125151097774506,0.17126046121120453,-0.4416375458240509,-0.2029368132352829,0.07663663476705551,-0.7350658178329468,-6.957103323657066e-05,0.07652401179075241,-0.8602606058120728,-0.11754845827817917,0.07690642774105072,-0.5848974585533142,-0.15133604407310486,0.07807522267103195,-0.3748658001422882,-0.13905386626720428,-0.06479097902774811,-0.6860644817352295,-0.017444204539060593,-0.07324519753456116,-0.816597580909729,-0.13059304654598236,-0.033247366547584534,-0.5479142069816589,-0.10875645279884338,-0.0044189817272126675,-0.35259974002838135,-0.05644194781780243,-0.20416070520877838,-0.6026886105537415,-0.04030787572264671,-0.19930507242679596,-0.719302237033844,-0.11576785147190094,-0.14635257422924042,-0.539962649345398,-0.09111149609088898,-0.1092446967959404,-0.41549408435821533,-0.04545902460813522,HELP
0.0,0.0,0.0,0.22503498196601868,-0.18538740277290344,-0.06610722094774246,0.35929542779922485,-0.5159907341003418,-0.08199210464954376,0.3748776316642761,-0.7781675457954407,-0.10022642463445663,0.29230567812919617,-0.949820339679718,-0.11135023087263107,0.21018573641777039,-0.7737754583358765,0.0005557855474762619,0.22541522979736328,-0.869199275970459,-0.11891992390155792,0.20522435009479523,-0.6425859928131104,-0.19646766781806946,0.1790686696767807,-0.4438427984714508,-0.22192035615444183,0.060212936252355576,-0.7605101466178894,-0.0005496747908182442,0.07626939564943314,-0.8617662191390991,-0.1277884691953659,0.08127764612436295,-0.5795716047286987,-0.1665094941854477,0.08166267722845078,-0.3632844388484955,-0.15507513284683228,-0.08006379008293152,-0.7037357687950134,-0.02126365713775158,-0.07630862295627594,-0.8071436882019043,-0.14317025244235992,-0.030673068016767502,-0.5374352931976318,-0.1254541575908661,0.0004928588750772178,-0.3396455943584442,-0.07282934337854385,-0.21717162430286407,-0.6123456954956055,-0.04761578142642975,-0.20647935569286346,-0.7168135046958923,-0.12667232751846313,-0.1476951390504837,-0.5396496057510376,-0.10374519973993301,-0.10656049847602844,-0.4148261547088623,-0.05781125649809837,HELP
0.0,0.0,0.0,0.21783767640590668,-0.16813376545906067,-0.0755264163017273,0.35175633430480957,-0.49682870507240295,-0.09591219574213028,0.37379881739616394,-0.7622622847557068,-0.11591721326112747,0.29880064725875854,-0.9456667900085449,-0.12818919122219086,0.21875686943531036,-0.7666028738021851,-0.014033663086593151,0.2343640774488449,-0.8663479685783386,-0.13489525020122528,0.20998309552669525,-0.6395527720451355,-0.21255317330360413,0.17812375724315643,-0.4397692084312439,-0.23829776048660278,0.06776206940412521,-0.7541725039482117,-0.010001689195632935,0.07816994935274124,-0.8555853366851807,-0.13392752408981323,0.08463505655527115,-0.5731873512268066,-0.16908548772335052,0.08560777455568314,-0.36354681849479675,-0.15798074007034302,-0.07601984590291977,-0.698397696018219,-0.026097120717167854,-0.07546266913414001,-0.8082025647163391,-0.14599214494228363,-0.030020205304026604,-0.537045955657959,-0.12356302887201309,-0.0016524686943739653,-0.34200748801231384,-0.070342056453228,-0.21654543280601501,-0.6087777018547058,-0.04859616234898567,-0.20263423025608063,-0.7204029560089111,-0.12972383201122284,-0.14592480659484863,-0.5377598404884338,-0.10433904826641083,-0.11016665399074554,-0.4087831377983093,-0.05694378912448883,HELP
0.0,0.0,0.0,0.22842900454998016,-0.1889358013868332,-0.07709552347660065,0.36955970525741577,-0.5236937999725342,-0.09834469109773636,0.37962213158607483,-0.7842833399772644,-0.11831865459680557,0.30609115958213806,-0.9432349801063538,-0.12890294194221497,0.23786692321300507,-0.792468249797821,-0.014861136674880981,0.24924275279045105,-0.883098304271698,-0.1367838978767395,0.21952632069587708,-0.6486431956291199,-0.2131945788860321,0.18315748870372772,-0.4428084194660187,-0.23800000548362732,0.0792345181107521,-0.7843658328056335,-0.012082451954483986,0.0852850005030632,-0.878153920173645,-0.13941651582717896,0.08634854853153229,-0.586147129535675,-0.17384500801563263,0.08660046756267548,-0.36718320846557617,-0.15990771353244781,-0.0717511922121048,-0.7287766337394714,-0.02985079027712345,-0.073637954890728,-0.825395941734314,-0.151574969291687,-0.03156352415680885,-0.5506150126457214,-0.12908455729484558,-0.0015723730903118849,-0.35614681243896484,-0.07434109598398209,-0.21932566165924072,-0.6341637372970581,-0.05443421006202698,-0.2085476517677307,-0.7337059378623962,-0.13411477208137512,-0.15054675936698914,-0.5493673086166382,-0.10802207142114639,-0.10886502265930176,-0.4274332523345947,-0.06001449376344681,HELP
0.0,0.0,0.0,0.2267516404390335,-0.17355458438396454,-0.08618337661027908,0.36100754141807556,-0.4922052323818207,-0.11439165472984314,0.3820533752441406,-0.7629165053367615,-0.14130327105522156,0.30779340863227844,-0.9378880858421326,-0.16009116172790527,0.23386044800281525,-0.773107647895813,-0.01680324599146843,0.24365951120853424,-0.8751862049102783,-0.1425287276506424,0.2171470671892166,-0.6626110076904297,-0.22355212271213531,0.18388190865516663,-0.4650093913078308,-0.25110161304473877,0.07732516527175903,-0.7666095495223999,-0.010617219842970371,0.08743450790643692,-0.8672357797622681,-0.140843003988266,0.08463413268327713,-0.5861968994140625,-0.1781909316778183,0.08400265872478485,-0.37413641810417175,-0.16570575535297394,-0.07243304699659348,-0.7126728892326355,-0.026486141607165337,-0.06885704398155212,-0.8173584342002869,-0.15118812024593353,-0.03076065517961979,-0.5556865930557251,-0.13150186836719513,-0.002219383604824543,-0.36269503831863403,-0.07763426750898361,-0.22005733847618103,-0.6217193007469177,-0.050125062465667725,-0.20558138191699982,-0.733341634273529,-0.13284030556678772,-0.14900273084640503,-0.5590159296989441,-0.10958901792764664,-0.1068945899605751,-0.4338153898715973,-0.06262022256851196,HELP
0.0,0.0,0.0,0.2332674115896225,-0.16615335643291473,-0.08677832037210464,0.3758721649646759,-0.481689989566803,-0.11149279028177261,0.39157384634017944,-0.757938802242279,-0.13302300870418549,0.312290757894516,-0.9387810230255127,-0.14548109471797943,0.23793737590312958,-0.758566677570343,-0.022714780643582344,0.24542701244354248,-0.8573947548866272,-0.14225757122039795,0.21751652657985687,-0.6259188652038574,-0.21721020340919495,0.185588538646698,-0.42686179280281067,-0.24228164553642273,0.08198805898427963,-0.7565780282020569,-0.014138775877654552,0.0923556461930275,-0.8581684827804565,-0.14035888016223907,0.0900164544582367,-0.5771518349647522,-0.17612755298614502,0.08841171860694885,-0.36840689182281494,-0.16405977308750153,-0.0661308765411377,-0.7093186378479004,-0.026376860216259956,-0.06134314835071564,-0.8149764537811279,-0.1479203850030899,-0.02378806285560131,-0.550281286239624,-0.12846803665161133,0.00351538578979671,-0.36038219928741455,-0.07640057802200317,-0.21286645531654358,-0.623060405254364,-0.046194784343242645,-0.19297993183135986,-0.7205518484115601,-0.1293337047100067,-0.13711455464363098,-0.5442091226577759,-0.10941828042268753,-0.09597718715667725,-0.4240749180316925,-0.06558545678853989,HELP
0.0,0.0,0.0,0.2283133715391159,-0.17772570252418518,-0.09002139419317245,0.3634258806705475,-0.48952290415763855,-0.12112703919410706,0.38433921337127686,-0.75831139087677,-0.15020577609539032,0.3048798143863678,-0.9371112585067749,-0.1699138879776001,0.2003047913312912,-0.7593623399734497,-0.025707030668854713,0.23424649238586426,-0.8386178016662598,-0.15769000351428986,0.21221517026424408,-0.6170974373817444,-0.23772913217544556,0.17760218679904938,-0.43053144216537476,-0.26331934332847595,0.04901665821671486,-0.7523661851882935,-0.018630966544151306,0.09102886915206909,-0.8326238989830017,-0.15530666708946228,0.09179435670375824,-0.5486778616905212,-0.19079190492630005,0.08597196638584137,-0.3497133255004883,-0.17613208293914795,-0.0908564105629921,-0.6981853246688843,-0.0340968482196331,-0.05949480086565018,-0.7817075252532959,-0.16628310084342957,-0.020716197788715363,-0.5178049206733704,-0.14486634731292725,0.0027222344651818275,-0.33570733666419983,-0.08792754262685776,-0.22846530377864838,-0.6087594628334045,-0.05715449899435043,-0.19188755750656128,-0.7048982977867126,-0.1410478949546814,-0.13580968976020813,-0.5313153266906738,-0.11646518856287003,-0.10134478658437729,-0.4121810495853424,-0.06840162724256516,HELP
0.0,0.0,0.0,0.22590701282024384,-0.15467074513435364,-0.10071803629398346,0.3607136309146881,-0.4622560739517212,-0.13289135694503784,0.3829151690006256,-0.7327736020088196,-0.1592021882534027,0.32607823610305786,-0.9290562868118286,-0.1747211068868637,0.2225407361984253,-0.7682945132255554,-0.03283814713358879,0.2471342235803604,-0.8436235785484314,-0.1619156450033188,0.22623710334300995,-0.6038461327552795,-0.24314852058887482,0.19258075952529907,-0.39175450801849365,-0.2697831690311432,0.069821797311306,-0.764612078666687,-0.017257673665881157,0.09498227387666702,-0.8328948616981506,-0.14851218461990356,0.09637463837862015,-0.5469210743904114,-0.18619658052921295,0.09286808222532272,-0.34171250462532043,-0.1748473197221756,-0.07549110800027847,-0.7089763283729553,-0.02458246797323227,-0.055807843804359436,-0.7856802344322205,-0.1507544070482254,-0.01956966146826744,-0.5243109464645386,-0.13207556307315826,0.004249672405421734,-0.34292125701904297,-0.07944536954164505,-0.21853430569171906,-0.6159243583679199,-0.04053182899951935,-0.1868537962436676,-0.70242840051651,-0.12503735721111298,-0.13393031060695648,-0.5319574475288391,-0.10503329336643219,-0.09843236207962036,-0.41936346888542175,-0.06032388284802437,HELP
0.0,0.0,0.0,0.2441989779472351,-0.17385759949684143,-0.10180334001779556,0.38646331429481506,-0.48126378655433655,-0.13525605201721191,0.41198039054870605,-0.7375606894493103,-0.1661725491285324,0.36240828037261963,-0.9133582711219788,-0.18557196855545044,0.22796528041362762,-0.8000752329826355,-0.01590729132294655,0.2631857097148895,-0.8613365888595581,-0.15666888654232025,0.24446478486061096,-0.6203828454017639,-0.2468852996826172,0.21022671461105347,-0.4180929362773895,-0.2779929041862488,0.0729956328868866,-0.7976589202880859,-0.0039016781374812126,0.10808031260967255,-0.8466287851333618,-0.15362535417079926,0.11179030686616898,-0.5466172695159912,-0.1997981071472168,0.11101137846708298,-0.33934178948402405,-0.18830977380275726,-0.07394811511039734,-0.7368208765983582,-0.017466718330979347,-0.04636089876294136,-0.7934215068817139,-0.16250458359718323,-0.006716837175190449,-0.5189030766487122,-0.14798568189144135,0.02103254199028015,-0.33260756731033325,-0.09134359657764435,-0.21986015141010284,-0.636431872844696,-0.03972339630126953,-0.18248064815998077,-0.7110816836357117,-0.1340387612581253,-0.1238643229007721,-0.5279557704925537,-0.11459450423717499,-0.08129566162824631,-0.40543803572654724,-0.06646950542926788,HELP
0.0,0.0,0.0,0.23076148331165314,-0.1759060174226761,-0.09326008707284927,0.3679627478122711,-0.48568326234817505,-0.12726759910583496,0.3817730247974396,-0.7454395890235901,-0.15692777931690216,0.31339821219444275,-0.9331522583961487,-0.17609146237373352,0.20546190440654755,-0.8163613677024841,-0.030295131728053093,0.25088366866111755,-0.8314843773841858,-0.16473998129367828,0.23577478528022766,-0.5751632452011108,-0.25402265787124634,0.20420406758785248,-0.35642558336257935,-0.2861085534095764,0.0440794974565506,-0.8109704256057739,-0.02205459028482437,0.09615904837846756,-0.8267347812652588,-0.15491792559623718,0.10103002190589905,-0.5335029363632202,-0.1971203088760376,0.09560317546129227,-0.3205963671207428,-0.18943029642105103,-0.1013311892747879,-0.7414384484291077,-0.03554888814687729,-0.058111533522605896,-0.7711777091026306,-0.1636815071105957,-0.017273565754294395,-0.5080428719520569,-0.1460338681936264,0.0064527965150773525,-0.32718750834465027,-0.09391885995864868,-0.2391529381275177,-0.6286331415176392,-0.056936658918857574,-0.1929047852754593,-0.699448823928833,-0.14088955521583557,-0.137339785695076,-0.5204322934150696,-0.11575264483690262,-0.10420773923397064,-0.40146273374557495,-0.0670158863067627,HELP
0.0,0.0,0.0,0.2286275178194046,-0.16481517255306244,-0.08777019381523132,0.37583670020103455,-0.47309237718582153,-0.11608176678419113,0.410611629486084,-0.7373520135879517,-0.14168444275856018,0.3462654650211334,-0.9248049259185791,-0.15759478509426117,0.22367317974567413,-0.8056663870811462,-0.01652868278324604,0.25855252146720886,-0.8433257341384888,-0.13871470093727112,0.2424081265926361,-0.5999716520309448,-0.21886318922042847,0.21148866415023804,-0.3875926434993744,-0.2453375905752182,0.06722705066204071,-0.8055686354637146,-0.0071878936141729355,0.10460862517356873,-0.8343567848205566,-0.13109789788722992,0.10584753751754761,-0.5480632185935974,-0.16889934241771698,0.10188991576433182,-0.3360656201839447,-0.15886306762695312,-0.08304810523986816,-0.7491846084594727,-0.0192396342754364,-0.04942953959107399,-0.7976120710372925,-0.13944506645202637,-0.015782589092850685,-0.5370455980300903,-0.12125616520643234,0.005515980999916792,-0.34779179096221924,-0.06998410820960999,-0.23092171549797058,-0.6537141799926758,-0.03910136967897415,-0.19356469810009003,-0.7329657077789307,-0.1215001568198204,-0.14149688184261322,-0.5508455634117126,-0.0988318920135498,-0.10894595831632614,-0.4207867681980133,-0.05144037678837776,HELP
0.0,0.0,0.0,0.24338629841804504,-0.15332065522670746,-0.08785972744226456,0.38613760471343994,-0.4641530215740204,-0.1120193675160408,0.4247570335865021,-0.7316542267799377,-0.1345067322254181,0.3645283579826355,-0.9194986820220947,-0.14710935950279236,0.23107101023197174,-0.7918882966041565,0.002672589384019375,0.26966172456741333,-0.8320930600166321,-0.12232973426580429,0.247807115316391,-0.5836628675460815,-0.20645251870155334,0.21211941540241241,-0.37142258882522583,-0.23511606454849243,0.07767124474048615,-0.7938714027404785,0.01348917931318283,0.1152695044875145,-0.8314141631126404,-0.11492805182933807,0.11345972120761871,-0.5405730605125427,-0.1557236760854721,0.10785853117704391,-0.33466842770576477,-0.14509309828281403,-0.07053034007549286,-0.7386711835861206,0.0009849929483607411,-0.03747311607003212,-0.7895305156707764,-0.1250712126493454,-0.0033788802102208138,-0.5222126245498657,-0.10736331343650818,0.018471622839570045,-0.34050625562667847,-0.05337466299533844,-0.21763984858989716,-0.6451228260993958,-0.01930789090692997,-0.17320743203163147,-0.7207334041595459,-0.10321260243654251,-0.12180151045322418,-0.5380037426948547,-0.08119252324104309,-0.0891999751329422,-0.41829919815063477,-0.03356985002756119,HELP
0.0,0.0,0.0,0.23466487228870392,-0.1449534147977829,-0.08564049750566483,0.38367778062820435,-0.46023523807525635,-0.11127395927906036,0.42454105615615845,-0.7265491485595703,-0.13547220826148987,0.3710901141166687,-0.9163838624954224,-0.15010876953601837,0.2263789176940918,-0.8244039416313171,-0.008376325480639935,0.26661401987075806,-0.8496395945549011,-0.13348491489887238,0.24339883029460907,-0.5957756638526917,-0.21749906241893768,0.20926477015018463,-0.38730230927467346,-0.2472057193517685,0.06837619096040726,-0.8225386738777161,-0.001608830178156495,0.11265458166599274,-0.8372387290000916,-0.1268690675497055,0.11245473474264145,-0.544142484664917,-0.16570527851581573,0.1083708330988884,-0.33888959884643555,-0.15606620907783508,-0.0822904109954834,-0.7583788633346558,-0.016843359917402267,-0.04341569542884827,-0.7916848063468933,-0.14037300646305084,-0.00830748025327921,-0.5223479270935059,-0.11993083357810974,0.014752515591681004,-0.3400929272174835,-0.06649637967348099,-0.22922618687152863,-0.653177797794342,-0.03979703038930893,-0.18133562803268433,-0.7253895401954651,-0.12404676526784897,-0.1296210139989853,-0.5377054810523987,-0.09902789443731308,-0.0973237156867981,-0.40959081053733826,-0.04948063939809799,HELP
0.0,0.0,0.0,0.2366439700126648,-0.15143266320228577,-0.08529849350452423,0.38103097677230835,-0.4672650098800659,-0.10629864037036896,0.4105299413204193,-0.7323366403579712,-0.12540510296821594,0.3517642915248871,-0.9266387820243835,-0.13267455995082855,0.2303188145160675,-0.7924430966377258,0.0005504843429662287,0.2533183693885803,-0.8394301533699036,-0.11938300728797913,0.2416525036096573,-0.5765573978424072,-0.19490589201450348,0.2205350548028946,-0.3763710558414459,-0.2185058295726776,0.07542448490858078,-0.7890318036079407,0.009737965650856495,0.0998489037156105,-0.831247866153717,-0.11542881280183792,0.10692179948091507,-0.5295814871788025,-0.15071561932563782,0.10772842168807983,-0.33551982045173645,-0.13643766939640045,-0.07369586825370789,-0.7348809242248535,-0.0035892303567379713,-0.05272596701979637,-0.7940552234649658,-0.12717367708683014,-0.011756825260818005,-0.5171397924423218,-0.10430994629859924,0.012256027199327946,-0.34377238154411316,-0.0477791354060173,-0.2219136357307434,-0.6435306668281555,-0.024415183812379837,-0.1869989037513733,-0.7222127914428711,-0.10629241913557053,-0.13316060602664948,-0.5346116423606873,-0.08081576228141785,-0.10038052499294281,-0.4175998568534851,-0.030804527923464775,HELP
0.0,0.0,0.0,0.2395794838666916,-0.1577398031949997,-0.09442806243896484,0.38394686579704285,-0.4821229577064514,-0.12329442799091339,0.4075932502746582,-0.738601565361023,-0.14871259033679962,0.36203551292419434,-0.9180334806442261,-0.16169369220733643,0.23158840835094452,-0.86885005235672,-0.010309973731637001,0.2708852291107178,-0.8663768768310547,-0.14254486560821533,0.26043641567230225,-0.5881507992744446,-0.22865138947963715,0.2319454848766327,-0.3698904812335968,-0.2582052946090698,0.06902814656496048,-0.8688995242118835,-0.0018676266772672534,0.11259756982326508,-0.8532581925392151,-0.13675467669963837,0.11743713170289993,-0.5375489592552185,-0.17904436588287354,0.10859059542417526,-0.3299082815647125,-0.16902241110801697,-0.08679740130901337,-0.7986993193626404,-0.016922635957598686,-0.048242323100566864,-0.8123025298118591,-0.1513279527425766,-0.008632269687950611,-0.5212411284446716,-0.13101032376289368,0.011537916027009487,-0.3358713984489441,-0.0744352713227272,-0.24074575304985046,-0.6829052567481995,-0.04009512439370155,-0.19849298894405365,-0.7391869425773621,-0.13153348863124847,-0.14021795988082886,-0.5393854379653931,-0.10537422448396683,-0.10618448257446289,-0.41177883744239807,-0.052305541932582855,HELP
0.0,0.0,0.0,0.25841739773750305,-0.14246372878551483,-0.10049528628587723,0.4228096306324005,-0.4729664623737335,-0.13022907078266144,0.44784751534461975,-0.737413227558136,-0.15533506870269775,0.3999570906162262,-0.9006795883178711,-0.16973671317100525,0.2567015290260315,-0.8606098890304565,-0.024285681545734406,0.2737497389316559,-0.8868651986122131,-0.15156330168247223,0.26153409481048584,-0.6193755865097046,-0.23378877341747284,0.2319479137659073,-0.39414796233177185,-0.2627239525318146,0.08643782883882523,-0.8570302128791809,-0.014254575595259666,0.11054924130439758,-0.8836662769317627,-0.151640385389328,0.11739813536405563,-0.5702113509178162,-0.19435279071331024,0.11138637363910675,-0.34395039081573486,-0.18365466594696045,-0.07476449757814407,-0.7908153533935547,-0.026859108358621597,-0.05283806473016739,-0.84086674451828,-0.16312071681022644,-0.009921744465827942,-0.5493727922439575,-0.14451374113559723,0.011866847984492779,-0.34645190834999084,-0.08928216248750687,-0.23238234221935272,-0.6791666746139526,-0.04802727326750755,-0.19818466901779175,-0.7535414099693298,-0.14763981103897095,-0.143192857503891,-0.5474081039428711,-0.125605508685112,-0.11014923453330994,-0.4060247242450714,-0.07490582019090652,HELP
0.0,0.0,0.0,0.25510990619659424,-0.1532052904367447,-0.09686505049467087,0.4188862144947052,-0.46064844727516174,-0.12251758575439453,0.46108055114746094,-0.7186288237571716,-0.14697088301181793,0.41883689165115356,-0.8937667012214661,-0.16048914194107056,0.2573702931404114,-0.7893273830413818,-0.0003572341229300946,0.2720760703086853,-0.8533370494842529,-0.12962520122528076,0.25732752680778503,-0.5952526926994324,-0.21521736681461334,0.23433925211429596,-0.3908967971801758,-0.2458338439464569,0.10019150376319885,-0.7984569072723389,0.010450715199112892,0.12241679430007935,-0.8636817336082458,-0.1297195851802826,0.1247069239616394,-0.5574029684066772,-0.17496956884860992,0.12430871278047562,-0.3472931981086731,-0.16429086029529572,-0.051810719072818756,-0.7559951543807983,-0.003928320482373238,-0.03001227416098118,-0.8361698389053345,-0.1410648673772812,0.006410545203834772,-0.5452476143836975,-0.12489882856607437,0.02937779761850834,-0.346610426902771,-0.06890792399644852,-0.20569950342178345,-0.6716024875640869,-0.027357252314686775,-0.16660058498382568,-0.7475096583366394,-0.12285590171813965,-0.11261900514364243,-0.551155149936676,-0.10537425428628922,-0.07761729508638382,-0.42146578431129456,-0.05847574770450592,HELP
0.0,0.0,0.0,0.2537781298160553,-0.14948329329490662,-0.068962961435318,0.41312453150749207,-0.45670995116233826,-0.07959140837192535,0.47536516189575195,-0.7027040123939514,-0.09507923573255539,0.49403709173202515,-0.8635377883911133,-0.10114302486181259,0.2413134127855301,-0.7694680690765381,0.03420461341738701,0.27779310941696167,-0.8560793399810791,-0.07751742750406265,0.2590528428554535,-0.6045564413070679,-0.15462493896484375,0.23238541185855865,-0.40331971645355225,-0.18278028070926666,0.09245509654283524,-0.7752329111099243,0.03609851002693176,0.13164101541042328,-0.8719532489776611,-0.08721086382865906,0.1321079134941101,-0.5721785426139832,-0.12706764042377472,0.1300043761730194,-0.36098018288612366,-0.11612311005592346,-0.0537402518093586,-0.7385051846504211,0.015162237919867039,-0.019439755007624626,-0.8478484153747559,-0.10892776399850845,0.012143372558057308,-0.5562810897827148,-0.0917375460267067,0.028575409203767776,-0.35556066036224365,-0.038552917540073395,-0.20384220778942108,-0.6636975407600403,-0.012365994974970818,-0.15798600018024445,-0.759699821472168,-0.09963297843933105,-0.11052192002534866,-0.5551772117614746,-0.08001578599214554,-0.08322281390428543,-0.4155384600162506,-0.0344914048910141,HELP
0.0,0.0,0.0,0.2510741353034973,-0.15456967055797577,-0.07151912897825241,0.40365248918533325,-0.46274635195732117,-0.08363023400306702,0.463326632976532,-0.7027716040611267,-0.09940966963768005,0.46720775961875916,-0.877922773361206,-0.10473053902387619,0.2323087900876999,-0.7926996946334839,0.027144746854901314,0.2749638557434082,-0.869497537612915,-0.08729729056358337,0.2575031816959381,-0.6202130913734436,-0.16415350139141083,0.22972217202186584,-0.4231491982936859,-0.19104526937007904,0.08261789381504059,-0.800568163394928,0.02926567755639553,0.13121512532234192,-0.8833808302879333,-0.09504902362823486,0.1319124698638916,-0.5811362266540527,-0.13370570540428162,0.12408684939146042,-0.3729667365550995,-0.12177271395921707,-0.06640196591615677,-0.7601845860481262,0.008495433256030083,-0.025308648124337196,-0.8647655248641968,-0.11563653498888016,0.007276732008904219,-0.5674633383750916,-0.09485888481140137,0.019759681075811386,-0.36699825525283813,-0.03941266983747482,-0.21736043691635132,-0.6778611540794373,-0.01920187845826149,-0.16836144030094147,-0.7706400156021118,-0.10685128718614578,-0.11641540378332138,-0.5636160373687744,-0.08384887874126434,-0.08867986500263214,-0.42434826493263245,-0.03511044383049011,HELP
0.0,0.0,0.0,0.2538219392299652,-0.15100069344043732,-0.0753573402762413,0.4055768549442291,-0.46841394901275635,-0.08927618712186813,0.4616515040397644,-0.7177594304084778,-0.10490145534276962,0.4525672197341919,-0.8848366141319275,-0.1106661856174469,0.2382165789604187,-0.7981275916099548,0.01671508327126503,0.2882799506187439,-0.8457576036453247,-0.09747342020273209,0.26458725333213806,-0.6027848720550537,-0.1758488565683365,0.22915522754192352,-0.41057559847831726,-0.2051425278186798,0.08829785138368607,-0.8107125759124756,0.022953558713197708,0.14497064054012299,-0.8539924621582031,-0.1009717658162117,0.13914427161216736,-0.5617059469223022,-0.1389383226633072,0.12899619340896606,-0.3545553982257843,-0.1272270679473877,-0.05724600702524185,-0.7703828811645508,0.006523665972054005,-0.00625843508169055,-0.8226937651634216,-0.11437253654003143,0.022100865840911865,-0.5404033660888672,-0.09684779495000839,0.03784962743520737,-0.3440987169742584,-0.04466444253921509,-0.20225481688976288,-0.6902023553848267,-0.017620984464883804,-0.14630404114723206,-0.7390269637107849,-0.1022738367319107,-0.094532310962677,-0.5470714569091797,-0.08544834703207016,-0.06219828873872757,-0.4216114580631256,-0.04205041378736496,HELP
0.0,0.0,0.0,0.25138264894485474,-0.1420801728963852,-0.06348192691802979,0.4086230397224426,-0.4607665538787842,-0.07095371931791306,0.4621081054210663,-0.7111133933067322,-0.08224523812532425,0.47627872228622437,-0.8752515316009521,-0.08422176539897919,0.23223066329956055,-0.7908150553703308,0.02375752665102482,0.2804484963417053,-0.8620695471763611,-0.08210547268390656,0.26244497299194336,-0.6192900538444519,-0.15106701850891113,0.22866500914096832,-0.4193613529205322,-0.1741655170917511,0.08328858762979507,-0.7978827357292175,0.02365163527429104,0.14111049473285675,-0.8759198188781738,-0.09142807126045227,0.1373402178287506,-0.5776216387748718,-0.1240372434258461,0.1228410080075264,-0.36742058396339417,-0.10973107814788818,-0.060585711151361465,-0.7567998766899109,0.0025449879467487335,-0.01119729783385992,-0.8435636758804321,-0.11345655471086502,0.01805383712053299,-0.5554130673408508,-0.09212865680456161,0.026883361861109734,-0.3614178001880646,-0.038870926946401596,-0.20618103444576263,-0.6735059022903442,-0.02452537976205349,-0.14592784643173218,-0.7664326429367065,-0.10462725907564163,-0.10017070174217224,-0.5629448294639587,-0.07979027926921844,-0.07921932637691498,-0.4284442663192749,-0.032365500926971436,HELP
0.0,0.0,0.0,0.2535223066806793,-0.13973300158977509,-0.0709337592124939,0.4077569842338562,-0.468057781457901,-0.08374300599098206,0.4690622091293335,-0.7253760099411011,-0.09775251895189285,0.4478466510772705,-0.888173520565033,-0.10286421328783035,0.23354241251945496,-0.7860129475593567,0.0017254051053896546,0.2817014157772064,-0.8587918281555176,-0.10877176374197006,0.25678837299346924,-0.6155065298080444,-0.1836531013250351,0.22002281248569489,-0.4207550287246704,-0.21144597232341766,0.07883532345294952,-0.7940727472305298,0.0057936981320381165,0.13871672749519348,-0.8664200305938721,-0.11032072454690933,0.13241137564182281,-0.5759584307670593,-0.1442783772945404,0.11676596105098724,-0.37058407068252563,-0.13310116529464722,-0.06940943002700806,-0.7558495998382568,-0.01046551950275898,-0.015040494501590729,-0.8403912782669067,-0.1225544810295105,0.013079513795673847,-0.5609033703804016,-0.10179249942302704,0.024003492668271065,-0.36803874373435974,-0.05150383338332176,-0.2164330780506134,-0.6832501292228699,-0.0337088406085968,-0.1568012684583664,-0.7659095525741577,-0.11116676777601242,-0.10583528131246567,-0.5712034702301025,-0.08987171947956085,-0.07704967260360718,-0.4412580132484436,-0.04653004929423332,HELP
0.0,0.0,0.0,0.2537330090999603,-0.13539104163646698,-0.061367232352495193,0.41298365592956543,-0.4491368532180786,-0.07067977637052536,0.46839579939842224,-0.6975334882736206,-0.08216315507888794,0.4845980703830719,-0.8706433176994324,-0.08452752232551575,0.2506953477859497,-0.7998002171516418,0.01430478971451521,0.30884578824043274,-0.850738525390625,-0.08950866758823395,0.27641329169273376,-0.6053425669670105,-0.16230472922325134,0.23353280127048492,-0.4103279113769531,-0.18973535299301147,0.09840953350067139,-0.8151912093162537,0.016267545521259308,0.16653943061828613,-0.8565166592597961,-0.09116481989622116,0.15104016661643982,-0.5650506019592285,-0.12385162711143494,0.1279374212026596,-0.3611272871494293,-0.11326107382774353,-0.04952272027730942,-0.7794541716575623,-0.000745948578696698,0.011214866302907467,-0.8291254043579102,-0.10628494620323181,0.03151258826255798,-0.5521520972251892,-0.08511940389871597,0.03512199595570564,-0.3666462004184723,-0.0357092060148716,-0.19898177683353424,-0.7034521698951721,-0.02364170178771019,-0.13374890387058258,-0.7692034244537354,-0.09441576153039932,-0.09032974392175674,-0.5745446085929871,-0.0690707266330719,-0.0714346319437027,-0.4491872489452362,-0.023285385221242905,HELP
0.0,0.0,0.0,0.256012499332428,-0.12702585756778717,-0.07626208662986755,0.41542717814445496,-0.4548381567001343,-0.09010691195726395,0.4533098340034485,-0.7087591290473938,-0.10072604566812515,0.46609586477279663,-0.8791970610618591,-0.0988294705748558,0.2525056302547455,-0.8136692047119141,-0.011561311781406403,0.3126160502433777,-0.8379701375961304,-0.11686046421527863,0.28743889927864075,-0.5876402258872986,-0.17924585938453674,0.2469070553779602,-0.3937791883945465,-0.19854289293289185,0.09558460116386414,-0.8296381235122681,-0.004142527002841234,0.1708177775144577,-0.8419914841651917,-0.11686597019433975,0.1616128832101822,-0.5464314222335815,-0.14233583211898804,0.141563281416893,-0.3449855148792267,-0.1255042999982834,-0.050831157714128494,-0.7878046035766602,-0.016264328733086586,0.013213296420872211,-0.8097355365753174,-0.12999923527240753,0.03853512555360794,-0.5284435153007507,-0.1062854751944542,0.04640399292111397,-0.34409913420677185,-0.05389763042330742,-0.19362112879753113,-0.7002614140510559,-0.035151079297065735,-0.12356901913881302,-0.7518811821937561,-0.11673711240291595,-0.07988771051168442,-0.5483998656272888,-0.09401757270097733,-0.058627232909202576,-0.419849157333374,-0.048088062554597855,HELP
0.0,0.0,0.0,0.2464548796415329,-0.1105746403336525,-0.08829492330551147,0.42720386385917664,-0.4212954640388489,-0.11166518926620483,0.4868526756763458,-0.6814705729484558,-0.13070601224899292,0.4957103133201599,-0.8575735688209534,-0.13725462555885315,0.2586355209350586,-0.8040637969970703,-0.021387768909335136,0.3145860731601715,-0.851248025894165,-0.13499368727207184,0.2896760404109955,-0.5952985286712646,-0.20190544426441193,0.24958673119544983,-0.40398454666137695,-0.22320705652236938,0.10319864749908447,-0.8217578530311584,-0.012198484502732754,0.1712893694639206,-0.8659648299217224,-0.1334623247385025,0.15962408483028412,-0.5576499700546265,-0.15926171839237213,0.13747717440128326,-0.35532519221305847,-0.14101681113243103,-0.04639878496527672,-0.7871907353401184,-0.024039482697844505,0.012673747725784779,-0.8401782512664795,-0.14452825486660004,0.03400427848100662,-0.5469596982002258,-0.11646467447280884,0.03638535365462303,-0.36064621806144714,-0.059505801647901535,-0.197475403547287,-0.7116103172302246,-0.0437442809343338,-0.1278117299079895,-0.7718859910964966,-0.12587213516235352,-0.08649532496929169,-0.5639035105705261,-0.09916587173938751,-0.07027116417884827,-0.4365089237689972,-0.05034364387392998,HELP
0.0,0.0,0.0,0.25207430124282837,-0.10659606009721756,-0.09063546359539032,0.42742955684661865,-0.4388144910335541,-0.11022785305976868,0.4711895287036896,-0.7016047239303589,-0.12554411590099335,0.46355634927749634,-0.8766165971755981,-0.1290690302848816,0.23746109008789062,-0.8233153223991394,-0.018603067845106125,0.3147079050540924,-0.8547775745391846,-0.12793372571468353,0.2879526615142822,-0.5908826589584351,-0.19275419414043427,0.24337078630924225,-0.3868897259235382,-0.2124287486076355,0.08405333012342453,-0.8394042253494263,-0.006394492462277412,0.17557580769062042,-0.8443590998649597,-0.12292422354221344,0.1629711091518402,-0.5393288731575012,-0.1509484350681305,0.1395668387413025,-0.33365103602409363,-0.13453689217567444,-0.06179440766572952,-0.7946708798408508,-0.01518362294882536,0.02111734263598919,-0.8045533299446106,-0.1330045759677887,0.039523687213659286,-0.5148696303367615,-0.11042659729719162,0.040474992245435715,-0.3256372809410095,-0.05696083977818489,-0.20633630454540253,-0.7095509767532349,-0.03204016387462616,-0.1187644973397255,-0.7484297752380371,-0.11220307648181915,-0.0789186879992485,-0.5450682044029236,-0.08881610631942749,-0.06418400257825851,-0.41670042276382446,-0.04251750931143761,HELP
0.0,0.0,0.0,0.24153539538383484,-0.11565084755420685,-0.09176063537597656,0.4287894070148468,-0.4264383316040039,-0.11664951592683792,0.47647741436958313,-0.6846169829368591,-0.1358165740966797,0.4879680275917053,-0.8611895442008972,-0.14226630330085754,0.25903454422950745,-0.820196270942688,-0.032541584223508835,0.3244779109954834,-0.8563498854637146,-0.13847871124744415,0.2894967496395111,-0.59061199426651,-0.20038078725337982,0.23731355369091034,-0.3951796889305115,-0.2199527472257614,0.1023932695388794,-0.8388261198997498,-0.019867319613695145,0.17649471759796143,-0.8637748956680298,-0.13347813487052917,0.16008786857128143,-0.5545602440834045,-0.15859539806842804,0.1344730406999588,-0.3469400107860565,-0.14196884632110596,-0.047744035720825195,-0.8011708855628967,-0.0264913160353899,0.019793463870882988,-0.8332985043525696,-0.14079245924949646,0.033353377133607864,-0.5415581464767456,-0.11537160724401474,0.031319133937358856,-0.34434086084365845,-0.06201901286840439,-0.19763106107711792,-0.7192820310592651,-0.04099779948592186,-0.1223730593919754,-0.771516740322113,-0.12040768563747406,-0.09135406464338303,-0.5612426996231079,-0.09406276792287827,-0.08407621830701828,-0.4219542145729065,-0.04604007303714752,HELP
0.0,0.0,0.0,0.2334955930709839,-0.10076338797807693,-0.08496666699647903,0.4206181466579437,-0.41457387804985046,-0.1119266152381897,0.4865871071815491,-0.6677347421646118,-0.13674800097942352,0.5110970139503479,-0.8463469743728638,-0.1499224603176117,0.2577904760837555,-0.870890736579895,-0.02514532208442688,0.3238411545753479,-0.8992859721183777,-0.13533739745616913,0.2993706464767456,-0.6273007988929749,-0.20696555078029633,0.25529569387435913,-0.42450761795043945,-0.23290862143039703,0.09620312601327896,-0.8898269534111023,-0.018375685438513756,0.17295508086681366,-0.8680896759033203,-0.12695416808128357,0.165683314204216,-0.562900185585022,-0.15394067764282227,0.14517875015735626,-0.3576928675174713,-0.14172540605068207,-0.06105046346783638,-0.8435574173927307,-0.031409136950969696,0.01042335294187069,-0.8319736123085022,-0.1390959769487381,0.03564229607582092,-0.5425540804862976,-0.11360475420951843,0.0417802520096302,-0.3433360457420349,-0.06311743706464767,-0.21445982158184052,-0.7494451999664307,-0.053101733326911926,-0.13766057789325714,-0.7740727066993713,-0.12916597723960876,-0.09322196990251541,-0.5647293925285339,-0.10266182571649551,-0.07334441691637039,-0.42131200432777405,-0.054789163172245026,HELP
0.0,0.0,0.0,0.26977142691612244,-0.1263594776391983,-0.07832930982112885,0.4689468443393707,-0.4423700273036957,-0.10151504725217819,0.5040435791015625,-0.6939979195594788,-0.1250578761100769,0.47719210386276245,-0.8594261407852173,-0.1389467865228653,0.28752049803733826,-0.9128789305686951,-0.0094599649310112,0.3535601496696472,-0.9268849492073059,-0.12601333856582642,0.32644712924957275,-0.6371959447860718,-0.21005386114120483,0.28109145164489746,-0.3944089412689209,-0.24221304059028625,0.11573901772499084,-0.940047025680542,-0.0077805412001907825,0.19461210072040558,-0.9162260293960571,-0.1254768967628479,0.18373288214206696,-0.5975764393806458,-0.1680891215801239,0.16047391295433044,-0.34329086542129517,-0.16189780831336975,-0.05378398299217224,-0.89341801404953,-0.025469591841101646,0.022017206996679306,-0.8741384744644165,-0.14439083635807037,0.0474947988986969,-0.5705435872077942,-0.13266566395759583,0.0549381747841835,-0.33956536650657654,-0.0857570692896843,-0.22150368988513947,-0.7898105978965759,-0.05042354390025139,-0.1380448341369629,-0.8189767003059387,-0.137945756316185,-0.08833128213882446,-0.5936306715011597,-0.1152537614107132,-0.06875748187303543,-0.42466288805007935,-0.0657988041639328,HELP
0.0,0.0,0.0,0.2416769415140152,-0.10898058861494064,-0.08691498637199402,0.43170249462127686,-0.4048434793949127,-0.11796262115240097,0.49040329456329346,-0.6618686318397522,-0.14659199118614197,0.4642906188964844,-0.8703094720840454,-0.16430340707302094,0.27386555075645447,-0.8703868985176086,-0.03296606242656708,0.3516855537891388,-0.900473952293396,-0.15090078115463257,0.3172396719455719,-0.6200438141822815,-0.2295745611190796,0.25842320919036865,-0.3795648515224457,-0.2565959692001343,0.10842014104127884,-0.8972458243370056,-0.027605853974819183,0.1955748051404953,-0.8819090723991394,-0.13771358132362366,0.16945414245128632,-0.5667339563369751,-0.1700044870376587,0.12691865861415863,-0.3355367183685303,-0.16132639348506927,-0.05981738865375519,-0.8497841954231262,-0.041741807013750076,0.027543751522898674,-0.8518500328063965,-0.1498582363128662,0.03466418758034706,-0.5646160244941711,-0.1273522675037384,0.01841212622821331,-0.3561965525150299,-0.0793406143784523,-0.2288568913936615,-0.7468264698982239,-0.06398314237594604,-0.138617143034935,-0.780549168586731,-0.1395300030708313,-0.1006673201918602,-0.5738406181335449,-0.10919947922229767,-0.09596692025661469,-0.42698433995246887,-0.05877860635519028,HELP
0.0,0.0,0.0,0.24914522469043732,-0.09360449761152267,-0.08617587387561798,0.45447760820388794,-0.38462406396865845,-0.113264299929142,0.5327882766723633,-0.6419551968574524,-0.14019940793514252,0.5228686332702637,-0.8381204605102539,-0.15544314682483673,0.3033624291419983,-0.7949858903884888,-0.017745479941368103,0.36746853590011597,-0.8833398222923279,-0.13549304008483887,0.33646777272224426,-0.611573338508606,-0.21010276675224304,0.28816115856170654,-0.4027159810066223,-0.23517538607120514,0.14607301354408264,-0.8152147531509399,-0.012620855122804642,0.21443621814250946,-0.8913639187812805,-0.12825031578540802,0.19678592681884766,-0.5761283040046692,-0.15737056732177734,0.16525280475616455,-0.3632122576236725,-0.14439207315444946,-0.01815243624150753,-0.7847095727920532,-0.02911350503563881,0.04607459157705307,-0.8712581992149353,-0.14267389476299286,0.06307278573513031,-0.5748893022537231,-0.11335954070091248,0.05490272492170334,-0.36781591176986694,-0.05844393000006676,-0.1908387988805771,-0.7122036218643188,-0.0536920465528965,-0.11820884048938751,-0.804258406162262,-0.12704963982105255,-0.07943219691514969,-0.5967592597007751,-0.09257496893405914,-0.0737479105591774,-0.44695883989334106,-0.040355660021305084,HELP
0.0,0.0,0.0,0.2551508843898773,-0.0948963314294815,-0.11121132969856262,0.4395003616809845,-0.3464418053627014,-0.16824540495872498,0.5309804081916809,-0.5681604146957397,-0.223417267203331,0.5897119641304016,-0.7332048416137695,-0.26594507694244385,0.29472583532333374,-0.920653760433197,-0.03418200835585594,0.3770034909248352,-0.9091658592224121,-0.17687800526618958,0.33151522278785706,-0.6129853129386902,-0.28095105290412903,0.2737821042537689,-0.3782256841659546,-0.32592299580574036,0.12204158306121826,-0.9572595953941345,-0.028271794319152832,0.21258078515529633,-0.9208211898803711,-0.16853214800357819,0.18670964241027832,-0.5820415019989014,-0.21851706504821777,0.15369847416877747,-0.3373790681362152,-0.21582959592342377,-0.054622430354356766,-0.9065316319465637,-0.0463416613638401,0.03165798261761665,-0.8875377774238586,-0.18085962533950806,0.04983844980597496,-0.5748658180236816,-0.16280242800712585,0.04778569936752319,-0.35502374172210693,-0.10981528460979462,-0.22536325454711914,-0.7918466925621033,-0.07500113546848297,-0.13571906089782715,-0.8282598257064819,-0.16480186581611633,-0.09113311767578125,-0.6119142174720764,-0.13556842505931854,-0.0818139836192131,-0.4578200876712799,-0.08189979940652847,HELP
0.0,0.0,0.0,0.24009275436401367,-0.10589443147182465,-0.09292157739400864,0.43588975071907043,-0.34645509719848633,-0.1457841843366623,0.5379924178123474,-0.57489013671875,-0.19867919385433197,0.6010980606079102,-0.7621904611587524,-0.2403058558702469,0.28854385018348694,-0.8826475739479065,-0.03510938584804535,0.3898316025733948,-0.9005386829376221,-0.17527417838573456,0.3456290662288666,-0.6229808926582336,-0.27511847019195557,0.28414782881736755,-0.39251595735549927,-0.31650257110595703,0.12117312848567963,-0.923668622970581,-0.03628043085336685,0.23759324848651886,-0.9269394278526306,-0.17006683349609375,0.20832225680351257,-0.596290111541748,-0.21258339285850525,0.16721494495868683,-0.35260009765625,-0.20667468011379242,-0.04990450665354729,-0.8891058564186096,-0.05863463133573532,0.06635279208421707,-0.9051201343536377,-0.1866128295660019,0.06899397820234299,-0.5919641256332397,-0.16282135248184204,0.04987421631813049,-0.37307512760162354,-0.10845045000314713,-0.21945923566818237,-0.7962092757225037,-0.08962160348892212,-0.10698650777339935,-0.8297034502029419,-0.1740700751543045,-0.07577897608280182,-0.6042588353157043,-0.14095161855220795,-0.07941853255033493,-0.44973838329315186,-0.08631329238414764,HELP
0.0,0.0,0.0,0.23962409794330597,-0.12060493975877762,-0.0848836749792099,0.43467527627944946,-0.37495243549346924,-0.12922748923301697,0.5304222106933594,-0.6043895483016968,-0.17605239152908325,0.5943439602851868,-0.7758970260620117,-0.21151602268218994,0.2827507257461548,-0.8607041835784912,-0.022182146087288857,0.3943929076194763,-0.9040829539299011,-0.15210147202014923,0.35306528210639954,-0.6252432465553284,-0.23868826031684875,0.29002171754837036,-0.4043380320072174,-0.27114349603652954,0.12624739110469818,-0.8934812545776367,-0.024013198912143707,0.2491750717163086,-0.915037989616394,-0.1525997370481491,0.21723631024360657,-0.5855494141578674,-0.1890723705291748,0.16844768822193146,-0.3513243496417999,-0.17810064554214478,-0.03511686250567436,-0.8631464242935181,-0.04681231826543808,0.08211371302604675,-0.8892499208450317,-0.17305557429790497,0.08357778191566467,-0.5822474360466003,-0.14953170716762543,0.05914423242211342,-0.36778509616851807,-0.0935598760843277,-0.2013765424489975,-0.7804877161979675,-0.07689100503921509,-0.086741141974926,-0.8398566246032715,-0.15813739597797394,-0.05425211787223816,-0.6220254898071289,-0.12405909597873688,-0.06234922632575035,-0.46443623304367065,-0.06841181218624115,HELP
0.0,0.0,0.0,0.23923827707767487,-0.12054853141307831,-0.06291604042053223,0.4411650598049164,-0.38739901781082153,-0.09068533033132553,0.5421841740608215,-0.6171354651451111,-0.12490057945251465,0.6094084978103638,-0.7785899043083191,-0.14972978830337524,0.2859572768211365,-0.8238340020179749,0.001967049203813076,0.3949909806251526,-0.8800724744796753,-0.11268076300621033,0.3519285321235657,-0.6172351241111755,-0.19130216538906097,0.2910968065261841,-0.40834280848503113,-0.22126483917236328,0.129821315407753,-0.8576005101203918,-0.005800263024866581,0.2470799833536148,-0.8973902463912964,-0.12262129783630371,0.21435749530792236,-0.5802765488624573,-0.15560458600521088,0.1701897382736206,-0.3485913872718811,-0.1446075737476349,-0.030803268775343895,-0.8348932266235352,-0.03261540085077286,0.08224308490753174,-0.881595253944397,-0.14841751754283905,0.0835236981511116,-0.5750598311424255,-0.12444200366735458,0.06446940451860428,-0.3526627719402313,-0.07087348401546478,-0.19582241773605347,-0.7642909288406372,-0.06535135209560394,-0.07862867414951324,-0.8299644589424133,-0.14244712889194489,-0.049084462225437164,-0.6101992726325989,-0.11057258397340775,-0.05269143730401993,-0.44712018966674805,-0.05844919756054878,HELP
0.0,0.0,0.0,0.215519979596138,-0.1015215814113617,-0.07746393233537674,0.4053947925567627,-0.3724641501903534,-0.11169736832380295,0.5004640817642212,-0.614814817905426,-0.14711406826972961,0.5588759183883667,-0.8111713528633118,-0.17221699655056,0.2770952582359314,-0.7979678511619568,-0.026451848447322845,0.36726999282836914,-0.875119149684906,-0.1449756622314453,0.328879714012146,-0.6225661039352417,-0.22047215700149536,0.27172398567199707,-0.40856167674064636,-0.24598656594753265,0.12206708639860153,-0.8262173533439636,-0.02544242888689041,0.22548118233680725,-0.8622502684593201,-0.13947652280330658,0.19339106976985931,-0.5610979795455933,-0.16585086286067963,0.14752382040023804,-0.3464488685131073,-0.1529911309480667,-0.03676735982298851,-0.8019072413444519,-0.043943170458078384,0.06112067401409149,-0.8487857580184937,-0.15942959487438202,0.06289119273424149,-0.5578714609146118,-0.13259057700634003,0.04355742037296295,-0.35042619705200195,-0.07909496873617172,-0.1994054913520813,-0.7343518733978271,-0.0690423995256424,-0.09858062118291855,-0.8098617196083069,-0.1507653295993805,-0.06803863495588303,-0.5989084243774414,-0.1202864795923233,-0.0712159126996994,-0.4418424069881439,-0.06869283318519592,HELP
0.0,0.0,0.0,0.22739887237548828,-0.11153694242238998,-0.07862122356891632,0.4245108962059021,-0.380458265542984,-0.1113809123635292,0.5113540291786194,-0.6276836395263672,-0.1443137377500534,0.5354729294776917,-0.8277347683906555,-0.1677018105983734,0.27279502153396606,-0.8154778480529785,-0.027130993083119392,0.36930468678474426,-0.8486645817756653,-0.145851731300354,0.3307837247848511,-0.5858347415924072,-0.22469161450862885,0.2749689221382141,-0.37220272421836853,-0.2528117299079895,0.11949731409549713,-0.85219407081604,-0.02567409537732601,0.23669841885566711,-0.8432056307792664,-0.1425555795431137,0.20235250890254974,-0.5382921099662781,-0.1744087189435959,0.15908485651016235,-0.31785279512405396,-0.1629224717617035,-0.035651255398988724,-0.8262993693351746,-0.04331737011671066,0.07655269652605057,-0.8182355761528015,-0.1593116819858551,0.07443521171808243,-0.5318588614463806,-0.13901662826538086,0.059203483164310455,-0.3268885016441345,-0.08837094902992249,-0.1926027089357376,-0.7526434659957886,-0.06793556362390518,-0.08172962069511414,-0.7770950198173523,-0.1490747332572937,-0.05146759748458862,-0.5665943026542664,-0.12324880063533783,-0.048284806311130524,-0.4144692122936249,-0.07404561340808868,HELP
0.0,0.0,0.0,0.2312619388103485,-0.10977383702993393,-0.07316390424966812,0.42105308175086975,-0.3727985620498657,-0.10936915874481201,0.5083995461463928,-0.6149990558624268,-0.1458481103181839,0.5509329438209534,-0.8163243532180786,-0.17345716059207916,0.2806393802165985,-0.8509951233863831,-0.025788217782974243,0.39081206917762756,-0.856439471244812,-0.13828594982624054,0.3413997292518616,-0.5961819291114807,-0.21690979599952698,0.27460986375808716,-0.3847169578075409,-0.24788585305213928,0.12132708728313446,-0.8853810429573059,-0.028404677286744118,0.252718061208725,-0.8558403849601746,-0.13606040179729462,0.21207191050052643,-0.5517080426216125,-0.1663312166929245,0.1590367555618286,-0.3272269666194916,-0.15735721588134766,-0.037843622267246246,-0.8472002744674683,-0.048204801976680756,0.09236948937177658,-0.8276330232620239,-0.15536390244960785,0.08466216921806335,-0.5419132113456726,-0.131438210606575,0.05807295814156532,-0.33881875872612,-0.08241941034793854,-0.19368648529052734,-0.7561986446380615,-0.07452832162380219,-0.06801362335681915,-0.7803739309310913,-0.14903029799461365,-0.04134686291217804,-0.5660179257392883,-0.1171555444598198,-0.048456136137247086,-0.41248658299446106,-0.06612090021371841,HELP
0.0,0.0,0.0,0.23537328839302063,-0.09803035855293274,-0.07697264105081558,0.4253489375114441,-0.3714960515499115,-0.1098051518201828,0.5052464008331299,-0.6263072490692139,-0.14146727323532104,0.5194128155708313,-0.8383446931838989,-0.16549445688724518,0.2680317461490631,-0.8525475859642029,-0.03014419414103031,0.3825814425945282,-0.8575606346130371,-0.14451511204242706,0.3399842083454132,-0.5955207943916321,-0.22240309417247772,0.27756932377815247,-0.38261333107948303,-0.25072112679481506,0.11344555020332336,-0.8833619952201843,-0.02953132428228855,0.25412240624427795,-0.849069356918335,-0.13910840451717377,0.21408191323280334,-0.5444340109825134,-0.17108602821826935,0.1590539962053299,-0.32194164395332336,-0.1624240279197693,-0.04183598980307579,-0.8420098423957825,-0.046183742582798004,0.09183457493782043,-0.816713809967041,-0.15842221677303314,0.0812004804611206,-0.5274971723556519,-0.13855111598968506,0.05375836044549942,-0.3226100504398346,-0.09013763815164566,-0.1993720680475235,-0.7517595887184143,-0.06901831924915314,-0.07442601025104523,-0.7769278287887573,-0.14659635722637177,-0.044679123908281326,-0.5614005923271179,-0.11721251159906387,-0.04736855626106262,-0.4026079773902893,-0.06710237264633179,HELP
0.0,0.0,0.0,0.2265262007713318,-0.10457225888967514,-0.0859910175204277,0.4140232503414154,-0.36912551522254944,-0.12683874368667603,0.5028145909309387,-0.6190786361694336,-0.16332212090492249,0.5318900942802429,-0.8252037763595581,-0.1900833547115326,0.26781612634658813,-0.8703835606575012,-0.04726836085319519,0.3782186508178711,-0.8496584296226501,-0.16422519087791443,0.33179160952568054,-0.5822400450706482,-0.24087469279766083,0.2686600089073181,-0.37756213545799255,-0.2692810893058777,0.11166931688785553,-0.910847544670105,-0.044085338711738586,0.25054022669792175,-0.8462426662445068,-0.1582203358411789,0.2072397619485855,-0.5306798219680786,-0.18644344806671143,0.15539798140525818,-0.31390905380249023,-0.17390210926532745,-0.044669292867183685,-0.8710823655128479,-0.058080896735191345,0.0890214741230011,-0.8158948421478271,-0.174176886677742,0.07698523998260498,-0.5171061754226685,-0.148972749710083,0.0534835122525692,-0.32017406821250916,-0.0956835225224495,-0.2014814168214798,-0.7777162194252014,-0.07911290228366852,-0.07930554449558258,-0.7812522053718567,-0.1581449955701828,-0.04961027204990387,-0.5646831393241882,-0.12640167772769928,-0.04843277111649513,-0.42078548669815063,-0.073422871530056,HELP
0.0,0.0,0.0,0.22341778874397278,-0.11901763826608658,-0.08019932359457016,0.4094981551170349,-0.39192190766334534,-0.11649318039417267,0.49068936705589294,-0.6455541849136353,-0.14907865226268768,0.49130696058273315,-0.8537757992744446,-0.17229174077510834,0.2661147117614746,-0.8607715964317322,-0.04209545627236366,0.3764454424381256,-0.8409465551376343,-0.15916159749031067,0.32729068398475647,-0.5786598920822144,-0.23649156093597412,0.26618286967277527,-0.3760862946510315,-0.2651083469390869,0.1109052374958992,-0.9018579721450806,-0.04020882770419121,0.246834397315979,-0.8308631777763367,-0.15258671343326569,0.20011718571186066,-0.5226777195930481,-0.1787598878145218,0.14932958781719208,-0.31271249055862427,-0.16522519290447235,-0.04638940840959549,-0.8652017116546631,-0.05541832745075226,0.08399786800146103,-0.8073887825012207,-0.16912466287612915,0.07010555267333984,-0.5107795000076294,-0.1416223794221878,0.048814259469509125,-0.32001933455467224,-0.08717694133520126,-0.20293667912483215,-0.7764567136764526,-0.07739830762147903,-0.08240445703268051,-0.7752585411071777,-0.1534232646226883,-0.051848527044057846,-0.5584506988525391,-0.11965624243021011,-0.04722891375422478,-0.4208774268627167,-0.0655350461602211,HELP
0.0,0.0,0.0,0.219480499625206,-0.11896536499261856,-0.06857410073280334,0.40894535183906555,-0.39507368206977844,-0.09843172878026962,0.4886535108089447,-0.6566269397735596,-0.12603071331977844,0.46204134821891785,-0.8748599290847778,-0.14538849890232086,0.2630757689476013,-0.8343985080718994,-0.03607482090592384,0.37936925888061523,-0.8263574242591858,-0.1424655318260193,0.32353150844573975,-0.5700733065605164,-0.21429443359375,0.2596481442451477,-0.37984561920166016,-0.24172569811344147,0.11192288249731064,-0.8757373094558716,-0.03664562851190567,0.24611559510231018,-0.8171173930168152,-0.13459941744804382,0.19508633017539978,-0.524141252040863,-0.15820513665676117,0.14301471412181854,-0.3296218514442444,-0.1483868956565857,-0.04258061945438385,-0.8478827476501465,-0.0522589348256588,0.0865771546959877,-0.8031156063079834,-0.14962685108184814,0.06845998764038086,-0.5224197506904602,-0.12197999656200409,0.04318567365407944,-0.3427087068557739,-0.07369575649499893,-0.20018483698368073,-0.7726079225540161,-0.07401557266712189,-0.07877109944820404,-0.7709267735481262,-0.1367214322090149,-0.04965103045105934,-0.5624074935913086,-0.10216401517391205,-0.047975726425647736,-0.4298129677772522,-0.05206470936536789,HELP
0.0,0.0,0.0,0.22440962493419647,-0.11409234255552292,-0.07575228065252304,0.41805222630500793,-0.3910030424594879,-0.108524389564991,0.49815839529037476,-0.6519091129302979,-0.13741134107112885,0.47035372257232666,-0.8684719204902649,-0.156601220369339,0.2705332338809967,-0.858537495136261,-0.04017221927642822,0.37798577547073364,-0.837549090385437,-0.14868895709514618,0.3263837695121765,-0.569779098033905,-0.2212258130311966,0.2630513906478882,-0.37540239095687866,-0.24875210225582123,0.11582118272781372,-0.8971960544586182,-0.03866969794034958,0.2440011352300644,-0.8131585121154785,-0.13778603076934814,0.1930062472820282,-0.5141646862030029,-0.16266219317913055,0.13717950880527496,-0.3248448967933655,-0.15384216606616974,-0.0399673655629158,-0.8601698875427246,-0.052990157157182693,0.08351371437311172,-0.7954871654510498,-0.15150786936283112,0.06619205325841904,-0.5124805569648743,-0.12271169573068619,0.039546698331832886,-0.33980593085289,-0.07382024079561234,-0.19672660529613495,-0.7741370797157288,-0.07420837134122849,-0.0785064622759819,-0.7649437189102173,-0.13736066222190857,-0.052034832537174225,-0.5555704236030579,-0.10114631056785583,-0.05352778732776642,-0.42928317189216614,-0.04941264167428017,HELP
0.0,0.0,0.0,0.2124892622232437,-0.10871847718954086,-0.0775606706738472,0.4008188247680664,-0.377998024225235,-0.11240287125110626,0.481306791305542,-0.6349079608917236,-0.1431671530008316,0.4861227869987488,-0.8584801554679871,-0.16339075565338135,0.2670775353908539,-0.8434007167816162,-0.0418974868953228,0.3710726797580719,-0.827393651008606,-0.15778058767318726,0.3212489187717438,-0.5614063143730164,-0.23207922279834747,0.2605603337287903,-0.3639785647392273,-0.25824153423309326,0.11245796084403992,-0.8855944871902466,-0.04084969684481621,0.24128803610801697,-0.8139122128486633,-0.14848840236663818,0.1929171234369278,-0.5109468102455139,-0.17139366269111633,0.14102481305599213,-0.31891581416130066,-0.15729424357414246,-0.04292963817715645,-0.852915346622467,-0.056811630725860596,0.08228136599063873,-0.7950918674468994,-0.16497397422790527,0.0664416179060936,-0.5061087012290955,-0.13617728650569916,0.04358901455998421,-0.3317264914512634,-0.08381824195384979,-0.19645974040031433,-0.7675897479057312,-0.07934827357530594,-0.07797817140817642,-0.7551680207252502,-0.15071776509284973,-0.05358077958226204,-0.5395943522453308,-0.11667439341545105,-0.053278639912605286,-0.4108373522758484,-0.06394030898809433,HELP
0.0,0.0,0.0,0.21492783725261688,-0.10321402549743652,-0.07823565602302551,0.40190500020980835,-0.3659239411354065,-0.11459306627511978,0.4896317422389984,-0.6214505434036255,-0.14753203094005585,0.4937821328639984,-0.852920413017273,-0.1694282740354538,0.27786561846733093,-0.8209266662597656,-0.045249078422784805,0.3743978440761566,-0.8375716209411621,-0.16354314982891083,0.3282679319381714,-0.5727012157440186,-0.23566275835037231,0.2665989398956299,-0.36893001198768616,-0.25907254219055176,0.12455426156520844,-0.8683778643608093,-0.04499435052275658,0.24800685048103333,-0.8258302211761475,-0.15566377341747284,0.19672749936580658,-0.5171212553977966,-0.1768273562192917,0.13802269101142883,-0.3234524726867676,-0.1610172688961029,-0.03717406466603279,-0.847642183303833,-0.062453776597976685,0.08428305387496948,-0.8111022710800171,-0.17161546647548676,0.06329181045293808,-0.5219087600708008,-0.14024128019809723,0.031009605154395103,-0.35189297795295715,-0.08619660139083862,-0.20426622033119202,-0.775966465473175,-0.08644133061170578,-0.0876450166106224,-0.7709061503410339,-0.15405219793319702,-0.06297226995229721,-0.55628502368927,-0.1162819042801857,-0.06766524165868759,-0.4348045885562897,-0.062219761312007904,HELP
0.0,0.0,0.0,0.21708884835243225,-0.10389644652605057,-0.07971297949552536,0.4082680344581604,-0.3735595643520355,-0.11671175062656403,0.4994554817676544,-0.624825119972229,-0.1519385576248169,0.5058624148368835,-0.8443127870559692,-0.1767459660768509,0.2578239142894745,-0.8548134565353394,-0.045984525233507156,0.3768600821495056,-0.8652721047401428,-0.16888080537319183,0.3420519232749939,-0.5883336663246155,-0.24429267644882202,0.2807306945323944,-0.36753585934638977,-0.2671293020248413,0.10270735621452332,-0.898614764213562,-0.04497729241847992,0.25025805830955505,-0.8257353901863098,-0.1594853550195694,0.2057882845401764,-0.5054265260696411,-0.18324434757232666,0.14639663696289062,-0.29799509048461914,-0.16628649830818176,-0.05594431608915329,-0.8678611516952515,-0.0623164065182209,0.0899466946721077,-0.792206883430481,-0.17777055501937866,0.06943396478891373,-0.49652940034866333,-0.15276102721691132,0.0337771438062191,-0.31389692425727844,-0.09872552007436752,-0.2173832356929779,-0.7856996655464172,-0.08606625348329544,-0.0840456634759903,-0.773339033126831,-0.15884962677955627,-0.0579511821269989,-0.5623530745506287,-0.1246686801314354,-0.06493224203586578,-0.43132978677749634,-0.07000784575939178,HELP
0.0,0.0,0.0,0.2311297357082367,-0.11453838646411896,-0.09660977870225906,0.4251873791217804,-0.3666718304157257,-0.14353317022323608,0.5107865333557129,-0.6118752360343933,-0.1852685660123825,0.5058417320251465,-0.8355739116668701,-0.2143370658159256,0.2920059561729431,-0.8663285970687866,-0.05527013912796974,0.4101107120513916,-0.8567605018615723,-0.18394771218299866,0.3620932102203369,-0.591985285282135,-0.2641828954219818,0.29094958305358887,-0.3894585967063904,-0.2913878262042999,0.13406676054000854,-0.9088691473007202,-0.04892944544553757,0.2759923040866852,-0.8310754895210266,-0.168514221906662,0.22093412280082703,-0.5109730362892151,-0.19416309893131256,0.1561332792043686,-0.31249791383743286,-0.1790364384651184,-0.02648400329053402,-0.8717652559280396,-0.06255433708429337,0.1150827705860138,-0.8075897097587585,-0.18063494563102722,0.08698316663503647,-0.5072721838951111,-0.15019410848617554,0.0482804961502552,-0.32616621255874634,-0.09258827567100525,-0.18818804621696472,-0.7767156958580017,-0.08454110473394394,-0.06420011073350906,-0.7768236994743347,-0.156558096408844,-0.045385926961898804,-0.5700608491897583,-0.11780412495136261,-0.05719318985939026,-0.4458315670490265,-0.05992729961872101,HELP
0.0,0.0,0.0,0.22912411391735077,-0.10914269834756851,-0.08330918103456497,0.42480403184890747,-0.3766438961029053,-0.12217338383197784,0.5125585794448853,-0.6181998252868652,-0.1586046814918518,0.5262807607650757,-0.8306308388710022,-0.18188172578811646,0.27320733666419983,-0.873839795589447,-0.04542955011129379,0.4016297459602356,-0.8769080638885498,-0.1620444506406784,0.3664873540401459,-0.5998368859291077,-0.23078060150146484,0.3064521253108978,-0.39153972268104553,-0.2512758672237396,0.1212526485323906,-0.9191540479660034,-0.043514516204595566,0.2709673345088959,-0.822365939617157,-0.1541157066822052,0.217553973197937,-0.494904100894928,-0.1717059463262558,0.1577393263578415,-0.29999253153800964,-0.15162375569343567,-0.035832103341817856,-0.8852933645248413,-0.06031158193945885,0.1146499291062355,-0.7984119057655334,-0.16967764496803284,0.0844126045703888,-0.499491423368454,-0.13602043688297272,0.04618164151906967,-0.32184454798698425,-0.07804975658655167,-0.19475044310092926,-0.7957298159599304,-0.08472388982772827,-0.0655788704752922,-0.7795135378837585,-0.1492650806903839,-0.04998703673481941,-0.5771062970161438,-0.1094309389591217,-0.060528188943862915,-0.45847195386886597,-0.05259336903691292,HELP
0.0,0.0,0.0,0.2347823977470398,-0.11525072157382965,-0.08566044270992279,0.4291273355484009,-0.3729463219642639,-0.12464696168899536,0.508181631565094,-0.617926836013794,-0.15791408717632294,0.5206015110015869,-0.8345451354980469,-0.18030107021331787,0.26625287532806396,-0.8325104713439941,-0.0562971830368042,0.3944290578365326,-0.8089087009429932,-0.16785098612308502,0.3344593048095703,-0.5379020571708679,-0.2366538792848587,0.26316311955451965,-0.3456841707229614,-0.26067206263542175,0.12090450525283813,-0.8748834133148193,-0.049936410039663315,0.2755967378616333,-0.8005743026733398,-0.15740394592285156,0.20801858603954315,-0.49320927262306213,-0.1771969199180603,0.14238525927066803,-0.3024703562259674,-0.1619643270969391,-0.02818903513252735,-0.84800785779953,-0.06019438058137894,0.1304345279932022,-0.7846486568450928,-0.16702398657798767,0.088967464864254,-0.5032877326011658,-0.13737373054027557,0.04647744446992874,-0.33047422766685486,-0.0850815698504448,-0.18193572759628296,-0.7700464129447937,-0.0773809626698494,-0.04589086025953293,-0.7605452537536621,-0.14244167506694794,-0.037430308759212494,-0.5571240782737732,-0.10666603595018387,-0.05035356059670448,-0.43228235840797424,-0.05510894954204559,HELP
0.0,0.0,0.0,0.21384885907173157,-0.11477585881948471,-0.07502704858779907,0.40136340260505676,-0.38116884231567383,-0.11124379187822342,0.4849974513053894,-0.6373839378356934,-0.14405205845832825,0.46283191442489624,-0.8703281879425049,-0.168272003531456,0.23150750994682312,-0.8224360346794128,-0.05485667660832405,0.36155417561531067,-0.814959704875946,-0.16728484630584717,0.3154628872871399,-0.5487362146377563,-0.23581144213676453,0.25074201822280884,-0.3534907400608063,-0.257821649312973,0.08896523714065552,-0.8594139218330383,-0.053137894719839096,0.2570502758026123,-0.7923626899719238,-0.15447159111499786,0.1957794725894928,-0.49128207564353943,-0.17177362740039825,0.12043891102075577,-0.3105138838291168,-0.1570969671010971,-0.055653877556324005,-0.8318700194358826,-0.06728039681911469,0.10892774164676666,-0.7730005383491516,-0.1660880744457245,0.06771203130483627,-0.4992855191230774,-0.1351119577884674,0.014388252049684525,-0.3405560553073883,-0.08512065559625626,-0.20593051612377167,-0.7564140558242798,-0.08757879585027695,-0.06243579834699631,-0.7493164539337158,-0.1445639729499817,-0.0563095286488533,-0.546842634677887,-0.10641568154096603,-0.08377154171466827,-0.4273945391178131,-0.05584876611828804,HELP
0.0,0.0,0.0,0.2205876260995865,-0.1201227605342865,-0.07624273002147675,0.4106091856956482,-0.3765375018119812,-0.11205491423606873,0.49650028347969055,-0.6348133087158203,-0.1437961757183075,0.4667876064777374,-0.8688970804214478,-0.16470345854759216,0.2596445381641388,-0.8362119197845459,-0.0410456620156765,0.37818482518196106,-0.7915635704994202,-0.1515451967716217,0.32126185297966003,-0.522412896156311,-0.22363799810409546,0.2539595365524292,-0.3467009663581848,-0.25088974833488464,0.11690453439950943,-0.8791683316230774,-0.038839034736156464,0.26095548272132874,-0.7843809127807617,-0.1334061473608017,0.1980375498533249,-0.4968074858188629,-0.15400131046772003,0.1336248517036438,-0.3328833281993866,-0.14447341859340668,-0.030285676941275597,-0.8520733714103699,-0.053352270275354385,0.11168571561574936,-0.766412615776062,-0.14220264554023743,0.07376699894666672,-0.5089721083641052,-0.1120147705078125,0.03230756148695946,-0.36612468957901,-0.06634914129972458,-0.18129654228687286,-0.7727262377738953,-0.07557307183742523,-0.058841802179813385,-0.7377264499664307,-0.12252917140722275,-0.05178418755531311,-0.5492112636566162,-0.08426973223686218,-0.0682220309972763,-0.44620952010154724,-0.035535216331481934,HELP
0.0,0.0,0.0,0.22251103818416595,-0.11404398828744888,-0.08266524225473404,0.4106578528881073,-0.3819107115268707,-0.11976738274097443,0.49482065439224243,-0.6332448720932007,-0.15214771032333374,0.48478811979293823,-0.8570312261581421,-0.17457933723926544,0.2777203917503357,-0.8570902347564697,-0.04694731906056404,0.3813466727733612,-0.8196861743927002,-0.16410017013549805,0.3276095390319824,-0.5489938855171204,-0.2430196851491928,0.2612365782260895,-0.353294312953949,-0.27250999212265015,0.12052251398563385,-0.9000059962272644,-0.042239319533109665,0.24995814263820648,-0.7951071858406067,-0.14382871985435486,0.1925656944513321,-0.4973320960998535,-0.16553689539432526,0.13427838683128357,-0.30962425470352173,-0.15330834686756134,-0.03873949497938156,-0.8643692135810852,-0.05525550618767738,0.09075305610895157,-0.7646846175193787,-0.15595753490924835,0.06227556988596916,-0.4901774525642395,-0.12791720032691956,0.032579850405454636,-0.3225262463092804,-0.07866162806749344,-0.19359458982944489,-0.7744184732437134,-0.07593829184770584,-0.08210763335227966,-0.7349790334701538,-0.13851307332515717,-0.06790781021118164,-0.5318410396575928,-0.10393907129764557,-0.07398860901594162,-0.4119279086589813,-0.05284463241696358,HELP
0.0,0.0,0.0,0.21729478240013123,-0.12029188871383667,-0.076858289539814,0.3974741995334625,-0.38721737265586853,-0.11384934931993484,0.4746132791042328,-0.6492102146148682,-0.1467907726764679,0.4412577450275421,-0.8811014294624329,-0.17015257477760315,0.2619333863258362,-0.8503100872039795,-0.0537930391728878,0.36461085081100464,-0.8217416405677795,-0.17448540031909943,0.31569576263427734,-0.5442304015159607,-0.2556588053703308,0.25372210144996643,-0.3382452130317688,-0.28580471873283386,0.10372863709926605,-0.8980864882469177,-0.05172130465507507,0.23675699532032013,-0.7870759963989258,-0.1463848054409027,0.1821904182434082,-0.49272701144218445,-0.16568338871002197,0.12547512352466583,-0.30932390689849854,-0.15571430325508118,-0.0579572394490242,-0.8656091690063477,-0.06694265455007553,0.07764149457216263,-0.7483028769493103,-0.15555474162101746,0.048761315643787384,-0.49136480689048767,-0.12708838284015656,0.01611018367111683,-0.3371962904930115,-0.08292078971862793,-0.2182794213294983,-0.7775095105171204,-0.09021644294261932,-0.1029372587800026,-0.7133613228797913,-0.13963115215301514,-0.08610997349023819,-0.5208545327186584,-0.10405714809894562,-0.09276791661977768,-0.41166356205940247,-0.05652983859181404,HELP
0.0,0.0,0.0,0.23064851760864258,-0.12140236794948578,-0.07953252643346786,0.41642263531684875,-0.391702800989151,-0.1122516542673111,0.4847966134548187,-0.6529420018196106,-0.1397216022014618,0.44918936491012573,-0.8795204758644104,-0.15707547962665558,0.27921995520591736,-0.83389812707901,-0.046240970492362976,0.36992475390434265,-0.7918872237205505,-0.16012775897979736,0.32224032282829285,-0.5236403346061707,-0.2346869558095932,0.26262569427490234,-0.3320092558860779,-0.26172828674316406,0.12826599180698395,-0.8815538287162781,-0.04053991660475731,0.24607901275157928,-0.7747876644134521,-0.1369973123073578,0.19227559864521027,-0.48069292306900024,-0.15631821751594543,0.1416698843240738,-0.300871878862381,-0.14422111213207245,-0.026040198281407356,-0.8541942238807678,-0.052303723990917206,0.09319346398115158,-0.7449719905853271,-0.1444092094898224,0.06529363989830017,-0.48563849925994873,-0.11692609637975693,0.03963509947061539,-0.330954909324646,-0.07051380723714828,-0.18123728036880493,-0.7748203277587891,-0.07223502546548843,-0.07850871980190277,-0.7128782868385315,-0.12421225756406784,-0.06295599788427353,-0.5252109169960022,-0.0918949544429779,-0.06429686397314072,-0.42227301001548767,-0.04533985257148743,HELP
0.0,0.0,0.0,0.22380109131336212,-0.11861393600702286,-0.07861936837434769,0.39656996726989746,-0.3896414637565613,-0.11391653120517731,0.46830126643180847,-0.6474472880363464,-0.14491738379001617,0.4560573697090149,-0.8743577599525452,-0.16586177051067352,0.2541295886039734,-0.8607437610626221,-0.04678753390908241,0.3526311218738556,-0.7965360879898071,-0.1662784218788147,0.30676400661468506,-0.5131387710571289,-0.24439400434494019,0.24814662337303162,-0.31291699409484863,-0.27219223976135254,0.0949680507183075,-0.8988178968429565,-0.04498342052102089,0.22678937017917633,-0.7818728685379028,-0.14516332745552063,0.18051764369010925,-0.4787769615650177,-0.1660102903842926,0.12756457924842834,-0.29309824109077454,-0.15374727547168732,-0.06459206342697144,-0.8567447662353516,-0.060550790280103683,0.06464332342147827,-0.7437440156936646,-0.1644730567932129,0.0495765246450901,-0.46820777654647827,-0.13893240690231323,0.02574831433594227,-0.3054489195346832,-0.0905907154083252,-0.21975205838680267,-0.7585745453834534,-0.08275364339351654,-0.10882041603326797,-0.7176096439361572,-0.14781500399112701,-0.08076083660125732,-0.5171465873718262,-0.11414563655853271,-0.07784807682037354,-0.3993622362613678,-0.06333011388778687,HELP
0.0,0.0,0.0,0.2203548103570938,-0.1092018187046051,-0.06996903568506241,0.40287765860557556,-0.3787377178668976,-0.10582965612411499,0.48153817653656006,-0.630247175693512,-0.14057409763336182,0.4938928484916687,-0.8537294864654541,-0.16497254371643066,0.26655685901641846,-0.886214017868042,-0.03385499492287636,0.37818747758865356,-0.9129466414451599,-0.15202316641807556,0.39657872915267944,-0.7093799710273743,-0.23181545734405518,0.380183607339859,-0.5219830274581909,-0.26111727952957153,0.10518026351928711,-0.9346804022789001,-0.038022544234991074,0.2564646601676941,-0.8478549718856812,-0.1445295363664627,0.2315973937511444,-0.5421062111854553,-0.16934427618980408,0.1826404631137848,-0.34272417426109314,-0.15816247463226318,-0.05789685621857643,-0.9009865522384644,-0.0595584511756897,0.09218207001686096,-0.8047628402709961,-0.1624089479446411,0.08038297295570374,-0.5321944355964661,-0.1318512111902237,0.051877036690711975,-0.35628262162208557,-0.08148947358131409,-0.22200077772140503,-0.8050273656845093,-0.08875221759080887,-0.09112027287483215,-0.767915666103363,-0.1522705852985382,-0.06692352145910263,-0.5577326416969299,-0.11391457170248032,-0.07341111451387405,-0.4233741760253906,-0.05999236926436424,HELP
0.0,0.0,0.0,0.20494037866592407,-0.0980861485004425,-0.09663195163011551,0.3857647478580475,-0.3545319139957428,-0.14630043506622314,0.4831545352935791,-0.5991445183753967,-0.18952667713165283,0.5171025395393372,-0.8131857514381409,-0.21143831312656403,0.3139898180961609,-0.8662537932395935,-0.05012176185846329,0.41115033626556396,-0.8907905220985413,-0.19351397454738617,0.3726509213447571,-0.625841498374939,-0.26825031638145447,0.31525030732154846,-0.46008795499801636,-0.2911031246185303,0.15492908656597137,-0.9256866574287415,-0.050300534814596176,0.2783434987068176,-0.8566173315048218,-0.1720118671655655,0.2246970683336258,-0.5296496152877808,-0.18405947089195251,0.16557347774505615,-0.42988860607147217,-0.1636372208595276,-0.014557961374521255,-0.9025158286094666,-0.07467625290155411,0.10671738535165787,-0.820659339427948,-0.19860579073429108,0.07459808140993118,-0.5326067209243774,-0.1557566076517105,0.031265392899513245,-0.4468594193458557,-0.09726625680923462,-0.19185858964920044,-0.8270183205604553,-0.10791633278131485,-0.08593171089887619,-0.7750996351242065,-0.17393940687179565,-0.07355498522520065,-0.5559180974960327,-0.12645936012268066,-0.08854168653488159,-0.4814096689224243,-0.06828872114419937,HELP
0.0,0.0,0.0,0.21683692932128906,-0.11913924664258957,-0.07334572821855545,0.38138633966445923,-0.40259531140327454,-0.1037457138299942,0.45208123326301575,-0.665473461151123,-0.1323988288640976,0.44470512866973877,-0.8834965229034424,-0.14721117913722992,0.26245859265327454,-0.8537624478340149,-0.029724333435297012,0.3762386739253998,-0.8462191224098206,-0.15355493128299713,0.3382183611392975,-0.5700153708457947,-0.22742639482021332,0.2773604691028595,-0.4121701121330261,-0.2540716230869293,0.10960236936807632,-0.8907020688056946,-0.0348675437271595,0.2459949105978012,-0.824919581413269,-0.1382622867822647,0.20475533604621887,-0.5260828137397766,-0.1523827314376831,0.14630825817584991,-0.39722663164138794,-0.13793005049228668,-0.04576409235596657,-0.8589312434196472,-0.060280922800302505,0.09156697243452072,-0.7903059124946594,-0.16471505165100098,0.07385294139385223,-0.5215776562690735,-0.1258104145526886,0.03434799611568451,-0.3993943929672241,-0.07303906232118607,-0.20099346339702606,-0.7763999700546265,-0.09316358715295792,-0.07558400183916092,-0.7454249262809753,-0.15326593816280365,-0.05907594412565231,-0.5402907133102417,-0.1110125258564949,-0.07623220235109329,-0.4401201903820038,-0.05781802162528038,HELP
0.0,0.0,0.0,0.21205171942710876,-0.09751901030540466,-0.07971948385238647,0.4005149304866791,-0.3603981137275696,-0.11223363876342773,0.49077028036117554,-0.6180790066719055,-0.1392342746257782,0.5079277157783508,-0.8465369343757629,-0.1593257039785385,0.2830308675765991,-0.8159809112548828,-0.02894614078104496,0.3426504135131836,-0.8869834542274475,-0.12925787270069122,0.3810308873653412,-0.7703477144241333,-0.2077035754919052,0.40654850006103516,-0.6607887744903564,-0.24898456037044525,0.1315927654504776,-0.8712384104728699,-0.02831934206187725,0.21992290019989014,-0.8195481300354004,-0.12862558662891388,0.2223607748746872,-0.5948965549468994,-0.17044131457805634,0.22035540640354156,-0.4677268862724304,-0.18008622527122498,-0.031618375331163406,-0.8527981638908386,-0.04553372412919998,0.07071774452924728,-0.8069638013839722,-0.1392478048801422,0.10955918580293655,-0.6294347643852234,-0.12996806204319,0.14248044788837433,-0.5265131592750549,-0.10672330111265182,-0.2016320824623108,-0.7747276425361633,-0.07224994897842407,-0.10700002312660217,-0.7429245114326477,-0.1377931833267212,-0.07985734194517136,-0.5671725869178772,-0.1190391480922699,-0.06514260172843933,-0.4683105945587158,-0.08815065026283264,HELP
0.0,0.0,0.0,0.20215635001659393,-0.0916798859834671,-0.0869380459189415,0.3870643377304077,-0.3707130551338196,-0.11733907461166382,0.4653913080692291,-0.6324775815010071,-0.14231133460998535,0.4880535304546356,-0.8575785160064697,-0.16236689686775208,0.23706547915935516,-0.8019521832466125,-0.032146088778972626,0.315879762172699,-0.9168726205825806,-0.12564189732074738,0.397948294878006,-0.8672311902046204,-0.19534806907176971,0.4709394872188568,-0.8050794005393982,-0.23312759399414062,0.09095034748315811,-0.85181725025177,-0.028472818434238434,0.20963026583194733,-0.8587985634803772,-0.13390009105205536,0.22210091352462769,-0.6338915824890137,-0.17070351541042328,0.2232796847820282,-0.5117899775505066,-0.17398634552955627,-0.06404389441013336,-0.8359523415565491,-0.04238145798444748,0.0602896548807621,-0.8243318200111389,-0.14916007220745087,0.0930282473564148,-0.6231867671012878,-0.13251212239265442,0.11764926463365555,-0.5102128982543945,-0.09752798825502396,-0.228359192609787,-0.7620368599891663,-0.06563252210617065,-0.10732335597276688,-0.7662912607192993,-0.1421857476234436,-0.07497917115688324,-0.5900248885154724,-0.11976715922355652,-0.06284189969301224,-0.47597241401672363,-0.082705557346344,HELP
0.0,0.0,0.0,0.19795946776866913,-0.10665705054998398,-0.08193227648735046,0.37696200609207153,-0.4002302885055542,-0.11605829745531082,0.4559784531593323,-0.6653870940208435,-0.1442508101463318,0.46301883459091187,-0.8727163076400757,-0.15485425293445587,0.2316230684518814,-0.8958218097686768,-0.03368278965353966,0.3508033752441406,-0.8801881074905396,-0.14229454100131989,0.32303836941719055,-0.6195311546325684,-0.2011878490447998,0.272532194852829,-0.5428374409675598,-0.22598837316036224,0.0756838247179985,-0.9343448877334595,-0.03620730713009834,0.20784039795398712,-0.8231480717658997,-0.12096226215362549,0.18313701450824738,-0.5421875715255737,-0.1311337947845459,0.1260107308626175,-0.5187145471572876,-0.12283658981323242,-0.08090578019618988,-0.8821508288383484,-0.05768696963787079,0.04382894188165665,-0.7801490426063538,-0.14889205992221832,0.04567272216081619,-0.5275388360023499,-0.10840486735105515,0.0004278157721273601,-0.4963948428630829,-0.06467718631029129,-0.23447425663471222,-0.7826142311096191,-0.08724072575569153,-0.1227499321103096,-0.7184973359107971,-0.13148720562458038,-0.09193219244480133,-0.5310850739479065,-0.08344075828790665,-0.11833514273166656,-0.4863126277923584,-0.03264399245381355,HELP
0.0,0.0,0.0,0.21274633705615997,-0.10719160735607147,-0.07717382162809372,0.39463239908218384,-0.4092136025428772,-0.10602899640798569,0.4588219225406647,-0.6790503859519958,-0.13109630346298218,0.4621215760707855,-0.8756122589111328,-0.14052368700504303,0.23506295680999756,-0.892720103263855,-0.02435913123190403,0.3385694921016693,-0.9178325533866882,-0.13967759907245636,0.3385678827762604,-0.6451801061630249,-0.20540718734264374,0.3102533519268036,-0.48825258016586304,-0.22650602459907532,0.07801385968923569,-0.9155522584915161,-0.02360711060464382,0.19489672780036926,-0.847411572933197,-0.1183760017156601,0.1864115446805954,-0.5448319911956787,-0.13088271021842957,0.14764930307865143,-0.4219543933868408,-0.11584211140871048,-0.07973188161849976,-0.8656198978424072,-0.04305774345993996,0.033752184361219406,-0.7958072423934937,-0.13431045413017273,0.0454983115196228,-0.5299432873725891,-0.09065522253513336,0.022119496017694473,-0.41521018743515015,-0.037668626755476,-0.24086228013038635,-0.7681729793548584,-0.07113253325223923,-0.13766656816005707,-0.7443339824676514,-0.11424249410629272,-0.10095065832138062,-0.5488610863685608,-0.06500236690044403,-0.10634627938270569,-0.4576125144958496,-0.008799458853900433,HELP
0.0,0.0,0.0,0.21045470237731934,-0.12029807269573212,-0.08615346252918243,0.37657803297042847,-0.4004186987876892,-0.1163424625992775,0.43133801221847534,-0.6602693200111389,-0.13939127326011658,0.4559425413608551,-0.8755452632904053,-0.15980267524719238,0.21469102799892426,-0.7810662984848022,-0.03387998044490814,0.27590030431747437,-0.8871574401855469,-0.11604448407888412,0.35731685161590576,-0.8572154641151428,-0.1886776238679886,0.43397578597068787,-0.8039631247520447,-0.232879638671875,0.06988474726676941,-0.813142716884613,-0.024908490478992462,0.15451662242412567,-0.8518025279045105,-0.11189433932304382,0.21316567063331604,-0.7378938794136047,-0.1630600392818451,0.269996702671051,-0.6437568664550781,-0.1858128309249878,-0.08196317404508591,-0.7885152101516724,-0.03158511593937874,0.008338532410562038,-0.8347475528717041,-0.11210022866725922,0.09294767677783966,-0.7656859755516052,-0.1200147494673729,0.17195503413677216,-0.6953263878822327,-0.11332773417234421,-0.2395104020833969,-0.7042620182037354,-0.048072367906570435,-0.16088134050369263,-0.7422661781311035,-0.11129369586706161,-0.09634891897439957,-0.6676362752914429,-0.10873846709728241,-0.04204030707478523,-0.6026068925857544,-0.09291739761829376,HELP
0.0,0.0,0.0,0.199920192360878,-0.10020505636930466,-0.08508605509996414,0.3810886740684509,-0.38506996631622314,-0.12195593118667603,0.468021959066391,-0.6407048106193542,-0.15555723011493683,0.5262250900268555,-0.8212139010429382,-0.1716979742050171,0.2546181082725525,-0.8704033493995667,-0.017817525193095207,0.34389030933380127,-0.9307421445846558,-0.1243324875831604,0.362636923789978,-0.7277032732963562,-0.17768320441246033,0.36621415615081787,-0.6718738675117493,-0.19829770922660828,0.09867376834154129,-0.9065666794776917,-0.01856837421655655,0.19310951232910156,-0.869390606880188,-0.10771121829748154,0.17887327075004578,-0.584138035774231,-0.11071095615625381,0.14033453166484833,-0.565857470035553,-0.0943402349948883,-0.0656292513012886,-0.8675829768180847,-0.04129704087972641,0.020893484354019165,-0.8385987281799316,-0.13783137500286102,0.029028642922639847,-0.5829674601554871,-0.08450616896152496,-0.0018102552276104689,-0.5482591986656189,-0.030026374384760857,-0.24396821856498718,-0.7841104865074158,-0.07312531769275665,-0.16534535586833954,-0.777708888053894,-0.11931084096431732,-0.1265622079372406,-0.5824095010757446,-0.062447287142276764,-0.13756419718265533,-0.5261678695678711,-0.004562920890748501,HELP
0.0,0.0,0.0,0.21763816475868225,-0.12471586465835571,-0.07383116334676743,0.4040454030036926,-0.4434989392757416,-0.09498953074216843,0.4842516779899597,-0.729284405708313,-0.10969039797782898,0.411344438791275,-0.9049442410469055,-0.10895726084709167,0.21770982444286346,-0.8951708078384399,-0.028799012303352356,0.2990500032901764,-0.8941875696182251,-0.12389785051345825,0.2850167155265808,-0.6055914759635925,-0.1798488348722458,0.2500135898590088,-0.4971674680709839,-0.20461995899677277,0.06132226809859276,-0.9103010892868042,-0.028440209105610847,0.14089645445346832,-0.8498193621635437,-0.10227683186531067,0.14427226781845093,-0.5549685955047607,-0.10753602534532547,0.1158861368894577,-0.4772350490093231,-0.09760640561580658,-0.09823591262102127,-0.8553963303565979,-0.045916859060525894,-0.017549939453601837,-0.8000120520591736,-0.11888596415519714,0.009694133885204792,-0.5442833304405212,-0.07296469062566757,-0.007909678854048252,-0.4663413166999817,-0.0289242472499609,-0.25695493817329407,-0.7660669684410095,-0.07213322073221207,-0.17797212302684784,-0.7289837002754211,-0.10338658094406128,-0.13594992458820343,-0.5484525561332703,-0.05586196109652519,-0.13791389763355255,-0.4877656400203705,-0.008759223856031895,HELP
0.0,0.0,0.0,0.21175168454647064,-0.13797050714492798,-0.08239005506038666,0.38061562180519104,-0.40920689702033997,-0.11121824383735657,0.4627286195755005,-0.6630786657333374,-0.13810715079307556,0.470392107963562,-0.8675494194030762,-0.1615217924118042,0.21749542653560638,-0.7539441585540771,-0.007487882394343615,0.2612053453922272,-0.9249590039253235,-0.09143942594528198,0.3294166624546051,-0.8774713277816772,-0.16650798916816711,0.3875347673892975,-0.7962437272071838,-0.20731136202812195,0.07907301932573318,-0.7707522511482239,0.0007628721068613231,0.12510265409946442,-0.9250707626342773,-0.07288137823343277,0.1957048624753952,-0.8538367748260498,-0.12351872026920319,0.26363804936408997,-0.7674016952514648,-0.14990606904029846,-0.0725233256816864,-0.7512370944023132,-0.009523368440568447,-0.023223942145705223,-0.9155620336532593,-0.08108290284872055,0.06325268745422363,-0.8720237016677856,-0.08934338390827179,0.14161500334739685,-0.7881618738174438,-0.0829666405916214,-0.23743776977062225,-0.6852831244468689,-0.02941170148551464,-0.1963975727558136,-0.8444190621376038,-0.08428435772657394,-0.11655034869909286,-0.8444646000862122,-0.07966314256191254,-0.043738797307014465,-0.8056060671806335,-0.06335964053869247,HELP
0.0,0.0,0.0,0.20023676753044128,-0.12437169253826141,-0.09978505223989487,0.36826980113983154,-0.42927637696266174,-0.13830627501010895,0.441397488117218,-0.707266628742218,-0.17072297632694244,0.42546728253364563,-0.885875940322876,-0.18493613600730896,0.2066405713558197,-0.8651084303855896,-0.03167957440018654,0.3228307366371155,-0.8964900970458984,-0.1539633870124817,0.29392585158348083,-0.6170920729637146,-0.21844132244586945,0.23552729189395905,-0.5268612504005432,-0.2446235567331314,0.0619354210793972,-0.8795677423477173,-0.029767252504825592,0.18159782886505127,-0.8622888922691345,-0.13533543050289154,0.16228437423706055,-0.5545692443847656,-0.14146050810813904,0.10606678575277328,-0.5030154585838318,-0.12548962235450745,-0.09123614430427551,-0.8324970006942749,-0.05233793705701828,0.021749960258603096,-0.8316779136657715,-0.1634642332792282,0.026980413123965263,-0.5481010675430298,-0.10685043781995773,-0.019169805571436882,-0.47314196825027466,-0.046328164637088776,-0.26094916462898254,-0.7458014488220215,-0.08484838157892227,-0.1598072201013565,-0.7640066146850586,-0.14327865839004517,-0.12632915377616882,-0.5524581670761108,-0.08622221648693085,-0.14703461527824402,-0.47058606147766113,-0.026346946135163307,HELP
0.0,0.0,0.0,0.21256154775619507,-0.1122603490948677,-0.08943821489810944,0.40598243474960327,-0.4150376617908478,-0.12045541405677795,0.4947153329849243,-0.7066081762313843,-0.1450725644826889,0.43855059146881104,-0.8850170373916626,-0.15626327693462372,0.23328304290771484,-0.8517080545425415,-0.027082784101366997,0.31404367089271545,-0.9002059102058411,-0.12826502323150635,0.2911091446876526,-0.6355568170547485,-0.19154980778694153,0.2472236305475235,-0.5114753246307373,-0.2189197838306427,0.08255192637443542,-0.8690118789672852,-0.020063096657395363,0.15143339335918427,-0.8679082989692688,-0.10592955350875854,0.14548316597938538,-0.5810925364494324,-0.12123990058898926,0.11664178967475891,-0.4733849763870239,-0.11271248012781143,-0.07670596987009048,-0.8232866525650024,-0.032541703432798386,-0.017429478466510773,-0.8317314982414246,-0.11824846267700195,0.012455369345843792,-0.5719416737556458,-0.07826998829841614,0.00600015465170145,-0.4569394290447235,-0.031267158687114716,-0.24632544815540314,-0.7390556335449219,-0.054065145552158356,-0.18603387475013733,-0.7590428590774536,-0.10038463026285172,-0.12741342186927795,-0.5700094699859619,-0.05627812445163727,-0.10847416520118713,-0.4733981490135193,-0.005711345002055168,HELP
0.0,0.0,0.0,0.21222805976867676,-0.13629837334156036,-0.0969914123415947,0.38118547201156616,-0.41672655940055847,-0.1355280876159668,0.459079772233963,-0.6936900615692139,-0.17334726452827454,0.40382570028305054,-0.8921812772750854,-0.20232999324798584,0.2121288925409317,-0.7858176231384277,-0.018073586747050285,0.26436561346054077,-0.9255760312080383,-0.1440124213695526,0.2788488268852234,-0.7198399305343628,-0.23547521233558655,0.26932138204574585,-0.5311968326568604,-0.2732242941856384,0.06958633661270142,-0.7954117655754089,-0.009690554812550545,0.11912202090024948,-0.9115865230560303,-0.13184472918510437,0.13669805228710175,-0.677135705947876,-0.1843487024307251,0.13613449037075043,-0.49135300517082214,-0.19172260165214539,-0.08299271017313004,-0.7574031352996826,-0.024404970929026604,-0.044451575726270676,-0.8825440406799316,-0.1313326507806778,-0.000977126881480217,-0.6919559240341187,-0.124551922082901,0.020512716844677925,-0.5181437134742737,-0.09101789444684982,-0.2507573366165161,-0.6744052767753601,-0.049232520163059235,-0.22451332211494446,-0.7923192381858826,-0.12017550319433212,-0.16704551875591278,-0.6655651926994324,-0.10427398234605789,-0.13157497346401215,-0.5334352850914001,-0.0685269832611084,HELP
0.0,0.0,0.0,0.2029830366373062,-0.12633705139160156,-0.10017410665750504,0.38507556915283203,-0.4367203116416931,-0.13379734754562378,0.46154385805130005,-0.7272135615348816,-0.15802016854286194,0.37938031554222107,-0.9102765321731567,-0.16573219001293182,0.24025855958461761,-0.8317432999610901,-0.04863572120666504,0.26769816875457764,-0.906704843044281,-0.16158908605575562,0.26999208331108093,-0.640933096408844,-0.22173626720905304,0.2543608844280243,-0.5325043201446533,-0.24400578439235687,0.08328823000192642,-0.8496748208999634,-0.03806079179048538,0.10463280230760574,-0.8647447824478149,-0.13414643704891205,0.12235300242900848,-0.5661808252334595,-0.13997450470924377,0.11250384151935577,-0.48867669701576233,-0.12363370507955551,-0.07894232869148254,-0.8065685033798218,-0.04951583594083786,-0.0660879835486412,-0.8282990455627441,-0.14734570682048798,-0.024194762110710144,-0.5602317452430725,-0.09600669890642166,-0.017742609605193138,-0.4746444821357727,-0.04097725450992584,-0.24673353135585785,-0.7302584052085876,-0.07071533054113388,-0.22554153203964233,-0.7525047659873962,-0.12442535907030106,-0.1708032786846161,-0.5593819618225098,-0.07598311454057693,-0.14961856603622437,-0.48363789916038513,-0.022204026579856873,HELP
0.0,0.0,0.0,0.18582670390605927,-0.09763199836015701,-0.13297513127326965,0.36034685373306274,-0.38463282585144043,-0.1838642805814743,0.44595077633857727,-0.6722067594528198,-0.22149060666561127,0.40564796328544617,-0.8830447196960449,-0.23596994578838348,0.278028279542923,-0.8080202341079712,-0.06686447560787201,0.29144641757011414,-0.9066827893257141,-0.1947116255760193,0.26769596338272095,-0.6444718241691589,-0.25161999464035034,0.2459457963705063,-0.5817188024520874,-0.27312642335891724,0.11555404961109161,-0.8383292555809021,-0.04909106343984604,0.1187761053442955,-0.8835443258285522,-0.16434906423091888,0.11447829008102417,-0.5762556195259094,-0.1635192334651947,0.11018918454647064,-0.5608251690864563,-0.13965214788913727,-0.053564079105854034,-0.8050073385238647,-0.05935504660010338,-0.05528184026479721,-0.8500571250915527,-0.18106095492839813,-0.02888268046081066,-0.5722547769546509,-0.11998344212770462,-0.01701885275542736,-0.5386936068534851,-0.05575079098343849,-0.23059026896953583,-0.7377227544784546,-0.08256319165229797,-0.2213164120912552,-0.7510215640068054,-0.1541261374950409,-0.17085935175418854,-0.5575540065765381,-0.106852687895298,-0.1402004510164261,-0.5181925892829895,-0.05274796858429909,HELP
0.0,0.0,0.0,0.2077457755804062,-0.1286848932504654,-0.10344910621643066,0.3853563964366913,-0.4293856918811798,-0.14418581128120422,0.4524427652359009,-0.7155872583389282,-0.17634925246238708,0.3804362118244171,-0.9042409658432007,-0.19394980370998383,0.2355579435825348,-0.8601504564285278,-0.04787922278046608,0.28525644540786743,-0.8885572552680969,-0.17209160327911377,0.26160579919815063,-0.607105016708374,-0.24549055099487305,0.22876067459583282,-0.4654844105243683,-0.2743411064147949,0.07645051926374435,-0.8721726536750793,-0.03891631215810776,0.13274171948432922,-0.8694222569465637,-0.15100376307964325,0.12752540409564972,-0.5629087686538696,-0.16873116791248322,0.10740233212709427,-0.4322912395000458,-0.15451227128505707,-0.0839628353714943,-0.8271645307540894,-0.052456241101026535,-0.03317318111658096,-0.8249210119247437,-0.16115839779376984,-0.005962627474218607,-0.5536136031150818,-0.12000902742147446,-0.004176698625087738,-0.426337867975235,-0.06520459800958633,-0.2439514845609665,-0.7452501654624939,-0.07630357891321182,-0.19083884358406067,-0.7557276487350464,-0.13960273563861847,-0.14334198832511902,-0.5549558997154236,-0.09955989569425583,-0.12503208220005035,-0.451864093542099,-0.04788486659526825,HELP
0.0,0.0,0.0,0.20270343124866486,-0.12109729647636414,-0.11320684105157852,0.3777163326740265,-0.4286886155605316,-0.15506921708583832,0.44392088055610657,-0.7158135175704956,-0.18599075078964233,0.3723313510417938,-0.9061673283576965,-0.20057475566864014,0.23898088932037354,-0.8471859693527222,-0.05546188727021217,0.2644789218902588,-0.8785889148712158,-0.18028761446475983,0.2534847557544708,-0.6209633350372314,-0.24888774752616882,0.22404317557811737,-0.48998674750328064,-0.27278435230255127,0.07692592591047287,-0.8661801218986511,-0.04041454941034317,0.1066075786948204,-0.8461378216743469,-0.1519649177789688,0.11820776015520096,-0.5422345995903015,-0.1646934300661087,0.10854505747556686,-0.4354371130466461,-0.14628158509731293,-0.08547642081975937,-0.8174351453781128,-0.048923343420028687,-0.06266868859529495,-0.8002895712852478,-0.16424678266048431,-0.017632141709327698,-0.5201669931411743,-0.12022774666547775,-0.0003142829518765211,-0.4033850431442261,-0.06103947013616562,-0.24808795750141144,-0.7270148396492004,-0.06798109412193298,-0.21871966123580933,-0.7299980521202087,-0.1402723640203476,-0.157643124461174,-0.5281752943992615,-0.10159110277891159,-0.12475138157606125,-0.4328521192073822,-0.047817718237638474,HELP
0.0,0.0,0.0,0.20255523920059204,-0.12281491607427597,-0.11126787215471268,0.3718080222606659,-0.42517560720443726,-0.15092439949512482,0.44100451469421387,-0.7192765474319458,-0.18046735227108002,0.3670433759689331,-0.910115122795105,-0.1922750025987625,0.26556631922721863,-0.8416805863380432,-0.04699324443936348,0.26022401452064514,-0.8762818574905396,-0.16948693990707397,0.24867254495620728,-0.6240495443344116,-0.23742693662643433,0.22722434997558594,-0.5201433897018433,-0.26334911584854126,0.09499102085828781,-0.8683041334152222,-0.03361903503537178,0.09264853596687317,-0.8593572974205017,-0.14706280827522278,0.11118417233228683,-0.5503970384597778,-0.16027049720287323,0.1124134436249733,-0.4541674256324768,-0.14124977588653564,-0.07373935729265213,-0.825511634349823,-0.04374179616570473,-0.07528295367956161,-0.8214470744132996,-0.16318915784358978,-0.02231759950518608,-0.5252439975738525,-0.11896520107984543,0.004526942037045956,-0.4060182571411133,-0.0581570565700531,-0.23933380842208862,-0.7383154630661011,-0.06472904980182648,-0.22467045485973358,-0.7311822772026062,-0.14490945637226105,-0.15715846419334412,-0.528992772102356,-0.11226700246334076,-0.1136569231748581,-0.44245341420173645,-0.06103123724460602,HELP
0.0,0.0,0.0,0.20717798173427582,-0.13193508982658386,-0.10973461717367172,0.3688921630382538,-0.43467286229133606,-0.15031729638576508,0.42835500836372375,-0.7183546423912048,-0.18152472376823425,0.3593410849571228,-0.9123064279556274,-0.1963951587677002,0.24917356669902802,-0.8638537526130676,-0.04607047513127327,0.2574912905693054,-0.8528189063072205,-0.1749260127544403,0.2406710833311081,-0.5953845977783203,-0.2517635226249695,0.2127084583044052,-0.4595354497432709,-0.28073176741600037,0.08177488297224045,-0.8921633362770081,-0.03328424692153931,0.10062476992607117,-0.8429070711135864,-0.153353750705719,0.10452444851398468,-0.5401495099067688,-0.17601750791072845,0.09743914753198624,-0.40694746375083923,-0.16043703258037567,-0.08285315334796906,-0.8445799350738525,-0.04392096772789955,-0.06689614802598953,-0.8037251234054565,-0.16182415187358856,-0.025852380320429802,-0.5252325534820557,-0.12596073746681213,-0.0009151518461294472,-0.3922649323940277,-0.06941556930541992,-0.24354906380176544,-0.7463962435722351,-0.06577375531196594,-0.21956397593021393,-0.7195723056793213,-0.1430950164794922,-0.15614600479602814,-0.5299095511436462,-0.1141529455780983,-0.11043918132781982,-0.44181498885154724,-0.06488044559955597,HELP
0.0,0.0,0.0,0.20008140802383423,-0.11674340069293976,-0.11454961448907852,0.3651528060436249,-0.4323021471500397,-0.15585018694400787,0.42508700489997864,-0.7235757112503052,-0.1846722960472107,0.3526048958301544,-0.9147844910621643,-0.19707676768302917,0.23433104157447815,-0.8743879795074463,-0.06474720686674118,0.26361560821533203,-0.8678296208381653,-0.19211800396442413,0.23541973531246185,-0.594592273235321,-0.26397353410720825,0.19428887963294983,-0.4746510684490204,-0.2928513288497925,0.06054173409938812,-0.8997275829315186,-0.051125116646289825,0.09719495475292206,-0.8564956784248352,-0.1599162518978119,0.09782499819993973,-0.5468253493309021,-0.1722751408815384,0.0762978047132492,-0.45495250821113586,-0.15777403116226196,-0.10947182029485703,-0.8452610373497009,-0.06058651581406593,-0.07577493041753769,-0.8198796510696411,-0.17371201515197754,-0.03923296555876732,-0.5390870571136475,-0.12953701615333557,-0.03825293108820915,-0.44098201394081116,-0.0748375728726387,-0.2770293056964874,-0.7449687719345093,-0.08080358803272247,-0.23798352479934692,-0.7324543595314026,-0.152544766664505,-0.17769266664981842,-0.5365344285964966,-0.11471531540155411,-0.15388500690460205,-0.4627600610256195,-0.06457454711198807,HELP
0.0,0.0,0.0,0.20170335471630096,-0.11450326442718506,-0.1171315386891365,0.3750602900981903,-0.4254375994205475,-0.1598905771970749,0.4393772482872009,-0.7224413752555847,-0.1901395618915558,0.35572323203086853,-0.9119637608528137,-0.20440934598445892,0.2335832118988037,-0.8429529070854187,-0.06755466014146805,0.2524455487728119,-0.8722103238105774,-0.19449137151241302,0.23746857047080994,-0.6064916253089905,-0.2648153603076935,0.20748820900917053,-0.47337451577186584,-0.29058608412742615,0.06663056463003159,-0.8574220538139343,-0.05170362442731857,0.08805729448795319,-0.8624550700187683,-0.16702257096767426,0.10239015519618988,-0.5545609593391418,-0.18241527676582336,0.09331671893596649,-0.4429764151573181,-0.16554363071918488,-0.09644342958927155,-0.8038960099220276,-0.05820862948894501,-0.08799882978200912,-0.823527455329895,-0.17513911426067352,-0.03570755571126938,-0.5416145324707031,-0.13082075119018555,-0.018139494583010674,-0.42447629570961,-0.07158143818378448,-0.26094165444374084,-0.7104618549346924,-0.07523791491985321,-0.24237006902694702,-0.734170138835907,-0.1506597250699997,-0.17388774454593658,-0.5427651405334473,-0.11233016848564148,-0.13906851410865784,-0.45601969957351685,-0.05848797410726547,HELP
0.0,0.0,0.0,0.2158994972705841,-0.13353002071380615,-0.09735112637281418,0.3906513750553131,-0.45123985409736633,-0.1314714252948761,0.452108770608902,-0.7410808801651001,-0.1566409468650818,0.3632280230522156,-0.9164722561836243,-0.16776211559772491,0.22722512483596802,-0.8826874494552612,-0.04701681435108185,0.25093382596969604,-0.8858008980751038,-0.16336046159267426,0.23464138805866241,-0.6172084808349609,-0.2327125519514084,0.20604796707630157,-0.48261651396751404,-0.259864866733551,0.05530126020312309,-0.8941096067428589,-0.03904245048761368,0.08436410129070282,-0.8732994198799133,-0.14513157308101654,0.09681173413991928,-0.5619181394577026,-0.16245874762535095,0.09078077226877213,-0.4322594702243805,-0.1484551876783371,-0.11026804149150848,-0.8314421772956848,-0.05082417652010918,-0.09124772250652313,-0.838897168636322,-0.16037088632583618,-0.04234357550740242,-0.5554403066635132,-0.12079627811908722,-0.024787310510873795,-0.4235420525074005,-0.06591556966304779,-0.2728789448738098,-0.7254549264907837,-0.07136517763137817,-0.24889443814754486,-0.7479098439216614,-0.1448579728603363,-0.17907854914665222,-0.5476210117340088,-0.1074751764535904,-0.14052820205688477,-0.44802340865135193,-0.054231930524110794,HELP
0.0,0.0,0.0,0.1952180713415146,-0.11500313133001328,-0.11750766634941101,0.37198883295059204,-0.4180592894554138,-0.166191965341568,0.451142281293869,-0.6982924342155457,-0.203387051820755,0.39853373169898987,-0.8899350166320801,-0.22178032994270325,0.25580358505249023,-0.8852553963661194,-0.06041107699275017,0.2826576232910156,-0.892811119556427,-0.19582334160804749,0.2567889392375946,-0.617401123046875,-0.2725178003311157,0.22042454779148102,-0.4747721254825592,-0.30042630434036255,0.08237747848033905,-0.9143711924552917,-0.04626798257231712,0.10815024375915527,-0.8783028721809387,-0.15954110026359558,0.11355096846818924,-0.5669108033180237,-0.1715097576379776,0.10851002484560013,-0.4565354585647583,-0.15404129028320312,-0.0910339429974556,-0.8621291518211365,-0.05692574754357338,-0.07240881025791168,-0.8436673879623413,-0.1742769181728363,-0.030102094635367393,-0.5569702386856079,-0.12794306874275208,-0.010295109823346138,-0.43801501393318176,-0.06837202608585358,-0.26351675391197205,-0.763903796672821,-0.07890373468399048,-0.23942208290100098,-0.7633554339408875,-0.15290309488773346,-0.17413531243801117,-0.5577254891395569,-0.11184627562761307,-0.13559883832931519,-0.46314024925231934,-0.05644269660115242,HELP
0.0,0.0,0.0,0.2066003382205963,-0.12684708833694458,-0.10034291446208954,0.3803735375404358,-0.4408968389034271,-0.14011834561824799,0.4531114995479584,-0.7288951277732849,-0.17132534086704254,0.3747093081474304,-0.9083042144775391,-0.18594735860824585,0.23902416229248047,-0.8947222828865051,-0.049690719693899155,0.2854767441749573,-0.8898115754127502,-0.17900526523590088,0.25461602210998535,-0.6015152335166931,-0.25459811091423035,0.21418297290802002,-0.46112939715385437,-0.28424376249313354,0.06432391703128815,-0.9251331686973572,-0.044174060225486755,0.11259499192237854,-0.8683232069015503,-0.14161382615566254,0.10915327072143555,-0.568739116191864,-0.1507752388715744,0.09100355952978134,-0.4856225848197937,-0.13818812370300293,-0.10984448343515396,-0.869126558303833,-0.061962682753801346,-0.06474953889846802,-0.8291879296302795,-0.16195163130760193,-0.03274775668978691,-0.5681118965148926,-0.11607600748538971,-0.028452863916754723,-0.4898708164691925,-0.06517161428928375,-0.28193390369415283,-0.766211211681366,-0.09018946439027786,-0.23625390231609344,-0.7482089996337891,-0.14612294733524323,-0.17491072416305542,-0.5618273019790649,-0.1008865088224411,-0.14824381470680237,-0.4947110712528229,-0.04949560388922691,HELP
0.0,0.0,0.0,0.2197081595659256,-0.14513112604618073,-0.07135464996099472,0.3969555199146271,-0.47389310598373413,-0.09819921851158142,0.4643838703632355,-0.7586309313774109,-0.1230367049574852,0.37220993638038635,-0.9176492691040039,-0.13921043276786804,0.1950734406709671,-0.921515166759491,-0.022737905383110046,0.26594385504722595,-0.9000334739685059,-0.13321644067764282,0.2536984980106354,-0.6200029253959656,-0.213224858045578,0.21947160363197327,-0.452019065618515,-0.24749669432640076,0.028585107997059822,-0.927757978439331,-0.02460499107837677,0.10581627488136292,-0.8634811639785767,-0.11209291219711304,0.1132085770368576,-0.5692500472068787,-0.13718566298484802,0.10070627927780151,-0.41007742285728455,-0.13444314897060394,-0.1366087645292282,-0.8587350845336914,-0.04380625858902931,-0.06808364391326904,-0.8104678988456726,-0.12934298813343048,-0.025873400270938873,-0.5466437339782715,-0.0992191806435585,-0.010642049834132195,-0.39237257838249207,-0.05689902976155281,-0.30040231347084045,-0.7456549406051636,-0.07102042436599731,-0.24109339714050293,-0.730289876461029,-0.12327785044908524,-0.16967128217220306,-0.5335429310798645,-0.08686483651399612,-0.13012287020683289,-0.41341444849967957,-0.03924853727221489,HELP
0.0,0.0,0.0,0.21890339255332947,-0.16781821846961975,-0.06747037917375565,0.40381482243537903,-0.5034411549568176,-0.08769360184669495,0.47051575779914856,-0.7945244908332825,-0.10396364331245422,0.3583655059337616,-0.9275475740432739,-0.10596995055675507,0.20235200226306915,-0.9144001007080078,-0.008527526631951332,0.28862571716308594,-0.9083271622657776,-0.09966549277305603,0.27403444051742554,-0.6348657608032227,-0.16094912588596344,0.23280589282512665,-0.5429356694221497,-0.19169697165489197,0.0442235991358757,-0.9267247915267944,-0.011206534691154957,0.1204988956451416,-0.8639928698539734,-0.08082585781812668,0.12800399959087372,-0.5845011472702026,-0.0914001315832138,0.10484197735786438,-0.5114197134971619,-0.0858517736196518,-0.11224707961082458,-0.8671355247497559,-0.03134253993630409,-0.04717090725898743,-0.8203720450401306,-0.1016385480761528,-0.009698157198727131,-0.5668321251869202,-0.05850560963153839,-0.013797875493764877,-0.48056089878082275,-0.01559196412563324,-0.26623329520225525,-0.7715809941291809,-0.05997049808502197,-0.20751285552978516,-0.7567422389984131,-0.09193141758441925,-0.15296833217144012,-0.5691707730293274,-0.04341600462794304,-0.13615602254867554,-0.49064716696739197,0.00588233582675457,HELP
0.0,0.0,0.0,0.21016256511211395,-0.15139032900333405,-0.07967396825551987,0.38720446825027466,-0.47572097182273865,-0.10773628205060959,0.4490230083465576,-0.7840854525566101,-0.13188917934894562,0.33302682638168335,-0.9318348169326782,-0.14414197206497192,0.21411657333374023,-0.8155980706214905,-0.0319669209420681,0.25286078453063965,-0.9164576530456543,-0.1448536217212677,0.24950362741947174,-0.6460353136062622,-0.21221467852592468,0.21966686844825745,-0.4903131425380707,-0.23703326284885406,0.05984390899538994,-0.8202890157699585,-0.0308206919580698,0.08592427521944046,-0.9002484083175659,-0.12774300575256348,0.10511952638626099,-0.6002308130264282,-0.146858811378479,0.09271521866321564,-0.471942275762558,-0.13724853098392487,-0.09599924087524414,-0.7698235511779785,-0.04827800393104553,-0.08258284628391266,-0.85573410987854,-0.14569400250911713,-0.02851361408829689,-0.582846462726593,-0.10667166113853455,-0.019270071759819984,-0.4535461366176605,-0.05630689859390259,-0.26216933131217957,-0.6853607296943665,-0.07281174510717392,-0.23612244427204132,-0.7624637484550476,-0.130178764462471,-0.1647762656211853,-0.565455973148346,-0.08649205416440964,-0.13631753623485565,-0.4551234543323517,-0.034403245896101,HELP
0.0,0.0,0.0,0.20892782509326935,-0.13463062047958374,-0.09672517329454422,0.37659192085266113,-0.45548248291015625,-0.13313299417495728,0.4363428056240082,-0.7523664236068726,-0.16289496421813965,0.3368583619594574,-0.9239916205406189,-0.18101389706134796,0.2185996025800705,-0.8698386549949646,-0.044732943177223206,0.2407856285572052,-0.8901932239532471,-0.17028526961803436,0.23073884844779968,-0.6238961815834045,-0.24943958222866058,0.20458722114562988,-0.46439287066459656,-0.27936774492263794,0.04857953265309334,-0.8842851519584656,-0.03642953187227249,0.0748448520898819,-0.8623924255371094,-0.14565777778625488,0.08938467502593994,-0.5562530755996704,-0.1688971370458603,0.0863720253109932,-0.4111825227737427,-0.15753892064094543,-0.11542581021785736,-0.8246219754219055,-0.04884721338748932,-0.09668083488941193,-0.8168128728866577,-0.1571435034275055,-0.04414650425314903,-0.5455451011657715,-0.1254391074180603,-0.017620325088500977,-0.40589243173599243,-0.07533346861600876,-0.27614450454711914,-0.720986008644104,-0.07042359560728073,-0.2516814172267914,-0.7194020748138428,-0.1417040228843689,-0.17436158657073975,-0.5283833146095276,-0.11135683953762054,-0.12432830035686493,-0.42714712023735046,-0.06353741139173508,HELP
0.0,0.0,0.0,0.21443453431129456,-0.13457007706165314,-0.11012329161167145,0.3847779333591461,-0.46922603249549866,-0.14864550530910492,0.4338721036911011,-0.76250159740448,-0.17570102214813232,0.3404603600502014,-0.9213461875915527,-0.18763776123523712,0.22982223331928253,-0.8782368302345276,-0.061340559273958206,0.25741034746170044,-0.8809526562690735,-0.1877535730600357,0.23906905949115753,-0.6169423460960388,-0.2600969970226288,0.20761191844940186,-0.45940274000167847,-0.28517094254493713,0.05527210980653763,-0.8995663523674011,-0.0460011325776577,0.09328220784664154,-0.8648083209991455,-0.15795916318893433,0.10426035523414612,-0.5559694170951843,-0.17308416962623596,0.1014258936047554,-0.41282498836517334,-0.15511684119701385,-0.11236575990915298,-0.8427183032035828,-0.05281142517924309,-0.08106007426977158,-0.8228761553764343,-0.16554412245750427,-0.03818386420607567,-0.544593334197998,-0.12614169716835022,-0.01851763390004635,-0.4071138799190521,-0.06895715743303299,-0.27731165289878845,-0.7417284846305847,-0.06988459825515747,-0.2469862699508667,-0.7525334358215332,-0.14163483679294586,-0.18147602677345276,-0.5589351654052734,-0.10523296147584915,-0.14352749288082123,-0.46110042929649353,-0.0523783341050148,HELP
0.0,0.0,0.0,0.2171703428030014,-0.13863471150398254,-0.09278709441423416,0.39896491169929504,-0.4829069972038269,-0.1216525286436081,0.45723775029182434,-0.7850018739700317,-0.14168870449066162,0.34679126739501953,-0.9265255928039551,-0.14589810371398926,0.22430714964866638,-0.8814205527305603,-0.04761865735054016,0.25341156125068665,-0.8988137245178223,-0.15657544136047363,0.2461952269077301,-0.6162278652191162,-0.21478737890720367,0.22057093679904938,-0.49386996030807495,-0.2355649769306183,0.05105402693152428,-0.8888117074966431,-0.040573131293058395,0.0833079144358635,-0.8683522939682007,-0.13603012263774872,0.10839912295341492,-0.5559685826301575,-0.14270834624767303,0.10090765357017517,-0.45179468393325806,-0.1242206022143364,-0.11417968571186066,-0.822971761226654,-0.0530584342777729,-0.08644415438175201,-0.8170422315597534,-0.15230870246887207,-0.027824360877275467,-0.531203031539917,-0.10542949289083481,-0.014719557017087936,-0.41857239603996277,-0.04903175309300423,-0.2767169773578644,-0.721197247505188,-0.074250228703022,-0.24767851829528809,-0.7429203987121582,-0.1308387666940689,-0.17713657021522522,-0.5540708303451538,-0.08579855412244797,-0.14643891155719757,-0.4737236499786377,-0.031821269541978836,HELP
0.0,0.0,0.0,0.20899002254009247,-0.12419836968183517,-0.09818167239427567,0.3848416209220886,-0.44519561529159546,-0.13172343373298645,0.463415265083313,-0.7418214082717896,-0.1576700061559677,0.3698697090148926,-0.9130480289459229,-0.1718711107969284,0.2400170862674713,-0.8890264630317688,-0.043489255011081696,0.24243418872356415,-0.8875086903572083,-0.16643352806568146,0.21840916574001312,-0.6229543089866638,-0.244065523147583,0.19461646676063538,-0.4700024127960205,-0.2741698920726776,0.06654340773820877,-0.913049042224884,-0.03352918103337288,0.07214320451021194,-0.8682442307472229,-0.14692075550556183,0.07302901148796082,-0.5508305430412292,-0.16823233664035797,0.07456288486719131,-0.3963325619697571,-0.15309515595436096,-0.10248192399740219,-0.857177197933197,-0.044813122600317,-0.10437926650047302,-0.841292142868042,-0.1578768640756607,-0.06814239919185638,-0.5528456568717957,-0.12302403897047043,-0.041849762201309204,-0.4069899320602417,-0.06784683465957642,-0.2683734893798828,-0.7572025656700134,-0.06544628739356995,-0.2555314898490906,-0.7645003795623779,-0.1394890546798706,-0.19440031051635742,-0.5548301935195923,-0.10581357032060623,-0.15149374306201935,-0.4471763074398041,-0.05354682728648186,HELP
0.0,0.0,0.0,0.21871952712535858,-0.1332649439573288,-0.09497930109500885,0.39419230818748474,-0.45394864678382874,-0.1313483864068985,0.4595332443714142,-0.7539992928504944,-0.1595967411994934,0.35344547033309937,-0.9184839129447937,-0.17737947404384613,0.23790401220321655,-0.896300196647644,-0.05586366355419159,0.24971675872802734,-0.8832506537437439,-0.1812417060136795,0.22768111526966095,-0.6051452159881592,-0.2646714150905609,0.20116488635540009,-0.4225398600101471,-0.29747310280799866,0.06087628751993179,-0.9193218946456909,-0.046534959226846695,0.07720441371202469,-0.8468347787857056,-0.1538616269826889,0.08429408818483353,-0.5407013893127441,-0.17923316359519958,0.08896861225366592,-0.372351735830307,-0.17041394114494324,-0.10934164375066757,-0.8605064153671265,-0.0566541813313961,-0.09692808240652084,-0.8067886233329773,-0.15688320994377136,-0.058467164635658264,-0.5366734862327576,-0.1276504546403885,-0.03093215636909008,-0.3917897045612335,-0.08134723454713821,-0.2730823755264282,-0.757147490978241,-0.07637143135070801,-0.2489086389541626,-0.7323842644691467,-0.13900309801101685,-0.18937653303146362,-0.5310467481613159,-0.10768920928239822,-0.14887019991874695,-0.424506813287735,-0.0608375184237957,HELP
0.0,0.0,0.0,0.21170221269130707,-0.1322171539068222,-0.08880628645420074,0.3941803574562073,-0.46648502349853516,-0.11931146681308746,0.4678192734718323,-0.7715680003166199,-0.14117074012756348,0.3576885461807251,-0.9221577644348145,-0.14725442230701447,0.22821681201457977,-0.9251167178153992,-0.04487714543938637,0.2655200660228729,-0.8968697190284729,-0.15536652505397797,0.24307529628276825,-0.6084852814674377,-0.22169926762580872,0.2096301168203354,-0.48732537031173706,-0.25014376640319824,0.05347995460033417,-0.948936402797699,-0.04019487649202347,0.0901288166642189,-0.8580721616744995,-0.1315235197544098,0.09902412444353104,-0.5590324997901917,-0.14319096505641937,0.0893578752875328,-0.4676434397697449,-0.13182665407657623,-0.11445116996765137,-0.8874619007110596,-0.05480328947305679,-0.08019166439771652,-0.810452938079834,-0.1421128511428833,-0.03845204785466194,-0.5453729033470154,-0.10084821283817291,-0.026995571330189705,-0.45884549617767334,-0.05396972969174385,-0.272847056388855,-0.7849338054656982,-0.07969532907009125,-0.22947955131530762,-0.7302212715148926,-0.12407214939594269,-0.17254672944545746,-0.5474271774291992,-0.0842941552400589,-0.14625446498394012,-0.4894335865974426,-0.03817861154675484,HELP
0.0,0.0,0.0,0.22389043867588043,-0.12985815107822418,-0.09921173751354218,0.4106311798095703,-0.46005183458328247,-0.13496312499046326,0.48069170117378235,-0.7599954009056091,-0.16156798601150513,0.3731752634048462,-0.9108771681785583,-0.17619016766548157,0.23949718475341797,-0.9126173257827759,-0.05616072565317154,0.27074408531188965,-0.8877090811729431,-0.17744621634483337,0.2443390041589737,-0.6099259257316589,-0.25315675139427185,0.21032771468162537,-0.4614793360233307,-0.2842438817024231,0.06023925915360451,-0.9298696517944336,-0.047411903738975525,0.09471075981855392,-0.8703446984291077,-0.15996506810188293,0.098203644156456,-0.5511246919631958,-0.18191884458065033,0.09337645024061203,-0.40225258469581604,-0.1693476289510727,-0.10819148272275925,-0.8670489192008972,-0.058051947504282,-0.07863505184650421,-0.832338809967041,-0.17080293595790863,-0.03726332634687424,-0.5387279391288757,-0.13780364394187927,-0.014575221575796604,-0.3948555290699005,-0.08514103293418884,-0.2694465219974518,-0.7604222297668457,-0.07785265892744064,-0.23470765352249146,-0.7473812103271484,-0.15091902017593384,-0.16802722215652466,-0.5401155352592468,-0.1192888543009758,-0.12479767948389053,-0.4392405152320862,-0.0698525607585907,HELP
0.0,0.0,0.0,0.22327668964862823,-0.13353067636489868,-0.08812133967876434,0.3993142545223236,-0.4507712423801422,-0.12096715718507767,0.4720948338508606,-0.7370321750640869,-0.1477426141500473,0.3843322694301605,-0.9085817337036133,-0.1636091023683548,0.23604927957057953,-0.9166110754013062,-0.040997155010700226,0.2710235118865967,-0.8783800601959229,-0.15687605738639832,0.2501841187477112,-0.6178465485572815,-0.2339533120393753,0.21784773468971252,-0.472919225692749,-0.26657724380493164,0.05835598334670067,-0.9332625269889832,-0.035797324031591415,0.10493576526641846,-0.851912796497345,-0.1378975361585617,0.112984299659729,-0.551199197769165,-0.16110637784004211,0.10640836507081985,-0.40157321095466614,-0.15257138013839722,-0.10968058556318283,-0.8679876327514648,-0.049302443861961365,-0.06268292665481567,-0.8096175193786621,-0.1528698354959488,-0.018929818645119667,-0.5265536308288574,-0.12231330573558807,0.0011035397183150053,-0.3758675158023834,-0.07391959428787231,-0.2670338749885559,-0.7552751302719116,-0.0716916024684906,-0.21545037627220154,-0.7312228083610535,-0.14021672308444977,-0.15079084038734436,-0.5291406512260437,-0.10980848968029022,-0.11457204073667526,-0.42373040318489075,-0.06231837347149849,HELP
0.0,0.0,0.0,0.23708130419254303,-0.1468927413225174,-0.08930625766515732,0.4146025478839874,-0.45406192541122437,-0.12255604565143585,0.48047658801078796,-0.7359453439712524,-0.14995822310447693,0.3904426097869873,-0.9052031636238098,-0.1678144633769989,0.2543036937713623,-0.9105643033981323,-0.04261484742164612,0.2832426428794861,-0.8851311802864075,-0.16346290707588196,0.2498779445886612,-0.6286572217941284,-0.24701917171478271,0.21016240119934082,-0.45031851530075073,-0.282449871301651,0.07233034819364548,-0.9361439347267151,-0.03772537782788277,0.11182265728712082,-0.867336094379425,-0.1510745733976364,0.10833801329135895,-0.562181293964386,-0.18384231626987457,0.10101509094238281,-0.37662211060523987,-0.1776057481765747,-0.09873954206705093,-0.8738811612129211,-0.05118804797530174,-0.06427326798439026,-0.8233000636100769,-0.16050076484680176,-0.02699590101838112,-0.542061984539032,-0.1351660192012787,-0.0009121999610215425,-0.3759025037288666,-0.08677525073289871,-0.25916141271591187,-0.7573666572570801,-0.07346577197313309,-0.22110173106193542,-0.7479543685913086,-0.14668887853622437,-0.15684440732002258,-0.5539144277572632,-0.11810056865215302,-0.11238262802362442,-0.4469589591026306,-0.06963155418634415,HELP
0.0,0.0,0.0,0.23189416527748108,-0.12739534676074982,-0.10330218821763992,0.40865007042884827,-0.436064749956131,-0.1424940526485443,0.4753565788269043,-0.7230603098869324,-0.1726149469614029,0.39958655834198,-0.8963863253593445,-0.19189122319221497,0.2733234763145447,-0.909946620464325,-0.06144361197948456,0.28817397356033325,-0.86447674036026,-0.19141541421413422,0.24625582993030548,-0.6028276085853577,-0.2779507339000702,0.2025858759880066,-0.4209563732147217,-0.31396040320396423,0.08783228695392609,-0.942194938659668,-0.05043226480484009,0.11601460725069046,-0.8532807230949402,-0.17329932749271393,0.108671635389328,-0.5468079447746277,-0.20619982481002808,0.1029994785785675,-0.3568798899650574,-0.19853074848651886,-0.08775726705789566,-0.8830574750900269,-0.05947379767894745,-0.06097216531634331,-0.811789333820343,-0.18003563582897186,-0.021963221952319145,-0.5255287885665894,-0.1575012505054474,0.01066233403980732,-0.3495320677757263,-0.10857512056827545,-0.2518230676651001,-0.7648820281028748,-0.07841146737337112,-0.21357005834579468,-0.734512209892273,-0.16480955481529236,-0.14556311070919037,-0.5346795320510864,-0.1450222134590149,-0.09437336027622223,-0.42220690846443176,-0.10041697323322296,HELP
0.0,0.0,0.0,0.2353324145078659,-0.12543050944805145,-0.1103195771574974,0.41476285457611084,-0.42944878339767456,-0.15259438753128052,0.47677865624427795,-0.7155963182449341,-0.18304572999477386,0.4026851952075958,-0.8928810954093933,-0.20151427388191223,0.2673605978488922,-0.8967573046684265,-0.07647276669740677,0.2980579733848572,-0.8373021483421326,-0.20588155090808868,0.2611132860183716,-0.5746810436248779,-0.2854495644569397,0.21473565697669983,-0.4042759835720062,-0.31723928451538086,0.08420579880475998,-0.9275861382484436,-0.06353709846735,0.1338340789079666,-0.8276851177215576,-0.1863216757774353,0.12196291983127594,-0.5195809602737427,-0.2140071988105774,0.10443860292434692,-0.3436683714389801,-0.20349512994289398,-0.08711831271648407,-0.866310179233551,-0.07054336369037628,-0.04663451761007309,-0.7827601432800293,-0.19317246973514557,-0.011831634677946568,-0.5004117488861084,-0.16732092201709747,0.011448366567492485,-0.339537650346756,-0.11689409613609314,-0.24836400151252747,-0.7462101578712463,-0.08734802156686783,-0.207704558968544,-0.7099997401237488,-0.17370359599590302,-0.14256508648395538,-0.5130511522293091,-0.15056172013282776,-0.09800650924444199,-0.41178375482559204,-0.10468604415655136,HELP
0.0,0.0,0.0,0.24592804908752441,-0.1282850056886673,-0.0973624512553215,0.43183159828186035,-0.45076143741607666,-0.13134053349494934,0.4890095293521881,-0.7440586686134338,-0.157331645488739,0.39099758863449097,-0.9038015604019165,-0.17396442592144012,0.2644727826118469,-0.907471776008606,-0.05365727096796036,0.30115634202957153,-0.853333592414856,-0.18036086857318878,0.2674291133880615,-0.5882079005241394,-0.26526743173599243,0.22577373683452606,-0.4150821566581726,-0.30063703656196594,0.07850323617458344,-0.9355466365814209,-0.04503956809639931,0.1311294138431549,-0.8384526968002319,-0.15987049043178558,0.12499181926250458,-0.5307266712188721,-0.1904134750366211,0.1119726225733757,-0.3545214533805847,-0.18297019600868225,-0.09302051365375519,-0.8710846304893494,-0.055921491235494614,-0.04802030697464943,-0.7934108376502991,-0.17276503145694733,-0.00819455087184906,-0.5072551965713501,-0.15000517666339874,0.018094029277563095,-0.34162184596061707,-0.10224723070859909,-0.25277194380760193,-0.7518454194068909,-0.07561560720205307,-0.20723499357700348,-0.7264572381973267,-0.1562165915966034,-0.13941943645477295,-0.5292713046073914,-0.13190771639347076,-0.09416834264993668,-0.4243130385875702,-0.08597835153341293,HELP
0.0,0.0,0.0,0.2494148313999176,-0.1354028433561325,-0.09293385595083237,0.4319528639316559,-0.4544147551059723,-0.12404733896255493,0.4976928234100342,-0.7454325556755066,-0.14821748435497284,0.40087565779685974,-0.9014856219291687,-0.16316372156143188,0.27267006039619446,-0.9253417253494263,-0.04440518096089363,0.299345999956131,-0.8585445284843445,-0.16752585768699646,0.263994038105011,-0.5969687104225159,-0.25241461396217346,0.22415176033973694,-0.4257577359676361,-0.288429856300354,0.08603711426258087,-0.9533042907714844,-0.036957208067178726,0.12407612800598145,-0.8442264199256897,-0.15271325409412384,0.12121443450450897,-0.5351852178573608,-0.18641972541809082,0.11384683102369308,-0.3508635461330414,-0.1799311488866806,-0.08782541006803513,-0.8865894079208374,-0.04848158732056618,-0.054108381271362305,-0.7957923412322998,-0.16606765985488892,-0.010544857941567898,-0.5086674690246582,-0.14685939252376556,0.02125602215528488,-0.33869385719299316,-0.09995900094509125,-0.24903595447540283,-0.7636853456497192,-0.06847601383924484,-0.20936079323291779,-0.7368253469467163,-0.14901034533977509,-0.13929006457328796,-0.5406303405761719,-0.126569002866745,-0.09041626751422882,-0.43400371074676514,-0.08124520629644394,HELP
0.0,0.0,0.0,0.24875350296497345,-0.13554921746253967,-0.08534981310367584,0.4362100660800934,-0.4610428214073181,-0.11325541883707047,0.49486666917800903,-0.7599167823791504,-0.13568051159381866,0.3795667290687561,-0.9129607081413269,-0.1497727632522583,0.2700536847114563,-0.9165734648704529,-0.034187283366918564,0.29689791798591614,-0.8590379953384399,-0.1565389186143875,0.2604801058769226,-0.5916920900344849,-0.2436286360025406,0.22558747231960297,-0.409110963344574,-0.2806224524974823,0.08602689206600189,-0.9443934559822083,-0.02919856645166874,0.11941204220056534,-0.8481335639953613,-0.1417766511440277,0.11639056354761124,-0.5429721474647522,-0.1770780235528946,0.11501938104629517,-0.3516773581504822,-0.17183901369571686,-0.08626110106706619,-0.8825704455375671,-0.04281596466898918,-0.05526737868785858,-0.7945553660392761,-0.15327489376068115,-0.012662124820053577,-0.5139145851135254,-0.13505330681800842,0.022228972986340523,-0.34361398220062256,-0.09051693230867386,-0.24715222418308258,-0.7685273289680481,-0.06477319449186325,-0.20887568593025208,-0.7345014214515686,-0.1374625861644745,-0.1421986073255539,-0.5378623604774475,-0.11476404219865799,-0.09281910955905914,-0.42943352460861206,-0.07104089856147766,HELP
0.0,0.0,0.0,0.239188551902771,-0.14495417475700378,-0.08230254799127579,0.43105897307395935,-0.4719129502773285,-0.10948417335748672,0.49513718485832214,-0.7599368691444397,-0.13212883472442627,0.3898988664150238,-0.9093896150588989,-0.14487752318382263,0.2556220591068268,-0.9234882593154907,-0.029039865359663963,0.29112672805786133,-0.8709525465965271,-0.14385147392749786,0.2662661373615265,-0.6049411296844482,-0.22310468554496765,0.23709636926651,-0.4402753710746765,-0.2561354637145996,0.0757918730378151,-0.9490406513214111,-0.025084851309657097,0.11988914012908936,-0.8426864147186279,-0.1295688897371292,0.12072210758924484,-0.5406968593597412,-0.1581183224916458,0.11864089965820312,-0.3695001006126404,-0.15056635439395905,-0.0942230150103569,-0.88869309425354,-0.0398169569671154,-0.05499294772744179,-0.7965531349182129,-0.1411052942276001,-0.01582413725554943,-0.5201613903045654,-0.11707621067762375,0.014672311022877693,-0.3641500473022461,-0.07149350643157959,-0.2528228759765625,-0.7799968123435974,-0.06340862065553665,-0.20677660405635834,-0.7420977354049683,-0.12589843571186066,-0.14708197116851807,-0.5483287572860718,-0.09826035052537918,-0.10550390928983688,-0.4480149745941162,-0.05314456671476364,HELP
0.0,0.0,0.0,0.2485511749982834,-0.13348911702632904,-0.09161455184221268,0.4385248124599457,-0.4569198191165924,-0.12229347229003906,0.5073171257972717,-0.7479167580604553,-0.14680920541286469,0.40927502512931824,-0.897773265838623,-0.1627795249223709,0.2724516987800598,-0.9156044721603394,-0.04635680839419365,0.3033718764781952,-0.867123544216156,-0.1672924906015396,0.26902827620506287,-0.595449686050415,-0.25106775760650635,0.2326004058122635,-0.4136970043182373,-0.2864440083503723,0.08775535225868225,-0.9410788416862488,-0.0383434034883976,0.12747398018836975,-0.8515326976776123,-0.15233056247234344,0.12155820429325104,-0.5391112565994263,-0.18367598950862885,0.11818983405828476,-0.3446834683418274,-0.17567110061645508,-0.08584726601839066,-0.8818319439888,-0.049232929944992065,-0.05119986832141876,-0.8048079013824463,-0.160005122423172,-0.015049958601593971,-0.519564151763916,-0.1383148729801178,0.016482550650835037,-0.3440040946006775,-0.09107013791799545,-0.24889406561851501,-0.7721377611160278,-0.06916886568069458,-0.20923465490341187,-0.7478262782096863,-0.14232176542282104,-0.1464676707983017,-0.552178680896759,-0.11846280097961426,-0.10085178166627884,-0.44203221797943115,-0.07345252484083176,HELP
0.0,0.0,0.0,0.2518666386604309,-0.14287598431110382,-0.08729057013988495,0.43720754981040955,-0.4707973301410675,-0.11398939043283463,0.49463221430778503,-0.7568174600601196,-0.13512590527534485,0.3937365710735321,-0.9073946475982666,-0.14699147641658783,0.2743854522705078,-0.915142834186554,-0.03471585735678673,0.3013836443424225,-0.8697992563247681,-0.15522286295890808,0.2709319293498993,-0.6002697348594666,-0.23773667216300964,0.2360897809267044,-0.42141425609588623,-0.2718563973903656,0.09045808017253876,-0.9436435103416443,-0.028296057134866714,0.12620380520820618,-0.8533954620361328,-0.14001305401325226,0.1236213743686676,-0.5387825965881348,-0.17005135118961334,0.11890604346990585,-0.3541071116924286,-0.16162315011024475,-0.08155818283557892,-0.8817987442016602,-0.04123910516500473,-0.05165490880608559,-0.811202883720398,-0.1531982421875,-0.013717921450734138,-0.520307719707489,-0.12995058298110962,0.014978201128542423,-0.35172101855278015,-0.08189725875854492,-0.24251873791217804,-0.7668708562850952,-0.06258130818605423,-0.20696264505386353,-0.742978572845459,-0.13697606325149536,-0.1428074836730957,-0.5416878461837769,-0.11146365851163864,-0.09821684658527374,-0.43636950850486755,-0.06545818597078323,HELP
0.0,0.0,0.0,0.24663521349430084,-0.1382102221250534,-0.08135870844125748,0.431223601102829,-0.4631709158420563,-0.10873259603977203,0.48897555470466614,-0.7548860907554626,-0.13151811063289642,0.38082537055015564,-0.9128235578536987,-0.14739473164081573,0.26184701919555664,-0.8969032764434814,-0.038292452692985535,0.29744189977645874,-0.8529970049858093,-0.15675099194049835,0.26067471504211426,-0.5862820744514465,-0.23966526985168457,0.2207580804824829,-0.3946397304534912,-0.2733064293861389,0.08182640373706818,-0.9228324890136719,-0.03326461464166641,0.12506622076034546,-0.8350663781166077,-0.14161431789398193,0.11401226371526718,-0.5291250944137573,-0.17234647274017334,0.10573636740446091,-0.33187487721443176,-0.16534340381622314,-0.08851439505815506,-0.8638567328453064,-0.04593163728713989,-0.05151030421257019,-0.7946656346321106,-0.1516752690076828,-0.017973627895116806,-0.5148704051971436,-0.1297188401222229,0.009995908476412296,-0.3370411694049835,-0.08384397625923157,-0.2501668334007263,-0.7549233436584473,-0.06635826826095581,-0.20696677267551422,-0.7403557896614075,-0.1368512511253357,-0.1443285495042801,-0.5451483130455017,-0.1111622229218483,-0.10088623315095901,-0.4310551881790161,-0.06571867316961288,HELP
0.0,0.0,0.0,0.23948915302753448,-0.13507694005966187,-0.08628576993942261,0.42569106817245483,-0.4586762487888336,-0.11780308187007904,0.49884647130966187,-0.7500231862068176,-0.14406603574752808,0.3922453224658966,-0.9057179689407349,-0.1606818288564682,0.2678058445453644,-0.9135695099830627,-0.04275960475206375,0.3026930093765259,-0.8735480308532715,-0.16847112774848938,0.26300686597824097,-0.5937681198120117,-0.2533048689365387,0.2232656478881836,-0.3983994126319885,-0.28663012385368347,0.08440493792295456,-0.9392288327217102,-0.03854178264737129,0.12239795178174973,-0.8569881319999695,-0.15476973354816437,0.11209244281053543,-0.5338422060012817,-0.18368948996067047,0.10780571401119232,-0.33263465762138367,-0.17244531214237213,-0.08957594633102417,-0.8797362446784973,-0.05356912687420845,-0.052137646824121475,-0.8084297180175781,-0.16448938846588135,-0.021801501512527466,-0.5162596702575684,-0.13718485832214355,0.0060721468180418015,-0.34073975682258606,-0.08523246645927429,-0.25175580382347107,-0.7724693417549133,-0.07724042981863022,-0.20488423109054565,-0.7609323859214783,-0.14498209953308105,-0.15050159394741058,-0.5592451691627502,-0.11312007904052734,-0.1126055121421814,-0.4462052285671234,-0.06281281262636185,HELP
0.0,0.0,0.0,0.24085767567157745,-0.1306055337190628,-0.0888214185833931,0.4305424988269806,-0.459726482629776,-0.1188596785068512,0.4979487359523773,-0.752899169921875,-0.14159142971038818,0.39542442560195923,-0.9055084586143494,-0.15392842888832092,0.26354020833969116,-0.9168968796730042,-0.048860449343919754,0.29434722661972046,-0.8686580657958984,-0.1681915521621704,0.26300913095474243,-0.5971763134002686,-0.246755912899971,0.2291715294122696,-0.42600706219673157,-0.2793632447719574,0.07837548851966858,-0.9401576519012451,-0.04332396760582924,0.11897598952054977,-0.8491306304931641,-0.15395300090312958,0.12160731852054596,-0.537007749080658,-0.17897047102451324,0.11947833001613617,-0.35997170209884644,-0.16861604154109955,-0.09398427605628967,-0.876538872718811,-0.056361570954322815,-0.05474059656262398,-0.7984446883201599,-0.1656508892774582,-0.013136315159499645,-0.5099567174911499,-0.13747522234916687,0.014764499850571156,-0.35079261660575867,-0.08845096826553345,-0.25223612785339355,-0.763764500617981,-0.07808060199022293,-0.2049383968114853,-0.7353777289390564,-0.1484036147594452,-0.14365896582603455,-0.5329110622406006,-0.11964204907417297,-0.10293826460838318,-0.43087533116340637,-0.07338018715381622,HELP
0.0,0.0,0.0,0.2389429360628128,-0.13301853835582733,-0.0895766094326973,0.4282322824001312,-0.44994473457336426,-0.12004297226667404,0.5004650354385376,-0.7411666512489319,-0.1436767727136612,0.40296363830566406,-0.9015452861785889,-0.15759548544883728,0.2774724066257477,-0.8829709887504578,-0.05169915407896042,0.3079254925251007,-0.8644841313362122,-0.16972488164901733,0.27567046880722046,-0.6004424691200256,-0.24667392671108246,0.24024756252765656,-0.43610048294067383,-0.27856501936912537,0.0958460196852684,-0.9059871435165405,-0.04477479308843613,0.1338297724723816,-0.8465378880500793,-0.15821276605129242,0.1299854815006256,-0.5393728017807007,-0.18376806378364563,0.12435296922922134,-0.36112138628959656,-0.17275188863277435,-0.0760381668806076,-0.8535454869270325,-0.056189633905887604,-0.04306424781680107,-0.8029997944831848,-0.16510982811450958,-0.010699460282921791,-0.5178948640823364,-0.13568323850631714,0.013348394073545933,-0.35516899824142456,-0.08511552959680557,-0.23741380870342255,-0.7558483481407166,-0.07630998641252518,-0.19572369754314423,-0.7447909116744995,-0.14570066332817078,-0.14367493987083435,-0.5412020683288574,-0.11550716310739517,-0.10754840821027756,-0.43267109990119934,-0.06770017743110657,HELP
0.0,0.0,0.0,0.22187544405460358,-0.13785624504089355,-0.08385651558637619,0.41127729415893555,-0.45823439955711365,-0.11502484977245331,0.48879456520080566,-0.7546555399894714,-0.14192461967468262,0.37778809666633606,-0.9123221635818481,-0.15793798863887787,0.24690504372119904,-0.8581610321998596,-0.04453370347619057,0.29029005765914917,-0.8867025971412659,-0.16316647827625275,0.26060962677001953,-0.6091827750205994,-0.23251496255397797,0.22454771399497986,-0.456695556640625,-0.2566359043121338,0.07642681896686554,-0.8692126274108887,-0.04155968502163887,0.12067461013793945,-0.8691115379333496,-0.15387363731861115,0.11819830536842346,-0.5443015694618225,-0.1712944656610489,0.10781928896903992,-0.38679414987564087,-0.15339602530002594,-0.08893140405416489,-0.8188707232475281,-0.056929733604192734,-0.05453776940703392,-0.8320687413215637,-0.16854126751422882,-0.018493393436074257,-0.5269431471824646,-0.1297508329153061,-0.0030807398725301027,-0.3640790283679962,-0.07109342515468597,-0.2528360188007355,-0.734223484992981,-0.07973206043243408,-0.21209914982318878,-0.7672096490859985,-0.14765308797359467,-0.15293556451797485,-0.5558497309684753,-0.10894276946783066,-0.1216578483581543,-0.43719807267189026,-0.05440748855471611,HELP
0.0,0.0,0.0,0.21254320442676544,-0.1366731822490692,-0.09039419889450073,0.4013718366622925,-0.44728371500968933,-0.12550285458564758,0.4841668903827667,-0.7430374622344971,-0.1537235677242279,0.3856290578842163,-0.9070563316345215,-0.16893500089645386,0.24003195762634277,-0.8499776721000671,-0.0519656240940094,0.26959559321403503,-0.8861018419265747,-0.1680290251970291,0.25154510140419006,-0.6066479682922363,-0.23317214846611023,0.2231871634721756,-0.45925280451774597,-0.25650182366371155,0.07170511782169342,-0.8653019070625305,-0.04794419929385185,0.09957746416330338,-0.8802024126052856,-0.15262024104595184,0.11159314215183258,-0.5623274445533752,-0.16658884286880493,0.10477840155363083,-0.430749773979187,-0.1511930674314499,-0.09184348583221436,-0.8138099312782288,-0.062442149966955185,-0.07400834560394287,-0.8444821834564209,-0.16992422938346863,-0.026673609390854836,-0.5476395487785339,-0.12703768908977509,-0.010971294716000557,-0.4111195504665375,-0.07049225270748138,-0.2559025287628174,-0.723760724067688,-0.08491867780685425,-0.231564000248909,-0.7684364318847656,-0.1518525332212448,-0.16581624746322632,-0.5600454807281494,-0.11012698709964752,-0.1342068910598755,-0.4522184431552887,-0.05613219738006592,HELP
0.0,0.0,0.0,0.21484863758087158,-0.13065628707408905,-0.0942586213350296,0.400105357170105,-0.4371907413005829,-0.13117024302482605,0.47476598620414734,-0.7298991084098816,-0.16011770069599152,0.3815513849258423,-0.9070401191711426,-0.17803551256656647,0.2612738609313965,-0.8359777927398682,-0.05916096270084381,0.27460095286369324,-0.8683849573135376,-0.17978303134441376,0.243465393781662,-0.6003289222717285,-0.25340887904167175,0.2132176160812378,-0.41876351833343506,-0.27961480617523193,0.08979201316833496,-0.8586702346801758,-0.049900561571121216,0.10587713867425919,-0.8657670617103577,-0.1610315591096878,0.10515929758548737,-0.5532124638557434,-0.1821814924478531,0.1064155250787735,-0.37340396642684937,-0.16814225912094116,-0.07508692890405655,-0.8120811581611633,-0.05918104201555252,-0.06576544046401978,-0.8269497752189636,-0.16943176090717316,-0.028960740193724632,-0.5403103828430176,-0.13671202957630157,-0.0030607455410063267,-0.3735531270503998,-0.08307307213544846,-0.23829878866672516,-0.7234033346176147,-0.07639571279287338,-0.21852900087833405,-0.7708041071891785,-0.14819563925266266,-0.15931549668312073,-0.565346360206604,-0.11408188194036484,-0.12081758677959442,-0.44150152802467346,-0.06251896917819977,HELP
0.0,0.0,0.0,0.21989800035953522,-0.13240213692188263,-0.09141536056995392,0.4127400815486908,-0.4505785405635834,-0.12293172627687454,0.47566691040992737,-0.7533310651779175,-0.1467951238155365,0.3655874729156494,-0.9166623950004578,-0.1614803969860077,0.23567602038383484,-0.800938069820404,-0.05993155390024185,0.2777898907661438,-0.8649179935455322,-0.17646364867687225,0.25401854515075684,-0.5973851084709167,-0.24242578446865082,0.22164605557918549,-0.4248729348182678,-0.26334938406944275,0.07763823121786118,-0.810075044631958,-0.05050114169716835,0.11446379870176315,-0.85193932056427,-0.16425487399101257,0.11885985732078552,-0.5409111380577087,-0.18479594588279724,0.1119767278432846,-0.36334332823753357,-0.1686871349811554,-0.07646071165800095,-0.7675687670707703,-0.05884069204330444,-0.052447058260440826,-0.8206896781921387,-0.17130573093891144,-0.008892636746168137,-0.5313630700111389,-0.13930489122867584,0.009638899005949497,-0.35754457116127014,-0.08515643328428268,-0.23613323271274567,-0.6893700957298279,-0.07414553314447403,-0.20944154262542725,-0.7716873288154602,-0.1493951827287674,-0.1443955898284912,-0.5705469250679016,-0.11785153299570084,-0.10709342360496521,-0.43585410714149475,-0.06780245900154114,HELP
0.0,0.0,0.0,0.22005802392959595,-0.12903720140457153,-0.08657509833574295,0.4069972336292267,-0.441363126039505,-0.11359011381864548,0.48623546957969666,-0.7363081574440002,-0.13396428525447845,0.39668846130371094,-0.9066598415374756,-0.14354830980300903,0.25643911957740784,-0.8087316155433655,-0.04952622577548027,0.26582780480384827,-0.857387900352478,-0.16030313074588776,0.23891669511795044,-0.5908656716346741,-0.2245507687330246,0.21097156405448914,-0.44716811180114746,-0.24807555973529816,0.08703091740608215,-0.8238487243652344,-0.04378621280193329,0.09523361176252365,-0.8586168885231018,-0.15066620707511902,0.10466146469116211,-0.5447776913642883,-0.1681949943304062,0.10419684648513794,-0.39190658926963806,-0.15370841324329376,-0.07592931389808655,-0.7767794132232666,-0.05566411837935448,-0.0738922655582428,-0.8293384909629822,-0.16717828810214996,-0.029702458530664444,-0.5301415920257568,-0.1296384632587433,-0.010641940869390965,-0.3716423809528351,-0.07399769127368927,-0.2380567491054535,-0.6936572194099426,-0.07431469112634659,-0.2216104120016098,-0.7671329975128174,-0.1480751484632492,-0.16283917427062988,-0.5507940053939819,-0.11038016527891159,-0.13162349164485931,-0.4236125648021698,-0.057394497096538544,HELP
0.0,0.0,0.0,0.2262502759695053,-0.1397743821144104,-0.09263883531093597,0.4151783287525177,-0.45666590332984924,-0.12893295288085938,0.47997361421585083,-0.759451687335968,-0.1576915830373764,0.363345205783844,-0.914807140827179,-0.17637473344802856,0.23749138414859772,-0.7913850545883179,-0.0708615630865097,0.2679961621761322,-0.888289749622345,-0.19767005741596222,0.24763205647468567,-0.6146328449249268,-0.2665635645389557,0.21854567527770996,-0.4336012005805969,-0.2870234251022339,0.06929868459701538,-0.7992406487464905,-0.06459902971982956,0.10167240351438522,-0.8703424334526062,-0.18597212433815002,0.1097414568066597,-0.5380691885948181,-0.20101125538349152,0.10410909354686737,-0.3592481017112732,-0.17914126813411713,-0.09153030812740326,-0.7555654644966125,-0.07669678330421448,-0.06651774793863297,-0.8285097479820251,-0.19662724435329437,-0.024829966947436333,-0.5242562294006348,-0.15476316213607788,-0.012442299164831638,-0.35844412446022034,-0.09211168438196182,-0.2545761168003082,-0.6785063147544861,-0.09564787149429321,-0.22629514336585999,-0.7623516321182251,-0.1716133952140808,-0.16749462485313416,-0.5443580746650696,-0.13056309521198273,-0.1416611671447754,-0.4136527478694916,-0.07357075810432434,HELP
0.0,0.0,0.0,0.21485543251037598,-0.13247638940811157,-0.09652304649353027,0.4054681360721588,-0.4397028684616089,-0.13376855850219727,0.48315107822418213,-0.7483833432197571,-0.16312110424041748,0.3701586425304413,-0.9117130637168884,-0.17821860313415527,0.24815353751182556,-0.7824772000312805,-0.05693494901061058,0.26853805780410767,-0.8995398879051208,-0.18265756964683533,0.25242945551872253,-0.615369439125061,-0.24979671835899353,0.22833040356636047,-0.44922706484794617,-0.26955872774124146,0.08549709618091583,-0.7986735701560974,-0.04839028790593147,0.09991874545812607,-0.8886741399765015,-0.16587261855602264,0.105887770652771,-0.5619097352027893,-0.18098266422748566,0.09640759229660034,-0.4159693419933319,-0.16095241904258728,-0.07642041891813278,-0.7656589150428772,-0.06003935635089874,-0.06840835511684418,-0.866493284702301,-0.1737208366394043,-0.028497720137238503,-0.5690768361091614,-0.12841379642486572,-0.01985464245080948,-0.4238721430301666,-0.06647919863462448,-0.2454099804162979,-0.7039054036140442,-0.07956292480230331,-0.2232300043106079,-0.7943577766418457,-0.1464809626340866,-0.1669238656759262,-0.5823249220848083,-0.10155785828828812,-0.14422762393951416,-0.4648059010505676,-0.04376852884888649,HELP
0.0,0.0,0.0,0.21281617879867554,-0.127101331949234,-0.09451298415660858,0.3992144465446472,-0.4269276559352875,-0.13235770165920258,0.47660091519355774,-0.7227701544761658,-0.16483747959136963,0.37810519337654114,-0.9065103530883789,-0.18781764805316925,0.23527054488658905,-0.7716380953788757,-0.062107641249895096,0.2603265047073364,-0.8898582458496094,-0.18841049075126648,0.2516465187072754,-0.6319231390953064,-0.25795650482177734,0.2329348772764206,-0.44216713309288025,-0.27783071994781494,0.07672902941703796,-0.7798053622245789,-0.054816097021102905,0.10179129987955093,-0.8636907339096069,-0.17603498697280884,0.11113075911998749,-0.546355664730072,-0.19550232589244843,0.10520929098129272,-0.36897900700569153,-0.17721623182296753,-0.08053725957870483,-0.7395185232162476,-0.06724060326814651,-0.06494608521461487,-0.824547529220581,-0.18893426656723022,-0.021283194422721863,-0.5284521579742432,-0.1524486094713211,-0.006629058625549078,-0.3567495048046112,-0.09338405728340149,-0.24571795761585236,-0.6660971641540527,-0.08663737773895264,-0.22103598713874817,-0.7541158199310303,-0.16697824001312256,-0.15686900913715363,-0.5408990979194641,-0.13074974715709686,-0.12523852288722992,-0.40243592858314514,-0.07660852372646332,HELP
0.0,0.0,0.0,0.22056740522384644,-0.13487686216831207,-0.08847898244857788,0.4088248908519745,-0.4573175311088562,-0.11970759928226471,0.4760141670703888,-0.755709171295166,-0.1453312337398529,0.3679242432117462,-0.9154690504074097,-0.1629360169172287,0.24758833646774292,-0.7998876571655273,-0.05435917526483536,0.26460543274879456,-0.8694145679473877,-0.17620016634464264,0.24131610989570618,-0.6164390444755554,-0.2478967308998108,0.21635301411151886,-0.4453076720237732,-0.2720763683319092,0.08106136322021484,-0.8150134682655334,-0.048074815422296524,0.10590900480747223,-0.8643278479576111,-0.16413597762584686,0.10995129495859146,-0.5532093644142151,-0.18398526310920715,0.1086093857884407,-0.37796133756637573,-0.1670059859752655,-0.07888646423816681,-0.773505687713623,-0.06052170321345329,-0.0627841055393219,-0.8359285593032837,-0.17755156755447388,-0.022490158677101135,-0.5364683270454407,-0.14215658605098724,-0.001239504781551659,-0.35672527551651,-0.084682896733284,-0.24197156727313995,-0.6975108981132507,-0.08019674569368362,-0.2154427021741867,-0.7693560719490051,-0.15959432721138,-0.1529908925294876,-0.5575940608978271,-0.12669695913791656,-0.11439258605241776,-0.4215090870857239,-0.07492714375257492,HELP
0.0,0.0,0.0,0.22076602280139923,-0.12650690972805023,-0.09761840105056763,0.40735924243927,-0.4417382776737213,-0.13315777480602264,0.4792630970478058,-0.7428904175758362,-0.1613973081111908,0.3742542862892151,-0.9098086953163147,-0.17939311265945435,0.2752648591995239,-0.7837715744972229,-0.06164032965898514,0.2776659429073334,-0.87198406457901,-0.19721049070358276,0.24517442286014557,-0.610382616519928,-0.2718959152698517,0.2132735550403595,-0.4147907495498657,-0.2924751043319702,0.106617271900177,-0.8035649657249451,-0.05217985063791275,0.10857155919075012,-0.8775534629821777,-0.1837959885597229,0.10407819598913193,-0.5502731204032898,-0.20370502769947052,0.10229308903217316,-0.35349735617637634,-0.18042387068271637,-0.05976831167936325,-0.7701816558837891,-0.06388534605503082,-0.06420893222093582,-0.8378143906593323,-0.19153282046318054,-0.03065100684762001,-0.5343350768089294,-0.15408800542354584,-0.009403239004313946,-0.3551766276359558,-0.0899607464671135,-0.23058226704597473,-0.698252260684967,-0.08318278193473816,-0.22136099636554718,-0.7886399626731873,-0.16293591260910034,-0.16668274998664856,-0.580107569694519,-0.12554040551185608,-0.1311156004667282,-0.4500344395637512,-0.06846213340759277,HELP
0.0,0.0,0.0,0.2241249978542328,-0.13523395359516144,-0.08596297353506088,0.4116356372833252,-0.45376262068748474,-0.1172284260392189,0.4799332916736603,-0.7502030730247498,-0.14278914034366608,0.3737715184688568,-0.9136586785316467,-0.15975816547870636,0.2523314654827118,-0.7797191739082336,-0.06063005328178406,0.2750750184059143,-0.8511875867843628,-0.18049030005931854,0.24831603467464447,-0.5957769155502319,-0.24631866812705994,0.2188146561384201,-0.4047603905200958,-0.26523157954216003,0.08683964610099792,-0.7887277007102966,-0.05602932721376419,0.1083638146519661,-0.8421565890312195,-0.1752568781375885,0.10943766683340073,-0.5297577381134033,-0.19335995614528656,0.1057756096124649,-0.33615773916244507,-0.1737792193889618,-0.07152923941612244,-0.748306393623352,-0.06959662586450577,-0.05981503427028656,-0.8087659478187561,-0.1837925910949707,-0.020317258313298225,-0.5177105069160461,-0.14846396446228027,0.000589623348787427,-0.33357563614845276,-0.0918147936463356,-0.23008187115192413,-0.672492265701294,-0.09019839763641357,-0.21087972819805145,-0.7563284635543823,-0.16414867341518402,-0.1526229977607727,-0.5541096925735474,-0.12964646518230438,-0.11673231422901154,-0.41708576679229736,-0.07843922823667526,HELP
0.0,0.0,0.0,0.22174935042858124,-0.13575400412082672,-0.09295765310525894,0.4123075008392334,-0.4465348422527313,-0.12317584455013275,0.48049092292785645,-0.7420086860656738,-0.146869495511055,0.3774305582046509,-0.9120626449584961,-0.1602741777896881,0.25318390130996704,-0.7799540758132935,-0.04327821359038353,0.27441903948783875,-0.8530999422073364,-0.1660614162683487,0.2454332411289215,-0.5980825424194336,-0.23341518640518188,0.21373240649700165,-0.42539623379707336,-0.2521023750305176,0.09318537265062332,-0.797450602054596,-0.03390149027109146,0.10889376699924469,-0.8564749360084534,-0.15453076362609863,0.10878545790910721,-0.53302001953125,-0.17150771617889404,0.10686352849006653,-0.35653063654899597,-0.14803534746170044,-0.06320846080780029,-0.7605943083763123,-0.045250266790390015,-0.05457453802227974,-0.8242544531822205,-0.16879397630691528,-0.020204003900289536,-0.517814040184021,-0.13044077157974243,-0.0035324913915246725,-0.34732890129089355,-0.06621568650007248,-0.22449128329753876,-0.6874912977218628,-0.06359881162643433,-0.20231829583644867,-0.7682920098304749,-0.14136438071727753,-0.14789794385433197,-0.5537301898002625,-0.10274688154459,-0.1192406415939331,-0.42708203196525574,-0.04531415179371834,HELP
0.0,0.0,0.0,0.23008506000041962,-0.14254693686962128,-0.0812322124838829,0.4125742018222809,-0.44902780652046204,-0.10870315879583359,0.47750720381736755,-0.7327025532722473,-0.13197943568229675,0.3896692395210266,-0.9089680910110474,-0.1481047421693802,0.2557988166809082,-0.7971310615539551,-0.04402320832014084,0.28122785687446594,-0.8539679646492004,-0.15874135494232178,0.24750283360481262,-0.6050729751586914,-0.22854286432266235,0.21025371551513672,-0.41061538457870483,-0.25120028853416443,0.09119317680597305,-0.8151918649673462,-0.03927963227033615,0.11319883912801743,-0.8522190451622009,-0.14992249011993408,0.10576896369457245,-0.5490918755531311,-0.17405346035957336,0.09819357842206955,-0.35049229860305786,-0.16039058566093445,-0.06837144494056702,-0.7737071514129639,-0.05208945274353027,-0.053402721881866455,-0.8225169777870178,-0.16317994892597198,-0.0226484015583992,-0.5338106751441956,-0.13377445936203003,-0.005091696046292782,-0.3442334532737732,-0.0805090144276619,-0.2285926640033722,-0.6924087405204773,-0.07118304073810577,-0.20948383212089539,-0.7749229073524475,-0.14787478744983673,-0.15228232741355896,-0.5696784257888794,-0.11527500301599503,-0.11647486686706543,-0.42843639850616455,-0.06337788701057434,HELP
0.0,0.0,0.0,0.23105867207050323,-0.1364184319972992,-0.09181924164295197,0.41649264097213745,-0.451920747756958,-0.12413270771503448,0.48073720932006836,-0.747233510017395,-0.1497248113155365,0.3783678710460663,-0.9105551838874817,-0.16651436686515808,0.2555489242076874,-0.7816519141197205,-0.057195957750082016,0.2754710614681244,-0.8566672205924988,-0.17971616983413696,0.24230904877185822,-0.6030371189117432,-0.2508962154388428,0.20739540457725525,-0.4002731442451477,-0.2724348306655884,0.09174568951129913,-0.7993204593658447,-0.047299303114414215,0.11501894891262054,-0.8466676473617554,-0.16927602887153625,0.10994419455528259,-0.5436584949493408,-0.19363023340702057,0.10576765239238739,-0.3421400189399719,-0.17668253183364868,-0.06648783385753632,-0.76618492603302,-0.05648296698927879,-0.049597326666116714,-0.8101199865341187,-0.1723441332578659,-0.01905047334730625,-0.5266380906105042,-0.14299805462360382,-7.491208089049906e-05,-0.34024518728256226,-0.08833954483270645,-0.22659166157245636,-0.6971896290779114,-0.07339709997177124,-0.1989290863275528,-0.7587199211120605,-0.1510775089263916,-0.14597462117671967,-0.5532766580581665,-0.12218828499317169,-0.11156723648309708,-0.4175409972667694,-0.07286377996206284,HELP
0.0,0.0,0.0,0.23951712250709534,-0.13286851346492767,-0.09254034608602524,0.42654284834861755,-0.4515226483345032,-0.12182282656431198,0.4909130930900574,-0.752315104007721,-0.14339882135391235,0.38405072689056396,-0.9100513458251953,-0.1559217870235443,0.27014338970184326,-0.7683174014091492,-0.06534156948328018,0.2775494158267975,-0.8589422702789307,-0.1810583621263504,0.2428615242242813,-0.6003261208534241,-0.24160970747470856,0.21360792219638824,-0.4024568796157837,-0.25785505771636963,0.10204104334115982,-0.7816579937934875,-0.054793212562799454,0.1158359944820404,-0.8625734448432922,-0.178081214427948,0.10802510380744934,-0.5480273365974426,-0.1972346305847168,0.10696303099393845,-0.34305232763290405,-0.17601968348026276,-0.05828617140650749,-0.7473574280738831,-0.06218177080154419,-0.05049673467874527,-0.8272259831428528,-0.18244290351867676,-0.017824793234467506,-0.527861475944519,-0.1492479294538498,0.00693918764591217,-0.3315512239933014,-0.09118533134460449,-0.21942192316055298,-0.6792088150978088,-0.07672034949064255,-0.19697651267051697,-0.7645646333694458,-0.15821407735347748,-0.14387372136116028,-0.5597085356712341,-0.1293003410100937,-0.10565079003572464,-0.42634037137031555,-0.08062467724084854,HELP
0.0,0.0,0.0,0.23635688424110413,-0.12093808501958847,-0.10359878093004227,0.4210668206214905,-0.4335683584213257,-0.13550715148448944,0.47983628511428833,-0.7371456027030945,-0.15717089176177979,0.37580567598342896,-0.9112321734428406,-0.16859997808933258,0.2699390649795532,-0.7587679624557495,-0.07147978991270065,0.27853119373321533,-0.8346577286720276,-0.19679303467273712,0.24146941304206848,-0.5721001625061035,-0.26232826709747314,0.2117370367050171,-0.3819000720977783,-0.28062424063682556,0.10067097097635269,-0.7779231071472168,-0.05703652650117874,0.11205485463142395,-0.8441880345344543,-0.18651914596557617,0.10152212530374527,-0.5248311161994934,-0.2063504308462143,0.1003526970744133,-0.33086109161376953,-0.1850215643644333,-0.058602042496204376,-0.7442472577095032,-0.06257207691669464,-0.05530053377151489,-0.8164689540863037,-0.18909280002117157,-0.027126066386699677,-0.5153928995132446,-0.15295179188251495,-0.0032067946158349514,-0.3311024606227875,-0.09211862832307816,-0.21762412786483765,-0.6754857897758484,-0.07622042298316956,-0.20397131145000458,-0.7511311769485474,-0.1612301617860794,-0.15654391050338745,-0.5421005487442017,-0.13108870387077332,-0.11984317749738693,-0.41407692432403564,-0.08065781742334366,HELP
0.0,0.0,0.0,0.23067395389080048,-0.1111692488193512,-0.11048238724470139,0.4192913770675659,-0.4184053838253021,-0.1480122059583664,0.4842621684074402,-0.722385585308075,-0.1746576428413391,0.38424527645111084,-0.9032162427902222,-0.1911962479352951,0.28585729002952576,-0.7552236318588257,-0.0756177306175232,0.28623008728027344,-0.8425299525260925,-0.20910750329494476,0.24314698576927185,-0.5917242169380188,-0.2801929712295532,0.20381899178028107,-0.3900986313819885,-0.29930517077445984,0.11740189045667648,-0.7808216214179993,-0.05841325595974922,0.11935120820999146,-0.844920814037323,-0.19390490651130676,0.10380739718675613,-0.526067316532135,-0.21572816371917725,0.09823675453662872,-0.3251708149909973,-0.19315364956855774,-0.045352350920438766,-0.7539714574813843,-0.06277927756309509,-0.05188799649477005,-0.8146530985832214,-0.19326427578926086,-0.027089854702353477,-0.51713627576828,-0.1590508669614792,-0.004284917376935482,-0.3349860906600952,-0.09765490889549255,-0.21007055044174194,-0.6883856654167175,-0.07581087201833725,-0.20177003741264343,-0.7536680102348328,-0.16259142756462097,-0.15547971427440643,-0.5443602204322815,-0.1331992894411087,-0.11777021735906601,-0.41924622654914856,-0.08187928795814514,HELP
0.0,0.0,0.0,0.2154577523469925,-0.1143731027841568,-0.11170069873332977,0.39755183458328247,-0.42133828997612,-0.14750808477401733,0.4626198709011078,-0.7188394069671631,-0.17349109053611755,0.3726910650730133,-0.9088099598884583,-0.18752557039260864,0.25300121307373047,-0.7836424112319946,-0.06422443687915802,0.262585312128067,-0.8401098251342773,-0.20026393234729767,0.22255223989486694,-0.5675563812255859,-0.27032944560050964,0.18855108320713043,-0.3711634576320648,-0.287527859210968,0.08511406183242798,-0.8057355880737305,-0.04947192966938019,0.09523139894008636,-0.8522632122039795,-0.18580009043216705,0.08186229318380356,-0.5208953022956848,-0.2048809677362442,0.07742471247911453,-0.328457772731781,-0.17901548743247986,-0.07759976387023926,-0.767658531665802,-0.0579705573618412,-0.07574698328971863,-0.8217698931694031,-0.19618532061576843,-0.04979095607995987,-0.5102101564407349,-0.1592487394809723,-0.02898935042321682,-0.33102771639823914,-0.09255166351795197,-0.24254167079925537,-0.6892178058624268,-0.07501783967018127,-0.22999556362628937,-0.7657149434089661,-0.1670593023300171,-0.18085215985774994,-0.5487090349197388,-0.13440605998039246,-0.14576268196105957,-0.41785672307014465,-0.0781901553273201,HELP
