f0,f1,f2,f3,f4,f5,f6,f7,f8,f9,f10,f11,f12,f13,f14,f15,f16,f17,f18,f19,f20,f21,f22,f23,f24,f25,f26,f27,f28,f29,f30,f31,f32,f33,f34,f35,f36,f37,f38,f39,f40,f41,f42,f43,f44,f45,f46,f47,f48,f49,f50,f51,f52,f53,f54,f55,f56,f57,f58,f59,f60,f61,f62,f63,f64,f65,f66,f67,f68,f69,f70,f71,f72,f73,f74,f75,f76,f77,f78,f79,f80,f81,f82,f83,f84,f85,f86,f87,f88,f89,f90,f91,f92,f93,f94,f95,f96,f97,f98,f99,f100,f101,f102,f103,f104,f105,f106,f107,f108,f109,f110,f111,f112,f113,f114,f115,f116,f117,f118,f119,f120,f121,f122,f123,f124,f125,label
0.0,0.0,0.0,-0.053438857197761536,-0.21077367663383484,0.025743702426552773,-0.1531836837530136,-0.37697863578796387,0.026359299197793007,-0.23824149370193481,-0.48519638180732727,0.014882671646773815,-0.29270076751708984,-0.5750941634178162,-0.00330170220695436,-0.2095361202955246,-0.4305475354194641,0.002306223614141345,-0.2925657033920288,-0.6412772536277771,-0.042478594928979874,-0.33727139234542847,-0.7833609580993652,-0.07769345492124557,-0.36843767762184143,-0.9045364260673523,-0.09957120567560196,-0.2268080711364746,-0.3842083215713501,-0.04045441374182701,-0.32114377617836,-0.608762800693512,-0.07808134704828262,-0.3756255805492401,-0.7615032196044922,-0.10842769593000412,-0.41493815183639526,-0.9004623293876648,-0.13036073744297028,-0.2432481050491333,-0.30430546402931213,-0.08451756834983826,-0.33098700642585754,-0.508925199508667,-0.11821286380290985,-0.3864586353302002,-0.6566597819328308,-0.138788640499115,-0.42048051953315735,-0.7901601791381836,-0.15326383709907532,-0.26204419136047363,-0.19314846396446228,-0.12669621407985687,-0.3467106521129608,-0.3289352059364319,-0.15602493286132812,-0.3965247869491577,-0.4325402081012726,-0.16383479535579681,-0.4342231750488281,-0.5295346975326538,-0.16876010596752167,0.0,0.0,0.0,0.0,0.0,0.0,0.0,0.0,0.0,0.0,0.0,0.0,0.0,0.0,0.0,0.0,0.0,0.0,0.0,0.0,0.0,0.0,0.0,0.0,0.0,0.0,0.0,0.0,0.0,0.0,0.0,0.0,0.0,0.0,0.0,0.0,0.0,0.0,0.0,0.0,0.0,0.0,0.0,0.0,0.0,0.0,0.0,0.0,0.0,0.0,0.0,0.0,0.0,0.0,0.0,0.0,0.0,0.0,0.0,0.0,0.0,0.0,0.0,SLEEP
0.0,0.0,0.0,-0.005696341395378113,-0.16405506432056427,-0.002210258273407817,-0.0876196101307869,-0.3429277241230011,-0.02254275605082512,-0.18046127259731293,-0.4572694003582001,-0.0437905415892601,-0.24614277482032776,-0.542153537273407,-0.07096400856971741,-0.08219856023788452,-0.37468835711479187,-0.08830559253692627,-0.20659872889518738,-0.6052586436271667,-0.1466345489025116,-0.2693265378475189,-0.7611489295959473,-0.1758667677640915,-0.31473612785339355,-0.8880448341369629,-0.1898971050977707,-0.10846882313489914,-0.3353729546070099,-0.11571156978607178,-0.23565369844436646,-0.5997833013534546,-0.1658700704574585,-0.3030187487602234,-0.7680439352989197,-0.18892452120780945,-0.35505974292755127,-0.9123877286911011,-0.20366941392421722,-0.15234430134296417,-0.26912441849708557,-0.14065119624137878,-0.2696191966533661,-0.5198526978492737,-0.1807466745376587,-0.33447906374931335,-0.6861585378646851,-0.19797609746456146,-0.37747350335121155,-0.8232048749923706,-0.20833103358745575,-0.2135871946811676,-0.18370270729064941,-0.1635584980249405,-0.3060648441314697,-0.37010833621025085,-0.19574633240699768,-0.3580518662929535,-0.5028404593467712,-0.20714709162712097,-0.3983108401298523,-0.6143425703048706,-0.21443027257919312,0.0,0.0,0.0,0.0,0.0,0.0,0.0,0.0,0.0,0.0,0.0,0.0,0.0,0.0,0.0,0.0,0.0,0.0,0.0,0.0,0.0,0.0,0.0,0.0,0.0,0.0,0.0,0.0,0.0,0.0,0.0,0.0,0.0,0.0,0.0,0.0,0.0,0.0,0.0,0.0,0.0,0.0,0.0,0.0,0.0,0.0,0.0,0.0,0.0,0.0,0.0,0.0,0.0,0.0,0.0,0.0,0.0,0.0,0.0,0.0,0.0,0.0,0.0,SLEEP
0.0,0.0,0.0,-0.0030886041931807995,-0.16698211431503296,-0.002406087704002857,-0.06688955426216125,-0.3493807911872864,-0.021863890811800957,-0.16951191425323486,-0.46106740832328796,-0.042502615600824356,-0.2587718963623047,-0.5275927186012268,-0.0693616196513176,-0.05137626826763153,-0.42673495411872864,-0.07526544481515884,-0.18631330132484436,-0.6293923854827881,-0.12728020548820496,-0.26017501950263977,-0.7622567415237427,-0.15552851557731628,-0.31348565220832825,-0.875817596912384,-0.17116186022758484,-0.07977984845638275,-0.3799264132976532,-0.10437202453613281,-0.21888408064842224,-0.6273108124732971,-0.15711212158203125,-0.2925584614276886,-0.783062756061554,-0.18556691706180573,-0.3465254604816437,-0.9158559441566467,-0.20280031859874725,-0.1321975439786911,-0.3061266541481018,-0.13064876198768616,-0.26042500138282776,-0.5464325547218323,-0.17677399516105652,-0.33381760120391846,-0.715267539024353,-0.1997036188840866,-0.37904253602027893,-0.8560000658035278,-0.2110034078359604,-0.2103775292634964,-0.21535724401474,-0.15406902134418488,-0.30842384696006775,-0.4112074375152588,-0.1917479932308197,-0.3626585006713867,-0.5573187470436096,-0.20608283579349518,-0.3996802270412445,-0.683815062046051,-0.212904155254364,0.0,0.0,0.0,0.0,0.0,0.0,0.0,0.0,0.0,0.0,0.0,0.0,0.0,0.0,0.0,0.0,0.0,0.0,0.0,0.0,0.0,0.0,0.0,0.0,0.0,0.0,0.0,0.0,0.0,0.0,0.0,0.0,0.0,0.0,0.0,0.0,0.0,0.0,0.0,0.0,0.0,0.0,0.0,0.0,0.0,0.0,0.0,0.0,0.0,0.0,0.0,0.0,0.0,0.0,0.0,0.0,0.0,0.0,0.0,0.0,0.0,0.0,0.0,SLEEP
0.0,0.0,0.0,0.0012332992628216743,-0.17628884315490723,0.011580940335988998,-0.06203323230147362,-0.3479720950126648,-0.0006970352842472494,-0.16190342605113983,-0.45998743176460266,-0.017935965210199356,-0.24748840928077698,-0.528623104095459,-0.04026458412408829,-0.052112746983766556,-0.4170559048652649,-0.04613860324025154,-0.18569839000701904,-0.6165825128555298,-0.09092824906110764,-0.26008620858192444,-0.7514569759368896,-0.11575932055711746,-0.3163065016269684,-0.8655092716217041,-0.12985508143901825,-0.08606142550706863,-0.38305532932281494,-0.07906192541122437,-0.22119273245334625,-0.6287387013435364,-0.12651550769805908,-0.293769896030426,-0.7873956561088562,-0.15194177627563477,-0.3469383418560028,-0.9230011701583862,-0.16644103825092316,-0.14102374017238617,-0.3245348632335663,-0.10888513922691345,-0.2644346058368683,-0.5566896796226501,-0.1518806368112564,-0.33134958148002625,-0.7212561368942261,-0.17334146797657013,-0.37274986505508423,-0.8568128347396851,-0.18273773789405823,-0.21874336898326874,-0.2489522248506546,-0.13504397869110107,-0.31118491291999817,-0.4356154799461365,-0.16902820765972137,-0.3650309145450592,-0.5706616640090942,-0.18069519102573395,-0.4018511176109314,-0.6859002709388733,-0.18495672941207886,0.0,0.0,0.0,0.0,0.0,0.0,0.0,0.0,0.0,0.0,0.0,0.0,0.0,0.0,0.0,0.0,0.0,0.0,0.0,0.0,0.0,0.0,0.0,0.0,0.0,0.0,0.0,0.0,0.0,0.0,0.0,0.0,0.0,0.0,0.0,0.0,0.0,0.0,0.0,0.0,0.0,0.0,0.0,0.0,0.0,0.0,0.0,0.0,0.0,0.0,0.0,0.0,0.0,0.0,0.0,0.0,0.0,0.0,0.0,0.0,0.0,0.0,0.0,SLEEP
0.0,0.0,0.0,-0.00487187784165144,-0.18251585960388184,0.022025512531399727,-0.0704462081193924,-0.35205963253974915,0.01797362230718136,-0.15687993168830872,-0.46992018818855286,0.006287240888923407,-0.23149682581424713,-0.5465116500854492,-0.011136929504573345,-0.0633496567606926,-0.42071983218193054,-0.028893988579511642,-0.18610207736492157,-0.6194338798522949,-0.07389429211616516,-0.2600288391113281,-0.7607311010360718,-0.10214356333017349,-0.3163381814956665,-0.8794255256652832,-0.1199803501367569,-0.08915559202432632,-0.39257216453552246,-0.06608428061008453,-0.22270627319812775,-0.626307487487793,-0.1144019290804863,-0.2968433201313019,-0.7836266160011292,-0.14598140120506287,-0.35020712018013,-0.9218551516532898,-0.1659456342458725,-0.1366850882768631,-0.336549311876297,-0.10004255920648575,-0.258678674697876,-0.5569993853569031,-0.14845047891139984,-0.32798081636428833,-0.7195852398872375,-0.17858098447322845,-0.37234506011009216,-0.8542534708976746,-0.19446994364261627,-0.2077629119157791,-0.256466269493103,-0.12907500565052032,-0.30524691939353943,-0.4250720739364624,-0.17156291007995605,-0.364716112613678,-0.5467061996459961,-0.19039957225322723,-0.40757736563682556,-0.6548436880111694,-0.1997138261795044,0.0,0.0,0.0,0.0,0.0,0.0,0.0,0.0,0.0,0.0,0.0,0.0,0.0,0.0,0.0,0.0,0.0,0.0,0.0,0.0,0.0,0.0,0.0,0.0,0.0,0.0,0.0,0.0,0.0,0.0,0.0,0.0,0.0,0.0,0.0,0.0,0.0,0.0,0.0,0.0,0.0,0.0,0.0,0.0,0.0,0.0,0.0,0.0,0.0,0.0,0.0,0.0,0.0,0.0,0.0,0.0,0.0,0.0,0.0,0.0,0.0,0.0,0.0,SLEEP
0.0,0.0,0.0,-0.01343308575451374,-0.17537127435207367,0.04363621771335602,-0.08047593384981155,-0.338418185710907,0.052945397794246674,-0.16393251717090607,-0.44454053044319153,0.05022544413805008,-0.24161994457244873,-0.49943944811820984,0.040237512439489365,-0.07063569128513336,-0.443828284740448,0.004329076036810875,-0.19227497279644012,-0.6336761116981506,-0.029252612963318825,-0.26658785343170166,-0.76366126537323,-0.05085543170571327,-0.32223016023635864,-0.8758137822151184,-0.06603696197271347,-0.08451174944639206,-0.425784707069397,-0.041086990386247635,-0.22161734104156494,-0.6480213403701782,-0.08012106269598007,-0.29886385798454285,-0.7955191135406494,-0.10864552110433578,-0.35494399070739746,-0.926093578338623,-0.1279277503490448,-0.12360432744026184,-0.37388572096824646,-0.08280523866415024,-0.25251346826553345,-0.5898558497428894,-0.1261800080537796,-0.32699716091156006,-0.7451366782188416,-0.1566418558359146,-0.37629926204681396,-0.8770670890808105,-0.17364589869976044,-0.1897856891155243,-0.29410257935523987,-0.11791101843118668,-0.2983599603176117,-0.4639887809753418,-0.158652201294899,-0.36179009079933167,-0.5813080072402954,-0.17762067914009094,-0.4068682789802551,-0.6894991993904114,-0.1880524605512619,0.0,0.0,0.0,0.0,0.0,0.0,0.0,0.0,0.0,0.0,0.0,0.0,0.0,0.0,0.0,0.0,0.0,0.0,0.0,0.0,0.0,0.0,0.0,0.0,0.0,0.0,0.0,0.0,0.0,0.0,0.0,0.0,0.0,0.0,0.0,0.0,0.0,0.0,0.0,0.0,0.0,0.0,0.0,0.0,0.0,0.0,0.0,0.0,0.0,0.0,0.0,0.0,0.0,0.0,0.0,0.0,0.0,0.0,0.0,0.0,0.0,0.0,0.0,SLEEP
0.0,0.0,0.0,-0.009999919682741165,-0.17715102434158325,0.052364446222782135,-0.06885961443185806,-0.3406461477279663,0.06600096076726913,-0.1367281824350357,-0.44640541076660156,0.06593232601881027,-0.20124487578868866,-0.509089469909668,0.05815226957201958,-0.07069290429353714,-0.44146016240119934,0.012265770696103573,-0.19372615218162537,-0.6317524909973145,-0.01987924985587597,-0.2624342143535614,-0.7669900059700012,-0.04120493307709694,-0.31380194425582886,-0.8847057819366455,-0.055849913507699966,-0.08029448240995407,-0.4265204071998596,-0.03654235601425171,-0.21856573224067688,-0.6494283676147461,-0.06799064576625824,-0.2885759472846985,-0.8007896542549133,-0.09336516261100769,-0.33593103289604187,-0.935187041759491,-0.11214079707860947,-0.11648204922676086,-0.37714827060699463,-0.08124550431966782,-0.2459769994020462,-0.5925235152244568,-0.11668840795755386,-0.3177725076675415,-0.7466149926185608,-0.14586497843265533,-0.36314523220062256,-0.8787781596183777,-0.16419212520122528,-0.17967648804187775,-0.29896557331085205,-0.11903207749128342,-0.28926876187324524,-0.46441957354545593,-0.15386360883712769,-0.3509986996650696,-0.5773211121559143,-0.17058424651622772,-0.39594411849975586,-0.6798354983329773,-0.18040145933628082,0.0,0.0,0.0,0.0,0.0,0.0,0.0,0.0,0.0,0.0,0.0,0.0,0.0,0.0,0.0,0.0,0.0,0.0,0.0,0.0,0.0,0.0,0.0,0.0,0.0,0.0,0.0,0.0,0.0,0.0,0.0,0.0,0.0,0.0,0.0,0.0,0.0,0.0,0.0,0.0,0.0,0.0,0.0,0.0,0.0,0.0,0.0,0.0,0.0,0.0,0.0,0.0,0.0,0.0,0.0,0.0,0.0,0.0,0.0,0.0,0.0,0.0,0.0,SLEEP
0.0,0.0,0.0,-0.023587703704833984,-0.18085435032844543,0.04244720935821533,-0.07602498680353165,-0.3447549343109131,0.048753995448350906,-0.14530348777770996,-0.45292627811431885,0.042069315910339355,-0.21422414481639862,-0.5076719522476196,0.029338479042053223,-0.06007085740566254,-0.4557459056377411,0.02173595316708088,-0.19219833612442017,-0.6097972393035889,-0.008598747663199902,-0.27387735247612,-0.7084603309631348,-0.032383400946855545,-0.332363486289978,-0.7981732487678528,-0.049522414803504944,-0.07632351666688919,-0.44906628131866455,-0.025138311088085175,-0.20708133280277252,-0.6709138751029968,-0.05685148388147354,-0.2756955921649933,-0.8163243532180786,-0.08016012609004974,-0.3229157328605652,-0.9415053725242615,-0.09640053659677505,-0.11905647069215775,-0.4023761749267578,-0.07079467177391052,-0.24875277280807495,-0.6257534623146057,-0.10591894388198853,-0.32014915347099304,-0.774535059928894,-0.12925457954406738,-0.3621204197406769,-0.9060366153717041,-0.1431475281715393,-0.1899661123752594,-0.32501503825187683,-0.11141015589237213,-0.2970919907093048,-0.49507179856300354,-0.14324787259101868,-0.3558598756790161,-0.6091248393058777,-0.15541259944438934,-0.3962382972240448,-0.716728150844574,-0.16249965131282806,0.0,0.0,0.0,0.0,0.0,0.0,0.0,0.0,0.0,0.0,0.0,0.0,0.0,0.0,0.0,0.0,0.0,0.0,0.0,0.0,0.0,0.0,0.0,0.0,0.0,0.0,0.0,0.0,0.0,0.0,0.0,0.0,0.0,0.0,0.0,0.0,0.0,0.0,0.0,0.0,0.0,0.0,0.0,0.0,0.0,0.0,0.0,0.0,0.0,0.0,0.0,0.0,0.0,0.0,0.0,0.0,0.0,0.0,0.0,0.0,0.0,0.0,0.0,SLEEP
0.0,0.0,0.0,-0.08044901490211487,-0.15549954771995544,0.08364448696374893,-0.15064609050750732,-0.2999503016471863,0.10818600654602051,-0.211020827293396,-0.37778279185295105,0.10882772505283356,-0.2752177119255066,-0.43063342571258545,0.10143079608678818,-0.09606104344129562,-0.4871644675731659,0.07963991165161133,-0.2461731880903244,-0.6205845475196838,0.06770849227905273,-0.3419344127178192,-0.6968092918395996,0.05000368878245354,-0.4055025577545166,-0.7678874135017395,0.03408846631646156,-0.10060492902994156,-0.4895642399787903,0.011649932712316513,-0.24170000851154327,-0.6849372982978821,-0.002283867448568344,-0.31821882724761963,-0.8169496655464172,-0.025345277041196823,-0.36960846185684204,-0.9281225800514221,-0.04447488486766815,-0.1317826360464096,-0.44469448924064636,-0.052974633872509,-0.2704423666000366,-0.6461046934127808,-0.0779246985912323,-0.345734566450119,-0.7848328948020935,-0.10140734910964966,-0.3929063379764557,-0.9112867712974548,-0.11807119846343994,-0.19161102175712585,-0.3545145094394684,-0.1096770241856575,-0.3102256953716278,-0.5215036869049072,-0.1366809457540512,-0.37169623374938965,-0.627378523349762,-0.14441893994808197,-0.41223931312561035,-0.7267740964889526,-0.14948178827762604,0.0,0.0,0.0,0.0,0.0,0.0,0.0,0.0,0.0,0.0,0.0,0.0,0.0,0.0,0.0,0.0,0.0,0.0,0.0,0.0,0.0,0.0,0.0,0.0,0.0,0.0,0.0,0.0,0.0,0.0,0.0,0.0,0.0,0.0,0.0,0.0,0.0,0.0,0.0,0.0,0.0,0.0,0.0,0.0,0.0,0.0,0.0,0.0,0.0,0.0,0.0,0.0,0.0,0.0,0.0,0.0,0.0,0.0,0.0,0.0,0.0,0.0,0.0,SLEEP
0.0,0.0,0.0,-0.1222207099199295,-0.12631019949913025,0.0538657046854496,-0.19198614358901978,-0.26078394055366516,0.06642571091651917,-0.2426670789718628,-0.3516506254673004,0.06182604283094406,-0.2977041006088257,-0.41404640674591064,0.051745034754276276,-0.11718755215406418,-0.4691234827041626,0.056922439485788345,-0.2529383599758148,-0.6117368340492249,0.037979044020175934,-0.32577431201934814,-0.7136023640632629,0.017509693279862404,-0.37666767835617065,-0.8122832179069519,0.0009080995223484933,-0.11630292981863022,-0.4760230779647827,0.004245748743414879,-0.2514732778072357,-0.6777514219284058,-0.01632518321275711,-0.3170091211795807,-0.8117596507072449,-0.04022232070565224,-0.3583989441394806,-0.9318069815635681,-0.057322822511196136,-0.14372675120830536,-0.43534088134765625,-0.04788640886545181,-0.2763156294822693,-0.6342118978500366,-0.07504107058048248,-0.3453226387500763,-0.7700320482254028,-0.09661407768726349,-0.38690316677093506,-0.8998793959617615,-0.10990151017904282,-0.20325133204460144,-0.35384461283683777,-0.09524305164813995,-0.31520310044288635,-0.5119226574897766,-0.1196393296122551,-0.371724009513855,-0.6070327758789062,-0.12467045336961746,-0.4079611003398895,-0.7044890522956848,-0.12686021625995636,0.0,0.0,0.0,0.0,0.0,0.0,0.0,0.0,0.0,0.0,0.0,0.0,0.0,0.0,0.0,0.0,0.0,0.0,0.0,0.0,0.0,0.0,0.0,0.0,0.0,0.0,0.0,0.0,0.0,0.0,0.0,0.0,0.0,0.0,0.0,0.0,0.0,0.0,0.0,0.0,0.0,0.0,0.0,0.0,0.0,0.0,0.0,0.0,0.0,0.0,0.0,0.0,0.0,0.0,0.0,0.0,0.0,0.0,0.0,0.0,0.0,0.0,0.0,SLEEP
0.0,0.0,0.0,-0.14606136083602905,-0.11646807193756104,0.058937687426805496,-0.20618554949760437,-0.2360602617263794,0.06721100211143494,-0.24493837356567383,-0.3136111795902252,0.055279724299907684,-0.2812105715274811,-0.37948372960090637,0.03690061718225479,-0.11350550502538681,-0.46343347430229187,0.06098635494709015,-0.24760590493679047,-0.6047089695930481,0.04090500250458717,-0.3181321322917938,-0.7102031111717224,0.018776431679725647,-0.3678559362888336,-0.8149131536483765,-0.000260186759987846,-0.10977207869291306,-0.47850266098976135,0.0023628014605492353,-0.24784913659095764,-0.6763277053833008,-0.019929107278585434,-0.31610262393951416,-0.809262216091156,-0.04711059480905533,-0.3584827184677124,-0.9310096502304077,-0.06863774359226227,-0.13621549308300018,-0.43901100754737854,-0.055600252002477646,-0.26946574449539185,-0.6391212344169617,-0.0836188942193985,-0.3388519883155823,-0.7738677859306335,-0.10557544231414795,-0.38072165846824646,-0.9021841287612915,-0.12159693241119385,-0.19708648324012756,-0.35684770345687866,-0.10877004265785217,-0.3002983331680298,-0.5086646676063538,-0.135198175907135,-0.3564726412296295,-0.6016539335250854,-0.1428716778755188,-0.39673757553100586,-0.6998421549797058,-0.14894390106201172,0.0,0.0,0.0,0.0,0.0,0.0,0.0,0.0,0.0,0.0,0.0,0.0,0.0,0.0,0.0,0.0,0.0,0.0,0.0,0.0,0.0,0.0,0.0,0.0,0.0,0.0,0.0,0.0,0.0,0.0,0.0,0.0,0.0,0.0,0.0,0.0,0.0,0.0,0.0,0.0,0.0,0.0,0.0,0.0,0.0,0.0,0.0,0.0,0.0,0.0,0.0,0.0,0.0,0.0,0.0,0.0,0.0,0.0,0.0,0.0,0.0,0.0,0.0,SLEEP
0.0,0.0,0.0,-0.15379686653614044,-0.08980577439069748,0.045869022607803345,-0.2080480456352234,-0.21250100433826447,0.04935185983777046,-0.2400367259979248,-0.2861928641796112,0.03691162168979645,-0.2686997950077057,-0.34833386540412903,0.018542775884270668,-0.11662895232439041,-0.46925804018974304,0.03906708583235741,-0.24663925170898438,-0.6071258187294006,0.015574630349874496,-0.3169337809085846,-0.7110329270362854,-0.007546170148998499,-0.3655897080898285,-0.8157205581665039,-0.028037281706929207,-0.11375569552183151,-0.4832024574279785,-0.011333380825817585,-0.25294727087020874,-0.6774740219116211,-0.03910934925079346,-0.3214757442474365,-0.8044189214706421,-0.06754226982593536,-0.3632280230522156,-0.9273151755332947,-0.09028766304254532,-0.13956566154956818,-0.44032925367355347,-0.06104856729507446,-0.27710452675819397,-0.6373890042304993,-0.0966828465461731,-0.3451642692089081,-0.7685552835464478,-0.12356669455766678,-0.3850735127925873,-0.8944363594055176,-0.14203046262264252,-0.19894909858703613,-0.35757365822792053,-0.10636494308710098,-0.2985924184322357,-0.5106602907180786,-0.14151236414909363,-0.3577321469783783,-0.6035465598106384,-0.1575857251882553,-0.4002447724342346,-0.7009613513946533,-0.16928283870220184,0.0,0.0,0.0,0.0,0.0,0.0,0.0,0.0,0.0,0.0,0.0,0.0,0.0,0.0,0.0,0.0,0.0,0.0,0.0,0.0,0.0,0.0,0.0,0.0,0.0,0.0,0.0,0.0,0.0,0.0,0.0,0.0,0.0,0.0,0.0,0.0,0.0,0.0,0.0,0.0,0.0,0.0,0.0,0.0,0.0,0.0,0.0,0.0,0.0,0.0,0.0,0.0,0.0,0.0,0.0,0.0,0.0,0.0,0.0,0.0,0.0,0.0,0.0,SLEEP
0.0,0.0,0.0,-0.14394672214984894,-0.09445781260728836,0.062332864850759506,-0.20488236844539642,-0.2201469987630844,0.07625431567430496,-0.25110891461372375,-0.2974843382835388,0.07287813723087311,-0.29681241512298584,-0.35989755392074585,0.06262136995792389,-0.13057763874530792,-0.4666588008403778,0.04646223410964012,-0.24542099237442017,-0.6300575137138367,0.027595926076173782,-0.30765771865844727,-0.7401320934295654,0.011336508207023144,-0.35033053159713745,-0.8471910953521729,-0.004280904773622751,-0.12287481129169464,-0.4787968099117279,-0.010280147194862366,-0.25828394293785095,-0.678518533706665,-0.03542236238718033,-0.3245159387588501,-0.8039016723632812,-0.05955147370696068,-0.36527928709983826,-0.9275105595588684,-0.0793418437242508,-0.14371995627880096,-0.4323563873767853,-0.06493735313415527,-0.2820250391960144,-0.6313194036483765,-0.10183445364236832,-0.3490362763404846,-0.7656466364860535,-0.12958493828773499,-0.3889025151729584,-0.8966130018234253,-0.14881961047649384,-0.19847533106803894,-0.34652021527290344,-0.11273989081382751,-0.3034111559391022,-0.49964118003845215,-0.1539987474679947,-0.36383116245269775,-0.5955892205238342,-0.17393942177295685,-0.40688571333885193,-0.6972090005874634,-0.18819689750671387,0.0,0.0,0.0,0.0,0.0,0.0,0.0,0.0,0.0,0.0,0.0,0.0,0.0,0.0,0.0,0.0,0.0,0.0,0.0,0.0,0.0,0.0,0.0,0.0,0.0,0.0,0.0,0.0,0.0,0.0,0.0,0.0,0.0,0.0,0.0,0.0,0.0,0.0,0.0,0.0,0.0,0.0,0.0,0.0,0.0,0.0,0.0,0.0,0.0,0.0,0.0,0.0,0.0,0.0,0.0,0.0,0.0,0.0,0.0,0.0,0.0,0.0,0.0,SLEEP
0.0,0.0,0.0,-0.14207741618156433,-0.08841843158006668,0.0551619827747345,-0.20663262903690338,-0.21267125010490417,0.06877978891134262,-0.2551952004432678,-0.28915590047836304,0.0660012885928154,-0.3001725673675537,-0.3496488034725189,0.056925076991319656,-0.12798096239566803,-0.46487149596214294,0.048293113708496094,-0.24478554725646973,-0.6261429190635681,0.029985519126057625,-0.3081662654876709,-0.7371968626976013,0.013281195424497128,-0.35189706087112427,-0.8441256284713745,-0.0029437376651912928,-0.12254130095243454,-0.4780600368976593,-0.004773696884512901,-0.257785826921463,-0.6805919408798218,-0.02835257351398468,-0.3241504430770874,-0.8061884641647339,-0.05230516940355301,-0.36441683769226074,-0.928404688835144,-0.07256100326776505,-0.14610722661018372,-0.43506526947021484,-0.0571986585855484,-0.28091225028038025,-0.6350311040878296,-0.0926649197936058,-0.34726497530937195,-0.7664945125579834,-0.12184000015258789,-0.38666343688964844,-0.8933346271514893,-0.14270465075969696,-0.20337392389774323,-0.35270658135414124,-0.10389220714569092,-0.3050366938114166,-0.5034288763999939,-0.14494074881076813,-0.36432039737701416,-0.5980609059333801,-0.16789154708385468,-0.4085442125797272,-0.697770893573761,-0.18499217927455902,0.0,0.0,0.0,0.0,0.0,0.0,0.0,0.0,0.0,0.0,0.0,0.0,0.0,0.0,0.0,0.0,0.0,0.0,0.0,0.0,0.0,0.0,0.0,0.0,0.0,0.0,0.0,0.0,0.0,0.0,0.0,0.0,0.0,0.0,0.0,0.0,0.0,0.0,0.0,0.0,0.0,0.0,0.0,0.0,0.0,0.0,0.0,0.0,0.0,0.0,0.0,0.0,0.0,0.0,0.0,0.0,0.0,0.0,0.0,0.0,0.0,0.0,0.0,SLEEP
0.0,0.0,0.0,-0.1535969078540802,-0.08937668055295944,0.05433578044176102,-0.21541279554367065,-0.2163737416267395,0.06360644847154617,-0.26163414120674133,-0.2962779402732849,0.056546472012996674,-0.3111612796783447,-0.3595675826072693,0.043083928525447845,-0.1285400241613388,-0.4754196107387543,0.0386861115694046,-0.24338895082473755,-0.6365390419960022,0.017631536349654198,-0.30497482419013977,-0.7469545602798462,-0.0011043458944186568,-0.3485177159309387,-0.8546679019927979,-0.0193327609449625,-0.12082099169492722,-0.4827271103858948,-0.015333930030465126,-0.2618509829044342,-0.6810244917869568,-0.040975648909807205,-0.3307684361934662,-0.8025491833686829,-0.0653216689825058,-0.3728383481502533,-0.9238071441650391,-0.08701693266630173,-0.14155903458595276,-0.4324917793273926,-0.06801468878984451,-0.28261810541152954,-0.629170835018158,-0.10345324873924255,-0.3514772653579712,-0.7544175386428833,-0.12975101172924042,-0.3924069404602051,-0.8767869472503662,-0.1502145528793335,-0.1938733607530594,-0.3438169062137604,-0.11530940234661102,-0.2963006794452667,-0.4889092445373535,-0.15789926052093506,-0.356571763753891,-0.580870509147644,-0.18106818199157715,-0.4026602506637573,-0.6784829497337341,-0.19898869097232819,0.0,0.0,0.0,0.0,0.0,0.0,0.0,0.0,0.0,0.0,0.0,0.0,0.0,0.0,0.0,0.0,0.0,0.0,0.0,0.0,0.0,0.0,0.0,0.0,0.0,0.0,0.0,0.0,0.0,0.0,0.0,0.0,0.0,0.0,0.0,0.0,0.0,0.0,0.0,0.0,0.0,0.0,0.0,0.0,0.0,0.0,0.0,0.0,0.0,0.0,0.0,0.0,0.0,0.0,0.0,0.0,0.0,0.0,0.0,0.0,0.0,0.0,0.0,SLEEP
0.0,0.0,0.0,-0.16623730957508087,-0.08730176836252213,0.0559619702398777,-0.22812792658805847,-0.21351850032806396,0.06735676527023315,-0.2805401384830475,-0.2904333174228668,0.06152943894267082,-0.337062269449234,-0.35192230343818665,0.04975615814328194,-0.1367129534482956,-0.4720458686351776,0.049510657787323,-0.2470085620880127,-0.6372127532958984,0.033165398985147476,-0.30614611506462097,-0.7462611794471741,0.017557315528392792,-0.3453596234321594,-0.8534844517707825,0.0014915178762748837,-0.13023075461387634,-0.4800247251987457,-0.003978072665631771,-0.2665192186832428,-0.6846809387207031,-0.026545792818069458,-0.3338168263435364,-0.8056190609931946,-0.05113427713513374,-0.3713192939758301,-0.9256448149681091,-0.07282598316669464,-0.15129916369915009,-0.43168559670448303,-0.05650332197546959,-0.29218512773513794,-0.6301746368408203,-0.08950662612915039,-0.35946834087371826,-0.7549046277999878,-0.11823371797800064,-0.39689281582832336,-0.8749894499778748,-0.14012941718101501,-0.20482632517814636,-0.34735584259033203,-0.10360659658908844,-0.30817097425460815,-0.4917145073413849,-0.14192485809326172,-0.3694040775299072,-0.5806575417518616,-0.16551879048347473,-0.4150817096233368,-0.6743040084838867,-0.18437744677066803,0.0,0.0,0.0,0.0,0.0,0.0,0.0,0.0,0.0,0.0,0.0,0.0,0.0,0.0,0.0,0.0,0.0,0.0,0.0,0.0,0.0,0.0,0.0,0.0,0.0,0.0,0.0,0.0,0.0,0.0,0.0,0.0,0.0,0.0,0.0,0.0,0.0,0.0,0.0,0.0,0.0,0.0,0.0,0.0,0.0,0.0,0.0,0.0,0.0,0.0,0.0,0.0,0.0,0.0,0.0,0.0,0.0,0.0,0.0,0.0,0.0,0.0,0.0,SLEEP
0.0,0.0,0.0,-0.09355242550373077,-0.14097394049167633,0.01757926307618618,-0.15989242494106293,-0.33397507667541504,0.006157949101179838,-0.20926134288311005,-0.48188772797584534,-0.010435518808662891,-0.2510213553905487,-0.5934957265853882,-0.032541673630476,-0.07218962907791138,-0.4293437600135803,-0.04586084932088852,-0.13930562138557434,-0.65739506483078,-0.09197486937046051,-0.18556949496269226,-0.8131767511367798,-0.12051020562648773,-0.22349083423614502,-0.934998095035553,-0.1364448219537735,-0.07450372725725174,-0.4029654860496521,-0.07958846539258957,-0.1515388935804367,-0.6520054340362549,-0.11785631626844406,-0.2084478884935379,-0.8185998797416687,-0.14102107286453247,-0.25408798456192017,-0.9542815089225769,-0.15743595361709595,-0.09743621945381165,-0.3480607271194458,-0.11029737442731857,-0.17372362315654755,-0.5808244943618774,-0.13997726142406464,-0.22752854228019714,-0.7453446388244629,-0.1542946845293045,-0.2638040781021118,-0.8761397004127502,-0.1645573079586029,-0.14325428009033203,-0.2647092044353485,-0.1380639374256134,-0.2088756263256073,-0.4272838532924652,-0.1579633504152298,-0.24621137976646423,-0.54302579164505,-0.1609186828136444,-0.27696865797042847,-0.637495219707489,-0.1640762984752655,0.0,0.0,0.0,-0.16360175609588623,-0.08728155493736267,0.05032455921173096,-0.23159003257751465,-0.2146635502576828,0.060037754476070404,-0.2806384861469269,-0.2922568917274475,0.053617704659700394,-0.33262914419174194,-0.3542935252189636,0.0406334325671196,-0.13563406467437744,-0.4751349985599518,0.045653484761714935,-0.24580053985118866,-0.6404087543487549,0.02927178516983986,-0.30811887979507446,-0.7472507357597351,0.012596462853252888,-0.3518710136413574,-0.8513283133506775,-0.004319988656789064,-0.1290956735610962,-0.48171761631965637,-0.0045018624514341354,-0.26925668120384216,-0.6848533749580383,-0.026216115802526474,-0.33919256925582886,-0.8018746972084045,-0.05156626179814339,-0.3822976350784302,-0.9210357666015625,-0.07444203644990921,-0.1480093151330948,-0.4350077509880066,-0.05420459806919098,-0.2900102734565735,-0.6344612836837769,-0.08804789185523987,-0.3596234917640686,-0.7591070532798767,-0.12059568613767624,-0.4003489315509796,-0.8796841502189636,-0.14533227682113647,-0.20077694952487946,-0.3502187430858612,-0.09860170632600784,-0.31173303723335266,-0.49342572689056396,-0.13646483421325684,-0.372778058052063,-0.580198347568512,-0.16040188074111938,-0.41645556688308716,-0.6747744083404541,-0.1799624115228653,SLEEP
0.0,0.0,0.0,-0.15442141890525818,-0.09231368452310562,0.06153983995318413,-0.2207474410533905,-0.21587370336055756,0.0793701633810997,-0.2713654339313507,-0.3004976809024811,0.07991993427276611,-0.32299625873565674,-0.3645972013473511,0.07374462485313416,-0.14609302580356598,-0.4642863869667053,0.056820496916770935,-0.2582504153251648,-0.6321333050727844,0.04364614933729172,-0.3191783130168915,-0.7411437034606934,0.029801562428474426,-0.36057406663894653,-0.8474752306938171,0.015025884844362736,-0.13888713717460632,-0.47554832696914673,0.004031202755868435,-0.2785162329673767,-0.6794801354408264,-0.015111270360648632,-0.34704357385635376,-0.800247073173523,-0.03842697665095329,-0.3877090513706207,-0.9198517799377441,-0.05961892008781433,-0.16022814810276031,-0.431242436170578,-0.04757023975253105,-0.3021623492240906,-0.6280396580696106,-0.07838651537895203,-0.370795875787735,-0.755585253238678,-0.10994146019220352,-0.4095267355442047,-0.8759114742279053,-0.13423046469688416,-0.21672995388507843,-0.3488558530807495,-0.09282589703798294,-0.32491493225097656,-0.49049049615859985,-0.13010543584823608,-0.3840729892253876,-0.580231785774231,-0.15552447736263275,-0.4265696108341217,-0.6747142672538757,-0.176114022731781,0.0,0.0,0.0,0.0,0.0,0.0,0.0,0.0,0.0,0.0,0.0,0.0,0.0,0.0,0.0,0.0,0.0,0.0,0.0,0.0,0.0,0.0,0.0,0.0,0.0,0.0,0.0,0.0,0.0,0.0,0.0,0.0,0.0,0.0,0.0,0.0,0.0,0.0,0.0,0.0,0.0,0.0,0.0,0.0,0.0,0.0,0.0,0.0,0.0,0.0,0.0,0.0,0.0,0.0,0.0,0.0,0.0,0.0,0.0,0.0,0.0,0.0,0.0,SLEEP
0.0,0.0,0.0,-0.14591728150844574,-0.0951908603310585,0.0770108550786972,-0.20807917416095734,-0.2103179544210434,0.10085675120353699,-0.2605471611022949,-0.2883184254169464,0.10406465828418732,-0.3141942024230957,-0.3496435880661011,0.1001061350107193,-0.14441631734371185,-0.45988261699676514,0.07542871683835983,-0.2595292925834656,-0.6245558261871338,0.06710223108530045,-0.3199487328529358,-0.7341052889823914,0.056534163653850555,-0.36209532618522644,-0.8406271934509277,0.04436660557985306,-0.13943293690681458,-0.47461485862731934,0.014983922243118286,-0.28064531087875366,-0.6776232123374939,0.0010304793249815702,-0.34832075238227844,-0.8020177483558655,-0.01858990639448166,-0.3888833522796631,-0.9205414652824402,-0.037055063992738724,-0.16297124326229095,-0.43138906359672546,-0.04368136078119278,-0.3064226508140564,-0.6295183300971985,-0.06941843032836914,-0.37365248799324036,-0.7599168419837952,-0.09634286165237427,-0.41207394003868103,-0.8835346102714539,-0.11790097504854202,-0.22171321511268616,-0.349568635225296,-0.09499739110469818,-0.33082905411720276,-0.4938436448574066,-0.12908360362052917,-0.3906249403953552,-0.5843377113342285,-0.15082307159900665,-0.4355516731739044,-0.6799940466880798,-0.16854363679885864,0.0,0.0,0.0,0.0,0.0,0.0,0.0,0.0,0.0,0.0,0.0,0.0,0.0,0.0,0.0,0.0,0.0,0.0,0.0,0.0,0.0,0.0,0.0,0.0,0.0,0.0,0.0,0.0,0.0,0.0,0.0,0.0,0.0,0.0,0.0,0.0,0.0,0.0,0.0,0.0,0.0,0.0,0.0,0.0,0.0,0.0,0.0,0.0,0.0,0.0,0.0,0.0,0.0,0.0,0.0,0.0,0.0,0.0,0.0,0.0,0.0,0.0,0.0,SLEEP
0.0,0.0,0.0,-0.1414973884820938,-0.09814582765102386,0.08146238327026367,-0.20209470391273499,-0.2132425159215927,0.10790318250656128,-0.2509540319442749,-0.2887406647205353,0.11224483698606491,-0.3000890910625458,-0.3509182333946228,0.10846862196922302,-0.14284467697143555,-0.4551128149032593,0.08203700929880142,-0.2571898102760315,-0.6169834733009338,0.07442722469568253,-0.31923189759254456,-0.7264716625213623,0.06337838619947433,-0.3630835711956024,-0.8352113962173462,0.05114699527621269,-0.13923732936382294,-0.4715352952480316,0.019607393071055412,-0.2792874574661255,-0.6733318567276001,0.006204010918736458,-0.3501720726490021,-0.7992290258407593,-0.013492758385837078,-0.3930557072162628,-0.9189627170562744,-0.031853724271059036,-0.1644405722618103,-0.43027380108833313,-0.04087154194712639,-0.3075929582118988,-0.6247699856758118,-0.06424310058355331,-0.37978529930114746,-0.7550083994865417,-0.08946634829044342,-0.42098289728164673,-0.876639723777771,-0.10990935564041138,-0.22719982266426086,-0.3495113253593445,-0.09409813582897186,-0.3336833417415619,-0.5015994906425476,-0.12379582226276398,-0.39201030135154724,-0.598867654800415,-0.1421939730644226,-0.4343472123146057,-0.7000197172164917,-0.15791825950145721,0.0,0.0,0.0,0.0,0.0,0.0,0.0,0.0,0.0,0.0,0.0,0.0,0.0,0.0,0.0,0.0,0.0,0.0,0.0,0.0,0.0,0.0,0.0,0.0,0.0,0.0,0.0,0.0,0.0,0.0,0.0,0.0,0.0,0.0,0.0,0.0,0.0,0.0,0.0,0.0,0.0,0.0,0.0,0.0,0.0,0.0,0.0,0.0,0.0,0.0,0.0,0.0,0.0,0.0,0.0,0.0,0.0,0.0,0.0,0.0,0.0,0.0,0.0,SLEEP
0.0,0.0,0.0,-0.14877933263778687,-0.08686346560716629,0.0847335085272789,-0.20862673223018646,-0.20180408656597137,0.11298856139183044,-0.26005226373672485,-0.27798396348953247,0.11942311376333237,-0.312225341796875,-0.33724328875541687,0.11767987161874771,-0.1451682299375534,-0.4548662304878235,0.08197759091854095,-0.26185062527656555,-0.6149699091911316,0.07681164145469666,-0.3246868848800659,-0.7231258153915405,0.06766907125711441,-0.3688944876194,-0.8312748074531555,0.056157436221838,-0.14121153950691223,-0.47122815251350403,0.01925062946975231,-0.2851778566837311,-0.67116379737854,0.006483838427811861,-0.3582201898097992,-0.7952319383621216,-0.01227391418069601,-0.4011423885822296,-0.9155184030532837,-0.03017953783273697,-0.16648295521736145,-0.4272613525390625,-0.040695302188396454,-0.31226828694343567,-0.6221615672111511,-0.06356141716241837,-0.3847498297691345,-0.7504274249076843,-0.088096484541893,-0.424076646566391,-0.8727799654006958,-0.1083730012178421,-0.22941797971725464,-0.3443020284175873,-0.09286391735076904,-0.33626118302345276,-0.49278169870376587,-0.12324874848127365,-0.39583995938301086,-0.587647557258606,-0.1425548940896988,-0.43751683831214905,-0.6873428225517273,-0.15902358293533325,0.0,0.0,0.0,0.0,0.0,0.0,0.0,0.0,0.0,0.0,0.0,0.0,0.0,0.0,0.0,0.0,0.0,0.0,0.0,0.0,0.0,0.0,0.0,0.0,0.0,0.0,0.0,0.0,0.0,0.0,0.0,0.0,0.0,0.0,0.0,0.0,0.0,0.0,0.0,0.0,0.0,0.0,0.0,0.0,0.0,0.0,0.0,0.0,0.0,0.0,0.0,0.0,0.0,0.0,0.0,0.0,0.0,0.0,0.0,0.0,0.0,0.0,0.0,SLEEP
0.0,0.0,0.0,-0.14860279858112335,-0.08415611833333969,0.09439530223608017,-0.2075432986021042,-0.1987972855567932,0.12902560830116272,-0.2557929754257202,-0.27563440799713135,0.1401841938495636,-0.3048058748245239,-0.336881548166275,0.14217332005500793,-0.14395742118358612,-0.4535995125770569,0.09445486217737198,-0.2561897039413452,-0.6149755120277405,0.09334336221218109,-0.32170569896698,-0.7238255739212036,0.08660978078842163,-0.36710324883461,-0.8307450413703918,0.07637275755405426,-0.13826654851436615,-0.4712459444999695,0.02731199748814106,-0.2817508578300476,-0.6695383787155151,0.018766317516565323,-0.358095645904541,-0.7949201464653015,0.0014082756824791431,-0.40295684337615967,-0.9150736331939697,-0.016311241313815117,-0.16245324909687042,-0.4290105700492859,-0.036939989775419235,-0.3071575462818146,-0.6257980465888977,-0.05852445587515831,-0.3833537995815277,-0.7555781006813049,-0.0848366767168045,-0.4253009557723999,-0.8772883415222168,-0.10712063312530518,-0.2262955754995346,-0.34750622510910034,-0.0923502966761589,-0.3347777724266052,-0.4957360327243805,-0.1250694841146469,-0.39446723461151123,-0.5929122567176819,-0.14709772169589996,-0.43614041805267334,-0.6948856115341187,-0.16583678126335144,0.0,0.0,0.0,0.0,0.0,0.0,0.0,0.0,0.0,0.0,0.0,0.0,0.0,0.0,0.0,0.0,0.0,0.0,0.0,0.0,0.0,0.0,0.0,0.0,0.0,0.0,0.0,0.0,0.0,0.0,0.0,0.0,0.0,0.0,0.0,0.0,0.0,0.0,0.0,0.0,0.0,0.0,0.0,0.0,0.0,0.0,0.0,0.0,0.0,0.0,0.0,0.0,0.0,0.0,0.0,0.0,0.0,0.0,0.0,0.0,0.0,0.0,0.0,SLEEP
0.0,0.0,0.0,-0.1415083259344101,-0.0838550329208374,0.0882088765501976,-0.20226144790649414,-0.194768026471138,0.11802169680595398,-0.2541477084159851,-0.2707154452800751,0.12537522614002228,-0.3059324622154236,-0.3304575979709625,0.12464898824691772,-0.14161060750484467,-0.44850611686706543,0.08724117279052734,-0.259746253490448,-0.6136126518249512,0.08446980267763138,-0.325989305973053,-0.723477840423584,0.07660224288702011,-0.3740261495113373,-0.8296414613723755,0.06588972359895706,-0.13906104862689972,-0.4670228362083435,0.023128535598516464,-0.28629815578460693,-0.6705146431922913,0.014295748434960842,-0.36379194259643555,-0.7946215271949768,-0.0029442247468978167,-0.4107065796852112,-0.9115383625030518,-0.020442111417651176,-0.1666584610939026,-0.4262511134147644,-0.03812713921070099,-0.31571853160858154,-0.6280164122581482,-0.056623343378305435,-0.39231163263320923,-0.7555251121520996,-0.07881935685873032,-0.4357185363769531,-0.875072717666626,-0.0984736904501915,-0.23215164244174957,-0.3453642725944519,-0.09144628793001175,-0.3404921889305115,-0.4959581196308136,-0.11790201812982559,-0.4004378318786621,-0.5914303064346313,-0.13435806334018707,-0.44354623556137085,-0.6905138492584229,-0.14920209348201752,0.0,0.0,0.0,0.0,0.0,0.0,0.0,0.0,0.0,0.0,0.0,0.0,0.0,0.0,0.0,0.0,0.0,0.0,0.0,0.0,0.0,0.0,0.0,0.0,0.0,0.0,0.0,0.0,0.0,0.0,0.0,0.0,0.0,0.0,0.0,0.0,0.0,0.0,0.0,0.0,0.0,0.0,0.0,0.0,0.0,0.0,0.0,0.0,0.0,0.0,0.0,0.0,0.0,0.0,0.0,0.0,0.0,0.0,0.0,0.0,0.0,0.0,0.0,SLEEP
0.0,0.0,0.0,-0.13573461771011353,-0.08351065963506699,0.08718504011631012,-0.1967426985502243,-0.20016507804393768,0.11765065789222717,-0.248735249042511,-0.278594434261322,0.12644048035144806,-0.30007508397102356,-0.3386867642402649,0.12722516059875488,-0.14283199608325958,-0.4494972825050354,0.08217693865299225,-0.26016491651535034,-0.6149865984916687,0.07845401018857956,-0.3286927044391632,-0.7248806953430176,0.07117211818695068,-0.3768148422241211,-0.8298550844192505,0.06148717552423477,-0.14064115285873413,-0.4674667716026306,0.01914859190583229,-0.28784623742103577,-0.6703646779060364,0.010572358965873718,-0.3662513792514801,-0.794716477394104,-0.004323928616940975,-0.4126971960067749,-0.9106571674346924,-0.019610363990068436,-0.16733300685882568,-0.4269200265407562,-0.04082805663347244,-0.31698843836784363,-0.627300500869751,-0.058709315955638885,-0.3948328197002411,-0.754327118396759,-0.07924798130989075,-0.43881699442863464,-0.8724748492240906,-0.09748958796262741,-0.23101916909217834,-0.3459354043006897,-0.09297168254852295,-0.33946406841278076,-0.49457788467407227,-0.11906864494085312,-0.39968129992485046,-0.5903128385543823,-0.1347597986459732,-0.44305670261383057,-0.6882524490356445,-0.148672416806221,0.0,0.0,0.0,0.0,0.0,0.0,0.0,0.0,0.0,0.0,0.0,0.0,0.0,0.0,0.0,0.0,0.0,0.0,0.0,0.0,0.0,0.0,0.0,0.0,0.0,0.0,0.0,0.0,0.0,0.0,0.0,0.0,0.0,0.0,0.0,0.0,0.0,0.0,0.0,0.0,0.0,0.0,0.0,0.0,0.0,0.0,0.0,0.0,0.0,0.0,0.0,0.0,0.0,0.0,0.0,0.0,0.0,0.0,0.0,0.0,0.0,0.0,0.0,SLEEP
0.0,0.0,0.0,-0.024035818874835968,-0.16578826308250427,0.07973664253950119,-0.10933762043714523,-0.31813758611679077,0.10562443733215332,-0.18854856491088867,-0.4068865180015564,0.11338018625974655,-0.2607141435146332,-0.45220065116882324,0.11038588732481003,-0.062174227088689804,-0.43812790513038635,0.026248803362250328,-0.2141767293214798,-0.6143860816955566,0.005059600807726383,-0.31125500798225403,-0.7341786623001099,-0.006978002842515707,-0.383928507566452,-0.8385332226753235,-0.017306145280599594,-0.06501534581184387,-0.4394184648990631,-0.03753264993429184,-0.23493483662605286,-0.6449763774871826,-0.06733229756355286,-0.3329467177391052,-0.7882530689239502,-0.09192824363708496,-0.40244948863983154,-0.9088779091835022,-0.10943204164505005,-0.0979093462228775,-0.3965546488761902,-0.09369323402643204,-0.26252877712249756,-0.6043198704719543,-0.12572748959064484,-0.3590390980243683,-0.752418041229248,-0.15073040127754211,-0.4249589145183563,-0.8810470104217529,-0.16686025261878967,-0.16236941516399384,-0.3081569969654083,-0.14039351046085358,-0.30161479115486145,-0.4775078296661377,-0.173474982380867,-0.3745250999927521,-0.5895187258720398,-0.18656285107135773,-0.42521241307258606,-0.6953332424163818,-0.19426043331623077,0.0,0.0,0.0,-0.15488027036190033,-0.060442112386226654,0.06587231904268265,-0.2164066880941391,-0.17571087181568146,0.08506514877080917,-0.2657996714115143,-0.2513081729412079,0.0867348313331604,-0.31605130434036255,-0.3110095262527466,0.08221471309661865,-0.14810135960578918,-0.45769110321998596,0.06428824365139008,-0.2702423632144928,-0.6206571459770203,0.05669992044568062,-0.33901140093803406,-0.7272289991378784,0.046098750084638596,-0.3879188001155853,-0.8303003907203674,0.03394940868020058,-0.14539821445941925,-0.47476595640182495,0.010208886116743088,-0.2963956594467163,-0.676047146320343,-0.0017289567040279508,-0.3760261833667755,-0.7925252318382263,-0.020178968086838722,-0.4238014221191406,-0.9049521088600159,-0.038130562752485275,-0.17244543135166168,-0.43310603499412537,-0.042245347052812576,-0.3249507546424866,-0.6317647099494934,-0.06313750892877579,-0.40250363945961,-0.7540045380592346,-0.08637907356023788,-0.4456591308116913,-0.8702947497367859,-0.10620982944965363,-0.23629195988178253,-0.3516351282596588,-0.08871190249919891,-0.3478109836578369,-0.49947530031204224,-0.11536945402622223,-0.40944766998291016,-0.5918450951576233,-0.13237427175045013,-0.45320162177085876,-0.6887236833572388,-0.1473528891801834,SLEEP
0.0,0.0,0.0,-0.14165936410427094,-0.0764705017209053,0.0935547724366188,-0.20401719212532043,-0.18679426610469818,0.1267198920249939,-0.25982221961021423,-0.2600572407245636,0.13618282973766327,-0.3164386451244354,-0.31693413853645325,0.1369667947292328,-0.1450835019350052,-0.44857898354530334,0.0958462804555893,-0.2638431787490845,-0.6140009164810181,0.09797275811433792,-0.3313369154930115,-0.7211053967475891,0.09332070499658585,-0.37950271368026733,-0.8260903358459473,0.08422549813985825,-0.1432969868183136,-0.4694761633872986,0.0292749535292387,-0.2924893796443939,-0.6745209693908691,0.024909332394599915,-0.3713165521621704,-0.7955087423324585,0.010092342272400856,-0.4173196256160736,-0.9087370038032532,-0.006438218988478184,-0.17090874910354614,-0.4307889938354492,-0.034307967871427536,-0.3211202025413513,-0.6301830410957336,-0.048280056565999985,-0.39907556772232056,-0.7550761103630066,-0.06968386471271515,-0.4417080879211426,-0.871587872505188,-0.09023729711771011,-0.2362070083618164,-0.3523333966732025,-0.08978025615215302,-0.3440486490726471,-0.503189742565155,-0.11275754123926163,-0.4031001627445221,-0.600374162197113,-0.12891799211502075,-0.44392654299736023,-0.7002341747283936,-0.14481915533542633,0.0,0.0,0.0,0.0,0.0,0.0,0.0,0.0,0.0,0.0,0.0,0.0,0.0,0.0,0.0,0.0,0.0,0.0,0.0,0.0,0.0,0.0,0.0,0.0,0.0,0.0,0.0,0.0,0.0,0.0,0.0,0.0,0.0,0.0,0.0,0.0,0.0,0.0,0.0,0.0,0.0,0.0,0.0,0.0,0.0,0.0,0.0,0.0,0.0,0.0,0.0,0.0,0.0,0.0,0.0,0.0,0.0,0.0,0.0,0.0,0.0,0.0,0.0,SLEEP
0.0,0.0,0.0,-0.1481437236070633,-0.06640294194221497,0.08260541409254074,-0.20822373032569885,-0.17783793807029724,0.10922472923994064,-0.2597333788871765,-0.2511329650878906,0.11438045650720596,-0.31357118487358093,-0.30924955010414124,0.11152897030115128,-0.1448090374469757,-0.45360392332077026,0.08269935846328735,-0.2634894549846649,-0.6175318360328674,0.08129110187292099,-0.33145782351493835,-0.7244473695755005,0.07432012259960175,-0.38069793581962585,-0.8277069330215454,0.06415148079395294,-0.14311720430850983,-0.4726543426513672,0.020424876362085342,-0.29059159755706787,-0.676371157169342,0.01324089802801609,-0.3707208037376404,-0.7960958480834961,-0.0032965834252536297,-0.4190014600753784,-0.9077522158622742,-0.020582158118486404,-0.17014414072036743,-0.43187227845191956,-0.03920171409845352,-0.31863582134246826,-0.6320890188217163,-0.056125156581401825,-0.3969794809818268,-0.7554805278778076,-0.07867766916751862,-0.4405306577682495,-0.8691520690917969,-0.09908075630664825,-0.2349362075328827,-0.3497176468372345,-0.09147676080465317,-0.3446178436279297,-0.4994499683380127,-0.11485166847705841,-0.4048786759376526,-0.594568133354187,-0.1302301287651062,-0.4467814266681671,-0.6925268769264221,-0.14500144124031067,0.0,0.0,0.0,0.0,0.0,0.0,0.0,0.0,0.0,0.0,0.0,0.0,0.0,0.0,0.0,0.0,0.0,0.0,0.0,0.0,0.0,0.0,0.0,0.0,0.0,0.0,0.0,0.0,0.0,0.0,0.0,0.0,0.0,0.0,0.0,0.0,0.0,0.0,0.0,0.0,0.0,0.0,0.0,0.0,0.0,0.0,0.0,0.0,0.0,0.0,0.0,0.0,0.0,0.0,0.0,0.0,0.0,0.0,0.0,0.0,0.0,0.0,0.0,SLEEP
0.0,0.0,0.0,-0.06329677999019623,-0.12200815230607986,0.0792030543088913,-0.15229357779026031,-0.27642425894737244,0.10608770698308945,-0.22374485433101654,-0.37356096506118774,0.11494839936494827,-0.29559072852134705,-0.42728179693222046,0.11474490165710449,-0.07369455695152283,-0.4489656984806061,0.03404969722032547,-0.21907727420330048,-0.6272600293159485,0.018518170341849327,-0.3097764253616333,-0.7480865716934204,0.009854696691036224,-0.37896353006362915,-0.8548561930656433,0.001323617179878056,-0.06852871924638748,-0.45383578538894653,-0.028483502566814423,-0.2341807782649994,-0.6577672958374023,-0.055506251752376556,-0.3304254412651062,-0.7950383424758911,-0.07952690124511719,-0.3986629843711853,-0.9120293855667114,-0.09628137946128845,-0.09582925587892532,-0.41156917810440063,-0.08345013856887817,-0.25729531049728394,-0.617741584777832,-0.11592911183834076,-0.3529030978679657,-0.7607743740081787,-0.14021596312522888,-0.4194507300853729,-0.8856820464134216,-0.15461550652980804,-0.16076065599918365,-0.32204872369766235,-0.12908734381198883,-0.30096131563186646,-0.4905112683773041,-0.16107885539531708,-0.37166300415992737,-0.6015454530715942,-0.17254140973091125,-0.4191313683986664,-0.7065412998199463,-0.17903296649456024,0.0,0.0,0.0,-0.14823906123638153,-0.06746236234903336,0.08243107795715332,-0.20966660976409912,-0.18110089004039764,0.10940884798765182,-0.259040892124176,-0.2535100281238556,0.11542181670665741,-0.31178125739097595,-0.3103266954421997,0.11349260807037354,-0.1483285278081894,-0.4582550525665283,0.07954078912734985,-0.26589852571487427,-0.6226896047592163,0.07618486881256104,-0.3345174193382263,-0.7293316721916199,0.06800491362810135,-0.3844846785068512,-0.8320269584655762,0.056934937834739685,-0.14572674036026,-0.4736555814743042,0.017681589350104332,-0.2937191426753998,-0.6769598126411438,0.009913350455462933,-0.374922513961792,-0.7940027117729187,-0.006801464129239321,-0.4246395230293274,-0.9050217270851135,-0.024838887155056,-0.17237317562103271,-0.43101418018341064,-0.041566960513591766,-0.32066643238067627,-0.6324820518493652,-0.059570834040641785,-0.3999168574810028,-0.7540202736854553,-0.08370515704154968,-0.4446254074573517,-0.8661422729492188,-0.10568198561668396,-0.23735518753528595,-0.3489462435245514,-0.09335242211818695,-0.34649425745010376,-0.4970220923423767,-0.11962714046239853,-0.40791943669319153,-0.5912960171699524,-0.1381661742925644,-0.4515165388584137,-0.6887022256851196,-0.15539909899234772,SLEEP
0.0,0.0,0.0,-0.15636023879051208,-0.06294307112693787,0.09467492997646332,-0.2183409035205841,-0.16949155926704407,0.12912145256996155,-0.27066200971603394,-0.23954786360263824,0.1395380198955536,-0.32484760880470276,-0.2956302762031555,0.14146870374679565,-0.15943390130996704,-0.45856940746307373,0.10370560735464096,-0.2815955579280853,-0.6132846474647522,0.10831093788146973,-0.35081204771995544,-0.7081422805786133,0.10486339777708054,-0.4006086587905884,-0.804742157459259,0.09554272890090942,-0.15766902267932892,-0.47987574338912964,0.035884302109479904,-0.30797988176345825,-0.6809326410293579,0.032067760825157166,-0.3895696997642517,-0.7917108535766602,0.0165301114320755,-0.43758881092071533,-0.8991742134094238,-0.0013317218981683254,-0.18491794168949127,-0.43660008907318115,-0.02957257069647312,-0.33462056517601013,-0.6392826437950134,-0.047008052468299866,-0.4151271879673004,-0.7576364278793335,-0.07096707820892334,-0.4601169526576996,-0.8690828680992126,-0.09314744919538498,-0.2511092722415924,-0.35216400027275085,-0.08652902394533157,-0.36167412996292114,-0.503999650478363,-0.11557929217815399,-0.4249897003173828,-0.5977591276168823,-0.13643313944339752,-0.4690346121788025,-0.6944184899330139,-0.15568506717681885,0.0,0.0,0.0,0.0,0.0,0.0,0.0,0.0,0.0,0.0,0.0,0.0,0.0,0.0,0.0,0.0,0.0,0.0,0.0,0.0,0.0,0.0,0.0,0.0,0.0,0.0,0.0,0.0,0.0,0.0,0.0,0.0,0.0,0.0,0.0,0.0,0.0,0.0,0.0,0.0,0.0,0.0,0.0,0.0,0.0,0.0,0.0,0.0,0.0,0.0,0.0,0.0,0.0,0.0,0.0,0.0,0.0,0.0,0.0,0.0,0.0,0.0,0.0,SLEEP
0.0,0.0,0.0,-0.03557560220360756,-0.16206026077270508,0.09415405243635178,-0.11891406774520874,-0.3134656846523285,0.12801174819469452,-0.19711968302726746,-0.3940400779247284,0.14045566320419312,-0.2682667076587677,-0.437142550945282,0.1436304748058319,-0.06879126280546188,-0.45272260904312134,0.052802540361881256,-0.2251245379447937,-0.6172715425491333,0.04372944310307503,-0.3234713673591614,-0.7284495234489441,0.04045753553509712,-0.3970683813095093,-0.8309506773948669,0.035231996327638626,-0.07292801886796951,-0.4609362781047821,-0.015196993947029114,-0.2449617236852646,-0.6604301333427429,-0.036873795092105865,-0.34284189343452454,-0.7946933507919312,-0.053347617387771606,-0.40779927372932434,-0.9107608795166016,-0.064918152987957,-0.10796744376420975,-0.4185284972190857,-0.0751793384552002,-0.27621570229530334,-0.6253933906555176,-0.10282748937606812,-0.3731248080730438,-0.7619439959526062,-0.12105467915534973,-0.4357154965400696,-0.8804757595062256,-0.13150374591350555,-0.17609097063541412,-0.32638436555862427,-0.12478677183389664,-0.31824445724487305,-0.4975764751434326,-0.1519586443901062,-0.39240172505378723,-0.604519784450531,-0.15959855914115906,-0.44131240248680115,-0.7020321488380432,-0.16356170177459717,0.0,0.0,0.0,-0.15084844827651978,-0.0855865404009819,0.11975132673978806,-0.2098730355501175,-0.19175401329994202,0.1641203910112381,-0.26410001516342163,-0.2532179057598114,0.17873211205005646,-0.3190957307815552,-0.3076147437095642,0.18345436453819275,-0.15735343098640442,-0.4554278552532196,0.1323457658290863,-0.2826267182826996,-0.598389208316803,0.1426433026790619,-0.3561917841434479,-0.6794450283050537,0.14243777096271515,-0.4050149917602539,-0.7634034156799316,0.13587088882923126,-0.15517428517341614,-0.4807000756263733,0.05284138768911362,-0.30592456459999084,-0.6777259111404419,0.05205680429935455,-0.38929787278175354,-0.7924007773399353,0.03845275193452835,-0.4364566504955292,-0.8994559049606323,0.022015007212758064,-0.18120545148849487,-0.43945902585983276,-0.023196648806333542,-0.3290596306324005,-0.6442257165908813,-0.03661723434925079,-0.40916481614112854,-0.7668610215187073,-0.057087674736976624,-0.45264849066734314,-0.8802024722099304,-0.07743886113166809,-0.24859623610973358,-0.35662299394607544,-0.08872410655021667,-0.35596325993537903,-0.511274516582489,-0.11385075002908707,-0.414340615272522,-0.6096457242965698,-0.13113419711589813,-0.45248591899871826,-0.7086944580078125,-0.1484377682209015,SLEEP
0.0,0.0,0.0,-0.15948764979839325,-0.07605163753032684,0.11933262646198273,-0.2168426811695099,-0.1827048361301422,0.16361209750175476,-0.26878130435943604,-0.2457508146762848,0.17855161428451538,-0.3212553858757019,-0.30420976877212524,0.18375346064567566,-0.15793214738368988,-0.4585135281085968,0.13027486205101013,-0.2803948223590851,-0.6068809032440186,0.14098212122917175,-0.3512086272239685,-0.6944334506988525,0.14190757274627686,-0.3984573483467102,-0.7832947373390198,0.13563098013401031,-0.15554237365722656,-0.4817480146884918,0.05024271085858345,-0.3060256242752075,-0.6788530945777893,0.049096956849098206,-0.38846713304519653,-0.7933622598648071,0.03518259525299072,-0.43441909551620483,-0.9005202054977417,0.018530050292611122,-0.18242524564266205,-0.4391402006149292,-0.0262578297406435,-0.33289262652397156,-0.6415263414382935,-0.04170669615268707,-0.4125674366950989,-0.7621663212776184,-0.06277421116828918,-0.4561450481414795,-0.8747977018356323,-0.08324259519577026,-0.25070735812187195,-0.35530808568000793,-0.09217951446771622,-0.36133435368537903,-0.5090291500091553,-0.12172452360391617,-0.4210352897644043,-0.6067953705787659,-0.14176222681999207,-0.46015456318855286,-0.7065492272377014,-0.16043609380722046,0.0,0.0,0.0,0.0,0.0,0.0,0.0,0.0,0.0,0.0,0.0,0.0,0.0,0.0,0.0,0.0,0.0,0.0,0.0,0.0,0.0,0.0,0.0,0.0,0.0,0.0,0.0,0.0,0.0,0.0,0.0,0.0,0.0,0.0,0.0,0.0,0.0,0.0,0.0,0.0,0.0,0.0,0.0,0.0,0.0,0.0,0.0,0.0,0.0,0.0,0.0,0.0,0.0,0.0,0.0,0.0,0.0,0.0,0.0,0.0,0.0,0.0,0.0,SLEEP
0.0,0.0,0.0,-0.03337399289011955,-0.16434833407402039,0.10761377215385437,-0.12648333609104156,-0.3195745050907135,0.1479325294494629,-0.21017323434352875,-0.3978058993816376,0.16413703560829163,-0.2819230258464813,-0.4373820126056671,0.17014339566230774,-0.0717068687081337,-0.4488924741744995,0.06643211096525192,-0.23303861916065216,-0.6053382754325867,0.06374098360538483,-0.33995309472084045,-0.7075002193450928,0.06379655003547668,-0.42102277278900146,-0.8003284931182861,0.05925489589571953,-0.0751279816031456,-0.45720329880714417,-0.010190638713538647,-0.25380244851112366,-0.6559133529663086,-0.025103775784373283,-0.35805919766426086,-0.7927502989768982,-0.03876541927456856,-0.4299827516078949,-0.9014369249343872,-0.05026242882013321,-0.11047198623418808,-0.4143586754798889,-0.07807081192731857,-0.28240111470222473,-0.6237959265708923,-0.09938283264636993,-0.3842296898365021,-0.7606461048126221,-0.11428234726190567,-0.453622043132782,-0.8748621940612793,-0.12500008940696716,-0.17763406038284302,-0.31971627473831177,-0.13484153151512146,-0.3248808979988098,-0.4939791262149811,-0.15929366648197174,-0.4008914828300476,-0.6032559871673584,-0.16502757370471954,-0.4527483284473419,-0.69983971118927,-0.16892461478710175,0.0,0.0,0.0,-0.15307089686393738,-0.0865715816617012,0.12716375291347504,-0.2119269222021103,-0.19588421285152435,0.17640213668346405,-0.2650911808013916,-0.26063960790634155,0.1951063573360443,-0.31990760564804077,-0.31867823004722595,0.20338769257068634,-0.1597277969121933,-0.4593227207660675,0.1356191784143448,-0.28008896112442017,-0.6092678308486938,0.14799293875694275,-0.3510044515132904,-0.6992119550704956,0.15067021548748016,-0.398816853761673,-0.7922204732894897,0.14513319730758667,-0.15495343506336212,-0.4814704656600952,0.0522846058011055,-0.3054223358631134,-0.6771776080131531,0.05133439972996712,-0.3876950442790985,-0.7920881509780884,0.03874729201197624,-0.4337703585624695,-0.9007313251495361,0.022939790040254593,-0.17942477762699127,-0.4390786290168762,-0.02700110711157322,-0.3295111656188965,-0.6372649669647217,-0.04310028254985809,-0.409789502620697,-0.7590485215187073,-0.06488797813653946,-0.45409727096557617,-0.8733797073364258,-0.08607959002256393,-0.24538907408714294,-0.35670536756515503,-0.09494888037443161,-0.35541537404060364,-0.5081822872161865,-0.1266733705997467,-0.41546866297721863,-0.606485903263092,-0.1487848311662674,-0.45481929183006287,-0.7071674466133118,-0.16919514536857605,SLEEP
0.0,0.0,0.0,-0.15395525097846985,-0.07828165590763092,0.11526410281658173,-0.2148212194442749,-0.19006718695163727,0.15878920257091522,-0.2686907947063446,-0.25710001587867737,0.1742853969335556,-0.3238285481929779,-0.3147953152656555,0.18013359606266022,-0.15972691774368286,-0.45870497822761536,0.12063474953174591,-0.2778191864490509,-0.614482045173645,0.12976698577404022,-0.3460264801979065,-0.710934042930603,0.13061410188674927,-0.39357900619506836,-0.8096135258674622,0.1237427294254303,-0.15690113604068756,-0.47895970940589905,0.04230600968003273,-0.3064889907836914,-0.6773912906646729,0.03970833867788315,-0.3875974118709564,-0.7917959690093994,0.02685847505927086,-0.4345772862434387,-0.9005643725395203,0.01124544721096754,-0.18277190625667572,-0.4356711804866791,-0.03244650363922119,-0.3338093161582947,-0.6333393454551697,-0.049312084913253784,-0.41270631551742554,-0.7549759745597839,-0.07107952982187271,-0.45748472213745117,-0.8709051609039307,-0.09209706634283066,-0.2479463815689087,-0.3524945080280304,-0.0970098152756691,-0.3565986454486847,-0.5033299922943115,-0.12967422604560852,-0.41715162992477417,-0.6013195514678955,-0.15234825015068054,-0.4587121903896332,-0.702320396900177,-0.17275677621364594,0.0,0.0,0.0,0.0,0.0,0.0,0.0,0.0,0.0,0.0,0.0,0.0,0.0,0.0,0.0,0.0,0.0,0.0,0.0,0.0,0.0,0.0,0.0,0.0,0.0,0.0,0.0,0.0,0.0,0.0,0.0,0.0,0.0,0.0,0.0,0.0,0.0,0.0,0.0,0.0,0.0,0.0,0.0,0.0,0.0,0.0,0.0,0.0,0.0,0.0,0.0,0.0,0.0,0.0,0.0,0.0,0.0,0.0,0.0,0.0,0.0,0.0,0.0,SLEEP
0.0,0.0,0.0,-0.0819796472787857,-0.10743730515241623,0.07956305891275406,-0.16452202200889587,-0.2515174150466919,0.10291150957345963,-0.22775252163410187,-0.3400289714336395,0.10733447223901749,-0.2956581711769104,-0.40170717239379883,0.10405150055885315,-0.09826537221670151,-0.4430079460144043,0.03945683315396309,-0.23963011801242828,-0.6160455346107483,0.02373100444674492,-0.3248116374015808,-0.73853999376297,0.0123225012794137,-0.3905901610851288,-0.8519423007965088,0.0018230034038424492,-0.09268201887607574,-0.45183610916137695,-0.02372104674577713,-0.2525065839290619,-0.6502377986907959,-0.048975616693496704,-0.3429936170578003,-0.7882017493247986,-0.07251599431037903,-0.4021552801132202,-0.9112521409988403,-0.08882929384708405,-0.1177864521741867,-0.4074251055717468,-0.07925105839967728,-0.2764514088630676,-0.6065714359283447,-0.10916159301996231,-0.3682640790939331,-0.7429808974266052,-0.12927570939064026,-0.42763230204582214,-0.8642936944961548,-0.14040929079055786,-0.17623300850391388,-0.31314370036125183,-0.1259898990392685,-0.3101932108402252,-0.4805338382720947,-0.15209603309631348,-0.37981942296028137,-0.5807034373283386,-0.1567738801240921,-0.4248960614204407,-0.6713789701461792,-0.15800490975379944,0.0,0.0,0.0,-0.15821592509746552,-0.07081348448991776,0.09850159287452698,-0.21787205338478088,-0.18121594190597534,0.130959615111351,-0.266109824180603,-0.2456330806016922,0.1382005661725998,-0.318119078874588,-0.301448792219162,0.13619545102119446,-0.154526025056839,-0.461658239364624,0.09947453439235687,-0.2744271457195282,-0.6195957660675049,0.1013118252158165,-0.3433636724948883,-0.7198256254196167,0.09617648273706436,-0.39124780893325806,-0.8212389945983887,0.08619078993797302,-0.15224646031856537,-0.4794280230998993,0.027938498184084892,-0.30467337369918823,-0.677855372428894,0.021902630105614662,-0.3862447142601013,-0.7920444011688232,0.005414378363639116,-0.43296530842781067,-0.9013180732727051,-0.012914224527776241,-0.1781473010778427,-0.436606228351593,-0.04051419720053673,-0.3308849036693573,-0.6350870132446289,-0.05861637368798256,-0.4118298292160034,-0.755628764629364,-0.08208487927913666,-0.4566841125488281,-0.8674374222755432,-0.10395168513059616,-0.24227556586265564,-0.35325008630752563,-0.10020965337753296,-0.3537892699241638,-0.5055698752403259,-0.12858207523822784,-0.4148351550102234,-0.6008694767951965,-0.1473514884710312,-0.4563330113887787,-0.6976053714752197,-0.16505606472492218,SLEEP
0.0,0.0,0.0,-0.15861959755420685,-0.06669287383556366,0.10136641561985016,-0.2206907421350479,-0.17482751607894897,0.13536129891872406,-0.27338922023773193,-0.24091537296772003,0.14368917047977448,-0.32751384377479553,-0.2972870469093323,0.1428690105676651,-0.15945260226726532,-0.4578906297683716,0.10249094665050507,-0.2802359461784363,-0.6186540722846985,0.1073121577501297,-0.3500147759914398,-0.720832109451294,0.10535085201263428,-0.3994443118572235,-0.8211221098899841,0.09709691256284714,-0.15593311190605164,-0.47676244378089905,0.029867419973015785,-0.30808225274086,-0.676643431186676,0.025018444284796715,-0.39192190766334534,-0.7895605564117432,0.009901774115860462,-0.4409415125846863,-0.8975048661231995,-0.007455192506313324,-0.1815461814403534,-0.4331551492214203,-0.03930816426873207,-0.3349436819553375,-0.6328861713409424,-0.05672948434948921,-0.41760918498039246,-0.7517401576042175,-0.07929040491580963,-0.4641556441783905,-0.8632280826568604,-0.10096561163663864,-0.2468520998954773,-0.3468959331512451,-0.09935413300991058,-0.36027488112449646,-0.4945726692676544,-0.12852779030799866,-0.42264890670776367,-0.5901463031768799,-0.14836671948432922,-0.4648838937282562,-0.6897136569023132,-0.1670411080121994,0.0,0.0,0.0,0.0,0.0,0.0,0.0,0.0,0.0,0.0,0.0,0.0,0.0,0.0,0.0,0.0,0.0,0.0,0.0,0.0,0.0,0.0,0.0,0.0,0.0,0.0,0.0,0.0,0.0,0.0,0.0,0.0,0.0,0.0,0.0,0.0,0.0,0.0,0.0,0.0,0.0,0.0,0.0,0.0,0.0,0.0,0.0,0.0,0.0,0.0,0.0,0.0,0.0,0.0,0.0,0.0,0.0,0.0,0.0,0.0,0.0,0.0,0.0,SLEEP
0.0,0.0,0.0,-0.0706288069486618,-0.12093817442655563,0.09092099219560623,-0.15477603673934937,-0.26852932572364807,0.12232214957475662,-0.22031213343143463,-0.3557429015636444,0.1329343467950821,-0.28504055738449097,-0.4139852821826935,0.13567395508289337,-0.07974373549222946,-0.45073145627975464,0.05481543764472008,-0.2351006269454956,-0.6101221442222595,0.0479557067155838,-0.33441808819770813,-0.7130783796310425,0.04569593071937561,-0.4078606963157654,-0.8116110563278198,0.04079249128699303,-0.07582320272922516,-0.4641282856464386,-0.012863491661846638,-0.24516093730926514,-0.6648868918418884,-0.034159038215875626,-0.343131959438324,-0.7960543632507324,-0.050626832991838455,-0.40653470158576965,-0.9115638732910156,-0.06148894876241684,-0.10573870688676834,-0.42328938841819763,-0.0730261355638504,-0.27229568362236023,-0.6326349377632141,-0.10214260965585709,-0.3700443208217621,-0.7666650414466858,-0.11987639963626862,-0.43323585391044617,-0.8842719197273254,-0.1287447214126587,-0.17153705656528473,-0.3298334777355194,-0.12325143814086914,-0.31453049182891846,-0.505190908908844,-0.14925707876682281,-0.3893628716468811,-0.6099705100059509,-0.15433119237422943,-0.4384920597076416,-0.7045377492904663,-0.15607601404190063,0.0,0.0,0.0,-0.15831205248832703,-0.07079645246267319,0.0985635295510292,-0.21878142654895782,-0.17710082232952118,0.13323159515857697,-0.27014026045799255,-0.2450665384531021,0.14247214794158936,-0.32166019082069397,-0.30480238795280457,0.14253582060337067,-0.1606011688709259,-0.45231756567955017,0.10621163994073868,-0.2808719575405121,-0.605039119720459,0.10973795503377914,-0.3501151204109192,-0.7046351432800293,0.10519075393676758,-0.40003061294555664,-0.8064092993736267,0.0953729972243309,-0.15755003690719604,-0.4734366536140442,0.03593787923455238,-0.30652615427970886,-0.670687198638916,0.028282124549150467,-0.388572633266449,-0.7864488959312439,0.010365701280534267,-0.4375748634338379,-0.8991473913192749,-0.007889164611697197,-0.1813931167125702,-0.4304649829864502,-0.031357068568468094,-0.33121681213378906,-0.6280145645141602,-0.05022992938756943,-0.4123595058917999,-0.748397707939148,-0.07349588721990585,-0.45792171359062195,-0.8627275824546814,-0.09404220432043076,-0.2434510439634323,-0.34462401270866394,-0.08991138637065887,-0.3538613021373749,-0.4936632215976715,-0.11722870171070099,-0.41474831104278564,-0.5875236988067627,-0.1350078284740448,-0.4557406008243561,-0.6853780150413513,-0.1514647901058197,SLEEP
0.0,0.0,0.0,-0.15123914182186127,-0.07838782668113708,0.09949933737516403,-0.2140711098909378,-0.18430757522583008,0.13525088131427765,-0.26917800307273865,-0.2532212436199188,0.14500515162944794,-0.324200302362442,-0.3108454942703247,0.14556825160980225,-0.16087067127227783,-0.45230019092559814,0.10940918326377869,-0.28126466274261475,-0.6068122386932373,0.11298993229866028,-0.3494607210159302,-0.7079057097434998,0.10791327059268951,-0.39924776554107666,-0.8110278248786926,0.09744930267333984,-0.15847162902355194,-0.4740213453769684,0.03840842470526695,-0.3074100911617279,-0.6683514714241028,0.031341247260570526,-0.388596773147583,-0.7853990197181702,0.012895231135189533,-0.43759143352508545,-0.8991536498069763,-0.0060403430834412575,-0.1835341602563858,-0.43141305446624756,-0.02982792817056179,-0.3336743414402008,-0.6264138221740723,-0.04736001044511795,-0.41527190804481506,-0.7472074627876282,-0.07017917931079865,-0.46233227849006653,-0.8630558848381042,-0.09098053723573685,-0.2465941160917282,-0.3460220992565155,-0.0895155817270279,-0.357405424118042,-0.4928688406944275,-0.11680229008197784,-0.41925594210624695,-0.5868387222290039,-0.13500213623046875,-0.4620605707168579,-0.6852779388427734,-0.1518411934375763,0.0,0.0,0.0,0.0,0.0,0.0,0.0,0.0,0.0,0.0,0.0,0.0,0.0,0.0,0.0,0.0,0.0,0.0,0.0,0.0,0.0,0.0,0.0,0.0,0.0,0.0,0.0,0.0,0.0,0.0,0.0,0.0,0.0,0.0,0.0,0.0,0.0,0.0,0.0,0.0,0.0,0.0,0.0,0.0,0.0,0.0,0.0,0.0,0.0,0.0,0.0,0.0,0.0,0.0,0.0,0.0,0.0,0.0,0.0,0.0,0.0,0.0,0.0,SLEEP
0.0,0.0,0.0,-0.06789888441562653,-0.12300477176904678,0.0839243233203888,-0.14817187190055847,-0.2721637785434723,0.1115674152970314,-0.20727598667144775,-0.3649515211582184,0.11903058737516403,-0.26905450224876404,-0.43057525157928467,0.11878068000078201,-0.08728871494531631,-0.4442141354084015,0.04725448787212372,-0.2290968894958496,-0.6165300607681274,0.034479644149541855,-0.3170331120491028,-0.73685622215271,0.02547864243388176,-0.3835603892803192,-0.8487846851348877,0.016684914007782936,-0.08369234949350357,-0.4521954357624054,-0.017897631973028183,-0.24436531960964203,-0.6524115204811096,-0.04093001410365105,-0.3371877670288086,-0.7913061380386353,-0.062111321836709976,-0.39731818437576294,-0.9144695997238159,-0.07670465111732483,-0.11130856722593307,-0.4102327525615692,-0.07560565322637558,-0.27163174748420715,-0.6143673062324524,-0.10324766486883163,-0.36588379740715027,-0.7500762343406677,-0.12063078582286835,-0.4252038896083832,-0.8688746690750122,-0.1299324482679367,-0.17319296300411224,-0.31875109672546387,-0.12459082156419754,-0.3092782497406006,-0.4889135956764221,-0.1488611400127411,-0.3793731927871704,-0.5916423797607422,-0.1521267294883728,-0.4229048788547516,-0.6829480528831482,-0.1524161547422409,0.0,0.0,0.0,-0.16668199002742767,-0.07744346559047699,0.1260131448507309,-0.2231515347957611,-0.18059171736240387,0.17375770211219788,-0.27510470151901245,-0.2425864338874817,0.19165140390396118,-0.3260515332221985,-0.30269578099250793,0.19927607476711273,-0.1619364470243454,-0.4542241096496582,0.12914660573005676,-0.28250524401664734,-0.6070037484169006,0.13899722695350647,-0.3515300154685974,-0.7019878029823303,0.1407386064529419,-0.3987691402435303,-0.7986060976982117,0.1347726285457611,-0.15618444979190826,-0.47544431686401367,0.0475558303296566,-0.31087037920951843,-0.67343670129776,0.04158143699169159,-0.3934464752674103,-0.7880735397338867,0.02722153440117836,-0.4390623867511749,-0.8983850479125977,0.011338753625750542,-0.17909590899944305,-0.43057024478912354,-0.029345322400331497,-0.33440911769866943,-0.6324320435523987,-0.04754001647233963,-0.4156597852706909,-0.7512753009796143,-0.06754033267498016,-0.4598379135131836,-0.8655161261558533,-0.08621016889810562,-0.2423032820224762,-0.34496399760246277,-0.09483913332223892,-0.3559996783733368,-0.4949483871459961,-0.1269647628068924,-0.42014479637145996,-0.5903187394142151,-0.14836536347866058,-0.46300768852233887,-0.6894394159317017,-0.16727222502231598,SLEEP
0.0,0.0,0.0,-0.14429953694343567,-0.08719480037689209,0.11991316080093384,-0.20666298270225525,-0.19486697018146515,0.16664738953113556,-0.26100513339042664,-0.26623091101646423,0.18376930058002472,-0.3156118094921112,-0.326220840215683,0.19043633341789246,-0.15738418698310852,-0.4505128562450409,0.12640583515167236,-0.2789808213710785,-0.6054900884628296,0.13661150634288788,-0.34743377566337585,-0.7057162523269653,0.13798542320728302,-0.39591386914253235,-0.8077860474586487,0.1316024214029312,-0.15454958379268646,-0.4723639190196991,0.04638149216771126,-0.305059015750885,-0.6717157363891602,0.042848482728004456,-0.38631024956703186,-0.7896846532821655,0.029317157343029976,-0.43430855870246887,-0.9006504416465759,0.01431279256939888,-0.1778886616230011,-0.4295409917831421,-0.029412074014544487,-0.3295654356479645,-0.6277682781219482,-0.04466409608721733,-0.41083553433418274,-0.7466933131217957,-0.06433853507041931,-0.4577426612377167,-0.8598910570144653,-0.08308383077383041,-0.23724767565727234,-0.34307464957237244,-0.09486690908670425,-0.3490060567855835,-0.4911714494228363,-0.1227002739906311,-0.4110088348388672,-0.5861654877662659,-0.14088784158229828,-0.45394545793533325,-0.683228075504303,-0.1576606184244156,0.0,0.0,0.0,0.0,0.0,0.0,0.0,0.0,0.0,0.0,0.0,0.0,0.0,0.0,0.0,0.0,0.0,0.0,0.0,0.0,0.0,0.0,0.0,0.0,0.0,0.0,0.0,0.0,0.0,0.0,0.0,0.0,0.0,0.0,0.0,0.0,0.0,0.0,0.0,0.0,0.0,0.0,0.0,0.0,0.0,0.0,0.0,0.0,0.0,0.0,0.0,0.0,0.0,0.0,0.0,0.0,0.0,0.0,0.0,0.0,0.0,0.0,0.0,SLEEP
0.0,0.0,0.0,-0.03133886680006981,-0.16308358311653137,0.10332418233156204,-0.12469864636659622,-0.3098500072956085,0.13885368406772614,-0.21105638146400452,-0.38034141063690186,0.15006782114505768,-0.2847013771533966,-0.4167601466178894,0.1514119952917099,-0.07800248265266418,-0.43936794996261597,0.06347817927598953,-0.24172374606132507,-0.5954077243804932,0.05552070587873459,-0.3493746817111969,-0.6998619437217712,0.05139430612325668,-0.4306943118572235,-0.7977238893508911,0.04404416307806969,-0.08053883910179138,-0.444172739982605,-0.013315954245626926,-0.2583155632019043,-0.6429770588874817,-0.03432448208332062,-0.3602429926395416,-0.7844274044036865,-0.05205985903739929,-0.4283164441585541,-0.9012367129325867,-0.06570683419704437,-0.11321434378623962,-0.3990840017795563,-0.08193527907133102,-0.28965824842453003,-0.6074902415275574,-0.11014418303966522,-0.3890729546546936,-0.7467186450958252,-0.1276763677597046,-0.4541589021682739,-0.8688625693321228,-0.1389046311378479,-0.175911545753479,-0.30507856607437134,-0.1395203024148941,-0.3274819552898407,-0.47337180376052856,-0.16937562823295593,-0.40319526195526123,-0.5799632668495178,-0.17672838270664215,-0.4529622197151184,-0.6795503497123718,-0.1810026317834854,0.0,0.0,0.0,-0.1524064987897873,-0.07438305765390396,0.12768255174160004,-0.21559232473373413,-0.1790163367986679,0.17859357595443726,-0.2695084810256958,-0.24468986690044403,0.19889040291309357,-0.3237495422363281,-0.3032362759113312,0.20882394909858704,-0.1604176014661789,-0.44999709725379944,0.13637349009513855,-0.2773340344429016,-0.6074341535568237,0.15043127536773682,-0.34401240944862366,-0.7078139185905457,0.15437880158424377,-0.3902813494205475,-0.8078798651695251,0.14946238696575165,-0.15693578124046326,-0.471839040517807,0.052831508219242096,-0.30842989683151245,-0.672233521938324,0.05346252769231796,-0.3897669017314911,-0.7902444005012512,0.042018234729766846,-0.4359692931175232,-0.8995361924171448,0.027666417881846428,-0.18156692385673523,-0.43052536249160767,-0.026517847552895546,-0.33552536368370056,-0.6289345622062683,-0.04021985083818436,-0.4151252806186676,-0.7507437467575073,-0.059858717024326324,-0.4598568081855774,-0.8668932914733887,-0.07933458685874939,-0.244864821434021,-0.3473372161388397,-0.09478572756052017,-0.357124924659729,-0.49631640315055847,-0.12411550432443619,-0.4183340072631836,-0.5939102172851562,-0.14439846575260162,-0.4603808522224426,-0.6949915885925293,-0.1630987823009491,SLEEP
0.0,0.0,0.0,-0.1594325304031372,-0.07596392929553986,0.11858051270246506,-0.2219611257314682,-0.18124248087406158,0.16533949971199036,-0.2778138518333435,-0.2494932860136032,0.18287625908851624,-0.3306898772716522,-0.31029820442199707,0.19049370288848877,-0.16431643068790436,-0.4523108899593353,0.13094212114810944,-0.28904005885124207,-0.603044867515564,0.1439986228942871,-0.35855135321617126,-0.6970928311347961,0.14685072004795074,-0.4077882766723633,-0.7939364910125732,0.14101046323776245,-0.15932489931583405,-0.47616100311279297,0.05221652239561081,-0.31208014488220215,-0.6724340319633484,0.050118811428546906,-0.39392438530921936,-0.7870979309082031,0.0358559787273407,-0.44152796268463135,-0.8970237374305725,0.0200358834117651,-0.18179993331432343,-0.43244606256484985,-0.022666992619633675,-0.3365638256072998,-0.6287778615951538,-0.038023944944143295,-0.41772323846817017,-0.7471329569816589,-0.05809475854039192,-0.4643089175224304,-0.8625010848045349,-0.07701925188302994,-0.2432689070701599,-0.3451969027519226,-0.08720646798610687,-0.35692477226257324,-0.49351075291633606,-0.11626027524471283,-0.4189091622829437,-0.5871391296386719,-0.13561011850833893,-0.4612480401992798,-0.6849158406257629,-0.15312907099723816,0.0,0.0,0.0,0.0,0.0,0.0,0.0,0.0,0.0,0.0,0.0,0.0,0.0,0.0,0.0,0.0,0.0,0.0,0.0,0.0,0.0,0.0,0.0,0.0,0.0,0.0,0.0,0.0,0.0,0.0,0.0,0.0,0.0,0.0,0.0,0.0,0.0,0.0,0.0,0.0,0.0,0.0,0.0,0.0,0.0,0.0,0.0,0.0,0.0,0.0,0.0,0.0,0.0,0.0,0.0,0.0,0.0,0.0,0.0,0.0,0.0,0.0,0.0,SLEEP
0.0,0.0,0.0,-0.02024650387465954,-0.16142813861370087,0.09497258067131042,-0.11211475729942322,-0.31242042779922485,0.12929172813892365,-0.20391088724136353,-0.3903616666793823,0.14202040433883667,-0.2783048152923584,-0.4279542565345764,0.14486561715602875,-0.07231554388999939,-0.4380517303943634,0.049097105860710144,-0.23626579344272614,-0.6014026403427124,0.03686576336622238,-0.3434862494468689,-0.711853563785553,0.031853362917900085,-0.4230053722858429,-0.8092878460884094,0.024887144565582275,-0.07525316625833511,-0.4433119595050812,-0.023438870906829834,-0.2627579867839813,-0.6411444544792175,-0.044906120747327805,-0.3702836036682129,-0.7786924839019775,-0.060757361352443695,-0.4423675835132599,-0.893827497959137,-0.07337068766355515,-0.11153347790241241,-0.39897584915161133,-0.08869101852178574,-0.2962956428527832,-0.6093342900276184,-0.11731953918933868,-0.400414377450943,-0.7445184588432312,-0.13485240936279297,-0.4672563374042511,-0.8630146384239197,-0.1463858187198639,-0.18019473552703857,-0.3025864064693451,-0.14362791180610657,-0.33832165598869324,-0.47460347414016724,-0.1774422526359558,-0.4201931059360504,-0.5844822525978088,-0.18832962214946747,-0.4726618826389313,-0.6852453351020813,-0.19458085298538208,0.0,0.0,0.0,-0.1545647531747818,-0.08130349218845367,0.1281973123550415,-0.2170526087284088,-0.18759463727474213,0.1813560575246811,-0.2752636969089508,-0.2595769464969635,0.2032703459262848,-0.3322440981864929,-0.3201741874217987,0.21500098705291748,-0.16667598485946655,-0.45204299688339233,0.14687097072601318,-0.29068389534950256,-0.6042453050613403,0.16515778005123138,-0.35867881774902344,-0.7003103494644165,0.1704196184873581,-0.4062272310256958,-0.7981650829315186,0.1659594029188156,-0.16365426778793335,-0.47543981671333313,0.064817413687706,-0.3166084289550781,-0.6711977124214172,0.06834279745817184,-0.3977242410182953,-0.786795973777771,0.0559176541864872,-0.44383928179740906,-0.8951704502105713,0.04094597324728966,-0.18711669743061066,-0.4326835870742798,-0.013172526843845844,-0.3436466157436371,-0.6255725026130676,-0.02278471365571022,-0.42568039894104004,-0.7425878643989563,-0.041499990969896317,-0.4727593660354614,-0.8566365242004395,-0.06067369878292084,-0.24808111786842346,-0.3472614288330078,-0.08043138682842255,-0.36110568046569824,-0.4935312271118164,-0.10541058331727982,-0.42222732305526733,-0.5866493582725525,-0.1237325444817543,-0.4640137553215027,-0.6834114193916321,-0.1411774605512619,SLEEP
0.0,0.0,0.0,-0.07884358614683151,-0.1453605443239212,0.08433692157268524,-0.16987809538841248,-0.2830137014389038,0.11163792014122009,-0.2438429296016693,-0.35993391275405884,0.11749746650457382,-0.31274837255477905,-0.40309011936187744,0.11564378440380096,-0.12951713800430298,-0.43831196427345276,0.06010196730494499,-0.2729025185108185,-0.6003332138061523,0.04581192135810852,-0.3668709099292755,-0.7163430452346802,0.03301229700446129,-0.43259546160697937,-0.819000780582428,0.01949658989906311,-0.12076988071203232,-0.44580307602882385,-0.00848405435681343,-0.29138046503067017,-0.6400465965270996,-0.028429774567484856,-0.3864513337612152,-0.7777266502380371,-0.04913243278861046,-0.4507003426551819,-0.8901739120483398,-0.06677976995706558,-0.1441110074520111,-0.4046892821788788,-0.07214795798063278,-0.31226852536201477,-0.6028335690498352,-0.09929711371660233,-0.40338900685310364,-0.7305918335914612,-0.11783607304096222,-0.46363261342048645,-0.843066930770874,-0.1315007358789444,-0.20068813860416412,-0.3159751892089844,-0.1277380734682083,-0.3454667925834656,-0.4692584276199341,-0.16069352626800537,-0.4189653992652893,-0.562216579914093,-0.17081418633460999,-0.4677318334579468,-0.6468096971511841,-0.17711949348449707,0.0,0.0,0.0,-0.180026113986969,-0.07007289677858353,0.11645045131444931,-0.23698294162750244,-0.176859050989151,0.1597587913274765,-0.2854481339454651,-0.2483152151107788,0.17439532279968262,-0.3352862000465393,-0.3130864202976227,0.17951297760009766,-0.1737288534641266,-0.45483142137527466,0.12686359882354736,-0.29715192317962646,-0.602598249912262,0.13630978763103485,-0.36528968811035156,-0.6970770955085754,0.13613855838775635,-0.4127703607082367,-0.7956722378730774,0.12877257168293,-0.16486340761184692,-0.47778987884521484,0.049139510840177536,-0.32042714953422546,-0.6698225736618042,0.04471859335899353,-0.40369078516960144,-0.7827908396720886,0.02954256162047386,-0.44997638463974,-0.8929491639137268,0.012770351953804493,-0.1853364109992981,-0.43286120891571045,-0.02490413561463356,-0.34186142683029175,-0.6273433566093445,-0.040333811193704605,-0.4242154359817505,-0.7441517114639282,-0.05863134190440178,-0.4689611792564392,-0.8589766621589661,-0.07680293172597885,-0.2458803653717041,-0.346479594707489,-0.08903476595878601,-0.36003437638282776,-0.49185219407081604,-0.11741414666175842,-0.4231089949607849,-0.5849588513374329,-0.1360972821712494,-0.46542492508888245,-0.6839155554771423,-0.15339140594005585,SLEEP
0.0,0.0,0.0,-0.16490112245082855,-0.08795914053916931,0.11416570842266083,-0.22589324414730072,-0.1987142562866211,0.1582202911376953,-0.2796725630760193,-0.271411657333374,0.17270934581756592,-0.3326876163482666,-0.336382120847702,0.17768102884292603,-0.1679019182920456,-0.45621615648269653,0.13572396337985992,-0.29334554076194763,-0.6026532053947449,0.14690464735031128,-0.36304640769958496,-0.6919704079627991,0.14662574231624603,-0.4117077589035034,-0.7861810922622681,0.13934680819511414,-0.16227048635482788,-0.48055291175842285,0.0588407926261425,-0.31479784846305847,-0.6723764538764954,0.057025063782930374,-0.39600470662117004,-0.7870360016822815,0.04143407940864563,-0.4426862299442291,-0.8963426947593689,0.024467958137392998,-0.18372175097465515,-0.43792247772216797,-0.015575283206999302,-0.33621084690093994,-0.6329178214073181,-0.030855294317007065,-0.41819798946380615,-0.7540597319602966,-0.05348757281899452,-0.4645114243030548,-0.8693336248397827,-0.07427532970905304,-0.2439037412405014,-0.351115345954895,-0.08026108890771866,-0.35614213347435,-0.4954575300216675,-0.10630941390991211,-0.42003294825553894,-0.5848601460456848,-0.12451380491256714,-0.46461451053619385,-0.6772636771202087,-0.1418059766292572,0.0,0.0,0.0,0.0,0.0,0.0,0.0,0.0,0.0,0.0,0.0,0.0,0.0,0.0,0.0,0.0,0.0,0.0,0.0,0.0,0.0,0.0,0.0,0.0,0.0,0.0,0.0,0.0,0.0,0.0,0.0,0.0,0.0,0.0,0.0,0.0,0.0,0.0,0.0,0.0,0.0,0.0,0.0,0.0,0.0,0.0,0.0,0.0,0.0,0.0,0.0,0.0,0.0,0.0,0.0,0.0,0.0,0.0,0.0,0.0,0.0,0.0,0.0,SLEEP
0.0,0.0,0.0,-0.06859615445137024,-0.13217215240001678,0.09867852181196213,-0.15384261310100555,-0.2822951674461365,0.13344912230968475,-0.22143961489200592,-0.3726014792919159,0.1459094136953354,-0.28923946619033813,-0.4286685287952423,0.1497059464454651,-0.09353958815336227,-0.4502197802066803,0.0627782866358757,-0.24858346581459045,-0.6152944564819336,0.058202408254146576,-0.3418422043323517,-0.7237808704376221,0.05624285340309143,-0.4106513261795044,-0.8258500099182129,0.05132187530398369,-0.08827672898769379,-0.4622838497161865,-0.008487051352858543,-0.2606668472290039,-0.6614624857902527,-0.02487826533615589,-0.35597705841064453,-0.7937742471694946,-0.0409901924431324,-0.41800957918167114,-0.906902015209198,-0.052884649485349655,-0.11650400608778,-0.419483482837677,-0.07163140922784805,-0.2884712219238281,-0.6218820810317993,-0.09391383081674576,-0.38559016585350037,-0.7537413835525513,-0.11030149459838867,-0.4481506645679474,-0.8697906136512756,-0.12069952487945557,-0.1791476458311081,-0.3237367570400238,-0.12446015328168869,-0.3265673518180847,-0.4911837875843048,-0.14757278561592102,-0.40147456526756287,-0.594221293926239,-0.1523015946149826,-0.45035815238952637,-0.6892264485359192,-0.15467485785484314,0.0,0.0,0.0,-0.17412321269512177,-0.06612736731767654,0.10764192789793015,-0.23318320512771606,-0.17875778675079346,0.14702975749969482,-0.28276121616363525,-0.2513693869113922,0.15972064435482025,-0.33188170194625854,-0.31592100858688354,0.1633228063583374,-0.16981396079063416,-0.4522561728954315,0.11298439651727676,-0.2902178168296814,-0.6046169400215149,0.1185610368847847,-0.35930171608924866,-0.6997842192649841,0.1177859753370285,-0.40703973174095154,-0.7976886630058289,0.11048024892807007,-0.16335485875606537,-0.4757814109325409,0.038663655519485474,-0.318087100982666,-0.6728771328926086,0.03147914260625839,-0.4010778069496155,-0.7853178977966309,0.017639391124248505,-0.4477841854095459,-0.8941383361816406,0.002430850639939308,-0.18572787940502167,-0.4326864778995514,-0.03259257227182388,-0.34269359707832336,-0.6303786039352417,-0.05211890861392021,-0.42400306463241577,-0.7477182149887085,-0.07205113023519516,-0.46882420778274536,-0.8611475825309753,-0.09049332141876221,-0.247197225689888,-0.3486132323741913,-0.09443708509206772,-0.3596828281879425,-0.4967758357524872,-0.1267022043466568,-0.42292019724845886,-0.591505229473114,-0.14799529314041138,-0.46605250239372253,-0.6907037496566772,-0.1667628139257431,SLEEP
0.0,0.0,0.0,-0.1562892496585846,-0.08698193728923798,0.10630539059638977,-0.21540111303329468,-0.19541218876838684,0.1468380242586136,-0.2678644061088562,-0.2697160542011261,0.1598731428384781,-0.32106420397758484,-0.33378174901008606,0.1638045608997345,-0.1654968112707138,-0.45059090852737427,0.1226654201745987,-0.2906343638896942,-0.6011900901794434,0.1288231760263443,-0.3598976731300354,-0.6961311101913452,0.12584631145000458,-0.4086642265319824,-0.7935153245925903,0.11724330484867096,-0.16164815425872803,-0.4759295582771301,0.049546025693416595,-0.3152509033679962,-0.6680052280426025,0.04536312073469162,-0.39709368348121643,-0.7852001190185547,0.02905362658202648,-0.44524675607681274,-0.8953372836112976,0.011247347109019756,-0.18567359447479248,-0.43453165888786316,-0.021347830072045326,-0.3398882746696472,-0.6285618543624878,-0.037442270666360855,-0.4232860505580902,-0.7486642003059387,-0.0598023347556591,-0.4713257849216461,-0.8632550835609436,-0.08082932978868484,-0.24895593523979187,-0.35072195529937744,-0.08328612148761749,-0.35977908968925476,-0.4945923089981079,-0.11262216418981552,-0.4238380491733551,-0.5882317423820496,-0.1336100995540619,-0.46953731775283813,-0.6859330534934998,-0.15251882374286652,0.0,0.0,0.0,0.0,0.0,0.0,0.0,0.0,0.0,0.0,0.0,0.0,0.0,0.0,0.0,0.0,0.0,0.0,0.0,0.0,0.0,0.0,0.0,0.0,0.0,0.0,0.0,0.0,0.0,0.0,0.0,0.0,0.0,0.0,0.0,0.0,0.0,0.0,0.0,0.0,0.0,0.0,0.0,0.0,0.0,0.0,0.0,0.0,0.0,0.0,0.0,0.0,0.0,0.0,0.0,0.0,0.0,0.0,0.0,0.0,0.0,0.0,0.0,SLEEP
0.0,0.0,0.0,-0.036935143172740936,-0.1688409298658371,0.1190587729215622,-0.126790389418602,-0.325387179851532,0.16441108286380768,-0.20531649887561798,-0.4071243405342102,0.18261313438415527,-0.2718518376350403,-0.4584389925003052,0.1903289407491684,-0.07875525206327438,-0.45015284419059753,0.07931312918663025,-0.24343618750572205,-0.6022201776504517,0.07733482867479324,-0.3524075150489807,-0.7016969919204712,0.07768047600984573,-0.433754563331604,-0.7933582663536072,0.07284126430749893,-0.07799258083105087,-0.45671480894088745,-0.005416826345026493,-0.26483917236328125,-0.6500590443611145,-0.019048623740673065,-0.371491938829422,-0.7855857014656067,-0.03197425976395607,-0.4438084363937378,-0.8950679898262024,-0.04344452917575836,-0.10977944731712341,-0.41317322850227356,-0.08151165395975113,-0.2936423718929291,-0.6135306358337402,-0.10225339978933334,-0.3984919786453247,-0.7468881607055664,-0.115700863301754,-0.4686706066131592,-0.8647679686546326,-0.1265750378370285,-0.1720224916934967,-0.3183722496032715,-0.14611686766147614,-0.3274507522583008,-0.48232853412628174,-0.17508786916732788,-0.40823662281036377,-0.5930483937263489,-0.18411915004253387,-0.4620283246040344,-0.6967333555221558,-0.19025322794914246,0.0,0.0,0.0,-0.16539479792118073,-0.07518988847732544,0.1252003163099289,-0.2229907512664795,-0.1878102421760559,0.1727965772151947,-0.27565252780914307,-0.2608855366706848,0.18996664881706238,-0.3292665481567383,-0.3273453116416931,0.19673912227153778,-0.1621260792016983,-0.4508962333202362,0.1304636299610138,-0.2753596603870392,-0.6082919239997864,0.1419602483510971,-0.3417362570762634,-0.7071962952613831,0.14547258615493774,-0.3878549039363861,-0.8073359131813049,0.14080719649791718,-0.1563725620508194,-0.4744758605957031,0.047714222222566605,-0.31015512347221375,-0.6728077530860901,0.04636549577116966,-0.39405399560928345,-0.7876238226890564,0.03641442209482193,-0.44166311621665955,-0.8968713879585266,0.02356659807264805,-0.17739929258823395,-0.4321643114089966,-0.031078530475497246,-0.33672472834587097,-0.6280731558799744,-0.04662926122546196,-0.4195699393749237,-0.7467770576477051,-0.06530212610960007,-0.4664287269115448,-0.8596714735031128,-0.08373884856700897,-0.23710985481739044,-0.34708425402641296,-0.09908416867256165,-0.35205402970314026,-0.4952174425125122,-0.13037122786045074,-0.4168097674846649,-0.5916579961776733,-0.1514456570148468,-0.46159613132476807,-0.6908130645751953,-0.1703794151544571,SLEEP
0.0,0.0,0.0,-0.15942884981632233,-0.06981861591339111,0.1018153727054596,-0.22143743932247162,-0.17852303385734558,0.1386760026216507,-0.27515628933906555,-0.24948754906654358,0.1504676789045334,-0.3270088732242584,-0.3106198310852051,0.1531917154788971,-0.16898828744888306,-0.4486723244190216,0.10133080929517746,-0.29008880257606506,-0.605717122554779,0.10358915477991104,-0.3576834201812744,-0.7063178420066833,0.10114891082048416,-0.40555062890052795,-0.8080004453659058,0.09268538653850555,-0.16396060585975647,-0.4704720377922058,0.02913101762533188,-0.3179018497467041,-0.6690346598625183,0.019839497283101082,-0.3988765776157379,-0.7840615510940552,0.004660310223698616,-0.44681301712989807,-0.8945515751838684,-0.011641466058790684,-0.18690864741802216,-0.4265629053115845,-0.039900775998830795,-0.343182235956192,-0.6248389482498169,-0.06147511303424835,-0.4230635166168213,-0.7445266842842102,-0.08433414250612259,-0.46879860758781433,-0.8604466319084167,-0.10498327016830444,-0.24739506840705872,-0.3403216600418091,-0.0996817871928215,-0.3612178862094879,-0.48571324348449707,-0.13517257571220398,-0.42488425970077515,-0.5809288024902344,-0.15910604596138,-0.4697325527667999,-0.6810000538825989,-0.17953620851039886,0.0,0.0,0.0,0.0,0.0,0.0,0.0,0.0,0.0,0.0,0.0,0.0,0.0,0.0,0.0,0.0,0.0,0.0,0.0,0.0,0.0,0.0,0.0,0.0,0.0,0.0,0.0,0.0,0.0,0.0,0.0,0.0,0.0,0.0,0.0,0.0,0.0,0.0,0.0,0.0,0.0,0.0,0.0,0.0,0.0,0.0,0.0,0.0,0.0,0.0,0.0,0.0,0.0,0.0,0.0,0.0,0.0,0.0,0.0,0.0,0.0,0.0,0.0,SLEEP
0.0,0.0,0.0,-0.17557211220264435,-0.07009272277355194,0.11551617085933685,-0.22966070473194122,-0.17736776173114777,0.16009719669818878,-0.2797901928424835,-0.24553802609443665,0.17643019556999207,-0.3320087194442749,-0.30577826499938965,0.1830155849456787,-0.1698751449584961,-0.4516708254814148,0.1259826421737671,-0.28965529799461365,-0.6013392210006714,0.13360054790973663,-0.35589295625686646,-0.6961544156074524,0.13261882960796356,-0.4023932218551636,-0.7938989400863647,0.1248835027217865,-0.16230826079845428,-0.47499045729637146,0.04893405735492706,-0.31554359197616577,-0.6683046817779541,0.042822662740945816,-0.39741843938827515,-0.7835149168968201,0.026264244690537453,-0.44545817375183105,-0.895260751247406,0.00867380853742361,-0.1827423870563507,-0.429992139339447,-0.024848146364092827,-0.3397003412246704,-0.6256676912307739,-0.045028671622276306,-0.42174458503723145,-0.7439751625061035,-0.06853777170181274,-0.4689371585845947,-0.8599941730499268,-0.08944129198789597,-0.24458517134189606,-0.3430428206920624,-0.08828539401292801,-0.3597727417945862,-0.4857848584651947,-0.12338224798440933,-0.42483675479888916,-0.576354444026947,-0.14793553948402405,-0.47001785039901733,-0.6736275553703308,-0.1687842458486557,0.0,0.0,0.0,0.0,0.0,0.0,0.0,0.0,0.0,0.0,0.0,0.0,0.0,0.0,0.0,0.0,0.0,0.0,0.0,0.0,0.0,0.0,0.0,0.0,0.0,0.0,0.0,0.0,0.0,0.0,0.0,0.0,0.0,0.0,0.0,0.0,0.0,0.0,0.0,0.0,0.0,0.0,0.0,0.0,0.0,0.0,0.0,0.0,0.0,0.0,0.0,0.0,0.0,0.0,0.0,0.0,0.0,0.0,0.0,0.0,0.0,0.0,0.0,SLEEP
0.0,0.0,0.0,-0.16603457927703857,-0.07938453555107117,0.10884807258844376,-0.22588510811328888,-0.19154900312423706,0.15008226037025452,-0.27811309695243835,-0.2655852437019348,0.16343624889850616,-0.3301098644733429,-0.32970431447029114,0.16702525317668915,-0.166922464966774,-0.4522063732147217,0.12045034766197205,-0.2895948588848114,-0.6028922200202942,0.1256653517484665,-0.35821494460105896,-0.6974228620529175,0.12297692894935608,-0.4064105749130249,-0.7957039475440979,0.1140313521027565,-0.16089583933353424,-0.4767916202545166,0.04447418451309204,-0.3142949342727661,-0.6673282980918884,0.03789926692843437,-0.3957545757293701,-0.7838956117630005,0.021303433924913406,-0.44352003931999207,-0.8962573409080505,0.003568711457774043,-0.18328669667243958,-0.43399474024772644,-0.029146108776330948,-0.33845579624176025,-0.6288254857063293,-0.05043216049671173,-0.4219016134738922,-0.7490059733390808,-0.07513261586427689,-0.4711286723613739,-0.8655332326889038,-0.09694833308458328,-0.24510155618190765,-0.3481125831604004,-0.09322052448987961,-0.35720962285995483,-0.4924609661102295,-0.12935546040534973,-0.4227534830570221,-0.5857585668563843,-0.15432116389274597,-0.4699299931526184,-0.6841852068901062,-0.1755049228668213,0.0,0.0,0.0,0.0,0.0,0.0,0.0,0.0,0.0,0.0,0.0,0.0,0.0,0.0,0.0,0.0,0.0,0.0,0.0,0.0,0.0,0.0,0.0,0.0,0.0,0.0,0.0,0.0,0.0,0.0,0.0,0.0,0.0,0.0,0.0,0.0,0.0,0.0,0.0,0.0,0.0,0.0,0.0,0.0,0.0,0.0,0.0,0.0,0.0,0.0,0.0,0.0,0.0,0.0,0.0,0.0,0.0,0.0,0.0,0.0,0.0,0.0,0.0,SLEEP
0.0,0.0,0.0,-0.07331947237253189,-0.13093088567256927,0.10747314244508743,-0.15962374210357666,-0.2903631031513214,0.14640843868255615,-0.22705279290676117,-0.382241815328598,0.1606893390417099,-0.2888795733451843,-0.4429193139076233,0.1661481410264969,-0.08555503934621811,-0.4584035873413086,0.07559294253587723,-0.24379251897335052,-0.6125190258026123,0.0758269801735878,-0.34658172726631165,-0.7067372798919678,0.07645164430141449,-0.42235395312309265,-0.7919922471046448,0.07234229892492294,-0.07833779603242874,-0.47056493163108826,-0.002088467124849558,-0.2567218542098999,-0.6656233668327332,-0.013683510012924671,-0.36059820652008057,-0.7943162322044373,-0.02706504799425602,-0.43198275566101074,-0.901071310043335,-0.03822825849056244,-0.10462305694818497,-0.43019503355026245,-0.07199850678443909,-0.2833741009235382,-0.6330443024635315,-0.0923372134566307,-0.3852042853832245,-0.7633289694786072,-0.10515017062425613,-0.4545275568962097,-0.8760596513748169,-0.11412065476179123,-0.16686895489692688,-0.33734217286109924,-0.13134422898292542,-0.3215339779853821,-0.5068418383598328,-0.15484485030174255,-0.40007132291793823,-0.61048823595047,-0.15806637704372406,-0.4508916139602661,-0.7031176090240479,-0.15993177890777588,0.0,0.0,0.0,-0.1744314581155777,-0.06089974567294121,0.1065182238817215,-0.23175109922885895,-0.17355100810527802,0.14482146501541138,-0.2837122082710266,-0.24564971029758453,0.15652115643024445,-0.33626681566238403,-0.3100258708000183,0.1585433930158615,-0.1627345085144043,-0.4515629708766937,0.11012434214353561,-0.28103163838386536,-0.606708824634552,0.1160464957356453,-0.3486752510070801,-0.7039623856544495,0.11484343558549881,-0.396106481552124,-0.8037819862365723,0.10711304843425751,-0.15666502714157104,-0.47615450620651245,0.03623069077730179,-0.3108123540878296,-0.672926127910614,0.030667465180158615,-0.3927557170391083,-0.7872341871261597,0.016391349956393242,-0.43934130668640137,-0.8983201384544373,0.0004641413106583059,-0.1779283732175827,-0.432693749666214,-0.034321628510951996,-0.3363436460494995,-0.6305246949195862,-0.0538116954267025,-0.418339341878891,-0.7499937415122986,-0.07616718113422394,-0.46466806530952454,-0.8641506433486938,-0.09647956490516663,-0.23808756470680237,-0.3461797535419464,-0.09522517025470734,-0.351714551448822,-0.493863046169281,-0.1276046335697174,-0.4168540835380554,-0.5873227119445801,-0.14922882616519928,-0.46285316348075867,-0.6844852566719055,-0.1683010309934616,SLEEP
0.0,0.0,0.0,-0.17411459982395172,-0.05485465005040169,0.1179962083697319,-0.24108858406543732,-0.1703163981437683,0.16584262251853943,-0.29802271723747253,-0.2448001205921173,0.18262887001037598,-0.3567431569099426,-0.30885255336761475,0.1900000125169754,-0.17413008213043213,-0.4549199640750885,0.14652374386787415,-0.28643232583999634,-0.6126840710639954,0.16337727010250092,-0.34949150681495667,-0.7125628590583801,0.16707001626491547,-0.3920937180519104,-0.8121912479400635,0.16111430525779724,-0.16791436076164246,-0.4790688455104828,0.06468914449214935,-0.31764042377471924,-0.6712161898612976,0.06860220432281494,-0.39820483326911926,-0.7861708402633667,0.05572902783751488,-0.4426426291465759,-0.8957878947257996,0.040392179042100906,-0.18746797740459442,-0.4397832453250885,-0.015455654822289944,-0.3465580642223358,-0.6255888342857361,-0.02926134131848812,-0.42895662784576416,-0.7413380742073059,-0.05107384920120239,-0.4757690131664276,-0.8550168871879578,-0.07193107157945633,-0.24319902062416077,-0.35679563879966736,-0.08622647821903229,-0.3623168468475342,-0.49241307377815247,-0.11601564288139343,-0.42658039927482605,-0.5832376480102539,-0.13773024082183838,-0.46999186277389526,-0.6813414096832275,-0.15755674242973328,0.0,0.0,0.0,0.0,0.0,0.0,0.0,0.0,0.0,0.0,0.0,0.0,0.0,0.0,0.0,0.0,0.0,0.0,0.0,0.0,0.0,0.0,0.0,0.0,0.0,0.0,0.0,0.0,0.0,0.0,0.0,0.0,0.0,0.0,0.0,0.0,0.0,0.0,0.0,0.0,0.0,0.0,0.0,0.0,0.0,0.0,0.0,0.0,0.0,0.0,0.0,0.0,0.0,0.0,0.0,0.0,0.0,0.0,0.0,0.0,0.0,0.0,0.0,SLEEP
0.0,0.0,0.0,-0.1677263379096985,-0.0706348866224289,0.08723565191030502,-0.23101122677326202,-0.1868402361869812,0.11801823228597641,-0.28126710653305054,-0.2644743025302887,0.12489014118909836,-0.3322366178035736,-0.3299228549003601,0.12332697212696075,-0.16906559467315674,-0.4600449800491333,0.09801587462425232,-0.28841570019721985,-0.6174287796020508,0.09841342270374298,-0.356801837682724,-0.7180431485176086,0.09272927790880203,-0.40586304664611816,-0.8208861351013184,0.08214370161294937,-0.1642182618379593,-0.48085615038871765,0.03260255604982376,-0.3165995478630066,-0.6696280241012573,0.021815184503793716,-0.39574259519577026,-0.7835658192634583,0.004233496729284525,-0.4417322278022766,-0.897049605846405,-0.013217155821621418,-0.18442068994045258,-0.43665647506713867,-0.031541913747787476,-0.3366239666938782,-0.6285511255264282,-0.05584389716386795,-0.418180912733078,-0.7496645450592041,-0.0827251672744751,-0.4650581181049347,-0.8666186332702637,-0.10483649373054504,-0.24004513025283813,-0.34976404905319214,-0.08788930624723434,-0.3555327355861664,-0.4920959770679474,-0.12170927226543427,-0.4220033586025238,-0.5789993405342102,-0.1445840448141098,-0.4692816436290741,-0.6710864305496216,-0.16395574808120728,0.0,0.0,0.0,0.0,0.0,0.0,0.0,0.0,0.0,0.0,0.0,0.0,0.0,0.0,0.0,0.0,0.0,0.0,0.0,0.0,0.0,0.0,0.0,0.0,0.0,0.0,0.0,0.0,0.0,0.0,0.0,0.0,0.0,0.0,0.0,0.0,0.0,0.0,0.0,0.0,0.0,0.0,0.0,0.0,0.0,0.0,0.0,0.0,0.0,0.0,0.0,0.0,0.0,0.0,0.0,0.0,0.0,0.0,0.0,0.0,0.0,0.0,0.0,SLEEP
0.0,0.0,0.0,-0.09915277361869812,-0.10064645856618881,0.07744691520929337,-0.1810038983821869,-0.24658380448818207,0.10122399032115936,-0.23977307975292206,-0.343106210231781,0.10666944831609726,-0.29882070422172546,-0.4117668569087982,0.1050821915268898,-0.09287185966968536,-0.4438347816467285,0.041565459221601486,-0.2435864955186844,-0.6091495752334595,0.027468055486679077,-0.3367116153240204,-0.7201756834983826,0.018702972680330276,-0.40577617287635803,-0.8248733878135681,0.009629946202039719,-0.08125448226928711,-0.45636609196662903,-0.021135428920388222,-0.2465507537126541,-0.6520847082138062,-0.05073366314172745,-0.3441166281700134,-0.7855996489524841,-0.07591868191957474,-0.4081824719905853,-0.9082227945327759,-0.09229512512683868,-0.10149474442005157,-0.4166404902935028,-0.07684991508722305,-0.26722952723503113,-0.6160588264465332,-0.11467532813549042,-0.36527740955352783,-0.7539966106414795,-0.1381913125514984,-0.42771753668785095,-0.8778882026672363,-0.1494511514902115,-0.15742310881614685,-0.32709330320358276,-0.12345949560403824,-0.30138763785362244,-0.4950349032878876,-0.15664082765579224,-0.3778655529022217,-0.5956767797470093,-0.16504362225532532,-0.42634299397468567,-0.6900869011878967,-0.1679474115371704,0.0,0.0,0.0,-0.17583933472633362,-0.07066068053245544,0.1365172415971756,-0.23753076791763306,-0.18083421885967255,0.18966436386108398,-0.29527467489242554,-0.2494853287935257,0.2089938074350357,-0.3551497161388397,-0.31169089674949646,0.21743860840797424,-0.17078210413455963,-0.45677807927131653,0.15577682852745056,-0.2849217653274536,-0.6124681234359741,0.17445826530456543,-0.3510937988758087,-0.7088054418563843,0.1802600920200348,-0.3953164219856262,-0.806941568851471,0.17583437263965607,-0.1635444611310959,-0.48097771406173706,0.06641693413257599,-0.3177054226398468,-0.6728003025054932,0.07123943418264389,-0.40079203248023987,-0.7862464189529419,0.060708556324243546,-0.44470831751823425,-0.8944783806800842,0.046290989965200424,-0.18345613777637482,-0.4390300512313843,-0.019429735839366913,-0.3419742286205292,-0.6319451928138733,-0.031932830810546875,-0.4243345260620117,-0.7512959837913513,-0.051423922181129456,-0.4699968993663788,-0.8657544255256653,-0.07142172008752823,-0.24275562167167664,-0.3534373641014099,-0.09382348507642746,-0.35812807083129883,-0.49902254343032837,-0.12401751428842545,-0.4217875897884369,-0.5937197208404541,-0.14519532024860382,-0.4653947055339813,-0.6928348541259766,-0.1650024950504303,SLEEP
0.0,0.0,0.0,-0.1579233556985855,-0.08146467804908752,0.11560051143169403,-0.22063632309436798,-0.19746080040931702,0.16229470074176788,-0.2754584848880768,-0.2739367187023163,0.18013586103916168,-0.3312075734138489,-0.3374572694301605,0.18857978284358978,-0.16445277631282806,-0.4624795615673065,0.13139240443706512,-0.28003591299057007,-0.6240410208702087,0.14448235929012299,-0.3448091149330139,-0.7253614664077759,0.14684544503688812,-0.3906904458999634,-0.8264907002449036,0.14077506959438324,-0.15939463675022125,-0.482575923204422,0.054624978452920914,-0.3076738715171814,-0.6749755144119263,0.054272543638944626,-0.3842953145503998,-0.7923211455345154,0.04057685285806656,-0.4284678101539612,-0.9032107591629028,0.025014398619532585,-0.1797633022069931,-0.4386695921421051,-0.019194552674889565,-0.3327345550060272,-0.6279314756393433,-0.03426889702677727,-0.41194209456443787,-0.7501043677330017,-0.05848154053092003,-0.45856380462646484,-0.8678228259086609,-0.08058155328035355,-0.2357141524553299,-0.3528900742530823,-0.08295108377933502,-0.354423850774765,-0.4908357858657837,-0.11226655542850494,-0.4203149676322937,-0.5777708292007446,-0.13457390666007996,-0.4671326279640198,-0.6687477827072144,-0.1545223593711853,0.0,0.0,0.0,0.0,0.0,0.0,0.0,0.0,0.0,0.0,0.0,0.0,0.0,0.0,0.0,0.0,0.0,0.0,0.0,0.0,0.0,0.0,0.0,0.0,0.0,0.0,0.0,0.0,0.0,0.0,0.0,0.0,0.0,0.0,0.0,0.0,0.0,0.0,0.0,0.0,0.0,0.0,0.0,0.0,0.0,0.0,0.0,0.0,0.0,0.0,0.0,0.0,0.0,0.0,0.0,0.0,0.0,0.0,0.0,0.0,0.0,0.0,0.0,SLEEP
0.0,0.0,0.0,-0.12945833802223206,-0.07008278369903564,0.05003855749964714,-0.21366386115550995,-0.21667982637882233,0.05998537689447403,-0.26842716336250305,-0.3160202205181122,0.05620468407869339,-0.3228401839733124,-0.392596036195755,0.04672502353787422,-0.10272321850061417,-0.45037782192230225,0.019816869869828224,-0.25576668977737427,-0.6040038466453552,-0.003767352784052491,-0.34867632389068604,-0.7100009918212891,-0.020612267777323723,-0.4168245196342468,-0.8103479146957397,-0.03546139597892761,-0.09049943834543228,-0.46300870180130005,-0.03394892066717148,-0.25601640343666077,-0.6543269157409668,-0.07017305493354797,-0.3528974652290344,-0.7830343842506409,-0.10096775740385056,-0.41757073998451233,-0.9004718661308289,-0.12159408628940582,-0.10979952663183212,-0.42100614309310913,-0.08363787084817886,-0.27580007910728455,-0.6134675741195679,-0.12551988661289215,-0.3733728528022766,-0.7480971813201904,-0.15198536217212677,-0.436201810836792,-0.8706247806549072,-0.16609355807304382,-0.16543561220169067,-0.32925495505332947,-0.1272982954978943,-0.30647942423820496,-0.48710697889328003,-0.1646297574043274,-0.3821321427822113,-0.5895071029663086,-0.17698684334754944,-0.4308367371559143,-0.6914582848548889,-0.18310225009918213,0.0,0.0,0.0,0.15092511475086212,-0.0683998316526413,0.024543100968003273,0.21394814550876617,-0.21893322467803955,0.03456255793571472,0.2662564218044281,-0.3007492423057556,0.02918417565524578,0.3188627064228058,-0.3480515778064728,0.023799419403076172,0.11851838231086731,-0.45911476016044617,0.04365776851773262,0.23191232979297638,-0.6052731275558472,0.008887875825166702,0.3142854571342468,-0.7342653870582581,-0.02660040184855461,0.3774973452091217,-0.8455864191055298,-0.05334857851266861,0.1104731485247612,-0.46858757734298706,0.0005460728425532579,0.2409631758928299,-0.6409844160079956,-0.03617668151855469,0.3271249830722809,-0.7838888168334961,-0.07344433665275574,0.39779654145240784,-0.9123238921165466,-0.09707289934158325,0.12561236321926117,-0.43531548976898193,-0.044756509363651276,0.26021912693977356,-0.6071652173995972,-0.07933633774518967,0.34488993883132935,-0.7357488870620728,-0.10507673770189285,0.40907564759254456,-0.8441824913024902,-0.11807351559400558,0.16203172504901886,-0.35994207859039307,-0.09053020924329758,0.27247354388237,-0.48156261444091797,-0.11650507152080536,0.3462243676185608,-0.5852134823799133,-0.1265764981508255,0.4072668254375458,-0.6709102392196655,-0.13056327402591705,SLEEP
0.0,0.0,0.0,0.17518658936023712,-0.06261277943849564,0.028790347278118134,0.24373693764209747,-0.20432285964488983,0.037193574011325836,0.2879546582698822,-0.28137776255607605,0.029044436290860176,0.3386023938655853,-0.3304888904094696,0.017338881269097328,0.18212658166885376,-0.44899657368659973,0.044536374509334564,0.3069430887699127,-0.5824077725410461,0.01315429899841547,0.3825409412384033,-0.7111594676971436,-0.023148493841290474,0.43696093559265137,-0.822924017906189,-0.05265805125236511,0.15936771035194397,-0.45798203349113464,-0.004259990528225899,0.30138128995895386,-0.6258937120437622,-0.035820599645376205,0.38255733251571655,-0.7624050974845886,-0.07165782153606415,0.44631993770599365,-0.8895216584205627,-0.09772240370512009,0.1561078280210495,-0.4307795464992523,-0.05579129979014397,0.30878058075904846,-0.5989634394645691,-0.08690450340509415,0.38854560256004333,-0.7235347628593445,-0.11397922039031982,0.44416308403015137,-0.8342514038085938,-0.1319086253643036,0.1762790083885193,-0.3637029230594635,-0.10770362615585327,0.30719658732414246,-0.4882306158542633,-0.13055384159088135,0.37623628973960876,-0.5876702070236206,-0.1413118541240692,0.4288131892681122,-0.6758229732513428,-0.14883048832416534,0.0,0.0,0.0,-0.16375243663787842,-0.07727687060832977,0.09083870053291321,-0.22628559172153473,-0.1957559436559677,0.1265621930360794,-0.27782297134399414,-0.27740880846977234,0.139034703373909,-0.33220192790031433,-0.338610976934433,0.14300169050693512,-0.15482793748378754,-0.46350911259651184,0.10079211741685867,-0.2769983410835266,-0.6198618412017822,0.10262760519981384,-0.34429049491882324,-0.7231117486953735,0.0978669822216034,-0.3915582001209259,-0.8259356021881104,0.08794286102056503,-0.1489875763654709,-0.4778739809989929,0.035844821482896805,-0.2997266352176666,-0.6697812080383301,0.02815040573477745,-0.3765232563018799,-0.7887210249900818,0.010122807696461678,-0.4239489436149597,-0.9056492447853088,-0.008170695044100285,-0.1696040779352188,-0.4322434663772583,-0.027457967400550842,-0.321471631526947,-0.6211901307106018,-0.05103464424610138,-0.39914289116859436,-0.7458804249763489,-0.08118084818124771,-0.44621333479881287,-0.8692455291748047,-0.10592089593410492,-0.22672761976718903,-0.34805411100387573,-0.08223874866962433,-0.3419042229652405,-0.4849882423877716,-0.1185917779803276,-0.4056342542171478,-0.5710546970367432,-0.14553730189800262,-0.4526306092739105,-0.6652103066444397,-0.16786648333072662,SLEEP
0.0,0.0,0.0,0.18011347949504852,-0.080100879073143,0.04364290460944176,0.2529509365558624,-0.22760246694087982,0.05845644325017929,0.29875680804252625,-0.30818498134613037,0.054597966372966766,0.35631296038627625,-0.3488606810569763,0.04640800505876541,0.19763974845409393,-0.4654509127140045,0.053859930485486984,0.3227750360965729,-0.5957255363464355,0.027423476800322533,0.39737075567245483,-0.7156515717506409,-0.003741998691111803,0.4502531588077545,-0.8199658393859863,-0.030071372166275978,0.17376169562339783,-0.4702032804489136,0.0007303063757717609,0.3163774609565735,-0.6316298842430115,-0.030572643503546715,0.39499062299728394,-0.7628998756408691,-0.06417959928512573,0.4548325836658478,-0.8861919045448303,-0.0882674902677536,0.1692253202199936,-0.4345710277557373,-0.05355261266231537,0.3189772963523865,-0.6020531058311462,-0.08342599868774414,0.39646413922309875,-0.7226682305335999,-0.10817291587591171,0.4502248764038086,-0.8320953845977783,-0.1243850439786911,0.18897280097007751,-0.36043843626976013,-0.10661956667900085,0.314408540725708,-0.48425668478012085,-0.1294783353805542,0.3809456527233124,-0.5812721252441406,-0.14046983420848846,0.43147405982017517,-0.6690182685852051,-0.14802636206150055,0.0,0.0,0.0,-0.1661197394132614,-0.061849094927310944,0.08127070218324661,-0.23146238923072815,-0.179921492934227,0.10843361169099808,-0.2832920253276825,-0.26016491651535034,0.11355934292078018,-0.33688104152679443,-0.32083380222320557,0.11108890175819397,-0.16630133986473083,-0.45736441016197205,0.08624262362718582,-0.2855030596256256,-0.6173219680786133,0.08414012938737869,-0.35018929839134216,-0.7226856350898743,0.07660739868879318,-0.3960961103439331,-0.8279761672019958,0.06511511653661728,-0.15845957398414612,-0.47696030139923096,0.02333170361816883,-0.3099094033241272,-0.6700828671455383,0.01379590854048729,-0.38637879490852356,-0.7872217297554016,-0.004738719668239355,-0.43110591173171997,-0.9019955992698669,-0.023487616330385208,-0.1789553314447403,-0.43479275703430176,-0.03794166073203087,-0.33537593483924866,-0.6220216751098633,-0.06052470579743385,-0.412215918302536,-0.7460680603981018,-0.0863625630736351,-0.4557875096797943,-0.8655958771705627,-0.10826873034238815,-0.2375330775976181,-0.3523978888988495,-0.09207405894994736,-0.35434457659721375,-0.49341949820518494,-0.12327339500188828,-0.41846057772636414,-0.5858661532402039,-0.1446126103401184,-0.46461740136146545,-0.6850283145904541,-0.16327087581157684,SLEEP
0.0,0.0,0.0,0.1909635365009308,-0.08735178411006927,0.045710232108831406,0.2638908922672272,-0.23623940348625183,0.059456564486026764,0.30843615531921387,-0.31195855140686035,0.053296882659196854,0.36336079239845276,-0.3551127314567566,0.042674846947193146,0.21288539469242096,-0.47660720348358154,0.05623821169137955,0.33662641048431396,-0.6032314300537109,0.029238386079669,0.40733274817466736,-0.7186758518218994,-0.00359095330350101,0.45782846212387085,-0.8225768804550171,-0.03200109302997589,0.1891884207725525,-0.4780924916267395,0.0003304951824247837,0.331764817237854,-0.6326766014099121,-0.03055785410106182,0.40391433238983154,-0.7600225806236267,-0.06584867835044861,0.45881903171539307,-0.8836957812309265,-0.09255705773830414,0.18117618560791016,-0.43649667501449585,-0.05691007524728775,0.3289697468280792,-0.6012164950370789,-0.08721181750297546,0.4019099175930023,-0.7186560034751892,-0.11361292004585266,0.45268720388412476,-0.8290143609046936,-0.13272497057914734,0.19496625661849976,-0.35684505105018616,-0.11273953318595886,0.3140464425086975,-0.4716976284980774,-0.13622379302978516,0.37746480107307434,-0.5654174089431763,-0.14786234498023987,0.42697644233703613,-0.6537702679634094,-0.1572893112897873,0.0,0.0,0.0,-0.16510437428951263,-0.06512422114610672,0.0813409760594368,-0.2352324277162552,-0.18006208539009094,0.10804882645606995,-0.2927284240722656,-0.25582051277160645,0.11158659309148788,-0.35025152564048767,-0.3125150501728058,0.1072988286614418,-0.1663254350423813,-0.4575325548648834,0.09430839121341705,-0.2906465530395508,-0.6098992824554443,0.09357753396034241,-0.3560468852519989,-0.7128641605377197,0.08462969958782196,-0.40394657850265503,-0.8165150284767151,0.07228290289640427,-0.16160914301872253,-0.47556883096694946,0.030322374776005745,-0.310300350189209,-0.6669089198112488,0.02360379695892334,-0.38655832409858704,-0.7865197658538818,0.0034968028776347637,-0.43393266201019287,-0.9007975459098816,-0.016315210610628128,-0.18360842764377594,-0.43227002024650574,-0.03235244378447533,-0.33502915501594543,-0.620516836643219,-0.050650645047426224,-0.4138695001602173,-0.7459110617637634,-0.07597757875919342,-0.46157434582710266,-0.8669047951698303,-0.09800185263156891,-0.2421274483203888,-0.3467477560043335,-0.08831488341093063,-0.35647231340408325,-0.48769494891166687,-0.11276913434267044,-0.4203681945800781,-0.5783098936080933,-0.12916892766952515,-0.46775034070014954,-0.6754425764083862,-0.14460255205631256,SLEEP
0.0,0.0,0.0,0.19922801852226257,-0.09912297874689102,0.056627366691827774,0.2765229344367981,-0.24795016646385193,0.07282248139381409,0.32506370544433594,-0.3235366642475128,0.06646579504013062,0.3836558759212494,-0.37043288350105286,0.054978687316179276,0.21917325258255005,-0.47347402572631836,0.06228304281830788,0.34114956855773926,-0.5999422073364258,0.03586374595761299,0.4115423858165741,-0.710864245891571,0.00398309575393796,0.464118093252182,-0.8122268319129944,-0.02416340820491314,0.19554764032363892,-0.4737758934497833,-0.0002640600723680109,0.3386405408382416,-0.6302320957183838,-0.03213925659656525,0.40989771485328674,-0.7571703791618347,-0.06842891126871109,0.4646516740322113,-0.8802756071090698,-0.09598831832408905,0.1867191642522812,-0.4294377267360687,-0.06323826313018799,0.3338963985443115,-0.5972525477409363,-0.09430700540542603,0.4063164293766022,-0.7180256247520447,-0.1222287192940712,0.4571473002433777,-0.8327908515930176,-0.14294575154781342,0.19969509541988373,-0.34807175397872925,-0.12360856682062149,0.31731081008911133,-0.46298274397850037,-0.14778536558151245,0.37934058904647827,-0.5597808361053467,-0.16012682020664215,0.428417831659317,-0.6526296734809875,-0.17059674859046936,0.0,0.0,0.0,-0.16758069396018982,-0.06395447999238968,0.08182922750711441,-0.23630927503108978,-0.18084265291690826,0.10844338685274124,-0.2918381094932556,-0.2580749988555908,0.11244354397058487,-0.3475068211555481,-0.318182110786438,0.10837724059820175,-0.16718445718288422,-0.45947927236557007,0.08868749439716339,-0.28799954056739807,-0.6161571145057678,0.08639078587293625,-0.35445958375930786,-0.7196184396743774,0.07830755412578583,-0.40188854932785034,-0.8223180174827576,0.06667524576187134,-0.16025598347187042,-0.47853147983551025,0.025005877017974854,-0.31024572253227234,-0.6696347594261169,0.014696459285914898,-0.38572704792022705,-0.7879024147987366,-0.005107138771563768,-0.43065348267555237,-0.902192234992981,-0.024221187457442284,-0.18016037344932556,-0.4347676932811737,-0.03713013231754303,-0.33391568064689636,-0.6246417760848999,-0.06072930619120598,-0.41059035062789917,-0.7500944137573242,-0.08751597255468369,-0.4559599757194519,-0.8719283938407898,-0.10953773558139801,-0.2365492582321167,-0.34897318482398987,-0.09184718132019043,-0.3527769148349762,-0.49213841557502747,-0.12206976115703583,-0.41616010665893555,-0.5820074081420898,-0.14152100682258606,-0.46314334869384766,-0.6791432499885559,-0.1585799604654312,SLEEP
0.0,0.0,0.0,0.2010222226381302,-0.10284988582134247,0.056388989090919495,0.27737724781036377,-0.2583003044128418,0.07372148334980011,0.32136860489845276,-0.34369564056396484,0.06794200837612152,0.3752270042896271,-0.40073469281196594,0.05803369730710983,0.21744482219219208,-0.47260987758636475,0.06949157267808914,0.3349325656890869,-0.6047300100326538,0.04308857396245003,0.405750036239624,-0.715377688407898,0.010981807485222816,0.4590499699115753,-0.8165489435195923,-0.01660054177045822,0.1949324756860733,-0.4718394875526428,0.008548738434910774,0.33840274810791016,-0.6326060891151428,-0.022437401115894318,0.4113961458206177,-0.7581870555877686,-0.05741061270236969,0.46812206506729126,-0.8797084093093872,-0.08351510018110275,0.18859273195266724,-0.43030136823654175,-0.053806405514478683,0.33610472083091736,-0.6015661358833313,-0.08239276707172394,0.40920841693878174,-0.7229101061820984,-0.10807502269744873,0.46075382828712463,-0.8377103805541992,-0.12677085399627686,0.20541708171367645,-0.3566843271255493,-0.11418905854225159,0.32173359394073486,-0.4769054651260376,-0.13491509854793549,0.38337835669517517,-0.5759457349777222,-0.14567027986049652,0.43294811248779297,-0.670783281326294,-0.15483179688453674,0.0,0.0,0.0,-0.1698482185602188,-0.06166370213031769,0.08181910961866379,-0.23873306810855865,-0.179340660572052,0.11018047481775284,-0.29396671056747437,-0.258994460105896,0.11548057943582535,-0.34939271211624146,-0.3200938403606415,0.11291281133890152,-0.16655461490154266,-0.45963603258132935,0.09494046866893768,-0.2884483337402344,-0.6130814552307129,0.09446904063224792,-0.35565921664237976,-0.7154156565666199,0.08743421733379364,-0.40279778838157654,-0.8167860507965088,0.07658037543296814,-0.1608118712902069,-0.4785242974758148,0.03120708093047142,-0.31124386191368103,-0.6710823774337769,0.022968770936131477,-0.3881545960903168,-0.7872872948646545,0.004317968152463436,-0.4341318607330322,-0.9007468223571777,-0.013586594723165035,-0.18126484751701355,-0.43560364842414856,-0.03154721111059189,-0.3362117409706116,-0.6223282217979431,-0.05388050153851509,-0.4141397774219513,-0.7435874342918396,-0.07983014732599258,-0.45975732803344727,-0.8615496754646301,-0.10092432051897049,-0.23818278312683105,-0.3500669002532959,-0.08725139498710632,-0.354768842458725,-0.49106788635253906,-0.11616620421409607,-0.41871172189712524,-0.5798834562301636,-0.13493487238883972,-0.4649331867694855,-0.6767652034759521,-0.1512901484966278,SLEEP
0.0,0.0,0.0,0.19928860664367676,-0.10476242750883102,0.07160536199808121,0.2760459780693054,-0.2547628879547119,0.09617067873477936,0.3254651427268982,-0.32690638303756714,0.09496504813432693,0.3860951364040375,-0.3654581308364868,0.08794102817773819,0.22830086946487427,-0.4735822081565857,0.08337152004241943,0.3499878942966461,-0.5936899185180664,0.0623512864112854,0.42104968428611755,-0.6980389356613159,0.03369426354765892,0.4747236669063568,-0.7934183478355408,0.006961829494684935,0.20305179059505463,-0.4767617881298065,0.013759422115981579,0.3440110683441162,-0.6333216428756714,-0.01523839496076107,0.41473621129989624,-0.7579867839813232,-0.05030328035354614,0.4694043695926666,-0.8796175718307495,-0.07702244818210602,0.1912105232477188,-0.43391767144203186,-0.056049562990665436,0.3341068923473358,-0.6078816652297974,-0.08686824887990952,0.4042298495769501,-0.7267899513244629,-0.1150646060705185,0.45311373472213745,-0.8441007137298584,-0.13583476841449738,0.2012503445148468,-0.3535706102848053,-0.12190982699394226,0.31856703758239746,-0.4723536968231201,-0.1480550616979599,0.37935540080070496,-0.5693781971931458,-0.1620192676782608,0.42690107226371765,-0.6651515364646912,-0.17366546392440796,0.0,0.0,0.0,-0.1654525250196457,-0.06382904201745987,0.07293548434972763,-0.23535670340061188,-0.1821141093969345,0.09796945005655289,-0.29248106479644775,-0.2599013149738312,0.10209324955940247,-0.34839025139808655,-0.31868720054626465,0.09871987998485565,-0.1627941131591797,-0.4597086012363434,0.08503229171037674,-0.2861505150794983,-0.6129088401794434,0.0811382606625557,-0.35423535108566284,-0.7153184413909912,0.07133416831493378,-0.4019964933395386,-0.8168410658836365,0.05916595458984375,-0.15822887420654297,-0.4768422245979309,0.02624029479920864,-0.30883699655532837,-0.6696746349334717,0.016195207834243774,-0.38624268770217896,-0.7866957783699036,-0.004249631427228451,-0.43360385298728943,-0.9007986783981323,-0.02343798242509365,-0.17942675948143005,-0.43390071392059326,-0.03195379301905632,-0.33339741826057434,-0.6218627095222473,-0.05511730909347534,-0.41133949160575867,-0.7444849014282227,-0.08281739056110382,-0.4570503830909729,-0.8632246851921082,-0.10482864081859589,-0.2374342828989029,-0.34825876355171204,-0.08373027294874191,-0.3535305857658386,-0.48986509442329407,-0.11205105483531952,-0.41713660955429077,-0.5799320936203003,-0.13087208569049835,-0.4632411003112793,-0.6776837706565857,-0.14714477956295013,SLEEP
0.0,0.0,0.0,0.19934336841106415,-0.10439810901880264,0.06122513860464096,0.2781417667865753,-0.25644877552986145,0.08051062375307083,0.32638272643089294,-0.3387364149093628,0.07606932520866394,0.38184529542922974,-0.3926630914211273,0.06811442971229553,0.2203172743320465,-0.47514641284942627,0.07646103203296661,0.3374798595905304,-0.607674777507782,0.05428557097911835,0.40657392144203186,-0.7158284783363342,0.02483670599758625,0.4590401351451874,-0.813782811164856,-0.0013359223958104849,0.19815120100975037,-0.47502344846725464,0.014357417821884155,0.3415849208831787,-0.6373909711837769,-0.014280133880674839,0.4145009517669678,-0.7605456709861755,-0.047925759106874466,0.47130024433135986,-0.8789589405059814,-0.07285044342279434,0.1925971955060959,-0.43185076117515564,-0.04868718609213829,0.3399522602558136,-0.6053527593612671,-0.07566385716199875,0.41367995738983154,-0.7239137887954712,-0.10120414197444916,0.4646988809108734,-0.8374529480934143,-0.11980648338794708,0.21100550889968872,-0.3537319302558899,-0.10909172892570496,0.32853221893310547,-0.47138041257858276,-0.1284836381673813,0.38919180631637573,-0.5681900382041931,-0.13870869576931,0.43615660071372986,-0.6622986197471619,-0.14760370552539825,0.0,0.0,0.0,-0.16450819373130798,-0.06079518422484398,0.06668052077293396,-0.23441602289676666,-0.17645499110221863,0.08784562349319458,-0.2908633053302765,-0.2574686110019684,0.0891398936510086,-0.3474746644496918,-0.31714773178100586,0.0836518183350563,-0.16001079976558685,-0.45545411109924316,0.0776062086224556,-0.28402015566825867,-0.6105825304985046,0.07209978997707367,-0.35291585326194763,-0.7156478762626648,0.062304213643074036,-0.4011177122592926,-0.8185639977455139,0.05041703209280968,-0.1565435230731964,-0.4736977517604828,0.021236710250377655,-0.30845674872398376,-0.6706011295318604,0.009365108795464039,-0.3851369619369507,-0.7873768210411072,-0.00994761474430561,-0.43063080310821533,-0.9021081328392029,-0.027532214298844337,-0.1785460114479065,-0.4321942925453186,-0.03478870168328285,-0.33362922072410583,-0.6222085356712341,-0.05863448604941368,-0.41069266200065613,-0.7435573935508728,-0.08391792327165604,-0.45464813709259033,-0.8612474799156189,-0.10367508232593536,-0.23577968776226044,-0.34837427735328674,-0.08513808250427246,-0.3514782190322876,-0.49246352910995483,-0.11312735825777054,-0.41477862000465393,-0.5823985934257507,-0.13043110072612762,-0.46011751890182495,-0.6806755065917969,-0.14513130486011505,SLEEP
0.0,0.0,0.0,0.19989508390426636,-0.10196701437234879,0.06491845101118088,0.27835774421691895,-0.2483782023191452,0.08383123576641083,0.3277983069419861,-0.3247896432876587,0.07785726338624954,0.38639453053474426,-0.3719533085823059,0.06686677038669586,0.21962469816207886,-0.4689518213272095,0.0745510533452034,0.34215235710144043,-0.5911315679550171,0.050374701619148254,0.4132824242115021,-0.6944305300712585,0.019412770867347717,0.46721163392066956,-0.7893962860107422,-0.008731426671147346,0.1973649114370346,-0.47073715925216675,0.007387988269329071,0.3422267436981201,-0.6330532431602478,-0.024289913475513458,0.41406679153442383,-0.7566636800765991,-0.061164867132902145,0.4689182639122009,-0.8787241578102112,-0.08921653777360916,0.19056250154972076,-0.4268823266029358,-0.06015631556510925,0.3364759087562561,-0.6041716933250427,-0.09198533743619919,0.4079936146736145,-0.7225921750068665,-0.1212107315659523,0.4566635191440582,-0.8395513296127319,-0.14307278394699097,0.20621678233146667,-0.34743455052375793,-0.12431573867797852,0.32184815406799316,-0.4648304283618927,-0.1494828313589096,0.3817848563194275,-0.5610178709030151,-0.16344626247882843,0.4284425675868988,-0.6566622257232666,-0.17564767599105835,0.0,0.0,0.0,-0.17098721861839294,-0.0572819821536541,0.07065510749816895,-0.2416372150182724,-0.17615588009357452,0.09513197094202042,-0.29623088240623474,-0.255589097738266,0.09918367862701416,-0.3522334694862366,-0.3135533630847931,0.09579084813594818,-0.1643224060535431,-0.45984798669815063,0.08286599814891815,-0.2859574854373932,-0.6115060448646545,0.07923273742198944,-0.3538188338279724,-0.7138985991477966,0.06963485479354858,-0.4008316397666931,-0.8163886070251465,0.057243913412094116,-0.15826450288295746,-0.4765622019767761,0.025190569460392,-0.30926454067230225,-0.6699082255363464,0.014776181429624557,-0.3863959014415741,-0.7862933874130249,-0.0056169163435697556,-0.4321160614490509,-0.9014740586280823,-0.02490459941327572,-0.17800378799438477,-0.43342405557632446,-0.03201618790626526,-0.332451730966568,-0.6202138662338257,-0.05608062073588371,-0.4103390872478485,-0.7429823875427246,-0.08449293673038483,-0.4555717408657074,-0.8629696369171143,-0.1070951372385025,-0.23416057229042053,-0.34908658266067505,-0.08301162719726562,-0.35088911652565,-0.490693598985672,-0.11273118853569031,-0.414444237947464,-0.5790842175483704,-0.13302643597126007,-0.46017691493034363,-0.6762004494667053,-0.15055474638938904,SLEEP
0.0,0.0,0.0,0.19931143522262573,-0.09951053559780121,0.06406386196613312,0.2780005931854248,-0.24643611907958984,0.08366771787405014,0.3257612884044647,-0.322857528924942,0.07869480550289154,0.38141313195228577,-0.37095171213150024,0.06926437467336655,0.22049500048160553,-0.47388651967048645,0.07779145985841751,0.3407744765281677,-0.5970504283905029,0.054082874208688736,0.412452757358551,-0.70140141248703,0.022399505600333214,0.46615684032440186,-0.7976827025413513,-0.005947805475443602,0.1974938064813614,-0.4734537899494171,0.012345600873231888,0.34249794483184814,-0.6318983435630798,-0.017727430909872055,0.41468361020088196,-0.7557196021080017,-0.05432714894413948,0.46983999013900757,-0.8789205551147461,-0.08215202391147614,0.19147001206874847,-0.42935076355934143,-0.053735408931970596,0.3380254805088043,-0.6035786271095276,-0.08292347937822342,0.41018933057785034,-0.7216421365737915,-0.10974913090467453,0.4596688151359558,-0.8381422758102417,-0.1297326683998108,0.20914453268051147,-0.3506981134414673,-0.11688674986362457,0.324523389339447,-0.4704778492450714,-0.13930387794971466,0.38482317328453064,-0.5672067999839783,-0.15074706077575684,0.4326322376728058,-0.6622874140739441,-0.1607467532157898,0.0,0.0,0.0,-0.17628341913223267,-0.06165073439478874,0.07848650962114334,-0.2469751387834549,-0.18414680659770966,0.10574017465114594,-0.29914599657058716,-0.2629542648792267,0.1111983135342598,-0.3540835380554199,-0.32324010133743286,0.10887577384710312,-0.1628374308347702,-0.46491679549217224,0.0894574448466301,-0.28245872259140015,-0.6173669099807739,0.08881799876689911,-0.3503386974334717,-0.7189468741416931,0.08172431588172913,-0.39744579792022705,-0.819555401802063,0.07103206217288971,-0.15530139207839966,-0.4798903465270996,0.028211936354637146,-0.3052215278148651,-0.6725491881370544,0.019316736608743668,-0.3827599585056305,-0.788736879825592,0.00036132693639956415,-0.4289724826812744,-0.903147280216217,-0.01754346676170826,-0.1731613427400589,-0.4358395040035248,-0.03188423439860344,-0.32779020071029663,-0.6234727501869202,-0.05551142245531082,-0.4052777886390686,-0.7468736171722412,-0.08279094845056534,-0.4505521357059479,-0.867791473865509,-0.10426947474479675,-0.2272430807352066,-0.350751668214798,-0.08491263538599014,-0.3472709357738495,-0.49237218499183655,-0.11366719752550125,-0.4115053117275238,-0.579279363155365,-0.13211631774902344,-0.45770901441574097,-0.6751120090484619,-0.14821015298366547,SLEEP
0.0,0.0,0.0,0.20156532526016235,-0.09929589927196503,0.0637500211596489,0.2799374759197235,-0.24572749435901642,0.08293807506561279,0.32789772748947144,-0.3219034969806671,0.07766079157590866,0.38493192195892334,-0.3698204457759857,0.06765047460794449,0.21891823410987854,-0.47193485498428345,0.07556101679801941,0.3422778844833374,-0.5954691171646118,0.0524335578083992,0.41407665610313416,-0.698954701423645,0.02180771343410015,0.46876004338264465,-0.7941524386405945,-0.005838923621922731,0.1949990838766098,-0.4723607301712036,0.010124340653419495,0.34238529205322266,-0.6320697665214539,-0.020264089107513428,0.4150095283985138,-0.7562306523323059,-0.05674108490347862,0.47090354561805725,-0.8781537413597107,-0.08423664420843124,0.188425675034523,-0.42706266045570374,-0.05569428578019142,0.33701327443122864,-0.6035935282707214,-0.08556030690670013,0.4099521338939667,-0.7219429016113281,-0.11259051412343979,0.4599175453186035,-0.8380240797996521,-0.1325390636920929,0.20596668124198914,-0.3469710350036621,-0.11840876936912537,0.3227761387825012,-0.4691382944583893,-0.1415581852197647,0.3840266764163971,-0.5674494504928589,-0.15314003825187683,0.4326424300670624,-0.663999080657959,-0.16311796009540558,0.0,0.0,0.0,-0.17786750197410583,-0.05762796849012375,0.07926999032497406,-0.24641643464565277,-0.17844904959201813,0.10654286295175552,-0.2991073727607727,-0.25889667868614197,0.11109500378370285,-0.35610294342041016,-0.31923818588256836,0.10782046616077423,-0.16575051844120026,-0.46513068675994873,0.0936676412820816,-0.285185307264328,-0.6166056990623474,0.0941576138138771,-0.35152575373649597,-0.7176905274391174,0.0872178003191948,-0.3985522389411926,-0.819256067276001,0.07614914327859879,-0.15937885642051697,-0.48097705841064453,0.03109886683523655,-0.30969470739364624,-0.6730241775512695,0.02291599102318287,-0.3879264295101166,-0.7872533798217773,0.004290107171982527,-0.4346543252468109,-0.9004932641983032,-0.013691391795873642,-0.1777941882610321,-0.4363805949687958,-0.030561087653040886,-0.332697331905365,-0.6220136284828186,-0.05305313318967819,-0.4114619493484497,-0.7424761056900024,-0.07870674878358841,-0.4572232663631439,-0.8604163527488708,-0.09938449412584305,-0.2325223684310913,-0.3496362566947937,-0.08551696687936783,-0.35271233320236206,-0.49207252264022827,-0.11270977556705475,-0.41695061326026917,-0.5798632502555847,-0.12993618845939636,-0.46189242601394653,-0.676308810710907,-0.14550992846488953,SLEEP
0.0,0.0,0.0,0.2009057104587555,-0.10453533381223679,0.06320460885763168,0.27981942892074585,-0.25768283009529114,0.08277776092290878,0.32849448919296265,-0.340125173330307,0.0780751034617424,0.38442376255989075,-0.39736461639404297,0.0689501017332077,0.2172730714082718,-0.4729960262775421,0.07444009184837341,0.3386484682559967,-0.59868323802948,0.05052119120955467,0.4107002019882202,-0.7046752572059631,0.019585328176617622,0.46489083766937256,-0.8016842603683472,-0.007857812568545341,0.19424636662006378,-0.47262734174728394,0.010024644434452057,0.340323805809021,-0.6326004266738892,-0.020829617977142334,0.4135374128818512,-0.7573621869087219,-0.05620606616139412,0.468860000371933,-0.8794211149215698,-0.08239427208900452,0.1884816437959671,-0.42722946405410767,-0.054935820400714874,0.336885541677475,-0.6028415560722351,-0.0844356119632721,0.4108527898788452,-0.7222816348075867,-0.11031845211982727,0.46110761165618896,-0.8379483819007874,-0.1290017068386078,0.2067885547876358,-0.34729114174842834,-0.11698118597269058,0.3245354890823364,-0.46804338693618774,-0.13887421786785126,0.38582950830459595,-0.5667637586593628,-0.14949719607830048,0.43338021636009216,-0.6624429821968079,-0.1585106998682022,0.0,0.0,0.0,-0.17747291922569275,-0.06330884993076324,0.08883130550384521,-0.2448737621307373,-0.18429091572761536,0.12149293720722198,-0.29827189445495605,-0.26260364055633545,0.13016320765018463,-0.3544597923755646,-0.32250696420669556,0.1305711418390274,-0.16450268030166626,-0.46343109011650085,0.1020423024892807,-0.2807122468948364,-0.6195619106292725,0.10563163459300995,-0.34774965047836304,-0.7208816409111023,0.10166696459054947,-0.3938664495944977,-0.8204323053359985,0.09264879673719406,-0.15760499238967896,-0.4790688753128052,0.03645198792219162,-0.30778875946998596,-0.6748797297477722,0.030084136873483658,-0.38617104291915894,-0.7892755270004272,0.012839864939451218,-0.4313230812549591,-0.9021884202957153,-0.004056049510836601,-0.17579907178878784,-0.43494099378585815,-0.027514904737472534,-0.3320745825767517,-0.6243088841438293,-0.04945845901966095,-0.4095209538936615,-0.7455679178237915,-0.07575026154518127,-0.45339053869247437,-0.865415096282959,-0.09707174450159073,-0.2300317883491516,-0.35044583678245544,-0.0835191160440445,-0.35090968012809753,-0.4894382655620575,-0.11259910464286804,-0.415704607963562,-0.5751336812973022,-0.1316382884979248,-0.46125781536102295,-0.6713520884513855,-0.14840692281723022,SLEEP
0.0,0.0,0.0,0.2031969130039215,-0.10092820227146149,0.06279965490102768,0.28418493270874023,-0.2482413351535797,0.08097433298826218,0.3340774476528168,-0.3251204788684845,0.07470349967479706,0.3889211416244507,-0.3827977776527405,0.06314141303300858,0.22010427713394165,-0.46975433826446533,0.06901989132165909,0.3429849445819855,-0.5928541421890259,0.0436214953660965,0.41364365816116333,-0.6960499882698059,0.011766106821596622,0.4676317572593689,-0.7915232181549072,-0.016933320090174675,0.1955624669790268,-0.4695928692817688,0.002428991487249732,0.3417971432209015,-0.631320059299469,-0.03030424192547798,0.41380298137664795,-0.75501948595047,-0.06868422776460648,0.46910473704338074,-0.877720832824707,-0.09770813584327698,0.18738247454166412,-0.4217650890350342,-0.06432292610406876,0.3354969620704651,-0.5993590354919434,-0.09713222086429596,0.4086931347846985,-0.717712938785553,-0.127268448472023,0.4591301679611206,-0.8346055150032043,-0.1497136950492859,0.2024632692337036,-0.33792921900749207,-0.12768231332302094,0.31851470470428467,-0.4566344618797302,-0.15412196516990662,0.38009515404701233,-0.5539634227752686,-0.1685052514076233,0.4292711913585663,-0.6498913168907166,-0.18082180619239807,0.0,0.0,0.0,-0.1773233562707901,-0.056945327669382095,0.08790870010852814,-0.2453099936246872,-0.1751641184091568,0.11974610388278961,-0.29962554574012756,-0.2524993121623993,0.12806065380573273,-0.35636696219444275,-0.3102780878543854,0.12836995720863342,-0.1683364361524582,-0.45977699756622314,0.09992964565753937,-0.286980539560318,-0.6107662916183472,0.1027664914727211,-0.3534375727176666,-0.7096990346908569,0.09805335104465485,-0.3998343348503113,-0.8092440366744995,0.0882549062371254,-0.1619299352169037,-0.4766383767127991,0.034704189747571945,-0.3117237985134125,-0.6718520522117615,0.027303045615553856,-0.3900289237499237,-0.7872124314308167,0.00961699802428484,-0.4360571503639221,-0.8998854160308838,-0.007769219111651182,-0.18159787356853485,-0.4322708547115326,-0.028804704546928406,-0.33588165044784546,-0.6217299103736877,-0.050729092210531235,-0.4125596582889557,-0.7427793741226196,-0.07634925842285156,-0.45587265491485596,-0.8611587882041931,-0.09722310304641724,-0.2386283427476883,-0.3471350371837616,-0.08458855003118515,-0.3559917211532593,-0.48884913325309753,-0.11355175822973251,-0.41914498805999756,-0.5765824317932129,-0.13311268389225006,-0.4626877009868622,-0.6728265285491943,-0.15039163827896118,SLEEP
0.0,0.0,0.0,0.2036641389131546,-0.10566529631614685,0.05816049128770828,0.2809651792049408,-0.25705021619796753,0.07470487058162689,0.3255251348018646,-0.33965617418289185,0.06765025854110718,0.37908732891082764,-0.4010373651981354,0.05652206391096115,0.2180308848619461,-0.47624701261520386,0.0707239955663681,0.3389548063278198,-0.6040542721748352,0.04506524279713631,0.40891194343566895,-0.7108840346336365,0.01255716197192669,0.46208372712135315,-0.8089611530303955,-0.016024315729737282,0.19546638429164886,-0.47489243745803833,0.008271969854831696,0.34201645851135254,-0.6360146403312683,-0.023383136838674545,0.4136516749858856,-0.7590919733047485,-0.06005926430225372,0.4690646231174469,-0.8788198232650757,-0.0874876156449318,0.18978078663349152,-0.4289637804031372,-0.05529480800032616,0.33994412422180176,-0.6017653942108154,-0.08535590022802353,0.4129301607608795,-0.7206376791000366,-0.11335504055023193,0.4635569155216217,-0.835841178894043,-0.1341019868850708,0.2080601006746292,-0.34759485721588135,-0.11635736376047134,0.3257281482219696,-0.46140941977500916,-0.1388796865940094,0.38536572456359863,-0.5574356913566589,-0.1510780304670334,0.43147405982017517,-0.6523810625076294,-0.1616392582654953,0.0,0.0,0.0,-0.17577706277370453,-0.059194378554821014,0.07088913768529892,-0.24569645524024963,-0.1821567714214325,0.09381075948476791,-0.29872575402259827,-0.2625409662723541,0.09605703502893448,-0.352504700422287,-0.3227311074733734,0.09129846841096878,-0.1713550090789795,-0.46229976415634155,0.08279519528150558,-0.2910226285457611,-0.6172745823860168,0.0790109634399414,-0.3592170774936676,-0.7183222770690918,0.06986480951309204,-0.4066740870475769,-0.8185101747512817,0.057667139917612076,-0.16366970539093018,-0.47832444310188293,0.02426564320921898,-0.3113923668861389,-0.6728973984718323,0.011563658714294434,-0.38910582661628723,-0.7872908115386963,-0.009892567060887814,-0.4350208640098572,-0.8999425768852234,-0.02933003567159176,-0.18226903676986694,-0.433740496635437,-0.03367098420858383,-0.334833562374115,-0.6253018379211426,-0.059742193669080734,-0.4119623601436615,-0.747844398021698,-0.08798223733901978,-0.4565458595752716,-0.8690674304962158,-0.10995587706565857,-0.23667439818382263,-0.3483887016773224,-0.08517059683799744,-0.3538704514503479,-0.49066412448883057,-0.11593401432037354,-0.41922348737716675,-0.5771732330322266,-0.13572756946086884,-0.4667656421661377,-0.6731628775596619,-0.15259328484535217,SLEEP
0.0,0.0,0.0,0.20329301059246063,-0.10229678452014923,0.06649506092071533,0.28188908100128174,-0.24940507113933563,0.08694904297590256,0.33017265796661377,-0.32588323950767517,0.08250413089990616,0.3864755630493164,-0.37668558955192566,0.0726039782166481,0.2308180183172226,-0.4703481197357178,0.07579975575208664,0.3540082573890686,-0.590792179107666,0.05131794884800911,0.4237983524799347,-0.6968059539794922,0.01943565532565117,0.475860595703125,-0.7948811650276184,-0.009512941353023052,0.20529796183109283,-0.4712563753128052,0.007879950106143951,0.3509107530117035,-0.6283414363861084,-0.024151496589183807,0.42071297764778137,-0.7529647350311279,-0.06159689649939537,0.47418907284736633,-0.8758070468902588,-0.09003723412752151,0.1938195675611496,-0.4271559715270996,-0.060235150158405304,0.3410860598087311,-0.6001116633415222,-0.09235874563455582,0.4119046628475189,-0.7170511484146118,-0.12014728784561157,0.46098577976226807,-0.8336987495422363,-0.1410256028175354,0.2029809206724167,-0.34716105461120605,-0.12485731393098831,0.31946107745170593,-0.4618898630142212,-0.15085884928703308,0.38025814294815063,-0.5559902191162109,-0.16347292065620422,0.42915335297584534,-0.6499307751655579,-0.17434032261371613,0.0,0.0,0.0,-0.16581423580646515,-0.06546331197023392,0.07807812839746475,-0.2332886904478073,-0.18340711295604706,0.1061667948961258,-0.289284884929657,-0.2623908221721649,0.11252997815608978,-0.34529662132263184,-0.32280808687210083,0.11174169927835464,-0.16726315021514893,-0.4563203454017639,0.09151814132928848,-0.28659412264823914,-0.6109458208084106,0.09000300616025925,-0.35451406240463257,-0.7117960453033447,0.08305300027132034,-0.4007219672203064,-0.8115972280502319,0.07253699749708176,-0.16241858899593353,-0.4761433005332947,0.030818188562989235,-0.31017500162124634,-0.6728253960609436,0.019605105742812157,-0.38716980814933777,-0.7895033359527588,0.0002905573055613786,-0.4311061501502991,-0.9021357893943787,-0.017276598140597343,-0.18317565321922302,-0.4334050416946411,-0.029062556102871895,-0.33654096722602844,-0.6259106993675232,-0.05386636406183243,-0.4133145809173584,-0.748724102973938,-0.08100363612174988,-0.45579370856285095,-0.8691660165786743,-0.10205692052841187,-0.23919788002967834,-0.3495160639286041,-0.08183419704437256,-0.3557756245136261,-0.48954200744628906,-0.11361938714981079,-0.42056286334991455,-0.5759425163269043,-0.1343829333782196,-0.46618178486824036,-0.6711701154708862,-0.1514522284269333,SLEEP
0.0,0.0,0.0,0.19676600396633148,-0.09939973056316376,0.05986250191926956,0.27659809589385986,-0.24667377769947052,0.07689934223890305,0.32425475120544434,-0.32688531279563904,0.07053389400243759,0.3811275064945221,-0.3751400411128998,0.06000157818198204,0.22146978974342346,-0.47501692175865173,0.06950251758098602,0.3392294645309448,-0.6107962727546692,0.04521152004599571,0.4075222313404083,-0.7212272882461548,0.015004603192210197,0.4578031301498413,-0.821092426776886,-0.011500576511025429,0.19728466868400574,-0.47361353039741516,0.006603398825973272,0.34225913882255554,-0.635120153427124,-0.025137050077319145,0.41441166400909424,-0.7597929239273071,-0.0606255866587162,0.469113290309906,-0.8788930177688599,-0.08648575097322464,0.18940052390098572,-0.4286440908908844,-0.056722573935985565,0.3374864459037781,-0.600901186466217,-0.08681981265544891,0.41287392377853394,-0.7175466418266296,-0.11288054287433624,0.46618717908859253,-0.8299564123153687,-0.1316269040107727,0.2033468782901764,-0.3477833569049835,-0.11714664846658707,0.3220731317996979,-0.4641543924808502,-0.13898557424545288,0.3851913511753082,-0.5569978952407837,-0.1485462337732315,0.43588945269584656,-0.6472132802009583,-0.15674369037151337,0.0,0.0,0.0,-0.1646193116903305,-0.0694371834397316,0.08644240349531174,-0.22945493459701538,-0.18751882016658783,0.11950629204511642,-0.2808677554130554,-0.270068496465683,0.12914924323558807,-0.33246123790740967,-0.3356395959854126,0.13083793222904205,-0.15948541462421417,-0.4559420645236969,0.1008521169424057,-0.28082039952278137,-0.6110037565231323,0.10241996496915817,-0.34958988428115845,-0.7129395604133606,0.0970318391919136,-0.39773017168045044,-0.8150191307067871,0.08778128772974014,-0.1536569893360138,-0.4761858582496643,0.036932628601789474,-0.3052181601524353,-0.6728003621101379,0.030838755890727043,-0.3827938139438629,-0.7900301814079285,0.014109387062489986,-0.42796242237091064,-0.9037938117980957,-0.002213806379586458,-0.1743738055229187,-0.4348430931568146,-0.02584884688258171,-0.33098798990249634,-0.6216820478439331,-0.04684359207749367,-0.41012677550315857,-0.7459380626678467,-0.07247748970985413,-0.4554326832294464,-0.8670645356178284,-0.09307320415973663,-0.2327793687582016,-0.35246962308883667,-0.08103156089782715,-0.3491601347923279,-0.4934598505496979,-0.10938611626625061,-0.41253581643104553,-0.5826889872550964,-0.1280163675546646,-0.45762789249420166,-0.6810911893844604,-0.14408017694950104,SLEEP
0.0,0.0,0.0,0.1991422027349472,-0.09721987694501877,0.06408677250146866,0.27815982699394226,-0.23885194957256317,0.08363957703113556,0.3263606131076813,-0.31159141659736633,0.07875428348779678,0.3826662600040436,-0.3585422933101654,0.06905394792556763,0.22558028995990753,-0.46752044558525085,0.07672566920518875,0.34424009919166565,-0.5958976745605469,0.05196980759501457,0.4144406318664551,-0.7047814726829529,0.0194980651140213,0.4666345715522766,-0.8056600689888,-0.009157363325357437,0.20160983502864838,-0.4692699611186981,0.011302114464342594,0.34528249502182007,-0.6292036771774292,-0.01986711099743843,0.4173988103866577,-0.7548577785491943,-0.057155925780534744,0.47180113196372986,-0.877570629119873,-0.08528529852628708,0.19376106560230255,-0.4272855818271637,-0.054578106850385666,0.34016939997673035,-0.6010968089103699,-0.08496152609586716,0.41353967785835266,-0.7201778292655945,-0.11227423697710037,0.4635997712612152,-0.8361120223999023,-0.13231009244918823,0.20841671526432037,-0.35080644488334656,-0.11743124574422836,0.3260440230369568,-0.46938350796699524,-0.1409149318933487,0.38728606700897217,-0.5657403469085693,-0.15220315754413605,0.4354792535305023,-0.6603363156318665,-0.16178137063980103,0.0,0.0,0.0,-0.18036320805549622,-0.060408271849155426,0.08339404314756393,-0.2474747747182846,-0.17669984698295593,0.111611008644104,-0.30058714747428894,-0.25672438740730286,0.11738309264183044,-0.3528267741203308,-0.32123690843582153,0.11532910168170929,-0.17132273316383362,-0.45322468876838684,0.08806543052196503,-0.296740859746933,-0.6085388660430908,0.08660474419593811,-0.3636031448841095,-0.7076203227043152,0.0800900012254715,-0.4094025194644928,-0.8100304007530212,0.06929951906204224,-0.16174004971981049,-0.4725622236728668,0.023806646466255188,-0.3170497715473175,-0.6696805953979492,0.012677635997533798,-0.39510485529899597,-0.785051703453064,-0.006976344622671604,-0.4383079707622528,-0.898454487323761,-0.025798454880714417,-0.18115688860416412,-0.42757371068000793,-0.038563504815101624,-0.34194043278694153,-0.6171701550483704,-0.06346027553081512,-0.4205186665058136,-0.7398505210876465,-0.09039054065942764,-0.46337470412254333,-0.8601414561271667,-0.1122201681137085,-0.23841778934001923,-0.34288927912712097,-0.09316746890544891,-0.35829904675483704,-0.484006404876709,-0.12569567561149597,-0.4243951439857483,-0.5734744668006897,-0.1469651162624359,-0.4705905318260193,-0.6726629734039307,-0.16513286530971527,SLEEP
0.0,0.0,0.0,0.19724200665950775,-0.10254856944084167,0.057689107954502106,0.2750698924064636,-0.2510625422000885,0.0744575783610344,0.3205561339855194,-0.33192455768585205,0.06807678937911987,0.3748394250869751,-0.38430866599082947,0.05803310126066208,0.21912139654159546,-0.47584637999534607,0.07150623202323914,0.33779221773147583,-0.6089394092559814,0.04661792516708374,0.4080573618412018,-0.718309760093689,0.015648435801267624,0.4607272446155548,-0.8174958229064941,-0.011183840222656727,0.19674253463745117,-0.47549983859062195,0.010245218873023987,0.34102877974510193,-0.6371703147888184,-0.020640674978494644,0.4147157371044159,-0.7604157328605652,-0.05540390685200691,0.47181108593940735,-0.8779608011245728,-0.08111225068569183,0.19051165878772736,-0.43285685777664185,-0.052160754799842834,0.33745017647743225,-0.6058892011642456,-0.08155397325754166,0.41247737407684326,-0.7232447862625122,-0.1076284795999527,0.46562692523002625,-0.8350548148155212,-0.12649060785770416,0.2071073353290558,-0.356177419424057,-0.1121034100651741,0.3247172236442566,-0.4726836681365967,-0.13325344026088715,0.38784804940223694,-0.5663943886756897,-0.1434924304485321,0.43897178769111633,-0.6572144031524658,-0.15229810774326324,0.0,0.0,0.0,-0.1779613196849823,-0.05565902590751648,0.07075173407793045,-0.24541041254997253,-0.17734205722808838,0.09347301721572876,-0.2975414991378784,-0.25795048475265503,0.09612386673688889,-0.3518928587436676,-0.3208197057247162,0.09185744822025299,-0.16536812484264374,-0.46666160225868225,0.0804080069065094,-0.28729841113090515,-0.6164768934249878,0.07681554555892944,-0.35629409551620483,-0.7151364684104919,0.06803728640079498,-0.40448668599128723,-0.8141158819198608,0.05605131760239601,-0.15843802690505981,-0.48258331418037415,0.022838406264781952,-0.30699121952056885,-0.6757010817527771,0.008952626027166843,-0.38543763756752014,-0.7884453535079956,-0.013247562572360039,-0.4323718249797821,-0.901088535785675,-0.03307700157165527,-0.17708593606948853,-0.4369933605194092,-0.03365371748805046,-0.3309968411922455,-0.6285142302513123,-0.06187545135617256,-0.4104144275188446,-0.7523092031478882,-0.09143733233213425,-0.4563007056713104,-0.8743738532066345,-0.11357498914003372,-0.2332385927438736,-0.3495117127895355,-0.08322788774967194,-0.35426297783851624,-0.4923265874385834,-0.11468470096588135,-0.4210585057735443,-0.578745424747467,-0.13452750444412231,-0.4674364924430847,-0.6748807430267334,-0.15113145112991333,SLEEP
0.0,0.0,0.0,0.20324943959712982,-0.10475225746631622,0.0687575712800026,0.2846900224685669,-0.24982933700084686,0.0887245237827301,0.33626478910446167,-0.3228727877140045,0.08344611525535583,0.3945690989494324,-0.3703637421131134,0.07220340520143509,0.22613173723220825,-0.4692060053348541,0.07291144132614136,0.35346585512161255,-0.5883098840713501,0.04793136939406395,0.42614829540252686,-0.6891045570373535,0.016884615644812584,0.4817636013031006,-0.7810946106910706,-0.011376438662409782,0.20106036961078644,-0.4694567024707794,0.0032743916381150484,0.3485344648361206,-0.6291275024414062,-0.03023809753358364,0.4200906753540039,-0.7529526948928833,-0.06829599291086197,0.474871963262558,-0.8746848702430725,-0.09707198292016983,0.19113336503505707,-0.4230673313140869,-0.06606152653694153,0.3383728265762329,-0.601116955280304,-0.10029509663581848,0.41078346967697144,-0.7183753848075867,-0.13035857677459717,0.46170905232429504,-0.8354873061180115,-0.152837336063385,0.20354101061820984,-0.3408834934234619,-0.13125690817832947,0.3188752233982086,-0.45767268538475037,-0.159596249461174,0.3796249330043793,-0.5522972941398621,-0.17430441081523895,0.4284680187702179,-0.6470093727111816,-0.18685396015644073,0.0,0.0,0.0,-0.1739443987607956,-0.062406208366155624,0.07496120035648346,-0.23980052769184113,-0.18047688901424408,0.10011278092861176,-0.29160284996032715,-0.26043590903282166,0.10444222390651703,-0.34652194380760193,-0.3194790184497833,0.10101266950368881,-0.1639542132616043,-0.4596826434135437,0.08069612830877304,-0.28359997272491455,-0.6139804720878601,0.07622776925563812,-0.35138997435569763,-0.7161068320274353,0.06835179030895233,-0.39747050404548645,-0.8174116611480713,0.0570170059800148,-0.1555202305316925,-0.47771525382995605,0.020956210792064667,-0.3071269094944,-0.6727797985076904,0.006733400747179985,-0.38379234075546265,-0.7875787019729614,-0.013261644169688225,-0.4280579388141632,-0.9031953811645508,-0.03169364482164383,-0.1734374314546585,-0.43347322940826416,-0.037673063576221466,-0.32934513688087463,-0.6254323720932007,-0.06662396341562271,-0.4072309732437134,-0.746926486492157,-0.0951501876115799,-0.452443391084671,-0.8667540550231934,-0.11694995313882828,-0.22800855338573456,-0.3482668399810791,-0.08914923667907715,-0.34535297751426697,-0.49248114228248596,-0.12556564807891846,-0.41102084517478943,-0.582289457321167,-0.14945285022258759,-0.4587322175502777,-0.682216465473175,-0.16877923905849457,SLEEP
0.0,0.0,0.0,0.20017945766448975,-0.1031641885638237,0.06215513125061989,0.27987128496170044,-0.2508684992790222,0.07952304184436798,0.32806774973869324,-0.32963383197784424,0.07265368103981018,0.38379934430122375,-0.38070303201675415,0.06164175644516945,0.21758422255516052,-0.4713578522205353,0.07074856013059616,0.3378959596157074,-0.6108233332633972,0.045080967247486115,0.4080261290073395,-0.7193899154663086,0.014435803517699242,0.4621439278125763,-0.8160459399223328,-0.011860016733407974,0.19447442889213562,-0.4685559868812561,0.006827274337410927,0.3429678976535797,-0.6381378769874573,-0.024818750098347664,0.4176483750343323,-0.7607854604721069,-0.06014389544725418,0.4757128357887268,-0.8754056692123413,-0.08580343425273895,0.18939433991909027,-0.423506498336792,-0.05767375975847244,0.34036460518836975,-0.6044273376464844,-0.08736555278301239,0.4172614514827728,-0.7240529656410217,-0.11540979892015457,0.47151443362236023,-0.8374128937721252,-0.13577981293201447,0.20853419601917267,-0.3454570472240448,-0.11906827986240387,0.3271844685077667,-0.4628324508666992,-0.14077480137348175,0.3899446725845337,-0.5584510564804077,-0.15248149633407593,0.439834862947464,-0.6518159508705139,-0.1625753492116928,0.0,0.0,0.0,-0.17897318303585052,-0.057074498385190964,0.07615707069635391,-0.24766278266906738,-0.1780708283185959,0.09982357174158096,-0.2987372875213623,-0.25863921642303467,0.10149446874856949,-0.35570719838142395,-0.3178836703300476,0.0952041819691658,-0.16925345361232758,-0.4608944356441498,0.08419030904769897,-0.2880544662475586,-0.6122000217437744,0.07937782257795334,-0.3550570011138916,-0.7127977609634399,0.06896881014108658,-0.40111780166625977,-0.814228355884552,0.055467892438173294,-0.1592080444097519,-0.47782039642333984,0.021231355145573616,-0.3114030659198761,-0.6692949533462524,0.009389824233949184,-0.3904285132884979,-0.7857068181037903,-0.011354207992553711,-0.4361979365348816,-0.8993015885353088,-0.03143458813428879,-0.17621058225631714,-0.4338669180870056,-0.04095451533794403,-0.3341090679168701,-0.6221745610237122,-0.06665460765361786,-0.41324982047080994,-0.7427893280982971,-0.09407944977283478,-0.458748459815979,-0.8603433966636658,-0.11671292036771774,-0.22914989292621613,-0.3503713607788086,-0.09651961922645569,-0.3479180932044983,-0.48887237906455994,-0.12990698218345642,-0.4134035110473633,-0.5769807696342468,-0.15166686475276947,-0.46087726950645447,-0.6743131875991821,-0.1704537719488144,SLEEP
0.0,0.0,0.0,0.20013642311096191,-0.10071268677711487,0.06651440262794495,0.2833831012248993,-0.248245507478714,0.0875193178653717,0.33823737502098083,-0.32300230860710144,0.08379553258419037,0.3971182107925415,-0.36772793531417847,0.07509536296129227,0.22537373006343842,-0.46829116344451904,0.07610146701335907,0.35205206274986267,-0.5868775844573975,0.053660374134778976,0.425035685300827,-0.6867801547050476,0.02425084263086319,0.47984835505485535,-0.7772444486618042,-0.0026662105228751898,0.20115166902542114,-0.4714575409889221,0.009268399327993393,0.34880152344703674,-0.6324784159660339,-0.021099621430039406,0.4224441647529602,-0.7553671002388,-0.05690018832683563,0.4776136577129364,-0.8745716214179993,-0.08372367173433304,0.1924787163734436,-0.4280916452407837,-0.05767766013741493,0.34105008840560913,-0.6056956648826599,-0.08917922526597977,0.41442519426345825,-0.7232889533042908,-0.11847538501024246,0.4636232554912567,-0.8393908143043518,-0.13999786972999573,0.2062682956457138,-0.3484489917755127,-0.12084756046533585,0.3235933184623718,-0.46269625425338745,-0.146877720952034,0.3837050497531891,-0.5586287975311279,-0.16121762990951538,0.42960596084594727,-0.6537510752677917,-0.17316539585590363,0.0,0.0,0.0,-0.1815495491027832,-0.06156204640865326,0.08145911246538162,-0.24820055067539215,-0.18407373130321503,0.10852981358766556,-0.29628539085388184,-0.2623724043369293,0.11294607818126678,-0.3489611744880676,-0.3248475193977356,0.10910074412822723,-0.16841639578342438,-0.4614112079143524,0.08888469636440277,-0.28199130296707153,-0.6182252168655396,0.08625578135251999,-0.34828510880470276,-0.7197121381759644,0.07812882959842682,-0.3943369686603546,-0.8208441138267517,0.06629062443971634,-0.15708503127098083,-0.4782431423664093,0.02527826838195324,-0.3061922788619995,-0.671367883682251,0.01291692815721035,-0.38414260745048523,-0.7874786257743835,-0.007987016811966896,-0.4299221336841583,-0.9024423956871033,-0.027652865275740623,-0.17132458090782166,-0.4344654083251953,-0.037019144743680954,-0.3277936577796936,-0.6228644847869873,-0.06500926613807678,-0.4066321849822998,-0.7448476552963257,-0.09526633471250534,-0.45282647013664246,-0.8646941781044006,-0.11895210295915604,-0.2224871665239334,-0.3501546084880829,-0.09158340841531754,-0.3441820740699768,-0.48604151606559753,-0.12602733075618744,-0.410503089427948,-0.5707533955574036,-0.14883236587047577,-0.4584592580795288,-0.6668679118156433,-0.1681896448135376,SLEEP
0.0,0.0,0.0,0.1994992047548294,-0.10378248244524002,0.06463922560214996,0.2804470360279083,-0.2504434585571289,0.08396236598491669,0.3299195170402527,-0.32907816767692566,0.07865600287914276,0.38550594449043274,-0.38032886385917664,0.06935631483793259,0.2209038883447647,-0.46897435188293457,0.07606396079063416,0.34108608961105347,-0.6073786020278931,0.05224715545773506,0.4108583927154541,-0.716128408908844,0.022199498489499092,0.4641202688217163,-0.813076913356781,-0.003917974419891834,0.19766630232334137,-0.4678817689418793,0.01127436850219965,0.3442513644695282,-0.6363403797149658,-0.018790949136018753,0.41899096965789795,-0.7601132988929749,-0.053921397775411606,0.47653958201408386,-0.8755466938018799,-0.07954935729503632,0.19222688674926758,-0.4245299696922302,-0.054042406380176544,0.34235572814941406,-0.6058964729309082,-0.08259332925081253,0.4195568859577179,-0.7265386581420898,-0.11024673283100128,0.4736899733543396,-0.8409496545791626,-0.13044428825378418,0.21113000810146332,-0.34775254130363464,-0.11609996855258942,0.33034375309944153,-0.46413570642471313,-0.13717812299728394,0.39223915338516235,-0.559476375579834,-0.14820846915245056,0.44040563702583313,-0.6525164246559143,-0.1577700972557068,0.0,0.0,0.0,-0.1809518188238144,-0.056240264326334,0.07927179336547852,-0.24605105817317963,-0.17472797632217407,0.104387566447258,-0.29478999972343445,-0.2531302273273468,0.1065848171710968,-0.34950926899909973,-0.3124576508998871,0.10056650638580322,-0.1681268960237503,-0.45905330777168274,0.08953522145748138,-0.2844502925872803,-0.612253725528717,0.08684766292572021,-0.35067686438560486,-0.7137139439582825,0.07825677841901779,-0.39640316367149353,-0.8151262998580933,0.06589287519454956,-0.1573348194360733,-0.47739264369010925,0.025615518912672997,-0.30676835775375366,-0.6685588359832764,0.014428679831326008,-0.38522204756736755,-0.7857444882392883,-0.006408333778381348,-0.43204545974731445,-0.9014644622802734,-0.026430873200297356,-0.1731298267841339,-0.4344419836997986,-0.037396594882011414,-0.32854020595550537,-0.6202308535575867,-0.06379416584968567,-0.40792614221572876,-0.7411671876907349,-0.09228665381669998,-0.4552758038043976,-0.8590967655181885,-0.11522934585809708,-0.22677835822105408,-0.3504839241504669,-0.09334882348775864,-0.34581756591796875,-0.48532766103744507,-0.12689265608787537,-0.41213539242744446,-0.5708231329917908,-0.14893193542957306,-0.46105650067329407,-0.6660545468330383,-0.16779722273349762,SLEEP
0.0,0.0,0.0,0.1982424259185791,-0.09982916712760925,0.07131016999483109,0.2788694500923157,-0.24553737044334412,0.09479217231273651,0.33208778500556946,-0.3203117251396179,0.09289898723363876,0.39217671751976013,-0.3605268895626068,0.08576545864343643,0.22817398607730865,-0.4657174348831177,0.08120294660329819,0.3523116707801819,-0.5872498750686646,0.06099144369363785,0.4252135455608368,-0.6887654662132263,0.033290401101112366,0.48033010959625244,-0.7802741527557373,0.007282475475221872,0.20555466413497925,-0.4693560004234314,0.01278202049434185,0.3512724041938782,-0.6326788663864136,-0.01644943654537201,0.4253638684749603,-0.7559013962745667,-0.0508686788380146,0.4805726408958435,-0.8736010193824768,-0.07662318646907806,0.19712427258491516,-0.4260612428188324,-0.05535874143242836,0.3442199230194092,-0.6070526242256165,-0.0859033539891243,0.418069452047348,-0.7246399521827698,-0.11402393877506256,0.46716418862342834,-0.8401052951812744,-0.13468694686889648,0.21025820076465607,-0.3465909957885742,-0.11927436292171478,0.32679063081741333,-0.46324247121810913,-0.14455683529376984,0.38739508390426636,-0.558131992816925,-0.1581258773803711,0.4337726831436157,-0.6516822576522827,-0.1695181429386139,0.0,0.0,0.0,-0.1729704737663269,-0.05842159688472748,0.08377186208963394,-0.2385403960943222,-0.174387127161026,0.11246868968009949,-0.2886093854904175,-0.25120362639427185,0.11786812543869019,-0.34254851937294006,-0.3105103075504303,0.11485231667757034,-0.16739694774150848,-0.45768308639526367,0.092860646545887,-0.28039446473121643,-0.6146734952926636,0.09232121706008911,-0.3453598916530609,-0.7169555425643921,0.08539231866598129,-0.3905154764652252,-0.8183000087738037,0.07414453476667404,-0.15755122900009155,-0.4758094847202301,0.028046803548932076,-0.3046107888221741,-0.6702570915222168,0.018380308523774147,-0.381574422121048,-0.788481593132019,-0.0010918767657130957,-0.42812371253967285,-0.9034961462020874,-0.02011914737522602,-0.17382390797138214,-0.4325127899646759,-0.03538309410214424,-0.32838451862335205,-0.6201149225234985,-0.06023922562599182,-0.40666526556015015,-0.7406726479530334,-0.08845646679401398,-0.45376524329185486,-0.857876718044281,-0.11142731457948685,-0.2273593544960022,-0.3474726974964142,-0.09122904390096664,-0.34627220034599304,-0.48076605796813965,-0.1242654025554657,-0.41217952966690063,-0.565582811832428,-0.14655253291130066,-0.4608028531074524,-0.6601811647415161,-0.165666863322258,SLEEP
0.0,0.0,0.0,0.20133286714553833,-0.09908804297447205,0.06456096470355988,0.28282430768013,-0.24655644595623016,0.08560341596603394,0.3328442871570587,-0.32532334327697754,0.08205398172140121,0.3910161256790161,-0.3712618052959442,0.07461854815483093,0.22654718160629272,-0.4723365902900696,0.08096849173307419,0.34667152166366577,-0.6003710627555847,0.059198129922151566,0.4181048572063446,-0.7052876949310303,0.02959837205708027,0.4712843894958496,-0.8004828095436096,0.0028849171940237284,0.20293667912483215,-0.4728907346725464,0.015999868512153625,0.348965585231781,-0.6334871053695679,-0.013560280203819275,0.42405977845191956,-0.7557522058486938,-0.04917121306061745,0.48079589009284973,-0.8735838532447815,-0.07540929317474365,0.19673989713191986,-0.4287581145763397,-0.049691423773765564,0.3458704650402069,-0.6049597263336182,-0.07925661653280258,0.42110365629196167,-0.7224115133285522,-0.10672837495803833,0.472362220287323,-0.8376412391662598,-0.12630701065063477,0.21401214599609375,-0.3498677909374237,-0.11222393065690994,0.3324791193008423,-0.467244416475296,-0.134767547249794,0.39351874589920044,-0.5625909566879272,-0.1462039351463318,0.44047969579696655,-0.6560150980949402,-0.15565577149391174,0.0,0.0,0.0,-0.17662933468818665,-0.06045932322740555,0.08640550822019577,-0.24599362909793854,-0.17528089880943298,0.11413080245256424,-0.30022192001342773,-0.25076308846473694,0.11700160056352615,-0.35759225487709045,-0.3081843852996826,0.11119949072599411,-0.17273084819316864,-0.4591699540615082,0.09926159679889679,-0.2918614149093628,-0.6106799244880676,0.09917179495096207,-0.3572700619697571,-0.7100321054458618,0.09106434136629105,-0.4024369418621063,-0.8106125593185425,0.07839182764291763,-0.1619149148464203,-0.4787704050540924,0.031298644840717316,-0.3125997483730316,-0.6681553721427917,0.022744931280612946,-0.3902052044868469,-0.7853732109069824,0.0014892180915921926,-0.4351356625556946,-0.9001483917236328,-0.019746843725442886,-0.17885996401309967,-0.435558021068573,-0.035493604838848114,-0.33572548627853394,-0.6216663122177124,-0.0581301748752594,-0.4143849015235901,-0.7426983714103699,-0.0852615013718605,-0.45987561345100403,-0.860664427280426,-0.10872680693864822,-0.23357392847537994,-0.35091376304626465,-0.09488926827907562,-0.3532690107822418,-0.48430898785591125,-0.12582090497016907,-0.4189572334289551,-0.5703479051589966,-0.14667625725269318,-0.4665343761444092,-0.666347861289978,-0.16556954383850098,SLEEP
0.0,0.0,0.0,0.2006818652153015,-0.10189519077539444,0.06911812722682953,0.27899986505508423,-0.24874217808246613,0.09228265285491943,0.32794925570487976,-0.32467514276504517,0.09002027660608292,0.3852826952934265,-0.3703266382217407,0.08328282833099365,0.22158700227737427,-0.46909910440444946,0.08509425818920135,0.34621647000312805,-0.59193354845047,0.06172206252813339,0.42125165462493896,-0.6947814226150513,0.030240872874855995,0.4776151776313782,-0.7889548540115356,0.0024103287141770124,0.19883796572685242,-0.47006461024284363,0.01776411011815071,0.34751489758491516,-0.6293028593063354,-0.013350365683436394,0.42283859848976135,-0.7531515955924988,-0.05012482404708862,0.48018714785575867,-0.8737519979476929,-0.07731564342975616,0.1939815878868103,-0.42794695496559143,-0.05012679100036621,0.3442876636981964,-0.6063723564147949,-0.080817811191082,0.418729305267334,-0.7259213328361511,-0.10814149677753448,0.4695020616054535,-0.843477189540863,-0.12748688459396362,0.21321028470993042,-0.35320645570755005,-0.11460134387016296,0.3316590487957001,-0.47579267621040344,-0.13819627463817596,0.3920300602912903,-0.5749523043632507,-0.14999675750732422,0.439319372177124,-0.6722368597984314,-0.15963764488697052,0.0,0.0,0.0,-0.1714606136083603,-0.06343557685613632,0.09408725798130035,-0.239263117313385,-0.18046067655086517,0.1265346109867096,-0.29364463686943054,-0.25706398487091064,0.1342432051897049,-0.35165318846702576,-0.31729283928871155,0.13307106494903564,-0.16468654572963715,-0.46382078528404236,0.10111453384160995,-0.2833479940891266,-0.6209479570388794,0.10448774695396423,-0.3524203300476074,-0.7220776677131653,0.10026727616786957,-0.4015727639198303,-0.8218342065811157,0.09062032401561737,-0.15733659267425537,-0.48066815733909607,0.03261004015803337,-0.30878159403800964,-0.6728017926216125,0.0252460315823555,-0.3884628117084503,-0.7876425385475159,0.0075472453609108925,-0.43611007928848267,-0.8998360633850098,-0.010153778828680515,-0.17502997815608978,-0.435799241065979,-0.033369556069374084,-0.3305097818374634,-0.627066433429718,-0.05564981698989868,-0.41081497073173523,-0.7494714856147766,-0.08191026747226715,-0.4594324231147766,-0.8686864972114563,-0.10377520322799683,-0.22747257351875305,-0.3497368395328522,-0.0906204804778099,-0.3478129208087921,-0.4946173131465912,-0.12147723883390427,-0.41474607586860657,-0.5805174708366394,-0.14124691486358643,-0.46463412046432495,-0.6739330887794495,-0.15857891738414764,SLEEP
0.0,0.0,0.0,0.19824150204658508,-0.10236481577157974,0.06816881895065308,0.27677983045578003,-0.24743543565273285,0.08994195610284805,0.3268178403377533,-0.3232346177101135,0.08711417764425278,0.3836464583873749,-0.36823800206184387,0.0796050876379013,0.2235722690820694,-0.46803173422813416,0.07816063612699509,0.3497714698314667,-0.5918291807174683,0.05571429431438446,0.4227958619594574,-0.6971248984336853,0.02592102624475956,0.4778412878513336,-0.7931622266769409,-0.000999361160211265,0.2012406587600708,-0.46850401163101196,0.011950751766562462,0.3503611087799072,-0.6275431513786316,-0.01833566650748253,0.4235633611679077,-0.7525103688240051,-0.053656432777643204,0.47922056913375854,-0.87405925989151,-0.07979974150657654,0.19585849344730377,-0.4244631230831146,-0.05395560339093208,0.3465454578399658,-0.602091908454895,-0.08346341550350189,0.4186996519565582,-0.7209725975990295,-0.10931701213121414,0.46760451793670654,-0.838361918926239,-0.12809589505195618,0.2130357325077057,-0.34587594866752625,-0.11623144894838333,0.32872384786605835,-0.4640241265296936,-0.13965564966201782,0.3873226046562195,-0.5613346695899963,-0.1505470722913742,0.4331214427947998,-0.6571112275123596,-0.1593850553035736,0.0,0.0,0.0,-0.17931345105171204,-0.05821416154503822,0.07681833207607269,-0.24650581181049347,-0.17621354758739471,0.09956157207489014,-0.2986339032649994,-0.25238385796546936,0.10028994083404541,-0.3563292324542999,-0.3090452551841736,0.09307611733675003,-0.16645227372646332,-0.46191489696502686,0.08378074318170547,-0.28631913661956787,-0.6163233518600464,0.08020085096359253,-0.3529466688632965,-0.7183388471603394,0.07125318795442581,-0.3984992206096649,-0.8195465207099915,0.05920971930027008,-0.1581340879201889,-0.47793346643447876,0.022135918959975243,-0.3093613088130951,-0.6713404059410095,0.01080373115837574,-0.38618913292884827,-0.7868902087211609,-0.009479135274887085,-0.43084225058555603,-0.9019653797149658,-0.0288682971149683,-0.1762206107378006,-0.4338281750679016,-0.03822622075676918,-0.33217379450798035,-0.6245066523551941,-0.0628030002117157,-0.4103486239910126,-0.7457642555236816,-0.08930899202823639,-0.45560401678085327,-0.8633297681808472,-0.11074956506490707,-0.23071026802062988,-0.3490329384803772,-0.09168489277362823,-0.3505105674266815,-0.49010929465293884,-0.12051355093717575,-0.41612330079078674,-0.5753514766693115,-0.13864456117153168,-0.46375811100006104,-0.668841540813446,-0.15493442118167877,SLEEP
0.0,0.0,0.0,0.2000114619731903,-0.10005000978708267,0.06489530205726624,0.2793002128601074,-0.24854598939418793,0.08588101714849472,0.3284761607646942,-0.32836294174194336,0.08220768719911575,0.38659098744392395,-0.3716682195663452,0.07422064989805222,0.22536399960517883,-0.47069066762924194,0.0800788477063179,0.3489193320274353,-0.5950507521629333,0.05691441148519516,0.42182397842407227,-0.7000862956047058,0.026263417676091194,0.475506991147995,-0.7964020371437073,-0.001176103949546814,0.20243778824806213,-0.4717867076396942,0.014454426243901253,0.35076186060905457,-0.6295652985572815,-0.016156375408172607,0.4245232343673706,-0.7532389760017395,-0.05198036879301071,0.48013877868652344,-0.8736767768859863,-0.07845824956893921,0.19598105549812317,-0.42955538630485535,-0.051789525896310806,0.34593111276626587,-0.604884147644043,-0.08198033273220062,0.4192328155040741,-0.7230047583580017,-0.1077675148844719,0.46891123056411743,-0.8399726748466492,-0.1261303871870041,0.2117966264486313,-0.35319021344184875,-0.11499851942062378,0.32989686727523804,-0.4731110632419586,-0.1377539038658142,0.39042991399765015,-0.569896399974823,-0.1478745937347412,0.4373360574245453,-0.665261447429657,-0.1562718003988266,0.0,0.0,0.0,-0.17690466344356537,-0.05870382860302925,0.08537770807743073,-0.24404263496398926,-0.17451196908950806,0.11244722455739975,-0.29747825860977173,-0.24920178949832916,0.11561010777950287,-0.35626620054244995,-0.3070318400859833,0.11068674176931381,-0.1685088723897934,-0.4611027240753174,0.09586401283740997,-0.28481653332710266,-0.6157207489013672,0.09617123007774353,-0.3515738248825073,-0.7168160080909729,0.09003633260726929,-0.39663711190223694,-0.8170171976089478,0.07920291274785995,-0.16038258373737335,-0.4795706570148468,0.029493145644664764,-0.3099987506866455,-0.6717292070388794,0.020217906683683395,-0.3877803087234497,-0.7873881459236145,0.001403943751938641,-0.4325805902481079,-0.9014347791671753,-0.017010163515806198,-0.17806170880794525,-0.4366813600063324,-0.03551298752427101,-0.3338390290737152,-0.626331627368927,-0.05993512272834778,-0.41237571835517883,-0.7478098273277283,-0.08694633096456528,-0.45771870017051697,-0.8655574321746826,-0.1090056374669075,-0.23194870352745056,-0.35182514786720276,-0.09281885623931885,-0.35388314723968506,-0.4879808723926544,-0.12458542734384537,-0.4206887185573578,-0.5717867016792297,-0.14502617716789246,-0.46884849667549133,-0.6644833087921143,-0.16281363368034363,SLEEP
0.0,0.0,0.0,0.19518692791461945,-0.10168871283531189,0.06462307274341583,0.27274492383003235,-0.24852058291435242,0.0847553238272667,0.32026904821395874,-0.3265160620212555,0.08071871846914291,0.3765338659286499,-0.37274643778800964,0.07198738306760788,0.2188391238451004,-0.46952518820762634,0.07431673258543015,0.34566473960876465,-0.5967574715614319,0.049296021461486816,0.4187292158603668,-0.7025294303894043,0.018285157158970833,0.47330671548843384,-0.7979790568351746,-0.008934186771512032,0.195115327835083,-0.47004279494285583,0.008741391822695732,0.34577128291130066,-0.6321232318878174,-0.02416115626692772,0.41957104206085205,-0.7565362453460693,-0.06076771020889282,0.4756338894367218,-0.8753100037574768,-0.08720578253269196,0.1886489987373352,-0.4260249435901642,-0.056982189416885376,0.34090083837509155,-0.6061245799064636,-0.08944550156593323,0.4147379994392395,-0.723500669002533,-0.11631827056407928,0.46469646692276,-0.8384690880775452,-0.13503269851207733,0.20487242937088013,-0.3476971983909607,-0.1192411556839943,0.323935329914093,-0.46744999289512634,-0.14441952109336853,0.3846655786037445,-0.5638360977172852,-0.1555842012166977,0.431893914937973,-0.6594410538673401,-0.16431370377540588,0.0,0.0,0.0,-0.17617124319076538,-0.06528308987617493,0.09658615291118622,-0.2417278289794922,-0.17987732589244843,0.1311367005109787,-0.29550328850746155,-0.2543269395828247,0.14028054475784302,-0.35183045268058777,-0.3154689371585846,0.14101837575435638,-0.17012757062911987,-0.4625808596611023,0.10898617655038834,-0.28362390398979187,-0.6206681132316589,0.11434298008680344,-0.34913331270217896,-0.7212458252906799,0.1114523783326149,-0.39441078901290894,-0.8203855156898499,0.10240352153778076,-0.16186432540416718,-0.48143258690834045,0.03951485455036163,-0.31091755628585815,-0.674075722694397,0.03297213837504387,-0.38952767848968506,-0.7887889742851257,0.0153047451749444,-0.43534043431282043,-0.9002625346183777,-0.0024663382209837437,-0.17984776198863983,-0.4380887746810913,-0.02786160819232464,-0.3350650668144226,-0.6295717358589172,-0.04998503625392914,-0.41386622190475464,-0.7513095736503601,-0.07630053907632828,-0.46024012565612793,-0.8698703646659851,-0.09813912957906723,-0.2337365746498108,-0.35339850187301636,-0.08640710264444351,-0.3571140170097351,-0.4904942214488983,-0.11816655844449997,-0.4249366223812103,-0.5735087394714355,-0.13919594883918762,-0.4738802909851074,-0.6649184226989746,-0.15730856359004974,SLEEP
0.0,0.0,0.0,0.19875317811965942,-0.10082846879959106,0.05634583532810211,0.2791498005390167,-0.24901527166366577,0.07155772298574448,0.3275315761566162,-0.3271559476852417,0.06373929232358932,0.3854243755340576,-0.37558484077453613,0.051166683435440063,0.2240513414144516,-0.46883994340896606,0.06477653980255127,0.34967148303985596,-0.5938593745231628,0.036078546196222305,0.4220481216907501,-0.7013351321220398,0.0020394371822476387,0.47497472167015076,-0.799805760383606,-0.027121594175696373,0.1989838033914566,-0.46809160709381104,0.0022790911607444286,0.34628966450691223,-0.6261967420578003,-0.031922660768032074,0.4181329309940338,-0.7523474097251892,-0.06958974152803421,0.47243714332580566,-0.8759382963180542,-0.09764885902404785,0.18954429030418396,-0.42529186606407166,-0.061021678149700165,0.3390071988105774,-0.5979887843132019,-0.09384668618440628,0.41215917468070984,-0.7162265181541443,-0.12106882780790329,0.4626965820789337,-0.8318091630935669,-0.1408180594444275,0.20144407451152802,-0.34857502579689026,-0.12184688448905945,0.31769323348999023,-0.4637007713317871,-0.14681541919708252,0.3781900703907013,-0.5597350597381592,-0.15810081362724304,0.42613115906715393,-0.6542169451713562,-0.16752782464027405,0.0,0.0,0.0,-0.17979072034358978,-0.06407901644706726,0.07539821416139603,-0.24425329267978668,-0.1753806322813034,0.09693850576877594,-0.2921924591064453,-0.24769896268844604,0.0960649624466896,-0.3443537652492523,-0.30460071563720703,0.08712200075387955,-0.16932378709316254,-0.456099271774292,0.08657518774271011,-0.28519150614738464,-0.6061633825302124,0.08114214986562729,-0.3510555922985077,-0.7064821124076843,0.06995204091072083,-0.3965044617652893,-0.8071185946464539,0.05636211484670639,-0.1610136479139328,-0.47666293382644653,0.024636413902044296,-0.3093704283237457,-0.6682122349739075,0.011799956671893597,-0.3869878351688385,-0.7850122451782227,-0.0100777018815279,-0.43265190720558167,-0.9010329246520996,-0.030854197219014168,-0.1798386126756668,-0.4342796206474304,-0.03672746568918228,-0.3334047496318817,-0.6250652074813843,-0.062272537499666214,-0.4105418026447296,-0.7455214262008667,-0.08915659040212631,-0.45344698429107666,-0.8620723485946655,-0.11098436266183853,-0.23709368705749512,-0.3494687080383301,-0.09150201827287674,-0.3561626076698303,-0.4837348461151123,-0.12210463732481003,-0.42087244987487793,-0.5680310130119324,-0.14120714366436005,-0.4666603207588196,-0.6623411774635315,-0.15803006291389465,SLEEP
0.0,0.0,0.0,0.1990138739347458,-0.10143769532442093,0.06753495335578918,0.27801281213760376,-0.24655017256736755,0.08966227620840073,0.32687827944755554,-0.32306113839149475,0.08689627051353455,0.38564857840538025,-0.36665263772010803,0.0791916474699974,0.22593630850315094,-0.467907577753067,0.07931523770093918,0.3468937277793884,-0.5970762968063354,0.055966660380363464,0.41946592926979065,-0.7036427855491638,0.026138588786125183,0.4731566905975342,-0.8002991676330566,-0.0002873300400096923,0.20161965489387512,-0.46891969442367554,0.01257332693785429,0.34670498967170715,-0.6302964687347412,-0.018691547214984894,0.42116832733154297,-0.7557674050331116,-0.05418291315436363,0.47742289304733276,-0.874993085861206,-0.08033986389636993,0.19319172203540802,-0.42651885747909546,-0.0545911081135273,0.341703325510025,-0.6024124026298523,-0.08604683727025986,0.4174779951572418,-0.7225217819213867,-0.11348161101341248,0.4689181447029114,-0.8382954597473145,-0.1327592432498932,0.2076069861650467,-0.34951314330101013,-0.11820685863494873,0.3280695974826813,-0.4709324240684509,-0.14300751686096191,0.39045530557632446,-0.569214403629303,-0.15523402392864227,0.4378468096256256,-0.6654126644134521,-0.16507138311862946,0.0,0.0,0.0,-0.17447492480278015,-0.06635197252035141,0.08570969104766846,-0.24184471368789673,-0.18101495504379272,0.11351129412651062,-0.29315146803855896,-0.2541904151439667,0.11732468754053116,-0.34767770767211914,-0.31412822008132935,0.11272034049034119,-0.1682473123073578,-0.4571874141693115,0.09552713483572006,-0.2834635376930237,-0.611005961894989,0.09361428767442703,-0.3488118648529053,-0.7132272720336914,0.08460843563079834,-0.39478635787963867,-0.8158220052719116,0.0718025267124176,-0.15883928537368774,-0.4771648049354553,0.02903151512145996,-0.30807703733444214,-0.6678953766822815,0.018872566521167755,-0.3858981728553772,-0.7859233021736145,-0.0018207617104053497,-0.43221166729927063,-0.9014961123466492,-0.022312581539154053,-0.1764478087425232,-0.435057133436203,-0.036189138889312744,-0.331491082906723,-0.6246239542961121,-0.06037814915180206,-0.4105220437049866,-0.7476257085800171,-0.08847499638795853,-0.45638740062713623,-0.8663092851638794,-0.1119493693113327,-0.23127810657024384,-0.35130444169044495,-0.09376519918441772,-0.3520350158214569,-0.48619022965431213,-0.1261138767004013,-0.4191724359989166,-0.5714991688728333,-0.14770248532295227,-0.4683946967124939,-0.6654012799263,-0.16665653884410858,SLEEP
0.0,0.0,0.0,0.19712942838668823,-0.09751515835523605,0.062138110399246216,0.27430036664009094,-0.24676227569580078,0.0820702388882637,0.31971657276153564,-0.32624033093452454,0.07843789458274841,0.3766513764858246,-0.3693738877773285,0.07021808624267578,0.22454559803009033,-0.4701074957847595,0.07297934591770172,0.34832003712654114,-0.5932984948158264,0.048083171248435974,0.4220828413963318,-0.6969481110572815,0.01726750284433365,0.476747065782547,-0.7908630967140198,-0.009831598959863186,0.19969922304153442,-0.47149330377578735,0.0088095897808671,0.3465706408023834,-0.6298926472663879,-0.02406652644276619,0.4198318421840668,-0.7552928924560547,-0.0601952038705349,0.47548431158065796,-0.8754536509513855,-0.08657680451869965,0.19079838693141937,-0.4282653331756592,-0.05592731013894081,0.3399614989757538,-0.6040617227554321,-0.08905672281980515,0.4142003059387207,-0.72309410572052,-0.11654052883386612,0.46509918570518494,-0.8389087319374084,-0.1354532539844513,0.2043571174144745,-0.3494388461112976,-0.1174662783741951,0.3239869177341461,-0.46957066655158997,-0.1430358588695526,0.38512808084487915,-0.5671273469924927,-0.15521538257598877,0.432328999042511,-0.663136899471283,-0.16479569673538208,0.0,0.0,0.0,-0.17268016934394836,-0.06863303482532501,0.08484560251235962,-0.23716853559017181,-0.18380452692508698,0.11272957921028137,-0.2853485941886902,-0.2553096413612366,0.11730413883924484,-0.33837437629699707,-0.3134104013442993,0.11331373453140259,-0.1701459288597107,-0.45641806721687317,0.09255393594503403,-0.28396469354629517,-0.6103610992431641,0.08950810879468918,-0.35022199153900146,-0.7126066088676453,0.08034961670637131,-0.39667966961860657,-0.8155052065849304,0.06813038140535355,-0.16051559150218964,-0.47684383392333984,0.02786511741578579,-0.30762937664985657,-0.6680890321731567,0.0171262975782156,-0.386430025100708,-0.7861150503158569,-0.003065793076530099,-0.4327310025691986,-0.9012326002120972,-0.022884422913193703,-0.17874890565872192,-0.43493834137916565,-0.03538697212934494,-0.3295519948005676,-0.6263126730918884,-0.05926654860377312,-0.4096294045448303,-0.7501214742660522,-0.0871577262878418,-0.45606598258018494,-0.8673555850982666,-0.110081747174263,-0.23554985225200653,-0.3522886633872986,-0.09094643592834473,-0.3520795404911041,-0.4928301274776459,-0.12218482792377472,-0.41739022731781006,-0.5807728171348572,-0.1430944949388504,-0.46495872735977173,-0.6741856336593628,-0.16140970587730408,SLEEP
0.0,0.0,0.0,0.19629600644111633,-0.09644007682800293,0.064019113779068,0.2758873403072357,-0.24202944338321686,0.08467940986156464,0.3246578872203827,-0.31756624579429626,0.0811198502779007,0.38351503014564514,-0.3557414412498474,0.07310642302036285,0.22720350325107574,-0.4649099111557007,0.07750128954648972,0.3523831069469452,-0.5862589478492737,0.05382130667567253,0.4254798889160156,-0.690791666507721,0.023343849927186966,0.4802943766117096,-0.7859112024307251,-0.003990220371633768,0.20363827049732208,-0.4686534106731415,0.011832687072455883,0.34980934858322144,-0.6291940808296204,-0.019658418372273445,0.42332732677459717,-0.7536985278129578,-0.055377740412950516,0.47970858216285706,-0.8736070394515991,-0.08179441839456558,0.19522620737552643,-0.42959702014923096,-0.05446290597319603,0.34224870800971985,-0.6059478521347046,-0.08611369878053665,0.41572555899620056,-0.7237767577171326,-0.113254614174366,0.4654774069786072,-0.8388523459434509,-0.13259650766849518,0.20847000181674957,-0.35602614283561707,-0.11765436083078384,0.32549503445625305,-0.474149614572525,-0.1418955773115158,0.38639217615127563,-0.5697608590126038,-0.15376117825508118,0.43311771750450134,-0.6641403436660767,-0.1636803299188614,0.0,0.0,0.0,-0.17289724946022034,-0.060830164700746536,0.06765221804380417,-0.24287155270576477,-0.17531651258468628,0.08595259487628937,-0.2940434515476227,-0.2534685432910919,0.08369172364473343,-0.3457929491996765,-0.31550416350364685,0.07389025390148163,-0.16790002584457397,-0.45310521125793457,0.0740765631198883,-0.28747496008872986,-0.6078143119812012,0.06421110033988953,-0.35394996404647827,-0.7122859358787537,0.05051123723387718,-0.4005773365497589,-0.8174123167991638,0.03561856970191002,-0.15865406394004822,-0.47280415892601013,0.01547064259648323,-0.3094715476036072,-0.6637486219406128,-0.0009145707590505481,-0.38729608058929443,-0.7813757061958313,-0.023982588201761246,-0.43358638882637024,-0.8999871611595154,-0.045010775327682495,-0.1773235946893692,-0.43131163716316223,-0.04275908321142197,-0.331661194562912,-0.6215338110923767,-0.07099100947380066,-0.41027969121932983,-0.7445438504219055,-0.09894087165594101,-0.45535561442375183,-0.8638789653778076,-0.12087956815958023,-0.23271319270133972,-0.34779658913612366,-0.09492923319339752,-0.3481115400791168,-0.4886551797389984,-0.12726517021656036,-0.41213855147361755,-0.5772846937179565,-0.1469954252243042,-0.45902490615844727,-0.6748345494270325,-0.1637977808713913,SLEEP
0.0,0.0,0.0,0.197113499045372,-0.09590912610292435,0.06440243870019913,0.2776010036468506,-0.2425527125597,0.08578269928693771,0.32481688261032104,-0.3198622167110443,0.08286663889884949,0.3820861279964447,-0.36141732335090637,0.0759059488773346,0.2280035763978958,-0.4693346917629242,0.07975070923566818,0.34927070140838623,-0.5962808728218079,0.05675728619098663,0.42196059226989746,-0.7023188471794128,0.027021950110793114,0.4757261276245117,-0.7985386252403259,0.0007269072812050581,0.2032811939716339,-0.4709993898868561,0.01486709713935852,0.34961262345314026,-0.6307714581489563,-0.01553400419652462,0.42473241686820984,-0.7542362809181213,-0.05001743882894516,0.48188018798828125,-0.8729867935180664,-0.0754031091928482,0.19493438303470612,-0.4309748113155365,-0.0509302020072937,0.34417080879211426,-0.6056199669837952,-0.08116205781698227,0.4201016128063202,-0.7248451709747314,-0.10766894370317459,0.47196564078330994,-0.8411614298820496,-0.12621411681175232,0.21005560457706451,-0.3575997054576874,-0.11370627582073212,0.3312433362007141,-0.4784671664237976,-0.13660205900669098,0.39414548873901367,-0.5755075812339783,-0.1480407565832138,0.4421238601207733,-0.671107292175293,-0.15741100907325745,0.0,0.0,0.0,-0.17916947603225708,-0.05116620287299156,0.06255428493022919,-0.24947915971279144,-0.17206916213035583,0.07993218302726746,-0.2975292503833771,-0.25106972455978394,0.0780123695731163,-0.35081642866134644,-0.31284472346305847,0.06910202652215958,-0.16892963647842407,-0.46613264083862305,0.07117203623056412,-0.2875739336013794,-0.6176523566246033,0.0621853806078434,-0.35513314604759216,-0.7216888070106506,0.048524159938097,-0.402803510427475,-0.8258703351020813,0.03325679898262024,-0.15859933197498322,-0.4828452467918396,0.015612072311341763,-0.3076864182949066,-0.6688188314437866,-0.000540671986527741,-0.385029137134552,-0.7842988967895508,-0.02391946315765381,-0.4312609136104584,-0.9010961651802063,-0.04516346752643585,-0.17448008060455322,-0.4402633309364319,-0.03982929140329361,-0.32738515734672546,-0.6278203129768372,-0.06908518075942993,-0.4080007076263428,-0.751539409160614,-0.09884326905012131,-0.45519116520881653,-0.8714970946311951,-0.12164665758609772,-0.22659124433994293,-0.3565995991230011,-0.08957592397928238,-0.34743255376815796,-0.49573996663093567,-0.1220363974571228,-0.41433170437812805,-0.5804044604301453,-0.14229626953601837,-0.46276772022247314,-0.6728328466415405,-0.15950161218643188,SLEEP
0.0,0.0,0.0,0.19730398058891296,-0.09851206094026566,0.06653494387865067,0.2755069136619568,-0.24634969234466553,0.08934129774570465,0.3211885392665863,-0.3233611583709717,0.08739455044269562,0.3779926300048828,-0.3699236810207367,0.0810941681265831,0.222844660282135,-0.46976691484451294,0.0817413181066513,0.3459521234035492,-0.5958141684532166,0.05781480669975281,0.42086708545684814,-0.700221836566925,0.027171291410923004,0.477030485868454,-0.7940565347671509,0.00047420724877156317,0.1981530487537384,-0.4711036682128906,0.015708642080426216,0.3457251787185669,-0.6324257850646973,-0.015842992812395096,0.4216040074825287,-0.7556344866752625,-0.051611870527267456,0.47975456714630127,-0.8739501237869263,-0.07776138186454773,0.19124853610992432,-0.4299621284008026,-0.051189739257097244,0.3418198227882385,-0.6088706254959106,-0.08298103511333466,0.4179466962814331,-0.7282480597496033,-0.1107967346906662,0.4699949026107788,-0.8448548316955566,-0.12987981736660004,0.2088426947593689,-0.3562573790550232,-0.11478454619646072,0.3304256200790405,-0.4795260429382324,-0.139389306306839,0.3931218981742859,-0.5780298709869385,-0.1518896073102951,0.44138970971107483,-0.6746233105659485,-0.16177137196063995,0.0,0.0,0.0,-0.16475486755371094,-0.06347452849149704,0.07766053080558777,-0.23351658880710602,-0.17958681285381317,0.10182575136423111,-0.2857211232185364,-0.257608026266098,0.10389883816242218,-0.34231531620025635,-0.3187599182128906,0.09753742814064026,-0.16308270394802094,-0.4598841667175293,0.08244238793849945,-0.280358225107193,-0.618457555770874,0.07737934589385986,-0.3484262526035309,-0.7232028841972351,0.0672098770737648,-0.3971084654331207,-0.8264610171318054,0.05380456522107124,-0.15495602786540985,-0.47844523191452026,0.019787613302469254,-0.30630621314048767,-0.6660259962081909,0.0066980053670704365,-0.38575536012649536,-0.7832705974578857,-0.014561074785888195,-0.4347163140773773,-0.899888277053833,-0.03496871143579483,-0.17215371131896973,-0.4356674253940582,-0.04165934398770332,-0.3272099792957306,-0.6256361603736877,-0.06937548518180847,-0.4089938998222351,-0.7485995292663574,-0.09934454411268234,-0.45895954966545105,-0.8674304485321045,-0.12339777499437332,-0.2239796221256256,-0.35060375928878784,-0.09573044627904892,-0.34465381503105164,-0.48818549513816833,-0.13168205320835114,-0.4122031331062317,-0.572834849357605,-0.1546572744846344,-0.4630999267101288,-0.6652913689613342,-0.17380009591579437,SLEEP
0.0,0.0,0.0,0.19460001587867737,-0.08967717736959457,0.05952006205916405,0.27282965183258057,-0.23657408356666565,0.0781339481472969,0.3166087865829468,-0.3106934726238251,0.07343820482492447,0.37295323610305786,-0.3529182970523834,0.06477750092744827,0.2272304743528366,-0.46643155813217163,0.07233031839132309,0.3527044355869293,-0.5894057154655457,0.045919209718704224,0.4277351498603821,-0.6931825876235962,0.013265781104564667,0.48463374376296997,-0.7855989336967468,-0.014982668682932854,0.20137523114681244,-0.46714258193969727,0.008944890461862087,0.3463183343410492,-0.6291419863700867,-0.023789579048752785,0.4209761917591095,-0.7537047266960144,-0.061289526522159576,0.4795672595500946,-0.8729547262191772,-0.08924826234579086,0.19286462664604187,-0.4269601106643677,-0.05534510314464569,0.3398657739162445,-0.6056158542633057,-0.08829975128173828,0.4138464331626892,-0.7256742715835571,-0.11743440479040146,0.46449679136276245,-0.8419011831283569,-0.13811978697776794,0.20883695781230927,-0.3538387715816498,-0.11677780747413635,0.3275826871395111,-0.4702397584915161,-0.14202064275741577,0.38766083121299744,-0.5673781037330627,-0.1552620828151703,0.43287205696105957,-0.663608193397522,-0.16617058217525482,0.0,0.0,0.0,-0.1539265364408493,-0.0600924976170063,0.0684053972363472,-0.221589133143425,-0.17332623898983002,0.09027054905891418,-0.2768699526786804,-0.25376614928245544,0.09237217903137207,-0.3335556387901306,-0.31002113223075867,0.0873645544052124,-0.1647607684135437,-0.4506044089794159,0.07527350634336472,-0.2855741083621979,-0.6099586486816406,0.06884480267763138,-0.3524877727031708,-0.716742753982544,0.05894061550498009,-0.39832639694213867,-0.8223733901977539,0.04643542319536209,-0.15924829244613647,-0.4739628732204437,0.017970198765397072,-0.30832552909851074,-0.666344404220581,0.004249261692166328,-0.3838074803352356,-0.7861353754997253,-0.015728145837783813,-0.4285148084163666,-0.9028827548027039,-0.03431921452283859,-0.17999869585037231,-0.43432745337486267,-0.03873176500201225,-0.3322935700416565,-0.6261773109436035,-0.06498021632432938,-0.4091320037841797,-0.751089870929718,-0.09216341376304626,-0.4541546702384949,-0.8715243935585022,-0.11374835669994354,-0.23498594760894775,-0.3517301082611084,-0.08925609290599823,-0.348113089799881,-0.49263250827789307,-0.12211185693740845,-0.4122113287448883,-0.5823467969894409,-0.14314240217208862,-0.46026065945625305,-0.6792227625846863,-0.16059504449367523,SLEEP
0.0,0.0,0.0,0.19815678894519806,-0.09160135686397552,0.06274358928203583,0.2746976613998413,-0.24149207770824432,0.08285974711179733,0.3179740607738495,-0.3187219500541687,0.07891334593296051,0.37554872035980225,-0.3638347089290619,0.07074527442455292,0.2295268177986145,-0.46975064277648926,0.07605297863483429,0.3510022461414337,-0.5953529477119446,0.0505807064473629,0.4235741198062897,-0.7010169625282288,0.018795887008309364,0.4759868383407593,-0.7969090938568115,-0.00882603321224451,0.2025783360004425,-0.4703434109687805,0.010871372185647488,0.3470827341079712,-0.6301762461662292,-0.021531620994210243,0.42004361748695374,-0.7552046775817871,-0.05807407945394516,0.47541654109954834,-0.8756202459335327,-0.08525427430868149,0.19211338460445404,-0.43019843101501465,-0.05532071739435196,0.34009644389152527,-0.6074133515357971,-0.08785077184438705,0.41425007581710815,-0.7277008891105652,-0.11554612964391708,0.4646698236465454,-0.8449621796607971,-0.1350269615650177,0.205784872174263,-0.35697081685066223,-0.11850679665803909,0.3270421326160431,-0.4782356023788452,-0.1432109922170639,0.38875284790992737,-0.5765731930732727,-0.15538820624351501,0.43511828780174255,-0.6740827560424805,-0.16545380651950836,0.0,0.0,0.0,-0.17947736382484436,-0.06099410727620125,0.07547817379236221,-0.24171718955039978,-0.17572103440761566,0.09757726639509201,-0.2878483533859253,-0.25346747040748596,0.09723696857690811,-0.338705450296402,-0.3156130015850067,0.08887100964784622,-0.16910545527935028,-0.456036239862442,0.0859585776925087,-0.28557583689689636,-0.6078637838363647,0.08013423532247543,-0.35050684213638306,-0.7104125022888184,0.06837408244609833,-0.3949618935585022,-0.81528639793396,0.05449312925338745,-0.15824636816978455,-0.47646400332450867,0.023916544392704964,-0.3089764416217804,-0.6647388935089111,0.010874235071241856,-0.3874599039554596,-0.7831267714500427,-0.011270535178482533,-0.43267959356307983,-0.9009735584259033,-0.03217214718461037,-0.1751934140920639,-0.43424540758132935,-0.037508781999349594,-0.32892361283302307,-0.6240503787994385,-0.0626656785607338,-0.40904319286346436,-0.7483529448509216,-0.08916764706373215,-0.4542224407196045,-0.8671146631240845,-0.110650934278965,-0.23071721196174622,-0.35076647996902466,-0.09247572720050812,-0.3481701910495758,-0.49353674054145813,-0.12236248701810837,-0.41317853331565857,-0.5827314257621765,-0.14061355590820312,-0.46024858951568604,-0.6787328124046326,-0.15683327615261078,SLEEP
0.0,0.0,0.0,0.19820350408554077,-0.0944330245256424,0.06131412833929062,0.2763078808784485,-0.242009699344635,0.07995259016752243,0.32147523760795593,-0.3187806308269501,0.07461612671613693,0.38072308897972107,-0.3603017032146454,0.06493207067251205,0.2301349937915802,-0.4676172435283661,0.07479988783597946,0.35340607166290283,-0.592495322227478,0.04881925880908966,0.4256770610809326,-0.6990063190460205,0.01634380780160427,0.47922974824905396,-0.7956275939941406,-0.011824166402220726,0.20339801907539368,-0.4700336754322052,0.009950442239642143,0.34969601035118103,-0.6286870241165161,-0.023056698963046074,0.4224626421928406,-0.7540437579154968,-0.06007218733429909,0.47839733958244324,-0.8738061189651489,-0.08717140555381775,0.19264400005340576,-0.4301289916038513,-0.05580513924360275,0.34235647320747375,-0.6065725684165955,-0.08828672021627426,0.41684556007385254,-0.7260759472846985,-0.1152309775352478,0.46807441115379333,-0.8422759175300598,-0.1340007185935974,0.20453651249408722,-0.35662347078323364,-0.11873636394739151,0.3261273205280304,-0.4755643606185913,-0.14254377782344818,0.38877108693122864,-0.5724668502807617,-0.15302038192749023,0.43698522448539734,-0.6684952974319458,-0.1616457849740982,0.0,0.0,0.0,-0.17436416447162628,-0.05485287308692932,0.0664946436882019,-0.24170692265033722,-0.17176328599452972,0.08735005557537079,-0.2913142442703247,-0.2511589527130127,0.0879596546292305,-0.34369686245918274,-0.31353241205215454,0.08129486441612244,-0.16675922274589539,-0.4530695378780365,0.07913853228092194,-0.28451991081237793,-0.6070584654808044,0.0728519931435585,-0.35226255655288696,-0.7102829813957214,0.060717225074768066,-0.40014371275901794,-0.8144099712371826,0.04659610241651535,-0.15813641250133514,-0.474496454000473,0.022601889446377754,-0.30612877011299133,-0.6654127836227417,0.008601076900959015,-0.38569432497024536,-0.783797025680542,-0.014467662200331688,-0.43387848138809204,-0.9002690315246582,-0.03556826338171959,-0.17639808356761932,-0.43480512499809265,-0.033692892640829086,-0.32627642154693604,-0.6272074580192566,-0.05923081561923027,-0.40759751200675964,-0.7516189217567444,-0.08791381120681763,-0.4559643268585205,-0.8698471188545227,-0.11056473106145859,-0.23144115507602692,-0.35319438576698303,-0.08418652415275574,-0.34631726145744324,-0.49713438749313354,-0.11302065849304199,-0.4122171103954315,-0.5864278674125671,-0.1320006102323532,-0.4608895778656006,-0.6819232106208801,-0.14876390993595123,SLEEP
0.0,0.0,0.0,0.19870294630527496,-0.09164866805076599,0.062037091702222824,0.2779252827167511,-0.23946987092494965,0.08187566697597504,0.3228429853916168,-0.3158693313598633,0.07799031585454941,0.38194534182548523,-0.35519134998321533,0.0697670578956604,0.23128099739551544,-0.4683716893196106,0.07485378533601761,0.3535694479942322,-0.5932813882827759,0.049356140196323395,0.4255771040916443,-0.6999834179878235,0.017585020512342453,0.4782642424106598,-0.7968769669532776,-0.010246234014630318,0.2053147256374359,-0.4702395498752594,0.010247087106108665,0.3520694673061371,-0.6286274194717407,-0.022480452433228493,0.4251096546649933,-0.7527851462364197,-0.05889471247792244,0.48082005977630615,-0.872623860836029,-0.08567193895578384,0.19557030498981476,-0.4298698604106903,-0.055197861045598984,0.34539997577667236,-0.6060737371444702,-0.08780727535486221,0.41999930143356323,-0.7246960401535034,-0.11498083919286728,0.47132787108421326,-0.8407647609710693,-0.13398189842700958,0.20867802202701569,-0.35584577918052673,-0.11766395717859268,0.3291206955909729,-0.4753853678703308,-0.14251092076301575,0.39205750823020935,-0.5713886022567749,-0.15435202419757843,0.44115516543388367,-0.6667104363441467,-0.1640147566795349,0.0,0.0,0.0,-0.17063748836517334,-0.0570589117705822,0.07081935554742813,-0.24083584547042847,-0.17397621273994446,0.09415656328201294,-0.2944588363170624,-0.25652334094047546,0.09663911908864975,-0.3505619466304779,-0.32000061869621277,0.09164396673440933,-0.16876043379306793,-0.45657458901405334,0.08248821645975113,-0.28884053230285645,-0.6079354882240295,0.07725527137517929,-0.35788673162460327,-0.7091307044029236,0.06663202494382858,-0.4066210091114044,-0.8121563792228699,0.052787479013204575,-0.15888863801956177,-0.4792422652244568,0.023658331483602524,-0.30964452028274536,-0.6663831472396851,0.008415015414357185,-0.38841715455055237,-0.7820140719413757,-0.014238405041396618,-0.4353777766227722,-0.8995725512504578,-0.034861061722040176,-0.17608197033405304,-0.43906915187835693,-0.03479156270623207,-0.3304513990879059,-0.627297580242157,-0.06381096690893173,-0.4116825461387634,-0.7506080269813538,-0.09358903765678406,-0.4600581228733063,-0.871719241142273,-0.1165630966424942,-0.22906607389450073,-0.3568439781665802,-0.08670749515295029,-0.34728506207466125,-0.49682411551475525,-0.12143014371395111,-0.41458410024642944,-0.5841813683509827,-0.14398673176765442,-0.46428704261779785,-0.6804426908493042,-0.1627441942691803,SLEEP
0.0,0.0,0.0,0.20010843873023987,-0.09709453582763672,0.06937983632087708,0.275497168302536,-0.24335278570652008,0.09256192296743393,0.318579763174057,-0.3200373649597168,0.09069924801588058,0.37524428963661194,-0.36076220870018005,0.08399807661771774,0.22768250107765198,-0.46867835521698,0.08150450140237808,0.3514136075973511,-0.5945507287979126,0.05806101858615875,0.42477312684059143,-0.6990621089935303,0.02797098271548748,0.47948163747787476,-0.7930943965911865,0.001231912523508072,0.20191997289657593,-0.4699142277240753,0.013889449648559093,0.3494528532028198,-0.6318098902702332,-0.01733708754181862,0.4236208498477936,-0.7558836340904236,-0.05318841710686684,0.48053818941116333,-0.8733422756195068,-0.07972617447376251,0.19271841645240784,-0.4281326234340668,-0.054062142968177795,0.3434382379055023,-0.6079308390617371,-0.0860864520072937,0.41797158122062683,-0.7266775369644165,-0.1135764792561531,0.4695989489555359,-0.8421590328216553,-0.1330021619796753,0.2073466181755066,-0.35254842042922974,-0.1181979775428772,0.32846537232398987,-0.47416868805885315,-0.14358007907867432,0.390306293964386,-0.5701726675033569,-0.15596874058246613,0.43885064125061035,-0.6660500168800354,-0.16604195535182953,0.0,0.0,0.0,-0.1791331022977829,-0.054493945091962814,0.07588674873113632,-0.2475103884935379,-0.172090545296669,0.10028371959924698,-0.299943208694458,-0.2532868981361389,0.10249301046133041,-0.35542815923690796,-0.3162631392478943,0.09668593853712082,-0.16903617978096008,-0.4566439986228943,0.08762722462415695,-0.2879141569137573,-0.6088628768920898,0.08402582257986069,-0.3553774952888489,-0.7097812294960022,0.07440134137868881,-0.40222346782684326,-0.813650369644165,0.06089076027274132,-0.1580631136894226,-0.47966963052749634,0.02584526687860489,-0.30914512276649475,-0.6653997898101807,0.011203550733625889,-0.3872290551662445,-0.7815179228782654,-0.011537355370819569,-0.4324854910373688,-0.9010546803474426,-0.03250754252076149,-0.17393913865089417,-0.4389175474643707,-0.035312797874212265,-0.3287031352519989,-0.6270532608032227,-0.06453599780797958,-0.40955060720443726,-0.7520724534988403,-0.09477978944778442,-0.4569556713104248,-0.8756383061408997,-0.11831974238157272,-0.22645053267478943,-0.356243371963501,-0.08947014063596725,-0.34550246596336365,-0.49648040533065796,-0.12448465079069138,-0.413127601146698,-0.5843984484672546,-0.1474793404340744,-0.4625796675682068,-0.6818392872810364,-0.16696201264858246,SLEEP
0.0,0.0,0.0,0.19852054119110107,-0.09589339047670364,0.06512679904699326,0.2741530239582062,-0.2409437894821167,0.0858999490737915,0.31791922450065613,-0.31570613384246826,0.08205417543649673,0.37526455521583557,-0.35949957370758057,0.07370296865701675,0.22427810728549957,-0.4665144085884094,0.0783025398850441,0.3525547981262207,-0.5871238112449646,0.052838921546936035,0.4286346733570099,-0.689717173576355,0.020702941343188286,0.4862605333328247,-0.7830718159675598,-0.007436515297740698,0.1986611783504486,-0.46866121888160706,0.011804861016571522,0.34811171889305115,-0.6289722323417664,-0.020276065915822983,0.4237312376499176,-0.7530450224876404,-0.05735452100634575,0.4825093150138855,-0.8717464208602905,-0.08510537445545197,0.18969954550266266,-0.42785367369651794,-0.05540981516242027,0.3412061631679535,-0.6057981252670288,-0.08801990002393723,0.4163183867931366,-0.7241898775100708,-0.11601528525352478,0.46714234352111816,-0.8396695852279663,-0.13608093559741974,0.20486530661582947,-0.35394370555877686,-0.11935324966907501,0.32611069083213806,-0.47068578004837036,-0.14477300643920898,0.38806235790252686,-0.5666610598564148,-0.1570982038974762,0.4352671802043915,-0.6629090309143066,-0.16735830903053284,0.0,0.0,0.0,-0.17836520075798035,-0.05345029756426811,0.06783267855644226,-0.24895897507667542,-0.171174556016922,0.08612824231386185,-0.303022176027298,-0.25078803300857544,0.08388736844062805,-0.3633820712566376,-0.30951446294784546,0.07336722314357758,-0.1611674278974533,-0.4641818702220917,0.07201823592185974,-0.2808989882469177,-0.6185768246650696,0.06335948407649994,-0.3481302261352539,-0.7231897115707397,0.050182461738586426,-0.39558151364326477,-0.8284398317337036,0.0347314290702343,-0.15025481581687927,-0.48158273100852966,0.013536966405808926,-0.3044963479042053,-0.6644430756568909,-0.0037810192443430424,-0.38265737891197205,-0.7801660895347595,-0.02851359359920025,-0.429890900850296,-0.9014356136322021,-0.05106494575738907,-0.16433322429656982,-0.43785929679870605,-0.044159892946481705,-0.32219198346138,-0.6233219504356384,-0.07755449414253235,-0.403145432472229,-0.7488111853599548,-0.11082762479782104,-0.45165422558784485,-0.8728125691413879,-0.13581250607967377,-0.21458449959754944,-0.35277536511421204,-0.0949564203619957,-0.3388120234012604,-0.4897630214691162,-0.13256607949733734,-0.4075026214122772,-0.5737732648849487,-0.15604794025421143,-0.45829901099205017,-0.6682807803153992,-0.17544510960578918,SLEEP
0.0,0.0,0.0,0.1963651180267334,-0.095412477850914,0.06199118122458458,0.27214762568473816,-0.24242757260799408,0.08129160851240158,0.3148425221443176,-0.3190497159957886,0.07633541524410248,0.3722725808620453,-0.36606836318969727,0.06695131212472916,0.22949577867984772,-0.4640344977378845,0.07749059796333313,0.35463467240333557,-0.5868545770645142,0.05158667266368866,0.42968860268592834,-0.6914646625518799,0.018636954948306084,0.48622390627861023,-0.7872024178504944,-0.009937750175595284,0.2044357806444168,-0.46678370237350464,0.012547485530376434,0.3497912883758545,-0.6261904835700989,-0.019031573086977005,0.42407864332199097,-0.7512922286987305,-0.05613485351204872,0.4821646809577942,-0.8720384836196899,-0.08405967801809311,0.19501295685768127,-0.42849063873291016,-0.05354113131761551,0.342936247587204,-0.6053329110145569,-0.08502977341413498,0.41665706038475037,-0.725047767162323,-0.11240316182374954,0.4673537015914917,-0.8412036895751953,-0.1320038139820099,0.2084122747182846,-0.3571939766407013,-0.11687925457954407,0.3273342549800873,-0.47706472873687744,-0.14043216407299042,0.38829877972602844,-0.5738857388496399,-0.15159650146961212,0.43492814898490906,-0.6696972846984863,-0.16104668378829956,0.0,0.0,0.0,-0.17267577350139618,-0.05990041047334671,0.0732979103922844,-0.2405940145254135,-0.18133127689361572,0.09751657396554947,-0.29127898812294006,-0.2634370028972626,0.10055556148290634,-0.3453972637653351,-0.3277806341648102,0.09552121162414551,-0.1623670905828476,-0.46365252137184143,0.08152086287736893,-0.2805514335632324,-0.6185576915740967,0.07669325917959213,-0.34757715463638306,-0.7216920256614685,0.06656517833471298,-0.39364001154899597,-0.825215220451355,0.053465455770492554,-0.1532691866159439,-0.4802008271217346,0.02182994969189167,-0.3029218018054962,-0.6681671142578125,0.007737139705568552,-0.3803825378417969,-0.7850556969642639,-0.014571879990398884,-0.42616987228393555,-0.903976559638977,-0.034720901399850845,-0.16913539171218872,-0.43700385093688965,-0.03698955103754997,-0.3242957890033722,-0.6249933838844299,-0.0663660317659378,-0.40496140718460083,-0.7507721781730652,-0.09768638759851456,-0.4527800381183624,-0.8750216960906982,-0.12126915156841278,-0.22129903733730316,-0.3520677983760834,-0.08875051885843277,-0.3440207540988922,-0.49357637763023376,-0.12313627451658249,-0.41123196482658386,-0.5806228518486023,-0.1453610360622406,-0.4593069851398468,-0.6767041683197021,-0.16374395787715912,SLEEP
0.0,0.0,0.0,0.1987670212984085,-0.09126853197813034,0.06136929616332054,0.27566543221473694,-0.2397514134645462,0.08135571330785751,0.3185425400733948,-0.3176119029521942,0.07737444341182709,0.37681859731674194,-0.35963883996009827,0.06916594505310059,0.2294328808784485,-0.46809622645378113,0.07706940919160843,0.3550938069820404,-0.5912747383117676,0.05168392136693001,0.42958885431289673,-0.6955587267875671,0.0196983739733696,0.4848034977912903,-0.7901231646537781,-0.008352180011570454,0.20353937149047852,-0.470904141664505,0.012381060980260372,0.3509969711303711,-0.6286548972129822,-0.020271359011530876,0.4256875216960907,-0.7527469992637634,-0.05782223492860794,0.4833718240261078,-0.8712310194969177,-0.08548812568187714,0.19436495006084442,-0.4302370250225067,-0.053421735763549805,0.34416159987449646,-0.6073136329650879,-0.08684926480054855,0.419171005487442,-0.7258599400520325,-0.11529118567705154,0.4709276854991913,-0.8412297964096069,-0.13512736558914185,0.2087678462266922,-0.3549520671367645,-0.11626739799976349,0.3298056721687317,-0.47273141145706177,-0.14164535701274872,0.39193135499954224,-0.5683360695838928,-0.15377089381217957,0.4397369921207428,-0.6633604168891907,-0.16365715861320496,0.0,0.0,0.0,-0.17223519086837769,-0.04924313724040985,0.0760064646601677,-0.23821161687374115,-0.16357359290122986,0.09915827959775925,-0.2924509346485138,-0.2404664009809494,0.09967327117919922,-0.3533676862716675,-0.29651886224746704,0.09240452200174332,-0.16354139149188995,-0.45475685596466064,0.09082643687725067,-0.280000776052475,-0.6100075840950012,0.08960478007793427,-0.34455448389053345,-0.7130060195922852,0.08036719262599945,-0.3894902765750885,-0.8170995116233826,0.06713403016328812,-0.1567467600107193,-0.47626492381095886,0.028757106512784958,-0.30468496680259705,-0.6679123640060425,0.018887508660554886,-0.3813745081424713,-0.7859275341033936,-0.0030547690112143755,-0.42647644877433777,-0.9041810035705566,-0.0239699874073267,-0.17484650015830994,-0.4359782338142395,-0.03252023831009865,-0.3294367492198944,-0.6262625455856323,-0.05563053861260414,-0.407293438911438,-0.751471221446991,-0.08325538039207458,-0.4522285759449005,-0.8728753328323364,-0.10608655959367752,-0.22840137779712677,-0.3548443913459778,-0.08726346492767334,-0.3466026782989502,-0.4963357150554657,-0.1149975135922432,-0.41108307242393494,-0.5842204093933105,-0.13347147405147552,-0.4574495851993561,-0.6808140873908997,-0.1505025029182434,SLEEP
0.0,0.0,0.0,0.2008199691772461,-0.09298469871282578,0.06144155189394951,0.2780057489871979,-0.2397165149450302,0.08048403263092041,0.321209579706192,-0.3153909742832184,0.07544083148241043,0.3780628442764282,-0.36144936084747314,0.06617790460586548,0.22760209441184998,-0.4676457941532135,0.07506100833415985,0.3546634018421173,-0.5901661515235901,0.047854091972112656,0.4302448630332947,-0.6949157118797302,0.014318615198135376,0.4877542555332184,-0.7895151972770691,-0.014567997306585312,0.20213031768798828,-0.4700413644313812,0.010082891210913658,0.3508351743221283,-0.6283643841743469,-0.023368999361991882,0.42655545473098755,-0.7516813278198242,-0.0612831711769104,0.4862757623195648,-0.8692323565483093,-0.08928055316209793,0.19346769154071808,-0.42975807189941406,-0.05592678487300873,0.34512093663215637,-0.6058168411254883,-0.08923351019620895,0.42060497403144836,-0.7250597476959229,-0.11762484908103943,0.4727886915206909,-0.8403356671333313,-0.1375546008348465,0.20859041810035706,-0.35586249828338623,-0.11907731741666794,0.33060142397880554,-0.472392201423645,-0.14409051835536957,0.3929155766963959,-0.5691620111465454,-0.1560656875371933,0.4408239424228668,-0.6649113893508911,-0.1658317595720291,0.0,0.0,0.0,-0.18754297494888306,-0.062430933117866516,0.09247445315122604,-0.2531212568283081,-0.1798604428768158,0.1230374425649643,-0.3016536235809326,-0.2565738260746002,0.1277795284986496,-0.3540617525577545,-0.32309073209762573,0.12344762682914734,-0.16871893405914307,-0.4668346345424652,0.10472807288169861,-0.28229644894599915,-0.6201128959655762,0.10563863068819046,-0.34690219163894653,-0.7211681008338928,0.09825821965932846,-0.3918808102607727,-0.8241544365882874,0.08632480353116989,-0.15702666342258453,-0.4844667911529541,0.03488592803478241,-0.3088662624359131,-0.6693810224533081,0.02515648491680622,-0.389382541179657,-0.7847116589546204,0.00509911123663187,-0.4360968768596649,-0.8997847437858582,-0.014386898837983608,-0.16991683840751648,-0.4401867687702179,-0.03345993533730507,-0.3259837031364441,-0.6273812055587769,-0.058690525591373444,-0.4079376459121704,-0.7508487701416016,-0.08688518404960632,-0.4559948444366455,-0.8710792660713196,-0.10959605127573013,-0.21832770109176636,-0.35463911294937134,-0.09351276606321335,-0.34099647402763367,-0.4968278110027313,-0.12513500452041626,-0.40809062123298645,-0.5838813185691833,-0.14518757164478302,-0.4563099443912506,-0.6778091788291931,-0.16298553347587585,SLEEP
0.0,0.0,0.0,0.19820424914360046,-0.090104840695858,0.060668595135211945,0.2760915160179138,-0.23703153431415558,0.07989049702882767,0.3203698396682739,-0.31210628151893616,0.07529092580080032,0.37916791439056396,-0.35600268840789795,0.06718399375677109,0.22759360074996948,-0.4690272808074951,0.07833458483219147,0.3522730767726898,-0.5949652791023254,0.05313903093338013,0.4263530671596527,-0.7008064389228821,0.020524663850665092,0.48179343342781067,-0.7962859869003296,-0.007815596647560596,0.20286215841770172,-0.4719143807888031,0.014643077738583088,0.34973761439323425,-0.6315663456916809,-0.016478944569826126,0.42552971839904785,-0.7547322511672974,-0.05322461947798729,0.48421597480773926,-0.8712305426597595,-0.08057352155447006,0.19562242925167084,-0.43242865800857544,-0.05030767247080803,0.3462793231010437,-0.608942449092865,-0.08097703009843826,0.4221249222755432,-0.7274464964866638,-0.10797112435102463,0.473878413438797,-0.8416522741317749,-0.12731343507766724,0.21281369030475616,-0.3593878149986267,-0.11268025636672974,0.33390358090400696,-0.47693541646003723,-0.1354198008775711,0.39560768008232117,-0.5740369558334351,-0.14638562500476837,0.44252073764801025,-0.6705149412155151,-0.15563906729221344,0.0,0.0,0.0,-0.17949621379375458,-0.06635435670614243,0.09999387711286545,-0.2411787062883377,-0.18209511041641235,0.13462108373641968,-0.2928701937198639,-0.2558336555957794,0.14253860712051392,-0.35040444135665894,-0.31795474886894226,0.14101380109786987,-0.16267037391662598,-0.466179758310318,0.10862167179584503,-0.2760249972343445,-0.6212064027786255,0.1117730438709259,-0.34120973944664,-0.7216957807540894,0.10745973140001297,-0.38561341166496277,-0.823108434677124,0.0973007008433342,-0.15277217328548431,-0.4833894371986389,0.03591637313365936,-0.30265650153160095,-0.6721890568733215,0.026082035154104233,-0.38268283009529114,-0.7867006063461304,0.00676033366471529,-0.4288814663887024,-0.903281569480896,-0.011964473873376846,-0.16741687059402466,-0.43824702501296997,-0.034372784197330475,-0.3216542601585388,-0.6279429197311401,-0.060604970902204514,-0.40186628699302673,-0.7499297261238098,-0.08924248069524765,-0.4484843611717224,-0.8711643815040588,-0.1121380552649498,-0.21850073337554932,-0.3516296148300171,-0.09535727649927139,-0.3409636616706848,-0.4902110695838928,-0.12993843853473663,-0.40871694684028625,-0.5741185545921326,-0.1523466259241104,-0.4563985764980316,-0.666935920715332,-0.1714978814125061,SLEEP
0.0,0.0,0.0,0.20135757327079773,-0.09520871192216873,0.06637003272771835,0.27791035175323486,-0.24028204381465912,0.0882779210805893,0.32300031185150146,-0.3153449594974518,0.08547297865152359,0.38175269961357117,-0.3564246594905853,0.07828871160745621,0.2286231815814972,-0.4689737558364868,0.08219731599092484,0.3541722595691681,-0.59275883436203,0.05866440758109093,0.4283196032047272,-0.6975169777870178,0.027302483096718788,0.4838949739933014,-0.7927743792533875,-0.0005742431967519224,0.2049299031496048,-0.47103798389434814,0.016107646748423576,0.3529069721698761,-0.6295982003211975,-0.013790064491331577,0.4281458258628845,-0.7527627944946289,-0.04999931901693344,0.4865182638168335,-0.8702357411384583,-0.0773928314447403,0.19746974110603333,-0.4301142394542694,-0.05070818215608597,0.348508358001709,-0.6051031351089478,-0.08097602427005768,0.42324748635292053,-0.7226941585540771,-0.10835843533277512,0.47445669770240784,-0.8368476629257202,-0.12840181589126587,0.21302402019500732,-0.35493263602256775,-0.11427312344312668,0.33341163396835327,-0.47145432233810425,-0.1379082053899765,0.3950875699520111,-0.5671036839485168,-0.1497112363576889,0.44284605979919434,-0.6622563004493713,-0.15976975858211517,0.0,0.0,0.0,-0.17331154644489288,-0.05653998628258705,0.07123692333698273,-0.23921389877796173,-0.17453856766223907,0.09342022240161896,-0.28735899925231934,-0.25433650612831116,0.09411464631557465,-0.3395831286907196,-0.3185887634754181,0.08706925064325333,-0.16272369027137756,-0.4640013575553894,0.08172578364610672,-0.27879059314727783,-0.6196044683456421,0.07621258497238159,-0.34383875131607056,-0.7228086590766907,0.06511976569890976,-0.38796892762184143,-0.8260172009468079,0.0509660504758358,-0.15402302145957947,-0.4810153841972351,0.021330000832676888,-0.30202972888946533,-0.672066867351532,0.006638567894697189,-0.37768828868865967,-0.7883818745613098,-0.01675174944102764,-0.4219433069229126,-0.9058226943016052,-0.03806549683213234,-0.17049722373485565,-0.43823692202568054,-0.03860464319586754,-0.32447370886802673,-0.6256369352340698,-0.06731409579515457,-0.4015600085258484,-0.7486428022384644,-0.0976412445306778,-0.44620847702026367,-0.8692423105239868,-0.12121114879846573,-0.2222645878791809,-0.3542170822620392,-0.09211193770170212,-0.34324997663497925,-0.4908181130886078,-0.1258963793516159,-0.4091998338699341,-0.5754919648170471,-0.14773568511009216,-0.4567316174507141,-0.6687631011009216,-0.16627588868141174,SLEEP
0.0,0.0,0.0,0.20139501988887787,-0.09541277587413788,0.06524841487407684,0.27953779697418213,-0.2443578541278839,0.08671627193689346,0.3249847888946533,-0.321492999792099,0.08323179185390472,0.38438335061073303,-0.3670691251754761,0.0758993998169899,0.22785978019237518,-0.47081127762794495,0.08426365256309509,0.3530742824077606,-0.5917783379554749,0.06066222861409187,0.4273817539215088,-0.6947612762451172,0.02915455587208271,0.4826156198978424,-0.7888215184211731,0.0012014866806566715,0.2039131224155426,-0.4726678133010864,0.01808522455394268,0.3517627716064453,-0.6303974390029907,-0.011183852329850197,0.4266628324985504,-0.7528755068778992,-0.04711027815937996,0.48482319712638855,-0.8714275360107422,-0.0745694488286972,0.19593776762485504,-0.43354809284210205,-0.049459461122751236,0.3464118242263794,-0.609112024307251,-0.07920145243406296,0.42109134793281555,-0.7275286316871643,-0.10650410503149033,0.47268998622894287,-0.8434472680091858,-0.12674176692962646,0.2116386741399765,-0.36189350485801697,-0.11407005786895752,0.3313319981098175,-0.4798205494880676,-0.13699749112129211,0.392199844121933,-0.5762404203414917,-0.1488536149263382,0.4389398992061615,-0.6725016236305237,-0.1592811942100525,0.0,0.0,0.0,-0.16925343871116638,-0.04558339715003967,0.06490672379732132,-0.23786678910255432,-0.16001100838184357,0.08384771645069122,-0.28982555866241455,-0.23728878796100616,0.0823952779173851,-0.3473370671272278,-0.2920587658882141,0.07363893836736679,-0.16459457576274872,-0.458169162273407,0.07761701941490173,-0.2832859456539154,-0.6109735369682312,0.07076012343168259,-0.3474377989768982,-0.7151044607162476,0.05695683881640434,-0.3917006552219391,-0.8196650743484497,0.040526315569877625,-0.15740470588207245,-0.47671908140182495,0.01948169618844986,-0.3063240945339203,-0.6664832234382629,0.005550735630095005,-0.38111788034439087,-0.7856433391571045,-0.019782135263085365,-0.4257531762123108,-0.9037938714027405,-0.04348417744040489,-0.1754503697156906,-0.43542757630348206,-0.038695529103279114,-0.32964521646499634,-0.6220507621765137,-0.06600870192050934,-0.4054378271102905,-0.7463452219963074,-0.0975060909986496,-0.44937852025032043,-0.8674067854881287,-0.12293248623609543,-0.22815269231796265,-0.3540741801261902,-0.09124982357025146,-0.346065491437912,-0.48797255754470825,-0.12425889074802399,-0.4117363393306732,-0.5731273889541626,-0.1471855789422989,-0.4602717161178589,-0.6671409010887146,-0.1671285629272461,SLEEP
0.0,0.0,0.0,0.19916775822639465,-0.09124118089675903,0.06552040576934814,0.2773439288139343,-0.23677560687065125,0.08609391748905182,0.322597861289978,-0.30919793248176575,0.0822855681180954,0.3810674250125885,-0.3506883978843689,0.07420463860034943,0.22516107559204102,-0.46912577748298645,0.07662340253591537,0.35343798995018005,-0.5907162427902222,0.05149313062429428,0.4286310076713562,-0.6936188340187073,0.019900057464838028,0.4858337342739105,-0.7860023975372314,-0.007958260364830494,0.20061127841472626,-0.4700371325016022,0.010211363434791565,0.3506768047809601,-0.6300305724143982,-0.021744519472122192,0.42664843797683716,-0.7528508901596069,-0.05861124396324158,0.48598918318748474,-0.869706928730011,-0.08616422116756439,0.19379588961601257,-0.42747971415519714,-0.056653887033462524,0.3452358543872833,-0.6055578589439392,-0.08856091648340225,0.42122799158096313,-0.7242513298988342,-0.11717633903026581,0.47339239716529846,-0.8396185040473938,-0.13800111413002014,0.21169795095920563,-0.35157594084739685,-0.12012737989425659,0.33176255226135254,-0.4685118496417999,-0.14514584839344025,0.39350634813308716,-0.5650873780250549,-0.1582699716091156,0.44111353158950806,-0.6610977649688721,-0.16934539377689362,0.0,0.0,0.0,-0.17792876064777374,-0.05391213670372963,0.07143305242061615,-0.24550244212150574,-0.1695803701877594,0.09253158420324326,-0.2966310977935791,-0.24587959051132202,0.09239014983177185,-0.3525371253490448,-0.3062499165534973,0.08436727523803711,-0.16371941566467285,-0.4611737132072449,0.08059500902891159,-0.27993595600128174,-0.6176283955574036,0.07514471560716629,-0.34625014662742615,-0.7199754118919373,0.06366942077875137,-0.39288604259490967,-0.8233060240745544,0.04946884885430336,-0.15446825325489044,-0.47891390323638916,0.021258382126688957,-0.30213749408721924,-0.6694382429122925,0.006536595057696104,-0.3810165524482727,-0.7852016687393188,-0.017503388226032257,-0.4283187687397003,-0.9027636647224426,-0.039508089423179626,-0.17086514830589294,-0.43615958094596863,-0.03724022954702377,-0.32181447744369507,-0.6269389986991882,-0.0651111751794815,-0.40181469917297363,-0.7509924173355103,-0.09627608954906464,-0.44836220145225525,-0.8713323473930359,-0.12056279182434082,-0.22439731657505035,-0.35235080122947693,-0.0890810415148735,-0.34257519245147705,-0.4930303394794464,-0.1203320175409317,-0.408992737531662,-0.5785596966743469,-0.14125841856002808,-0.4563138782978058,-0.6726564764976501,-0.15956057608127594,SLEEP
0.0,0.0,0.0,0.19749969244003296,-0.09076332300901413,0.06130432337522507,0.2761044204235077,-0.2402363121509552,0.08174010366201401,0.32250821590423584,-0.3188871145248413,0.07778958231210709,0.38142096996307373,-0.3655675947666168,0.07026036828756332,0.22648118436336517,-0.46780186891555786,0.0827692449092865,0.3503795564174652,-0.5897883176803589,0.05835152417421341,0.4259144067764282,-0.6929066777229309,0.025774095207452774,0.48218977451324463,-0.7868797779083252,-0.002971970709040761,0.2019173949956894,-0.47056299448013306,0.018196403980255127,0.346911758184433,-0.6303099393844604,-0.011668861843645573,0.42367878556251526,-0.7532028555870056,-0.048842206597328186,0.48304855823516846,-0.8721659183502197,-0.07740020006895065,0.1938256323337555,-0.43316683173179626,-0.04817279055714607,0.3398875892162323,-0.6076750159263611,-0.07888222485780716,0.4160899817943573,-0.7263398766517639,-0.10757512599229813,0.4685291051864624,-0.8420157432556152,-0.1288151890039444,0.20983320474624634,-0.3634903132915497,-0.11201955378055573,0.32790064811706543,-0.48035600781440735,-0.13545843958854675,0.38880226016044617,-0.5763838291168213,-0.14823296666145325,0.4349052608013153,-0.6720074415206909,-0.15957334637641907,0.0,0.0,0.0,-0.18087707459926605,-0.0642814189195633,0.07874355465173721,-0.2464715987443924,-0.18301743268966675,0.10348157584667206,-0.2950766384601593,-0.2599234879016876,0.10516630858182907,-0.34832945466041565,-0.32337865233421326,0.09818918257951736,-0.16073156893253326,-0.46539852023124695,0.08893227577209473,-0.2731216549873352,-0.6213083863258362,0.08522491157054901,-0.337374746799469,-0.7226617932319641,0.07501277327537537,-0.3826371431350708,-0.8255581855773926,0.0616299994289875,-0.1502285748720169,-0.48154956102371216,0.02580011822283268,-0.29554131627082825,-0.6731047034263611,0.012001534923911095,-0.3732220232486725,-0.7893879413604736,-0.011083568446338177,-0.4199323058128357,-0.906987726688385,-0.032095734030008316,-0.16525007784366608,-0.43746650218963623,-0.036359455436468124,-0.31682702898979187,-0.6273882985115051,-0.06467930972576141,-0.39694932103157043,-0.7517911195755005,-0.09545034915208817,-0.4446445405483246,-0.8725888729095459,-0.11907045543193817,-0.21841901540756226,-0.35194283723831177,-0.09126781672239304,-0.3381544053554535,-0.49494773149490356,-0.12381730228662491,-0.4050144553184509,-0.5824481844902039,-0.14497500658035278,-0.45314526557922363,-0.6779792904853821,-0.16324137151241302,SLEEP
0.0,0.0,0.0,0.19655634462833405,-0.09071621298789978,0.061575789004564285,0.2753888666629791,-0.23890115320682526,0.08202733844518661,0.3203560709953308,-0.31432923674583435,0.07859724760055542,0.3796934485435486,-0.3568887710571289,0.07137733697891235,0.22570380568504333,-0.46952497959136963,0.07908614724874496,0.35237082839012146,-0.5882080793380737,0.053614433854818344,0.4290046691894531,-0.689278244972229,0.020741136744618416,0.486568421125412,-0.7808807492256165,-0.007919861003756523,0.20107407867908478,-0.4713703691959381,0.014667492359876633,0.349747896194458,-0.6296406984329224,-0.017280735075473785,0.42663899064064026,-0.7517620921134949,-0.05493329465389252,0.48609304428100586,-0.8699521422386169,-0.08304662257432938,0.1942087560892105,-0.4304163455963135,-0.05105157196521759,0.34415510296821594,-0.6065252423286438,-0.083641916513443,0.4208019971847534,-0.7244327068328857,-0.11286357045173645,0.47271350026130676,-0.8401619791984558,-0.13358581066131592,0.21126912534236908,-0.3569324314594269,-0.11392577737569809,0.3312914967536926,-0.47452157735824585,-0.13918465375900269,0.3932231664657593,-0.571142315864563,-0.15260331332683563,0.440129816532135,-0.6675737500190735,-0.1636834442615509,0.0,0.0,0.0,-0.1749957650899887,-0.056912779808044434,0.0636584460735321,-0.24499393999576569,-0.17545868456363678,0.08171704411506653,-0.2959672212600708,-0.2568132281303406,0.07962078601121902,-0.349179208278656,-0.3203904330730438,0.06996321678161621,-0.16263750195503235,-0.4610457420349121,0.07346735894680023,-0.2810148298740387,-0.6164054274559021,0.06480137258768082,-0.34772711992263794,-0.7202618718147278,0.05003535374999046,-0.3940712809562683,-0.8262230157852173,0.03291834890842438,-0.15349628031253815,-0.4781225323677063,0.01626703143119812,-0.3028442859649658,-0.6650576591491699,-0.0005483490531332791,-0.3803321123123169,-0.78139728307724,-0.027157053351402283,-0.4265119433403015,-0.9030159711837769,-0.05147484317421913,-0.1698189228773117,-0.4349677264690399,-0.04078839719295502,-0.3232690095901489,-0.6207042932510376,-0.0713711753487587,-0.4023670256137848,-0.7444013953208923,-0.10440130531787872,-0.4485991299152374,-0.8664000034332275,-0.13019442558288574,-0.22188664972782135,-0.3500610291957855,-0.09197043627500534,-0.3403226435184479,-0.48564282059669495,-0.1268063336610794,-0.40744495391845703,-0.5703514218330383,-0.1498926728963852,-0.45717522501945496,-0.6645452976226807,-0.16969279944896698,SLEEP
0.0,0.0,0.0,0.2028132528066635,-0.09456789493560791,0.06476841866970062,0.2807087302207947,-0.2401636242866516,0.08526937663555145,0.3258519768714905,-0.3147405982017517,0.08079951256513596,0.3815598487854004,-0.3582223951816559,0.07163265347480774,0.2265695184469223,-0.46560654044151306,0.0791192501783371,0.3588171899318695,-0.5777305364608765,0.05364973470568657,0.4374135732650757,-0.671973705291748,0.021349189803004265,0.4987688958644867,-0.7574673295021057,-0.007129902020096779,0.20175199210643768,-0.4688355326652527,0.012209032662212849,0.35202357172966003,-0.6271641254425049,-0.019965292885899544,0.4293527603149414,-0.7494545578956604,-0.057706352323293686,0.49046090245246887,-0.8671965599060059,-0.0861290916800499,0.193302184343338,-0.42833900451660156,-0.05565501004457474,0.34356212615966797,-0.6041088700294495,-0.08888762444257736,0.41918060183525085,-0.7215902209281921,-0.11874924600124359,0.47149214148521423,-0.8367348313331604,-0.14037944376468658,0.20862382650375366,-0.3535834848880768,-0.12022970616817474,0.3284268081188202,-0.46660998463630676,-0.14607322216033936,0.39032018184661865,-0.561291515827179,-0.15972718596458435,0.43781501054763794,-0.6559285521507263,-0.1714051365852356,0.0,0.0,0.0,-0.17594124376773834,-0.05646948888897896,0.07282991707324982,-0.24325425922870636,-0.1743980348110199,0.09580105543136597,-0.2934722602367401,-0.2530565857887268,0.09716145694255829,-0.3460635244846344,-0.31467682123184204,0.09012793004512787,-0.1649051457643509,-0.4583655297756195,0.08201044797897339,-0.2811920642852783,-0.6137247085571289,0.07658267766237259,-0.3470374345779419,-0.7160390615463257,0.06489168852567673,-0.39339399337768555,-0.8201771378517151,0.05010296031832695,-0.1547277718782425,-0.4758884310722351,0.0213583093136549,-0.3012242019176483,-0.6686455607414246,0.006452710367739201,-0.378833144903183,-0.7855047583580017,-0.018789350986480713,-0.4257892370223999,-0.9038547277450562,-0.04183505102992058,-0.17066845297813416,-0.4330197870731354,-0.03840421885251999,-0.32257017493247986,-0.622566282749176,-0.06748361885547638,-0.40167170763015747,-0.7479711771011353,-0.10038471966981888,-0.44813042879104614,-0.8703973889350891,-0.12595006823539734,-0.2243344932794571,-0.3492068946361542,-0.09130512923002243,-0.3433789014816284,-0.4883418083190918,-0.125181183218956,-0.4097617566585541,-0.5752705931663513,-0.14837704598903656,-0.45691803097724915,-0.6707973480224609,-0.1683163195848465,SLEEP
0.0,0.0,0.0,0.1963316947221756,-0.08577994257211685,0.05308769270777702,0.27393633127212524,-0.23193271458148956,0.06809108704328537,0.3161141574382782,-0.30984342098236084,0.060495149344205856,0.3735730051994324,-0.35739758610725403,0.04931208863854408,0.22723200917243958,-0.4652850031852722,0.06784666329622269,0.351606547832489,-0.5898279547691345,0.038913797587156296,0.42629408836364746,-0.6963106393814087,0.004289662931114435,0.4810140132904053,-0.7932353019714355,-0.02495771460235119,0.20207783579826355,-0.46803367137908936,0.00697666360065341,0.349601149559021,-0.6284135580062866,-0.02675562910735607,0.4258260726928711,-0.7523357272148132,-0.06423524767160416,0.48363950848579407,-0.8704304695129395,-0.0918888971209526,0.19401544332504272,-0.42876043915748596,-0.055588264018297195,0.34497305750846863,-0.602836549282074,-0.08854346722364426,0.42158186435699463,-0.721825361251831,-0.11604201048612595,0.47330442070961,-0.8363566398620605,-0.13535994291305542,0.2090141326189041,-0.3559130132198334,-0.11615414172410965,0.330586314201355,-0.4714076817035675,-0.14011551439762115,0.3930332362651825,-0.5675524473190308,-0.15121659636497498,0.43981435894966125,-0.6629334688186646,-0.16041193902492523,0.0,0.0,0.0,-0.17015093564987183,-0.06107620894908905,0.07379131764173508,-0.23602181673049927,-0.178583562374115,0.09771981835365295,-0.28617000579833984,-0.2585170567035675,0.09993518888950348,-0.33894360065460205,-0.32395198941230774,0.0940738096833229,-0.16050849854946136,-0.4561740458011627,0.08352445811033249,-0.27648141980171204,-0.6152581572532654,0.07845461368560791,-0.34302306175231934,-0.7179057002067566,0.06756089627742767,-0.3910401463508606,-0.8223171234130859,0.05354787036776543,-0.15161195397377014,-0.4753257930278778,0.0232241153717041,-0.2985430359840393,-0.6699274182319641,0.008099091239273548,-0.37702932953834534,-0.7868322134017944,-0.016286399215459824,-0.4251740574836731,-0.9042962193489075,-0.03841068223118782,-0.16890981793403625,-0.43386203050613403,-0.036218829452991486,-0.31987085938453674,-0.626526415348053,-0.06486933678388596,-0.40077176690101624,-0.7514421343803406,-0.09732294082641602,-0.44928961992263794,-0.8722003698348999,-0.12238408625125885,-0.22398346662521362,-0.35138314962387085,-0.08871293067932129,-0.34233298897743225,-0.49339452385902405,-0.12186577171087265,-0.4097045958042145,-0.5800512433052063,-0.14481519162654877,-0.45880526304244995,-0.6743627786636353,-0.16442611813545227,SLEEP
0.0,0.0,0.0,0.19859549403190613,-0.09231283515691757,0.0637287050485611,0.2749031186103821,-0.23385699093341827,0.0832783430814743,0.319962739944458,-0.30631089210510254,0.07847574353218079,0.37758004665374756,-0.34579551219940186,0.06871605664491653,0.22226852178573608,-0.46394839882850647,0.07383083552122116,0.35147643089294434,-0.585007905960083,0.04756984859704971,0.42687344551086426,-0.6857399344444275,0.01600043848156929,0.48451629281044006,-0.7757381200790405,-0.011790766380727291,0.1962915062904358,-0.46697890758514404,0.007360684685409069,0.34686973690986633,-0.6301963329315186,-0.02668670006096363,0.42310506105422974,-0.7535934448242188,-0.06479865312576294,0.4826842248439789,-0.8708573579788208,-0.09286211431026459,0.18729670345783234,-0.4255247414112091,-0.05963972955942154,0.33912307024002075,-0.6049758195877075,-0.09495149552822113,0.4150214195251465,-0.7218368649482727,-0.12501688301563263,0.46712130308151245,-0.8360548615455627,-0.14624671638011932,0.20172438025474548,-0.3488452136516571,-0.12305997312068939,0.3229527473449707,-0.46374306082725525,-0.15107858180999756,0.3859267830848694,-0.5574675798416138,-0.16523700952529907,0.43483495712280273,-0.6515547037124634,-0.17678672075271606,0.0,0.0,0.0,-0.16968224942684174,-0.05294022709131241,0.09681262820959091,-0.23731493949890137,-0.16706660389900208,0.13117744028568268,-0.2950196862220764,-0.24223989248275757,0.13949337601661682,-0.3565431535243988,-0.29682987928390503,0.13867232203483582,-0.16717509925365448,-0.4525023400783539,0.1087237000465393,-0.28293851017951965,-0.6103606224060059,0.11394434422254562,-0.3466149568557739,-0.7130148410797119,0.11000502854585648,-0.39131709933280945,-0.8155708312988281,0.09936890751123428,-0.15968385338783264,-0.4755203127861023,0.03715822100639343,-0.3111844062805176,-0.6689515709877014,0.03253399208188057,-0.38796719908714294,-0.7854251861572266,0.014983413740992546,-0.43312081694602966,-0.9013279676437378,-0.0037794457748532295,-0.1779000163078308,-0.43442103266716003,-0.032497696578502655,-0.33788904547691345,-0.6233827471733093,-0.05281033366918564,-0.41618257761001587,-0.7447336316108704,-0.0793175920844078,-0.46190378069877625,-0.8644174337387085,-0.10289322584867477,-0.23174738883972168,-0.3518161475658417,-0.09374484419822693,-0.35113242268562317,-0.49092981219291687,-0.12616150081157684,-0.4183633625507355,-0.5809835195541382,-0.1497686505317688,-0.46758797764778137,-0.679548978805542,-0.17086270451545715,SLEEP
0.0,0.0,0.0,0.19819749891757965,-0.09190636873245239,0.057844001799821854,0.27648621797561646,-0.23732131719589233,0.07481076568365097,0.3208776116371155,-0.3158072531223297,0.06827624142169952,0.3741832375526428,-0.3701328635215759,0.057522207498550415,0.22365106642246246,-0.4628990888595581,0.06931281089782715,0.34871482849121094,-0.5900130867958069,0.04128294065594673,0.4217909574508667,-0.6998879313468933,0.007653848733752966,0.4761201739311218,-0.8006041646003723,-0.021087974309921265,0.19864462316036224,-0.4657273292541504,0.00597165385261178,0.3474908769130707,-0.6278141140937805,-0.026741042733192444,0.4226089417934418,-0.7529242038726807,-0.06356693804264069,0.4797980487346649,-0.8726626634597778,-0.09085014462471008,0.19086620211601257,-0.4263906180858612,-0.058470528572797775,0.34220296144485474,-0.6009719967842102,-0.08992653340101242,0.4183672070503235,-0.7210350632667542,-0.11720267683267593,0.4701221287250519,-0.8365321755409241,-0.13691996037960052,0.20667336881160736,-0.3541455566883087,-0.12052489817142487,0.32778969407081604,-0.47044897079467773,-0.14352503418922424,0.3912830948829651,-0.5656043887138367,-0.15429066121578217,0.4402610659599304,-0.6591710448265076,-0.16359560191631317,0.0,0.0,0.0,-0.18202410638332367,-0.05500372126698494,0.07627733796834946,-0.2465292364358902,-0.17165672779083252,0.09959764778614044,-0.29364675283432007,-0.25021228194236755,0.1002470925450325,-0.3448830842971802,-0.315206378698349,0.09299279749393463,-0.16673152148723602,-0.4602419137954712,0.0907757431268692,-0.2794063091278076,-0.6170487999916077,0.08780813962221146,-0.34409236907958984,-0.7195906639099121,0.07729915529489517,-0.3906933069229126,-0.8238720297813416,0.06341710686683655,-0.15787187218666077,-0.48079612851142883,0.02871549129486084,-0.3045458495616913,-0.6694733500480652,0.015888143330812454,-0.3829077482223511,-0.7857728600502014,-0.007189788855612278,-0.4296239912509918,-0.9025478959083557,-0.028819389641284943,-0.17552503943443298,-0.4395572245121002,-0.03281616047024727,-0.32525697350502014,-0.6289049983024597,-0.05827867612242699,-0.4053555428981781,-0.7534865140914917,-0.08755297213792801,-0.4514225125312805,-0.8738259673118591,-0.11108983308076859,-0.231377512216568,-0.3564484715461731,-0.08777456730604172,-0.34881430864334106,-0.497656911611557,-0.11707822233438492,-0.41477298736572266,-0.5853151679039001,-0.13695982098579407,-0.46143004298210144,-0.6802770495414734,-0.1549089550971985,SLEEP
0.0,0.0,0.0,0.19837351143360138,-0.09326271712779999,0.060156095772981644,0.2768270671367645,-0.23767895996570587,0.07890871167182922,0.32267066836357117,-0.3141475021839142,0.07372378557920456,0.37982386350631714,-0.3611711263656616,0.06456129252910614,0.22610315680503845,-0.46476680040359497,0.07686380296945572,0.34980419278144836,-0.5894075036048889,0.05043872445821762,0.42469000816345215,-0.6956990361213684,0.01710895635187626,0.4797505736351013,-0.7927355766296387,-0.011482976377010345,0.20098397135734558,-0.46742475032806396,0.01297000702470541,0.3473392724990845,-0.627920389175415,-0.019520606845617294,0.4236352741718292,-0.7529051303863525,-0.056852828711271286,0.4814407527446747,-0.8723912835121155,-0.08454733341932297,0.19288423657417297,-0.42851266264915466,-0.05224527791142464,0.34238287806510925,-0.6024197936058044,-0.08453524112701416,0.41948026418685913,-0.7215501070022583,-0.11207190155982971,0.47177863121032715,-0.836445152759552,-0.13147281110286713,0.2079007625579834,-0.3560621738433838,-0.1148872897028923,0.3300955295562744,-0.4724249243736267,-0.13817568123340607,0.3939639627933502,-0.5679564476013184,-0.1488659381866455,0.4428345859050751,-0.6620240807533264,-0.15797822177410126,0.0,0.0,0.0,-0.17979322373867035,-0.05849834531545639,0.07105012983083725,-0.24717006087303162,-0.17889350652694702,0.09130565077066422,-0.2940434217453003,-0.2589235007762909,0.09078231453895569,-0.3459840416908264,-0.32091814279556274,0.0817970260977745,-0.16961953043937683,-0.4634912610054016,0.07279260456562042,-0.28084421157836914,-0.6211256980895996,0.06392961740493774,-0.34565791487693787,-0.7242911458015442,0.05102148279547691,-0.39196810126304626,-0.8283948302268982,0.03558345511555672,-0.15718980133533478,-0.4806651473045349,0.012763717211782932,-0.3056258261203766,-0.6690507531166077,-0.005218154285103083,-0.3822158873081207,-0.7840011715888977,-0.029348669573664665,-0.4287494719028473,-0.9019396901130676,-0.051756974309682846,-0.17103248834609985,-0.4377157390117645,-0.04641716554760933,-0.3238479197025299,-0.6258160471916199,-0.07870304584503174,-0.4024145007133484,-0.7502996325492859,-0.11132591217756271,-0.4493609368801117,-0.8709986209869385,-0.13672542572021484,-0.22159375250339508,-0.35461607575416565,-0.09871989488601685,-0.3401907682418823,-0.49210840463638306,-0.1370396465063095,-0.4073113203048706,-0.5797067880630493,-0.16276663541793823,-0.4566612243652344,-0.6760613322257996,-0.18436871469020844,SLEEP
0.0,0.0,0.0,0.19988887012004852,-0.09226993471384048,0.062334202229976654,0.27849459648132324,-0.23751571774482727,0.08276915550231934,0.32321983575820923,-0.31316035985946655,0.07927260547876358,0.37817737460136414,-0.36099889874458313,0.07148938626050949,0.22371448576450348,-0.4667793810367584,0.07539926469326019,0.3493979573249817,-0.5896126627922058,0.049162980169057846,0.4255034327507019,-0.6938737630844116,0.016810864210128784,0.4824090301990509,-0.7882189154624939,-0.011023884639143944,0.19859419763088226,-0.4680783748626709,0.010847150348126888,0.3478925824165344,-0.6279059648513794,-0.02226066216826439,0.4251305162906647,-0.7519710659980774,-0.05913175269961357,0.48440471291542053,-0.8705952167510986,-0.08611734211444855,0.19129954278469086,-0.4259478747844696,-0.054619062691926956,0.34324872493743896,-0.600643515586853,-0.087667316198349,0.42065730690956116,-0.7198849320411682,-0.11613278836011887,0.473405659198761,-0.8350358009338379,-0.13585761189460754,0.2079346626996994,-0.3500973582267761,-0.11707331985235214,0.3297715485095978,-0.46715041995048523,-0.1420559138059616,0.3931189477443695,-0.5635546445846558,-0.15450850129127502,0.4416089653968811,-0.6586208939552307,-0.16458581387996674,0.0,0.0,0.0,-0.1713162362575531,-0.05805360898375511,0.06892751902341843,-0.2348511517047882,-0.17532771825790405,0.08864352852106094,-0.2823116183280945,-0.25414711236953735,0.08744270354509354,-0.33274078369140625,-0.31801411509513855,0.0783536285161972,-0.16170178353786469,-0.45855918526649475,0.07556609809398651,-0.2737453579902649,-0.6160954833030701,0.06700833886861801,-0.3391261398792267,-0.7186538577079773,0.05424434691667557,-0.38577327132225037,-0.822473406791687,0.039198119193315506,-0.15327273309230804,-0.4775203466415405,0.016260165721178055,-0.2973579168319702,-0.6721968650817871,-0.0020384781528264284,-0.3744862675666809,-0.7887347936630249,-0.02672736532986164,-0.4210994243621826,-0.9057019948959351,-0.04877609759569168,-0.17079348862171173,-0.43546605110168457,-0.0424780435860157,-0.31881681084632874,-0.6280027031898499,-0.07305455952882767,-0.39712539315223694,-0.751558244228363,-0.1042928397655487,-0.4432149827480316,-0.8708057999610901,-0.1282837837934494,-0.2250840812921524,-0.352542906999588,-0.09487949311733246,-0.3399570882320404,-0.4940774738788605,-0.12887214124202728,-0.40531936287879944,-0.5819422006607056,-0.1514822095632553,-0.45237964391708374,-0.6774959564208984,-0.17081958055496216,SLEEP
0.0,0.0,0.0,0.20203489065170288,-0.09530780464410782,0.06353282183408737,0.28104427456855774,-0.24108393490314484,0.0831531286239624,0.327996164560318,-0.3168264627456665,0.07823885977268219,0.38324788212776184,-0.3686228096485138,0.06878003478050232,0.22582483291625977,-0.4651474356651306,0.075970359146595,0.35430803894996643,-0.5846315026283264,0.049728911370038986,0.4302108883857727,-0.6872559785842896,0.017066538333892822,0.4881531596183777,-0.7808105945587158,-0.011464791372418404,0.20043164491653442,-0.46761342883110046,0.00993948895484209,0.34948912262916565,-0.6270896196365356,-0.022639939561486244,0.4256366789340973,-0.7510842084884644,-0.05977945402264595,0.4847576916217804,-0.8702487945556641,-0.08761893212795258,0.19156959652900696,-0.42588338255882263,-0.056915152817964554,0.34253740310668945,-0.6004854440689087,-0.08956006169319153,0.4180813133716583,-0.7191676497459412,-0.11807963997125626,0.46972358226776123,-0.8348449468612671,-0.13869638741016388,0.20673510432243347,-0.3491077423095703,-0.12068649381399155,0.327928364276886,-0.46337541937828064,-0.1454157829284668,0.39035311341285706,-0.559307336807251,-0.15786902606487274,0.43807223439216614,-0.6546551585197449,-0.1685355305671692,0.0,0.0,0.0,-0.17170387506484985,-0.0495760552585125,0.07129513472318649,-0.23845651745796204,-0.16661347448825836,0.09443511068820953,-0.2883397042751312,-0.24398434162139893,0.09629248827695847,-0.3404217064380646,-0.30219903588294983,0.09059915691614151,-0.1667584627866745,-0.4583911895751953,0.08499059081077576,-0.28357163071632385,-0.6117299199104309,0.08026270568370819,-0.3481852412223816,-0.712909460067749,0.06848404556512833,-0.39249560236930847,-0.8161959648132324,0.0531591959297657,-0.16031789779663086,-0.47804513573646545,0.02463686652481556,-0.30842769145965576,-0.6670754551887512,0.011174634099006653,-0.3847927749156952,-0.7839758992195129,-0.013742798008024693,-0.43028485774993896,-0.901930570602417,-0.03709723427891731,-0.17884747684001923,-0.43587931990623474,-0.035536859184503555,-0.3317042291164398,-0.6236332654953003,-0.06358927488327026,-0.4079459607601166,-0.7473713159561157,-0.09605851769447327,-0.4518531858921051,-0.8691115975379944,-0.12197767198085785,-0.2321920096874237,-0.35369089245796204,-0.08929894864559174,-0.3480753004550934,-0.48864492774009705,-0.12410254031419754,-0.4130585491657257,-0.5740070343017578,-0.14881747961044312,-0.46077290177345276,-0.6689112782478333,-0.17000821232795715,SLEEP
0.0,0.0,0.0,0.197204127907753,-0.08867162466049194,0.06105317920446396,0.2771581709384918,-0.23677325248718262,0.08144280314445496,0.32457077503204346,-0.3158971965312958,0.07779844105243683,0.3807147443294525,-0.36746710538864136,0.0703817829489708,0.22747066617012024,-0.46543142199516296,0.0789826288819313,0.34692221879959106,-0.5943562984466553,0.05378086864948273,0.4202122390270233,-0.7044762372970581,0.021628044545650482,0.4727030396461487,-0.8039540648460388,-0.006041257176548243,0.20318220555782318,-0.4689677357673645,0.015453695319592953,0.34755682945251465,-0.6315385103225708,-0.015360025689005852,0.422787606716156,-0.7565286159515381,-0.050404004752635956,0.47824686765670776,-0.8749006986618042,-0.07634571939706802,0.19504639506340027,-0.43151408433914185,-0.0496155247092247,0.3435600697994232,-0.6059597730636597,-0.07995402067899704,0.42010217905044556,-0.7261305451393127,-0.10612569749355316,0.4718411862850189,-0.8406519293785095,-0.12467142194509506,0.20964300632476807,-0.3608081340789795,-0.11218100041151047,0.33129969239234924,-0.47816187143325806,-0.13425202667713165,0.3943062722682953,-0.5744462013244629,-0.14463858306407928,0.4421619772911072,-0.6687729358673096,-0.15353703498840332,0.0,0.0,0.0,-0.17945930361747742,-0.0571105033159256,0.0869114026427269,-0.24350865185260773,-0.17118173837661743,0.11507919430732727,-0.29196596145629883,-0.24539481103420258,0.11880016326904297,-0.3436965048313141,-0.30857694149017334,0.11361135542392731,-0.1672048568725586,-0.45937708020210266,0.09503322094678879,-0.2781684994697571,-0.618816614151001,0.09338695555925369,-0.3423163890838623,-0.7220234274864197,0.0852772518992424,-0.38782232999801636,-0.8256727457046509,0.07289505004882812,-0.15647073090076447,-0.47781074047088623,0.02807609550654888,-0.30290570855140686,-0.6720232367515564,0.01493589673191309,-0.3811154067516327,-0.7875382900238037,-0.0076872906647622585,-0.42701831459999084,-0.9037812948226929,-0.028890950605273247,-0.17168301343917847,-0.4348466396331787,-0.0372452512383461,-0.3229605555534363,-0.6269605159759521,-0.06469963490962982,-0.40225568413734436,-0.751724123954773,-0.09545812755823135,-0.44808778166770935,-0.8718798756599426,-0.11986946314573288,-0.22443841397762299,-0.3519374430179596,-0.09444750845432281,-0.3444676399230957,-0.493389755487442,-0.12788279354572296,-0.411239355802536,-0.5794691443443298,-0.15037937462329865,-0.45871368050575256,-0.6733246445655823,-0.17001548409461975,SLEEP
0.0,0.0,0.0,0.19804894924163818,-0.08919975161552429,0.06340766698122025,0.27756282687187195,-0.23083049058914185,0.08331553637981415,0.3234683871269226,-0.30399271845817566,0.07942298799753189,0.3781132698059082,-0.3512776494026184,0.07098190486431122,0.22575238347053528,-0.4640173017978668,0.07193838804960251,0.35238930583000183,-0.5872124433517456,0.04577529430389404,0.4270879030227661,-0.6922069191932678,0.013942070305347443,0.48191511631011963,-0.7872800230979919,-0.01369287446141243,0.20044144988059998,-0.465274453163147,0.006357123143970966,0.3502320945262909,-0.6269649863243103,-0.027375081554055214,0.4258946180343628,-0.7516463994979858,-0.06420484930276871,0.48253333568573,-0.8711228370666504,-0.09114007651805878,0.1920938789844513,-0.42248788475990295,-0.0596025213599205,0.3444270193576813,-0.598655641078949,-0.09314961731433868,0.4212554097175598,-0.7174007892608643,-0.12196225672960281,0.47337934374809265,-0.832734227180481,-0.14217287302017212,0.2071193903684616,-0.3449385166168213,-0.12218201905488968,0.3292798697948456,-0.4614052176475525,-0.147973895072937,0.39312344789505005,-0.5557923316955566,-0.16070754826068878,0.4427869915962219,-0.6491645574569702,-0.17106695473194122,0.0,0.0,0.0,-0.17914056777954102,-0.06149943172931671,0.07678227871656418,-0.24320435523986816,-0.1781681627035141,0.10037519782781601,-0.28939089179039,-0.2521378695964813,0.10177221894264221,-0.3367130756378174,-0.31530770659446716,0.09449329972267151,-0.16556981205940247,-0.46551966667175293,0.08177389204502106,-0.27925440669059753,-0.6215012669563293,0.0755755752325058,-0.3457207679748535,-0.72306889295578,0.06466332823038101,-0.3914751410484314,-0.8255284428596497,0.05025880038738251,-0.15478365123271942,-0.48325228691101074,0.01903257519006729,-0.30361223220825195,-0.6704877614974976,4.4817488742410205e-06,-0.38290825486183167,-0.7848334312438965,-0.026078222319483757,-0.4292859435081482,-0.9018235802650452,-0.04927309602499008,-0.1690244972705841,-0.4390958547592163,-0.04242992773652077,-0.32044896483421326,-0.6287551522254944,-0.07622732222080231,-0.4008074998855591,-0.7529033422470093,-0.11083795875310898,-0.4470595419406891,-0.8742302060127258,-0.1368255764245987,-0.22005635499954224,-0.3534780740737915,-0.09619340300559998,-0.3409077823162079,-0.49188974499702454,-0.13549034297466278,-0.4083481431007385,-0.576492190361023,-0.16144788265228271,-0.4555857181549072,-0.6698039174079895,-0.18271760642528534,SLEEP
0.0,0.0,0.0,0.19547802209854126,-0.08877073228359222,0.05640565603971481,0.2739669978618622,-0.2353997528553009,0.0737459734082222,0.3196280598640442,-0.3140926957130432,0.06824342906475067,0.3753797113895416,-0.36393827199935913,0.05897248908877373,0.2276729792356491,-0.467034250497818,0.07177698612213135,0.34842556715011597,-0.5931534767150879,0.04548154026269913,0.4219687879085541,-0.7013152241706848,0.012689296156167984,0.4747399389743805,-0.7997997999191284,-0.015530245378613472,0.20315073430538177,-0.4690086841583252,0.010336088947951794,0.34725746512413025,-0.6277806758880615,-0.02188442461192608,0.4218423068523407,-0.7532897591590881,-0.05785258859395981,0.4773104786872864,-0.8746411204338074,-0.08472102880477905,0.1945408284664154,-0.429513543844223,-0.05252703279256821,0.34214961528778076,-0.5999889969825745,-0.08411526679992676,0.4179382026195526,-0.7191469669342041,-0.11061165481805801,0.46967005729675293,-0.8341389298439026,-0.12951891124248505,0.20745007693767548,-0.35598620772361755,-0.11314833164215088,0.32719364762306213,-0.4706455171108246,-0.13631366193294525,0.3903629183769226,-0.5657813549041748,-0.14709094166755676,0.43942922353744507,-0.6593743562698364,-0.15625718235969543,0.0,0.0,0.0,-0.1744222491979599,-0.054807208478450775,0.06931550055742264,-0.24177537858486176,-0.17565058171749115,0.09083309769630432,-0.29216882586479187,-0.2537132501602173,0.09181875735521317,-0.34542936086654663,-0.31490370631217957,0.08508117496967316,-0.16255058348178864,-0.46191924810409546,0.07703268527984619,-0.2796471118927002,-0.6159090995788574,0.07054109871387482,-0.34394094347953796,-0.7163540720939636,0.05813739821314812,-0.38906288146972656,-0.8196372985839844,0.0427093505859375,-0.154604971408844,-0.4788091480731964,0.01776275783777237,-0.30329394340515137,-0.6688702702522278,0.0021271291188895702,-0.3804151713848114,-0.7848986983299255,-0.02394770085811615,-0.42775759100914,-0.9026225805282593,-0.047915980219841,-0.17236968874931335,-0.4348594844341278,-0.04074970260262489,-0.32605278491973877,-0.6228943467140198,-0.07107647508382797,-0.4041689932346344,-0.7476702928543091,-0.10535550117492676,-0.4501854479312897,-0.869103729724884,-0.13196896016597748,-0.22643525898456573,-0.350781112909317,-0.09254265576601028,-0.34530016779899597,-0.488442599773407,-0.12848779559135437,-0.41117051243782043,-0.5741018056869507,-0.15353240072727203,-0.4588421583175659,-0.6679708957672119,-0.17474746704101562,SLEEP
0.0,0.0,0.0,0.19607114791870117,-0.09052829444408417,0.05947661027312279,0.27339908480644226,-0.23436219990253448,0.0766279548406601,0.31770944595336914,-0.30946213006973267,0.07048550248146057,0.372853547334671,-0.3575439453125,0.06018856167793274,0.22465533018112183,-0.46409475803375244,0.06964222341775894,0.35222128033638,-0.5866702795028687,0.042622871696949005,0.4284154772758484,-0.688994288444519,0.009918750263750553,0.4850524961948395,-0.7810869812965393,-0.017966046929359436,0.19906960427761078,-0.46546563506126404,0.006115688942372799,0.34802475571632385,-0.6264369487762451,-0.027644814923405647,0.42396777868270874,-0.7516752481460571,-0.06479688733816147,0.48153266310691833,-0.8715851902961731,-0.09200885891914368,0.1907622069120407,-0.4243003726005554,-0.05810664966702461,0.34221652150154114,-0.6008858680725098,-0.09119986742734909,0.41848787665367126,-0.7207150459289551,-0.11910387128591537,0.4703962802886963,-0.8365722894668579,-0.1387021690607071,0.2053745985031128,-0.3494362533092499,-0.11943404376506805,0.3265761137008667,-0.4652206003665924,-0.14385659992694855,0.3890042304992676,-0.5610591173171997,-0.15518273413181305,0.43701955676078796,-0.6556932330131531,-0.1644711047410965,0.0,0.0,0.0,-0.17796990275382996,-0.051249053329229355,0.06637369096279144,-0.2440693974494934,-0.17047955095767975,0.08576066792011261,-0.29210883378982544,-0.24698761105537415,0.08515653014183044,-0.3447146713733673,-0.30693477392196655,0.07690081000328064,-0.1650962084531784,-0.4624752700328827,0.07354463636875153,-0.2800777554512024,-0.615496814250946,0.06624595075845718,-0.3448064923286438,-0.7164087891578674,0.05347235128283501,-0.39040979743003845,-0.819469153881073,0.03807288408279419,-0.15545853972434998,-0.4789419174194336,0.015905136242508888,-0.3016563355922699,-0.670412003993988,-0.00013769611541647464,-0.3796095550060272,-0.7855015397071838,-0.025824442505836487,-0.42731568217277527,-0.9027525186538696,-0.049387913197278976,-0.17136216163635254,-0.4345771074295044,-0.04103774204850197,-0.3220461905002594,-0.6244131922721863,-0.07121620327234268,-0.4007360637187958,-0.7476447224617004,-0.10466257482767105,-0.4471680819988251,-0.8665850162506104,-0.1304335594177246,-0.22393977642059326,-0.35012465715408325,-0.09158334136009216,-0.34246233105659485,-0.4907042980194092,-0.12615561485290527,-0.409226655960083,-0.5746609568595886,-0.1497986614704132,-0.4578433632850647,-0.6657636761665344,-0.16996055841445923,SLEEP
0.0,0.0,0.0,0.2022826075553894,-0.09581558406352997,0.06713131070137024,0.282397598028183,-0.23541556298732758,0.0871211439371109,0.3332235515117645,-0.3056991696357727,0.08160863071680069,0.38983288407325745,-0.35066986083984375,0.07079202681779861,0.22762830555438995,-0.4623344838619232,0.07746866345405579,0.3583337664604187,-0.5795426964759827,0.05097675323486328,0.434274822473526,-0.6814893484115601,0.0177882332354784,0.49296432733535767,-0.7757829427719116,-0.011410554870963097,0.20296157896518707,-0.46423599123954773,0.008742254227399826,0.353130966424942,-0.6218942999839783,-0.023884309455752373,0.42794641852378845,-0.7465411424636841,-0.06200522184371948,0.48629945516586304,-0.8690798282623291,-0.0906263068318367,0.1938243955373764,-0.42299684882164,-0.060368943959474564,0.34289899468421936,-0.5990516543388367,-0.09272768348455429,0.4163999855518341,-0.7193557620048523,-0.12101336568593979,0.46752920746803284,-0.8381032943725586,-0.14172857999801636,0.2072751224040985,-0.34770166873931885,-0.12610816955566406,0.3236912190914154,-0.4662838280200958,-0.1517290472984314,0.38391610980033875,-0.563239336013794,-0.16396620869636536,0.43108755350112915,-0.6592066884040833,-0.1743413507938385,0.0,0.0,0.0,-0.17553801834583282,-0.058625999838113785,0.07093216478824615,-0.2436421662569046,-0.17723457515239716,0.09210983663797379,-0.2914438545703888,-0.25452059507369995,0.09196852147579193,-0.3393981158733368,-0.3211281895637512,0.08420893549919128,-0.16649599373340607,-0.46719858050346375,0.08100100606679916,-0.282388836145401,-0.6211665272712708,0.07646576315164566,-0.3477898836135864,-0.7212746739387512,0.06514789909124374,-0.39459386467933655,-0.8229917883872986,0.050714991986751556,-0.15649251639842987,-0.4837265610694885,0.021126091480255127,-0.3038802742958069,-0.6722927689552307,0.006710400339215994,-0.3829900920391083,-0.7864046692848206,-0.018350504338741302,-0.4321356415748596,-0.9008672833442688,-0.04119420051574707,-0.17212331295013428,-0.4399678707122803,-0.03782027214765549,-0.3235147297382355,-0.6287937164306641,-0.06529449671506882,-0.40370973944664,-0.7524041533470154,-0.09643591940402985,-0.45086848735809326,-0.8709347248077393,-0.1207498162984848,-0.22532173991203308,-0.3536016643047333,-0.09019298106431961,-0.3470006585121155,-0.4913538098335266,-0.12096161395311356,-0.41346776485443115,-0.5761083364486694,-0.14088241755962372,-0.4601624310016632,-0.6677386164665222,-0.15830785036087036,SLEEP
0.0,0.0,0.0,0.19457808136940002,-0.09540707617998123,0.07144233584403992,0.2724487781524658,-0.23849324882030487,0.09449513256549835,0.32358723878860474,-0.31494173407554626,0.09189166873693466,0.38229623436927795,-0.36373838782310486,0.08450829982757568,0.22396597266197205,-0.4640253186225891,0.08358263224363327,0.3468722701072693,-0.5924825668334961,0.06225193664431572,0.4211702048778534,-0.700645923614502,0.03380757197737694,0.47649210691452026,-0.7981244325637817,0.008177886717021465,0.20255377888679504,-0.4652480483055115,0.015130391344428062,0.34949183464050293,-0.6288499236106873,-0.013100801035761833,0.42575308680534363,-0.7540407180786133,-0.0469525046646595,0.48314473032951355,-0.872513473033905,-0.07274220138788223,0.19553403556346893,-0.42566585540771484,-0.05359380692243576,0.3438274562358856,-0.6006227135658264,-0.08153384178876877,0.4210394024848938,-0.7220205664634705,-0.1091303750872612,0.47501325607299805,-0.8370950818061829,-0.12997905910015106,0.2105780839920044,-0.35370224714279175,-0.11854555457830429,0.33080917596817017,-0.46988049149513245,-0.14001016318798065,0.39535054564476013,-0.5638004541397095,-0.15194715559482574,0.4466429650783539,-0.6551189422607422,-0.1628355234861374,0.0,0.0,0.0,-0.18097151815891266,-0.05152842774987221,0.06472615152597427,-0.24950458109378815,-0.17024262249469757,0.08186053484678268,-0.2985629737377167,-0.2486707866191864,0.0783524364233017,-0.3516639173030853,-0.3116339445114136,0.06708835810422897,-0.16836069524288177,-0.46439579129219055,0.07399233430624008,-0.2816760540008545,-0.6178150773048401,0.06696581095457077,-0.3441329002380371,-0.7193694114685059,0.05384447053074837,-0.38968849182128906,-0.8230996131896973,0.03819000720977783,-0.15748488903045654,-0.481528639793396,0.01630767062306404,-0.30323997139930725,-0.6706392765045166,0.0004586365830618888,-0.38008666038513184,-0.7851814031600952,-0.025067847222089767,-0.4285128712654114,-0.9022501111030579,-0.048180900514125824,-0.17221462726593018,-0.4374629259109497,-0.04083959013223648,-0.3249041736125946,-0.6234011054039001,-0.06979425996541977,-0.40285804867744446,-0.7460324764251709,-0.1006992906332016,-0.44926726818084717,-0.8645505309104919,-0.12464587390422821,-0.22418732941150665,-0.35110870003700256,-0.09209880977869034,-0.3442438244819641,-0.48899850249290466,-0.12289013713598251,-0.40982291102409363,-0.5732651352882385,-0.1423940509557724,-0.4571986198425293,-0.6651707291603088,-0.15968407690525055,SLEEP
0.0,0.0,0.0,0.19764547049999237,-0.09498987346887589,0.06586745381355286,0.27723437547683716,-0.24249888956546783,0.08676789700984955,0.3275332450866699,-0.32053375244140625,0.08269650489091873,0.3868842124938965,-0.3683408498764038,0.0740509182214737,0.22492410242557526,-0.46684038639068604,0.08028007298707962,0.3492860794067383,-0.5879848599433899,0.05710173025727272,0.42446866631507874,-0.6909151673316956,0.02654597908258438,0.480191707611084,-0.7854110598564148,-0.0006453992100432515,0.200849249958992,-0.46861129999160767,0.013406743295490742,0.3474494218826294,-0.6266650557518005,-0.016538238152861595,0.42195722460746765,-0.7527561783790588,-0.05211852118372917,0.4774455428123474,-0.8751009106636047,-0.07901963591575623,0.1924746036529541,-0.42747387290000916,-0.05431121587753296,0.3396925628185272,-0.6009289622306824,-0.08414988964796066,0.41443854570388794,-0.7222695350646973,-0.11131153255701065,0.46604666113853455,-0.8392631411552429,-0.13114777207374573,0.20695607364177704,-0.3529369533061981,-0.11896714568138123,0.326046884059906,-0.4744744896888733,-0.14177893102169037,0.3884754478931427,-0.5726494789123535,-0.1534791886806488,0.43748271465301514,-0.6680219173431396,-0.16361983120441437,0.0,0.0,0.0,-0.17928117513656616,-0.05549762025475502,0.08096242696046829,-0.24753695726394653,-0.17383204400539398,0.10709424316883087,-0.2987167537212372,-0.2503903806209564,0.109733447432518,-0.3529627323150635,-0.31459933519363403,0.10369299352169037,-0.16459061205387115,-0.4651634395122528,0.09256363660097122,-0.27677130699157715,-0.6214764714241028,0.0913788229227066,-0.341555655002594,-0.7230588793754578,0.08182422816753387,-0.3882763981819153,-0.8251701593399048,0.06787323206663132,-0.15492425858974457,-0.4834730923175812,0.02801152691245079,-0.30248764157295227,-0.6725723743438721,0.015813902020454407,-0.3813358247280121,-0.7871165871620178,-0.008271406404674053,-0.4300038516521454,-0.902298629283905,-0.030885769054293633,-0.16956426203250885,-0.44023266434669495,-0.03528628125786781,-0.3235061764717102,-0.6296669244766235,-0.062340181320905685,-0.4045324921607971,-0.7529852986335754,-0.09415566921234131,-0.45338937640190125,-0.872868537902832,-0.11955074965953827,-0.22045746445655823,-0.3539372682571411,-0.09108741581439972,-0.34262537956237793,-0.4922974407672882,-0.1238022968173027,-0.4110020101070404,-0.5783726572990417,-0.14601761102676392,-0.46107789874076843,-0.6728340983390808,-0.16546224057674408,SLEEP
0.0,0.0,0.0,0.1959102898836136,-0.09723978489637375,0.06919960677623749,0.2756107747554779,-0.24263842403888702,0.09109439700841904,0.32779911160469055,-0.3191467821598053,0.08788089454174042,0.388884961605072,-0.36234593391418457,0.07999692112207413,0.22439807653427124,-0.46781328320503235,0.08085371553897858,0.34928104281425476,-0.5920495986938477,0.059541553258895874,0.4231407940387726,-0.6966009736061096,0.03107229433953762,0.4783065617084503,-0.7913547158241272,0.005324536468833685,0.20101210474967957,-0.46886926889419556,0.013011081144213676,0.3487697243690491,-0.6293083429336548,-0.016045691445469856,0.4236094653606415,-0.7543475031852722,-0.04994286224246025,0.47982609272003174,-0.8741241097450256,-0.07532531023025513,0.19324563443660736,-0.42689359188079834,-0.05504530295729637,0.34223952889442444,-0.6017150282859802,-0.0838087722659111,0.4182854890823364,-0.7220464944839478,-0.10976973176002502,0.4713840186595917,-0.8383291363716125,-0.12885506451129913,0.20789586007595062,-0.35156798362731934,-0.11959144473075867,0.3283144533634186,-0.4727066457271576,-0.14163914322853088,0.3921821117401123,-0.5695976614952087,-0.15240129828453064,0.44292619824409485,-0.66384357213974,-0.1618105173110962,0.0,0.0,0.0,-0.18221788108348846,-0.0522647351026535,0.07004470378160477,-0.24865755438804626,-0.17148618400096893,0.08919426798820496,-0.2978059649467468,-0.24672554433345795,0.08671638369560242,-0.35449790954589844,-0.3063526451587677,0.07613304257392883,-0.16281627118587494,-0.4694707691669464,0.07925213873386383,-0.27452000975608826,-0.6229401230812073,0.07486502081155777,-0.33860039710998535,-0.7249302864074707,0.06310206651687622,-0.3850127160549164,-0.8268619775772095,0.048010677099227905,-0.15299873054027557,-0.48560160398483276,0.019354388117790222,-0.2998669743537903,-0.6735755801200867,0.005733243655413389,-0.37845802307128906,-0.7869900465011597,-0.01865081675350666,-0.4279579222202301,-0.9028491973876953,-0.04141686484217644,-0.1667872816324234,-0.4412190914154053,-0.03958149999380112,-0.31969907879829407,-0.6266716718673706,-0.06670194864273071,-0.3995651602745056,-0.7482269406318665,-0.09737510979175568,-0.447808176279068,-0.8659844994544983,-0.12189490348100662,-0.21655860543251038,-0.3543812930583954,-0.0921722799539566,-0.3378516733646393,-0.4898495674133301,-0.12209725379943848,-0.4057545065879822,-0.5728248953819275,-0.1417156457901001,-0.45553651452064514,-0.6635908484458923,-0.15947511792182922,SLEEP
0.0,0.0,0.0,0.19919991493225098,-0.09840632230043411,0.06487727910280228,0.27924343943595886,-0.2459348738193512,0.08516330271959305,0.33110398054122925,-0.32505014538764954,0.08065815269947052,0.3921829164028168,-0.3694380223751068,0.07181407511234283,0.22510486841201782,-0.4699940085411072,0.08007917553186417,0.3479878306388855,-0.594946563243866,0.057304929941892624,0.4212886691093445,-0.7006813883781433,0.027151277288794518,0.47529587149620056,-0.7979775071144104,0.000276636186754331,0.20218291878700256,-0.47152838110923767,0.014139735139906406,0.3485761880874634,-0.6298410296440125,-0.01501984242349863,0.4227007031440735,-0.7542272210121155,-0.049212321639060974,0.47820845246315,-0.875031054019928,-0.0750824585556984,0.1946536898612976,-0.4309545159339905,-0.05272293463349342,0.3422790467739105,-0.6016877293586731,-0.08126850426197052,0.4178999066352844,-0.7212958931922913,-0.10630306601524353,0.47068753838539124,-0.8368467092514038,-0.1248340904712677,0.2092486321926117,-0.3573046028614044,-0.11680960655212402,0.3288097679615021,-0.4770871102809906,-0.13779011368751526,0.39240577816963196,-0.5743135213851929,-0.14743882417678833,0.4428052604198456,-0.6685361266136169,-0.15619464218616486,0.0,0.0,0.0,-0.1815095990896225,-0.052827585488557816,0.07286607474088669,-0.2515246868133545,-0.17555968463420868,0.09584800899028778,-0.3025943338871002,-0.25471559166908264,0.09742449969053268,-0.3549029529094696,-0.3187345564365387,0.0907914787530899,-0.1699565351009369,-0.46953871846199036,0.08096690475940704,-0.28264671564102173,-0.623581051826477,0.07698903232812881,-0.3463919162750244,-0.7232569456100464,0.06614876538515091,-0.392727255821228,-0.8241320252418518,0.05134333297610283,-0.15933522582054138,-0.48427680134773254,0.020344853401184082,-0.30553847551345825,-0.6731762290000916,0.006298203952610493,-0.38384687900543213,-0.7852679491043091,-0.01810481958091259,-0.43402212858200073,-0.8999723196029663,-0.04092191159725189,-0.1727677583694458,-0.43827253580093384,-0.03924951329827309,-0.32553690671920776,-0.6249607801437378,-0.06814012676477432,-0.40437033772468567,-0.7467334270477295,-0.1004623994231224,-0.4527662694454193,-0.86664217710495,-0.12604694068431854,-0.2225586473941803,-0.3509399890899658,-0.09200486540794373,-0.3430134654045105,-0.48682910203933716,-0.12642888724803925,-0.4094884395599365,-0.5715767741203308,-0.14990270137786865,-0.4578263759613037,-0.6650295853614807,-0.17026834189891815,SLEEP
0.0,0.0,0.0,0.1967441439628601,-0.0991033986210823,0.07170263677835464,0.27656275033950806,-0.24368424713611603,0.09582685679197311,0.3289148509502411,-0.3210889995098114,0.09437396377325058,0.39061877131462097,-0.3641079366207123,0.0880696177482605,0.22673547267913818,-0.46743571758270264,0.0865921750664711,0.34789642691612244,-0.5928964018821716,0.06725622713565826,0.42106255888938904,-0.6997811198234558,0.039581410586833954,0.4752916395664215,-0.7978506088256836,0.01393848191946745,0.2046932876110077,-0.46944719552993774,0.018173567950725555,0.34972888231277466,-0.6284067630767822,-0.008801816031336784,0.424103319644928,-0.7537822127342224,-0.04176027700304985,0.47964179515838623,-0.8748992681503296,-0.0670446902513504,0.19667421281337738,-0.42864561080932617,-0.05053306743502617,0.343831866979599,-0.5989879369735718,-0.07729087024927139,0.41902661323547363,-0.7196049094200134,-0.10276190936565399,0.4712351858615875,-0.8359898328781128,-0.12205745279788971,0.210273876786232,-0.35380005836486816,-0.11572956293821335,0.3298455476760864,-0.47308146953582764,-0.13688154518604279,0.3941097855567932,-0.5689411759376526,-0.1479274481534958,0.44557443261146545,-0.6619530320167542,-0.15789048373699188,0.0,0.0,0.0,-0.18038105964660645,-0.057091258466243744,0.083470419049263,-0.2506153881549835,-0.17446163296699524,0.11125261336565018,-0.30680835247039795,-0.2509659230709076,0.11531005799770355,-0.36622151732444763,-0.3108656406402588,0.11052396148443222,-0.16496555507183075,-0.46884989738464355,0.09538764506578445,-0.27904629707336426,-0.6264072060585022,0.09535056352615356,-0.34332743287086487,-0.728498637676239,0.08636026084423065,-0.38992953300476074,-0.8303929567337036,0.07264750450849533,-0.15549884736537933,-0.4851139485836029,0.030017850920557976,-0.305073618888855,-0.6732101440429688,0.01991354487836361,-0.38286536931991577,-0.7876823544502258,-0.0029759742319583893,-0.43098369240760803,-0.9020040035247803,-0.025334887206554413,-0.17084968090057373,-0.4402735233306885,-0.03413579985499382,-0.3261518180370331,-0.6275228261947632,-0.0596933588385582,-0.40479791164398193,-0.7512722611427307,-0.09058958292007446,-0.4525201916694641,-0.8725592494010925,-0.11610870063304901,-0.22200283408164978,-0.3543168306350708,-0.09070229530334473,-0.3427884578704834,-0.49320560693740845,-0.12460469454526901,-0.4099785387516022,-0.5808220505714417,-0.148080974817276,-0.4604182839393616,-0.678008496761322,-0.1686493307352066,SLEEP
0.0,0.0,0.0,0.19609199464321136,-0.0938396006822586,0.06479471176862717,0.27587106823921204,-0.23996365070343018,0.08628666400909424,0.325544536113739,-0.3183952569961548,0.08375425636768341,0.38474828004837036,-0.3627910614013672,0.07706629484891891,0.228092223405838,-0.4700152575969696,0.07995696365833282,0.34752222895622253,-0.5959190130233765,0.05831977352499962,0.4198302626609802,-0.702750027179718,0.029173674061894417,0.4721408486366272,-0.8007603287696838,0.002899924060329795,0.20519128441810608,-0.4710060954093933,0.015131821855902672,0.34946027398109436,-0.6295532584190369,-0.013728505931794643,0.42313334345817566,-0.7541581392288208,-0.04731350392103195,0.47774946689605713,-0.8754804134368896,-0.07272876799106598,0.19667784869670868,-0.4300226867198944,-0.05047614499926567,0.3428454101085663,-0.598861575126648,-0.07921094447374344,0.41790252923965454,-0.7179818153381348,-0.10499338805675507,0.4699883759021759,-0.8338799476623535,-0.12396556884050369,0.2093626707792282,-0.3547743856906891,-0.11308798938989639,0.32898861169815063,-0.471611887216568,-0.13540630042552948,0.39336127042770386,-0.5662074685096741,-0.14673444628715515,0.444967120885849,-0.658397912979126,-0.1565791815519333,0.0,0.0,0.0,-0.17772482335567474,-0.05948980897665024,0.08245572447776794,-0.2502954304218292,-0.1779577136039734,0.1105789914727211,-0.3063725531101227,-0.2564374804496765,0.1156671792268753,-0.36438098549842834,-0.31660741567611694,0.11226963996887207,-0.16652914881706238,-0.46858853101730347,0.0932534784078598,-0.2845604419708252,-0.6224592924118042,0.09322834759950638,-0.3505238890647888,-0.7232465744018555,0.08473166823387146,-0.3956871032714844,-0.8244559168815613,0.0716337040066719,-0.15657593309879303,-0.4849260449409485,0.029307061806321144,-0.3079928159713745,-0.6711577773094177,0.018933331593871117,-0.3850950598716736,-0.7868295907974243,-0.003763812128454447,-0.4298646152019501,-0.9025362133979797,-0.025394318625330925,-0.17158767580986023,-0.4401801824569702,-0.03322518616914749,-0.32692036032676697,-0.6270067095756531,-0.059348974376916885,-0.40570926666259766,-0.7529011964797974,-0.09116332978010178,-0.4522208571434021,-0.8765771985054016,-0.11670555919408798,-0.22120295464992523,-0.35404711961746216,-0.08794141560792923,-0.3427498936653137,-0.4940730631351471,-0.12165511399507523,-0.41101035475730896,-0.5801547765731812,-0.14493213593959808,-0.4619165062904358,-0.6750308871269226,-0.16495732963085175,SLEEP
0.0,0.0,0.0,0.19997775554656982,-0.10154543071985245,0.076350636780262,0.2809068560600281,-0.2483176290988922,0.10230705887079239,0.3354673981666565,-0.3248542845249176,0.1017901822924614,0.40028566122055054,-0.3650912642478943,0.09642384201288223,0.2305469512939453,-0.46991240978240967,0.09120823442935944,0.3503689169883728,-0.5949611663818359,0.07284895330667496,0.4217010736465454,-0.7008154392242432,0.046207282692193985,0.4748251438140869,-0.7979803681373596,0.021074917167425156,0.20838646590709686,-0.4714721739292145,0.020617203786969185,0.35324135422706604,-0.6302559971809387,-0.005891016684472561,0.4261130392551422,-0.7547653913497925,-0.03746896609663963,0.4806966483592987,-0.8747101426124573,-0.061749424785375595,0.1996270716190338,-0.4303407669067383,-0.05020056664943695,0.346375435590744,-0.6009675860404968,-0.07632751017808914,0.4202265739440918,-0.7202621102333069,-0.10030194371938705,0.471768856048584,-0.8363811373710632,-0.11877762526273727,0.21262668073177338,-0.35552847385406494,-0.11720307171344757,0.33184075355529785,-0.47554489970207214,-0.13865570724010468,0.39517515897750854,-0.5724173188209534,-0.14982859790325165,0.4456630051136017,-0.6670264005661011,-0.15996822714805603,0.0,0.0,0.0,-0.1749192625284195,-0.05915139615535736,0.08865262567996979,-0.2429596185684204,-0.1792892962694168,0.120980404317379,-0.296235054731369,-0.2580341398715973,0.12951378524303436,-0.35275861620903015,-0.31917044520378113,0.12934884428977966,-0.16463403403759003,-0.47018271684646606,0.09753396362066269,-0.27813297510147095,-0.6273504495620728,0.09832759946584702,-0.34341537952423096,-0.7297205924987793,0.09172526001930237,-0.3884122371673584,-0.8301560282707214,0.08000798523426056,-0.15567120909690857,-0.48604831099510193,0.030823595821857452,-0.3045952320098877,-0.6740034222602844,0.020224153995513916,-0.3809230327606201,-0.7895711660385132,-0.00024227086396422237,-0.42594242095947266,-0.9045332074165344,-0.019817771390080452,-0.17104339599609375,-0.44060850143432617,-0.03431248664855957,-0.3259023129940033,-0.6268336176872253,-0.061458151787519455,-0.40411633253097534,-0.750786304473877,-0.09256435185670853,-0.4516783058643341,-0.8735750317573547,-0.11730308830738068,-0.2199956476688385,-0.3540474474430084,-0.09110163152217865,-0.3408314287662506,-0.4922615587711334,-0.12804283201694489,-0.4097277522087097,-0.5785261392593384,-0.1535138636827469,-0.46228453516960144,-0.6731904745101929,-0.17466188967227936,SLEEP
0.0,0.0,0.0,0.1949705332517624,-0.09608040004968643,0.07457271963357925,0.2750079929828644,-0.24146437644958496,0.10009945183992386,0.32789409160614014,-0.3201753795146942,0.09990651905536652,0.389329195022583,-0.36403605341911316,0.09514156728982925,0.22919976711273193,-0.46807777881622314,0.0885855183005333,0.35005825757980347,-0.5943508148193359,0.07167830318212509,0.42221659421920776,-0.6985529065132141,0.04663057252764702,0.47472792863845825,-0.7929231524467468,0.022655565291643143,0.20597879588603973,-0.4701445996761322,0.019554629921913147,0.3514893352985382,-0.6322426795959473,-0.006289880257099867,0.42654240131378174,-0.7553759813308716,-0.03760356083512306,0.48249924182891846,-0.8737105131149292,-0.061842553317546844,0.19704005122184753,-0.42941346764564514,-0.049638837575912476,0.34494274854660034,-0.6033390164375305,-0.0764019787311554,0.42201679944992065,-0.7219293117523193,-0.1025550365447998,0.4760196805000305,-0.837553858757019,-0.12271025031805038,0.210520938038826,-0.3545575439929962,-0.1147160604596138,0.33112475275993347,-0.47347724437713623,-0.1370454579591751,0.3957354724407196,-0.5674819946289062,-0.1497100442647934,0.4475199580192566,-0.6603804230690002,-0.16122889518737793,0.0,0.0,0.0,-0.17908501625061035,-0.05205714702606201,0.0777830258011818,-0.25047922134399414,-0.17104637622833252,0.10240685939788818,-0.3086075484752655,-0.2518547475337982,0.10385346412658691,-0.3741088807582855,-0.307260125875473,0.09681010246276855,-0.16800740361213684,-0.4635472297668457,0.09286206215620041,-0.28251442313194275,-0.6181283593177795,0.0926545262336731,-0.3453131914138794,-0.7200095653533936,0.08326906710863113,-0.3904724419116974,-0.8226508498191833,0.06972042471170425,-0.15897448360919952,-0.4811854660511017,0.029283342882990837,-0.30560895800590515,-0.6724762916564941,0.020963458344340324,-0.3822171688079834,-0.7879844903945923,-0.0008150517242029309,-0.42916256189346313,-0.9029614329338074,-0.021912122145295143,-0.17471398413181305,-0.43812596797943115,-0.033509302884340286,-0.32912588119506836,-0.6230466961860657,-0.056559424847364426,-0.4069844186306,-0.7464228272438049,-0.084894098341465,-0.4534754157066345,-0.8669495582580566,-0.10836470127105713,-0.2261296957731247,-0.35345956683158875,-0.08963660150766373,-0.34497591853141785,-0.49526840448379517,-0.11737807840108871,-0.40991583466529846,-0.5835316181182861,-0.13586421310901642,-0.457099586725235,-0.680619478225708,-0.1531819999217987,SLEEP
0.0,0.0,0.0,0.1983640342950821,-0.09422817826271057,0.06727466732263565,0.2789601981639862,-0.24094437062740326,0.08965808153152466,0.3300575911998749,-0.31888946890830994,0.08710222691297531,0.39232322573661804,-0.35913270711898804,0.08028090000152588,0.23242370784282684,-0.4687210023403168,0.08417945355176926,0.3524649441242218,-0.592833936214447,0.06297367066144943,0.4244392514228821,-0.6990664601325989,0.03367656096816063,0.47638460993766785,-0.7965019941329956,0.0070791905745863914,0.20926207304000854,-0.4708009362220764,0.017535218968987465,0.3534831702709198,-0.6280918121337891,-0.011422060430049896,0.42646175622940063,-0.7526230812072754,-0.045374102890491486,0.4807937443256378,-0.8739666938781738,-0.07084884494543076,0.20050080120563507,-0.43155473470687866,-0.04991724714636803,0.3468584716320038,-0.6026157736778259,-0.07852229475975037,0.4212372303009033,-0.721632719039917,-0.10327399522066116,0.47302624583244324,-0.8386169672012329,-0.12136244028806686,0.2128150761127472,-0.3587214946746826,-0.1143469288945198,0.33136609196662903,-0.4788333475589752,-0.13618481159210205,0.3942052721977234,-0.5746671557426453,-0.14619743824005127,0.44410231709480286,-0.6684233546257019,-0.15490564703941345,0.0,0.0,0.0,-0.1782124638557434,-0.06587157398462296,0.08492496609687805,-0.24517890810966492,-0.18917317688465118,0.11285955458879471,-0.296674907207489,-0.27159956097602844,0.11715982109308243,-0.35233965516090393,-0.33622148633003235,0.11276049166917801,-0.16533450782299042,-0.46967676281929016,0.09164134413003922,-0.2833474278450012,-0.6249710321426392,0.08975641429424286,-0.3500024378299713,-0.7257051467895508,0.08138269186019897,-0.39713048934936523,-0.8274471163749695,0.06854736059904099,-0.1562531292438507,-0.48577988147735596,0.025314463302493095,-0.30849751830101013,-0.6704855561256409,0.013667996041476727,-0.38628098368644714,-0.7855697274208069,-0.00721531268209219,-0.4328567683696747,-0.9010389447212219,-0.02763671614229679,-0.17249906063079834,-0.4405131936073303,-0.039639584720134735,-0.3277735412120819,-0.6262311935424805,-0.06685318052768707,-0.4074447453022003,-0.75178062915802,-0.0970815047621727,-0.45598217844963074,-0.8761061429977417,-0.12176631391048431,-0.22293522953987122,-0.35548722743988037,-0.0967194139957428,-0.3438320755958557,-0.49439558386802673,-0.13244298100471497,-0.41241511702537537,-0.5797549486160278,-0.15607622265815735,-0.4646105170249939,-0.6735960841178894,-0.1763467937707901,SLEEP
0.0,0.0,0.0,0.19900725781917572,-0.09794001281261444,0.06539316475391388,0.2780073881149292,-0.24277722835540771,0.08613169193267822,0.32612642645835876,-0.3212103843688965,0.082316093146801,0.3832615911960602,-0.37537315487861633,0.07507014274597168,0.22318559885025024,-0.47271424531936646,0.08290454745292664,0.34688499569892883,-0.5963126420974731,0.06106217950582504,0.4210326373577118,-0.7004135251045227,0.031360507011413574,0.476776659488678,-0.7952211499214172,0.0048571061342954636,0.20053227245807648,-0.47463133931159973,0.017427850514650345,0.3495405614376068,-0.6333484053611755,-0.011290520429611206,0.42632386088371277,-0.7546924352645874,-0.04522093012928963,0.4853774607181549,-0.8714509606361389,-0.07058265805244446,0.19451628625392914,-0.43271762132644653,-0.04905889555811882,0.3464979827404022,-0.6042281985282898,-0.07735706120729446,0.4237012267112732,-0.7225320935249329,-0.10332340002059937,0.4779844582080841,-0.8366222977638245,-0.12233620882034302,0.2117445021867752,-0.35658085346221924,-0.11255009472370148,0.3334704339504242,-0.470807820558548,-0.1334240883588791,0.3978702127933502,-0.5641327500343323,-0.14383645355701447,0.4496569037437439,-0.6555546522140503,-0.15301311016082764,0.0,0.0,0.0,-0.17433683574199677,-0.06138407811522484,0.08296163380146027,-0.2442358285188675,-0.18136882781982422,0.10859667509794235,-0.30058932304382324,-0.26010391116142273,0.11007727682590485,-0.3619714677333832,-0.31738895177841187,0.1033545732498169,-0.1709562987089157,-0.46451324224472046,0.09410780668258667,-0.2861611247062683,-0.6176152229309082,0.09183258563280106,-0.3492504954338074,-0.7198237180709839,0.08242302387952805,-0.3938557803630829,-0.8224577307701111,0.06887774914503098,-0.16367803514003754,-0.48401108384132385,0.027135765179991722,-0.3133580982685089,-0.6712269186973572,0.01707608625292778,-0.3886446952819824,-0.7867888808250427,-0.002731979126110673,-0.43302038311958313,-0.901107132434845,-0.022343464195728302,-0.18156655132770538,-0.441008061170578,-0.03903353586792946,-0.33975857496261597,-0.6267097592353821,-0.06252168118953705,-0.418392539024353,-0.7460086345672607,-0.08777094632387161,-0.4654172956943512,-0.863592803478241,-0.10952021181583405,-0.23274776339530945,-0.3564176559448242,-0.09841183573007584,-0.3510201573371887,-0.4969146251678467,-0.1300356239080429,-0.4175710678100586,-0.5870126485824585,-0.1505332589149475,-0.4674634039402008,-0.6863723993301392,-0.1688641756772995,SLEEP
0.0,0.0,0.0,0.20113793015480042,-0.09715709835290909,0.06069241091609001,0.28259891271591187,-0.24142442643642426,0.07805416733026505,0.3320232331752777,-0.3150601089000702,0.07131554186344147,0.390591025352478,-0.361723929643631,0.05988122150301933,0.23138602077960968,-0.4673992395401001,0.07343687117099762,0.3605842888355255,-0.5838872194290161,0.04730375111103058,0.4359358549118042,-0.6859720349311829,0.014194803312420845,0.49253904819488525,-0.780439019203186,-0.014894950203597546,0.20679371058940887,-0.4695952236652374,0.008328326977789402,0.3560890257358551,-0.6232503652572632,-0.0236052218824625,0.42941442131996155,-0.7469128370285034,-0.06052910536527634,0.4857904314994812,-0.8695698976516724,-0.08863387256860733,0.19689691066741943,-0.42886650562286377,-0.05775441974401474,0.3464360237121582,-0.5968368649482727,-0.08868642151355743,0.41998961567878723,-0.7136465907096863,-0.11573997884988785,0.4718559682369232,-0.8289465308189392,-0.13605499267578125,0.20806245505809784,-0.3535158634185791,-0.12128706276416779,0.32480841875076294,-0.4667544960975647,-0.14458633959293365,0.3861124813556671,-0.5605549216270447,-0.1555517315864563,0.4348539412021637,-0.6536199450492859,-0.16544222831726074,0.0,0.0,0.0,-0.17492525279521942,-0.06305178999900818,0.08370578289031982,-0.24722011387348175,-0.17922338843345642,0.10920310020446777,-0.30397048592567444,-0.2544142007827759,0.11047601699829102,-0.3655712902545929,-0.3124374747276306,0.10318975895643234,-0.1701432466506958,-0.46583789587020874,0.09437330067157745,-0.2865826487541199,-0.6207572221755981,0.09097597002983093,-0.35384052991867065,-0.7234277725219727,0.08006244897842407,-0.401747465133667,-0.8257086873054504,0.06579570472240448,-0.16105550527572632,-0.48321712017059326,0.027371903881430626,-0.31317800283432007,-0.667577862739563,0.01593192107975483,-0.3918811082839966,-0.7831118106842041,-0.005371386650949717,-0.43870314955711365,-0.8982553482055664,-0.026017628610134125,-0.17728455364704132,-0.44066131114959717,-0.0387820340692997,-0.3340536057949066,-0.6264124512672424,-0.06384385377168655,-0.4152926802635193,-0.7501621246337891,-0.09131556004285812,-0.4641367495059967,-0.8711330890655518,-0.11426138877868652,-0.2268018126487732,-0.35721519589424133,-0.09770620614290237,-0.3472854197025299,-0.4967852830886841,-0.12962990999221802,-0.4152718782424927,-0.5841426849365234,-0.14942504465579987,-0.46705392003059387,-0.6801519989967346,-0.16700749099254608,SLEEP
0.0,0.0,0.0,0.19772131741046906,-0.09430523961782455,0.06797506660223007,0.27826207876205444,-0.24316459894180298,0.0916561409831047,0.3304620087146759,-0.3218793570995331,0.09024622291326523,0.39384135603904724,-0.361269474029541,0.08472193777561188,0.22906924784183502,-0.47080904245376587,0.08692653477191925,0.3478507101535797,-0.5972421765327454,0.06640052050352097,0.42124754190444946,-0.7045554518699646,0.03786548227071762,0.4741857349872589,-0.8014956712722778,0.012025175616145134,0.2060219943523407,-0.473263144493103,0.020613322034478188,0.350477933883667,-0.6327852010726929,-0.007309501059353352,0.42683231830596924,-0.755711019039154,-0.040213484317064285,0.4836147427558899,-0.8728675842285156,-0.06495336443185806,0.19795943796634674,-0.4341217279434204,-0.0468163937330246,0.34521999955177307,-0.6059550046920776,-0.07508104294538498,0.42322733998298645,-0.7248508930206299,-0.1009419709444046,0.4772835373878479,-0.8389629125595093,-0.11983375251293182,0.21209615468978882,-0.36231130361557007,-0.11112106591463089,0.3335643708705902,-0.4803280532360077,-0.13262829184532166,0.3989831805229187,-0.5739046931266785,-0.14356230199337006,0.45047637820243835,-0.6649093627929688,-0.15330222249031067,0.0,0.0,0.0,-0.17076221108436584,-0.06749216467142105,0.08243340998888016,-0.24334615468978882,-0.1876882165670395,0.10818382352590561,-0.3001403212547302,-0.2651079595088959,0.11064689606428146,-0.36008650064468384,-0.3239158093929291,0.10472578555345535,-0.16755810379981995,-0.4703792333602905,0.08857613801956177,-0.28664201498031616,-0.6251075267791748,0.08403029292821884,-0.35436490178108215,-0.7276160717010498,0.07364967465400696,-0.40156859159469604,-0.8298437595367432,0.05992363020777702,-0.15894421935081482,-0.48566630482673645,0.022708449512720108,-0.3136947453022003,-0.6678686141967773,0.00956697203218937,-0.3917636573314667,-0.7827953100204468,-0.01128438301384449,-0.4379381239414215,-0.8984628915786743,-0.03121928870677948,-0.17517799139022827,-0.4416223466396332,-0.0420791357755661,-0.3343990743160248,-0.6255809664726257,-0.06963293999433517,-0.415166974067688,-0.7500678300857544,-0.09792311489582062,-0.46380436420440674,-0.8728511929512024,-0.12083893269300461,-0.22341451048851013,-0.357718825340271,-0.09942059218883514,-0.3467167913913727,-0.49680429697036743,-0.13468459248542786,-0.4152173399925232,-0.5834660530090332,-0.15630069375038147,-0.46743330359458923,-0.6783726811408997,-0.17464864253997803,SLEEP
0.0,0.0,0.0,0.19936814904212952,-0.0937841609120369,0.06365598738193512,0.2788376212120056,-0.24060343205928802,0.08321193605661392,0.3264385163784027,-0.31810736656188965,0.07895053178071976,0.3838057518005371,-0.36545127630233765,0.07013893872499466,0.22446121275424957,-0.46734198927879333,0.07156452536582947,0.3492155373096466,-0.5898217558860779,0.04701627045869827,0.42342203855514526,-0.6931121945381165,0.016669273376464844,0.4779226779937744,-0.7872496843338013,-0.010177967138588428,0.20031796395778656,-0.46685537695884705,0.00659350398927927,0.34850603342056274,-0.6271925568580627,-0.02584081143140793,0.42300572991371155,-0.7516710162162781,-0.06117141991853714,0.47948193550109863,-0.8731913566589355,-0.0873718336224556,0.19263309240341187,-0.42283985018730164,-0.05867571011185646,0.3430997431278229,-0.5968573093414307,-0.09068755060434341,0.4187747836112976,-0.7165535688400269,-0.11852393299341202,0.47123822569847107,-0.8335423469543457,-0.13849538564682007,0.2084387242794037,-0.3444764316082001,-0.1206236183643341,0.32852041721343994,-0.46189969778060913,-0.14501000940799713,0.3910081684589386,-0.5572163462638855,-0.15752363204956055,0.44025954604148865,-0.651267945766449,-0.1680869311094284,0.0,0.0,0.0,-0.17466561496257782,-0.06698119640350342,0.0851716473698616,-0.24446728825569153,-0.18566356599330902,0.11410853266716003,-0.2981509268283844,-0.26363345980644226,0.11922963708639145,-0.35610514879226685,-0.3243543803691864,0.1157049611210823,-0.17106810212135315,-0.4663860499858856,0.09518150985240936,-0.2866627871990204,-0.6203801035881042,0.09380495548248291,-0.3515833616256714,-0.721761167049408,0.08583590388298035,-0.39688897132873535,-0.8243235349655151,0.07353279739618301,-0.16052629053592682,-0.4842313230037689,0.028869614005088806,-0.30992451310157776,-0.6706109046936035,0.01809592731297016,-0.38515153527259827,-0.7857354879379272,-0.002522237366065383,-0.429797887802124,-0.9026491045951843,-0.022324349731206894,-0.17522738873958588,-0.4404616951942444,-0.0363156683743,-0.33165308833122253,-0.6226012706756592,-0.06337994337081909,-0.4112435281276703,-0.7468332052230835,-0.09386815875768661,-0.4594619870185852,-0.8703083992004395,-0.11831948161125183,-0.22494016587734222,-0.3556331396102905,-0.09363771975040436,-0.34609752893447876,-0.4902203679084778,-0.1294807493686676,-0.41314050555229187,-0.5772109031677246,-0.15339455008506775,-0.4630684554576874,-0.6750422120094299,-0.17360731959342957,SLEEP
0.0,0.0,0.0,0.19836679100990295,-0.09167680144309998,0.059243094176054,0.27764904499053955,-0.23512263596057892,0.07644559442996979,0.32426735758781433,-0.309569776058197,0.0702512115240097,0.3834853768348694,-0.3525494933128357,0.059615690261125565,0.22644910216331482,-0.46539267897605896,0.07081054151058197,0.3565623462200165,-0.5792821049690247,0.04426935315132141,0.4328087568283081,-0.6780305504798889,0.011491687037050724,0.4900931119918823,-0.7684134244918823,-0.017256340011954308,0.20199702680110931,-0.46748706698417664,0.00690517108887434,0.35248973965644836,-0.6244267821311951,-0.026646137237548828,0.42728209495544434,-0.7479346990585327,-0.06435253471136093,0.4848085939884186,-0.8697075843811035,-0.09257083386182785,0.19391606748104095,-0.4258088767528534,-0.05786394327878952,0.3446390926837921,-0.5984243154525757,-0.0915197879076004,0.41950657963752747,-0.7158124446868896,-0.12036745995283127,0.47157272696495056,-0.8317956328392029,-0.14113262295722961,0.20812274515628815,-0.34908637404441833,-0.11976921558380127,0.32670044898986816,-0.46426713466644287,-0.14582785964012146,0.3887243866920471,-0.5583685040473938,-0.15910495817661285,0.4375239610671997,-0.6525927186012268,-0.17024344205856323,0.0,0.0,0.0,-0.17902328073978424,-0.062290724366903305,0.08118510246276855,-0.24841158092021942,-0.182880699634552,0.10635300725698471,-0.30179134011268616,-0.2582820951938629,0.10808436572551727,-0.3594837784767151,-0.3191540241241455,0.10095620900392532,-0.1627892404794693,-0.46715569496154785,0.08911491185426712,-0.27510711550712585,-0.6256490349769592,0.08585023880004883,-0.3402734398841858,-0.7289839386940002,0.07524463534355164,-0.3869401514530182,-0.8326714038848877,0.061008453369140625,-0.15244917571544647,-0.4841757118701935,0.024126240983605385,-0.3022003471851349,-0.670917809009552,0.010996853932738304,-0.3812026381492615,-0.7868600487709045,-0.01290495041757822,-0.42918965220451355,-0.9025160670280457,-0.03550877794623375,-0.1671467125415802,-0.440861314535141,-0.039492156356573105,-0.32385483384132385,-0.6268664002418518,-0.06684985756874084,-0.4058903455734253,-0.7510867714881897,-0.09827933460474014,-0.4558611214160919,-0.8721154928207397,-0.12369752675294876,-0.2174597829580307,-0.35682055354118347,-0.09561435133218765,-0.34046003222465515,-0.49487441778182983,-0.1287999302148819,-0.40813347697257996,-0.5826040506362915,-0.15082447230815887,-0.45876920223236084,-0.6800485849380493,-0.1702566295862198,SLEEP
0.0,0.0,0.0,0.19845354557037354,-0.09184792637825012,0.06329648941755295,0.2769935429096222,-0.23883363604545593,0.0833880603313446,0.32569047808647156,-0.3153058588504791,0.07936199754476547,0.38587990403175354,-0.36023515462875366,0.07068372517824173,0.22385554015636444,-0.4659586250782013,0.07423485070466995,0.34933724999427795,-0.589486837387085,0.0481247641146183,0.4246031641960144,-0.6938493251800537,0.01582244783639908,0.4806104302406311,-0.7887274622917175,-0.012442815117537975,0.19886618852615356,-0.46724238991737366,0.008927918039262295,0.3481186330318451,-0.6268104910850525,-0.024015016853809357,0.42356911301612854,-0.7511183023452759,-0.06142204999923706,0.481184184551239,-0.8720448613166809,-0.08943995088338852,0.1906537264585495,-0.42543378472328186,-0.057042691856622696,0.3406425416469574,-0.5985894203186035,-0.08988802880048752,0.4158812463283539,-0.7178266644477844,-0.11881890892982483,0.4673490822315216,-0.83412766456604,-0.13973937928676605,0.2053542584180832,-0.35034188628196716,-0.11989741027355194,0.3256723880767822,-0.4672580361366272,-0.14588983356952667,0.3883886933326721,-0.5638616681098938,-0.15969642996788025,0.4376188814640045,-0.6598588228225708,-0.1711876392364502,0.0,0.0,0.0,-0.183591827750206,-0.05571916326880455,0.09191155433654785,-0.2523917555809021,-0.17518824338912964,0.12234775722026825,-0.3086486756801605,-0.25004181265830994,0.12693992257118225,-0.37158119678497314,-0.3064010739326477,0.12231767177581787,-0.16831357777118683,-0.4673466682434082,0.1042676493525505,-0.2797812819480896,-0.62264484167099,0.10881327092647552,-0.3416382372379303,-0.7233172655105591,0.10415356606245041,-0.38481467962265015,-0.8246017098426819,0.09340669959783554,-0.15792979300022125,-0.4841410517692566,0.03418608382344246,-0.3065582811832428,-0.6739261150360107,0.027675064280629158,-0.3837045729160309,-0.7883942723274231,0.0086619071662426,-0.42931103706359863,-0.9030964970588684,-0.010427811183035374,-0.17161069810390472,-0.4392281174659729,-0.03408830240368843,-0.33034437894821167,-0.6227208375930786,-0.056562647223472595,-0.41066601872444153,-0.7450517416000366,-0.08388254046440125,-0.45907220244407654,-0.8660333752632141,-0.10701625049114227,-0.2204175591468811,-0.35356420278549194,-0.09431896358728409,-0.3451601266860962,-0.492678165435791,-0.12426531314849854,-0.4127850830554962,-0.5798125863075256,-0.14408646523952484,-0.46223846077919006,-0.6765283346176147,-0.16237351298332214,SLEEP
0.0,0.0,0.0,0.19613052904605865,-0.09066089242696762,0.060082677751779556,0.275471955537796,-0.2337491661310196,0.07887464016675949,0.3249553442001343,-0.30924680829048157,0.07398062199354172,0.3836096525192261,-0.35334312915802,0.0647411197423935,0.22313851118087769,-0.4682304263114929,0.07420510798692703,0.34561970829963684,-0.5948647260665894,0.048669226467609406,0.41845184564590454,-0.7035674452781677,0.0162194911390543,0.47081950306892395,-0.8039549589157104,-0.01207573339343071,0.19847872853279114,-0.4705827534198761,0.010231179185211658,0.34674134850502014,-0.6284399032592773,-0.021495144814252853,0.4213418662548065,-0.7534080743789673,-0.05808819457888603,0.47653162479400635,-0.8749921321868896,-0.08547772467136383,0.19060389697551727,-0.43039143085479736,-0.0547880157828331,0.34141087532043457,-0.5983248949050903,-0.0856819599866867,0.41831183433532715,-0.7168325781822205,-0.11275380849838257,0.4704572260379791,-0.8323807120323181,-0.1323399394750595,0.20469632744789124,-0.3566173017024994,-0.11731386184692383,0.3272744417190552,-0.47312822937965393,-0.1404816210269928,0.39118289947509766,-0.5684263110160828,-0.1514897495508194,0.44095608592033386,-0.6625601649284363,-0.16095401346683502,0.0,0.0,0.0,-0.1836787313222885,-0.06564079225063324,0.0886363685131073,-0.25039488077163696,-0.1876637488603592,0.12014187127351761,-0.3019852042198181,-0.269328236579895,0.12747454643249512,-0.3574185371398926,-0.33368560671806335,0.12603391706943512,-0.16971275210380554,-0.469716340303421,0.09951652586460114,-0.2869109809398651,-0.6236067414283752,0.10082852840423584,-0.35275930166244507,-0.7221019864082336,0.09408646821975708,-0.3976886570453644,-0.8239212036132812,0.08194122463464737,-0.15827593207359314,-0.4851318597793579,0.0329410694539547,-0.31129375100135803,-0.6691134572029114,0.02236260659992695,-0.3902362287044525,-0.7823193073272705,0.00031202464015223086,-0.43559640645980835,-0.8998908996582031,-0.021264011040329933,-0.17253032326698303,-0.43919989466667175,-0.03212850168347359,-0.3267320990562439,-0.624938428401947,-0.05938084423542023,-0.4070994257926941,-0.7512305378913879,-0.09206441044807434,-0.45390284061431885,-0.8777182102203369,-0.11853719502687454,-0.22209841012954712,-0.3552914261817932,-0.08876965939998627,-0.3415122330188751,-0.49496331810951233,-0.12538248300552368,-0.4105963706970215,-0.5811170339584351,-0.1513771414756775,-0.46118468046188354,-0.6762279272079468,-0.17364072799682617,SLEEP
0.0,0.0,0.0,0.19277054071426392,-0.09311302751302719,0.06591936945915222,0.2711929976940155,-0.23602722585201263,0.08735301345586777,0.3213265538215637,-0.3095405697822571,0.08444120734930038,0.38308626413345337,-0.34794166684150696,0.07677146047353745,0.22717946767807007,-0.4641645550727844,0.07813331484794617,0.349391907453537,-0.5909786820411682,0.054911836981773376,0.4222162067890167,-0.6988012194633484,0.024635136127471924,0.4755202829837799,-0.7964163422584534,-0.0022743388544768095,0.20232465863227844,-0.467529833316803,0.012021614238619804,0.3478556275367737,-0.628167986869812,-0.018625009804964066,0.4223696291446686,-0.7536892294883728,-0.054249368607997894,0.47842422127723694,-0.8744009733200073,-0.08082811534404755,0.19337734580039978,-0.42841896414756775,-0.054410420358181,0.34163105487823486,-0.6008588671684265,-0.08492841571569443,0.4174499213695526,-0.7195115685462952,-0.11164791882038116,0.469802588224411,-0.8356038331985474,-0.13100062310695648,0.20600873231887817,-0.35553672909736633,-0.11756212264299393,0.32769784331321716,-0.4739958345890045,-0.14126838743686676,0.3915473222732544,-0.5688404440879822,-0.1524301916360855,0.4423796832561493,-0.663030207157135,-0.16185127198696136,0.0,0.0,0.0,-0.17717482149600983,-0.05350073426961899,0.08224500715732574,-0.245542511343956,-0.17323100566864014,0.11025086790323257,-0.2984561622142792,-0.2510136365890503,0.1149386316537857,-0.35650721192359924,-0.31118443608283997,0.11080575734376907,-0.16499224305152893,-0.4593389928340912,0.0919455736875534,-0.27596279978752136,-0.6167364716529846,0.09047991037368774,-0.3409782350063324,-0.7188624739646912,0.08164099603891373,-0.3861457109451294,-0.8216089606285095,0.06850849092006683,-0.15392878651618958,-0.4783443510532379,0.02727659046649933,-0.3015683889389038,-0.6689315438270569,0.015228351578116417,-0.3806513249874115,-0.7865881323814392,-0.007862595841288567,-0.4272806644439697,-0.9036332368850708,-0.029635218903422356,-0.16765975952148438,-0.4351993203163147,-0.03607812151312828,-0.32210642099380493,-0.6228673458099365,-0.06381253153085709,-0.403093546628952,-0.7464038133621216,-0.09648063778877258,-0.4513147175312042,-0.8662879467010498,-0.12243998795747757,-0.21712614595890045,-0.35089394450187683,-0.09167028218507767,-0.3374129831790924,-0.4882969558238983,-0.12669511139392853,-0.40571120381355286,-0.5743075013160706,-0.15114498138427734,-0.4570010006427765,-0.6693938970565796,-0.17208576202392578,SLEEP
0.0,0.0,0.0,0.19651907682418823,-0.09195752441883087,0.06417009234428406,0.2752627730369568,-0.23822779953479767,0.08468576520681381,0.3233570456504822,-0.3146187961101532,0.08105773478746414,0.3821461796760559,-0.3560672402381897,0.07235847413539886,0.22542206943035126,-0.4648488163948059,0.07252556085586548,0.3500412106513977,-0.590100884437561,0.046631138771772385,0.4234692454338074,-0.6964912414550781,0.015204144641757011,0.47704678773880005,-0.7929395437240601,-0.012268587946891785,0.20014071464538574,-0.4665742516517639,0.006618095561861992,0.3479776382446289,-0.6264204978942871,-0.027526751160621643,0.4224545657634735,-0.7519456148147583,-0.06455368548631668,0.47840964794158936,-0.8733616471290588,-0.09145233035087585,0.1912326067686081,-0.4246138632297516,-0.059547435492277145,0.34137865900993347,-0.5999398827552795,-0.093608558177948,0.41676628589630127,-0.7189695239067078,-0.1217353418469429,0.46851176023483276,-0.8358088731765747,-0.14124161005020142,0.20456179976463318,-0.3475289046764374,-0.1223142072558403,0.32603031396865845,-0.46578770875930786,-0.1484956592321396,0.3890956938266754,-0.5617143511772156,-0.1607510894536972,0.43838343024253845,-0.6565065979957581,-0.1705426722764969,0.0,0.0,0.0,-0.18166033923625946,-0.053047455847263336,0.07448787987232208,-0.24979351460933685,-0.1735888570547104,0.09757639467716217,-0.3028629720211029,-0.25126802921295166,0.09916628897190094,-0.36222660541534424,-0.30918487906455994,0.09228236228227615,-0.1649918109178543,-0.4662307798862457,0.08099672943353653,-0.2757066488265991,-0.62208491563797,0.07572248578071594,-0.3386150598526001,-0.7248865365982056,0.06430076062679291,-0.3822965621948242,-0.8275362849235535,0.04971788451075554,-0.15408562123775482,-0.4818090796470642,0.019772101193666458,-0.30021265149116516,-0.6716598272323608,0.0049949269741773605,-0.37680044770240784,-0.7876451015472412,-0.019038472324609756,-0.4230923652648926,-0.905141294002533,-0.041377611458301544,-0.1685304343700409,-0.4364553689956665,-0.04039798304438591,-0.3212133049964905,-0.6258501410484314,-0.07054265588521957,-0.3992753028869629,-0.7491165995597839,-0.10271525382995605,-0.44579145312309265,-0.8697674870491028,-0.12767954170703888,-0.21928973495960236,-0.3506332337856293,-0.09344123303890228,-0.33828654885292053,-0.49092862010002136,-0.129587322473526,-0.40491074323654175,-0.5779427886009216,-0.1536448746919632,-0.4538404941558838,-0.6736984848976135,-0.17397809028625488,SLEEP
0.0,0.0,0.0,0.19349777698516846,-0.09142787009477615,0.05921744927763939,0.27173200249671936,-0.23792289197444916,0.07788949459791183,0.31951916217803955,-0.3145156800746918,0.07321937382221222,0.3804311752319336,-0.35538187623023987,0.06432570517063141,0.22488418221473694,-0.46655508875846863,0.07278458029031754,0.3475881814956665,-0.5917032361030579,0.046205464750528336,0.4216902554035187,-0.6990779042243958,0.013304884545505047,0.47541677951812744,-0.796886682510376,-0.015027496963739395,0.19989414513111115,-0.46899092197418213,0.009731641039252281,0.34588193893432617,-0.626370370388031,-0.023677196353673935,0.420548677444458,-0.752050518989563,-0.06076464056968689,0.476569801568985,-0.8747228384017944,-0.08798369765281677,0.1912601739168167,-0.43004029989242554,-0.0542910099029541,0.3396957516670227,-0.6011200547218323,-0.08708778768777847,0.4153759777545929,-0.7204281687736511,-0.1142757311463356,0.4670999348163605,-0.8374247550964355,-0.13323156535625458,0.20417730510234833,-0.3573227524757385,-0.11571497470140457,0.3248525857925415,-0.47371694445610046,-0.14033706486225128,0.3873387277126312,-0.5699664354324341,-0.15151259303092957,0.4356521666049957,-0.665073812007904,-0.16050872206687927,0.0,0.0,0.0,-0.1821443736553192,-0.06025436520576477,0.09038496762514114,-0.24818521738052368,-0.17827290296554565,0.12179449200630188,-0.3006284534931183,-0.25815072655677795,0.1288413107395172,-0.3577881455421448,-0.3210117518901825,0.1270064413547516,-0.1648661196231842,-0.46577656269073486,0.10001321882009506,-0.28117629885673523,-0.6205934286117554,0.1023770198225975,-0.3466264009475708,-0.7204750180244446,0.09615925699472427,-0.39132359623908997,-0.8223994374275208,0.08423694968223572,-0.1528363823890686,-0.4837151765823364,0.03278298303484917,-0.3062361478805542,-0.670137882232666,0.022794945165514946,-0.3858756422996521,-0.7847068905830383,0.0013273997465148568,-0.4313414692878723,-0.901971697807312,-0.01978829875588417,-0.16712014377117157,-0.43886977434158325,-0.03250306099653244,-0.3229994475841522,-0.6278163194656372,-0.05865165963768959,-0.4032968282699585,-0.7540057897567749,-0.08959445357322693,-0.44930902123451233,-0.8788692951202393,-0.11482201516628265,-0.2178194373846054,-0.353610634803772,-0.08919471502304077,-0.33901122212409973,-0.4940292239189148,-0.12421511858701706,-0.40810292959213257,-0.5807530879974365,-0.14851072430610657,-0.4581531286239624,-0.6761887669563293,-0.16947384178638458,SLEEP
0.0,0.0,0.0,0.1951279640197754,-0.09085170924663544,0.05886966735124588,0.27280470728874207,-0.23731064796447754,0.07735142856836319,0.31898385286331177,-0.313770055770874,0.07262122631072998,0.3782348036766052,-0.3549402058124542,0.06355799734592438,0.22339800000190735,-0.46494758129119873,0.07152718305587769,0.34887516498565674,-0.5883915424346924,0.0454351082444191,0.42252489924430847,-0.6958785653114319,0.013114914298057556,0.47663888335227966,-0.7936069965362549,-0.015020790509879589,0.19854174554347992,-0.46748900413513184,0.008546278811991215,0.3463776707649231,-0.6255362629890442,-0.024585120379924774,0.42043498158454895,-0.7516316771507263,-0.061534252017736435,0.4767209589481354,-0.8745808005332947,-0.08857442438602448,0.1905602514743805,-0.4272151589393616,-0.05525679141283035,0.3404987156391144,-0.5998479127883911,-0.08805765956640244,0.4153895080089569,-0.7193255424499512,-0.11589369177818298,0.4669264256954193,-0.8363535404205322,-0.1352987140417099,0.20477207005023956,-0.3524704873561859,-0.11635194718837738,0.32508721947669983,-0.4680052697658539,-0.1413295865058899,0.38748782873153687,-0.5633391737937927,-0.1532713770866394,0.43626436591148376,-0.6573867797851562,-0.16281801462173462,0.0,0.0,0.0,-0.18473713099956512,-0.05899669602513313,0.0870419591665268,-0.25364193320274353,-0.1781410574913025,0.11580824851989746,-0.30768802762031555,-0.254810631275177,0.12028273195028305,-0.3671404719352722,-0.31395184993743896,0.11557944118976593,-0.1693822294473648,-0.46551936864852905,0.09435196965932846,-0.28091809153556824,-0.6200539469718933,0.09328076988458633,-0.3444359302520752,-0.7209799289703369,0.08512920141220093,-0.3873855769634247,-0.8224768042564392,0.07201443612575531,-0.155286505818367,-0.481349378824234,0.02629932574927807,-0.30335450172424316,-0.6703940033912659,0.014179526828229427,-0.3804149329662323,-0.785996675491333,-0.00880701094865799,-0.425407737493515,-0.9044703841209412,-0.03100915066897869,-0.16663488745689392,-0.43529438972473145,-0.04015424847602844,-0.32067930698394775,-0.621452271938324,-0.06951688230037689,-0.3987288475036621,-0.7448656558990479,-0.10252068936824799,-0.44466811418533325,-0.8667008876800537,-0.12901319563388824,-0.21378616988658905,-0.3492746353149414,-0.09825664013624191,-0.3356865346431732,-0.4847603142261505,-0.1366138458251953,-0.40410324931144714,-0.5692102909088135,-0.1628178060054779,-0.4546518921852112,-0.663469135761261,-0.1851443648338318,SLEEP
0.0,0.0,0.0,0.19320668280124664,-0.08881102502346039,0.05729980766773224,0.27128884196281433,-0.2325025349855423,0.07574182748794556,0.31788569688796997,-0.30709612369537354,0.07106920331716537,0.3776935636997223,-0.3476012349128723,0.06253614276647568,0.22541777789592743,-0.4665577709674835,0.07627382129430771,0.3498959243297577,-0.5867977142333984,0.051046598702669144,0.42483288049697876,-0.6923010349273682,0.01785990782082081,0.47962257266044617,-0.7888389229774475,-0.011153179220855236,0.20201952755451202,-0.4706062078475952,0.01455454621464014,0.3480689227581024,-0.6275273561477661,-0.01642271690070629,0.4233856201171875,-0.7517099976539612,-0.053603917360305786,0.48011988401412964,-0.8733997941017151,-0.08159509301185608,0.19527369737625122,-0.43221452832221985,-0.04857521131634712,0.34292304515838623,-0.6033742427825928,-0.07988330721855164,0.4184037148952484,-0.7212546467781067,-0.10805806517601013,0.469203919172287,-0.8367429971694946,-0.1282072812318802,0.2104169726371765,-0.3595147728919983,-0.1093597337603569,0.3294658660888672,-0.47280022501945496,-0.13324448466300964,0.3912688195705414,-0.5670090317726135,-0.1452985405921936,0.4383314847946167,-0.6601760983467102,-0.15532982349395752,0.0,0.0,0.0,-0.1793423444032669,-0.07086625695228577,0.0970795750617981,-0.2431623637676239,-0.19126005470752716,0.13298539817333221,-0.29420268535614014,-0.2732591927051544,0.14345292747020721,-0.34825414419174194,-0.3393994867801666,0.1448167860507965,-0.16641315817832947,-0.4680180251598358,0.10711618512868881,-0.2870427966117859,-0.6218371987342834,0.11119014024734497,-0.35232454538345337,-0.7206037044525146,0.10684244334697723,-0.39695677161216736,-0.822854220867157,0.09617011994123459,-0.15480268001556396,-0.484853059053421,0.03741602227091789,-0.3100073039531708,-0.6704264283180237,0.029262084513902664,-0.3887726366519928,-0.7844299077987671,0.00945401843637228,-0.4335286021232605,-0.9010750651359558,-0.010802642442286015,-0.17027829587459564,-0.43918123841285706,-0.030149824917316437,-0.32695096731185913,-0.62721186876297,-0.05483579263091087,-0.4071992039680481,-0.7520211935043335,-0.08495348691940308,-0.4529110789299011,-0.8778215050697327,-0.11022403091192245,-0.22234633564949036,-0.35461634397506714,-0.08863938599824905,-0.34284707903862,-0.49460938572883606,-0.12517030537128448,-0.41191279888153076,-0.5800008773803711,-0.15112462639808655,-0.4615728259086609,-0.674720287322998,-0.17333266139030457,SLEEP
0.0,0.0,0.0,0.1961292326450348,-0.0909901112318039,0.058730125427246094,0.27406585216522217,-0.23816649615764618,0.07650669664144516,0.3198900520801544,-0.31539103388786316,0.0709613487124443,0.37815290689468384,-0.35860714316368103,0.061127714812755585,0.22432246804237366,-0.4653658866882324,0.07071546465158463,0.3492124378681183,-0.589570164680481,0.044949647039175034,0.4229324460029602,-0.6956357955932617,0.013049345463514328,0.47794127464294434,-0.7916883826255798,-0.014945642091333866,0.2002367079257965,-0.46665865182876587,0.007666608318686485,0.3465619683265686,-0.6261848211288452,-0.024918192997574806,0.42056816816329956,-0.7519158124923706,-0.06182641535997391,0.4773804545402527,-0.8741558194160461,-0.08921612054109573,0.19276562333106995,-0.42471498250961304,-0.0561983585357666,0.34079089760780334,-0.5993287563323975,-0.08869455754756927,0.4154534637928009,-0.7193407416343689,-0.11742694675922394,0.4671158492565155,-0.8363251686096191,-0.13798490166664124,0.20799005031585693,-0.34885773062705994,-0.11729757487773895,0.3261149823665619,-0.4622291326522827,-0.14229309558868408,0.38799113035202026,-0.5571513772010803,-0.15514494478702545,0.4363027513027191,-0.6506392955780029,-0.1657980978488922,0.0,0.0,0.0,-0.1834392547607422,-0.056315336376428604,0.0847596749663353,-0.25141310691833496,-0.17386505007743835,0.11215091496706009,-0.301283061504364,-0.25191429257392883,0.11491697281599045,-0.35563424229621887,-0.3163098990917206,0.10932593047618866,-0.17250005900859833,-0.45912936329841614,0.09932619333267212,-0.28514304757118225,-0.6151949763298035,0.09876655042171478,-0.34816479682922363,-0.7193266749382019,0.08940012753009796,-0.3920212388038635,-0.8243010640144348,0.07576014846563339,-0.1598225235939026,-0.47962817549705505,0.03231429308652878,-0.30953365564346313,-0.6648404002189636,0.023744648322463036,-0.38732877373695374,-0.783532440662384,0.0023783070500940084,-0.4318050146102905,-0.9017657041549683,-0.019055796787142754,-0.17449277639389038,-0.4374099373817444,-0.0339631587266922,-0.3311469256877899,-0.6206251978874207,-0.056159667670726776,-0.4126148223876953,-0.7439643740653992,-0.08385390788316727,-0.459638774394989,-0.8639509677886963,-0.10798302292823792,-0.2251155972480774,-0.354549378156662,-0.09320151805877686,-0.34337231516838074,-0.4895332455635071,-0.12389511615037918,-0.41131356358528137,-0.5787372589111328,-0.14521977305412292,-0.46217629313468933,-0.6767159700393677,-0.1646992713212967,SLEEP
0.0,0.0,0.0,0.19453935325145721,-0.09035032987594604,0.058827754110097885,0.27296262979507446,-0.23772603273391724,0.07738464325666428,0.32046520709991455,-0.3150152862071991,0.07228293269872665,0.3809383809566498,-0.35676252841949463,0.06324520707130432,0.22358419001102448,-0.4665297865867615,0.07631876319646835,0.3490438461303711,-0.5866535902023315,0.05129579082131386,0.42457786202430725,-0.6900984048843384,0.018893327564001083,0.480390340089798,-0.7843481302261353,-0.009487430565059185,0.1998286247253418,-0.46993932127952576,0.013230295851826668,0.3466583490371704,-0.6282688975334167,-0.017772551625967026,0.4223977327346802,-0.7525519728660583,-0.05439678952097893,0.4797716438770294,-0.8735596537590027,-0.0819309875369072,0.1923174411058426,-0.43129444122314453,-0.0512632317841053,0.34018102288246155,-0.6049109101295471,-0.08247800171375275,0.41613006591796875,-0.7247104048728943,-0.11081381887197495,0.4677208960056305,-0.8411417603492737,-0.13127852976322174,0.20706115663051605,-0.3598528802394867,-0.11328732967376709,0.3261137306690216,-0.4745335876941681,-0.13699224591255188,0.38881000876426697,-0.5700774192810059,-0.14933200180530548,0.43674710392951965,-0.6639961004257202,-0.15986761450767517,0.0,0.0,0.0,-0.18834541738033295,-0.0640433058142662,0.0719490498304367,-0.255793958902359,-0.18912331759929657,0.09314370900392532,-0.3010512590408325,-0.27075523138046265,0.09256666153669357,-0.353058397769928,-0.3347015082836151,0.08399950712919235,-0.1714242845773697,-0.47196999192237854,0.08321702480316162,-0.2922962009906769,-0.6190581321716309,0.07587160170078278,-0.36061403155326843,-0.7193215489387512,0.062337640672922134,-0.40820786356925964,-0.8232335448265076,0.04664924740791321,-0.1585121750831604,-0.48848408460617065,0.022393010556697845,-0.3138284385204315,-0.6660919785499573,0.007052374538034201,-0.39335620403289795,-0.7793452143669128,-0.016199612990021706,-0.4394758343696594,-0.8974608778953552,-0.03774897754192352,-0.17228610813617706,-0.4445938169956207,-0.03826253116130829,-0.3284189701080322,-0.6264565587043762,-0.06713277101516724,-0.4100845754146576,-0.750124454498291,-0.09575631469488144,-0.45722782611846924,-0.8733859658241272,-0.11817866563796997,-0.22153982520103455,-0.36060595512390137,-0.09268670529127121,-0.3414801359176636,-0.5013744831085205,-0.1264035999774933,-0.40972447395324707,-0.5881512761116028,-0.14675122499465942,-0.4600742757320404,-0.6827073693275452,-0.16421353816986084,SLEEP
0.0,0.0,0.0,0.19368401169776917,-0.09030687808990479,0.061927344650030136,0.2722844183444977,-0.234280526638031,0.08116810023784637,0.31879526376724243,-0.3082329034805298,0.07671375572681427,0.3790610134601593,-0.3482324481010437,0.06827081739902496,0.2247522920370102,-0.4624987840652466,0.07540077716112137,0.35060620307922363,-0.5856955647468567,0.05024344101548195,0.4250275492668152,-0.6901594400405884,0.018381783738732338,0.4809744954109192,-0.7839281558990479,-0.0094229681417346,0.20055519044399261,-0.46449780464172363,0.011244325898587704,0.34783846139907837,-0.6271300315856934,-0.02063000574707985,0.422952800989151,-0.7521435022354126,-0.05739198625087738,0.4807557165622711,-0.8727591633796692,-0.08464864641427994,0.193985715508461,-0.4246158003807068,-0.0535973496735096,0.34243789315223694,-0.6018766164779663,-0.08497574180364609,0.41747722029685974,-0.721269965171814,-0.11278044432401657,0.46888497471809387,-0.8375906944274902,-0.13269314169883728,0.21066200733184814,-0.35250818729400635,-0.11549095809459686,0.3294575810432434,-0.4688902199268341,-0.1394730806350708,0.3915540874004364,-0.5649757385253906,-0.15165925025939941,0.43979716300964355,-0.6600087881088257,-0.16178974509239197,0.0,0.0,0.0,-0.1743798553943634,-0.06633021682500839,0.07503288239240646,-0.24290874600410461,-0.18836867809295654,0.0984032154083252,-0.29263144731521606,-0.26544189453125,0.1000065878033638,-0.34664157032966614,-0.3260818421840668,0.09321567416191101,-0.16788716614246368,-0.4654950201511383,0.08001334220170975,-0.27908453345298767,-0.6227747797966003,0.07305152714252472,-0.3423103094100952,-0.7254323363304138,0.06174305081367493,-0.3864646553993225,-0.8281654715538025,0.047636374831199646,-0.15581220388412476,-0.48298317193984985,0.018264150246977806,-0.3035740852355957,-0.6731904745101929,0.0023862742818892,-0.3784334063529968,-0.7884931564331055,-0.020772982388734818,-0.4234906733036041,-0.9049201011657715,-0.04213346168398857,-0.16912299394607544,-0.4400976598262787,-0.04264108091592789,-0.32455629110336304,-0.6273543834686279,-0.07356132566928864,-0.4034111201763153,-0.7508536577224731,-0.10578662902116776,-0.45077067613601685,-0.870897114276886,-0.1306014209985733,-0.21809637546539307,-0.3561694920063019,-0.09630916267633438,-0.34110891819000244,-0.4916759729385376,-0.1333940625190735,-0.40925002098083496,-0.5775573253631592,-0.15767228603363037,-0.4595262408256531,-0.6727579236030579,-0.17787273228168488,SLEEP
0.0,0.0,0.0,0.19411605596542358,-0.0917983129620552,0.06096959114074707,0.27119967341423035,-0.23717769980430603,0.0795670747756958,0.3162877857685089,-0.3126356601715088,0.07441197335720062,0.3752855658531189,-0.3545442223548889,0.06503863632678986,0.2250009924173355,-0.4632129669189453,0.07377184182405472,0.35264432430267334,-0.5846760272979736,0.04727281257510185,0.42796921730041504,-0.6882566809654236,0.014593414962291718,0.48424232006073,-0.7813395261764526,-0.0135511988773942,0.2002793401479721,-0.4655779004096985,0.009741580113768578,0.34909161925315857,-0.6263217329978943,-0.023410476744174957,0.4237819015979767,-0.7515655755996704,-0.06073806807398796,0.4810599684715271,-0.8722392320632935,-0.08820446580648422,0.19246600568294525,-0.42618900537490845,-0.0551326721906662,0.34236636757850647,-0.602654755115509,-0.08766179531812668,0.4168323576450348,-0.7227329015731812,-0.11603236198425293,0.46766504645347595,-0.8396328091621399,-0.1361173391342163,0.20705650746822357,-0.35408976674079895,-0.11711052060127258,0.32690536975860596,-0.46895936131477356,-0.1418813169002533,0.3885003924369812,-0.5653751492500305,-0.1543901115655899,0.4357171356678009,-0.6610787510871887,-0.16461341083049774,0.0,0.0,0.0,-0.17925788462162018,-0.05551767721772194,0.07829617708921432,-0.24686947464942932,-0.1756797432899475,0.10315828770399094,-0.29960453510284424,-0.25527268648147583,0.10549722611904144,-0.35564640164375305,-0.3183038532733917,0.09939693659543991,-0.16525182127952576,-0.46296921372413635,0.085025854408741,-0.27981847524642944,-0.6194082498550415,0.08175341039896011,-0.3432082533836365,-0.7213472127914429,0.07233469188213348,-0.3878494203090668,-0.8247887492179871,0.058953121304512024,-0.15321913361549377,-0.4808094799518585,0.0216663870960474,-0.30249202251434326,-0.6706337928771973,0.008976785466074944,-0.3801122009754181,-0.7864101529121399,-0.013700400479137897,-0.42774417996406555,-0.9032056927680969,-0.035416778177022934,-0.1672145575284958,-0.4375492334365845,-0.04044710844755173,-0.3223094046115875,-0.6244588494300842,-0.06834132969379425,-0.4019738733768463,-0.7490846514701843,-0.09961641579866409,-0.45008209347724915,-0.8702772259712219,-0.12473630160093307,-0.218800351023674,-0.3535440266132355,-0.09524328261613846,-0.33957451581954956,-0.4902990460395813,-0.12987680733203888,-0.407285213470459,-0.5762335062026978,-0.15328894555568695,-0.45740601420402527,-0.6709463000297546,-0.17353969812393188,SLEEP
0.0,0.0,0.0,0.19813884794712067,-0.09370026737451553,0.06196796894073486,0.2764384150505066,-0.2393936961889267,0.08069899678230286,0.323790580034256,-0.314746618270874,0.0751553326845169,0.3831216096878052,-0.35764920711517334,0.06513113528490067,0.22427812218666077,-0.4649765193462372,0.07458042353391647,0.35138505697250366,-0.5842713713645935,0.048279035836458206,0.4272274076938629,-0.6869815587997437,0.015548060648143291,0.48444586992263794,-0.7801347970962524,-0.012940634973347187,0.19944974780082703,-0.4676726162433624,0.008947947062551975,0.34798890352249146,-0.627203643321991,-0.023451298475265503,0.4243844747543335,-0.7511871457099915,-0.06062882021069527,0.48318061232566833,-0.8710440397262573,-0.0884244441986084,0.19089992344379425,-0.4280990958213806,-0.057694774121046066,0.34024930000305176,-0.6030725240707397,-0.08989664167165756,0.41660237312316895,-0.7231649160385132,-0.11873210221529007,0.4691914916038513,-0.8392373919487,-0.13951356709003448,0.20524758100509644,-0.35570383071899414,-0.12146985530853271,0.3253609538078308,-0.4730324447154999,-0.14642265439033508,0.3889876902103424,-0.5699228048324585,-0.15961556136608124,0.4378735423088074,-0.6648856401443481,-0.1706903725862503,0.0,0.0,0.0,-0.18462823331356049,-0.060071006417274475,0.0833236575126648,-0.2511886656284332,-0.17945310473442078,0.10919807851314545,-0.30443474650382996,-0.25568726658821106,0.111770860850811,-0.3620036542415619,-0.31502264738082886,0.10545718669891357,-0.16470202803611755,-0.46833306550979614,0.08800581097602844,-0.28202006220817566,-0.6221514940261841,0.08659864217042923,-0.34722381830215454,-0.7224551439285278,0.0789639949798584,-0.39081722497940063,-0.8236566781997681,0.06667780131101608,-0.1531991809606552,-0.4836602509021759,0.022445861250162125,-0.30549678206443787,-0.6697259545326233,0.010798204690217972,-0.3833602964878082,-0.7849385738372803,-0.0108289560303092,-0.42851734161376953,-0.9029723405838013,-0.03184031695127487,-0.1665624976158142,-0.4370635151863098,-0.04129758104681969,-0.32269060611724854,-0.6247564554214478,-0.0693073719739914,-0.4019562900066376,-0.7496299147605896,-0.10014385730028152,-0.4485597014427185,-0.8735780119895935,-0.125026136636734,-0.2155607044696808,-0.3502807915210724,-0.09698318690061569,-0.33873504400253296,-0.48767533898353577,-0.13322889804840088,-0.4075402319431305,-0.5728976726531982,-0.15683940052986145,-0.45819371938705444,-0.6674082279205322,-0.17695799469947815,SLEEP
0.0,0.0,0.0,0.19796866178512573,-0.09462045878171921,0.06932032853364944,0.27660587430000305,-0.2379414439201355,0.09101448953151703,0.32437384128570557,-0.3103123605251312,0.08758935332298279,0.38392624258995056,-0.35289469361305237,0.0790419802069664,0.22814880311489105,-0.4632985293865204,0.07852170616388321,0.3553371727466583,-0.5824218392372131,0.055383697152137756,0.4309159517288208,-0.6834802031517029,0.02534685656428337,0.488732248544693,-0.7749707698822021,-0.0015581807820126414,0.20289666950702667,-0.4646812379360199,0.010130168870091438,0.3507407307624817,-0.6254385709762573,-0.020704234018921852,0.4266127943992615,-0.7500033974647522,-0.05664639174938202,0.4851527214050293,-0.8704304695129395,-0.08353220671415329,0.1937965452671051,-0.42201927304267883,-0.058256834745407104,0.3431289792060852,-0.600049614906311,-0.0891977995634079,0.4191526472568512,-0.7199840545654297,-0.11735324561595917,0.4720616042613983,-0.8378063440322876,-0.13775984942913055,0.20825448632240295,-0.3458092510700226,-0.12283311039209366,0.32780614495277405,-0.4662047326564789,-0.14744821190834045,0.3912329375743866,-0.562391459941864,-0.1602327972650528,0.44121962785720825,-0.6574996709823608,-0.17093335092067719,0.0,0.0,0.0,-0.1852293312549591,-0.056533344089984894,0.08145972341299057,-0.2510650157928467,-0.1786135882139206,0.10796857625246048,-0.2989249527454376,-0.2575001120567322,0.11191968619823456,-0.3494925796985626,-0.3208773732185364,0.10721757262945175,-0.1698342263698578,-0.46739843487739563,0.08688424527645111,-0.28413325548171997,-0.622498095035553,0.08503422141075134,-0.3476012349128723,-0.7242634892463684,0.07687170803546906,-0.3907071650028229,-0.8262186050415039,0.0643330067396164,-0.15738999843597412,-0.4832536280155182,0.023130131885409355,-0.30672523379325867,-0.6695266962051392,0.011062446981668472,-0.3833288848400116,-0.784660816192627,-0.011194380931556225,-0.4289242625236511,-0.9027570486068726,-0.03246153146028519,-0.1700398474931717,-0.43782007694244385,-0.0389363132417202,-0.325044721364975,-0.6249479651451111,-0.06731519848108292,-0.4036427438259125,-0.7491680979728699,-0.09873858839273453,-0.45040470361709595,-0.8727744221687317,-0.12366019934415817,-0.219405397772789,-0.35161519050598145,-0.09311721473932266,-0.3423760235309601,-0.4883553087711334,-0.12899136543273926,-0.41060298681259155,-0.5741971135139465,-0.15283073484897614,-0.4604276418685913,-0.6692020893096924,-0.17306040227413177,SLEEP
0.0,0.0,0.0,0.20155580341815948,-0.09738850593566895,0.06729087978601456,0.28150755167007446,-0.2429909110069275,0.08828014135360718,0.3310467302799225,-0.3199341595172882,0.08439719676971436,0.390643447637558,-0.3629849851131439,0.07624593377113342,0.22723613679409027,-0.46557947993278503,0.07927609980106354,0.3543208837509155,-0.5899773836135864,0.0559745654463768,0.42770516872406006,-0.6949499845504761,0.02597082033753395,0.4825926423072815,-0.7897113561630249,-0.0008087714668363333,0.20371046662330627,-0.4659801721572876,0.012796374969184399,0.35464778542518616,-0.6273385882377625,-0.018514763563871384,0.42871707677841187,-0.7514423131942749,-0.0535319522023201,0.48551708459854126,-0.8706153035163879,-0.07938569784164429,0.19641216099262238,-0.42426690459251404,-0.054005756974220276,0.3489309549331665,-0.5995738506317139,-0.0842496007680893,0.4235142171382904,-0.7177655696868896,-0.1099512055516243,0.4747598469257355,-0.8330742120742798,-0.12864284217357635,0.2115926742553711,-0.3495320677757263,-0.11746831983327866,0.33163902163505554,-0.4662530720233917,-0.14029079675674438,0.3932859003543854,-0.5622400641441345,-0.1511404812335968,0.4413894712924957,-0.6576948761940002,-0.16050544381141663,0.0,0.0,0.0,-0.18405240774154663,-0.05703635513782501,0.08653344213962555,-0.24992521107196808,-0.17537689208984375,0.11552860587835312,-0.3005228340625763,-0.251324325799942,0.12052866816520691,-0.3556695878505707,-0.3137228190898895,0.11684682220220566,-0.16826358437538147,-0.4663361608982086,0.09559985250234604,-0.2809605598449707,-0.6220870614051819,0.09546323865652084,-0.34438440203666687,-0.7229943871498108,0.08750543743371964,-0.38760221004486084,-0.8248243927955627,0.0748966708779335,-0.15549030900001526,-0.48344215750694275,0.02919623628258705,-0.3054734468460083,-0.6709209680557251,0.01814623922109604,-0.3837093114852905,-0.7863991856575012,-0.004303904250264168,-0.42961224913597107,-0.9026423096656799,-0.025890091434121132,-0.1685360074043274,-0.43937456607818604,-0.03552890941500664,-0.32530853152275085,-0.626255989074707,-0.061892975121736526,-0.4053291380405426,-0.7498875260353088,-0.0924818366765976,-0.45245495438575745,-0.8720587491989136,-0.11731479316949844,-0.21834591031074524,-0.35473158955574036,-0.09217323362827301,-0.34235092997550964,-0.4894595742225647,-0.12564800679683685,-0.4107215404510498,-0.5739652514457703,-0.14818865060806274,-0.4601448178291321,-0.6685420870780945,-0.16793771088123322,SLEEP
0.0,0.0,0.0,0.2024448662996292,-0.10061343014240265,0.07488139718770981,0.2821149528026581,-0.24902524054050446,0.09955450147390366,0.33348435163497925,-0.3251981735229492,0.09792037308216095,0.39582371711730957,-0.36615943908691406,0.09173259139060974,0.2277369350194931,-0.46844738721847534,0.08766579627990723,0.3534819483757019,-0.5915944576263428,0.0666721761226654,0.427170991897583,-0.6956427097320557,0.03805980086326599,0.48201680183410645,-0.789831280708313,0.01187259890139103,0.20492582023143768,-0.4683952033519745,0.017568720504641533,0.3546381890773773,-0.627578854560852,-0.011805170215666294,0.42817530035972595,-0.7518277168273926,-0.04571523144841194,0.48398664593696594,-0.8721713423728943,-0.07123266905546188,0.19797931611537933,-0.4270095229148865,-0.05259602144360542,0.3485517203807831,-0.6023992896080017,-0.08082393556833267,0.4221975803375244,-0.7222641706466675,-0.10565412789583206,0.4734247922897339,-0.8404462337493896,-0.12432287633419037,0.21404269337654114,-0.3540358245372772,-0.11896882206201553,0.33323177695274353,-0.4749312698841095,-0.14147716760635376,0.3945970833301544,-0.5735903978347778,-0.1528233289718628,0.4430989921092987,-0.6716161966323853,-0.162796750664711,0.0,0.0,0.0,-0.18427151441574097,-0.05893348157405853,0.08183672279119492,-0.2511875033378601,-0.1795492023229599,0.1096707358956337,-0.30135658383369446,-0.2546330690383911,0.11518964916467667,-0.35408273339271545,-0.31558555364608765,0.11207203567028046,-0.16704317927360535,-0.4704233705997467,0.08754152804613113,-0.28015077114105225,-0.6259274482727051,0.08567120879888535,-0.34403055906295776,-0.727537989616394,0.07728260010480881,-0.3875858783721924,-0.8290876746177673,0.0645458772778511,-0.1549878567457199,-0.48497116565704346,0.02409983053803444,-0.3050689101219177,-0.6712244749069214,0.011238892562687397,-0.38314253091812134,-0.7858808040618896,-0.011916449293494225,-0.42970648407936096,-0.9023364186286926,-0.03378208726644516,-0.1685613989830017,-0.4382585883140564,-0.03764135017991066,-0.32355377078056335,-0.6250852346420288,-0.06705727428197861,-0.4025996923446655,-0.7497871518135071,-0.09992336481809616,-0.4495488107204437,-0.873494565486908,-0.12555824220180511,-0.21896788477897644,-0.3514708876609802,-0.09126021713018417,-0.3424777388572693,-0.48813652992248535,-0.12868615984916687,-0.4100453853607178,-0.57314133644104,-0.15371261537075043,-0.45892593264579773,-0.6680324673652649,-0.174518421292305,SLEEP
0.0,0.0,0.0,0.20079898834228516,-0.09736378490924835,0.07090269774198532,0.2797713279724121,-0.24448056519031525,0.0942450761795044,0.3281189203262329,-0.3222757577896118,0.09222207963466644,0.3888518810272217,-0.36609625816345215,0.08566668629646301,0.2276691496372223,-0.4659883975982666,0.08266495168209076,0.3509245216846466,-0.5925458073616028,0.059713948518037796,0.4239793121814728,-0.6996718049049377,0.029962515458464622,0.4780230224132538,-0.7967261672019958,0.0033291804138571024,0.204703688621521,-0.46593788266181946,0.014452326111495495,0.35256925225257874,-0.6260917782783508,-0.016823217272758484,0.4265286326408386,-0.7513535022735596,-0.051734551787376404,0.48276084661483765,-0.8723047971725464,-0.07762914896011353,0.1974596083164215,-0.42455369234085083,-0.053944241255521774,0.347117155790329,-0.5988370180130005,-0.08430824428796768,0.42161065340042114,-0.7195291519165039,-0.11014600098133087,0.4733560085296631,-0.8379064798355103,-0.12897293269634247,0.2127569317817688,-0.35096994042396545,-0.11874263733625412,0.33245110511779785,-0.4703660011291504,-0.14269299805164337,0.3943299949169159,-0.5684732794761658,-0.15433596074581146,0.44302424788475037,-0.6658560633659363,-0.16417942941188812,0.0,0.0,0.0,-0.18190129101276398,-0.057548075914382935,0.07884304970502853,-0.24757325649261475,-0.17714783549308777,0.10433638095855713,-0.2972453534603119,-0.2523002326488495,0.10830020159482956,-0.351308673620224,-0.31128835678100586,0.10380294173955917,-0.16781021654605865,-0.46445971727371216,0.08081583678722382,-0.28029826283454895,-0.6215728521347046,0.07709577679634094,-0.34381771087646484,-0.724496066570282,0.06830038875341415,-0.3876408040523529,-0.8267726302146912,0.055490151047706604,-0.15533576905727386,-0.48047390580177307,0.019007952883839607,-0.30368730425834656,-0.6702927350997925,0.005106530152261257,-0.3804241120815277,-0.7857229709625244,-0.01800161600112915,-0.42675238847732544,-0.9034844040870667,-0.039979368448257446,-0.1686570793390274,-0.435278058052063,-0.040901217609643936,-0.32222533226013184,-0.6230428218841553,-0.0707462728023529,-0.4003455340862274,-0.7464475035667419,-0.10365469008684158,-0.44685453176498413,-0.8679631948471069,-0.12939509749412537,-0.2198258638381958,-0.3497813045978546,-0.0928153321146965,-0.3421260416507721,-0.4854804277420044,-0.12994948029518127,-0.4095393121242523,-0.5700783729553223,-0.15528476238250732,-0.45826584100723267,-0.664179801940918,-0.1765502244234085,SLEEP
0.0,0.0,0.0,0.20103153586387634,-0.09771421551704407,0.0728016048669815,0.2796157896518707,-0.24374234676361084,0.09744652360677719,0.32857850193977356,-0.3206116557121277,0.09641068428754807,0.3890039920806885,-0.3632861077785492,0.09069738537073135,0.22601599991321564,-0.4665980339050293,0.08493378013372421,0.349936306476593,-0.5915067195892334,0.06331390887498856,0.4234771728515625,-0.6973735094070435,0.03482765704393387,0.47762200236320496,-0.7929880619049072,0.008993218652904034,0.20281165838241577,-0.4673389792442322,0.01592908427119255,0.3509127199649811,-0.62850421667099,-0.014331209473311901,0.4254101812839508,-0.7536607384681702,-0.04851048067212105,0.48154765367507935,-0.8732962012290955,-0.07393012940883636,0.19497253000736237,-0.42575499415397644,-0.05317811667919159,0.34521400928497314,-0.6009523272514343,-0.08358104526996613,0.420602947473526,-0.7211965322494507,-0.10957646369934082,0.4729873239994049,-0.8383266925811768,-0.12840723991394043,0.209641695022583,-0.3508957028388977,-0.11836740374565125,0.33091461658477783,-0.4703037738800049,-0.14253267645835876,0.3938317894935608,-0.5670027732849121,-0.15419910848140717,0.4434932768344879,-0.6627851724624634,-0.16408945620059967,0.0,0.0,0.0,-0.1856754720211029,-0.05137497931718826,0.06828294694423676,-0.25185030698776245,-0.17304977774620056,0.0890236347913742,-0.29705601930618286,-0.2519838809967041,0.08907841891050339,-0.34636348485946655,-0.3163484036922455,0.08113528788089752,-0.1702466905117035,-0.4672893285751343,0.07729989290237427,-0.28172942996025085,-0.6207934021949768,0.07118401676416397,-0.34527456760406494,-0.7221983671188354,0.05898298695683479,-0.38986486196517944,-0.8247219324111938,0.043495044112205505,-0.1569879949092865,-0.4845658242702484,0.018345607444643974,-0.30382871627807617,-0.6687159538269043,0.002148944651708007,-0.38124677538871765,-0.7831342220306396,-0.02446974813938141,-0.4298989772796631,-0.9015471935272217,-0.04898460954427719,-0.16919206082820892,-0.4403817057609558,-0.04000689834356308,-0.32170990109443665,-0.6234161853790283,-0.07155492901802063,-0.4001035988330841,-0.7468209862709045,-0.10588777810335159,-0.4475354254245758,-0.8683421611785889,-0.13248708844184875,-0.21979844570159912,-0.35470208525657654,-0.0917341411113739,-0.34209322929382324,-0.4868524968624115,-0.12816396355628967,-0.4087747633457184,-0.5715141296386719,-0.15285468101501465,-0.45695388317108154,-0.6662801504135132,-0.173899307847023,SLEEP
0.0,0.0,0.0,0.20007476210594177,-0.09819744527339935,0.07245142757892609,0.27960240840911865,-0.24300725758075714,0.0956321433186531,0.3296816349029541,-0.3197193145751953,0.0930870845913887,0.39091405272483826,-0.3614538609981537,0.08492443710565567,0.2250829041004181,-0.46427491307258606,0.07840219885110855,0.3506006598472595,-0.5895552635192871,0.05499648675322533,0.4252643585205078,-0.6942344903945923,0.026164671406149864,0.48120251297950745,-0.7890821099281311,9.266338020097464e-05,0.20162005722522736,-0.4632921814918518,0.008101826533675194,0.35001271963119507,-0.6252402067184448,-0.024229900911450386,0.42562225461006165,-0.7506060004234314,-0.05976056307554245,0.4833064377307892,-0.871208131313324,-0.08608933538198471,0.19330991804599762,-0.41864773631095886,-0.061894796788692474,0.34222739934921265,-0.5965198278427124,-0.09482419490814209,0.4178049564361572,-0.7177225947380066,-0.12304338067770004,0.47050338983535767,-0.835677444934845,-0.14333026111125946,0.20747312903404236,-0.3403451442718506,-0.12765714526176453,0.326484352350235,-0.4619371294975281,-0.15428461134433746,0.38932815194129944,-0.5586852431297302,-0.1677011251449585,0.4388428330421448,-0.6532926559448242,-0.17885862290859222,0.0,0.0,0.0,-0.18601244688034058,-0.05482465401291847,0.0866619199514389,-0.2535322904586792,-0.17461837828159332,0.11762989312410355,-0.30395206809043884,-0.25243842601776123,0.12504816055297852,-0.35709989070892334,-0.3156355321407318,0.12379541248083115,-0.17135602235794067,-0.46378248929977417,0.09727165848016739,-0.282353937625885,-0.6210892200469971,0.09900733828544617,-0.3451644778251648,-0.7225078344345093,0.09221767634153366,-0.38857144117355347,-0.8247029781341553,0.08002592623233795,-0.15975455939769745,-0.4818868339061737,0.03191166743636131,-0.3084772229194641,-0.6697553992271423,0.022328855469822884,-0.3858271837234497,-0.7850844264030457,0.0003702337562572211,-0.43177884817123413,-0.9017328023910522,-0.021092815324664116,-0.1731211096048355,-0.4379013478755951,-0.03183189034461975,-0.32814666628837585,-0.6242381930351257,-0.05770252272486687,-0.40694013237953186,-0.7480628490447998,-0.08977563679218292,-0.45392492413520813,-0.869888961315155,-0.11589113622903824,-0.22218985855579376,-0.35343971848487854,-0.08737998455762863,-0.3439648747444153,-0.48887425661087036,-0.12243568152189255,-0.41224873065948486,-0.5738893747329712,-0.14769861102104187,-0.46293991804122925,-0.6678137183189392,-0.16947729885578156,SLEEP
0.0,0.0,0.0,0.20087255537509918,-0.09981793165206909,0.06694245338439941,0.27986055612564087,-0.24716924130916595,0.08900963515043259,0.3295597732067108,-0.32690927386283875,0.08595414459705353,0.3910020589828491,-0.37220147252082825,0.07818139344453812,0.22774498164653778,-0.467599481344223,0.08278203010559082,0.34928184747695923,-0.5922597050666809,0.05967918410897255,0.4231151044368744,-0.6986187696456909,0.029339365661144257,0.47672051191329956,-0.7969019412994385,0.0023733414709568024,0.20502790808677673,-0.4680744409561157,0.016207300126552582,0.3511962294578552,-0.6249848008155823,-0.014467015862464905,0.4246140718460083,-0.7507649660110474,-0.04952580854296684,0.47965008020401,-0.8741750121116638,-0.07585368305444717,0.19648101925849915,-0.4272056519985199,-0.05128059908747673,0.3451942503452301,-0.5982967615127563,-0.0818314477801323,0.41990339756011963,-0.7187222838401794,-0.10804270952939987,0.4714501202106476,-0.8361503481864929,-0.12684600055217743,0.20884720981121063,-0.3537801504135132,-0.11565117537975311,0.32927462458610535,-0.4737228453159332,-0.13893182575702667,0.3925946056842804,-0.5714589953422546,-0.1501585692167282,0.44232651591300964,-0.6673339009284973,-0.15973956882953644,0.0,0.0,0.0,-0.18505115807056427,-0.06223629415035248,0.07971134036779404,-0.25382208824157715,-0.18331937491893768,0.10766906291246414,-0.3036472797393799,-0.26060912013053894,0.11366796493530273,-0.3553387224674225,-0.3224320709705353,0.11129694432020187,-0.16806848347187042,-0.4723266661167145,0.08882727473974228,-0.28565725684165955,-0.6268653273582458,0.08687601238489151,-0.3518402874469757,-0.7283679246902466,0.07803012430667877,-0.39876726269721985,-0.8304575681686401,0.0649968758225441,-0.15721768140792847,-0.4868582487106323,0.027451517060399055,-0.30925947427749634,-0.6695886254310608,0.014373858459293842,-0.38731327652931213,-0.7827602028846741,-0.009098727256059647,-0.4348504841327667,-0.8999608755111694,-0.03123282827436924,-0.17189212143421173,-0.4413496255874634,-0.03263971582055092,-0.3249090909957886,-0.6246926188468933,-0.062012020498514175,-0.40401914715766907,-0.7508936524391174,-0.09594441205263138,-0.45179060101509094,-0.8758105635643005,-0.12229818850755692,-0.22236473858356476,-0.3569203019142151,-0.0848371684551239,-0.34306415915489197,-0.4948803782463074,-0.12151623517274857,-0.41146865487098694,-0.5790570378303528,-0.1470804512500763,-0.46225419640541077,-0.6725001931190491,-0.1685332953929901,SLEEP
0.0,0.0,0.0,0.19845932722091675,-0.10099459439516068,0.07316049933433533,0.27823564410209656,-0.2475997656583786,0.09760883450508118,0.3294391632080078,-0.32288119196891785,0.09631870687007904,0.3915625810623169,-0.3668135106563568,0.08982495218515396,0.22240492701530457,-0.46557945013046265,0.08223528414964676,0.34874600172042847,-0.5914974212646484,0.05878289043903351,0.42524436116218567,-0.6954535245895386,0.029023461043834686,0.4837169647216797,-0.7887696027755737,0.0026538672391325235,0.19922220706939697,-0.4649837613105774,0.01258302852511406,0.34864962100982666,-0.6265436410903931,-0.019654210656881332,0.4260346591472626,-0.7506592273712158,-0.05601036921143532,0.4857988655567169,-0.8701773881912231,-0.0824059545993805,0.19285263121128082,-0.4202616512775421,-0.05678422003984451,0.3434470295906067,-0.5992365479469299,-0.08908502012491226,0.4203319847583771,-0.7193000912666321,-0.11722979694604874,0.4746430814266205,-0.8368711471557617,-0.13679489493370056,0.20961806178092957,-0.34221675992012024,-0.12195312976837158,0.33021456003189087,-0.4644649922847748,-0.14764708280563354,0.3933732807636261,-0.561639130115509,-0.16029585897922516,0.4436628222465515,-0.6566442251205444,-0.1702820360660553,0.0,0.0,0.0,-0.18375307321548462,-0.05874253809452057,0.0757424607872963,-0.250806599855423,-0.1772409826517105,0.09836777299642563,-0.3008427023887634,-0.2522416412830353,0.0994180217385292,-0.3564700484275818,-0.3104763925075531,0.09168434888124466,-0.16288065910339355,-0.46636468172073364,0.0782913938164711,-0.2776857614517212,-0.6207811236381531,0.07336622476577759,-0.34451794624328613,-0.7222246527671814,0.06273476034402847,-0.39018169045448303,-0.824929416179657,0.048834335058927536,-0.1508883833885193,-0.4821454584598541,0.017278295010328293,-0.30061525106430054,-0.668687105178833,0.0021095743868499994,-0.3793869912624359,-0.7841527462005615,-0.022633418440818787,-0.42569199204444885,-0.9037226438522339,-0.04551581293344498,-0.16392536461353302,-0.4364086985588074,-0.041915446519851685,-0.31668350100517273,-0.6231746077537537,-0.07290659844875336,-0.39728009700775146,-0.748275101184845,-0.1068480834364891,-0.4447571039199829,-0.8701426982879639,-0.13281570374965668,-0.21390186250209808,-0.3498556315898895,-0.0933375358581543,-0.3352455496788025,-0.48881596326828003,-0.12897171080112457,-0.4037831127643585,-0.5732184648513794,-0.15229827165603638,-0.45433467626571655,-0.6662379503250122,-0.17206665873527527,SLEEP
0.0,0.0,0.0,0.19782491028308868,-0.09483671933412552,0.07227558642625809,0.275190532207489,-0.23567181825637817,0.09558464586734772,0.3221662938594818,-0.30730804800987244,0.09355520457029343,0.3827393352985382,-0.3424110412597656,0.08643289655447006,0.22742101550102234,-0.46148911118507385,0.08091121166944504,0.35702866315841675,-0.5778613090515137,0.057984307408332825,0.43345221877098083,-0.6764824390411377,0.02908160723745823,0.49182361364364624,-0.7643833160400391,0.003072584979236126,0.20258763432502747,-0.463031530380249,0.011589723639190197,0.35183054208755493,-0.626660943031311,-0.020578138530254364,0.42766204476356506,-0.7510769963264465,-0.05605790391564369,0.4861496388912201,-0.8700053095817566,-0.08215467631816864,0.1940145641565323,-0.42167824506759644,-0.05751122534275055,0.3433668315410614,-0.6045576930046082,-0.09087715297937393,0.4187050759792328,-0.724389910697937,-0.11933227628469467,0.47108393907546997,-0.8415842056274414,-0.13939067721366882,0.208804190158844,-0.3468948304653168,-0.12225785851478577,0.3279542922973633,-0.4679076373577118,-0.14943884313106537,0.39037537574768066,-0.5636402368545532,-0.16337370872497559,0.4391193985939026,-0.6582770943641663,-0.17464622855186462,0.0,0.0,0.0,-0.1829487830400467,-0.05276811122894287,0.06549454480409622,-0.25284889340400696,-0.17803505063056946,0.08608220517635345,-0.3001578748226166,-0.25715863704681396,0.08761390298604965,-0.347878634929657,-0.3199926018714905,0.08131659775972366,-0.16322681307792664,-0.4707707166671753,0.06977414339780807,-0.2779402732849121,-0.6265587210655212,0.06378351897001266,-0.3426796495914459,-0.7289590239524841,0.0523236058652401,-0.3887244164943695,-0.8307998180389404,0.03789972513914108,-0.15173132717609406,-0.4838526248931885,0.014589747413992882,-0.30002760887145996,-0.6729255318641663,-0.0013176598586142063,-0.37859469652175903,-0.7852733135223389,-0.026388606056571007,-0.42868658900260925,-0.9021156430244446,-0.04914479702711105,-0.16508381068706512,-0.43856438994407654,-0.03940138593316078,-0.31886163353919983,-0.6252539157867432,-0.0703076496720314,-0.39923450350761414,-0.7480457425117493,-0.10404528677463531,-0.44859883189201355,-0.8685429096221924,-0.12947271764278412,-0.21546714007854462,-0.35230952501296997,-0.08668801188468933,-0.3386852741241455,-0.4904707968235016,-0.12052452564239502,-0.40632715821266174,-0.5740673542022705,-0.1429390162229538,-0.45556560158729553,-0.6660968661308289,-0.16199420392513275,SLEEP
0.0,0.0,0.0,0.20020538568496704,-0.09956422448158264,0.07229243218898773,0.27921444177627563,-0.24767039716243744,0.09591304510831833,0.33015063405036926,-0.3269934356212616,0.09380505979061127,0.39039090275764465,-0.3739485740661621,0.08701049536466599,0.2227381467819214,-0.4691089391708374,0.08367025852203369,0.3477718234062195,-0.5918206572532654,0.062079913914203644,0.42368337512016296,-0.6944513916969299,0.03334788233041763,0.4795849025249481,-0.7878539562225342,0.007527331821620464,0.19936124980449677,-0.4692351520061493,0.014888955280184746,0.348852276802063,-0.6283043622970581,-0.014578302390873432,0.4245828688144684,-0.7531312108039856,-0.048438068479299545,0.48076337575912476,-0.8737253546714783,-0.07396342605352402,0.19198796153068542,-0.42715033888816833,-0.05401746928691864,0.34328749775886536,-0.600270688533783,-0.08267372846603394,0.41976863145828247,-0.720410943031311,-0.10847321897745132,0.47212645411491394,-0.8366303443908691,-0.12758788466453552,0.20785917341709137,-0.35198718309402466,-0.11920246481895447,0.3297632038593292,-0.4718264043331146,-0.14118459820747375,0.39361700415611267,-0.5690650939941406,-0.15240725874900818,0.44352152943611145,-0.6640039682388306,-0.1623467057943344,0.0,0.0,0.0,-0.18196696043014526,-0.06060114875435829,0.07538226246833801,-0.2491263896226883,-0.18134565651416779,0.10076244920492172,-0.2988015413284302,-0.25854992866516113,0.1051219254732132,-0.3496648967266083,-0.32168814539909363,0.1011136993765831,-0.1612660139799118,-0.46978873014450073,0.08106135576963425,-0.2763745188713074,-0.6255342960357666,0.0776008665561676,-0.34019285440444946,-0.7273289561271667,0.06787022203207016,-0.38515546917915344,-0.8297339081764221,0.05442407727241516,-0.14993470907211304,-0.4834122061729431,0.02132757566869259,-0.2982468903064728,-0.67223060131073,0.006677796132862568,-0.3757239282131195,-0.7857648134231567,-0.017759235575795174,-0.4241464138031006,-0.9047092199325562,-0.04001336172223091,-0.16411566734313965,-0.4377920627593994,-0.03683102875947952,-0.3168398141860962,-0.6246188282966614,-0.06762702018022537,-0.3961260914802551,-0.7496320009231567,-0.10173799097537994,-0.4443366825580597,-0.8728910088539124,-0.12734897434711456,-0.21553662419319153,-0.3520461618900299,-0.08730287104845047,-0.33696573972702026,-0.4921000599861145,-0.1233491450548172,-0.4040578603744507,-0.5763001441955566,-0.14733068645000458,-0.45243173837661743,-0.6688622832298279,-0.16718414425849915,SLEEP
0.0,0.0,0.0,0.1987578272819519,-0.09386845678091049,0.06840650737285614,0.2770013213157654,-0.23295332491397858,0.08938444405794144,0.3245847225189209,-0.3045178949832916,0.08541197329759598,0.38138172030448914,-0.34944087266921997,0.07666237652301788,0.224015474319458,-0.4607192873954773,0.07856027781963348,0.35359305143356323,-0.5800952911376953,0.054413702338933945,0.4302555322647095,-0.6826964616775513,0.023798923939466476,0.4878615140914917,-0.7749939560890198,-0.0032160705886781216,0.19981862604618073,-0.4629051685333252,0.010871403850615025,0.3493190407752991,-0.624967634677887,-0.021340329200029373,0.4250659942626953,-0.7505519986152649,-0.05764695256948471,0.48284006118774414,-0.871611475944519,-0.08461011946201324,0.192295104265213,-0.4229293465614319,-0.056916192173957825,0.34271135926246643,-0.6015960574150085,-0.08892939239740372,0.4183281362056732,-0.721907913684845,-0.11669979989528656,0.47059711813926697,-0.8386309146881104,-0.13664674758911133,0.20808397233486176,-0.34936028718948364,-0.12099874764680862,0.32734355330467224,-0.4681077301502228,-0.14529764652252197,0.39033499360084534,-0.5640349388122559,-0.15716010332107544,0.44018304347991943,-0.6585317850112915,-0.16723428666591644,0.0,0.0,0.0,-0.17803090810775757,-0.050453051924705505,0.06286220252513885,-0.24656261503696442,-0.17594614624977112,0.08278480172157288,-0.29152214527130127,-0.2615688145160675,0.08332564681768417,-0.33676180243492126,-0.33090904355049133,0.0762694925069809,-0.16263705492019653,-0.4711796045303345,0.07248838990926743,-0.27696460485458374,-0.6255419254302979,0.06662533432245255,-0.3411991000175476,-0.7256746888160706,0.05456509441137314,-0.3859997093677521,-0.8275868892669678,0.03951049596071243,-0.15209580957889557,-0.4876954257488251,0.01713278889656067,-0.29948341846466064,-0.6750198602676392,0.0014487230218946934,-0.3773204982280731,-0.7879236936569214,-0.02397169917821884,-0.425478458404541,-0.9037523865699768,-0.04689984396100044,-0.16674314439296722,-0.4431302845478058,-0.03784572705626488,-0.3192952573299408,-0.628207266330719,-0.06850974261760712,-0.3996064364910126,-0.7528554797172546,-0.10248550027608871,-0.4480796754360199,-0.874646782875061,-0.12825314700603485,-0.21805831789970398,-0.35624825954437256,-0.0866779088973999,-0.33846771717071533,-0.4939069151878357,-0.12035539001226425,-0.4054366648197174,-0.5791742205619812,-0.14290271699428558,-0.4540598392486572,-0.6723045706748962,-0.16209040582180023,SLEEP
0.0,0.0,0.0,0.19686007499694824,-0.09031755477190018,0.06097995117306709,0.27563247084617615,-0.23081354796886444,0.07987245172262192,0.321527898311615,-0.3070518672466278,0.07522062212228775,0.37648627161979675,-0.35710668563842773,0.06655954569578171,0.22174255549907684,-0.461048424243927,0.07339713722467422,0.344719797372818,-0.5889400839805603,0.04857134446501732,0.4194224774837494,-0.6973853707313538,0.017896223813295364,0.4737110137939453,-0.7953861355781555,-0.008546258322894573,0.19969207048416138,-0.46267685294151306,0.010244335979223251,0.34645548462867737,-0.6261433959007263,-0.021125653758645058,0.4214407801628113,-0.7531054019927979,-0.05572447180747986,0.4771166145801544,-0.8750671744346619,-0.08134619891643524,0.19442111253738403,-0.42352741956710815,-0.05379039794206619,0.34432247281074524,-0.597693145275116,-0.08387786895036697,0.4206181764602661,-0.7200590372085571,-0.1107754111289978,0.47322821617126465,-0.8361978530883789,-0.13007718324661255,0.21229368448257446,-0.3515007793903351,-0.11508119106292725,0.33221039175987244,-0.46926984190940857,-0.13710540533065796,0.39601773023605347,-0.5648609399795532,-0.1482565850019455,0.44632473587989807,-0.6575058698654175,-0.15783046185970306,0.0,0.0,0.0,-0.1813606470823288,-0.04725812003016472,0.07730869948863983,-0.2524178922176361,-0.1711585819721222,0.10240648686885834,-0.30386239290237427,-0.2541954219341278,0.10412416607141495,-0.3571508824825287,-0.3203684985637665,0.097742959856987,-0.16686029732227325,-0.46232232451438904,0.09486950933933258,-0.2815072238445282,-0.6173493266105652,0.09616943448781967,-0.34389108419418335,-0.717890202999115,0.08684747666120529,-0.38790833950042725,-0.8215777277946472,0.07245925813913345,-0.15707044303417206,-0.48363563418388367,0.030954264104366302,-0.30682462453842163,-0.6710525155067444,0.024434402585029602,-0.3853713572025299,-0.7863714694976807,0.001505521940998733,-0.43230488896369934,-0.9014641642570496,-0.021789425984025,-0.1735401600599289,-0.44255369901657104,-0.03243338689208031,-0.33046895265579224,-0.6240733861923218,-0.053358811885118484,-0.4114837348461151,-0.7469390034675598,-0.08332940936088562,-0.45981061458587646,-0.8660374879837036,-0.1096789687871933,-0.22597767412662506,-0.36035260558128357,-0.08943850547075272,-0.344328373670578,-0.4964398145675659,-0.11667023599147797,-0.4106353223323822,-0.5834696888923645,-0.13711747527122498,-0.4602024257183075,-0.6781761646270752,-0.1569567620754242,SLEEP
0.0,0.0,0.0,0.2010766714811325,-0.10352319478988647,0.06626315414905548,0.2753383219242096,-0.24040962755680084,0.08384444564580917,0.31668969988822937,-0.3091311454772949,0.07607448846101761,0.3744216859340668,-0.36461666226387024,0.06459017843008041,0.20890143513679504,-0.46512553095817566,0.08022662997245789,0.3472740650177002,-0.5812286734580994,0.05177934840321541,0.42615610361099243,-0.6729061603546143,0.017842262983322144,0.49184006452560425,-0.7543768286705017,-0.010279311798512936,0.18590496480464935,-0.46332329511642456,0.012972528114914894,0.3436868190765381,-0.6267220377922058,-0.02263803221285343,0.4182812571525574,-0.7524587512016296,-0.061314892023801804,0.4804456830024719,-0.8725339770317078,-0.08863695710897446,0.1835913509130478,-0.42006969451904297,-0.05514821037650108,0.3408638536930084,-0.6077532172203064,-0.08730213344097137,0.4133228361606598,-0.7308467626571655,-0.11443570256233215,0.46533024311065674,-0.8488521575927734,-0.1327463984489441,0.20846298336982727,-0.34899160265922546,-0.12018675357103348,0.3266591727733612,-0.4742215573787689,-0.14378009736537933,0.3852853775024414,-0.577256977558136,-0.15520934760570526,0.4328264892101288,-0.6779282093048096,-0.16373500227928162,0.0,0.0,0.0,-0.17746873199939728,-0.0480719730257988,0.06053581088781357,-0.2449864000082016,-0.17227017879486084,0.07916909456253052,-0.29080966114997864,-0.2561403810977936,0.07826502621173859,-0.34147369861602783,-0.31969913840293884,0.07032997161149979,-0.17594417929649353,-0.46283742785453796,0.07731571048498154,-0.2901465892791748,-0.6157267093658447,0.06908546388149261,-0.35697659850120544,-0.7222375273704529,0.054799363017082214,-0.40142589807510376,-0.8268416523933411,0.03858969360589981,-0.16260331869125366,-0.4859677851200104,0.02233964577317238,-0.3120051920413971,-0.6642503142356873,0.0070050968788564205,-0.38635626435279846,-0.7826720476150513,-0.017351645976305008,-0.42811962962150574,-0.9028455018997192,-0.03979486599564552,-0.17575111985206604,-0.4486200213432312,-0.03363063931465149,-0.3286326229572296,-0.6301634311676025,-0.06284326314926147,-0.4061012864112854,-0.7541043758392334,-0.09242122620344162,-0.4498543441295624,-0.8753232359886169,-0.11573352664709091,-0.22518110275268555,-0.3698023557662964,-0.08447378128767014,-0.34493815898895264,-0.5010106563568115,-0.11844537407159805,-0.4122443199157715,-0.5867416262626648,-0.14020498096942902,-0.4611104726791382,-0.6810771822929382,-0.1587543487548828,SLEEP
0.0,0.0,0.0,0.19866658747196198,-0.08609355986118317,0.06113716959953308,0.2794731855392456,-0.2249317169189453,0.0787186473608017,0.32823672890663147,-0.295257031917572,0.07224208116531372,0.3837054967880249,-0.3499795198440552,0.061118997633457184,0.22465406358242035,-0.460023432970047,0.07398897409439087,0.3533391058444977,-0.5767015218734741,0.04898349940776825,0.4320306181907654,-0.6758565306663513,0.017004864290356636,0.49304887652397156,-0.7655158638954163,-0.010919855907559395,0.20108093321323395,-0.4633214771747589,0.00868805218487978,0.3464627265930176,-0.624875009059906,-0.020451804623007774,0.42207902669906616,-0.7502612471580505,-0.0567890964448452,0.48094552755355835,-0.872630774974823,-0.08489281684160233,0.19344934821128845,-0.42342254519462585,-0.05761890485882759,0.33780577778816223,-0.5989180207252502,-0.08738228678703308,0.41030776500701904,-0.720194935798645,-0.11614586412906647,0.461585134267807,-0.8364619612693787,-0.13807563483715057,0.20977440476417542,-0.3497268557548523,-0.12108655273914337,0.32370516657829285,-0.4638073444366455,-0.14429470896720886,0.38531553745269775,-0.5559210777282715,-0.1568451225757599,0.4356883764266968,-0.6454299092292786,-0.16808557510375977,0.0,0.0,0.0,-0.16384170949459076,-0.06848623603582382,0.06423494219779968,-0.2317216694355011,-0.20036914944648743,0.08357097208499908,-0.27617591619491577,-0.2902373969554901,0.08263633400201797,-0.3245299458503723,-0.36435315012931824,0.07482742518186569,-0.16496708989143372,-0.46811166405677795,0.07824096828699112,-0.27738702297210693,-0.6185250282287598,0.06891871243715286,-0.34278637170791626,-0.7197726964950562,0.05425122380256653,-0.38788077235221863,-0.8217071294784546,0.038351334631443024,-0.15301096439361572,-0.4920886754989624,0.0206450205296278,-0.30272239446640015,-0.6725399494171143,0.004987020511180162,-0.37755855917930603,-0.7907172441482544,-0.01690736413002014,-0.4221365749835968,-0.9057762026786804,-0.037015799432992935,-0.16668963432312012,-0.45743855834007263,-0.03796328976750374,-0.3195420205593109,-0.6436769366264343,-0.06672079116106033,-0.3980240523815155,-0.7694823145866394,-0.0946137085556984,-0.44507864117622375,-0.8868945240974426,-0.11634740978479385,-0.2141704261302948,-0.38005730509757996,-0.09117919206619263,-0.3320438265800476,-0.5226888656616211,-0.12421338260173798,-0.3993740677833557,-0.6100332140922546,-0.14388680458068848,-0.450781911611557,-0.6993741393089294,-0.16050440073013306,SLEEP
0.0,0.0,0.0,0.19150295853614807,-0.07978417724370956,0.059147290885448456,0.2685193121433258,-0.2169497162103653,0.07805177569389343,0.3157111406326294,-0.2914876639842987,0.07288561016321182,0.37133488059043884,-0.3552660346031189,0.06370258331298828,0.21773409843444824,-0.45829421281814575,0.08221811056137085,0.3373085856437683,-0.5860971808433533,0.058380600064992905,0.4126564562320709,-0.6943370699882507,0.027731195092201233,0.47003480792045593,-0.7926178574562073,0.0013932728907093406,0.19637468457221985,-0.46735358238220215,0.019280795007944107,0.33848148584365845,-0.6324281692504883,-0.008345822803676128,0.4131528437137604,-0.7596221566200256,-0.042419444769620895,0.4720166325569153,-0.8789124488830566,-0.06865262240171432,0.1889069378376007,-0.43601250648498535,-0.0462108813226223,0.33422544598579407,-0.6134865880012512,-0.07484760135412216,0.4085081219673157,-0.737449586391449,-0.1035953089594841,0.46267521381378174,-0.8490707874298096,-0.12477586418390274,0.2038504034280777,-0.3709902763366699,-0.10936106741428375,0.32188352942466736,-0.49268385767936707,-0.13126152753829956,0.3851051926612854,-0.5879493355751038,-0.14440487325191498,0.43795046210289,-0.6781508326530457,-0.15583166480064392,0.0,0.0,0.0,-0.16744108498096466,-0.06531892716884613,0.04571151360869408,-0.23066279292106628,-0.20209157466888428,0.056327369064092636,-0.2765159010887146,-0.29041120409965515,0.051938530057668686,-0.3240601122379303,-0.36366501450538635,0.04267404228448868,-0.1628105491399765,-0.4702011048793793,0.04936882108449936,-0.27097710967063904,-0.6314371228218079,0.034740667790174484,-0.33250781893730164,-0.736206591129303,0.018835050985217094,-0.377849817276001,-0.8380589485168457,0.0037365371827036142,-0.15354643762111664,-0.4875982701778412,0.003518580924719572,-0.2919619083404541,-0.6848750710487366,-0.016854671761393547,-0.36479854583740234,-0.7981590628623962,-0.0384109765291214,-0.4123760759830475,-0.9092398285865784,-0.05682360753417015,-0.17077739536762238,-0.4500507116317749,-0.04272434860467911,-0.3155348002910614,-0.6421738862991333,-0.07106787711381912,-0.39232388138771057,-0.7607148289680481,-0.09624629467725754,-0.43865951895713806,-0.8693876266479492,-0.11502240598201752,-0.2234387993812561,-0.37013864517211914,-0.08505843579769135,-0.337512731552124,-0.5087178349494934,-0.1100412905216217,-0.40434330701828003,-0.593877375125885,-0.12416815012693405,-0.4527159631252289,-0.6794413924217224,-0.13687220215797424,SLEEP
0.0,0.0,0.0,0.19358697533607483,-0.07858087122440338,0.04839017242193222,0.27197355031967163,-0.23028622567653656,0.06504885107278824,0.3124838173389435,-0.31282371282577515,0.059646107256412506,0.36548033356666565,-0.38014307618141174,0.05150572955608368,0.22630208730697632,-0.45909249782562256,0.07748020440340042,0.34737449884414673,-0.5835499167442322,0.05153675004839897,0.42183804512023926,-0.6923909187316895,0.018517687916755676,0.4777292311191559,-0.7908517122268677,-0.009434807114303112,0.2009110450744629,-0.46891719102859497,0.020147722214460373,0.3376834988594055,-0.6306524276733398,-0.009626660495996475,0.41077539324760437,-0.7581477165222168,-0.04522516950964928,0.46941953897476196,-0.8800301551818848,-0.07205689698457718,0.18963943421840668,-0.44206809997558594,-0.04089108482003212,0.3299599885940552,-0.6231285333633423,-0.07071948796510696,0.40170806646347046,-0.7484339475631714,-0.0986025407910347,0.4545339047908783,-0.8625176548957825,-0.11812911182641983,0.2015751749277115,-0.38386428356170654,-0.10095447301864624,0.31488463282585144,-0.5117163062095642,-0.12278424203395844,0.37484532594680786,-0.6132573485374451,-0.13573822379112244,0.42419812083244324,-0.708132266998291,-0.1463228464126587,0.0,0.0,0.0,-0.1665598750114441,-0.06775420904159546,0.07162592560052872,-0.2291344404220581,-0.20640094578266144,0.0966348946094513,-0.2754424512386322,-0.2929326891899109,0.10138599574565887,-0.31945812702178955,-0.3675188422203064,0.10045617818832397,-0.164126455783844,-0.46469318866729736,0.08427591621875763,-0.2717704772949219,-0.6257913112640381,0.08053915947675705,-0.33517026901245117,-0.7258321046829224,0.07259798049926758,-0.3804248571395874,-0.8240591287612915,0.06238621100783348,-0.15518967807292938,-0.48889198899269104,0.02720554731786251,-0.29335492849349976,-0.6889803409576416,0.015086902305483818,-0.3694484829902649,-0.80260169506073,0.0005129034398123622,-0.4173790514469147,-0.9086443185806274,-0.01266048289835453,-0.17465801537036896,-0.45518848299980164,-0.029588991776108742,-0.31757989525794983,-0.6579323410987854,-0.05037517473101616,-0.39651012420654297,-0.7777393460273743,-0.0689205452799797,-0.444972962141037,-0.8865073323249817,-0.08385545015335083,-0.23114310204982758,-0.3787689805030823,-0.08071128278970718,-0.3412162959575653,-0.5276063084602356,-0.10149907320737839,-0.40552446246147156,-0.617522120475769,-0.11206674575805664,-0.45190784335136414,-0.7046056985855103,-0.12251043319702148,SLEEP
0.0,0.0,0.0,0.18090590834617615,-0.05538938194513321,0.04150363430380821,0.26256319880485535,-0.20143885910511017,0.05852905288338661,0.3078581690788269,-0.28934720158576965,0.055175017565488815,0.3605532944202423,-0.35319840908050537,0.05042099952697754,0.2174559086561203,-0.45581281185150146,0.08010251820087433,0.33015188574790955,-0.5878217816352844,0.060533151030540466,0.4041074812412262,-0.6976965069770813,0.03204498812556267,0.45696836709976196,-0.7974853515625,0.006636986508965492,0.195261150598526,-0.47039052844047546,0.027822202071547508,0.32820042967796326,-0.6342469453811646,0.005886555183678865,0.4053753614425659,-0.7600936889648438,-0.027406219393014908,0.466633677482605,-0.8827651739120483,-0.054576896131038666,0.18840333819389343,-0.45137110352516174,-0.028630919754505157,0.32884740829467773,-0.6176061034202576,-0.0536060556769371,0.4045688509941101,-0.7353401184082031,-0.08183586597442627,0.4570327401161194,-0.8454402685165405,-0.10368701815605164,0.20035666227340698,-0.4017476737499237,-0.08471965044736862,0.31211280822753906,-0.5224881172180176,-0.10536696761846542,0.3700729012489319,-0.6150716543197632,-0.118812695145607,0.41316598653793335,-0.7033013105392456,-0.13077270984649658,0.0,0.0,0.0,-0.20028100907802582,-0.0749521255493164,0.08540449291467667,-0.25811728835105896,-0.22126434743404388,0.11192738264799118,-0.2947447597980499,-0.30988553166389465,0.11191467940807343,-0.3310029208660126,-0.3919917643070221,0.10547138005495071,-0.1777225136756897,-0.48742079734802246,0.11088421195745468,-0.2886369824409485,-0.6375738382339478,0.11266736686229706,-0.3499087393283844,-0.7319577932357788,0.10663110762834549,-0.3913024365901947,-0.829693615436554,0.09655274450778961,-0.1598501205444336,-0.5089948773384094,0.04087958112359047,-0.3004986047744751,-0.6918047070503235,0.028203174471855164,-0.37750157713890076,-0.8017071485519409,0.008939893916249275,-0.42071419954299927,-0.9071721434593201,-0.006192817352712154,-0.16683563590049744,-0.47206878662109375,-0.028680574148893356,-0.3189601004123688,-0.6507443785667419,-0.051012925803661346,-0.4011063873767853,-0.7656224370002747,-0.0661579817533493,-0.4506716728210449,-0.8777869939804077,-0.0770401805639267,-0.20923545956611633,-0.3876087963581085,-0.09236856549978256,-0.3387826681137085,-0.5278139114379883,-0.10749314725399017,-0.4062742292881012,-0.6095506548881531,-0.10824401676654816,-0.45348936319351196,-0.6928167343139648,-0.1112787127494812,SLEEP
0.0,0.0,0.0,0.18496008217334747,-0.08790592104196548,0.0693947821855545,0.26005735993385315,-0.2395920753479004,0.09926722198724747,0.30594387650489807,-0.3214324116706848,0.10335705429315567,0.3561578691005707,-0.3751891553401947,0.1035335436463356,0.2265544831752777,-0.4724535644054413,0.11085597425699234,0.33724185824394226,-0.6097105741500854,0.09926414489746094,0.40720921754837036,-0.7217798233032227,0.07468405365943909,0.4565180838108063,-0.8246229290962219,0.05121878162026405,0.20451216399669647,-0.48494163155555725,0.04444649815559387,0.33872321248054504,-0.6464930772781372,0.029945043846964836,0.4138193130493164,-0.768701434135437,-5.677937588188797e-05,0.4701961576938629,-0.8821878433227539,-0.02569320797920227,0.19299162924289703,-0.4647778272628784,-0.02539670653641224,0.332967072725296,-0.6364498734474182,-0.04259563982486725,0.40938374400138855,-0.7592716217041016,-0.06863187998533249,0.4642608165740967,-0.8691896796226501,-0.09048830717802048,0.20114870369434357,-0.4168696701526642,-0.09318260103464127,0.31568190455436707,-0.5524470210075378,-0.10970579832792282,0.3769286274909973,-0.655072033405304,-0.1227337121963501,0.42542967200279236,-0.7511464357376099,-0.13543443381786346,0.0,0.0,0.0,-0.19145672023296356,-0.0711197778582573,0.08378320187330246,-0.2498072236776352,-0.21439476311206818,0.11201363801956177,-0.2836993634700775,-0.30175119638442993,0.11379897594451904,-0.31975266337394714,-0.38795381784439087,0.10930252820253372,-0.17362692952156067,-0.4752095639705658,0.11227680742740631,-0.28622210025787354,-0.6233829855918884,0.11512281000614166,-0.3508376479148865,-0.7186939716339111,0.10958580672740936,-0.395427405834198,-0.8155269622802734,0.09959947317838669,-0.15627239644527435,-0.49945303797721863,0.043089330196380615,-0.29956597089767456,-0.6886535286903381,0.031627047806978226,-0.3814776837825775,-0.801112174987793,0.011895696632564068,-0.42968320846557617,-0.9029662609100342,-0.004934905096888542,-0.1641194075345993,-0.46465280652046204,-0.02602843940258026,-0.3177622854709625,-0.6518084406852722,-0.04922552406787872,-0.4073074758052826,-0.7546781301498413,-0.06676366925239563,-0.4607819616794586,-0.8462640643119812,-0.07981434464454651,-0.21037346124649048,-0.3857465088367462,-0.0894058421254158,-0.3405156433582306,-0.530500590801239,-0.11018270999193192,-0.41040071845054626,-0.6134630441665649,-0.11731846630573273,-0.4559413194656372,-0.6959474086761475,-0.12504273653030396,SLEEP
0.0,0.0,0.0,0.1874370574951172,-0.08990058302879333,0.0782969668507576,0.2647961974143982,-0.23909400403499603,0.11343898624181747,0.3115861117839813,-0.32044723629951477,0.12126411497592926,0.3647087812423706,-0.3703612685203552,0.12447214126586914,0.2352856546640396,-0.46719279885292053,0.12221889942884445,0.3491522967815399,-0.5971533060073853,0.11520374566316605,0.42020389437675476,-0.7044126391410828,0.09355224668979645,0.47098979353904724,-0.803476095199585,0.07110055536031723,0.21233059465885162,-0.4827039837837219,0.051779285073280334,0.3468000590801239,-0.6421990990638733,0.040023673325777054,0.4212741255760193,-0.7642327547073364,0.010952548123896122,0.4772919714450836,-0.8786190152168274,-0.014864977449178696,0.19814087450504303,-0.4639682471752167,-0.02171975187957287,0.33847716450691223,-0.637496829032898,-0.03849402442574501,0.4144957363605499,-0.7583015561103821,-0.06554505228996277,0.46905288100242615,-0.869011640548706,-0.08905746787786484,0.20339256525039673,-0.41684430837631226,-0.09219550341367722,0.319012314081192,-0.5513477325439453,-0.11107808351516724,0.3802432119846344,-0.6517197489738464,-0.12670665979385376,0.42865148186683655,-0.7477940320968628,-0.1419598013162613,0.0,0.0,0.0,-0.17914916574954987,-0.06587868183851242,0.12924811244010925,-0.24430710077285767,-0.20835159718990326,0.18271099030971527,-0.2862378656864166,-0.29903024435043335,0.19978779554367065,-0.3306964933872223,-0.3875318765640259,0.20858795940876007,-0.1740800142288208,-0.47579044103622437,0.1743765026330948,-0.28142422437667847,-0.624935507774353,0.1977839320898056,-0.34234291315078735,-0.7210411429405212,0.20304156839847565,-0.3840828835964203,-0.815956175327301,0.1971510499715805,-0.15955249965190887,-0.4998001754283905,0.08223596215248108,-0.302182137966156,-0.6860726475715637,0.09024719893932343,-0.3840540945529938,-0.8024792075157166,0.07683762907981873,-0.4332435727119446,-0.8992241621017456,0.060794245451688766,-0.16762109100818634,-0.467210054397583,-0.008952316828072071,-0.3289421498775482,-0.639862060546875,-0.02088574692606926,-0.42000168561935425,-0.7368057370185852,-0.03716319799423218,-0.4776148796081543,-0.8222722411155701,-0.05359060689806938,-0.21090276539325714,-0.3916947543621063,-0.09154217690229416,-0.3404523432254791,-0.5313215851783752,-0.11193057894706726,-0.4099334478378296,-0.6138484477996826,-0.12357272952795029,-0.4587858319282532,-0.6949514150619507,-0.13723677396774292,SLEEP
0.0,0.0,0.0,0.18776288628578186,-0.08222086727619171,0.07631991803646088,0.2683185040950775,-0.22922229766845703,0.11239166557788849,0.3180926442146301,-0.31019169092178345,0.12250261753797531,0.37924668192863464,-0.3481685221195221,0.12905621528625488,0.23000796139240265,-0.46762338280677795,0.1197124794125557,0.34646764397621155,-0.5907668471336365,0.11325424909591675,0.4207223355770111,-0.6939729452133179,0.09313802421092987,0.47386956214904785,-0.7874850034713745,0.07157661765813828,0.20829051733016968,-0.48314687609672546,0.05233351141214371,0.34550777077674866,-0.6390889883041382,0.038838379085063934,0.42126068472862244,-0.7619810700416565,0.009958659298717976,0.47866910696029663,-0.8778660297393799,-0.015068866312503815,0.1981295347213745,-0.46184632182121277,-0.017643753439188004,0.3404436707496643,-0.6317133903503418,-0.036829978227615356,0.414602130651474,-0.7504131197929382,-0.06493748724460602,0.46612805128097534,-0.8605995774269104,-0.0885247215628624,0.20744453370571136,-0.4099203050136566,-0.08428242802619934,0.3259478509426117,-0.5344142913818359,-0.10547290742397308,0.38708144426345825,-0.6286452412605286,-0.1234813705086708,0.4341633915901184,-0.7193900942802429,-0.14018452167510986,0.0,0.0,0.0,-0.18872478604316711,-0.0672156810760498,0.10668639093637466,-0.2515878975391388,-0.2009587287902832,0.14278993010520935,-0.2929195463657379,-0.2857716679573059,0.14561989903450012,-0.34013134241104126,-0.3744092881679535,0.1426154524087906,-0.17311452329158783,-0.48559993505477905,0.14339648187160492,-0.28310367465019226,-0.6379548907279968,0.1532016396522522,-0.34467780590057373,-0.7387399673461914,0.15037520229816437,-0.3876936435699463,-0.8391499519348145,0.14064528048038483,-0.15592442452907562,-0.505091667175293,0.05951807275414467,-0.30200642347335815,-0.6788715720176697,0.05768999457359314,-0.38622814416885376,-0.793523907661438,0.040712468326091766,-0.43746376037597656,-0.8989620804786682,0.022197650745511055,-0.16128434240818024,-0.4680772125720978,-0.02419438771903515,-0.3346296548843384,-0.6124060153961182,-0.042900823056697845,-0.4251202940940857,-0.6530876159667969,-0.048529136925935745,-0.47412511706352234,-0.6970245838165283,-0.05485037714242935,-0.20151597261428833,-0.38985058665275574,-0.1020788848400116,-0.3318149745464325,-0.5302600860595703,-0.1288525015115738,-0.4035486578941345,-0.6079896092414856,-0.13657604157924652,-0.4542485773563385,-0.687654435634613,-0.14483146369457245,SLEEP
0.0,0.0,0.0,0.18703116476535797,-0.08406879752874374,0.0682687759399414,0.26624807715415955,-0.23741009831428528,0.09989297389984131,0.3135850727558136,-0.3215477168560028,0.1064976304769516,0.372127503156662,-0.36462274193763733,0.10977717489004135,0.24802850186824799,-0.4578685164451599,0.11322576552629471,0.3552047908306122,-0.5835579037666321,0.10193704813718796,0.42445117235183716,-0.6894946694374084,0.07705807685852051,0.472639262676239,-0.7854871153831482,0.052939850836992264,0.22000278532505035,-0.47458550333976746,0.047647129744291306,0.345485657453537,-0.6350108981132507,0.03066127933561802,0.4169093370437622,-0.7626782655715942,-0.001816913834773004,0.4696533977985382,-0.8823835849761963,-0.028722384944558144,0.19978652894496918,-0.4580599069595337,-0.02117796055972576,0.33311736583709717,-0.6278271675109863,-0.04289992153644562,0.4053889513015747,-0.7470830082893372,-0.0695987418293953,0.45561715960502625,-0.8589881658554077,-0.09116468578577042,0.1941753625869751,-0.4114910066127777,-0.0874318927526474,0.31254324316978455,-0.5320416688919067,-0.10692650079727173,0.37840867042541504,-0.6219602227210999,-0.12008807063102722,0.43178433179855347,-0.7087308168411255,-0.13283903896808624,0.0,0.0,0.0,-0.18648789823055267,-0.07637791335582733,0.142133891582489,-0.25115904211997986,-0.21051563322544098,0.19906187057495117,-0.2961330711841583,-0.29966792464256287,0.2161543369293213,-0.3462551534175873,-0.39153313636779785,0.22467969357967377,-0.1723036915063858,-0.475991815328598,0.19426573812961578,-0.2790965735912323,-0.6233883500099182,0.22193476557731628,-0.33878231048583984,-0.7209827303886414,0.2278236597776413,-0.38007980585098267,-0.8169815540313721,0.22199185192584991,-0.15774750709533691,-0.49667274951934814,0.09512174874544144,-0.3011762499809265,-0.680895209312439,0.10683003813028336,-0.3829016387462616,-0.7984609007835388,0.09370107203722,-0.4318333864212036,-0.8985763192176819,0.07797745615243912,-0.16495674848556519,-0.4642048180103302,-0.0026258258149027824,-0.3257412016391754,-0.6366168856620789,-0.011440516449511051,-0.4151214361190796,-0.7363263368606567,-0.025024285539984703,-0.4716605246067047,-0.8271392583847046,-0.03974954038858414,-0.20532213151454926,-0.39060065150260925,-0.09102854877710342,-0.3347163796424866,-0.5269144773483276,-0.1084514707326889,-0.40620195865631104,-0.6084325313568115,-0.11679787933826447,-0.4570232629776001,-0.6913729906082153,-0.12784013152122498,SLEEP
0.0,0.0,0.0,0.18626807630062103,-0.08292689174413681,0.07751196622848511,0.2659706175327301,-0.23311518132686615,0.11452717334032059,0.3131216764450073,-0.31987264752388,0.12461190670728683,0.3710192143917084,-0.3612460792064667,0.13102763891220093,0.25613242387771606,-0.4492073953151703,0.12689416110515594,0.36256730556488037,-0.5750805735588074,0.12024091184139252,0.4307537078857422,-0.6751282215118408,0.09917467087507248,0.47950586676597595,-0.765670895576477,0.07766316086053848,0.22934551537036896,-0.47210219502449036,0.05772123485803604,0.3524796962738037,-0.6354979276657104,0.04171980544924736,0.4232860505580902,-0.7639421820640564,0.011448311619460583,0.47512194514274597,-0.879822313785553,-0.013109839521348476,0.20511411130428314,-0.46203282475471497,-0.014623836614191532,0.3367950916290283,-0.6355313062667847,-0.03574104979634285,0.4087873101234436,-0.7555282711982727,-0.06163029372692108,0.45967912673950195,-0.8665937185287476,-0.0822753831744194,0.191830113530159,-0.4210047721862793,-0.08346530050039291,0.3114379346370697,-0.5435988306999207,-0.10329397022724152,0.3775973916053772,-0.6359851360321045,-0.11661632359027863,0.43096989393234253,-0.7239634394645691,-0.12928949296474457,0.0,0.0,0.0,-0.18064537644386292,-0.07332532852888107,0.187405064702034,-0.24800990521907806,-0.1988736391067505,0.2670505940914154,-0.29685017466545105,-0.2848284840583801,0.296906977891922,-0.35181596875190735,-0.3778073489665985,0.3176021873950958,-0.18103186786174774,-0.4660598635673523,0.26348045468330383,-0.27523425221443176,-0.605868935585022,0.3131583631038666,-0.3271509110927582,-0.6984289288520813,0.3341008424758911,-0.361015260219574,-0.7887638211250305,0.33753472566604614,-0.16892695426940918,-0.4866345226764679,0.14272601902484894,-0.3034648597240448,-0.6718569397926331,0.17135025560855865,-0.3850756585597992,-0.7897922992706299,0.17062228918075562,-0.43518972396850586,-0.8852096796035767,0.16435833275318146,-0.17598238587379456,-0.4595734775066376,0.02379601262509823,-0.3317435681819916,-0.6354655027389526,0.025066208094358444,-0.4220207631587982,-0.7326992750167847,0.021263184025883675,-0.48126283288002014,-0.8123146295547485,0.014344709925353527,-0.21262958645820618,-0.3954050540924072,-0.08301130682229996,-0.3415926694869995,-0.5336572527885437,-0.09381640702486038,-0.41260412335395813,-0.6111283898353577,-0.09605001658201218,-0.46211785078048706,-0.6830617189407349,-0.10225313901901245,SLEEP
0.0,0.0,0.0,0.1841621696949005,-0.07353039085865021,0.06772420555353165,0.26451388001441956,-0.2257830649614334,0.09916026145219803,0.3148696720600128,-0.3129803538322449,0.10533709824085236,0.37757548689842224,-0.3529548943042755,0.10912752151489258,0.2272811233997345,-0.4759311378002167,0.11616342514753342,0.34236279129981995,-0.6001204252243042,0.1091851070523262,0.4143150746822357,-0.7029246091842651,0.08793746680021286,0.4674931466579437,-0.8010748028755188,0.06501464545726776,0.2055831104516983,-0.4901283383369446,0.05176805704832077,0.3447161018848419,-0.6410450339317322,0.03972231224179268,0.4208645522594452,-0.7609723210334778,0.01094308402389288,0.48102936148643494,-0.8765838146209717,-0.014549042098224163,0.19453027844429016,-0.4676058292388916,-0.01615680195391178,0.3402068614959717,-0.6280381679534912,-0.03377873823046684,0.4173427224159241,-0.7419896721839905,-0.06107041984796524,0.4714086651802063,-0.8491525053977966,-0.08454366028308868,0.20204922556877136,-0.4139357805252075,-0.08177250623703003,0.31957289576530457,-0.528411865234375,-0.10022425651550293,0.38108667731285095,-0.6191174983978271,-0.11598088592290878,0.4290653169155121,-0.7074193954467773,-0.1312987208366394,0.0,0.0,0.0,-0.18922823667526245,-0.06132415309548378,0.16474835574626923,-0.25738996267318726,-0.192610502243042,0.23765414953231812,-0.3033618628978729,-0.2715038061141968,0.2663586735725403,-0.356515496969223,-0.3588775098323822,0.28791213035583496,-0.19140663743019104,-0.48336702585220337,0.23477301001548767,-0.3043045997619629,-0.6377341151237488,0.2736915349960327,-0.3709222972393036,-0.7432304620742798,0.28894639015197754,-0.4147043228149414,-0.8444638252258301,0.2893790006637573,-0.17570042610168457,-0.5075599551200867,0.12571094930171967,-0.32360899448394775,-0.6797094941139221,0.1526040881872177,-0.4080944061279297,-0.7893763184547424,0.15259157121181488,-0.45220309495925903,-0.8800044059753418,0.14527389407157898,-0.18497642874717712,-0.4781736135482788,0.01671832799911499,-0.35035887360572815,-0.6476477384567261,0.018113065510988235,-0.4470002353191376,-0.7352980971336365,0.019792921841144562,-0.5065546631813049,-0.8157035708427429,0.015340527519583702,-0.2296369969844818,-0.40898147225379944,-0.08267389237880707,-0.356837660074234,-0.5591577291488647,-0.10144149512052536,-0.4254501760005951,-0.6436122059822083,-0.10543912649154663,-0.475153386592865,-0.7242251038551331,-0.11157861351966858,SLEEP
0.0,0.0,0.0,0.18311119079589844,-0.07947894930839539,0.05654894933104515,0.26907217502593994,-0.23541957139968872,0.08218695223331451,0.32103338837623596,-0.32021230459213257,0.0848083347082138,0.37545040249824524,-0.3592704236507416,0.0845605656504631,0.24001070857048035,-0.47071710228919983,0.10048794001340866,0.3479997217655182,-0.5970745086669922,0.0858275517821312,0.4184594750404358,-0.7052074670791626,0.05767354741692543,0.4658229351043701,-0.8043832778930664,0.031110476702451706,0.21435262262821198,-0.4831696152687073,0.03939458727836609,0.34391582012176514,-0.6371668577194214,0.021885881200432777,0.41739848256111145,-0.7609401941299438,-0.011737572960555553,0.47038161754608154,-0.8815659284591675,-0.0397840291261673,0.19817881286144257,-0.46129313111305237,-0.025466302409768105,0.33399534225463867,-0.6212078332901001,-0.04652899503707886,0.4090527594089508,-0.7377098202705383,-0.07278826832771301,0.4609880745410919,-0.8489441275596619,-0.09464864432811737,0.19732648134231567,-0.4095297157764435,-0.08915174752473831,0.31306594610214233,-0.5230602025985718,-0.10701124370098114,0.37897077202796936,-0.6100671291351318,-0.11847250908613205,0.43271565437316895,-0.6945677995681763,-0.13032688200473785,0.0,0.0,0.0,-0.1942574828863144,-0.06452919542789459,0.1259722113609314,-0.25702714920043945,-0.1939823031425476,0.1768438071012497,-0.3008250594139099,-0.28040868043899536,0.1927783191204071,-0.34979918599128723,-0.3668782114982605,0.20070591568946838,-0.18307392299175262,-0.47707197070121765,0.16829361021518707,-0.3007797300815582,-0.6267375946044922,0.18678662180900574,-0.36624109745025635,-0.7298750281333923,0.1888652890920639,-0.41117772459983826,-0.8322817087173462,0.18154273927211761,-0.16471578180789948,-0.5016368627548218,0.07858815044164658,-0.31904086470603943,-0.6745603084564209,0.08311241120100021,-0.4015762507915497,-0.7900713682174683,0.07043517380952835,-0.4472537934780121,-0.8926629424095154,0.05582822486758232,-0.1711193174123764,-0.46690818667411804,-0.01058407872915268,-0.33339202404022217,-0.6483543515205383,-0.025581393390893936,-0.42115095257759094,-0.7603680491447449,-0.039049532264471054,-0.47450152039527893,-0.8651895523071289,-0.052592020481824875,-0.21350929141044617,-0.3889380991458893,-0.09115920215845108,-0.34206849336624146,-0.5347104072570801,-0.11870462447404861,-0.412875771522522,-0.6231799721717834,-0.1314561814069748,-0.4650820195674896,-0.7129160761833191,-0.1436520367860794,SLEEP
0.0,0.0,0.0,0.1821424961090088,-0.08574564754962921,0.06870660930871964,0.26443353295326233,-0.24453195929527283,0.10210965573787689,0.31652358174324036,-0.33220186829566956,0.10961581021547318,0.37571460008621216,-0.37892600893974304,0.11398208886384964,0.24037431180477142,-0.46575021743774414,0.1235448345541954,0.34766337275505066,-0.5948796272277832,0.11381804198026657,0.41810286045074463,-0.7007285952568054,0.08867905288934708,0.46663302183151245,-0.7995434999465942,0.06405551731586456,0.21619024872779846,-0.4827427566051483,0.05684421956539154,0.3446180522441864,-0.640358567237854,0.043358657509088516,0.4168376624584198,-0.764157772064209,0.011202744208276272,0.46958503127098083,-0.8827359676361084,-0.01634230464696884,0.19764231145381927,-0.4691375195980072,-0.014294955879449844,0.33360713720321655,-0.6356918811798096,-0.03334686905145645,0.4075429141521454,-0.7539750337600708,-0.0598752424120903,0.4584502577781677,-0.866331934928894,-0.08251187205314636,0.1916109323501587,-0.429110586643219,-0.08343378454446793,0.3090519905090332,-0.5504869222640991,-0.10188852250576019,0.3740636110305786,-0.642048180103302,-0.11480876058340073,0.42628324031829834,-0.7322911620140076,-0.12816567718982697,0.0,0.0,0.0,-0.19806651771068573,-0.06569981575012207,0.12422607094049454,-0.2602284252643585,-0.19568350911140442,0.17211787402629852,-0.30239903926849365,-0.28403228521347046,0.18377681076526642,-0.34872159361839294,-0.3757582902908325,0.18782685697078705,-0.18295817077159882,-0.46900132298469543,0.17502912878990173,-0.29644060134887695,-0.6148237586021423,0.19696320593357086,-0.36058926582336426,-0.7139261364936829,0.2006179243326187,-0.40662071108818054,-0.8141437768936157,0.19380591809749603,-0.16631130874156952,-0.4941507875919342,0.08463107794523239,-0.31775325536727905,-0.6701095104217529,0.09065806120634079,-0.40103477239608765,-0.7877039313316345,0.07780931144952774,-0.4493313431739807,-0.8911520838737488,0.06284312903881073,-0.17338533699512482,-0.45999759435653687,-0.005639643408358097,-0.338392049074173,-0.6351763606071472,-0.0195064265280962,-0.4295711815357208,-0.7390666007995605,-0.03263650834560394,-0.48680126667022705,-0.8333077430725098,-0.046001140028238297,-0.21650627255439758,-0.38221094012260437,-0.08788888901472092,-0.3456660807132721,-0.5265268683433533,-0.11098726838827133,-0.4157150685787201,-0.61224764585495,-0.12103565782308578,-0.46735456585884094,-0.6976242065429688,-0.13218891620635986,SLEEP
0.0,0.0,0.0,0.1903012990951538,-0.09341197460889816,0.0796329602599144,0.27260124683380127,-0.2474704533815384,0.117585688829422,0.3267804980278015,-0.33026841282844543,0.12853656709194183,0.38609957695007324,-0.3740394115447998,0.13633133471012115,0.23248787224292755,-0.47548404335975647,0.1287006288766861,0.34617653489112854,-0.6014761924743652,0.12309417128562927,0.4182649850845337,-0.7066892981529236,0.10267862677574158,0.46851253509521484,-0.8061105608940125,0.08073406666517258,0.2114851474761963,-0.4865160584449768,0.0581863597035408,0.34706127643585205,-0.6400126218795776,0.046548958867788315,0.4219980239868164,-0.760334849357605,0.017834659665822983,0.47799980640411377,-0.8783295154571533,-0.007317915093153715,0.1996031403541565,-0.4657750427722931,-0.015362846665084362,0.3398377299308777,-0.6279267072677612,-0.032463956624269485,0.41409575939178467,-0.7461215257644653,-0.05689956992864609,0.46646183729171753,-0.8599949479103088,-0.07827243953943253,0.20414778590202332,-0.41759997606277466,-0.08586763590574265,0.3168535530567169,-0.5451706647872925,-0.10446587949991226,0.37935277819633484,-0.6396004557609558,-0.1184139996767044,0.4310609698295593,-0.7297524809837341,-0.13231590390205383,0.0,0.0,0.0,-0.19354920089244843,-0.058005597442388535,0.14847783744335175,-0.25685426592826843,-0.18626561760902405,0.21311523020267487,-0.3000313937664032,-0.2712821364402771,0.23781219124794006,-0.34928032755851746,-0.3596404194831848,0.25524771213531494,-0.18734164535999298,-0.4711427390575409,0.2126948982477188,-0.2989947497844696,-0.6152682304382324,0.2485036998987198,-0.3623031675815582,-0.7134112119674683,0.26034024357795715,-0.4063881039619446,-0.809840738773346,0.2582146227359772,-0.17143379151821136,-0.4960624873638153,0.11417636275291443,-0.32016029953956604,-0.6731852889060974,0.13320130109786987,-0.4022747278213501,-0.78761225938797,0.12620876729488373,-0.44970208406448364,-0.8857952356338501,0.11460727453231812,-0.17929573357105255,-0.46382322907447815,0.016467034816741943,-0.34359312057495117,-0.6376723051071167,0.012256664223968983,-0.43205657601356506,-0.7368365526199341,0.0041412413120269775,-0.48784002661705017,-0.8271659016609192,-0.006409709341824055,-0.223056823015213,-0.38914769887924194,-0.07167931646108627,-0.35104313492774963,-0.5361648797988892,-0.08942423015832901,-0.41932106018066406,-0.6180405616760254,-0.09682534635066986,-0.4687737822532654,-0.6964607238769531,-0.10628576576709747,SLEEP
0.0,0.0,0.0,0.17961953580379486,-0.08062534779310226,0.08308959752321243,0.2601146101951599,-0.22730475664138794,0.12438874691724777,0.31194525957107544,-0.3145747184753418,0.1369878351688385,0.37270623445510864,-0.3526037335395813,0.14574696123600006,0.23718000948429108,-0.46667417883872986,0.1452263593673706,0.3426729440689087,-0.5999064445495605,0.14632032811641693,0.4110294580459595,-0.7088389992713928,0.12811872363090515,0.45926710963249207,-0.8089292645454407,0.10679630190134048,0.21866475045681,-0.48317480087280273,0.07335593551397324,0.34488287568092346,-0.6449397206306458,0.06996583938598633,0.41665494441986084,-0.7687216401100159,0.04226710647344589,0.4702945351600647,-0.8823664784431458,0.01588795892894268,0.20448991656303406,-0.4690280556678772,-0.002483219373971224,0.34185245633125305,-0.6374405026435852,-0.014354080893099308,0.4163792133331299,-0.7555612921714783,-0.04180382937192917,0.46843796968460083,-0.8656890988349915,-0.06772346049547195,0.2031954973936081,-0.4282779395580292,-0.07511509954929352,0.3219768702983856,-0.5482511520385742,-0.09176076203584671,0.3854675590991974,-0.6378756761550903,-0.10760501027107239,0.43546614050865173,-0.7276118993759155,-0.12455897033214569,0.0,0.0,0.0,-0.19427607953548431,-0.061773303896188736,0.19222110509872437,-0.25991928577423096,-0.18498757481575012,0.27961140871047974,-0.31116700172424316,-0.26414453983306885,0.31982865929603577,-0.366350919008255,-0.35100895166397095,0.3508495092391968,-0.19753293693065643,-0.4834308922290802,0.260662704706192,-0.30844250321388245,-0.624643862247467,0.31274062395095825,-0.3765895962715149,-0.7176719903945923,0.3384533226490021,-0.41979312896728516,-0.8046872019767761,0.3454957902431488,-0.1787978559732437,-0.5044766068458557,0.1428082138299942,-0.32978227734565735,-0.6751438975334167,0.1759880930185318,-0.41125571727752686,-0.7809088230133057,0.18263588845729828,-0.45362940430641174,-0.8726385831832886,0.18089298903942108,-0.1856665462255478,-0.47416239976882935,0.027217838913202286,-0.34605643153190613,-0.6551216244697571,0.029753241688013077,-0.4315723776817322,-0.7660301327705383,0.03261519968509674,-0.4837949275970459,-0.8674532771110535,0.029538355767726898,-0.23045049607753754,-0.40422528982162476,-0.07532788068056107,-0.35511845350265503,-0.5568869113922119,-0.10034536570310593,-0.4236887991428375,-0.6509944796562195,-0.1091606467962265,-0.4743814468383789,-0.7398786544799805,-0.11766418069601059,SLEEP
0.0,0.0,0.0,0.1895994395017624,-0.08697444200515747,0.0816449373960495,0.2727344036102295,-0.2412317842245102,0.12341218441724777,0.3235970437526703,-0.32835742831230164,0.13611137866973877,0.3822452127933502,-0.3720153570175171,0.1451873630285263,0.2508990466594696,-0.4575630724430084,0.14801935851573944,0.3565663993358612,-0.590828001499176,0.14676153659820557,0.4256685972213745,-0.6965733766555786,0.1262887865304947,0.47359931468963623,-0.7968149781227112,0.10389672219753265,0.22884856164455414,-0.47518402338027954,0.075498566031456,0.35439059138298035,-0.6358433365821838,0.06845368444919586,0.42559221386909485,-0.7599276304244995,0.038109276443719864,0.47895362973213196,-0.8777730464935303,0.01085792388767004,0.2092583030462265,-0.4645934998989105,-0.0018267759587615728,0.34443485736846924,-0.6327194571495056,-0.017676690593361855,0.4190124273300171,-0.7531140446662903,-0.04623350128531456,0.47136390209198,-0.8661505579948425,-0.07111265510320663,0.20261266827583313,-0.4318493902683258,-0.07613971084356308,0.32052335143089294,-0.5591266751289368,-0.09486773610115051,0.3854324221611023,-0.6517156958580017,-0.11046972870826721,0.43851277232170105,-0.7431724667549133,-0.1263594925403595,0.0,0.0,0.0,-0.2052644044160843,-0.06250782310962677,0.12236228585243225,-0.27121901512145996,-0.19324134290218353,0.17039716243743896,-0.31560397148132324,-0.2783907353878021,0.18396607041358948,-0.36570876836776733,-0.3643449544906616,0.19000448286533356,-0.18024881184101105,-0.5061718821525574,0.16762971878051758,-0.2982867956161499,-0.6573019623756409,0.18833701312541962,-0.36368295550346375,-0.7427010536193848,0.18876750767230988,-0.409927636384964,-0.8338871002197266,0.17925706505775452,-0.16269269585609436,-0.5286465883255005,0.08335591852664948,-0.33502456545829773,-0.6799456477165222,0.09391544759273529,-0.4210560619831085,-0.7671024203300476,0.08347081393003464,-0.4653260409832001,-0.8554415702819824,0.06724444776773453,-0.17106467485427856,-0.4893660843372345,-0.0007954073953442276,-0.3539157807826996,-0.6717128753662109,-0.011248163878917694,-0.4541623890399933,-0.7658488750457764,-0.022656498476862907,-0.5135900378227234,-0.8572415709495544,-0.036908265203237534,-0.21747666597366333,-0.4087514579296112,-0.07628466933965683,-0.3526058793067932,-0.5752171277999878,-0.10242349654436111,-0.42623305320739746,-0.6607048511505127,-0.11347229778766632,-0.48091062903404236,-0.7459339499473572,-0.12503017485141754,SLEEP
0.0,0.0,0.0,0.18522672355175018,-0.07211625576019287,0.08582121878862381,0.2686280608177185,-0.2136939913034439,0.12847858667373657,0.3211953938007355,-0.2966439425945282,0.14113928377628326,0.37638503313064575,-0.3553064167499542,0.1501600444316864,0.23962758481502533,-0.4531059265136719,0.15102551877498627,0.3582524061203003,-0.5677939653396606,0.15103095769882202,0.4337952435016632,-0.6615826487541199,0.13088726997375488,0.48945215344429016,-0.7505613565444946,0.10897503793239594,0.219044029712677,-0.4747675359249115,0.07754742354154587,0.3541039526462555,-0.6312764883041382,0.07214950025081635,0.43001464009284973,-0.756690263748169,0.042276766151189804,0.487581729888916,-0.8729450702667236,0.015194451436400414,0.20354697108268738,-0.46378815174102783,-0.00015879477723501623,0.3510380983352661,-0.6302756667137146,-0.014967765659093857,0.4302765727043152,-0.7481955289840698,-0.04555482417345047,0.4849092364311218,-0.8584935665130615,-0.07247002422809601,0.20181214809417725,-0.4241845905780792,-0.07411407679319382,0.3260664641857147,-0.5376099944114685,-0.09254660457372665,0.38867300748825073,-0.6270111799240112,-0.10907433927059174,0.43609896302223206,-0.7177789211273193,-0.12587617337703705,0.0,0.0,0.0,-0.18441441655158997,-0.06657209247350693,0.1818537414073944,-0.2576988637447357,-0.2043280005455017,0.26513978838920593,-0.31164759397506714,-0.2964935898780823,0.30247077345848083,-0.3641289472579956,-0.3897835314273834,0.33100590109825134,-0.190936878323555,-0.4771162271499634,0.24982064962387085,-0.3071703612804413,-0.5992236137390137,0.2997151017189026,-0.375103622674942,-0.6654598116874695,0.3257685899734497,-0.4139123558998108,-0.73765629529953,0.3325222134590149,-0.1689668595790863,-0.5011232495307922,0.13492348790168762,-0.32068413496017456,-0.6658925414085388,0.15864084661006927,-0.4017811715602875,-0.7700673341751099,0.16255545616149902,-0.44509631395339966,-0.8677542805671692,0.16091905534267426,-0.17471858859062195,-0.4729085862636566,0.02167339250445366,-0.3290082812309265,-0.6609500646591187,0.012514830566942692,-0.41124191880226135,-0.7799237966537476,0.008822686038911343,-0.4634225070476532,-0.8861297965049744,0.0036670404952019453,-0.2190435379743576,-0.40525346994400024,-0.07842637598514557,-0.34940430521965027,-0.5527626872062683,-0.11029161512851715,-0.41746944189071655,-0.6420143246650696,-0.12316510081291199,-0.4675232172012329,-0.7248326539993286,-0.13417495787143707,SLEEP
0.0,0.0,0.0,0.1910257786512375,-0.0883726179599762,0.09907099604606628,0.27408117055892944,-0.23750236630439758,0.15174740552902222,0.3275904953479767,-0.3230739235877991,0.17261174321174622,0.38779276609420776,-0.36802181601524353,0.1894833743572235,0.25670239329338074,-0.45026272535324097,0.1705702543258667,0.3660992383956909,-0.583760142326355,0.17729240655899048,0.4361804723739624,-0.6915903091430664,0.16276127099990845,0.48566046357154846,-0.7938798666000366,0.14360353350639343,0.23495067656040192,-0.46888673305511475,0.09179101884365082,0.36054834723472595,-0.6283448338508606,0.0882258340716362,0.43202871084213257,-0.7536540031433105,0.06075635179877281,0.4862114191055298,-0.8731096386909485,0.035750970244407654,0.2141140252351761,-0.4612017571926117,0.008997850120067596,0.34902775287628174,-0.6304514408111572,-0.004610366653650999,0.42368438839912415,-0.7526556849479675,-0.031404945999383926,0.4770485758781433,-0.8700430989265442,-0.05521038547158241,0.20657913386821747,-0.43221402168273926,-0.06926486641168594,0.32721468806266785,-0.5614235401153564,-0.08943475782871246,0.39224883913993835,-0.6564087271690369,-0.10645157843828201,0.4442007839679718,-0.7503096461296082,-0.12319277226924896,0.0,0.0,0.0,-0.19264301657676697,-0.06377997249364853,0.14602288603782654,-0.2632824182510376,-0.19635657966136932,0.21020092070102692,-0.30883026123046875,-0.281138151884079,0.23519682884216309,-0.3579995930194855,-0.3689025938510895,0.2525770366191864,-0.18872013688087463,-0.4858303964138031,0.20379357039928436,-0.30501821637153625,-0.6258322596549988,0.2379187047481537,-0.3683255612850189,-0.711812436580658,0.24909044802188873,-0.4094865620136261,-0.801874577999115,0.24682211875915527,-0.16950459778308868,-0.5084918141365051,0.10804357379674911,-0.3304515480995178,-0.6736153960227966,0.12744368612766266,-0.41204386949539185,-0.78105628490448,0.12225604802370071,-0.45554274320602417,-0.8831712603569031,0.111756332218647,-0.17558002471923828,-0.47572585940361023,0.013218746520578861,-0.34820061922073364,-0.6531442403793335,0.009127581492066383,-0.4373278021812439,-0.7545028328895569,0.0013812030665576458,-0.4914188086986542,-0.8508464097976685,-0.009039784781634808,-0.21797271072864532,-0.40206974744796753,-0.0718492642045021,-0.349775105714798,-0.556532084941864,-0.09260625392198563,-0.4204120934009552,-0.6385377049446106,-0.10095672309398651,-0.4727482199668884,-0.7175790071487427,-0.11019261926412582,SLEEP
0.0,0.0,0.0,0.1889175921678543,-0.08610724657773972,0.09312316030263901,0.2723028361797333,-0.23527738451957703,0.1427021324634552,0.32561907172203064,-0.32322001457214355,0.1612265706062317,0.387245774269104,-0.3623683452606201,0.1757322996854782,0.2588892877101898,-0.4446902573108673,0.16387760639190674,0.36449578404426575,-0.5682047605514526,0.16510985791683197,0.4346490502357483,-0.6722003221511841,0.14596107602119446,0.48542338609695435,-0.7708946466445923,0.12371493130922318,0.23853659629821777,-0.4661963880062103,0.08675292879343033,0.3611924648284912,-0.6225490570068359,0.07797364890575409,0.4316804111003876,-0.7510161995887756,0.047425877302885056,0.48568838834762573,-0.8738890886306763,0.020602751523256302,0.2167518138885498,-0.4601295590400696,0.0051322150975465775,0.3503645956516266,-0.6262415051460266,-0.012839170172810555,0.4240073561668396,-0.7458223700523376,-0.04116233438253403,0.47685661911964417,-0.8631476163864136,-0.06575724482536316,0.20377570390701294,-0.43119102716445923,-0.07247471809387207,0.3236633539199829,-0.5494840145111084,-0.09629753977060318,0.38826507329940796,-0.6413127779960632,-0.1149168387055397,0.43956616520881653,-0.735509991645813,-0.1327928751707077,0.0,0.0,0.0,-0.18765798211097717,-0.0634428858757019,0.16862842440605164,-0.2563299536705017,-0.1840645670890808,0.244648277759552,-0.30218446254730225,-0.2688223421573639,0.277363657951355,-0.3499758839607239,-0.35645121335983276,0.3021092414855957,-0.18825121223926544,-0.46807006001472473,0.23441042006015778,-0.2972889244556427,-0.5940133929252625,0.2765093445777893,-0.356282114982605,-0.6656810641288757,0.29124438762664795,-0.3933095633983612,-0.7440503239631653,0.29037442803382874,-0.17263129353523254,-0.4898044764995575,0.1289869099855423,-0.3264734745025635,-0.6617224216461182,0.14867015182971954,-0.4071451425552368,-0.7762237787246704,0.14293435215950012,-0.45461225509643555,-0.8808302283287048,0.13215789198875427,-0.17869310081005096,-0.4582817256450653,0.02532833255827427,-0.3500778079032898,-0.6330333352088928,0.01775621809065342,-0.4395466148853302,-0.7248184680938721,0.008654197677969933,-0.4962821304798126,-0.8079583048820496,-0.0010997012723237276,-0.2184147834777832,-0.3880467712879181,-0.06645280122756958,-0.3481392562389374,-0.5378722548484802,-0.09097813814878464,-0.4193733334541321,-0.6163643002510071,-0.10289457440376282,-0.47309139370918274,-0.6882484555244446,-0.11454436182975769,SLEEP
0.0,0.0,0.0,0.19116342067718506,-0.08668345212936401,0.09152352809906006,0.27717795968055725,-0.23550695180892944,0.1390404999256134,0.33124083280563354,-0.3245657980442047,0.15548673272132874,0.3919052481651306,-0.36351868510246277,0.1685486137866974,0.2517033517360687,-0.456384539604187,0.16392092406749725,0.36079078912734985,-0.575874924659729,0.16552668809890747,0.4320260286331177,-0.6781768798828125,0.14580008387565613,0.48311808705329895,-0.7761645317077637,0.122860848903656,0.23095110058784485,-0.4757576882839203,0.0868821069598198,0.35779666900634766,-0.6275104284286499,0.07889838516712189,0.43103694915771484,-0.7529314756393433,0.04813259467482567,0.48704609274864197,-0.8731257319450378,0.02091958187520504,0.21230386197566986,-0.46581047773361206,0.005199319217354059,0.35218697786331177,-0.6297326683998108,-0.012274087406694889,0.42948704957962036,-0.7469123005867004,-0.040828604251146317,0.48488613963127136,-0.861735999584198,-0.0656573474407196,0.20652365684509277,-0.4315737187862396,-0.07272413372993469,0.32915180921554565,-0.5494564175605774,-0.09592632949352264,0.39421647787094116,-0.6419981718063354,-0.11421863734722137,0.44536149501800537,-0.7371383905410767,-0.1317647397518158,0.0,0.0,0.0,-0.17641042172908783,-0.06852857768535614,0.2020450383424759,-0.24442937970161438,-0.18231341242790222,0.2975127100944519,-0.2946194112300873,-0.2588232457637787,0.345584511756897,-0.34725475311279297,-0.3415551483631134,0.38515326380729675,-0.1810513287782669,-0.47993141412734985,0.2693248987197876,-0.29097381234169006,-0.6026341915130615,0.3225714862346649,-0.3486483097076416,-0.6625411510467529,0.34661534428596497,-0.3789246380329132,-0.7241602540016174,0.35293203592300415,-0.16990087926387787,-0.49720337986946106,0.15358585119247437,-0.3315732479095459,-0.6668517589569092,0.18566012382507324,-0.4142143726348877,-0.770553469657898,0.1904892772436142,-0.4614882469177246,-0.8672428131103516,0.18686462938785553,-0.17929783463478088,-0.4661347568035126,0.041013203561306,-0.35333120822906494,-0.646068274974823,0.04189145937561989,-0.4405428469181061,-0.7383779287338257,0.039168015122413635,-0.4941655397415161,-0.8241757154464722,0.03311847150325775,-0.22086979448795319,-0.4004124402999878,-0.05663863569498062,-0.34925955533981323,-0.5505911707878113,-0.08298464119434357,-0.4207789897918701,-0.6313706040382385,-0.09722688794136047,-0.4729098379611969,-0.7044947147369385,-0.10962127894163132,SLEEP
0.0,0.0,0.0,0.19253668189048767,-0.09436440467834473,0.10282087326049805,0.27617543935775757,-0.23980918526649475,0.1566905528306961,0.33136674761772156,-0.3221017122268677,0.1788138747215271,0.39146727323532104,-0.35605719685554504,0.1972881406545639,0.24389688670635223,-0.4586036205291748,0.16787965595722198,0.35853299498558044,-0.5799494385719299,0.17361056804656982,0.43338915705680847,-0.6808639764785767,0.1599540412425995,0.48768848180770874,-0.7757042646408081,0.1413629800081253,0.22261103987693787,-0.47270289063453674,0.08832657337188721,0.35506755113601685,-0.6270010471343994,0.07937755435705185,0.4317576587200165,-0.749952495098114,0.051022257655858994,0.49092182517051697,-0.8707870841026306,0.02693621814250946,0.20675817131996155,-0.45703837275505066,0.005815782118588686,0.3462817668914795,-0.6209234595298767,-0.012542126700282097,0.42512404918670654,-0.7377612590789795,-0.03996286168694496,0.4820171892642975,-0.8555676937103271,-0.0626988410949707,0.20567290484905243,-0.41837939620018005,-0.07133984565734863,0.32576027512550354,-0.5404492020606995,-0.09536749124526978,0.39129573106765747,-0.6323981881141663,-0.114578478038311,0.44344085454940796,-0.7252967357635498,-0.13205519318580627,0.0,0.0,0.0,-0.17838390171527863,-0.0682682916522026,0.20102746784687042,-0.2497161477804184,-0.18266093730926514,0.29464367032051086,-0.3024539053440094,-0.26742228865623474,0.3403209447860718,-0.35842591524124146,-0.35228869318962097,0.3779451549053192,-0.1914799064397812,-0.468875527381897,0.26893100142478943,-0.2962372899055481,-0.5887926816940308,0.32114171981811523,-0.35347071290016174,-0.6528949737548828,0.34649786353111267,-0.3842903673648834,-0.7184099555015564,0.35419660806655884,-0.1782912313938141,-0.48753437399864197,0.15116995573043823,-0.3305724859237671,-0.6597004532814026,0.1791227012872696,-0.4112395942211151,-0.768005907535553,0.18570095300674438,-0.45932403206825256,-0.8685877323150635,0.18594807386398315,-0.1855606734752655,-0.45881059765815735,0.03626568242907524,-0.3542594909667969,-0.6349378228187561,0.034055277705192566,-0.44353628158569336,-0.7277970314025879,0.03558855876326561,-0.4996734857559204,-0.8107072114944458,0.03480670228600502,-0.22436843812465668,-0.39466384053230286,-0.06428030878305435,-0.35219836235046387,-0.5400278568267822,-0.08955132216215134,-0.42307794094085693,-0.6203802824020386,-0.09974038600921631,-0.4723759889602661,-0.6931334733963013,-0.10797597467899323,SLEEP
0.0,0.0,0.0,0.18886059522628784,-0.07674737274646759,0.1005709245800972,0.27409225702285767,-0.21863923966884613,0.15594308078289032,0.3276161551475525,-0.3058767318725586,0.1800367832183838,0.38652482628822327,-0.3507798910140991,0.20072992146015167,0.2537136673927307,-0.44574180245399475,0.17496563494205475,0.36875787377357483,-0.5704131722450256,0.18741489946842194,0.4404436945915222,-0.6730144023895264,0.17721442878246307,0.491843044757843,-0.7689624428749084,0.1608518809080124,0.23106059432029724,-0.46541398763656616,0.09800242632627487,0.36108875274658203,-0.6246045827865601,0.09789439290761948,0.43454161286354065,-0.7504766583442688,0.07173918187618256,0.49094587564468384,-0.869867742061615,0.04798083379864693,0.21189053356647491,-0.45461857318878174,0.017508558928966522,0.35118892788887024,-0.6228067278862,0.005190491210669279,0.42959776520729065,-0.742897629737854,-0.024843452498316765,0.48457327485084534,-0.8588653802871704,-0.050541773438453674,0.20793022215366364,-0.4195241928100586,-0.057674504816532135,0.33093202114105225,-0.5439938306808472,-0.07720579206943512,0.39594367146492004,-0.6362660527229309,-0.09651950746774673,0.4469439387321472,-0.7300350666046143,-0.11487437784671783,0.0,0.0,0.0,-0.17776648700237274,-0.0654940977692604,0.19761629402637482,-0.245669424533844,-0.18531434237957,0.2919704020023346,-0.2988232970237732,-0.2726272940635681,0.34002000093460083,-0.3526613414287567,-0.36308908462524414,0.38072600960731506,-0.18870827555656433,-0.4623333215713501,0.2724791169166565,-0.29207849502563477,-0.582551121711731,0.3287699520587921,-0.35073086619377136,-0.6428845524787903,0.35562795400619507,-0.38328248262405396,-0.7063246369361877,0.36406072974205017,-0.17618578672409058,-0.48332422971725464,0.1586400270462036,-0.3251185417175293,-0.6577225923538208,0.18791671097278595,-0.40395480394363403,-0.7684895396232605,0.1924654245376587,-0.4518211781978607,-0.8712933659553528,0.19158661365509033,-0.18413014709949493,-0.45545634627342224,0.047749266028404236,-0.34605538845062256,-0.6356525421142578,0.046846527606248856,-0.42725810408592224,-0.7431322932243347,0.043408382683992386,-0.47979727387428284,-0.8410483598709106,0.03883973881602287,-0.2253093421459198,-0.3934813439846039,-0.04848862066864967,-0.35432472825050354,-0.5316420197486877,-0.06958544254302979,-0.4258840084075928,-0.6095633506774902,-0.0797819271683693,-0.4774046540260315,-0.6821109056472778,-0.08886009454727173,SLEEP
0.0,0.0,0.0,0.19351977109909058,-0.08735939860343933,0.12437954545021057,0.2757282555103302,-0.22297967970371246,0.19111298024654388,0.33055803179740906,-0.3075798451900482,0.2225228101015091,0.389272004365921,-0.3540884554386139,0.2510371506214142,0.25083044171333313,-0.45066577196121216,0.20686404407024384,0.36489418148994446,-0.5745763778686523,0.22754879295825958,0.4370550811290741,-0.6736800670623779,0.221369206905365,0.49046313762664795,-0.7673448920249939,0.2070046067237854,0.2279626876115799,-0.4677610695362091,0.12077442556619644,0.3582965135574341,-0.6278224587440491,0.1255316138267517,0.4339452087879181,-0.7498594522476196,0.10156122595071793,0.4927367568016052,-0.8665651082992554,0.0792175903916359,0.21150586009025574,-0.45616742968559265,0.03210774064064026,0.35213470458984375,-0.6248967051506042,0.025118388235569,0.43133190274238586,-0.7413206100463867,-0.0008771328721195459,0.48957058787345886,-0.855989933013916,-0.024221526458859444,0.2129630744457245,-0.42122963070869446,-0.04951098561286926,0.333939790725708,-0.5462855100631714,-0.06376645714044571,0.39820557832717896,-0.6377206444740295,-0.0798591896891594,0.4520335793495178,-0.7296765446662903,-0.09633945673704147,0.0,0.0,0.0,-0.1746426224708557,-0.06725505739450455,0.20967994630336761,-0.2413623183965683,-0.18803584575653076,0.3083471655845642,-0.294215589761734,-0.275970995426178,0.3584223687648773,-0.34958475828170776,-0.36791113018989563,0.39975014328956604,-0.18659283220767975,-0.467859148979187,0.277352511882782,-0.2922278046607971,-0.5908681750297546,0.3372413218021393,-0.3568327724933624,-0.6614320278167725,0.3695569634437561,-0.3957071602344513,-0.7306023240089417,0.38090935349464417,-0.17686766386032104,-0.48552829027175903,0.15705113112926483,-0.32674187421798706,-0.6609057784080505,0.188080295920372,-0.40773046016693115,-0.767427384853363,0.19601701200008392,-0.4557059109210968,-0.86790531873703,0.19766783714294434,-0.18885809183120728,-0.4574052095413208,0.04098261147737503,-0.3444053530693054,-0.636917769908905,0.04084234684705734,-0.42459502816200256,-0.7494483590126038,0.0390496589243412,-0.4744638204574585,-0.8499749302864075,0.035250864923000336,-0.2316197156906128,-0.39455848932266235,-0.059228088706731796,-0.35542961955070496,-0.530146062374115,-0.08144158869981766,-0.4284924864768982,-0.6107070446014404,-0.09255894273519516,-0.47934263944625854,-0.6848161816596985,-0.10239342600107193,SLEEP
0.0,0.0,0.0,0.1906978338956833,-0.08886029571294785,0.10047392547130585,0.27572983503341675,-0.23668073117733002,0.15301448106765747,0.329230934381485,-0.32355809211730957,0.1730421930551529,0.38571420311927795,-0.3676166236400604,0.18947511911392212,0.2580726444721222,-0.45474034547805786,0.17513027787208557,0.3642078638076782,-0.5822099447250366,0.18350954353809357,0.433074951171875,-0.6858367919921875,0.16939976811408997,0.48396751284599304,-0.7833313941955566,0.1497437208890915,0.2351633906364441,-0.474547415971756,0.09452071040868759,0.35891997814178467,-0.6312620043754578,0.09145324677228928,0.4321317672729492,-0.7552355527877808,0.06358523666858673,0.4883226454257965,-0.871826708316803,0.038198716938495636,0.21290649473667145,-0.4648821949958801,0.009754259139299393,0.3475435674190521,-0.6291518807411194,-0.0036725096870213747,0.42503926157951355,-0.7460607886314392,-0.030830850824713707,0.4818662106990814,-0.8601994514465332,-0.055339500308036804,0.20470882952213287,-0.4306143522262573,-0.07042822241783142,0.3244279623031616,-0.5511830449104309,-0.0899132639169693,0.39055174589157104,-0.6402467489242554,-0.10674388706684113,0.4451631009578705,-0.7309187054634094,-0.12398438900709152,0.0,0.0,0.0,-0.16494014859199524,-0.06739967316389084,0.22341221570968628,-0.23022061586380005,-0.1856333315372467,0.33194398880004883,-0.2845363914966583,-0.2714216411113739,0.3907139003276825,-0.34182310104370117,-0.36166852712631226,0.44072893261909485,-0.18490003049373627,-0.4604286849498749,0.29200634360313416,-0.2903001308441162,-0.5804871916770935,0.3573424816131592,-0.35523179173469543,-0.6457502841949463,0.39397290349006653,-0.39305055141448975,-0.7104214429855347,0.4079866409301758,-0.18060298264026642,-0.4808717370033264,0.16792133450508118,-0.3272953927516937,-0.6573609113693237,0.20178884267807007,-0.40753209590911865,-0.7637736201286316,0.2115863859653473,-0.4561505615711212,-0.863660454750061,0.21451619267463684,-0.19656112790107727,-0.455854207277298,0.048785250633955,-0.3465127646923065,-0.6356143951416016,0.04848775640130043,-0.4247671365737915,-0.7514375448226929,0.04434749856591225,-0.4731219410896301,-0.8531783223152161,0.039062391966581345,-0.2414689064025879,-0.3963289260864258,-0.05271762236952782,-0.3604927361011505,-0.5271363258361816,-0.07845409214496613,-0.4332740008831024,-0.6082967519760132,-0.0946752279996872,-0.4839778244495392,-0.6836129426956177,-0.10811921954154968,SLEEP
0.0,0.0,0.0,0.18189361691474915,-0.08057407289743423,0.08155608922243118,0.27067190408706665,-0.23211443424224854,0.12477446347475052,0.32738417387008667,-0.32296475768089294,0.1386108547449112,0.38706809282302856,-0.36471912264823914,0.14906056225299835,0.2572929859161377,-0.4465664029121399,0.15192638337612152,0.36403995752334595,-0.5678220391273499,0.15070225298404694,0.4349737763404846,-0.6646382808685303,0.12918531894683838,0.488302081823349,-0.7537279725074768,0.10631150007247925,0.236796572804451,-0.46503597497940063,0.07907973974943161,0.3567914664745331,-0.6257723569869995,0.07006160169839859,0.4296436905860901,-0.7537319660186768,0.03831420838832855,0.487831175327301,-0.872871994972229,0.010730820707976818,0.21624690294265747,-0.45865583419799805,0.0009370105108246207,0.3472980856895447,-0.6284286975860596,-0.016611753031611443,0.4250597357749939,-0.7489121556282043,-0.0472143292427063,0.48338934779167175,-0.8622168302536011,-0.07345324009656906,0.20394353568553925,-0.43099433183670044,-0.07414008677005768,0.32194024324417114,-0.5503478646278381,-0.09379715472459793,0.38919562101364136,-0.6401888132095337,-0.11053957790136337,0.4443860352039337,-0.7311688661575317,-0.12771622836589813,0.0,0.0,0.0,-0.15969036519527435,-0.08303096890449524,0.21321038901805878,-0.22050613164901733,-0.2031979262828827,0.31293606758117676,-0.2707533836364746,-0.29466116428375244,0.36437883973121643,-0.3261958956718445,-0.3818238079547882,0.40885600447654724,-0.18031074106693268,-0.4733659029006958,0.27064576745033264,-0.28785088658332825,-0.5977730751037598,0.3285644054412842,-0.34680846333503723,-0.6658066511154175,0.35751569271087646,-0.3816814720630646,-0.7296288013458252,0.3666629195213318,-0.1715746372938156,-0.48914483189582825,0.15085634589195251,-0.3250947892665863,-0.6632724404335022,0.18831966817378998,-0.40705248713493347,-0.7739165425300598,0.19587881863117218,-0.45914962887763977,-0.8675661683082581,0.1910771131515503,-0.1859651505947113,-0.458223819732666,0.036538589745759964,-0.362029105424881,-0.6177403926849365,0.048230405896902084,-0.44353485107421875,-0.6686689257621765,0.05752291902899742,-0.4911454916000366,-0.7064525485038757,0.055965304374694824,-0.234145388007164,-0.39624837040901184,-0.06298376619815826,-0.362910658121109,-0.5375357866287231,-0.08506788313388824,-0.4291025996208191,-0.6190345287322998,-0.09779820591211319,-0.4774329364299774,-0.6880969405174255,-0.1110626757144928,SLEEP
0.0,0.0,0.0,0.18557877838611603,-0.08511704206466675,0.09916102886199951,0.27327433228492737,-0.23323309421539307,0.15614403784275055,0.3290347158908844,-0.32650846242904663,0.18239973485469818,0.38861992955207825,-0.363290399312973,0.2061271369457245,0.25211602449417114,-0.45451226830482483,0.17664162814617157,0.3627682328224182,-0.5840322971343994,0.188025563955307,0.4344615936279297,-0.6878630518913269,0.17781567573547363,0.48655521869659424,-0.7843067646026611,0.16146641969680786,0.23225240409374237,-0.4699903726577759,0.10108350217342377,0.3581254184246063,-0.6269629597663879,0.09757664054632187,0.43396881222724915,-0.7491285800933838,0.07192643731832504,0.49390557408332825,-0.868099570274353,0.04960276186466217,0.21607980132102966,-0.45924514532089233,0.02140188403427601,0.34999901056289673,-0.626020610332489,0.007107375655323267,0.42935043573379517,-0.7434529066085815,-0.019248515367507935,0.4890078008174896,-0.8589165806770325,-0.04150807857513428,0.21365973353385925,-0.42806148529052734,-0.05352015420794487,0.32875916361808777,-0.5564137697219849,-0.07522597908973694,0.39424505829811096,-0.649887204170227,-0.09415413439273834,0.4481978118419647,-0.7422178387641907,-0.11154839396476746,0.0,0.0,0.0,-0.15937237441539764,-0.06561911851167679,0.225226491689682,-0.22506366670131683,-0.18494921922683716,0.336092084646225,-0.2791159451007843,-0.2739730179309845,0.3952747881412506,-0.3405071198940277,-0.362776517868042,0.4473487138748169,-0.18501055240631104,-0.46018925309181213,0.3140544295310974,-0.2927885353565216,-0.5768529772758484,0.3901597857475281,-0.3522520065307617,-0.6362180113792419,0.4302949607372284,-0.38734403252601624,-0.6951099634170532,0.4481280446052551,-0.18069195747375488,-0.4819127023220062,0.19201087951660156,-0.3226284682750702,-0.6587205529212952,0.2463502138853073,-0.4027957320213318,-0.7639603614807129,0.26535043120384216,-0.4512667655944824,-0.8494075536727905,0.27361470460891724,-0.19814981520175934,-0.45937106013298035,0.07421281933784485,-0.3537961542606354,-0.6370505690574646,0.09815637767314911,-0.4350484013557434,-0.7185242176055908,0.11538882553577423,-0.4844954311847687,-0.7764794826507568,0.12356724590063095,-0.24749672412872314,-0.4026363492012024,-0.02813010662794113,-0.37376633286476135,-0.5454025268554688,-0.030445674434304237,-0.44124242663383484,-0.617631733417511,-0.025419246405363083,-0.4854430556297302,-0.6726498007774353,-0.02310897223651409,SLEEP
0.0,0.0,0.0,0.1874367594718933,-0.08843006938695908,0.09428954124450684,0.2736293375492096,-0.23959441483020782,0.14608879387378693,0.3278972804546356,-0.32924187183380127,0.16653841733932495,0.3846066892147064,-0.3669282793998718,0.1838972121477127,0.25574713945388794,-0.45787331461906433,0.17253395915031433,0.3623032867908478,-0.5828930735588074,0.1783294379711151,0.4331353008747101,-0.6877136826515198,0.16197429597377777,0.48442602157592773,-0.7855218052864075,0.14110948145389557,0.23538783192634583,-0.4744378626346588,0.0954706072807312,0.36076706647872925,-0.6281175017356873,0.08980031311511993,0.43519848585128784,-0.7506071329116821,0.06003188714385033,0.4926336705684662,-0.8695772290229797,0.03387628495693207,0.21614164113998413,-0.4637701213359833,0.0136012714356184,0.35132119059562683,-0.6287790536880493,-0.0019681723788380623,0.42862528562545776,-0.7453619837760925,-0.03013692796230316,0.48518043756484985,-0.8609460592269897,-0.05457199737429619,0.2082558125257492,-0.4319590926170349,-0.06430958956480026,0.3260239064693451,-0.5540021657943726,-0.08573858439922333,0.39198145270347595,-0.6440767645835876,-0.10414139926433563,0.44581249356269836,-0.7358604073524475,-0.12204283475875854,0.0,0.0,0.0,-0.1735951155424118,-0.0748569592833519,0.17874625325202942,-0.23619088530540466,-0.20318503677845,0.25708773732185364,-0.2906345725059509,-0.3009624183177948,0.2921234667301178,-0.35204946994781494,-0.39028361439704895,0.3186091184616089,-0.17628279328346252,-0.47332823276519775,0.23128031194210052,-0.2988632917404175,-0.5977634191513062,0.27682363986968994,-0.3647107779979706,-0.6679319143295288,0.29535555839538574,-0.40784645080566406,-0.7424620389938354,0.2971018850803375,-0.1649816334247589,-0.4936389625072479,0.12406058609485626,-0.3265206217765808,-0.6664377450942993,0.15057818591594696,-0.40906602144241333,-0.7756014466285706,0.14968037605285645,-0.4583579897880554,-0.8776370882987976,0.14021815359592438,-0.17808549106121063,-0.45995035767555237,0.020827699452638626,-0.34787383675575256,-0.6388952732086182,0.02313327044248581,-0.4324464201927185,-0.7364132404327393,0.017757581546902657,-0.4832822382450104,-0.8237408995628357,0.006495731417089701,-0.2268880158662796,-0.3875533938407898,-0.06948357075452805,-0.35424038767814636,-0.5308102965354919,-0.08624996244907379,-0.42618975043296814,-0.6106372475624084,-0.0964021161198616,-0.4772515296936035,-0.683247983455658,-0.10925458371639252,SLEEP
0.0,0.0,0.0,0.18739788234233856,-0.0941099300980568,0.09865971654653549,0.27206358313560486,-0.24252188205718994,0.1507452428340912,0.32747682929039,-0.33265286684036255,0.17176739871501923,0.3846709132194519,-0.3699935972690582,0.19013598561286926,0.24778777360916138,-0.46400177478790283,0.1700122356414795,0.35833463072776794,-0.588883101940155,0.17630383372306824,0.42943912744522095,-0.6918365955352783,0.1615711897611618,0.4807363748550415,-0.7870591878890991,0.1421567052602768,0.2263166606426239,-0.4782041907310486,0.09232161939144135,0.3557678461074829,-0.63308185338974,0.08555829524993896,0.430314838886261,-0.754359781742096,0.05743687227368355,0.48786649107933044,-0.8722949624061584,0.032980047166347504,0.20852112770080566,-0.4656652808189392,0.010879932902753353,0.3474788963794708,-0.6296207904815674,-0.004079962614923716,0.42459365725517273,-0.7455422878265381,-0.02963770180940628,0.4817335605621338,-0.8608524203300476,-0.05208570510149002,0.2038622796535492,-0.4315478503704071,-0.06603559851646423,0.32253575325012207,-0.552871823310852,-0.08595563471317291,0.38859066367149353,-0.6441434621810913,-0.10295101255178452,0.4436721205711365,-0.7365401983261108,-0.11961601674556732,0.0,0.0,0.0,-0.16667331755161285,-0.0729932114481926,0.22038227319717407,-0.23410983383655548,-0.19141219556331635,0.3233862817287445,-0.29098033905029297,-0.2832583487033844,0.3755446672439575,-0.35413509607315063,-0.36989182233810425,0.4201488196849823,-0.19012750685214996,-0.46031537652015686,0.29343506693840027,-0.2973198890686035,-0.5750757455825806,0.3604019284248352,-0.35721006989479065,-0.6358420252799988,0.3963645398616791,-0.39257538318634033,-0.6954613327980042,0.41133350133895874,-0.18598021566867828,-0.47939375042915344,0.17130713164806366,-0.32810261845588684,-0.6578812599182129,0.21436339616775513,-0.4079855978488922,-0.7655310034751892,0.2302255779504776,-0.4567594528198242,-0.8573852777481079,0.23719440400600433,-0.20199204981327057,-0.45391184091567993,0.05400007590651512,-0.3565790355205536,-0.627870500087738,0.0689692273736,-0.44025304913520813,-0.7124613523483276,0.08192980289459229,-0.49247443675994873,-0.7766922116279602,0.08751624077558517,-0.2465278059244156,-0.393453985452652,-0.047708671540021896,-0.3682946562767029,-0.5246972441673279,-0.05337418615818024,-0.43957042694091797,-0.5947582125663757,-0.05088062956929207,-0.4872387945652008,-0.6505340933799744,-0.050878945738077164,SLEEP
0.0,0.0,0.0,0.18951889872550964,-0.09019885212182999,0.10691992193460464,0.2733822166919708,-0.23163656890392303,0.16443172097206116,0.3252781927585602,-0.3274194300174713,0.18996857106685638,0.38478511571884155,-0.36681023240089417,0.2126409113407135,0.25736019015312195,-0.4561502933502197,0.18269214034080505,0.3688141703605652,-0.5817442536354065,0.19571426510810852,0.43717849254608154,-0.6848757863044739,0.18590234220027924,0.4861069321632385,-0.7813434600830078,0.16942279040813446,0.23443908989429474,-0.47221702337265015,0.1030087098479271,0.3624105453491211,-0.6291991472244263,0.10070167481899261,0.43485090136528015,-0.7514215707778931,0.07607913017272949,0.49024447798728943,-0.8699243664741516,0.0537770576775074,0.21432843804359436,-0.46219033002853394,0.01987629011273384,0.351865291595459,-0.6292486786842346,0.008349314332008362,0.42795446515083313,-0.7460557818412781,-0.015162041410803795,0.4842556416988373,-0.8626521825790405,-0.036740902811288834,0.207559272646904,-0.4318324625492096,-0.057955190539360046,0.3265933096408844,-0.5573621988296509,-0.07661540061235428,0.3922365605831146,-0.6508024334907532,-0.09339264035224915,0.44663289189338684,-0.7446230053901672,-0.11014958471059799,0.0,0.0,0.0,-0.16512078046798706,-0.0889422744512558,0.22731703519821167,-0.22855937480926514,-0.20508550107479095,0.32778117060661316,-0.28597667813301086,-0.30119818449020386,0.3764427900314331,-0.35172978043556213,-0.3901248574256897,0.41671639680862427,-0.18419601023197174,-0.4762765169143677,0.28487610816955566,-0.3032378554344177,-0.5875948071479797,0.3486338257789612,-0.3692095875740051,-0.6506266593933105,0.38254278898239136,-0.4103696644306183,-0.7150996327400208,0.3951031565666199,-0.17839394509792328,-0.4908202588558197,0.15785130858421326,-0.3339632451534271,-0.6608462333679199,0.19938181340694427,-0.41606438159942627,-0.763526439666748,0.21412688493728638,-0.4675704836845398,-0.8569294810295105,0.21690957248210907,-0.19459353387355804,-0.4595523476600647,0.037389326840639114,-0.3627111613750458,-0.6221401691436768,0.05426322668790817,-0.4456469714641571,-0.6895930171012878,0.07240112870931625,-0.4942997992038727,-0.7429864406585693,0.07826370745897293,-0.24131403863430023,-0.39630722999572754,-0.0673181563615799,-0.36344531178474426,-0.5397292971611023,-0.07787321507930756,-0.4324672818183899,-0.6176550388336182,-0.07807938754558563,-0.48138147592544556,-0.6805270314216614,-0.08137746900320053,SLEEP
0.0,0.0,0.0,0.1913050413131714,-0.09650847315788269,0.10633116960525513,0.27509915828704834,-0.2424275279045105,0.15812832117080688,0.3290046453475952,-0.3354673981666565,0.17687630653381348,0.3857296407222748,-0.37025558948516846,0.19204173982143402,0.2526392340660095,-0.4638216197490692,0.17156873643398285,0.3662051856517792,-0.5875465273857117,0.17768661677837372,0.4356507658958435,-0.6904251575469971,0.16362009942531586,0.48590558767318726,-0.7870943546295166,0.14387251436710358,0.2289915531873703,-0.47744470834732056,0.0874236524105072,0.36060476303100586,-0.6309506297111511,0.07890184968709946,0.43579208850860596,-0.7525725364685059,0.05088530108332634,0.492567777633667,-0.86988365650177,0.026066521182656288,0.20806920528411865,-0.4643031358718872,0.0003125615185126662,0.34908825159072876,-0.6290727853775024,-0.014790511690080166,0.4267582893371582,-0.7434479594230652,-0.03798142448067665,0.4842500388622284,-0.8587363362312317,-0.05984336510300636,0.2019553780555725,-0.42869770526885986,-0.08175094425678253,0.3214772343635559,-0.5522615313529968,-0.10237232595682144,0.3883194625377655,-0.6454415321350098,-0.11866717785596848,0.44375288486480713,-0.7388438582420349,-0.13546721637248993,0.0,0.0,0.0,-0.17091123759746552,-0.07677270472049713,0.21849195659160614,-0.2364788055419922,-0.19329991936683655,0.3194580078125,-0.29639700055122375,-0.2863050699234009,0.3695310056209564,-0.3602083921432495,-0.3689264953136444,0.41210663318634033,-0.18947310745716095,-0.468991219997406,0.28931087255477905,-0.30793246626853943,-0.5880095958709717,0.3572143018245697,-0.3754442036151886,-0.665147602558136,0.39399465918540955,-0.41814032196998596,-0.7385673522949219,0.4076576828956604,-0.18256601691246033,-0.48923441767692566,0.16627979278564453,-0.33110129833221436,-0.6600308418273926,0.21434932947158813,-0.4133167266845703,-0.7645320892333984,0.23020969331264496,-0.4642144739627838,-0.8545994758605957,0.2327331155538559,-0.19692572951316833,-0.4614747166633606,0.048278044909238815,-0.3605976700782776,-0.6172993183135986,0.06748959422111511,-0.44237861037254333,-0.6717026233673096,0.08362585306167603,-0.4898753762245178,-0.7132675051689148,0.08745931833982468,-0.24285666644573212,-0.3996402323246002,-0.055155567824840546,-0.361576646566391,-0.5370693206787109,-0.06716401875019073,-0.43154895305633545,-0.6088271737098694,-0.07063562422990799,-0.4810766577720642,-0.6670348048210144,-0.07638591527938843,SLEEP
0.0,0.0,0.0,0.19168846309185028,-0.0974736362695694,0.10748898983001709,0.2765393853187561,-0.244598388671875,0.1634012758731842,0.3308264911174774,-0.3386010229587555,0.18642275035381317,0.3867379426956177,-0.3759974241256714,0.20628495514392853,0.26262301206588745,-0.4601171910762787,0.18226931989192963,0.37050318717956543,-0.589070200920105,0.19501465559005737,0.4361835718154907,-0.6948449015617371,0.18493039906024933,0.4833415448665619,-0.7939289212226868,0.16795329749584198,0.23807469010353088,-0.4760899245738983,0.10020052641630173,0.3618721663951874,-0.6319167613983154,0.09745804965496063,0.43262940645217896,-0.7556613087654114,0.0724945142865181,0.4856603741645813,-0.8727310299873352,0.04974464327096939,0.21379689872264862,-0.46632686257362366,0.014658236876130104,0.3490542769432068,-0.6286451816558838,0.004185659810900688,0.424622118473053,-0.7441490292549133,-0.01757015660405159,0.48042500019073486,-0.8576786518096924,-0.0385005958378315,0.20213139057159424,-0.4341856837272644,-0.06587211787700653,0.32267794013023376,-0.5569489002227783,-0.0818607360124588,0.3910492956638336,-0.6489144563674927,-0.09617382287979126,0.4485240876674652,-0.739759624004364,-0.11184091866016388,0.0,0.0,0.0,-0.15366287529468536,-0.06957787275314331,0.23904965817928314,-0.2205813229084015,-0.17637751996517181,0.3562610447406769,-0.2798355221748352,-0.26010966300964355,0.42257049679756165,-0.3447572588920593,-0.34031516313552856,0.48310422897338867,-0.1909739077091217,-0.4668850600719452,0.30299171805381775,-0.2954055070877075,-0.5718482136726379,0.37930795550346375,-0.35933732986450195,-0.6265970468521118,0.4256834387779236,-0.39415451884269714,-0.6743356585502625,0.4490373730659485,-0.19790692627429962,-0.47645893692970276,0.17960475385189056,-0.33244216442108154,-0.6508603096008301,0.23042483627796173,-0.4141489863395691,-0.7503167390823364,0.2570846974849701,-0.4697578549385071,-0.8397469520568848,0.2723098695278168,-0.21725594997406006,-0.44758152961730957,0.0637839213013649,-0.3677433133125305,-0.5984122157096863,0.0848720520734787,-0.4471181035041809,-0.6416254043579102,0.11513587832450867,-0.4920404851436615,-0.6731451153755188,0.13455259799957275,-0.26163893938064575,-0.3900718688964844,-0.03507658839225769,-0.37256696820259094,-0.5300238132476807,-0.05043946951627731,-0.4416268765926361,-0.6079434156417847,-0.04963207617402077,-0.4875466227531433,-0.6719645261764526,-0.04637086018919945,SLEEP
0.0,0.0,0.0,0.1955806016921997,-0.09914908558130264,0.10509855300188065,0.27696678042411804,-0.2420208752155304,0.15654462575912476,0.3293793797492981,-0.3311883807182312,0.175894632935524,0.38971948623657227,-0.37523186206817627,0.19243216514587402,0.25446075201034546,-0.4661162197589874,0.17075689136981964,0.36643803119659424,-0.5896177887916565,0.1771208941936493,0.4352644085884094,-0.6951862573623657,0.16298294067382812,0.4847748279571533,-0.7943708300590515,0.14364221692085266,0.23084890842437744,-0.48027753829956055,0.08974345773458481,0.36240461468696594,-0.6345086693763733,0.08407304435968399,0.43560680747032166,-0.7540788650512695,0.05818174034357071,0.49245378375053406,-0.8696692585945129,0.03412535414099693,0.21130062639713287,-0.46701958775520325,0.00577099435031414,0.3543967306613922,-0.6296898722648621,-0.006737683899700642,0.43015363812446594,-0.7416077256202698,-0.02850230410695076,0.4862297773361206,-0.8536983728408813,-0.04965726286172867,0.20700126886367798,-0.4300236403942108,-0.07326402515172958,0.32786163687705994,-0.5508618354797363,-0.09140052646398544,0.3929392993450165,-0.643165111541748,-0.10654888302087784,0.44596898555755615,-0.7365319132804871,-0.12253548949956894,0.0,0.0,0.0,-0.16668589413166046,-0.07213873416185379,0.23123309016227722,-0.23201195895671844,-0.17859338223934174,0.33923786878585815,-0.29192134737968445,-0.2679302394390106,0.3957911431789398,-0.35638627409935,-0.35072219371795654,0.44602668285369873,-0.18675118684768677,-0.4754704535007477,0.2937336266040802,-0.2994641363620758,-0.5824342966079712,0.36270254850387573,-0.3637273907661438,-0.6412172317504883,0.39973941445350647,-0.40259644389152527,-0.6979503035545349,0.41429436206817627,-0.18618769943714142,-0.4881840944290161,0.16844989359378815,-0.33399897813796997,-0.6585841774940491,0.21132725477218628,-0.4165719747543335,-0.7616851925849915,0.22623462975025177,-0.4725187122821808,-0.8511156439781189,0.22875379025936127,-0.20089717209339142,-0.4558376669883728,0.05002281069755554,-0.3754422664642334,-0.5916107296943665,0.06451083719730377,-0.46174344420433044,-0.6054384708404541,0.0847989097237587,-0.5097418427467346,-0.6178457736968994,0.09382130950689316,-0.24418364465236664,-0.3929941654205322,-0.05244554206728935,-0.36543405055999756,-0.5317121148109436,-0.07169941812753677,-0.4409922957420349,-0.610573947429657,-0.07855766266584396,-0.4946547746658325,-0.6784159541130066,-0.08520981669425964,SLEEP
0.0,0.0,0.0,0.19316917657852173,-0.09576141834259033,0.08984323590993881,0.2762785255908966,-0.2452366054058075,0.1356927454471588,0.328804075717926,-0.33476585149765015,0.1510336697101593,0.3821895122528076,-0.3792247772216797,0.16362111270427704,0.2626308500766754,-0.4643428325653076,0.16262760758399963,0.3704086244106293,-0.5898751020431519,0.16443175077438354,0.4384719133377075,-0.6970634460449219,0.14494666457176208,0.486202210187912,-0.7992337346076965,0.12220140546560287,0.23765964806079865,-0.4806840419769287,0.08628172427415848,0.36218011379241943,-0.6304435133934021,0.07869557291269302,0.43381932377815247,-0.7529459595680237,0.0485040545463562,0.4880588948726654,-0.8725447654724121,0.021541858091950417,0.21474504470825195,-0.4703949987888336,0.005273532122373581,0.34959831833839417,-0.627397358417511,-0.009272901341319084,0.42501839995384216,-0.7427852749824524,-0.03334403038024902,0.4805349111557007,-0.8573861122131348,-0.05521632358431816,0.20509406924247742,-0.43635258078575134,-0.07257292419672012,0.32595089077949524,-0.556725263595581,-0.09010566025972366,0.393957257270813,-0.6478344202041626,-0.1035299077630043,0.45070719718933105,-0.7396392226219177,-0.1179017573595047,0.0,0.0,0.0,-0.17604294419288635,-0.06685882806777954,0.22079423069953918,-0.24330852925777435,-0.1744377613067627,0.3251398503780365,-0.30230987071990967,-0.2648588716983795,0.37910887598991394,-0.36395466327667236,-0.35124531388282776,0.4260597229003906,-0.18753989040851593,-0.4636184275150299,0.2997540831565857,-0.30020949244499207,-0.5744799375534058,0.37310150265693665,-0.36685022711753845,-0.6361585259437561,0.41099026799201965,-0.40790030360221863,-0.6954314112663269,0.4261246919631958,-0.18421199917793274,-0.4801104664802551,0.17872418463230133,-0.3318825364112854,-0.6559287309646606,0.2257230430841446,-0.4143519699573517,-0.7574647665023804,0.24011120200157166,-0.46805933117866516,-0.8492072820663452,0.2444738745689392,-0.19865354895591736,-0.45347991585731506,0.06313148885965347,-0.3597045838832855,-0.6136854887008667,0.0823027715086937,-0.4425467848777771,-0.6885155439376831,0.09623920917510986,-0.4931966960430145,-0.7548511028289795,0.1011967882514,-0.24294060468673706,-0.3965068459510803,-0.03707268089056015,-0.3646598160266876,-0.5356665253639221,-0.041580066084861755,-0.43667712807655334,-0.6127389669418335,-0.03937006741762161,-0.48467889428138733,-0.6806471943855286,-0.04023611918091774,SLEEP
0.0,0.0,0.0,0.18750923871994019,-0.09666413813829422,0.10750754177570343,0.270347535610199,-0.2407335788011551,0.16491004824638367,0.32364383339881897,-0.3308740556240082,0.18994870781898499,0.37991419434547424,-0.3774474263191223,0.21200153231620789,0.26076945662498474,-0.45901626348495483,0.18333081901073456,0.3681921660900116,-0.5877535939216614,0.1940748244524002,0.4361734986305237,-0.6932665109634399,0.18193396925926208,0.48505955934524536,-0.793479323387146,0.16370859742164612,0.23852556943893433,-0.4750961661338806,0.10192278772592545,0.36223104596138,-0.6319099068641663,0.09907174110412598,0.4340304136276245,-0.7530528903007507,0.07294055074453354,0.4887545108795166,-0.8710445761680603,0.04899181053042412,0.21557529270648956,-0.4675266444683075,0.016872895881533623,0.34852856397628784,-0.6314478516578674,0.004951287526637316,0.4236082434654236,-0.7477648854255676,-0.018170619383454323,0.47946488857269287,-0.8648045063018799,-0.039844024926424026,0.20424026250839233,-0.43953680992126465,-0.0630435049533844,0.3215550482273102,-0.5642107725143433,-0.08268819004297256,0.3877730369567871,-0.6556675434112549,-0.09914079308509827,0.4432554543018341,-0.7479774951934814,-0.11567319184541702,0.0,0.0,0.0,-0.188459113240242,-0.07080132514238358,0.20351393520832062,-0.2581416666507721,-0.1844201534986496,0.294891893863678,-0.3186160624027252,-0.2771020531654358,0.33703184127807617,-0.38241779804229736,-0.36628368496894836,0.3737891614437103,-0.19755832850933075,-0.46637269854545593,0.28053176403045654,-0.3062867224216461,-0.5696349143981934,0.3408975899219513,-0.36597463488578796,-0.6234578490257263,0.3681901693344116,-0.40081584453582764,-0.6809127330780029,0.3761794865131378,-0.19173087179660797,-0.4816540479660034,0.1614425629377365,-0.33291637897491455,-0.6556002497673035,0.19311803579330444,-0.4139770269393921,-0.762322723865509,0.19859392940998077,-0.46884042024612427,-0.8609710335731506,0.19727520644664764,-0.2001909613609314,-0.4518868327140808,0.046024780720472336,-0.3656523525714874,-0.6112356185913086,0.051754195243120193,-0.45159992575645447,-0.6660729050636292,0.06341993808746338,-0.5037460923194885,-0.7167180776596069,0.06910114735364914,-0.23424340784549713,-0.39322659373283386,-0.055783309042453766,-0.36183828115463257,-0.5362817645072937,-0.0661238506436348,-0.4361880421638489,-0.6068437695503235,-0.06385552138090134,-0.486497163772583,-0.669452965259552,-0.06444719433784485,SLEEP
0.0,0.0,0.0,0.1853378415107727,-0.0958898514509201,0.09797496348619461,0.26706811785697937,-0.2421288937330246,0.1472954899072647,0.3208935856819153,-0.33132436871528625,0.16510121524333954,0.3767956495285034,-0.37614625692367554,0.17935310304164886,0.2607548236846924,-0.4569624364376068,0.1644226312637329,0.3674922287464142,-0.5867528915405273,0.1680542379617691,0.43452736735343933,-0.6930975317955017,0.15168726444244385,0.4831727147102356,-0.7939334511756897,0.1308417022228241,0.23920218646526337,-0.4722501039505005,0.08460310846567154,0.3609287440776825,-0.6304081678390503,0.07661768049001694,0.43169885873794556,-0.7541959881782532,0.04804367944598198,0.48586416244506836,-0.873752236366272,0.022208504378795624,0.21604101359844208,-0.463420033454895,0.000981666729785502,0.345573753118515,-0.6296659708023071,-0.0149657242000103,0.4188070297241211,-0.7465801239013672,-0.03943222388625145,0.4733389914035797,-0.8629485964775085,-0.06217684969305992,0.20279762148857117,-0.4338458776473999,-0.07829269766807556,0.31688451766967773,-0.5573188662528992,-0.10006891191005707,0.38218778371810913,-0.6484525203704834,-0.11686497181653976,0.4371291697025299,-0.740846574306488,-0.1339036524295807,0.0,0.0,0.0,-0.19204436242580414,-0.07201939821243286,0.20839594304561615,-0.2581076920032501,-0.18997402489185333,0.30246543884277344,-0.3180438280105591,-0.2882438898086548,0.3485199511051178,-0.3827818036079407,-0.3851257860660553,0.3900110125541687,-0.18839766085147858,-0.46788665652275085,0.28254804015159607,-0.2993834912776947,-0.5675932765007019,0.3484521806240082,-0.36386874318122864,-0.6134282946586609,0.37979254126548767,-0.40034934878349304,-0.6638984680175781,0.3905068337917328,-0.18608665466308594,-0.4809984862804413,0.16521263122558594,-0.3295588791370392,-0.6560688018798828,0.2022850215435028,-0.41422176361083984,-0.7576685547828674,0.21050606667995453,-0.46979305148124695,-0.8573805689811707,0.2102215737104416,-0.19836008548736572,-0.4519280195236206,0.053169410675764084,-0.36086079478263855,-0.6132568717002869,0.06934426724910736,-0.44615328311920166,-0.6675938367843628,0.0893869623541832,-0.49519655108451843,-0.7174382209777832,0.09834939241409302,-0.23588447272777557,-0.39545366168022156,-0.04527609422802925,-0.3579501509666443,-0.5447169542312622,-0.04701995104551315,-0.4292873740196228,-0.6296165585517883,-0.03927750512957573,-0.47706249356269836,-0.704099714756012,-0.03705597296357155,SLEEP
0.0,0.0,0.0,0.18032367527484894,-0.09472467005252838,0.09035035222768784,0.26269805431365967,-0.24223163723945618,0.13667486608028412,0.3164653480052948,-0.33044275641441345,0.15332776308059692,0.37372246384620667,-0.37053677439689636,0.1670379936695099,0.2556648254394531,-0.46026259660720825,0.15440720319747925,0.3643414378166199,-0.5935615301132202,0.15620116889476776,0.4328470230102539,-0.7003650665283203,0.13980869948863983,0.48147639632225037,-0.8015084266662598,0.11967676132917404,0.2350146770477295,-0.47339099645614624,0.07906494289636612,0.35756996273994446,-0.6315293312072754,0.06996253877878189,0.43074941635131836,-0.7545938491821289,0.041751936078071594,0.48629945516586304,-0.8736333847045898,0.016659162938594818,0.2138938158750534,-0.46534156799316406,-0.00021285269758664072,0.3423200845718384,-0.6307426691055298,-0.01698024943470955,0.4176463484764099,-0.7479829788208008,-0.041453711688518524,0.47405263781547546,-0.862623393535614,-0.06336439400911331,0.20271040499210358,-0.43926802277565,-0.07569808512926102,0.31389233469963074,-0.5664861798286438,-0.09898040443658829,0.37949079275131226,-0.6610272526741028,-0.11663883924484253,0.4342871904373169,-0.7531186938285828,-0.1333378404378891,0.0,0.0,0.0,-0.19344410300254822,-0.06892988085746765,0.19754116237163544,-0.2645854353904724,-0.1845853477716446,0.29331183433532715,-0.32509028911590576,-0.27357614040374756,0.34343743324279785,-0.38952457904815674,-0.36164262890815735,0.39022502303123474,-0.19093362987041473,-0.4705742597579956,0.28138303756713867,-0.3066639304161072,-0.5805874466896057,0.3461284935474396,-0.3708451986312866,-0.6314326524734497,0.3750969469547272,-0.4081074297428131,-0.6837764382362366,0.3851948082447052,-0.18080714344978333,-0.4871003031730652,0.17365989089012146,-0.32913097739219666,-0.659551203250885,0.21226190030574799,-0.4143437445163727,-0.7637098431587219,0.21818126738071442,-0.46855512261390686,-0.8566334843635559,0.21595188975334167,-0.19002728164196014,-0.45696794986724854,0.06999997049570084,-0.3640550374984741,-0.6121039390563965,0.08590895682573318,-0.45306575298309326,-0.6417450308799744,0.10311659425497055,-0.5023096203804016,-0.6678240299224854,0.11216003447771072,-0.22978702187538147,-0.39597731828689575,-0.020794030278921127,-0.3606402277946472,-0.5455518364906311,-0.025714844465255737,-0.4349186420440674,-0.6167684197425842,-0.021861951798200607,-0.4850771129131317,-0.6755692362785339,-0.02032742090523243,SLEEP
0.0,0.0,0.0,0.18226413428783417,-0.09576456993818283,0.0998380109667778,0.2663647532463074,-0.24416272342205048,0.15241463482379913,0.32304227352142334,-0.32898759841918945,0.17347024381160736,0.3793691396713257,-0.3661130964756012,0.19080348312854767,0.24934245645999908,-0.45953795313835144,0.16622169315814972,0.3596382141113281,-0.5897006392478943,0.17118440568447113,0.43018868565559387,-0.6974538564682007,0.15634073317050934,0.4799957573413849,-0.7996851205825806,0.13700281083583832,0.2306399941444397,-0.4733820855617523,0.08717115223407745,0.3563624918460846,-0.6295256018638611,0.08106298744678497,0.43015462160110474,-0.7534634470939636,0.05453507602214813,0.48556381464004517,-0.8736710548400879,0.03044278174638748,0.2121005356311798,-0.4637224078178406,0.004488972015678883,0.3434656858444214,-0.629912257194519,-0.009215925820171833,0.41961631178855896,-0.7478621602058411,-0.03245372697710991,0.4754400849342346,-0.8649479746818542,-0.05414934083819389,0.20601482689380646,-0.4361865520477295,-0.07389272004365921,0.31979480385780334,-0.5662853121757507,-0.09667208045721054,0.38609179854393005,-0.6634434461593628,-0.11472350358963013,0.44004666805267334,-0.7585790157318115,-0.13201266527175903,0.0,0.0,0.0,-0.19289754331111908,-0.0631849393248558,0.19835400581359863,-0.26120269298553467,-0.17687562108039856,0.2956247925758362,-0.3192693591117859,-0.26212769746780396,0.34541815519332886,-0.381591260433197,-0.3538568913936615,0.3906969726085663,-0.18894366919994354,-0.460329532623291,0.2957077622413635,-0.2969975173473358,-0.5757688879966736,0.35924068093299866,-0.3546532690525055,-0.6204144954681396,0.38645943999290466,-0.38466310501098633,-0.667009711265564,0.3965662121772766,-0.1805810034275055,-0.48290395736694336,0.18477308750152588,-0.3280719518661499,-0.6540443897247314,0.22682349383831024,-0.4110821783542633,-0.7619245648384094,0.23399199545383453,-0.46095481514930725,-0.8560214042663574,0.23398293554782867,-0.19044895470142365,-0.45667949318885803,0.07533051818609238,-0.36211058497428894,-0.6178428530693054,0.09091789275407791,-0.4530371129512787,-0.6863965392112732,0.1022878959774971,-0.5071993470191956,-0.7449002265930176,0.107452392578125,-0.2308071255683899,-0.398832768201828,-0.021381931379437447,-0.35832473635673523,-0.5417278409004211,-0.026317788287997246,-0.4311256408691406,-0.6201669573783875,-0.023914838209748268,-0.48014530539512634,-0.6888999342918396,-0.023353254422545433,SLEEP
0.0,0.0,0.0,0.19525572657585144,-0.097993865609169,0.09531988203525543,0.2783209979534149,-0.23922447860240936,0.1362575888633728,0.33718764781951904,-0.31922516226768494,0.14460687339305878,0.4051271975040436,-0.37236347794532776,0.1487865149974823,0.2545364797115326,-0.462377667427063,0.15670353174209595,0.3660790026187897,-0.5839399099349976,0.15521135926246643,0.43609076738357544,-0.6788421869277954,0.13283902406692505,0.48726385831832886,-0.7755665183067322,0.1084989607334137,0.23686374723911285,-0.47808972001075745,0.07713501155376434,0.365276038646698,-0.6341296434402466,0.07220447808504105,0.43350115418434143,-0.7552191615104675,0.044685572385787964,0.4843001365661621,-0.874722421169281,0.017725834622979164,0.22308790683746338,-0.4650770127773285,-0.006207845639437437,0.36194974184036255,-0.6246313452720642,-0.01623043604195118,0.4322080910205841,-0.7401185631752014,-0.03679724037647247,0.480468213558197,-0.8523843288421631,-0.0585700199007988,0.22259114682674408,-0.427554726600647,-0.0862509086728096,0.3388735353946686,-0.5435316562652588,-0.10018279403448105,0.401565283536911,-0.6341146230697632,-0.1105700135231018,0.45078593492507935,-0.7267429232597351,-0.12394126504659653,0.0,0.0,0.0,-0.2428249567747116,-0.0990617647767067,0.14979970455169678,-0.30900681018829346,-0.24332037568092346,0.2126193344593048,-0.3566134572029114,-0.3469855487346649,0.23720012605190277,-0.4080291986465454,-0.45704716444015503,0.2552005648612976,-0.22353658080101013,-0.5560531616210938,0.20802916586399078,-0.354004442691803,-0.699036717414856,0.23778417706489563,-0.4244465231895447,-0.7680584788322449,0.2426297664642334,-0.4731385111808777,-0.8490623831748962,0.2350173443555832,-0.19523775577545166,-0.5737133026123047,0.11425062268972397,-0.3778003454208374,-0.712155818939209,0.12831449508666992,-0.45372068881988525,-0.7527036070823669,0.11962097883224487,-0.48315152525901794,-0.7935028076171875,0.10346823930740356,-0.19506113231182098,-0.5295871496200562,0.021261822432279587,-0.3939451575279236,-0.6792210936546326,0.01676218770444393,-0.4930975139141083,-0.7137855291366577,0.01588282361626625,-0.5395249128341675,-0.751265287399292,0.006201997399330139,-0.23812010884284973,-0.4500618278980255,-0.06173422932624817,-0.37009909749031067,-0.6082611680030823,-0.09426338225603104,-0.4495483934879303,-0.711972713470459,-0.11489147692918777,-0.5053199529647827,-0.8142746090888977,-0.13434810936450958,SLEEP
0.0,0.0,0.0,0.20302574336528778,-0.10991332679986954,0.08830342441797256,0.28439468145370483,-0.25662925839424133,0.12241309881210327,0.3481742739677429,-0.3373218774795532,0.12509801983833313,0.4261437952518463,-0.3759170472621918,0.1239844411611557,0.22310785949230194,-0.47361627221107483,0.1380472481250763,0.34425246715545654,-0.5960536599159241,0.1258423626422882,0.4251968264579773,-0.6946274042129517,0.09874221682548523,0.4853507876396179,-0.785017192363739,0.07281050086021423,0.2074916511774063,-0.4807366728782654,0.06047780439257622,0.346566379070282,-0.6420663595199585,0.04322895407676697,0.42517104744911194,-0.7605307102203369,0.010277790017426014,0.4861246943473816,-0.8737017512321472,-0.018112266436219215,0.20240500569343567,-0.4590466320514679,-0.020557992160320282,0.34879687428474426,-0.6308978796005249,-0.0409301333129406,0.42643803358078003,-0.7462405562400818,-0.0660649761557579,0.482378214597702,-0.8567196726799011,-0.0886237695813179,0.21313059329986572,-0.4170319139957428,-0.09817750006914139,0.32844626903533936,-0.5406617522239685,-0.11810693144798279,0.39137399196624756,-0.6334382891654968,-0.13135512173175812,0.4425431191921234,-0.7253001928329468,-0.1455976814031601,0.0,0.0,0.0,-0.2149631828069687,-0.0666874498128891,0.08152492344379425,-0.2709927558898926,-0.20253802835941315,0.1095283031463623,-0.30963218212127686,-0.3010881245136261,0.11350558698177338,-0.3431910574436188,-0.39721980690956116,0.11202642321586609,-0.1763601303100586,-0.4824124276638031,0.1148797944188118,-0.2982914447784424,-0.6103048324584961,0.1180768609046936,-0.3602696657180786,-0.658390998840332,0.108087457716465,-0.3943455219268799,-0.7158715724945068,0.09577006846666336,-0.1606636941432953,-0.5092087388038635,0.054077986627817154,-0.3170139789581299,-0.6795086860656738,0.04463327303528786,-0.3982028365135193,-0.7857093811035156,0.023692293092608452,-0.4468400478363037,-0.8928970098495483,0.004506626166403294,-0.16595184803009033,-0.4705003798007965,-0.007323879282921553,-0.3278917670249939,-0.6587395668029785,-0.030409587547183037,-0.4119795858860016,-0.7755099534988403,-0.05124992877244949,-0.4632895588874817,-0.8836048245429993,-0.06786235421895981,-0.20996034145355225,-0.38923582434654236,-0.06187831237912178,-0.3422468304634094,-0.530937135219574,-0.08336213231086731,-0.41614392399787903,-0.6126068234443665,-0.09330824762582779,-0.46943750977516174,-0.6968423128128052,-0.1037299856543541,SLEEP
0.0,0.0,0.0,0.19227880239486694,-0.09069420397281647,0.07239600270986557,0.27592337131500244,-0.23573759198188782,0.10179247707128525,0.33627116680145264,-0.3148551881313324,0.10363183915615082,0.40818193554878235,-0.3568226993083954,0.10140832513570786,0.24381457269191742,-0.45564398169517517,0.11991767585277557,0.3568698465824127,-0.5806876420974731,0.10602724552154541,0.4304492175579071,-0.6860328912734985,0.07727449387311935,0.482560396194458,-0.7846903800964355,0.04991072788834572,0.2250838279724121,-0.4675213098526001,0.05016002431511879,0.35601744055747986,-0.6274332404136658,0.03300859406590462,0.4280320703983307,-0.7530620694160461,-0.0004757216083817184,0.4812619090080261,-0.8760711550712585,-0.02977141924202442,0.21242466568946838,-0.44946569204330444,-0.02356407418847084,0.35125449299812317,-0.6153102517127991,-0.044429730623960495,0.42315706610679626,-0.7349449396133423,-0.07046493142843246,0.47149157524108887,-0.8494006991386414,-0.09367895871400833,0.21075429022312164,-0.40878090262413025,-0.09512101858854294,0.32609236240386963,-0.5240089297294617,-0.11507025361061096,0.39028823375701904,-0.6143961548805237,-0.12838347256183624,0.4410823881626129,-0.7052556872367859,-0.14266140758991241,0.0,0.0,0.0,-0.21783284842967987,-0.06381762772798538,0.0748765617609024,-0.2780798673629761,-0.2016579508781433,0.10022594779729843,-0.3159673810005188,-0.30258122086524963,0.10208532959222794,-0.34775570034980774,-0.39796650409698486,0.09794458746910095,-0.1759217530488968,-0.49401023983955383,0.11111842840909958,-0.2988974452018738,-0.6318421363830566,0.11674492061138153,-0.3672458529472351,-0.7184557318687439,0.10625213384628296,-0.4173910319805145,-0.8092057108879089,0.09094210714101791,-0.15570253133773804,-0.5174285173416138,0.051738277077674866,-0.3166133463382721,-0.6829261183738708,0.0458916537463665,-0.3976576626300812,-0.788849949836731,0.022305751219391823,-0.4464190900325775,-0.8948237895965576,-0.000702082528732717,-0.16209177672863007,-0.4786483347415924,-0.008064095862209797,-0.327472448348999,-0.6581711173057556,-0.0266386941075325,-0.4126315712928772,-0.770357608795166,-0.04703604429960251,-0.46330493688583374,-0.8741450905799866,-0.06521573662757874,-0.20912104845046997,-0.39838138222694397,-0.062410905957221985,-0.3402339220046997,-0.533207356929779,-0.08013699948787689,-0.41317686438560486,-0.6121423244476318,-0.08856204897165298,-0.46572524309158325,-0.695278525352478,-0.09864027053117752,SLEEP
0.0,0.0,0.0,0.19425298273563385,-0.09835055470466614,0.07004276663064957,0.2751985788345337,-0.2504517734050751,0.09857063740491867,0.3362860381603241,-0.33213576674461365,0.10021977126598358,0.41468170285224915,-0.36882200837135315,0.09880093485116959,0.23603053390979767,-0.466390997171402,0.11960198730230331,0.3452700972557068,-0.5974903702735901,0.10601557046175003,0.4189661741256714,-0.7058749794960022,0.07831911742687225,0.4716140925884247,-0.8063050508499146,0.05192599445581436,0.21697838604450226,-0.47726699709892273,0.05240538343787193,0.34489956498146057,-0.6377060413360596,0.03581101447343826,0.41919368505477905,-0.7599368095397949,0.0034899713937193155,0.47603312134742737,-0.8790798187255859,-0.02471993677318096,0.20521053671836853,-0.45960164070129395,-0.0190217737108469,0.34185370802879333,-0.6261919736862183,-0.03902413323521614,0.4157675504684448,-0.7442108392715454,-0.06460832059383392,0.46855348348617554,-0.855425238609314,-0.08707012981176376,0.206237331032753,-0.41979002952575684,-0.0884406790137291,0.3192470669746399,-0.5373218059539795,-0.10752039402723312,0.3833547532558441,-0.6283025741577148,-0.12070759385824203,0.4350888431072235,-0.7174085974693298,-0.13454009592533112,0.0,0.0,0.0,-0.21641620993614197,-0.06012839078903198,0.07033094018697739,-0.2745912969112396,-0.1996559500694275,0.09643661230802536,-0.3115699887275696,-0.30753713846206665,0.10061871260404587,-0.3414973318576813,-0.4041506350040436,0.09995384514331818,-0.17980195581912994,-0.4885137677192688,0.1108042523264885,-0.2990576922893524,-0.6187794208526611,0.11714529991149902,-0.366274893283844,-0.6959294676780701,0.10711149871349335,-0.4140678346157074,-0.7796805500984192,0.0925077348947525,-0.15981517732143402,-0.5155636668205261,0.054913230240345,-0.3127840757369995,-0.6826217770576477,0.0487678125500679,-0.39564642310142517,-0.7908754348754883,0.02664799802005291,-0.44443103671073914,-0.8957940340042114,0.00584538234397769,-0.16532070934772491,-0.4764578938484192,-0.0019456978188827634,-0.3247988522052765,-0.6607521772384644,-0.020190369337797165,-0.41074317693710327,-0.77409827709198,-0.03736575320363045,-0.4606176018714905,-0.8792276978492737,-0.05252937600016594,-0.2109213024377823,-0.39531105756759644,-0.053901784121990204,-0.3397643268108368,-0.529610276222229,-0.07301849871873856,-0.4141048789024353,-0.6110888719558716,-0.08119573444128036,-0.46652504801750183,-0.6971084475517273,-0.08994093537330627,SLEEP
0.0,0.0,0.0,0.19344617426395416,-0.09883476048707962,0.07925710827112198,0.2718474864959717,-0.24440781772136688,0.11088544130325317,0.33270692825317383,-0.321521520614624,0.11286627501249313,0.4094844460487366,-0.3583691716194153,0.11094876378774643,0.23281335830688477,-0.46360576152801514,0.13378223776817322,0.3435429334640503,-0.5916470885276794,0.12341306358575821,0.4175449013710022,-0.6980494260787964,0.0958394929766655,0.4718817472457886,-0.7965092658996582,0.06888409703969955,0.21554222702980042,-0.47444650530815125,0.06101004034280777,0.3429829478263855,-0.6387283802032471,0.04784921184182167,0.4174165427684784,-0.7623929977416992,0.014800523407757282,0.47423169016838074,-0.8802821636199951,-0.014409465715289116,0.20625287294387817,-0.4553830921649933,-0.015669256448745728,0.3429514169692993,-0.6268585920333862,-0.03281717374920845,0.41622671484947205,-0.7448873519897461,-0.05768073350191116,0.46686410903930664,-0.855968177318573,-0.08013863116502762,0.21184110641479492,-0.41157183051109314,-0.08985431492328644,0.32657837867736816,-0.5313436985015869,-0.10630513727664948,0.3891434073448181,-0.6230874061584473,-0.11759977042675018,0.43869322538375854,-0.7145196199417114,-0.13036461174488068,0.0,0.0,0.0,-0.2184070646762848,-0.06781326979398727,0.04672311618924141,-0.2802676856517792,-0.21284860372543335,0.05739189684391022,-0.31764474511146545,-0.3220093548297882,0.05010335519909859,-0.347196102142334,-0.4212454855442047,0.03861434757709503,-0.17667797207832336,-0.4953818619251251,0.07480709254741669,-0.29771533608436584,-0.6280750632286072,0.06580441445112228,-0.36724016070365906,-0.7161424160003662,0.0479404479265213,-0.4178064167499542,-0.8084494471549988,0.02916884794831276,-0.1544831395149231,-0.5159673094749451,0.026365717872977257,-0.3083116412162781,-0.6809946298599243,0.004772207699716091,-0.3891865611076355,-0.7870718836784363,-0.023264184594154358,-0.4397287368774414,-0.8969172239303589,-0.046670470386743546,-0.1587618589401245,-0.47780102491378784,-0.023872092366218567,-0.3150551915168762,-0.6548169851303101,-0.05327534303069115,-0.39924463629722595,-0.7670331597328186,-0.07415936142206192,-0.4493154287338257,-0.8725712299346924,-0.08989055454730988,-0.20428481698036194,-0.3983270823955536,-0.0711822509765625,-0.3334440290927887,-0.5316957235336304,-0.09363911300897598,-0.40678906440734863,-0.6129856109619141,-0.10245340317487717,-0.45843639969825745,-0.6980053186416626,-0.11129128932952881,SLEEP
0.0,0.0,0.0,0.18462088704109192,-0.0832851231098175,0.06751339882612228,0.25893568992614746,-0.22743545472621918,0.09560274332761765,0.3111027181148529,-0.3091449737548828,0.09684532880783081,0.3818407654762268,-0.3487173020839691,0.0947623997926712,0.23850831389427185,-0.45802611112594604,0.12402894347906113,0.3434542119503021,-0.5892000198364258,0.11217373609542847,0.4139406979084015,-0.6995935440063477,0.08375915884971619,0.46393856406211853,-0.8025672435760498,0.05669698491692543,0.22075822949409485,-0.4719666838645935,0.0580265112221241,0.3412160277366638,-0.6353528499603271,0.044125013053417206,0.41056421399116516,-0.7627279162406921,0.010917691513895988,0.4635743796825409,-0.8858630061149597,-0.018592461943626404,0.20863217115402222,-0.45824313163757324,-0.012669261544942856,0.3398197293281555,-0.6253538727760315,-0.03088868223130703,0.4098620116710663,-0.7455921173095703,-0.05711517855525017,0.45812734961509705,-0.8583309650421143,-0.0801946148276329,0.20829439163208008,-0.42125481367111206,-0.08175001293420792,0.3220764100551605,-0.5382918119430542,-0.09820814430713654,0.3854767084121704,-0.6275789737701416,-0.10994525998830795,0.4361238181591034,-0.7166094183921814,-0.12294892221689224,0.0,0.0,0.0,-0.221256285905838,-0.06643782556056976,0.047246452420949936,-0.2823094129562378,-0.21114394068717957,0.05747690051794052,-0.31745755672454834,-0.3197413682937622,0.05015455186367035,-0.34610652923583984,-0.4195290207862854,0.03849798068404198,-0.17485328018665314,-0.4966513216495514,0.07119827717542648,-0.2996889054775238,-0.6309546828269958,0.06314460933208466,-0.3705984950065613,-0.7193877100944519,0.04623373970389366,-0.4228115677833557,-0.8113939166069031,0.028074294328689575,-0.15182499587535858,-0.5160371661186218,0.023022351786494255,-0.30823323130607605,-0.682937741279602,0.003458186751231551,-0.3892039954662323,-0.7886286377906799,-0.02384454943239689,-0.43996405601501465,-0.8967675566673279,-0.047324322164058685,-0.1568174958229065,-0.47696077823638916,-0.026362327858805656,-0.31525719165802,-0.6569555401802063,-0.054919857531785965,-0.4000614583492279,-0.7696877717971802,-0.07621932029724121,-0.4514232575893402,-0.8742957711219788,-0.09256359934806824,-0.2042342871427536,-0.3959425091743469,-0.07247363775968552,-0.3348311483860016,-0.5320068001747131,-0.09436696767807007,-0.40878862142562866,-0.6130093336105347,-0.10276554524898529,-0.4610310196876526,-0.6957637667655945,-0.11142294853925705,SLEEP
0.0,0.0,0.0,0.18649061024188995,-0.08480029553174973,0.07594725489616394,0.2622818648815155,-0.2293599247932434,0.10662131011486053,0.31606292724609375,-0.30805304646492004,0.10934595763683319,0.38730862736701965,-0.34220343828201294,0.10808596760034561,0.23286229372024536,-0.4608535170555115,0.12402433156967163,0.3387203514575958,-0.5874993205070496,0.11301076412200928,0.41051530838012695,-0.6949837803840637,0.08647485077381134,0.46267253160476685,-0.7948527932167053,0.06023358926177025,0.21427634358406067,-0.4747137129306793,0.05315583199262619,0.3385383188724518,-0.6394737958908081,0.03933170810341835,0.41085928678512573,-0.7650521993637085,0.007820403203368187,0.4663768708705902,-0.8843438029289246,-0.020702453330159187,0.20253680646419525,-0.4576532244682312,-0.021406719461083412,0.3386083245277405,-0.6292759776115417,-0.03985808789730072,0.4110322892665863,-0.7490759491920471,-0.06619152426719666,0.4610840678215027,-0.8619089126586914,-0.09004202485084534,0.20569327473640442,-0.41479966044425964,-0.09336687624454498,0.32216116786003113,-0.5330895185470581,-0.11206414550542831,0.386254221200943,-0.6241315603256226,-0.12614262104034424,0.4367477297782898,-0.7155756950378418,-0.1413499265909195,0.0,0.0,0.0,-0.22340820729732513,-0.06851835548877716,0.04950965940952301,-0.28447282314300537,-0.21650657057762146,0.06300600618124008,-0.3197084069252014,-0.32625818252563477,0.05929166078567505,-0.34814491868019104,-0.4240165948867798,0.050997693091630936,-0.1746566891670227,-0.49745243787765503,0.07520770281553268,-0.29851633310317993,-0.626396119594574,0.06819534301757812,-0.37077435851097107,-0.7100719213485718,0.05115645006299019,-0.4236106872558594,-0.7981606125831604,0.03282387927174568,-0.152704119682312,-0.5174997448921204,0.02811550721526146,-0.3085630238056183,-0.6812493801116943,0.009826870635151863,-0.39072269201278687,-0.7862167358398438,-0.01712666265666485,-0.4430253207683563,-0.8955885171890259,-0.040616635233163834,-0.15930303931236267,-0.47678470611572266,-0.020135531201958656,-0.316509872674942,-0.6557919383049011,-0.04894600808620453,-0.4022022485733032,-0.7694472074508667,-0.07191309332847595,-0.45499956607818604,-0.8749725818634033,-0.08931940793991089,-0.20948489010334015,-0.3938596844673157,-0.0646415501832962,-0.3371066749095917,-0.5293678045272827,-0.08805769681930542,-0.41138169169425964,-0.6115531921386719,-0.09876905381679535,-0.46429643034935,-0.6960440278053284,-0.10905702412128448,SLEEP
0.0,0.0,0.0,0.1858948916196823,-0.08595043420791626,0.07866910845041275,0.2599013149738312,-0.22739431262016296,0.11234093457460403,0.31054332852363586,-0.3073490262031555,0.11828815937042236,0.37924402952194214,-0.3423308730125427,0.12011146545410156,0.22946396470069885,-0.4598948359489441,0.1250987946987152,0.33783265948295593,-0.590725302696228,0.1155991479754448,0.4095131456851959,-0.6996238827705383,0.09161543846130371,0.4613055884838104,-0.7996806502342224,0.06747980415821075,0.2117333561182022,-0.4693795144557953,0.05499965324997902,0.3383468687534332,-0.6359919309616089,0.04139275103807449,0.4098421633243561,-0.7620362043380737,0.011156445369124413,0.4653618335723877,-0.8849756121635437,-0.016013864427804947,0.20180577039718628,-0.44968628883361816,-0.018333304673433304,0.33901646733283997,-0.6210264563560486,-0.03778902441263199,0.41036152839660645,-0.7415870428085327,-0.06442002207040787,0.4601898789405823,-0.8578512668609619,-0.0878341794013977,0.20640166103839874,-0.4068371653556824,-0.08844470977783203,0.32097357511520386,-0.5250914692878723,-0.11020249873399734,0.3843449354171753,-0.6158502697944641,-0.12648515403270721,0.4353778064250946,-0.708013117313385,-0.1424754112958908,0.0,0.0,0.0,-0.21735388040542603,-0.06889098137617111,0.045771509408950806,-0.2806151211261749,-0.21566329896450043,0.057406336069107056,-0.316352903842926,-0.3237549066543579,0.05265028029680252,-0.3414566218852997,-0.4191705584526062,0.04333510249853134,-0.16587413847446442,-0.49917536973953247,0.06626937538385391,-0.2930561304092407,-0.6301811933517456,0.05734238401055336,-0.36712446808815,-0.716029703617096,0.04016673192381859,-0.4220765233039856,-0.8047864437103271,0.022055627778172493,-0.14567428827285767,-0.5164386630058289,0.021002594381570816,-0.30231016874313354,-0.6842555403709412,0.0008036316139623523,-0.3850773870944977,-0.7888433337211609,-0.026714876294136047,-0.43986302614212036,-0.8966559171676636,-0.050285663455724716,-0.154540553689003,-0.47681233286857605,-0.025137512013316154,-0.3137797713279724,-0.6543357372283936,-0.05565887689590454,-0.40076687932014465,-0.7691888809204102,-0.08012988418340683,-0.45584553480148315,-0.8747900724411011,-0.09802858531475067,-0.20818866789340973,-0.396297425031662,-0.0675637498497963,-0.3383364975452423,-0.5342018604278564,-0.0917082205414772,-0.41253697872161865,-0.617628276348114,-0.10276336967945099,-0.4668717086315155,-0.7027871012687683,-0.11313784122467041,SLEEP
0.0,0.0,0.0,0.17750342190265656,-0.07847574353218079,0.07689137011766434,0.2520935535430908,-0.22233659029006958,0.11079642176628113,0.3049595057964325,-0.3054431974887848,0.11777007579803467,0.37388333678245544,-0.3464757800102234,0.1210910975933075,0.23315587639808655,-0.45185068249702454,0.12474330514669418,0.3423289656639099,-0.5784804821014404,0.11617071181535721,0.41272783279418945,-0.6878694891929626,0.09226110577583313,0.4615391194820404,-0.7893709540367126,0.06800433993339539,0.21618898212909698,-0.46826785802841187,0.055975060909986496,0.34142938256263733,-0.6361756920814514,0.04399207606911659,0.4113354980945587,-0.7637536525726318,0.015650589019060135,0.46358129382133484,-0.8859953284263611,-0.01023318525403738,0.20392979681491852,-0.4552251398563385,-0.016269996762275696,0.3391261696815491,-0.6281106472015381,-0.03358495607972145,0.4095190167427063,-0.74745774269104,-0.058088354766368866,0.4565232992172241,-0.8612608909606934,-0.08044435828924179,0.20368027687072754,-0.41615161299705505,-0.08565185219049454,0.3193160593509674,-0.5297772884368896,-0.10469462722539902,0.3817579448223114,-0.6180981993675232,-0.1189110279083252,0.4297385811805725,-0.7079429626464844,-0.13379710912704468,0.0,0.0,0.0,-0.21813984215259552,-0.06491239368915558,0.05321653187274933,-0.28495675325393677,-0.21066106855869293,0.07008659094572067,-0.32073643803596497,-0.31753650307655334,0.06974225491285324,-0.34458327293395996,-0.40883585810661316,0.06423486769199371,-0.17166222631931305,-0.4958907663822174,0.07185391336679459,-0.30205467343330383,-0.6276490092277527,0.06730332970619202,-0.3763808012008667,-0.7155079245567322,0.054011549800634384,-0.43123677372932434,-0.8058052062988281,0.03799652308225632,-0.14976567029953003,-0.5143851041793823,0.024211622774600983,-0.30701401829719543,-0.68175208568573,0.006734715774655342,-0.38967084884643555,-0.788136899471283,-0.01899828016757965,-0.4426599144935608,-0.8957428336143494,-0.0411948524415493,-0.1577460765838623,-0.47280576825141907,-0.023351410403847694,-0.3192199766635895,-0.651699423789978,-0.053307052701711655,-0.40821373462677,-0.765326201915741,-0.07742656767368317,-0.4638027250766754,-0.8693390488624573,-0.09467953443527222,-0.21040402352809906,-0.388336181640625,-0.06625676155090332,-0.34133636951446533,-0.5277913808822632,-0.09323135018348694,-0.41584211587905884,-0.6115192174911499,-0.10623768717050552,-0.46997857093811035,-0.6972045302391052,-0.11718780547380447,SLEEP
0.0,0.0,0.0,0.17897772789001465,-0.08408281952142715,0.07320384681224823,0.25231707096099854,-0.23080992698669434,0.1065782979130745,0.30117490887641907,-0.31638553738594055,0.11289670318365097,0.3700016736984253,-0.3530149459838867,0.11587931215763092,0.2454548180103302,-0.4538060426712036,0.12975400686264038,0.34725695848464966,-0.588835597038269,0.12270109355449677,0.41488462686538696,-0.701144278049469,0.09901317954063416,0.4625902771949768,-0.8039047718048096,0.07507757097482681,0.22667603194713593,-0.4694828391075134,0.06276606023311615,0.34453892707824707,-0.6353313326835632,0.05130482465028763,0.41185930371284485,-0.7647127509117126,0.021641962230205536,0.4630090594291687,-0.8863391876220703,-0.005055027548223734,0.21079157292842865,-0.45976337790489197,-0.00854641105979681,0.3399697542190552,-0.6283079385757446,-0.025128036737442017,0.4091242849826813,-0.7503514885902405,-0.0501304492354393,0.4565191864967346,-0.8643888831138611,-0.0724128931760788,0.2050674706697464,-0.42838621139526367,-0.07760041207075119,0.31891942024230957,-0.5478780269622803,-0.09556783735752106,0.3817483186721802,-0.6410140991210938,-0.10919008404016495,0.4314030408859253,-0.7339625954627991,-0.12331915646791458,0.0,0.0,0.0,-0.21180061995983124,-0.06307493895292282,0.043067608028650284,-0.27750906348228455,-0.2036682516336441,0.05638263747096062,-0.3180868327617645,-0.3110019862651825,0.05517178773880005,-0.34938493371009827,-0.40442439913749695,0.04981338232755661,-0.17073585093021393,-0.4926052987575531,0.06404798477888107,-0.30136239528656006,-0.6189384460449219,0.05749533697962761,-0.37799838185310364,-0.70335453748703,0.04191383719444275,-0.4338933825492859,-0.7909372448921204,0.024803010746836662,-0.15186341106891632,-0.5145653486251831,0.022348271682858467,-0.3051489293575287,-0.6783688068389893,0.003939347341656685,-0.3855978548526764,-0.7873706817626953,-0.0223288144916296,-0.4368678331375122,-0.8984118103981018,-0.04475296661257744,-0.16094988584518433,-0.47461315989494324,-0.02006039209663868,-0.3156169056892395,-0.6536448001861572,-0.05013873800635338,-0.4012671113014221,-0.7729870676994324,-0.07531240582466125,-0.4537350833415985,-0.8827921152114868,-0.09346510469913483,-0.21309956908226013,-0.3906940519809723,-0.058540668338537216,-0.3398241400718689,-0.5268378257751465,-0.08579804003238678,-0.4144051969051361,-0.611407995223999,-0.10002577304840088,-0.46834999322891235,-0.6976767778396606,-0.11184430867433548,SLEEP
0.0,0.0,0.0,0.18357309699058533,-0.0800720825791359,0.07633086293935776,0.25830718874931335,-0.22673240303993225,0.11061279475688934,0.3104507029056549,-0.3114621043205261,0.11661537736654282,0.37896355986595154,-0.35655033588409424,0.11916882544755936,0.23686538636684418,-0.45625701546669006,0.1357177048921585,0.3448660373687744,-0.5813802480697632,0.13001501560211182,0.4165649116039276,-0.6877265572547913,0.10591959953308105,0.4678995907306671,-0.7883023023605347,0.08083058893680573,0.2183762788772583,-0.4751732647418976,0.06635842472314835,0.3433293402194977,-0.6390459537506104,0.056549254804849625,0.4143727123737335,-0.765105128288269,0.026133038103580475,0.46771711111068726,-0.8838765621185303,-0.0017394983442500234,0.20491443574428558,-0.4631511867046356,-0.007500782143324614,0.3411901593208313,-0.6340221166610718,-0.023523524403572083,0.4140021800994873,-0.7549172639846802,-0.05052879452705383,0.46329134702682495,-0.8681616187095642,-0.07485362142324448,0.20532968640327454,-0.4253509044647217,-0.07882257550954819,0.32401466369628906,-0.5426099300384521,-0.09618720412254333,0.38820600509643555,-0.6342775225639343,-0.11063835769891739,0.438098669052124,-0.7270522117614746,-0.12610287964344025,0.0,0.0,0.0,-0.21465365588665009,-0.06544102728366852,0.04948469623923302,-0.28289857506752014,-0.21137627959251404,0.06597112119197845,-0.3229288160800934,-0.3208325505256653,0.06609814614057541,-0.35435113310813904,-0.41389894485473633,0.06216106191277504,-0.17379102110862732,-0.5006021857261658,0.07560386508703232,-0.302534282207489,-0.635489821434021,0.07204090803861618,-0.37923771142959595,-0.7234085202217102,0.05915894731879234,-0.43383148312568665,-0.8131773471832275,0.04410437121987343,-0.15157240629196167,-0.5232437252998352,0.030473902821540833,-0.30737289786338806,-0.6891490817070007,0.015091664157807827,-0.39082208275794983,-0.7932782173156738,-0.00790010392665863,-0.44192418456077576,-0.8966299295425415,-0.027527380734682083,-0.15814310312271118,-0.4854518473148346,-0.015714583918452263,-0.3157097101211548,-0.6639748811721802,-0.04192351922392845,-0.40476149320602417,-0.7778608202934265,-0.06308093667030334,-0.4593271017074585,-0.8830373883247375,-0.0786379873752594,-0.2084342986345291,-0.4037632346153259,-0.058006491512060165,-0.3393016755580902,-0.5383462309837341,-0.08063086867332458,-0.4153130352497101,-0.6205208897590637,-0.09088956564664841,-0.4697764217853546,-0.7058414816856384,-0.09992394596338272,SLEEP
0.0,0.0,0.0,0.177914559841156,-0.0783957913517952,0.06972741335630417,0.2502571940422058,-0.2257886379957199,0.10153709352016449,0.2989939749240875,-0.3109925389289856,0.10686982423067093,0.36536702513694763,-0.35595327615737915,0.10905700922012329,0.2441733032464981,-0.45504868030548096,0.12829433381557465,0.3486189842224121,-0.5847107768058777,0.12073075026273727,0.41605377197265625,-0.6964018940925598,0.09557951241731644,0.4621005654335022,-0.8010468482971191,0.07024140655994415,0.22485259175300598,-0.4741767644882202,0.062347956001758575,0.3445359468460083,-0.638534426689148,0.05174405872821808,0.41062304377555847,-0.7673961520195007,0.021661600098013878,0.4591403305530548,-0.8883433938026428,-0.0060064601711928844,0.2083582729101181,-0.4662479758262634,-0.008424929343163967,0.3402806222438812,-0.63547682762146,-0.02475666254758835,0.4099833071231842,-0.7580673098564148,-0.05089870095252991,0.4565763473510742,-0.8718587756156921,-0.07448381185531616,0.20232173800468445,-0.4341881573200226,-0.07726874202489853,0.3197895884513855,-0.5517343282699585,-0.09454898536205292,0.3828484117984772,-0.6436774134635925,-0.10800628364086151,0.4312358498573303,-0.7361790537834167,-0.12255572527647018,0.0,0.0,0.0,-0.218780055642128,-0.06993888318538666,0.05654003098607063,-0.28647586703300476,-0.21837858855724335,0.07663896679878235,-0.3296665847301483,-0.32276052236557007,0.07844294607639313,-0.3668898940086365,-0.41306349635124207,0.0756097361445427,-0.17387479543685913,-0.5019152164459229,0.08518511801958084,-0.30325067043304443,-0.639862060546875,0.08302006870508194,-0.38002118468284607,-0.7302743196487427,0.07197520136833191,-0.4345637261867523,-0.8221426010131836,0.05830984562635422,-0.1514991670846939,-0.5222699046134949,0.0355679914355278,-0.30792036652565,-0.6898373961448669,0.021364033222198486,-0.3906126618385315,-0.7941601276397705,-0.0002790209837257862,-0.4393760859966278,-0.8981053829193115,-0.01885070838034153,-0.15852639079093933,-0.4823263883590698,-0.015396226197481155,-0.3152318000793457,-0.6606671214103699,-0.04202617332339287,-0.4029579162597656,-0.7763384580612183,-0.06303180754184723,-0.45623907446861267,-0.8843044638633728,-0.07813765853643417,-0.21042118966579437,-0.3996720612049103,-0.062038592994213104,-0.3399991989135742,-0.538657009601593,-0.08522524684667587,-0.4158347547054291,-0.6237040162086487,-0.0953511893749237,-0.4699048697948456,-0.7113246917724609,-0.10434804856777191,SLEEP
0.0,0.0,0.0,0.18246044218540192,-0.07855413109064102,0.06557846814393997,0.2567797303199768,-0.22618865966796875,0.095058873295784,0.3051169216632843,-0.3105117082595825,0.09838459640741348,0.36952105164527893,-0.35738417506217957,0.09900309145450592,0.24742424488067627,-0.4578324258327484,0.12682309746742249,0.35213732719421387,-0.585985004901886,0.11850903183221817,0.420352041721344,-0.6981763243675232,0.09237153828144073,0.4664281904697418,-0.8033283948898315,0.06630011647939682,0.22778062522411346,-0.47599902749061584,0.0627644807100296,0.34760916233062744,-0.6378065943717957,0.05067210644483566,0.4129527509212494,-0.7650142908096313,0.01909816451370716,0.46120840311050415,-0.8872432708740234,-0.009286433458328247,0.21122391521930695,-0.4672771990299225,-0.006541171111166477,0.3462294340133667,-0.6341310143470764,-0.025308815762400627,0.4165617823600769,-0.756041407585144,-0.05314887315034866,0.46311888098716736,-0.87191241979599,-0.07702941447496414,0.20527125895023346,-0.4345807135105133,-0.07410786300897598,0.32418686151504517,-0.5495120286941528,-0.09220662713050842,0.3869180679321289,-0.6414694786071777,-0.1057700514793396,0.43447405099868774,-0.735610842704773,-0.11993716657161713,0.0,0.0,0.0,-0.21247786283493042,-0.06901979446411133,0.0735725685954094,-0.28073298931121826,-0.21471725404262543,0.10227449983358383,-0.3280009627342224,-0.32106152176856995,0.10887318849563599,-0.37089529633522034,-0.41065722703933716,0.10985521227121353,-0.17875035107135773,-0.49121570587158203,0.10925713926553726,-0.3040746748447418,-0.6246483325958252,0.11367220431566238,-0.3792746067047119,-0.7084799408912659,0.10487870126962662,-0.4303831160068512,-0.7955348491668701,0.09169977903366089,-0.1571957916021347,-0.5163133144378662,0.05144977197051048,-0.3121892511844635,-0.682296872138977,0.04386967420578003,-0.3953591287136078,-0.78957200050354,0.024075746536254883,-0.4423360526561737,-0.8944215774536133,0.00561645207926631,-0.1642008274793625,-0.47826266288757324,-0.007354759611189365,-0.32190534472465515,-0.6583518981933594,-0.028074564412236214,-0.40864136815071106,-0.7749108076095581,-0.046060673892498016,-0.4593430757522583,-0.8861457705497742,-0.06123363599181175,-0.21393461525440216,-0.3981780409812927,-0.06080634519457817,-0.3410438895225525,-0.5332014560699463,-0.08269002288579941,-0.41440778970718384,-0.6186491847038269,-0.09261468797922134,-0.46592020988464355,-0.7099823951721191,-0.10251272469758987,SLEEP
0.0,0.0,0.0,0.18229418992996216,-0.08343368023633957,0.07529806345701218,0.25179755687713623,-0.22910356521606445,0.10945121198892593,0.300632506608963,-0.31217312812805176,0.1153641864657402,0.3667375445365906,-0.3562094271183014,0.11787322908639908,0.2457006871700287,-0.4546193480491638,0.14149320125579834,0.34963518381118774,-0.5821743011474609,0.13782966136932373,0.41796886920928955,-0.6931694746017456,0.11370070278644562,0.464956670999527,-0.798186719417572,0.0884004607796669,0.2256811559200287,-0.4755101501941681,0.07286310195922852,0.34662875533103943,-0.6367537379264832,0.0654192790389061,0.413730263710022,-0.7662830948829651,0.03494350239634514,0.462246835231781,-0.8867283463478088,0.0063736699521541595,0.20744618773460388,-0.46910467743873596,-0.0008462878176942468,0.3417249619960785,-0.6325083374977112,-0.014464695937931538,0.4133007526397705,-0.7549680471420288,-0.04146897420287132,0.4606209099292755,-0.8687515258789062,-0.06634926795959473,0.2006428837776184,-0.4384888708591461,-0.07236941903829575,0.32164356112480164,-0.5524887442588806,-0.08741466701030731,0.3852994740009308,-0.644694447517395,-0.10063967108726501,0.4331715703010559,-0.7383924126625061,-0.1156320795416832,0.0,0.0,0.0,-0.20686689019203186,-0.06388942897319794,0.06549743562936783,-0.2743362784385681,-0.20246858894824982,0.08912534266710281,-0.3187572956085205,-0.3050879240036011,0.09249963611364365,-0.35893240571022034,-0.39278650283813477,0.09069851040840149,-0.17477701604366302,-0.4926533102989197,0.09595037996768951,-0.303820937871933,-0.6264357566833496,0.09659743309020996,-0.3779592216014862,-0.7123724222183228,0.08508442342281342,-0.4291529655456543,-0.8009535670280457,0.07028112560510635,-0.15521438419818878,-0.5166237950325012,0.04143469035625458,-0.31324267387390137,-0.6824193000793457,0.03133765980601311,-0.39595848321914673,-0.7890912890434265,0.00823630765080452,-0.44469061493873596,-0.8939631581306458,-0.012972135096788406,-0.16330568492412567,-0.47914478182792664,-0.01385009940713644,-0.3232995569705963,-0.6581031680107117,-0.03556958958506584,-0.4093150794506073,-0.7733460068702698,-0.0562000535428524,-0.4600416123867035,-0.8848580121994019,-0.0734037235379219,-0.2120773196220398,-0.39904406666755676,-0.06423880159854889,-0.3398367166519165,-0.5373281240463257,-0.08606132119894028,-0.41230547428131104,-0.6221117377281189,-0.09661337733268738,-0.46350887417793274,-0.7133805751800537,-0.10702946782112122,SLEEP
0.0,0.0,0.0,0.17901837825775146,-0.07679452002048492,0.06777650117874146,0.24968217313289642,-0.2267911285161972,0.09975472837686539,0.29907551407814026,-0.31171151995658875,0.10507889837026596,0.36756274104118347,-0.3538656234741211,0.10717326402664185,0.24770213663578033,-0.45149779319763184,0.12923212349414825,0.34667184948921204,-0.5801531672477722,0.12093040347099304,0.41416803002357483,-0.6914151310920715,0.09505406022071838,0.4615960717201233,-0.7948945760726929,0.06903160363435745,0.22715914249420166,-0.4725397825241089,0.06273330748081207,0.3429926931858063,-0.6377716660499573,0.05089595168828964,0.40900373458862305,-0.7679038047790527,0.019497251138091087,0.45833536982536316,-0.8887335062026978,-0.009020866826176643,0.20652461051940918,-0.4670056104660034,-0.009290332905948162,0.3347659409046173,-0.6363576650619507,-0.028181055560708046,0.40460944175720215,-0.7596141695976257,-0.056663878262043,0.45189037919044495,-0.8741336464881897,-0.08165999501943588,0.19470204412937164,-0.43824994564056396,-0.07947733253240585,0.3127463459968567,-0.5536137223243713,-0.09958647191524506,0.3781414330005646,-0.6436977386474609,-0.11505961418151855,0.4295671582221985,-0.7348534464836121,-0.1311938762664795,0.0,0.0,0.0,-0.21018555760383606,-0.06759921461343765,0.072053924202919,-0.2782493829727173,-0.2107757329940796,0.09913305193185806,-0.32136479020118713,-0.3146701157093048,0.10389285534620285,-0.35886523127555847,-0.4054684340953827,0.10269808024168015,-0.18207690119743347,-0.4878685474395752,0.10448796302080154,-0.30801576375961304,-0.6243293881416321,0.10610707849264145,-0.38123512268066406,-0.7101600170135498,0.0951937735080719,-0.43050211668014526,-0.7991136312484741,0.08027975261211395,-0.15742236375808716,-0.5142335295677185,0.04553435742855072,-0.3136538565158844,-0.6783012747764587,0.03733639046549797,-0.3960081934928894,-0.7833930850028992,0.016299007460474968,-0.44154828786849976,-0.8853302597999573,-0.003804734442383051,-0.16133980453014374,-0.47871723771095276,-0.014741087332367897,-0.3244331181049347,-0.6568417549133301,-0.037239596247673035,-0.41117870807647705,-0.7732182741165161,-0.056631095707416534,-0.4604448676109314,-0.8846619129180908,-0.07323777675628662,-0.2076013833284378,-0.40109917521476746,-0.06981423497200012,-0.33870890736579895,-0.5356475710868835,-0.09705565869808197,-0.41344553232192993,-0.6204221248626709,-0.11009116470813751,-0.4662715196609497,-0.7117907404899597,-0.12199630588293076,SLEEP
0.0,0.0,0.0,0.18494164943695068,-0.08453129231929779,0.0693877562880516,0.2533477246761322,-0.2369397133588791,0.09873445332050323,0.30323001742362976,-0.3199111223220825,0.10173043608665466,0.37218770384788513,-0.3655849099159241,0.10139007866382599,0.22610579431056976,-0.46785399317741394,0.11790056526660919,0.33345934748649597,-0.5981116890907288,0.10544972121715546,0.40586143732070923,-0.7086232900619507,0.07842706143856049,0.45478585362434387,-0.8117260932922363,0.05258148908615112,0.20492757856845856,-0.48311689496040344,0.0513131208717823,0.33313602209091187,-0.6435835361480713,0.03563344478607178,0.4041511118412018,-0.7702503204345703,0.003838482080027461,0.4548051655292511,-0.8902603983879089,-0.024259136989712715,0.19060266017913818,-0.4688604176044464,-0.019464557990431786,0.33196088671684265,-0.6328494548797607,-0.040490277111530304,0.4061220586299896,-0.7536703944206238,-0.06825580447912216,0.4551128149032593,-0.867769181728363,-0.0918075367808342,0.19049333035945892,-0.43002378940582275,-0.0879182368516922,0.31559187173843384,-0.5446929931640625,-0.10888822376728058,0.3810199201107025,-0.6372499465942383,-0.12379243224859238,0.4305046796798706,-0.7310108542442322,-0.13850970566272736,0.0,0.0,0.0,-0.22563327848911285,-0.06783483922481537,0.07448001950979233,-0.3021383285522461,-0.21845753490924835,0.10223198682069778,-0.3451403081417084,-0.3265606164932251,0.108000248670578,-0.38192281126976013,-0.4221092462539673,0.10798491537570953,-0.19860419631004333,-0.5270101428031921,0.09596266597509384,-0.3393465280532837,-0.6687741279602051,0.09215208142995834,-0.41973093152046204,-0.7580953240394592,0.07795228809118271,-0.4744114577770233,-0.8493542671203613,0.061647940427064896,-0.17086058855056763,-0.5490533113479614,0.0373658649623394,-0.3504476845264435,-0.7034654021263123,0.026590317487716675,-0.4361293911933899,-0.787269115447998,0.005947339814156294,-0.4776982367038727,-0.8753594756126404,-0.014198805205523968,-0.17542310059070587,-0.5078818202018738,-0.021833324804902077,-0.3602752089500427,-0.679847776889801,-0.04727283865213394,-0.45381632447242737,-0.7709394693374634,-0.0633959025144577,-0.49921998381614685,-0.8631007671356201,-0.07639646530151367,-0.22583697736263275,-0.42619410157203674,-0.07539593428373337,-0.36920857429504395,-0.5804837346076965,-0.10847224295139313,-0.4508854150772095,-0.6713664531707764,-0.12316706031560898,-0.5050474405288696,-0.7687288522720337,-0.13451410830020905,SLEEP
0.0,0.0,0.0,0.1803317368030548,-0.08119384944438934,0.061375755816698074,0.2510923445224762,-0.2374759316444397,0.08656374365091324,0.3055320978164673,-0.32644978165626526,0.08706030994653702,0.3786192834377289,-0.3731151521205902,0.08392217010259628,0.22340677678585052,-0.4638320207595825,0.10385346412658691,0.3330446481704712,-0.5935102105140686,0.08801229298114777,0.4047093391418457,-0.7071515321731567,0.05876116454601288,0.4521796703338623,-0.813398540019989,0.03127381578087807,0.20258121192455292,-0.47838154435157776,0.04085610806941986,0.3331183195114136,-0.6398745179176331,0.023034369572997093,0.402464359998703,-0.7687914967536926,-0.008694560267031193,0.45003512501716614,-0.8922552466392517,-0.036727435886859894,0.18901985883712769,-0.4617854952812195,-0.026331976056098938,0.32843318581581116,-0.6277226209640503,-0.04803306981921196,0.4008851647377014,-0.7526175379753113,-0.07495754957199097,0.4470148980617523,-0.8693097233772278,-0.09827974438667297,0.18912595510482788,-0.4205244481563568,-0.09191159904003143,0.31163468956947327,-0.5357866287231445,-0.11160431802272797,0.37619149684906006,-0.628186047077179,-0.1250668168067932,0.4246184825897217,-0.7209259867668152,-0.13927745819091797,0.0,0.0,0.0,-0.21001532673835754,-0.07173898071050644,0.08020477741956711,-0.2855764925479889,-0.21801643073558807,0.1110444962978363,-0.33269837498664856,-0.3228406608104706,0.11773506551980972,-0.37263190746307373,-0.41661718487739563,0.11920542269945145,-0.18018026649951935,-0.5113224387168884,0.10988740622997284,-0.3132455348968506,-0.6506543755531311,0.11185523867607117,-0.38874679803848267,-0.7403001189231873,0.10193001478910446,-0.43912985920906067,-0.8315327763557434,0.08819825202226639,-0.15914131700992584,-0.533391535282135,0.04637853428721428,-0.32837334275245667,-0.6932567954063416,0.04095463454723358,-0.4133245050907135,-0.7921414971351624,0.022981315851211548,-0.4592858552932739,-0.8882759213447571,0.004731204826384783,-0.16608013212680817,-0.49475032091140747,-0.017857972532510757,-0.347891241312027,-0.6591213345527649,-0.039617378264665604,-0.43788328766822815,-0.751568078994751,-0.052695754915475845,-0.48603174090385437,-0.8448485732078552,-0.06374610960483551,-0.2137777954339981,-0.4151102304458618,-0.0766756609082222,-0.35426080226898193,-0.5659099221229553,-0.10577770322561264,-0.42917904257774353,-0.6538293361663818,-0.11623061448335648,-0.48004481196403503,-0.7480970025062561,-0.1248662993311882,SLEEP
0.0,0.0,0.0,0.17346929013729095,-0.07577542215585709,0.05591593682765961,0.24358493089675903,-0.23052257299423218,0.08194558322429657,0.2953365445137024,-0.31945109367370605,0.08436269313097,0.36434581875801086,-0.3734205663204193,0.08472885936498642,0.2231529802083969,-0.4658893644809723,0.10977169126272202,0.3252835273742676,-0.599486768245697,0.09578295797109604,0.3942669630050659,-0.7154773473739624,0.0672580674290657,0.4391268789768219,-0.8218749165534973,0.04086144641041756,0.2042325884103775,-0.48174554109573364,0.05073479935526848,0.3247198760509491,-0.6458160281181335,0.03603605926036835,0.3927557170391083,-0.7746477723121643,0.005707405507564545,0.4406609535217285,-0.8974282145500183,-0.020993651822209358,0.19181862473487854,-0.4709278345108032,-0.013656364753842354,0.32316499948501587,-0.6358343362808228,-0.03342587128281593,0.39361515641212463,-0.7598711848258972,-0.0588669627904892,0.4386938214302063,-0.8754947781562805,-0.08010810613632202,0.1929626315832138,-0.4356246590614319,-0.07730871438980103,0.3132017254829407,-0.5494859218597412,-0.09497367590665817,0.37659311294555664,-0.6407760977745056,-0.10662349313497543,0.4222448170185089,-0.7323157787322998,-0.11857876181602478,0.0,0.0,0.0,-0.21162371337413788,-0.06976979225873947,0.08380178362131119,-0.2983439564704895,-0.22103393077850342,0.11622341722249985,-0.3457547426223755,-0.33151981234550476,0.1263936161994934,-0.38537782430648804,-0.424222469329834,0.1308680921792984,-0.19116446375846863,-0.5371107459068298,0.08798881620168686,-0.3328462243080139,-0.6885727643966675,0.08240368962287903,-0.41543903946876526,-0.7817761301994324,0.07669710367918015,-0.4740990102291107,-0.8778932094573975,0.06733326613903046,-0.16052469611167908,-0.553326427936554,0.028391661122441292,-0.3681671917438507,-0.6295700669288635,-0.00377280218526721,-0.42956703901290894,-0.573379397392273,-0.01806863211095333,-0.4332779049873352,-0.550327479839325,-0.024372268468141556,-0.16859763860702515,-0.5119068622589111,-0.02956400439143181,-0.3808189630508423,-0.6241832375526428,-0.07263220101594925,-0.46615517139434814,-0.6027513146400452,-0.07901253551244736,-0.4935370981693268,-0.6075734496116638,-0.07824598252773285,-0.220802903175354,-0.4397698640823364,-0.0794379860162735,-0.37191537022590637,-0.6011964082717896,-0.1246161013841629,-0.4597025215625763,-0.6859795451164246,-0.14121973514556885,-0.5165083408355713,-0.7808920741081238,-0.15046073496341705,SLEEP
0.0,0.0,0.0,0.180381178855896,-0.07282529026269913,0.05692478269338608,0.25118449330329895,-0.22475336492061615,0.0818011686205864,0.3015717566013336,-0.3122726082801819,0.08318706601858139,0.36867132782936096,-0.3683122992515564,0.08258851617574692,0.21409036219120026,-0.4684876501560211,0.10435905307531357,0.322333961725235,-0.6012109518051147,0.08915974944829941,0.3950672447681427,-0.716476321220398,0.06105261296033859,0.44348010420799255,-0.8215748071670532,0.03522520139813423,0.19573794305324554,-0.48137012124061584,0.04572240263223648,0.3263948857784271,-0.6450247764587402,0.029305245727300644,0.39913731813430786,-0.7712230086326599,-0.0011736521264538169,0.45072096586227417,-0.8922382593154907,-0.027594294399023056,0.18897917866706848,-0.4637680649757385,-0.017505282536149025,0.3314904570579529,-0.6297550797462463,-0.03825908899307251,0.4046840965747833,-0.7543182969093323,-0.06495627015829086,0.45072659850120544,-0.8703413009643555,-0.08676180988550186,0.1998821496963501,-0.42021146416664124,-0.07952794432640076,0.32342463731765747,-0.5362821817398071,-0.09802436828613281,0.3861077129840851,-0.6305909156799316,-0.1116708293557167,0.4307698607444763,-0.7255029678344727,-0.12478510290384293,0.0,0.0,0.0,-0.19357378780841827,-0.07838593423366547,0.07173439860343933,-0.25926387310028076,-0.21755272150039673,0.09518513828516006,-0.3014054596424103,-0.3131870627403259,0.09744840860366821,-0.3409862518310547,-0.4004158079624176,0.09641379117965698,-0.16233082115650177,-0.4803508222103119,0.08607202023267746,-0.2911459803581238,-0.613873302936554,0.07452470809221268,-0.3601591885089874,-0.6868300437927246,0.057175714522600174,-0.3963475823402405,-0.7554088234901428,0.04189730063080788,-0.142764151096344,-0.5010104179382324,0.027285795658826828,-0.301474392414093,-0.6733936667442322,0.013865652494132519,-0.3832363486289978,-0.7916602492332458,-0.006410688161849976,-0.4302060008049011,-0.9023274779319763,-0.02698228880763054,-0.15272292494773865,-0.46567803621292114,-0.032175369560718536,-0.3277760446071625,-0.6317198872566223,-0.05865209549665451,-0.4103374481201172,-0.7035332322120667,-0.07113780826330185,-0.4525311589241028,-0.7732169032096863,-0.08144421875476837,-0.203265979886055,-0.3934685289859772,-0.08660195022821426,-0.33731088042259216,-0.5434032082557678,-0.12524959444999695,-0.4109758138656616,-0.6324365139007568,-0.14295415580272675,-0.4641938805580139,-0.7240722179412842,-0.15612152218818665,SLEEP
0.0,0.0,0.0,0.18372619152069092,-0.07662316411733627,0.05144784227013588,0.25784263014793396,-0.22917620837688446,0.07443945854902267,0.31292012333869934,-0.3168797791004181,0.07399198412895203,0.3823648691177368,-0.3774147927761078,0.07185859233140945,0.21725055575370789,-0.46791136264801025,0.10694888979196548,0.32802146673202515,-0.5942826867103577,0.08911723643541336,0.4023169279098511,-0.7061859965324402,0.05663633719086647,0.45107942819595337,-0.8098539113998413,0.02776077389717102,0.19953596591949463,-0.4826365113258362,0.04964565485715866,0.32840272784233093,-0.6432080268859863,0.030981799587607384,0.4000943601131439,-0.7694379687309265,-0.0030283022206276655,0.4502298831939697,-0.8923428058624268,-0.031896430999040604,0.19312238693237305,-0.46760255098342896,-0.013461236841976643,0.3322277367115021,-0.6340054273605347,-0.035927046090364456,0.4051227271556854,-0.7560425400733948,-0.06342198699712753,0.4511632025241852,-0.8702170848846436,-0.08546622097492218,0.20289495587348938,-0.42668604850769043,-0.07626307010650635,0.32420042157173157,-0.5436310768127441,-0.0940854474902153,0.3877590596675873,-0.6370488405227661,-0.10657745599746704,0.43427807092666626,-0.7297974824905396,-0.11906539648771286,0.0,0.0,0.0,-0.2265436202287674,-0.07695399969816208,0.09554632008075714,-0.3096323311328888,-0.23649156093597412,0.13688059151172638,-0.35646235942840576,-0.34721317887306213,0.15246614813804626,-0.3975653052330017,-0.4516083896160126,0.16355156898498535,-0.20613433420658112,-0.558716356754303,0.11977200955152512,-0.34569334983825684,-0.7010012269020081,0.1163523867726326,-0.4229113459587097,-0.7761625051498413,0.10464242845773697,-0.46445879340171814,-0.8461925983428955,0.09222900867462158,-0.17542004585266113,-0.5783776640892029,0.05132771283388138,-0.3623301684856415,-0.7278201580047607,0.03983322158455849,-0.44394633173942566,-0.7893058657646179,0.022876588627696037,-0.4796016216278076,-0.8573423027992249,0.005072566214948893,-0.1783810555934906,-0.5364816784858704,-0.018058784306049347,-0.3820989429950714,-0.6825315356254578,-0.05100709944963455,-0.4752945899963379,-0.6934324502944946,-0.0627894476056099,-0.512184739112854,-0.7189555764198303,-0.07040214538574219,-0.22877010703086853,-0.46061545610427856,-0.07999832928180695,-0.3804520070552826,-0.6306622624397278,-0.12688876688480377,-0.4700189232826233,-0.7285254597663879,-0.15030314028263092,-0.5321771502494812,-0.8298912644386292,-0.1675349771976471,SLEEP
0.0,0.0,0.0,0.17771701514720917,-0.06813111156225204,0.05183587968349457,0.25043514370918274,-0.21884089708328247,0.0773077979683876,0.30131518840789795,-0.3084926903247833,0.07964839786291122,0.3674788773059845,-0.3685265779495239,0.08058932423591614,0.2277054488658905,-0.4616749882698059,0.11397969722747803,0.33516067266464233,-0.5885339975357056,0.1009807363152504,0.406366229057312,-0.7011107802391052,0.07103817909955978,0.45295193791389465,-0.8055389523506165,0.04326406866312027,0.21003597974777222,-0.47844424843788147,0.05760260298848152,0.3333427608013153,-0.6399674415588379,0.043221618980169296,0.4029376208782196,-0.7684175372123718,0.01039538811892271,0.4520963728427887,-0.8917778730392456,-0.01846674270927906,0.20023804903030396,-0.4680447280406952,-0.0049314843490719795,0.3341961205005646,-0.6341338157653809,-0.024393104016780853,0.40626969933509827,-0.7589908838272095,-0.053244806826114655,0.451508492231369,-0.8751611709594727,-0.07714813202619553,0.20495259761810303,-0.4336535334587097,-0.06712090969085693,0.3249244689941406,-0.5491225123405457,-0.08433261513710022,0.38658806681632996,-0.6444787979125977,-0.09851766377687454,0.42978161573410034,-0.7406893372535706,-0.11271790415048599,0.0,0.0,0.0,-0.22554010152816772,-0.07750765979290009,0.09408917278051376,-0.30398115515708923,-0.23112189769744873,0.12675762176513672,-0.34594812989234924,-0.3409714996814728,0.13390326499938965,-0.3855334520339966,-0.43890678882598877,0.1358305662870407,-0.19720883667469025,-0.552055835723877,0.10382327437400818,-0.34498217701911926,-0.706275224685669,0.09447872638702393,-0.4205223023891449,-0.7716382741928101,0.07991085946559906,-0.45785412192344666,-0.8332574963569641,0.06597010791301727,-0.17001499235630035,-0.5741586685180664,0.036017123609781265,-0.37188786268234253,-0.7153745293617249,0.017682285979390144,-0.4465271830558777,-0.7574390769004822,0.001931929960846901,-0.47245317697525024,-0.8155283331871033,-0.012957070022821426,-0.1755567044019699,-0.5314826369285583,-0.0315796434879303,-0.3845459520816803,-0.709852397441864,-0.06297583132982254,-0.47353675961494446,-0.76885586977005,-0.07250922918319702,-0.5088938474655151,-0.8339211344718933,-0.08075050264596939,-0.2284816950559616,-0.4531911015510559,-0.09134728461503983,-0.3831120729446411,-0.6210276484489441,-0.13490980863571167,-0.4703769385814667,-0.7213481664657593,-0.15399809181690216,-0.5291165709495544,-0.8317208290100098,-0.16815486550331116,SLEEP
0.0,0.0,0.0,0.17560547590255737,-0.06455761194229126,0.05094703286886215,0.2481519728899002,-0.21327325701713562,0.0760190486907959,0.30012357234954834,-0.3066174387931824,0.07811111211776733,0.3676197826862335,-0.3654661476612091,0.07933079451322556,0.2215525507926941,-0.4632875621318817,0.11454462260007858,0.3287738859653473,-0.5956899523735046,0.10366491228342056,0.39977675676345825,-0.7100112438201904,0.07647459954023361,0.44644156098365784,-0.8141065835952759,0.05111696943640709,0.20476005971431732,-0.48013433814048767,0.060021139681339264,0.3305600881576538,-0.6435888409614563,0.047733522951602936,0.40178748965263367,-0.7715767621994019,0.017064418643712997,0.4523436725139618,-0.8917885422706604,-0.009922505356371403,0.19770221412181854,-0.4690432548522949,-0.000683582213241607,0.33647245168685913,-0.6330950856208801,-0.018247390165925026,0.4099796414375305,-0.7569867372512817,-0.04672412946820259,0.4564014971256256,-0.8699471950531006,-0.07010959088802338,0.20621368288993835,-0.43359944224357605,-0.06103929132223129,0.3302485942840576,-0.5450831651687622,-0.07571656256914139,0.393465518951416,-0.6386751532554626,-0.08904702961444855,0.4380064606666565,-0.7326046228408813,-0.10248753428459167,0.0,0.0,0.0,-0.21687033772468567,-0.07397078722715378,0.07267514616250992,-0.29229816794395447,-0.22169262170791626,0.09814596176147461,-0.3371700346469879,-0.32254520058631897,0.10403099656105042,-0.3809262216091156,-0.41514164209365845,0.10787474364042282,-0.18843591213226318,-0.5376001596450806,0.07723042368888855,-0.3286818265914917,-0.6869393587112427,0.05806807056069374,-0.39822834730148315,-0.7622893452644348,0.03706814721226692,-0.4296661615371704,-0.8287738561630249,0.021671758964657784,-0.16261155903339386,-0.553883969783783,0.01984301209449768,-0.34578004479408264,-0.7104296684265137,-0.001482116524130106,-0.42681562900543213,-0.7908121347427368,-0.02209864929318428,-0.4685869514942169,-0.882418155670166,-0.042003605514764786,-0.16959933936595917,-0.5122383832931519,-0.03797106817364693,-0.3684011995792389,-0.6520169973373413,-0.07431085407733917,-0.4437158405780792,-0.6552327275276184,-0.08167858421802521,-0.46618157625198364,-0.6755069494247437,-0.08506263047456741,-0.2224980592727661,-0.4376666247844696,-0.09021014720201492,-0.3733241856098175,-0.6040101647377014,-0.13696812093257904,-0.46245720982551575,-0.703839123249054,-0.15556500852108002,-0.5247048139572144,-0.8090230226516724,-0.16835232079029083,SLEEP
0.0,0.0,0.0,0.17413443326950073,-0.06700805574655533,0.04890676587820053,0.24958926439285278,-0.22078397870063782,0.0720951110124588,0.30218279361724854,-0.31242913007736206,0.0723908543586731,0.36898982524871826,-0.3724620044231415,0.0719386488199234,0.22087517380714417,-0.4702664613723755,0.10917079448699951,0.32761162519454956,-0.5987094640731812,0.09541557729244232,0.397817999124527,-0.7097547054290771,0.06618528068065643,0.4434695839881897,-0.8108622431755066,0.03945396468043327,0.20171745121479034,-0.48503202199935913,0.053387563675642014,0.3259367346763611,-0.6479206681251526,0.038182664662599564,0.3961585462093353,-0.7751590013504028,0.006136323790997267,0.44585326313972473,-0.8948472142219543,-0.021526701748371124,0.19238175451755524,-0.471839964389801,-0.008738922886550426,0.32928693294525146,-0.6366580128669739,-0.028431428596377373,0.4034980535507202,-0.7588785886764526,-0.05705816671252251,0.4505123794078827,-0.8720869421958923,-0.08071605861186981,0.1992502510547638,-0.4327312409877777,-0.07076164335012436,0.3223188817501068,-0.5425905585289001,-0.08703971654176712,0.38559186458587646,-0.636192798614502,-0.10043881088495255,0.4299868941307068,-0.7308001518249512,-0.11413600295782089,0.0,0.0,0.0,-0.19843830168247223,-0.06376589089632034,0.04771726578474045,-0.26530566811561584,-0.20685775578022003,0.06092151999473572,-0.3053894340991974,-0.3028860092163086,0.059147655963897705,-0.3431224524974823,-0.39005592465400696,0.05429666116833687,-0.170438751578331,-0.489689439535141,0.05466447025537491,-0.29831281304359436,-0.6200112700462341,0.037587765604257584,-0.36661604046821594,-0.7006434798240662,0.016287801787257195,-0.40703901648521423,-0.7816766500473022,-0.0022347881458699703,-0.1470300555229187,-0.5075591802597046,0.007138797082006931,-0.3073752224445343,-0.668361485004425,-0.012342825531959534,-0.3844095468521118,-0.7833842039108276,-0.03434368595480919,-0.42952045798301697,-0.9013831615447998,-0.054959576576948166,-0.15285757184028625,-0.4719339907169342,-0.042066603899002075,-0.3191169500350952,-0.6468491554260254,-0.07357939332723618,-0.4033912122249603,-0.7664434313774109,-0.09357466548681259,-0.44953683018684387,-0.8820170760154724,-0.10888522118330002,-0.2007245272397995,-0.4003620147705078,-0.08763834089040756,-0.3348877429962158,-0.5452752709388733,-0.1246957927942276,-0.4093146324157715,-0.639029860496521,-0.14217273890972137,-0.45989662408828735,-0.7376536726951599,-0.15544439852237701,SLEEP
0.0,0.0,0.0,0.1767544150352478,-0.07098580151796341,0.055559754371643066,0.2513872981071472,-0.22406922280788422,0.08192874491214752,0.3073718547821045,-0.31414204835891724,0.08433341979980469,0.3769681453704834,-0.36630433797836304,0.08517550677061081,0.22308529913425446,-0.465362548828125,0.11473239213228226,0.3286726772785187,-0.5966764688491821,0.10338634997606277,0.3980378210544586,-0.710274338722229,0.07558347284793854,0.4436582624912262,-0.8137641549110413,0.049573782831430435,0.20305535197257996,-0.48110002279281616,0.0564667209982872,0.3272109627723694,-0.6450371742248535,0.043745528906583786,0.39718538522720337,-0.7744078636169434,0.012997587211430073,0.4461093842983246,-0.8948670625686646,-0.014120792038738728,0.19236896932125092,-0.46850648522377014,-0.00747196888551116,0.32947367429733276,-0.6332584619522095,-0.024730496108531952,0.4033038020133972,-0.7577745318412781,-0.05225372686982155,0.4496099352836609,-0.8708805441856384,-0.07560960948467255,0.19781872630119324,-0.4306371808052063,-0.07080833613872528,0.32205337285995483,-0.5421135425567627,-0.08591650426387787,0.3860883414745331,-0.6363980174064636,-0.09877154231071472,0.43148452043533325,-0.7304722666740417,-0.11222773045301437,0.0,0.0,0.0,-0.1961313933134079,-0.06190275028347969,0.03501160442829132,-0.26202574372291565,-0.19996216893196106,0.042585890740156174,-0.2962409555912018,-0.2961805760860443,0.03589814901351929,-0.32730698585510254,-0.37941768765449524,0.02538866549730301,-0.16961351037025452,-0.4773505926132202,0.052677154541015625,-0.2927629351615906,-0.6070587635040283,0.03475731611251831,-0.36093655228614807,-0.6989313960075378,0.012140557169914246,-0.40706515312194824,-0.7899017333984375,-0.007649559061974287,-0.1475461721420288,-0.4974304735660553,0.009425556287169456,-0.2955803871154785,-0.6713892221450806,-0.01496450137346983,-0.3707837760448456,-0.7881964445114136,-0.04209806025028229,-0.4187861680984497,-0.9058094620704651,-0.06424371898174286,-0.153701514005661,-0.46352702379226685,-0.036586660891771317,-0.30772683024406433,-0.6441020369529724,-0.07023686915636063,-0.39251166582107544,-0.7656152248382568,-0.09506911039352417,-0.44227463006973267,-0.8798336982727051,-0.11228930950164795,-0.201426163315773,-0.389601469039917,-0.08032026886940002,-0.3285202980041504,-0.5363625288009644,-0.11111672967672348,-0.40105536580085754,-0.6262096166610718,-0.12593801319599152,-0.45038947463035583,-0.7172660827636719,-0.13776293396949768,SLEEP
0.0,0.0,0.0,0.1798418164253235,-0.06761281937360764,0.050512876361608505,0.25772690773010254,-0.22103841602802277,0.07446747273206711,0.31368181109428406,-0.3168516755104065,0.07525327801704407,0.38348013162612915,-0.3811354637145996,0.07512687146663666,0.2252054214477539,-0.45964351296424866,0.1118582934141159,0.33151453733444214,-0.5901309251785278,0.09993273764848709,0.4016285538673401,-0.7032409310340881,0.07212893664836884,0.4479861259460449,-0.8054267764091492,0.046530865132808685,0.20385000109672546,-0.47817838191986084,0.05631706491112709,0.32773056626319885,-0.6448016166687012,0.04236521199345589,0.39838746190071106,-0.7748546600341797,0.011466038413345814,0.4472613036632538,-0.8942750096321106,-0.015151572413742542,0.1922314465045929,-0.4661378860473633,-0.005475218407809734,0.33203986287117004,-0.6352192163467407,-0.024799123406410217,0.40733709931373596,-0.760671079158783,-0.05391809716820717,0.4534167945384979,-0.8730493187904358,-0.07752777636051178,0.1974950134754181,-0.4283080995082855,-0.06677635759115219,0.32536426186561584,-0.5408361554145813,-0.08307760953903198,0.389377236366272,-0.6364237666130066,-0.09687162190675735,0.43273815512657166,-0.7314755916595459,-0.11054325103759766,0.0,0.0,0.0,-0.1996016800403595,-0.06013502925634384,0.0255799051374197,-0.27216294407844543,-0.20513981580734253,0.02712697722017765,-0.3085358440876007,-0.3058324158191681,0.01628108136355877,-0.33898988366127014,-0.3956875503063202,0.0033856744412332773,-0.17994047701358795,-0.49173685908317566,0.03661700710654259,-0.3021577000617981,-0.632640540599823,0.012277668341994286,-0.36952677369117737,-0.7400192022323608,-0.014997880905866623,-0.41650983691215515,-0.8460330367088318,-0.037623971700668335,-0.15618491172790527,-0.5050614476203918,-0.002240781206637621,-0.3099713921546936,-0.6680635213851929,-0.026568207889795303,-0.3874532878398895,-0.7799584269523621,-0.05257703736424446,-0.4346526861190796,-0.8974409103393555,-0.07534600794315338,-0.1605357974767685,-0.4695790410041809,-0.044066037982702255,-0.3225237727165222,-0.6377263069152832,-0.07504640519618988,-0.4137003719806671,-0.7404318451881409,-0.09209935367107391,-0.46285659074783325,-0.8404920101165771,-0.10433309525251389,-0.2028660923242569,-0.39890220761299133,-0.08533687144517899,-0.33047258853912354,-0.5464721918106079,-0.11484786868095398,-0.40686529874801636,-0.6342989802360535,-0.12582451105117798,-0.45710763335227966,-0.7208884358406067,-0.1340741217136383,SLEEP
0.0,0.0,0.0,0.1765095293521881,-0.07077653706073761,0.05533221736550331,0.25268781185150146,-0.22551411390304565,0.08131930232048035,0.31115803122520447,-0.3174479007720947,0.0827951729297638,0.3828025758266449,-0.37093594670295715,0.08288459479808807,0.2212231159210205,-0.46335700154304504,0.11846689879894257,0.3271433115005493,-0.595218300819397,0.1081726923584938,0.39709335565567017,-0.7081442475318909,0.08097482472658157,0.44338929653167725,-0.8092733025550842,0.055365703999996185,0.2016873061656952,-0.4804973602294922,0.05999462679028511,0.3240009844303131,-0.6475785374641418,0.047687627375125885,0.39522597193717957,-0.7772808074951172,0.017070520669221878,0.44571664929389954,-0.8951221108436584,-0.009645013138651848,0.19137252867221832,-0.46856269240379333,-0.00458265095949173,0.3276452422142029,-0.6381413340568542,-0.022015156224370003,0.4034009277820587,-0.7615294456481934,-0.04972684383392334,0.45156747102737427,-0.8721362352371216,-0.072939932346344,0.197600856423378,-0.4309380054473877,-0.06852538883686066,0.32267996668815613,-0.54254150390625,-0.08299510180950165,0.38786354660987854,-0.6358180642127991,-0.09511124342679977,0.4338968098163605,-0.7282392978668213,-0.10809020698070526,0.0,0.0,0.0,-0.1907779425382614,-0.0575830303132534,0.01955448091030121,-0.2616519629955292,-0.19433192908763885,0.018329529091715813,-0.2908481955528259,-0.28708016872406006,0.005247371271252632,-0.31686896085739136,-0.3699728846549988,-0.009652321226894855,-0.17253969609737396,-0.48702314496040344,0.034164316952228546,-0.294970840215683,-0.6212704181671143,0.008213183842599392,-0.36271318793296814,-0.7230768203735352,-0.021492477506399155,-0.41044291853904724,-0.8247493505477905,-0.04517760127782822,-0.15074005722999573,-0.5040133595466614,-0.0012417034013196826,-0.30000802874565125,-0.6666318774223328,-0.02645386941730976,-0.3763875663280487,-0.7806993722915649,-0.054975930601358414,-0.425658643245697,-0.9014224410057068,-0.07907155901193619,-0.15668122470378876,-0.470995157957077,-0.03997783735394478,-0.32171735167503357,-0.6298038959503174,-0.07184084504842758,-0.4109683632850647,-0.7221183180809021,-0.09026311337947845,-0.45895329117774963,-0.8108136653900146,-0.10187457501888275,-0.2017870992422104,-0.3995799124240875,-0.07848221808671951,-0.3331664502620697,-0.5493885278701782,-0.10587963461875916,-0.4059467315673828,-0.6312023401260376,-0.11393038928508759,-0.4538534879684448,-0.71085524559021,-0.11949938535690308,SLEEP
0.0,0.0,0.0,0.17343683540821075,-0.06620583683252335,0.06026933342218399,0.2470255345106125,-0.21650363504886627,0.08952568471431732,0.30284178256988525,-0.30925020575523376,0.09429436177015305,0.379338800907135,-0.3559296131134033,0.09666261821985245,0.22235283255577087,-0.4565620422363281,0.12014205753803253,0.3237755000591278,-0.590188205242157,0.11140161007642746,0.39284229278564453,-0.7057396173477173,0.0858866348862648,0.43966373801231384,-0.8092933297157288,0.061055101454257965,0.2050267457962036,-0.47499826550483704,0.06042839586734772,0.3231638967990875,-0.64500892162323,0.0506589375436306,0.3924170434474945,-0.7757362723350525,0.02190493978559971,0.44320976734161377,-0.8964073657989502,-0.004355251789093018,0.19463345408439636,-0.46467944979667664,-0.004554723389446735,0.3251672089099884,-0.63689786195755,-0.020409010350704193,0.39843130111694336,-0.7596042156219482,-0.04716592654585838,0.44631487131118774,-0.8711584806442261,-0.07054199278354645,0.19805219769477844,-0.4297127425670624,-0.06833285838365555,0.31731805205345154,-0.5426754951477051,-0.08359020948410034,0.38301122188568115,-0.6331503987312317,-0.09680711477994919,0.4308880865573883,-0.7234837412834167,-0.11093872040510178,0.0,0.0,0.0,-0.19399574398994446,-0.06364509463310242,0.020987525582313538,-0.2622975707054138,-0.20830625295639038,0.02074768766760826,-0.3008701801300049,-0.31263673305511475,0.009672310203313828,-0.33314523100852966,-0.4042699635028839,-0.0029001091606914997,-0.16943807899951935,-0.49183160066604614,0.034653984010219574,-0.29120445251464844,-0.6291571855545044,0.011840634979307652,-0.3580775558948517,-0.7360659241676331,-0.0146891875192523,-0.40597036480903625,-0.8428099751472473,-0.03710713982582092,-0.14784233272075653,-0.5058209896087646,-0.0018185655353590846,-0.2951250970363617,-0.6672930121421814,-0.025310391560196877,-0.3691798448562622,-0.7836952805519104,-0.05226719006896019,-0.4177300035953522,-0.9054053425788879,-0.07578136026859283,-0.15653294324874878,-0.4721859097480774,-0.04121541231870651,-0.30917641520500183,-0.6388184428215027,-0.07005996257066727,-0.3938209116458893,-0.7571693062782288,-0.08964483439922333,-0.44185927510261536,-0.8720954656600952,-0.10492663830518723,-0.2060173600912094,-0.40331798791885376,-0.08034450560808182,-0.3308359682559967,-0.538563072681427,-0.10688988864421844,-0.40413767099380493,-0.6279428601264954,-0.11836858838796616,-0.45272141695022583,-0.7198216319084167,-0.12817266583442688,SLEEP
0.0,0.0,0.0,0.1771656721830368,-0.06194254755973816,0.05295700579881668,0.25365737080574036,-0.21608823537826538,0.0798955038189888,0.3121851980686188,-0.3117472529411316,0.08315867930650711,0.3877750635147095,-0.365667462348938,0.08553765714168549,0.21663151681423187,-0.4624100923538208,0.11889463663101196,0.3198811709880829,-0.5960044264793396,0.1094585433602333,0.39072808623313904,-0.7102916240692139,0.08366788178682327,0.4382292926311493,-0.8118066191673279,0.05909997597336769,0.19799895584583282,-0.48072436451911926,0.0627586767077446,0.32122570276260376,-0.649224579334259,0.0517791323363781,0.39441508054733276,-0.7774780988693237,0.02228601463139057,0.44755473732948303,-0.8942494988441467,-0.0035464230459183455,0.18911804258823395,-0.46860989928245544,0.00031200042576529086,0.3257644772529602,-0.6370741724967957,-0.016779111698269844,0.40268057584762573,-0.7584612369537354,-0.04498822242021561,0.45264193415641785,-0.8671380877494812,-0.06831366568803787,0.1968943327665329,-0.43065589666366577,-0.06160615384578705,0.32104721665382385,-0.5402753949165344,-0.07599236071109772,0.3871714472770691,-0.6305195689201355,-0.08899687975645065,0.4349936246871948,-0.7202452421188354,-0.10250027477741241,0.0,0.0,0.0,-0.19735892117023468,-0.06929809600114822,0.0312570184469223,-0.26050251722335815,-0.20754685997962952,0.03731225058436394,-0.29140543937683105,-0.3030490279197693,0.030990371480584145,-0.31761762499809265,-0.38877925276756287,0.021442584693431854,-0.16838206350803375,-0.48827773332595825,0.04088246449828148,-0.29057833552360535,-0.6244084239006042,0.020917193964123726,-0.3578037619590759,-0.7280141711235046,-0.001956836087629199,-0.4056437909603119,-0.8299862146377563,-0.021320456638932228,-0.14496491849422455,-0.5039423108100891,0.0012980785686522722,-0.29309263825416565,-0.6724814772605896,-0.02039371244609356,-0.3677172064781189,-0.7881917357444763,-0.045299530029296875,-0.4167400300502777,-0.906578540802002,-0.0666564479470253,-0.15024635195732117,-0.46854543685913086,-0.04031781479716301,-0.3084076941013336,-0.6357427835464478,-0.07213536649942398,-0.3946605622768402,-0.7465102672576904,-0.09358694404363632,-0.4445303976535797,-0.8528532981872559,-0.10843897610902786,-0.19764474034309387,-0.39587241411209106,-0.0798327699303627,-0.3277488350868225,-0.5354123115539551,-0.11233632266521454,-0.40088358521461487,-0.6236937642097473,-0.12646661698818207,-0.4498686194419861,-0.7146008610725403,-0.13673536479473114,SLEEP
0.0,0.0,0.0,0.17798994481563568,-0.0603102445602417,0.052632011473178864,0.254348486661911,-0.21271295845508575,0.080463707447052,0.3099600076675415,-0.3076794445514679,0.08490914106369019,0.3838478624820709,-0.3589177131652832,0.08786782622337341,0.22526198625564575,-0.46102333068847656,0.11937949061393738,0.32930293679237366,-0.5920560359954834,0.10979468375444412,0.3985474109649658,-0.7080693244934082,0.08288107812404633,0.44329705834388733,-0.812814474105835,0.05721462517976761,0.2056918740272522,-0.4789169430732727,0.0632544606924057,0.32884639501571655,-0.6431479454040527,0.05185871198773384,0.39915499091148376,-0.77262282371521,0.021332725882530212,0.44865551590919495,-0.8936880826950073,-0.005452676210552454,0.19420677423477173,-0.46783867478370667,0.00083224440459162,0.32902511954307556,-0.6342430710792542,-0.01696768030524254,0.40374380350112915,-0.7572519183158875,-0.04496753215789795,0.4512383043766022,-0.8702078461647034,-0.06799440085887909,0.1975279599428177,-0.4324122369289398,-0.061138980090618134,0.3211685121059418,-0.5448728799819946,-0.0769575983285904,0.3874244689941406,-0.637271523475647,-0.09017317742109299,0.43523648381233215,-0.7297360897064209,-0.10360567271709442,0.0,0.0,0.0,-0.2002694308757782,-0.06537846475839615,0.033086735755205154,-0.2771536409854889,-0.21369141340255737,0.03851234167814255,-0.3094894289970398,-0.3158803880214691,0.030849946662783623,-0.33468928933143616,-0.41339823603630066,0.025426944717764854,-0.17924630641937256,-0.5242282152175903,0.034802332520484924,-0.30918431282043457,-0.6728841662406921,0.005757417529821396,-0.3821544349193573,-0.7891741394996643,-0.018781231716275215,-0.434373140335083,-0.8999795913696289,-0.03683345392346382,-0.15313665568828583,-0.5344799160957336,-0.004925616551190615,-0.31641316413879395,-0.6533751487731934,-0.04283333942294121,-0.38047948479652405,-0.7205540537834167,-0.06449899077415466,-0.4160626232624054,-0.8149437308311462,-0.07969889789819717,-0.1579340696334839,-0.49265772104263306,-0.0464116707444191,-0.34417662024497986,-0.5411530137062073,-0.09895706921815872,-0.38646119832992554,-0.4333641231060028,-0.0928126648068428,-0.37759533524513245,-0.3663773238658905,-0.07513462752103806,-0.2011333853006363,-0.42271938920021057,-0.08629987388849258,-0.34306249022483826,-0.5691289305686951,-0.13412024080753326,-0.42303112149238586,-0.646107017993927,-0.13882584869861603,-0.47916847467422485,-0.7249537110328674,-0.1354459971189499,SLEEP
0.0,0.0,0.0,0.17268632352352142,-0.052207101136446,0.047829970717430115,0.24574165046215057,-0.20610006153583527,0.07424493879079819,0.29747867584228516,-0.3035542964935303,0.07849358767271042,0.3676641285419464,-0.359346479177475,0.0819372832775116,0.21826237440109253,-0.46376705169677734,0.11390598863363266,0.3227900266647339,-0.5962164402008057,0.10453431308269501,0.39320698380470276,-0.712519109249115,0.07876892387866974,0.4386104941368103,-0.8168292045593262,0.054173532873392105,0.2005210816860199,-0.48237279057502747,0.06101706624031067,0.3247907757759094,-0.648830235004425,0.05010996758937836,0.39601749181747437,-0.7771400213241577,0.021052153781056404,0.44586658477783203,-0.8950876593589783,-0.004590617027133703,0.19205155968666077,-0.471341609954834,0.0016320075374096632,0.33000385761260986,-0.63847416639328,-0.016133492812514305,0.40537670254707336,-0.7609230279922485,-0.0444243885576725,0.4520653188228607,-0.8712740540504456,-0.06721948087215424,0.19954751431941986,-0.4345218241214752,-0.05758722499012947,0.32690685987472534,-0.5463941097259521,-0.07325910031795502,0.39270639419555664,-0.6405084133148193,-0.08673598617315292,0.437974750995636,-0.734080970287323,-0.10005686432123184,0.0,0.0,0.0,-0.19125773012638092,-0.057126592844724655,0.033127449452877045,-0.2500622570514679,-0.19348029792308807,0.04289417713880539,-0.2826726734638214,-0.28639793395996094,0.04023124277591705,-0.31059420108795166,-0.36618131399154663,0.03500865772366524,-0.16246801614761353,-0.4743659198284149,0.04944769665598869,-0.27923455834388733,-0.6130568385124207,0.03437512367963791,-0.34376561641693115,-0.7192959785461426,0.01535451877862215,-0.3882879316806793,-0.821845293045044,-0.0013932657893747091,-0.14026561379432678,-0.4955580532550812,0.010287884622812271,-0.28275150060653687,-0.6721873879432678,-0.008581828325986862,-0.3590541183948517,-0.7936675548553467,-0.03384744003415108,-0.40814101696014404,-0.9112458229064941,-0.055245038121938705,-0.14737454056739807,-0.46511727571487427,-0.03058844991028309,-0.3027048707008362,-0.6378868222236633,-0.05952078104019165,-0.3891003131866455,-0.7523053288459778,-0.08140219748020172,-0.4397209882736206,-0.8587732911109924,-0.09666948020458221,-0.1989903301000595,-0.39592817425727844,-0.06919179111719131,-0.3285062909126282,-0.5342860221862793,-0.09822350740432739,-0.3985711932182312,-0.6225656270980835,-0.11169686168432236,-0.4457612931728363,-0.7124707698822021,-0.12183695286512375,SLEEP
0.0,0.0,0.0,0.1767537146806717,-0.05610264837741852,0.04588102549314499,0.25186586380004883,-0.21137794852256775,0.07140716910362244,0.3057992458343506,-0.31173384189605713,0.07489725947380066,0.3779957890510559,-0.3671444058418274,0.07685660570859909,0.22016344964504242,-0.4643539786338806,0.10896536707878113,0.3235985040664673,-0.5976569652557373,0.0963602140545845,0.39356598258018494,-0.7145482897758484,0.06825148314237595,0.4385470747947693,-0.8201664686203003,0.042120203375816345,0.20062381029129028,-0.4820745289325714,0.05606064945459366,0.326688289642334,-0.6457608342170715,0.04166390001773834,0.3994602560997009,-0.7740010023117065,0.010556122288107872,0.45037841796875,-0.8926933407783508,-0.016059042885899544,0.18988832831382751,-0.46839046478271484,-0.003355632070451975,0.32913365960121155,-0.6314482092857361,-0.024179862812161446,0.4059014618396759,-0.7541215419769287,-0.053532227873802185,0.4541808068752289,-0.8656675219535828,-0.07667243480682373,0.1946551352739334,-0.4275481402873993,-0.06266148388385773,0.322669118642807,-0.5372828245162964,-0.08084584027528763,0.3892449140548706,-0.6297365427017212,-0.0950038954615593,0.43636196851730347,-0.7221866250038147,-0.1085173487663269,0.0,0.0,0.0,-0.19667717814445496,-0.06079798564314842,0.024303942918777466,-0.2694726884365082,-0.20643849670886993,0.028096215799450874,-0.30607226490974426,-0.3064555823802948,0.02083224058151245,-0.33568045496940613,-0.3979140520095825,0.013910132460296154,-0.1739542931318283,-0.4925629794597626,0.034051962196826935,-0.29422861337661743,-0.634148359298706,0.009769982658326626,-0.3617043197154999,-0.744097888469696,-0.013611136004328728,-0.40946832299232483,-0.8496183156967163,-0.031002456322312355,-0.14980576932430267,-0.5058668255805969,-0.0024619530886411667,-0.29594433307647705,-0.6634653210639954,-0.02884272113442421,-0.3715786337852478,-0.7785234451293945,-0.05204353109002113,-0.42401406168937683,-0.9029139280319214,-0.07041708379983902,-0.1535591185092926,-0.4727364480495453,-0.04178303852677345,-0.3248031437397003,-0.5960880517959595,-0.07972002029418945,-0.3942123055458069,-0.6266658306121826,-0.08921024203300476,-0.41898664832115173,-0.6683780550956726,-0.09011165797710419,-0.19726596772670746,-0.40715181827545166,-0.08032899349927902,-0.3325932025909424,-0.5455256104469299,-0.11286916583776474,-0.4096618890762329,-0.630017101764679,-0.119486004114151,-0.4610194265842438,-0.7155606150627136,-0.12234801054000854,SLEEP
0.0,0.0,0.0,0.1773988902568817,-0.05635934695601463,0.047428030520677567,0.25499626994132996,-0.21098726987838745,0.07274423539638519,0.3111298680305481,-0.3072219491004944,0.0760532021522522,0.38759326934814453,-0.3543761372566223,0.07781770080327988,0.21963286399841309,-0.4624049961566925,0.10714802891016006,0.32746782898902893,-0.5940114259719849,0.09496983885765076,0.3993989825248718,-0.7105458974838257,0.06773184984922409,0.4460486173629761,-0.816216766834259,0.041929297149181366,0.20075175166130066,-0.47799089550971985,0.05320078507065773,0.3301524221897125,-0.641349196434021,0.03850039839744568,0.4038158059120178,-0.7689771056175232,0.007600803859531879,0.45589154958724976,-0.8898317217826843,-0.019035542383790016,0.1916302591562271,-0.46334055066108704,-0.006778761278837919,0.3324146270751953,-0.6285722255706787,-0.027889389544725418,0.4091463088989258,-0.7512408494949341,-0.05732538551092148,0.4569971561431885,-0.8642455339431763,-0.0807957723736763,0.19864799082279205,-0.42384395003318787,-0.06639701873064041,0.3245360255241394,-0.5368165373802185,-0.08545754104852676,0.3902755081653595,-0.6293807029724121,-0.10052990168333054,0.4366534352302551,-0.7219567894935608,-0.11489926278591156,0.0,0.0,0.0,-0.21623268723487854,-0.06237158924341202,0.044472236186265945,-0.28741219639778137,-0.210255429148674,0.05598084256052971,-0.32099059224128723,-0.3073026239871979,0.05337454751133919,-0.350652277469635,-0.3958479166030884,0.04805924370884895,-0.18692941963672638,-0.5174993276596069,0.045828450471162796,-0.3194880187511444,-0.6709055304527283,0.028439411893486977,-0.39431968331336975,-0.783340334892273,0.0107222069054842,-0.44777610898017883,-0.8941219449043274,-0.0065136319026350975,-0.15716080367565155,-0.5345771312713623,0.0006559325847774744,-0.3243161737918854,-0.6722496747970581,-0.020726189017295837,-0.3902539312839508,-0.74498450756073,-0.03665982186794281,-0.4212211072444916,-0.8378989696502686,-0.05230674520134926,-0.1611582189798355,-0.4952916204929352,-0.045916732400655746,-0.3440625071525574,-0.6555324792861938,-0.07978636026382446,-0.42659422755241394,-0.7382438778877258,-0.08960414677858353,-0.4615943431854248,-0.8270065188407898,-0.09669537097215652,-0.2119150459766388,-0.4209679961204529,-0.08920586854219437,-0.3629741966724396,-0.5694602727890015,-0.12732017040252686,-0.44061437249183655,-0.6595094203948975,-0.13934971392154694,-0.48769912123680115,-0.7558167576789856,-0.14759768545627594,SLEEP
0.0,0.0,0.0,0.17742474377155304,-0.05658568814396858,0.04043838754296303,0.25478219985961914,-0.21404685080051422,0.0628318190574646,0.30896899104118347,-0.3126203417778015,0.06509288400411606,0.38506609201431274,-0.35796117782592773,0.06651847064495087,0.2211856096982956,-0.46704185009002686,0.09689778089523315,0.3261021077632904,-0.6031521558761597,0.08253926038742065,0.3980214595794678,-0.7199825048446655,0.05494244024157524,0.4460608661174774,-0.8246366381645203,0.029208969324827194,0.20184475183486938,-0.48041024804115295,0.0469588078558445,0.3273916244506836,-0.6434352397918701,0.030170544981956482,0.40212148427963257,-0.7692641019821167,-0.0010709080379456282,0.45733803510665894,-0.8888640999794006,-0.027614876627922058,0.19349533319473267,-0.46466973423957825,-0.009019896388053894,0.32973921298980713,-0.6272291541099548,-0.03175663575530052,0.40646350383758545,-0.7499639987945557,-0.06100207194685936,0.45683538913726807,-0.8625257611274719,-0.08382435888051987,0.2010844498872757,-0.4242861270904541,-0.06511742621660233,0.32237738370895386,-0.5363245606422424,-0.08521625399589539,0.38810405135154724,-0.6293247938156128,-0.10075346380472183,0.4361439347267151,-0.720761775970459,-0.11495479941368103,0.0,0.0,0.0,-0.2023126184940338,-0.05869486555457115,0.041818052530288696,-0.2635492980480194,-0.20361588895320892,0.05443032458424568,-0.2948216199874878,-0.2951244115829468,0.05268365889787674,-0.32054126262664795,-0.3765300214290619,0.04891706258058548,-0.17033320665359497,-0.48606568574905396,0.053890276700258255,-0.2944871485233307,-0.6342400908470154,0.04014186933636665,-0.36005398631095886,-0.742618203163147,0.02447705902159214,-0.40430036187171936,-0.8476573824882507,0.01029635313898325,-0.14261746406555176,-0.5045464634895325,0.009243113920092583,-0.2922475337982178,-0.6732882857322693,-0.008936396799981594,-0.3676334321498871,-0.7908120155334473,-0.03000866062939167,-0.41317272186279297,-0.9093980193138123,-0.04778706282377243,-0.14611613750457764,-0.47092634439468384,-0.03672382980585098,-0.3128413259983063,-0.6375230550765991,-0.06557698547840118,-0.39839914441108704,-0.740569531917572,-0.08079826086759567,-0.44420933723449707,-0.8427554965019226,-0.09032776206731796,-0.19476544857025146,-0.39811238646507263,-0.08000873774290085,-0.3362341523170471,-0.5362213253974915,-0.10993162542581558,-0.408418208360672,-0.6203469634056091,-0.119571253657341,-0.4538419842720032,-0.7084476947784424,-0.12573741376399994,SLEEP
0.0,0.0,0.0,0.17471066117286682,-0.054502978920936584,0.04230321943759918,0.2531462609767914,-0.21261851489543915,0.06640451401472092,0.30986592173576355,-0.3088337182998657,0.06978285312652588,0.3854149878025055,-0.35772308707237244,0.07238466292619705,0.22375454008579254,-0.4674243927001953,0.1016462966799736,0.32904455065727234,-0.6002123951911926,0.087831512093544,0.40059468150138855,-0.7161674499511719,0.0600423589348793,0.44726622104644775,-0.8204081654548645,0.03420248627662659,0.2047550529241562,-0.4822660982608795,0.05060959234833717,0.3303544819355011,-0.6439590454101562,0.0348554290831089,0.4043539762496948,-0.7694776654243469,0.004201579373329878,0.4577130377292633,-0.8888306021690369,-0.021887153387069702,0.19601476192474365,-0.467378169298172,-0.00678137456998229,0.3324684500694275,-0.6286234259605408,-0.029096296057105064,0.4088806211948395,-0.7504070997238159,-0.05781252309679985,0.45808735489845276,-0.8632127642631531,-0.08023811876773834,0.20325136184692383,-0.4270923137664795,-0.06431419402360916,0.3259618282318115,-0.5359992980957031,-0.08417187631130219,0.39139920473098755,-0.6279593706130981,-0.09926211088895798,0.4387381970882416,-0.7195315957069397,-0.11318732798099518,0.0,0.0,0.0,-0.21036656200885773,-0.06284501403570175,0.0301817674189806,-0.28354576230049133,-0.2205532044172287,0.038148947060108185,-0.3162136673927307,-0.32565900683403015,0.034141894429922104,-0.3425629734992981,-0.4251176416873932,0.030949972569942474,-0.18202169239521027,-0.5167725086212158,0.038004759699106216,-0.3095968961715698,-0.6726858019828796,0.014832939952611923,-0.38079628348350525,-0.7891573309898376,-0.003886012127622962,-0.43053826689720154,-0.9023937582969666,-0.017952144145965576,-0.1547040194272995,-0.5278318524360657,-0.0009912305977195501,-0.3113647699356079,-0.6649237275123596,-0.03062707558274269,-0.38172847032546997,-0.7505185604095459,-0.049804508686065674,-0.4249139726161957,-0.858238160610199,-0.06412896513938904,-0.15721195936203003,-0.4913003742694855,-0.042847584933042526,-0.3424781560897827,-0.5915544629096985,-0.08905943483114243,-0.4081110954284668,-0.5779749155044556,-0.09389904141426086,-0.424802303314209,-0.5920103788375854,-0.08843156695365906,-0.20016805827617645,-0.4269343614578247,-0.08305460214614868,-0.3481079638004303,-0.5709095597267151,-0.12293417751789093,-0.43133342266082764,-0.6562139391899109,-0.12951436638832092,-0.48772281408309937,-0.7469956874847412,-0.13080784678459167,SLEEP
0.0,0.0,0.0,0.1754778027534485,-0.05770192667841911,0.044857632368803024,0.2536929249763489,-0.2174263298511505,0.06924330443143845,0.3145405948162079,-0.3140046298503876,0.07184801250696182,0.39541134238243103,-0.3589532673358917,0.07266540080308914,0.22597895562648773,-0.4606197774410248,0.1045953780412674,0.32982340455055237,-0.5958641171455383,0.09108654409646988,0.4018860161304474,-0.7129979133605957,0.06300435960292816,0.4499235153198242,-0.8183531761169434,0.03689000383019447,0.2062499076128006,-0.4767114520072937,0.051413219422101974,0.33252647519111633,-0.6406325697898865,0.036017246544361115,0.4063536822795868,-0.7687280774116516,0.004933686926960945,0.45916748046875,-0.8880823850631714,-0.02179364301264286,0.19425970315933228,-0.46302878856658936,-0.008218390867114067,0.3320637047290802,-0.6269817352294922,-0.030245814472436905,0.40968000888824463,-0.7501636743545532,-0.059766728430986404,0.45961323380470276,-0.8615509867668152,-0.08321457356214523,0.19588331878185272,-0.42576009035110474,-0.06777298450469971,0.32210803031921387,-0.5378910303115845,-0.08775454759597778,0.39039313793182373,-0.6302975416183472,-0.10283925384283066,0.4398907423019409,-0.7220277190208435,-0.11714572459459305,0.0,0.0,0.0,-0.1982073336839676,-0.06360471993684769,0.04376651346683502,-0.25849905610084534,-0.20333343744277954,0.054525695741176605,-0.2909802794456482,-0.2927823066711426,0.04946569353342056,-0.3231104910373688,-0.3796694874763489,0.042366206645965576,-0.1661289781332016,-0.4880208969116211,0.057251401245594025,-0.2892521023750305,-0.6314601898193359,0.04310056194663048,-0.3535442054271698,-0.7356312274932861,0.026914028450846672,-0.3968650698661804,-0.839172899723053,0.012348480522632599,-0.1395525187253952,-0.5059731602668762,0.009601342491805553,-0.2885799705982208,-0.6718160510063171,-0.008954251185059547,-0.3641555607318878,-0.7897638082504272,-0.03022456169128418,-0.41181159019470215,-0.9099853038787842,-0.048352692276239395,-0.14237847924232483,-0.4724731147289276,-0.03969006985425949,-0.3140527009963989,-0.6278700232505798,-0.06910515576601028,-0.3972020149230957,-0.7179383635520935,-0.08146415650844574,-0.44119006395339966,-0.8093761205673218,-0.08880822360515594,-0.18823665380477905,-0.4015585780143738,-0.0865444615483284,-0.33341357111930847,-0.537518322467804,-0.11662403494119644,-0.40484654903411865,-0.6202556490898132,-0.12436320632696152,-0.45064055919647217,-0.7089229226112366,-0.12912140786647797,SLEEP
0.0,0.0,0.0,0.17197324335575104,-0.049796007573604584,0.04307796061038971,0.2487485110759735,-0.20833882689476013,0.06879515945911407,0.30056580901145935,-0.30661284923553467,0.07327450811862946,0.37445545196533203,-0.36124664545059204,0.07715573906898499,0.23061810433864594,-0.46223148703575134,0.1116492748260498,0.3325137794017792,-0.5906824469566345,0.10089118778705597,0.4029867351055145,-0.7045678496360779,0.0735754743218422,0.4501206874847412,-0.808711051940918,0.047487448900938034,0.2124919593334198,-0.48049670457839966,0.06025097146630287,0.33210694789886475,-0.6411983370780945,0.04762217774987221,0.40336671471595764,-0.7687991857528687,0.016673428937792778,0.4560181200504303,-0.889907956123352,-0.010551192797720432,0.20077821612358093,-0.47092458605766296,0.001671137404628098,0.33266931772232056,-0.6331859230995178,-0.018491234630346298,0.4076615273952484,-0.7560840249061584,-0.048654235899448395,0.456221342086792,-0.8692343235015869,-0.07292971014976501,0.202121302485466,-0.4387747347354889,-0.05718633532524109,0.32325345277786255,-0.549004077911377,-0.07591711729764938,0.3889051675796509,-0.6417092084884644,-0.09183694422245026,0.4365957975387573,-0.734863817691803,-0.10709815472364426,0.0,0.0,0.0,-0.1985749900341034,-0.06333481520414352,0.02479984425008297,-0.2690029442310333,-0.21586214005947113,0.029772525653243065,-0.30562230944633484,-0.32214853167533875,0.024108918383717537,-0.3424817621707916,-0.4176994860172272,0.01910916343331337,-0.17068444192409515,-0.4990543723106384,0.03170914202928543,-0.2927911877632141,-0.65008544921875,0.008048413321375847,-0.3602881133556366,-0.7630186080932617,-0.013249036855995655,-0.4071611166000366,-0.8710737228393555,-0.030189910903573036,-0.14384813606739044,-0.5112936496734619,-0.005896852817386389,-0.29491186141967773,-0.6679298281669617,-0.032345958054065704,-0.37386053800582886,-0.7802855372428894,-0.053528767079114914,-0.42621782422065735,-0.90179842710495,-0.07140056788921356,-0.14621971547603607,-0.47519388794898987,-0.04648097604513168,-0.3225114941596985,-0.6063103675842285,-0.08363380283117294,-0.4034692049026489,-0.6435945630073547,-0.0895979255437851,-0.4383772313594818,-0.6916674971580505,-0.08989027142524719,-0.18857444822788239,-0.4058217704296112,-0.08674775809049606,-0.3292664885520935,-0.5457798838615417,-0.12384180724620819,-0.4068590998649597,-0.632649838924408,-0.13261641561985016,-0.45718201994895935,-0.7238714098930359,-0.13694873452186584,SLEEP
0.0,0.0,0.0,0.1743515580892563,-0.05273233726620674,0.04453111067414284,0.24983397126197815,-0.20766125619411469,0.0694170817732811,0.3022279739379883,-0.3059009909629822,0.07246705889701843,0.37538883090019226,-0.3563835322856903,0.0744088813662529,0.2297866940498352,-0.4634590744972229,0.10981308668851852,0.3313525915145874,-0.5942491888999939,0.0972791388630867,0.40185707807540894,-0.7076364159584045,0.06911580264568329,0.44867533445358276,-0.8120172619819641,0.04252823069691658,0.21011774241924286,-0.4809904992580414,0.05706007778644562,0.3330717980861664,-0.6418630480766296,0.042089853435754776,0.40634119510650635,-0.7685942053794861,0.010101945139467716,0.45969846844673157,-0.8879021406173706,-0.017527638003230095,0.19787733256816864,-0.46924349665641785,-0.00260537420399487,0.3324768841266632,-0.6289723515510559,-0.02458079718053341,0.40929198265075684,-0.7487086057662964,-0.05548974871635437,0.45922255516052246,-0.8586317300796509,-0.08001436293125153,0.19883336126804352,-0.43259304761886597,-0.06232850253582001,0.322576105594635,-0.5388669967651367,-0.0819791629910469,0.3899895250797272,-0.6290492415428162,-0.09841415286064148,0.43945953249931335,-0.719734251499176,-0.11404620110988617,0.0,0.0,0.0,-0.191275954246521,-0.06353767216205597,0.04133290797472,-0.25250044465065,-0.2071656882762909,0.05287940427660942,-0.2864638566970825,-0.30099740624427795,0.04901771992444992,-0.3239006996154785,-0.38819003105163574,0.04233745485544205,-0.16161797940731049,-0.48461970686912537,0.06264332681894302,-0.28290367126464844,-0.6275368332862854,0.05116889625787735,-0.350334107875824,-0.7312697172164917,0.03534945473074913,-0.3964903652667999,-0.8320437073707581,0.020875349640846252,-0.13884954154491425,-0.5049742460250854,0.016227373853325844,-0.28144371509552,-0.6800842881202698,0.0015213200822472572,-0.3575345277786255,-0.7975775599479675,-0.02015860378742218,-0.40475815534591675,-0.9136020541191101,-0.03875532001256943,-0.14556165039539337,-0.4753413200378418,-0.032438382506370544,-0.30343541502952576,-0.6465909481048584,-0.059016186743974686,-0.3894725739955902,-0.7582187056541443,-0.07801961153745651,-0.4393586218357086,-0.8643484711647034,-0.09120498597621918,-0.19440601766109467,-0.40800222754478455,-0.07857254147529602,-0.33286598324775696,-0.548099160194397,-0.10327797383069992,-0.4032958149909973,-0.632161557674408,-0.11082535982131958,-0.4495435953140259,-0.7180335521697998,-0.11678548157215118,SLEEP
0.0,0.0,0.0,0.17884522676467896,-0.05625269562005997,0.04723986238241196,0.25415268540382385,-0.2140781283378601,0.07234565913677216,0.3094409108161926,-0.31136760115623474,0.07520725578069687,0.38596728444099426,-0.35843780636787415,0.07666146755218506,0.22212845087051392,-0.46679434180259705,0.10752718895673752,0.32504406571388245,-0.5987598299980164,0.09390777349472046,0.39714178442955017,-0.7142873406410217,0.06555600464344025,0.44481900334358215,-0.8192421197891235,0.039158180356025696,0.20174670219421387,-0.4825829565525055,0.05373420938849449,0.3284754455089569,-0.6436867117881775,0.03809702396392822,0.403253436088562,-0.7697119116783142,0.0068739247508347034,0.45737117528915405,-0.8890538811683655,-0.019869111478328705,0.19176016747951508,-0.46823054552078247,-0.00641613220795989,0.3309732973575592,-0.6288413405418396,-0.028319532051682472,0.4089878499507904,-0.7505806684494019,-0.05804191157221794,0.4594677984714508,-0.8627084493637085,-0.08153780549764633,0.19753436744213104,-0.4293696880340576,-0.06634354591369629,0.32367271184921265,-0.5371385216712952,-0.08580131083726883,0.3916577994823456,-0.6285401582717896,-0.10141170769929886,0.4416406750679016,-0.7206834554672241,-0.11615844815969467,0.0,0.0,0.0,-0.196261465549469,-0.06508013606071472,0.03984509035944939,-0.2608847916126251,-0.2101414054632187,0.04971364140510559,-0.2991144359111786,-0.3113766014575958,0.04398199915885925,-0.3391932249069214,-0.4045599699020386,0.03736681118607521,-0.1657460778951645,-0.4838235378265381,0.061792973428964615,-0.2860378921031952,-0.6200574636459351,0.0484854020178318,-0.354056715965271,-0.7206079363822937,0.03148682788014412,-0.3998539447784424,-0.8192824721336365,0.01651725172996521,-0.14179262518882751,-0.5051405429840088,0.01581682451069355,-0.2853325307369232,-0.6706873774528503,-0.00037806297768838704,-0.3637385666370392,-0.7890926003456116,-0.020201988518238068,-0.4134720265865326,-0.909714937210083,-0.03820599243044853,-0.14783340692520142,-0.4757949411869049,-0.033034201711416245,-0.3151281177997589,-0.6214402914047241,-0.05958615243434906,-0.39288049936294556,-0.68553626537323,-0.06847798824310303,-0.42591777443885803,-0.7519369125366211,-0.07394420355558395,-0.19679324328899384,-0.4115883409976959,-0.0805145725607872,-0.33676785230636597,-0.5439527034759521,-0.10554797947406769,-0.4107576012611389,-0.6241843700408936,-0.11045597493648529,-0.45715975761413574,-0.7079901695251465,-0.1146022379398346,SLEEP
0.0,0.0,0.0,0.17780975997447968,-0.05759570002555847,0.049104105681180954,0.2548311650753021,-0.2169782817363739,0.07540798932313919,0.31304579973220825,-0.3151441812515259,0.07878193259239197,0.3868200480937958,-0.36809617280960083,0.08084160834550858,0.21914571523666382,-0.4639441668987274,0.11202696710824966,0.32880455255508423,-0.5956913828849792,0.1001773253083229,0.4029908776283264,-0.7115190625190735,0.0724887102842331,0.45164576172828674,-0.8165382742881775,0.04653278365731239,0.20036424696445465,-0.48062944412231445,0.057232849299907684,0.3302178978919983,-0.6425796747207642,0.04358738660812378,0.40567144751548767,-0.7692983150482178,0.012828602455556393,0.4591858685016632,-0.8882349729537964,-0.013673575595021248,0.19205798208713531,-0.4670696258544922,-0.0039663235656917095,0.33280184864997864,-0.6316949725151062,-0.023036397993564606,0.41159817576408386,-0.7547979354858398,-0.05173516646027565,0.4615938663482666,-0.8666423559188843,-0.07497773319482803,0.20029617846012115,-0.429300993680954,-0.0650225505232811,0.3262002766132355,-0.5421614646911621,-0.08106342703104019,0.3925960063934326,-0.6357771158218384,-0.0945144072175026,0.4394720196723938,-0.7281568646430969,-0.10810066759586334,0.0,0.0,0.0,-0.19672726094722748,-0.06977782398462296,0.06967458128929138,-0.2599606215953827,-0.2143786996603012,0.0950201228260994,-0.30222243070602417,-0.31271085143089294,0.09755183011293411,-0.3474988639354706,-0.40524137020111084,0.09595556557178497,-0.16878557205200195,-0.48373666405677795,0.10599692165851593,-0.2890624403953552,-0.621887743473053,0.10607622563838959,-0.35501423478126526,-0.7202889919281006,0.09606438130140305,-0.3998505175113678,-0.8192474246025085,0.08374225348234177,-0.14545589685440063,-0.5086126327514648,0.04375796392560005,-0.28816401958465576,-0.6824973821640015,0.03777691349387169,-0.36471015214920044,-0.7991832494735718,0.01946401596069336,-0.4104814827442169,-0.9118672609329224,0.0017640191363170743,-0.1512261927127838,-0.48001471161842346,-0.02069079503417015,-0.3094714283943176,-0.6518635153770447,-0.04203503206372261,-0.39387327432632446,-0.7577444911003113,-0.05805780366063118,-0.440675288438797,-0.8599855899810791,-0.07094366103410721,-0.19911310076713562,-0.41377246379852295,-0.08100873976945877,-0.3372163474559784,-0.5535364747047424,-0.10408686101436615,-0.4080384075641632,-0.6368829011917114,-0.11159872263669968,-0.45398154854774475,-0.7233436703681946,-0.1190972626209259,SLEEP
0.0,0.0,0.0,0.18121220171451569,-0.05913017317652702,0.05372324958443642,0.25714221596717834,-0.21149566769599915,0.08181269466876984,0.31153059005737305,-0.3065257668495178,0.08627022057771683,0.3844095766544342,-0.35832837224006653,0.08891676366329193,0.22306455671787262,-0.4576796889305115,0.1177985668182373,0.33257362246513367,-0.5888856649398804,0.10723181068897247,0.4070274233818054,-0.7045568823814392,0.08013691008090973,0.45697933435440063,-0.8096356391906738,0.05434948578476906,0.20627917349338531,-0.476274311542511,0.06122041121125221,0.3365165591239929,-0.6388135552406311,0.04901205748319626,0.41185230016708374,-0.7658547759056091,0.01821940205991268,0.4665547013282776,-0.8844471573829651,-0.008935504592955112,0.198039248585701,-0.4649333357810974,-0.0015764598501846194,0.33981654047966003,-0.6284987330436707,-0.01957293041050434,0.4178082048892975,-0.7522581815719604,-0.048914115875959396,0.46739140152931213,-0.864625096321106,-0.07330489158630371,0.20428304374217987,-0.429740309715271,-0.06382238864898682,0.32937437295913696,-0.5409817099571228,-0.0802222192287445,0.3946387469768524,-0.6350032687187195,-0.09514820575714111,0.440133661031723,-0.7291622757911682,-0.11019492894411087,0.0,0.0,0.0,-0.20295068621635437,-0.06298474222421646,0.04046113044023514,-0.26249581575393677,-0.20780044794082642,0.04966835305094719,-0.30012375116348267,-0.3119952976703644,0.0437181293964386,-0.34573671221733093,-0.4073657989501953,0.034156691282987595,-0.17005863785743713,-0.4859195649623871,0.06128651648759842,-0.2929174304008484,-0.6259004473686218,0.04921236261725426,-0.36166536808013916,-0.724970281124115,0.03216595575213432,-0.4084661602973938,-0.8250537514686584,0.016098150983452797,-0.1447964459657669,-0.507108211517334,0.014446795918047428,-0.2908985912799835,-0.678368091583252,-0.0031557001639157534,-0.36992791295051575,-0.7912375330924988,-0.026716751977801323,-0.4177071750164032,-0.907200813293457,-0.047483015805482864,-0.15037615597248077,-0.4746902883052826,-0.03472822904586792,-0.3029260039329529,-0.6562845706939697,-0.06372472643852234,-0.3903184235095978,-0.777366042137146,-0.08504018187522888,-0.439485102891922,-0.8925150632858276,-0.10133960843086243,-0.19934865832328796,-0.40518882870674133,-0.08119390904903412,-0.33535251021385193,-0.5432195067405701,-0.10734955221414566,-0.4077500104904175,-0.6299459338188171,-0.11726675927639008,-0.45366764068603516,-0.721017599105835,-0.12639787793159485,SLEEP
0.0,0.0,0.0,0.18208730220794678,-0.05741889029741287,0.05179981887340546,0.25836730003356934,-0.213817298412323,0.07966256141662598,0.3122211694717407,-0.3077642619609833,0.08371654897928238,0.3853667974472046,-0.36129891872406006,0.08658581972122192,0.2303771823644638,-0.46325626969337463,0.12161900103092194,0.3374967575073242,-0.5915318727493286,0.11128199845552444,0.41099950671195984,-0.7063782811164856,0.08318246155977249,0.4600694477558136,-0.8102902173995972,0.05653044208884239,0.21017344295978546,-0.4820513427257538,0.06475094705820084,0.3355364501476288,-0.6433579921722412,0.05246688425540924,0.4096803069114685,-0.7696657180786133,0.020875168964266777,0.4634966552257538,-0.8860727548599243,-0.006774653680622578,0.1982579231262207,-0.4728454053401947,0.0008765494567342103,0.33798375725746155,-0.6375682353973389,-0.017862560227513313,0.417036771774292,-0.7597367763519287,-0.04778033494949341,0.4681705832481384,-0.8700852990150452,-0.07226753979921341,0.20171228051185608,-0.439386248588562,-0.0627865269780159,0.32981181144714355,-0.5505141019821167,-0.07965435087680817,0.39802637696266174,-0.6435383558273315,-0.09421779960393906,0.44632861018180847,-0.7362252473831177,-0.10883885622024536,0.0,0.0,0.0,-0.2001577764749527,-0.06199484318494797,0.03521863743662834,-0.2646369934082031,-0.20945216715335846,0.04369994252920151,-0.3071210980415344,-0.31599923968315125,0.0388997383415699,-0.3558519780635834,-0.4121575653553009,0.031647421419620514,-0.16921471059322357,-0.4875437319278717,0.05447898805141449,-0.2935047745704651,-0.6270076036453247,0.0402228981256485,-0.36228424310684204,-0.7296360731124878,0.022009989246726036,-0.4100765585899353,-0.8312177062034607,0.005770877934992313,-0.14537158608436584,-0.5049967765808105,0.011257648468017578,-0.293793261051178,-0.674963116645813,-0.006058600731194019,-0.3723611533641815,-0.7894821166992188,-0.02787553332746029,-0.422428697347641,-0.9051702618598938,-0.04712531343102455,-0.15270839631557465,-0.47233325242996216,-0.03460497781634331,-0.30938106775283813,-0.6445724368095398,-0.06224292516708374,-0.39743173122406006,-0.7632656097412109,-0.0806695967912674,-0.44954416155815125,-0.877505362033844,-0.09469179064035416,-0.2024085372686386,-0.4040118157863617,-0.07860652357339859,-0.33717024326324463,-0.5417451858520508,-0.10490154474973679,-0.4101509749889374,-0.6301148533821106,-0.11473777145147324,-0.45840346813201904,-0.7223135828971863,-0.12318582087755203,SLEEP
0.0,0.0,0.0,0.1801867038011551,-0.05374762788414955,0.05221289023756981,0.25766390562057495,-0.21109063923358917,0.0802680104970932,0.31193676590919495,-0.30734461545944214,0.08443810790777206,0.38695818185806274,-0.3592913746833801,0.0873657688498497,0.2291722297668457,-0.4570678174495697,0.12269867956638336,0.3384661376476288,-0.5883419513702393,0.11444399505853653,0.41204798221588135,-0.7029330134391785,0.08837132900953293,0.46138638257980347,-0.8064134120941162,0.06293624639511108,0.20864923298358917,-0.47661057114601135,0.06574893742799759,0.33499354124069214,-0.6396927237510681,0.05403733253479004,0.4086649417877197,-0.767812967300415,0.022374091669917107,0.46221837401390076,-0.8867510557174683,-0.005186948459595442,0.19735217094421387,-0.468549519777298,0.0019465304212644696,0.3378671407699585,-0.6390705704689026,-0.016440365463495255,0.41676366329193115,-0.7632129788398743,-0.046756695955991745,0.4683154225349426,-0.8751526474952698,-0.07146185636520386,0.20270617306232452,-0.43803343176841736,-0.06147782504558563,0.3296259641647339,-0.5566270351409912,-0.07851662486791611,0.39710482954978943,-0.6529422998428345,-0.0936160460114479,0.44511494040489197,-0.7478746175765991,-0.10859016329050064,0.0,0.0,0.0,-0.19700253009796143,-0.05957387760281563,0.03701363876461983,-0.25840169191360474,-0.20284713804721832,0.04633905366063118,-0.3021993637084961,-0.30999132990837097,0.04199136048555374,-0.35198602080345154,-0.40737080574035645,0.034974195063114166,-0.16562135517597198,-0.4857536554336548,0.05864698067307472,-0.289890319108963,-0.6272245049476624,0.04607619345188141,-0.3581565320491791,-0.7313128709793091,0.029001135379076004,-0.406486451625824,-0.8345056176185608,0.01312740333378315,-0.1443188339471817,-0.5048173069953918,0.015333137474954128,-0.29295217990875244,-0.6752354502677917,-0.002055036136880517,-0.3709152340888977,-0.7884538173675537,-0.02502572350203991,-0.4211030900478363,-0.9058858156204224,-0.04519907012581825,-0.15515078604221344,-0.4726143777370453,-0.030530089512467384,-0.3081437945365906,-0.6469171643257141,-0.05922802910208702,-0.3940950036048889,-0.7699169516563416,-0.08132801204919815,-0.44571632146835327,-0.8878235816955566,-0.09784270823001862,-0.208759605884552,-0.4053471088409424,-0.07406578212976456,-0.33839938044548035,-0.5402995347976685,-0.10014588385820389,-0.41044628620147705,-0.6298171281814575,-0.11227013915777206,-0.4593491852283478,-0.7242313027381897,-0.12284965813159943,SLEEP
0.0,0.0,0.0,0.1801495999097824,-0.051720377057790756,0.049061596393585205,0.26000699400901794,-0.2102048099040985,0.07602714002132416,0.31637468934059143,-0.3060852289199829,0.07949155569076538,0.3911341726779938,-0.35945406556129456,0.08183716982603073,0.23233860731124878,-0.4586585760116577,0.11996793746948242,0.34231138229370117,-0.5826866030693054,0.10980164259672165,0.4173398017883301,-0.6938551068305969,0.08204816281795502,0.4682558476924896,-0.7939244508743286,0.05556351691484451,0.21164827048778534,-0.4804993271827698,0.06431644409894943,0.33792001008987427,-0.6410754919052124,0.051313597708940506,0.41241228580474854,-0.767197847366333,0.019519483670592308,0.4672095775604248,-0.8841108083724976,-0.007959781214594841,0.1993819624185562,-0.47227975726127625,0.0013576206983998418,0.339912086725235,-0.6410671472549438,-0.01874353177845478,0.4189371168613434,-0.763566255569458,-0.04940524697303772,0.47052332758903503,-0.8742715120315552,-0.0739954337477684,0.20261575281620026,-0.43890389800071716,-0.06149189919233322,0.33014756441116333,-0.553272545337677,-0.07952648401260376,0.39722952246665955,-0.6489144563674927,-0.09476011246442795,0.4448741376399994,-0.7440504431724548,-0.10968449711799622,0.0,0.0,0.0,-0.19737999141216278,-0.0587427094578743,0.032623838633298874,-0.2587118148803711,-0.20349469780921936,0.04191909730434418,-0.30213412642478943,-0.3115693926811218,0.03877193108201027,-0.3495867848396301,-0.4064685106277466,0.03344712406396866,-0.16714566946029663,-0.4789677858352661,0.05554286018013954,-0.2915334105491638,-0.6141573190689087,0.04229535162448883,-0.36005473136901855,-0.7152696251869202,0.024961428716778755,-0.4078958332538605,-0.8144456148147583,0.009166271425783634,-0.14655163884162903,-0.4998956322669983,0.014738154597580433,-0.2927430272102356,-0.67524653673172,-0.003335788147523999,-0.36942848563194275,-0.7903968095779419,-0.02599693089723587,-0.4190346598625183,-0.9068391919136047,-0.04530699923634529,-0.15659533441066742,-0.46938467025756836,-0.028947869315743446,-0.3103730082511902,-0.6448912620544434,-0.058335527777671814,-0.3944905698299408,-0.765192449092865,-0.0797712504863739,-0.44473662972450256,-0.8807948231697083,-0.09517400711774826,-0.20846834778785706,-0.4026419222354889,-0.07081592828035355,-0.3368775546550751,-0.5390648245811462,-0.0985051691532135,-0.4095490872859955,-0.6299543976783752,-0.11156278848648071,-0.4585767984390259,-0.7252330183982849,-0.12221691757440567,SLEEP
0.0,0.0,0.0,0.1833975911140442,-0.04948786273598671,0.04693882539868355,0.2639733850955963,-0.20467659831047058,0.07248634099960327,0.3159324526786804,-0.30012044310569763,0.07546132057905197,0.38714736700057983,-0.3561277389526367,0.07758346945047379,0.23616671562194824,-0.4566786289215088,0.11449414491653442,0.3481464385986328,-0.5814387798309326,0.10285623371601105,0.42369577288627625,-0.6911752223968506,0.0748811587691307,0.47542423009872437,-0.7896787524223328,0.04851919040083885,0.21335124969482422,-0.47820135951042175,0.05949437990784645,0.3412420153617859,-0.6380430459976196,0.044262129813432693,0.4163096845149994,-0.7632851600646973,0.011483983136713505,0.4724743962287903,-0.8811935186386108,-0.016310645267367363,0.20127184689044952,-0.4701516926288605,-0.002541560446843505,0.3441776931285858,-0.6389476656913757,-0.02480446547269821,0.42374372482299805,-0.7610523700714111,-0.0556652769446373,0.47702887654304504,-0.8729033470153809,-0.07987462729215622,0.20596058666706085,-0.43697234988212585,-0.06445445120334625,0.3326929807662964,-0.5540952682495117,-0.08463039994239807,0.40043380856513977,-0.6493408679962158,-0.1006179079413414,0.4507717788219452,-0.7436355948448181,-0.11555183678865433,0.0,0.0,0.0,-0.19910980761051178,-0.0633113831281662,0.03875001147389412,-0.26053914427757263,-0.20590130984783173,0.05011553689837456,-0.30456265807151794,-0.30979207158088684,0.04811413586139679,-0.3518248498439789,-0.4069785177707672,0.04351552948355675,-0.1662687063217163,-0.48438167572021484,0.05930649861693382,-0.2969846725463867,-0.6152366995811462,0.04724916070699692,-0.3684404492378235,-0.7112172842025757,0.030988361686468124,-0.41769713163375854,-0.8086557984352112,0.015825020149350166,-0.1448618769645691,-0.502450704574585,0.015524054877460003,-0.29507017135620117,-0.6736646890640259,-0.0020177941769361496,-0.37363407015800476,-0.7875662446022034,-0.024111337959766388,-0.42293456196784973,-0.905127763748169,-0.043244823813438416,-0.15461063385009766,-0.4696293771266937,-0.030661566182971,-0.31096404790878296,-0.6470534205436707,-0.06084372475743294,-0.3961210548877716,-0.7686974406242371,-0.08184689283370972,-0.44492456316947937,-0.8876205682754517,-0.09680535644292831,-0.2066802829504013,-0.40048491954803467,-0.07415399700403214,-0.3399783968925476,-0.5408497452735901,-0.10393133014440536,-0.41286906599998474,-0.6318000555038452,-0.11671064794063568,-0.46015605330467224,-0.7275043725967407,-0.12680450081825256,SLEEP
0.0,0.0,0.0,0.1850479245185852,-0.04944949969649315,0.043783847242593765,0.2642919421195984,-0.20259790122509003,0.06842135637998581,0.31400588154792786,-0.2963038384914398,0.0713149756193161,0.3804935812950134,-0.3587242364883423,0.07408249378204346,0.2328708916902542,-0.46280765533447266,0.11252828687429428,0.343466579914093,-0.5841876864433289,0.10003364831209183,0.41978490352630615,-0.6942981481552124,0.07105578482151031,0.47107169032096863,-0.7944332957267761,0.043874479830265045,0.21139848232269287,-0.4843066930770874,0.059916429221630096,0.3377958834171295,-0.6406312584877014,0.044210780411958694,0.41420868039131165,-0.7644158005714417,0.011614596471190453,0.4706980884075165,-0.8821445107460022,-0.016260242089629173,0.20201456546783447,-0.47475045919418335,8.119329868350178e-05,0.3430446684360504,-0.6369895935058594,-0.02322288230061531,0.4230239689350128,-0.7569991946220398,-0.0533130019903183,0.476529061794281,-0.868648886680603,-0.07661780714988708,0.21080096065998077,-0.4385806918144226,-0.059974994510412216,0.33712270855903625,-0.5517755746841431,-0.08134452998638153,0.40444809198379517,-0.6463840007781982,-0.09756665676832199,0.45459532737731934,-0.7409597039222717,-0.11226540803909302,0.0,0.0,0.0,-0.19181804358959198,-0.065532386302948,0.06597401946783066,-0.2488333135843277,-0.20453216135501862,0.09219157695770264,-0.29427194595336914,-0.30669713020324707,0.09881051629781723,-0.34524354338645935,-0.3992106318473816,0.10182595998048782,-0.159895122051239,-0.4803049564361572,0.10094631463289261,-0.2862270772457123,-0.6119619011878967,0.10204431414604187,-0.35578033328056335,-0.7063741087913513,0.09338974952697754,-0.40340858697891235,-0.801470935344696,0.08232121169567108,-0.14216157793998718,-0.5051150918006897,0.0447482131421566,-0.29093989729881287,-0.68069988489151,0.0388752743601799,-0.3701845705509186,-0.7958906292915344,0.022463416680693626,-0.4184209108352661,-0.908227801322937,0.006808639969676733,-0.15481339395046234,-0.4757828116416931,-0.01339027751237154,-0.3105449974536896,-0.6513063311576843,-0.033529095351696014,-0.3949185311794281,-0.7687674164772034,-0.04933132231235504,-0.44449755549430847,-0.8837498426437378,-0.0621921569108963,-0.20850713551044464,-0.40824273228645325,-0.06734946370124817,-0.3383462429046631,-0.5467814207077026,-0.09018805623054504,-0.4098077416419983,-0.6365010142326355,-0.0993419885635376,-0.4577968120574951,-0.730539858341217,-0.10776609182357788,SLEEP
0.0,0.0,0.0,0.1881968080997467,-0.055510055273771286,0.04321727901697159,0.26627424359321594,-0.20590496063232422,0.06660564243793488,0.3178155720233917,-0.2929995059967041,0.06845762580633163,0.3858755826950073,-0.3529517948627472,0.0697300061583519,0.23311935365200043,-0.4701845347881317,0.10820714384317398,0.34098413586616516,-0.5953298807144165,0.09288991242647171,0.4167153835296631,-0.7107741832733154,0.06142006069421768,0.46760818362236023,-0.8178516030311584,0.032130490988492966,0.21223409473896027,-0.48763135075569153,0.05540641397237778,0.33855897188186646,-0.6395423412322998,0.037915244698524475,0.4161425232887268,-0.7615033388137817,0.003280597971752286,0.4736899435520172,-0.8802920579910278,-0.026527419686317444,0.20320767164230347,-0.47455379366874695,-0.0041833254508674145,0.3421615660190582,-0.6283583641052246,-0.02831529639661312,0.4218539893627167,-0.7471084594726562,-0.05837270990014076,0.4759663939476013,-0.8598407506942749,-0.0819249153137207,0.21153509616851807,-0.4348370134830475,-0.06418516486883163,0.33628737926483154,-0.5435275435447693,-0.08699784427881241,0.4040181636810303,-0.6368641257286072,-0.10370422154664993,0.4551527500152588,-0.7301729917526245,-0.11856618523597717,0.0,0.0,0.0,-0.19181953370571136,-0.06275931745767593,0.05262462794780731,-0.25069859623908997,-0.20485995709896088,0.07392195612192154,-0.29649269580841064,-0.31119686365127563,0.07843419164419174,-0.3456622064113617,-0.4079471230506897,0.08001092076301575,-0.16172775626182556,-0.4770655930042267,0.08547824621200562,-0.2873585820198059,-0.605848491191864,0.0803828313946724,-0.3582361936569214,-0.700285792350769,0.06777756661176682,-0.4070005416870117,-0.7943991422653198,0.05437059327960014,-0.14346878230571747,-0.5010194182395935,0.034816354513168335,-0.28967341780662537,-0.6784573197364807,0.022331062704324722,-0.3686556816101074,-0.7945037484169006,0.0026883957907557487,-0.41751036047935486,-0.9085607528686523,-0.014226684346795082,-0.1540321707725525,-0.47246745228767395,-0.018517758697271347,-0.30886754393577576,-0.6496662497520447,-0.04504750296473503,-0.39247989654541016,-0.7662637829780579,-0.06352751702070236,-0.4403647482395172,-0.880247950553894,-0.07684433460235596,-0.20350588858127594,-0.4060400724411011,-0.06859918683767319,-0.3345225155353546,-0.5437700748443604,-0.09676443040370941,-0.4067860245704651,-0.632493257522583,-0.10877668857574463,-0.4541715979576111,-0.7260582447052002,-0.11828760802745819,SLEEP
0.0,0.0,0.0,0.18500769138336182,-0.044872332364320755,0.032794345170259476,0.2642325162887573,-0.19428524374961853,0.05206862837076187,0.3147047162055969,-0.2866208255290985,0.05187373235821724,0.38580048084259033,-0.3524143695831299,0.0517449826002121,0.23774036765098572,-0.460533082485199,0.10018141567707062,0.34418708086013794,-0.5832434892654419,0.08097252994775772,0.42189520597457886,-0.6934881210327148,0.04710375517606735,0.4760063886642456,-0.7941665053367615,0.017173631116747856,0.21648070216178894,-0.48091375827789307,0.05177401751279831,0.33907750248908997,-0.636147677898407,0.03068501129746437,0.4164528250694275,-0.7585265636444092,-0.00585249112918973,0.4760311543941498,-0.8786863684654236,-0.03611815720796585,0.20487262308597565,-0.4716588854789734,-0.004560548346489668,0.34158992767333984,-0.6286584734916687,-0.032947786152362823,0.42188647389411926,-0.7471632361412048,-0.06521323323249817,0.47801607847213745,-0.859627902507782,-0.08915302157402039,0.20708492398262024,-0.4374101459980011,-0.061870869249105453,0.32936057448387146,-0.5463334918022156,-0.08728618919849396,0.39900436997413635,-0.6381220817565918,-0.10528437048196793,0.4538315534591675,-0.7303348779678345,-0.12054470926523209,0.0,0.0,0.0,-0.1934158205986023,-0.06460446119308472,0.05475427955389023,-0.25454574823379517,-0.20791617035865784,0.07555785775184631,-0.29885387420654297,-0.31164777278900146,0.0786970928311348,-0.34813278913497925,-0.40495264530181885,0.07903482019901276,-0.16479480266571045,-0.4822373390197754,0.08657601475715637,-0.2897917926311493,-0.6148049831390381,0.08222736418247223,-0.3598704934120178,-0.7106132507324219,0.07042521238327026,-0.4085622727870941,-0.8066019415855408,0.05776635557413101,-0.1467866599559784,-0.504626452922821,0.03477170318365097,-0.29550355672836304,-0.6778773665428162,0.024517500773072243,-0.3753485083580017,-0.7922343015670776,0.006519195158034563,-0.42498475313186646,-0.905150294303894,-0.009530631825327873,-0.15710054337978363,-0.4737686216831207,-0.019508134573698044,-0.3161138594150543,-0.6436010003089905,-0.04240567609667778,-0.40223079919815063,-0.7543831467628479,-0.057612672448158264,-0.4518410265445709,-0.8632820248603821,-0.06896328181028366,-0.20583030581474304,-0.4056887924671173,-0.07083103805780411,-0.33744367957115173,-0.5441128611564636,-0.09431406110525131,-0.40930482745170593,-0.6325117945671082,-0.10274316370487213,-0.45574215054512024,-0.7252771854400635,-0.1099555641412735,SLEEP
0.0,0.0,0.0,0.18125104904174805,-0.047113027423620224,0.03407556191086769,0.25974225997924805,-0.19797779619693756,0.05564204230904579,0.309451699256897,-0.28815972805023193,0.05732303112745285,0.3758644163608551,-0.35382091999053955,0.0591878779232502,0.248678520321846,-0.4553995430469513,0.10512112826108932,0.3536774218082428,-0.5835856199264526,0.0880378931760788,0.42643484473228455,-0.7006196975708008,0.05546201393008232,0.47489893436431885,-0.8078756928443909,0.02637352980673313,0.2265169769525528,-0.476534903049469,0.05640611797571182,0.34464937448501587,-0.6298562288284302,0.036929287016391754,0.417345255613327,-0.7563374042510986,0.0005847610300406814,0.4720078110694885,-0.8811030983924866,-0.0294292401522398,0.21087710559368134,-0.47335541248321533,-0.00025218879454769194,0.3420465290546417,-0.6286020278930664,-0.026354119181632996,0.41860657930374146,-0.7499505281448364,-0.05760033428668976,0.47229620814323425,-0.8669024109840393,-0.08086398988962173,0.20657341182231903,-0.4469408094882965,-0.05802435055375099,0.32713598012924194,-0.5569395422935486,-0.08174297213554382,0.3947010934352875,-0.6488096714019775,-0.09798318147659302,0.447465181350708,-0.7405999302864075,-0.11167429387569427,0.0,0.0,0.0,-0.19347378611564636,-0.06050938740372658,0.03433242067694664,-0.25483354926109314,-0.20807984471321106,0.045943595468997955,-0.2999747097492218,-0.3145707845687866,0.044557712972164154,-0.34841880202293396,-0.4103551506996155,0.042330704629421234,-0.1630866378545761,-0.4827336072921753,0.06202734261751175,-0.28809478878974915,-0.6111896634101868,0.04930606484413147,-0.3572560250759125,-0.7071897983551025,0.03321462497115135,-0.4044281542301178,-0.8019790053367615,0.01925758272409439,-0.14462576806545258,-0.5027181506156921,0.020832696929574013,-0.29123741388320923,-0.6767998933792114,0.004426454193890095,-0.36984050273895264,-0.7915104627609253,-0.014600878581404686,-0.41997218132019043,-0.907029926776886,-0.03033299557864666,-0.15494480729103088,-0.4725693464279175,-0.02390916831791401,-0.31671398878097534,-0.6403628587722778,-0.05187152326107025,-0.40395066142082214,-0.7443685531616211,-0.06614399701356888,-0.45319196581840515,-0.8473724722862244,-0.07483824342489243,-0.2049185186624527,-0.40630707144737244,-0.06736402958631516,-0.33811867237091064,-0.5450717806816101,-0.09303510934114456,-0.41195547580718994,-0.6339877247810364,-0.10121671855449677,-0.4597139060497284,-0.7264162302017212,-0.10700034350156784,SLEEP
0.0,0.0,0.0,0.18356111645698547,-0.044669099152088165,0.03784351795911789,0.26182493567466736,-0.1934291422367096,0.061751872301101685,0.31213393807411194,-0.2848038375377655,0.06532097607851028,0.3821752071380615,-0.3468915820121765,0.0688975527882576,0.25256964564323425,-0.4446735382080078,0.11145591735839844,0.35838931798934937,-0.574291467666626,0.0979641005396843,0.4328582286834717,-0.6858111619949341,0.06799917668104172,0.4838786721229553,-0.7884606122970581,0.04077136144042015,0.2306281328201294,-0.4675675630569458,0.06195319816470146,0.3502384126186371,-0.6230918765068054,0.04558461904525757,0.4250107407569885,-0.7504940629005432,0.01024058647453785,0.4828633964061737,-0.8754801750183105,-0.019425194710493088,0.21480822563171387,-0.4672126770019531,0.004613357130438089,0.3469714820384979,-0.6263473033905029,-0.019738011062145233,0.424252450466156,-0.7509562969207764,-0.05176250636577606,0.47875237464904785,-0.8667345643043518,-0.07558318972587585,0.21014511585235596,-0.44529810547828674,-0.05335015431046486,0.3271775245666504,-0.5645323991775513,-0.07634393125772476,0.3939979076385498,-0.6588820219039917,-0.09298615157604218,0.44640228152275085,-0.7498969435691833,-0.10697375982999802,0.0,0.0,0.0,-0.19365863502025604,-0.061182111501693726,0.028838660567998886,-0.25672391057014465,-0.20940075814723969,0.03646178916096687,-0.30091848969459534,-0.3154658079147339,0.032270126044750214,-0.3489956855773926,-0.40979334712028503,0.026523815467953682,-0.16130533814430237,-0.48325517773628235,0.04792054370045662,-0.28699642419815063,-0.616264820098877,0.029950296506285667,-0.3575039505958557,-0.7181386351585388,0.010793724097311497,-0.40610697865486145,-0.8169313073158264,-0.0056047942489385605,-0.141029492020607,-0.5008942484855652,0.007524172775447369,-0.2877686619758606,-0.6750134825706482,-0.015635134652256966,-0.3646816611289978,-0.7901840806007385,-0.039255041629076004,-0.41512802243232727,-0.9079173803329468,-0.05792073532938957,-0.14956170320510864,-0.4685775935649872,-0.03596192225813866,-0.3108632266521454,-0.6376257538795471,-0.07037756592035294,-0.39667922258377075,-0.7460280656814575,-0.08949244022369385,-0.44708311557769775,-0.8528956770896912,-0.10111574083566666,-0.19676117599010468,-0.3993510603904724,-0.07808368653059006,-0.33093661069869995,-0.5385820865631104,-0.1098264530301094,-0.4041841924190521,-0.6274850964546204,-0.12179935723543167,-0.4520489275455475,-0.7212369441986084,-0.12998998165130615,SLEEP
0.0,0.0,0.0,0.17963211238384247,-0.04231986403465271,0.03319642320275307,0.2587553560733795,-0.18829099833965302,0.05470145866274834,0.30932149291038513,-0.2780875265598297,0.056262578815221786,0.37909817695617676,-0.34540286660194397,0.0582510270178318,0.25731390714645386,-0.4400162398815155,0.11077243834733963,0.36281493306159973,-0.5633863806724548,0.09688137471675873,0.43693873286247253,-0.669646680355072,0.06634686142206192,0.49001261591911316,-0.7675535082817078,0.038704611361026764,0.23765935003757477,-0.46521762013435364,0.06252314895391464,0.3542075753211975,-0.623202383518219,0.04656379669904709,0.4273237884044647,-0.7512407302856445,0.011447285301983356,0.48564228415489197,-0.8739657998085022,-0.018313050270080566,0.22060781717300415,-0.4676811993122101,0.005578841082751751,0.3534082770347595,-0.6298457384109497,-0.019303686916828156,0.4304666221141815,-0.7523775100708008,-0.05252781882882118,0.48467618227005005,-0.8651085495948792,-0.07742438465356827,0.2117806375026703,-0.44636794924736023,-0.052290353924036026,0.3298683762550354,-0.5625984072685242,-0.07584463804960251,0.3963467478752136,-0.6539514660835266,-0.09298787266016006,0.44674354791641235,-0.7447502613067627,-0.10767016559839249,0.0,0.0,0.0,-0.19059668481349945,-0.058570463210344315,0.011636384762823582,-0.25629836320877075,-0.20669572055339813,0.009431902319192886,-0.3014906942844391,-0.31488096714019775,-0.0009663779055699706,-0.34921443462371826,-0.40568068623542786,-0.0099306246265769,-0.1580648571252823,-0.4862177073955536,0.021927814930677414,-0.2818869650363922,-0.6254489421844482,-0.006069215480238199,-0.35084640979766846,-0.7324082851409912,-0.03009544126689434,-0.39975297451019287,-0.833760678768158,-0.048201654106378555,-0.13973015546798706,-0.5007195472717285,-0.009900706820189953,-0.28535857796669006,-0.669059693813324,-0.04094922915101051,-0.36351972818374634,-0.784976601600647,-0.0653991773724556,-0.4176065921783447,-0.9047176837921143,-0.08420559018850327,-0.15004916489124298,-0.46877196431159973,-0.04547705128788948,-0.320438027381897,-0.6131311655044556,-0.08441027998924255,-0.4077022075653076,-0.6776018142700195,-0.09579824656248093,-0.4548824727535248,-0.746509850025177,-0.0997481569647789,-0.19762802124023438,-0.4030570685863495,-0.08183518797159195,-0.3273042142391205,-0.5415269732475281,-0.11638347059488297,-0.4027915298938751,-0.6300145983695984,-0.12646692991256714,-0.45263153314590454,-0.7218930125236511,-0.13187538087368011,SLEEP
0.0,0.0,0.0,0.18621502816677094,-0.051003746688365936,0.044150933623313904,0.2614307403564453,-0.19990630447864532,0.0694037526845932,0.3103107213973999,-0.285350501537323,0.07267052680253983,0.3796289265155792,-0.34303906559944153,0.07467211782932281,0.24870461225509644,-0.44496992230415344,0.11497354507446289,0.3557139039039612,-0.5735763311386108,0.10108759254217148,0.4321139454841614,-0.6817620992660522,0.07068560272455215,0.4868071675300598,-0.784201443195343,0.04277405887842178,0.22796382009983063,-0.4650314748287201,0.061274848878383636,0.34929803013801575,-0.6205886006355286,0.044049620628356934,0.4266435503959656,-0.7461689710617065,0.007072716020047665,0.489358514547348,-0.8717424869537354,-0.024359259754419327,0.21193261444568634,-0.4629148840904236,0.0002489858597982675,0.3470633029937744,-0.6214402914047241,-0.026018429547548294,0.42783117294311523,-0.7433292865753174,-0.06031082943081856,0.48589494824409485,-0.8588416576385498,-0.08608172833919525,0.2060939073562622,-0.43968501687049866,-0.06050859019160271,0.32297709584236145,-0.5604041814804077,-0.08644824475049973,0.3906403183937073,-0.6523107886314392,-0.10487918555736542,0.4442180395126343,-0.7432655096054077,-0.1205119863152504,0.0,0.0,0.0,-0.18612156808376312,-0.05384260416030884,0.006625806912779808,-0.2568454444408417,-0.20591013133525848,0.003866686252877116,-0.3058229684829712,-0.31750816106796265,-0.005285623017698526,-0.3545231521129608,-0.41671571135520935,-0.013088203966617584,-0.16115935146808624,-0.48860102891921997,0.017530521377921104,-0.28686800599098206,-0.6265639066696167,-0.011635222472250462,-0.35648393630981445,-0.7339544296264648,-0.036768872290849686,-0.40452319383621216,-0.8354501724243164,-0.05544634908437729,-0.14235512912273407,-0.5009998083114624,-0.012364071793854237,-0.2896709442138672,-0.6696385145187378,-0.0429522842168808,-0.3679080009460449,-0.7844975590705872,-0.06716053932905197,-0.4205242693424225,-0.903269350528717,-0.08522813022136688,-0.15210175514221191,-0.47121933102607727,-0.046447645872831345,-0.31072184443473816,-0.6317369341850281,-0.08490388840436935,-0.39635971188545227,-0.7358818650245667,-0.1011788547039032,-0.4461991488933563,-0.8404598236083984,-0.10909813642501831,-0.1985485851764679,-0.4076215624809265,-0.08129407465457916,-0.3255270719528198,-0.5499794483184814,-0.11436745524406433,-0.3985782861709595,-0.6419287919998169,-0.12478239834308624,-0.4467617869377136,-0.7350102066993713,-0.13037897646427155,SLEEP
0.0,0.0,0.0,0.18491607904434204,-0.052125755697488785,0.037470851093530655,0.2631945312023163,-0.2004929929971695,0.06053892523050308,0.3138621747493744,-0.2828095257282257,0.06316719204187393,0.38297924399375916,-0.34257692098617554,0.06539931148290634,0.24713630974292755,-0.4525967240333557,0.1082368791103363,0.3573763072490692,-0.5782707333564758,0.09193448722362518,0.4362640380859375,-0.6851608157157898,0.06009325012564659,0.4918749928474426,-0.7848635315895081,0.03164634853601456,0.22946952283382416,-0.4708743393421173,0.05822977051138878,0.3512839078903198,-0.6229802966117859,0.03994636610150337,0.4302469491958618,-0.7459110021591187,0.0037068587262183428,0.49372655153274536,-0.8692131042480469,-0.026506533846259117,0.21672043204307556,-0.46699613332748413,0.0005691423430107534,0.347712904214859,-0.6205836534500122,-0.025530362501740456,0.4266003370285034,-0.7391241192817688,-0.05640978738665581,0.48354974389076233,-0.8512253165245056,-0.07912900298833847,0.21363627910614014,-0.43950071930885315,-0.057801131159067154,0.3244670033454895,-0.5586697459220886,-0.0831441879272461,0.3888036012649536,-0.6506149768829346,-0.0991799458861351,0.438020259141922,-0.7383354902267456,-0.11212150007486343,0.0,0.0,0.0,-0.19332951307296753,-0.05976149067282677,0.011866938322782516,-0.261735737323761,-0.20685997605323792,0.010175061412155628,-0.30669307708740234,-0.3154364824295044,0.0008834782638587058,-0.35062745213508606,-0.40998685359954834,-0.008723867125809193,-0.15605528652668,-0.4865955710411072,0.022164255380630493,-0.2807246446609497,-0.6310081481933594,-0.002330392599105835,-0.3492061197757721,-0.7391586899757385,-0.024919429793953896,-0.3984552323818207,-0.8422436714172363,-0.04306349158287048,-0.1363482028245926,-0.4986696243286133,-0.009513435885310173,-0.2834503948688507,-0.6772024035453796,-0.03782614693045616,-0.35929736495018005,-0.7903161644935608,-0.06319601833820343,-0.41116222739219666,-0.9077785015106201,-0.08296909183263779,-0.14920055866241455,-0.46623626351356506,-0.04439869150519371,-0.3055611550807953,-0.6385425329208374,-0.08202341943979263,-0.390185683965683,-0.7534447908401489,-0.10290490835905075,-0.4423433542251587,-0.8652019500732422,-0.11538596451282501,-0.20240238308906555,-0.40007320046424866,-0.07889893651008606,-0.32862308621406555,-0.5492278337478638,-0.11117158085107803,-0.3995382785797119,-0.6394312381744385,-0.12239977717399597,-0.4484405815601349,-0.7304198741912842,-0.12988510727882385,SLEEP
0.0,0.0,0.0,0.18443824350833893,-0.05143269896507263,0.04054880514740944,0.262439101934433,-0.200946643948555,0.06563130021095276,0.31326496601104736,-0.28549709916114807,0.0700218603014946,0.382560133934021,-0.3410516083240509,0.07394658029079437,0.2396717369556427,-0.44998258352279663,0.10975297540426254,0.35298269987106323,-0.5793545246124268,0.09646443277597427,0.4338442385196686,-0.6867916584014893,0.06720851361751556,0.4907563328742981,-0.786794126033783,0.04079444706439972,0.22207476198673248,-0.46675583720207214,0.06012994796037674,0.348060667514801,-0.6208688020706177,0.044548869132995605,0.4288342595100403,-0.7447837591171265,0.010267695412039757,0.49380791187286377,-0.8693721890449524,-0.01859241910278797,0.2116548717021942,-0.4614391326904297,0.0035247071646153927,0.34664222598075867,-0.6175265312194824,-0.02025671862065792,0.4278886914253235,-0.7365803718566895,-0.05056784674525261,0.4857444763183594,-0.8475357294082642,-0.07277452200651169,0.2119416892528534,-0.43450450897216797,-0.05334367975592613,0.328592985868454,-0.5547642111778259,-0.07659965008497238,0.3961818516254425,-0.6467918753623962,-0.09191811084747314,0.4483083486557007,-0.7342026233673096,-0.10427778959274292,0.0,0.0,0.0,-0.18727149069309235,-0.05448058247566223,0.0029152571223676205,-0.26087984442710876,-0.2036978155374527,-0.0005401246016845107,-0.3122328817844391,-0.32130518555641174,-0.00891086645424366,-0.3607290983200073,-0.42101016640663147,-0.01785035990178585,-0.1503046452999115,-0.47681450843811035,0.007288855034857988,-0.2767201364040375,-0.6233770847320557,-0.019995300099253654,-0.34729117155075073,-0.7335758209228516,-0.04422602429986,-0.39958852529525757,-0.8390257954597473,-0.06417669355869293,-0.1317683458328247,-0.4911695718765259,-0.019467005506157875,-0.28051552176475525,-0.6680152416229248,-0.05430886521935463,-0.35967639088630676,-0.7824915647506714,-0.08393091708421707,-0.4154435098171234,-0.9033915400505066,-0.10625618696212769,-0.14503340423107147,-0.458207905292511,-0.04895561933517456,-0.2986048460006714,-0.6322659254074097,-0.09395662695169449,-0.3854828476905823,-0.7534928321838379,-0.12032283842563629,-0.4408295154571533,-0.8720407485961914,-0.13560454547405243,-0.19783900678157806,-0.3909797668457031,-0.07792406529188156,-0.3231869041919708,-0.5390105843544006,-0.11790105700492859,-0.39740151166915894,-0.6315286159515381,-0.13472974300384521,-0.4475560486316681,-0.727508544921875,-0.14559748768806458,SLEEP
0.0,0.0,0.0,0.18381740152835846,-0.05764736980199814,0.040351033210754395,0.26387807726860046,-0.20896799862384796,0.0652947947382927,0.3165954351425171,-0.2861829400062561,0.06928492337465286,0.3865510821342468,-0.33675864338874817,0.07216005772352219,0.2386709451675415,-0.45729902386665344,0.10637518018484116,0.3494867980480194,-0.5832704305648804,0.09115094691514969,0.429268479347229,-0.6916162371635437,0.060911260545253754,0.4853464961051941,-0.7926510572433472,0.03319637104868889,0.222083181142807,-0.47139638662338257,0.05473612621426582,0.3470655679702759,-0.6242133378982544,0.036709316074848175,0.4265459179878235,-0.7478310465812683,0.0011164298048242927,0.4885174334049225,-0.8720757365226746,-0.028891481459140778,0.21210594475269318,-0.4623398780822754,-0.0039320350624620914,0.3459151089191437,-0.6176629662513733,-0.029831623658537865,0.4257826805114746,-0.7386128902435303,-0.06177215278148651,0.4813830554485321,-0.8529609441757202,-0.08579152822494507,0.21248392760753632,-0.43029114603996277,-0.06301011890172958,0.3264191448688507,-0.5480632185935974,-0.08902245759963989,0.39201292395591736,-0.6402837038040161,-0.10640232264995575,0.44033148884773254,-0.7291549444198608,-0.12098433077335358,0.0,0.0,0.0,-0.18400858342647552,-0.05931893736124039,0.00947894249111414,-0.25444313883781433,-0.20955100655555725,0.00680614123120904,-0.30512791872024536,-0.3264960050582886,-0.002376839052885771,-0.35311928391456604,-0.42330050468444824,-0.012008210644125938,-0.14353929460048676,-0.48428112268447876,0.016234299167990685,-0.27188819646835327,-0.6288264989852905,-0.012810686603188515,-0.3448658287525177,-0.7395927309989929,-0.039565473794937134,-0.39691781997680664,-0.8455634713172913,-0.060813192278146744,-0.12659163773059845,-0.4963620901107788,-0.015039579942822456,-0.27825838327407837,-0.6707445979118347,-0.046642232686281204,-0.3585079312324524,-0.7875862717628479,-0.07408313453197479,-0.41269898414611816,-0.9058181643486023,-0.09577680379152298,-0.14325828850269318,-0.4639815390110016,-0.049704406410455704,-0.2967531085014343,-0.6393406987190247,-0.08999864012002945,-0.3860182762145996,-0.7642107009887695,-0.11411038786172867,-0.44283097982406616,-0.8841981887817383,-0.1295035183429718,-0.19853541254997253,-0.3975837230682373,-0.08393433690071106,-0.32022517919540405,-0.5429767370223999,-0.12002775818109512,-0.3937782049179077,-0.6373298764228821,-0.13525456190109253,-0.44561102986335754,-0.7335416078567505,-0.1458214819431305,SLEEP
0.0,0.0,0.0,0.1762751340866089,-0.044146135449409485,0.03360333293676376,0.25763756036758423,-0.19661079347133636,0.05884082242846489,0.3058442771434784,-0.28403401374816895,0.06466332077980042,0.372064471244812,-0.3393016457557678,0.07018826901912689,0.2541691064834595,-0.44615834951400757,0.1079549640417099,0.3622298836708069,-0.5723229050636292,0.09436135739088058,0.4382060170173645,-0.683746874332428,0.06474464386701584,0.4910828769207001,-0.7865110039710999,0.037435777485370636,0.2349851280450821,-0.464438796043396,0.060097452253103256,0.35541337728500366,-0.6184789538383484,0.04331189766526222,0.4318266808986664,-0.7449285984039307,0.008097519166767597,0.4922719895839691,-0.8701835870742798,-0.021188508719205856,0.2184670865535736,-0.46215683221817017,0.0040396456606686115,0.3494510352611542,-0.6205267906188965,-0.02269137278199196,0.4298322796821594,-0.7438339591026306,-0.05611273646354675,0.48671454191207886,-0.860853910446167,-0.08033818751573563,0.20984101295471191,-0.4382215440273285,-0.052817050367593765,0.32760751247406006,-0.5556778907775879,-0.0799679160118103,0.39425715804100037,-0.6470469236373901,-0.09847765415906906,0.44359394907951355,-0.7374823689460754,-0.1133991926908493,0.0,0.0,0.0,-0.18651407957077026,-0.06146365776658058,0.009177823550999165,-0.25850674510002136,-0.220479816198349,0.00717340549454093,-0.3050403594970703,-0.3428097069263458,-0.0016080315690487623,-0.34870049357414246,-0.4412379562854767,-0.010717382654547691,-0.14826132357120514,-0.4854854941368103,0.019812360405921936,-0.2729054391384125,-0.6267442107200623,-0.008291122503578663,-0.3458438217639923,-0.7328272461891174,-0.034610603004693985,-0.39568591117858887,-0.8361740112304688,-0.055795446038246155,-0.1258353441953659,-0.5016710162162781,-0.011770421639084816,-0.2750702202320099,-0.6725460886955261,-0.044134777039289474,-0.355184406042099,-0.7894610166549683,-0.07110799103975296,-0.4066881835460663,-0.9089308381080627,-0.09192076325416565,-0.13645564019680023,-0.4720344543457031,-0.04732519015669823,-0.2894907593727112,-0.6446544528007507,-0.08864057809114456,-0.3783811330795288,-0.7675614953041077,-0.11164554208517075,-0.4322778880596161,-0.8852241635322571,-0.12561805546283722,-0.1867392212152481,-0.4071374535560608,-0.08272367715835571,-0.3118552267551422,-0.5503239035606384,-0.11828983575105667,-0.3869774639606476,-0.6417732238769531,-0.13236908614635468,-0.43884047865867615,-0.734515905380249,-0.14189381897449493,SLEEP
0.0,0.0,0.0,0.17319701611995697,-0.046341411769390106,0.032423004508018494,0.2554032802581787,-0.20226994156837463,0.056139614433050156,0.3081310987472534,-0.2909216284751892,0.06044204533100128,0.3765026926994324,-0.3501139283180237,0.06443945318460464,0.25251200795173645,-0.4479960799217224,0.10435198992490768,0.3553181290626526,-0.5767605900764465,0.087897889316082,0.43073466420173645,-0.6848892569541931,0.05609413608908653,0.48485246300697327,-0.7854942679405212,0.02792970836162567,0.2341499924659729,-0.46602535247802734,0.05651571974158287,0.35053348541259766,-0.6205218434333801,0.03897729888558388,0.42691054940223694,-0.7456426024436951,0.002742539392784238,0.490190327167511,-0.8711842894554138,-0.027411842718720436,0.2184947431087494,-0.4628639817237854,0.0005773602169938385,0.34456440806388855,-0.6176044344902039,-0.024817615747451782,0.42399367690086365,-0.7368819713592529,-0.05680055916309357,0.4838029444217682,-0.8510600328445435,-0.0802375003695488,0.20967091619968414,-0.43822363018989563,-0.05654867738485336,0.32208898663520813,-0.5565897226333618,-0.08137111365795135,0.39014703035354614,-0.6483355164527893,-0.09803765267133713,0.44491487741470337,-0.7381681799888611,-0.11170107126235962,0.0,0.0,0.0,-0.1889277994632721,-0.05413350835442543,-0.0011318562319502234,-0.26564663648605347,-0.2109336107969284,-0.006299404427409172,-0.31434008479118347,-0.3331865966320038,-0.015527082607150078,-0.3585761785507202,-0.4400123059749603,-0.024254150688648224,-0.1574370265007019,-0.4806968569755554,0.011880208738148212,-0.282047301530838,-0.619145929813385,-0.01877773366868496,-0.3564126789569855,-0.7253392338752747,-0.04772689566016197,-0.4090633690357208,-0.829026460647583,-0.07076085358858109,-0.13195987045764923,-0.4985095262527466,-0.014713303185999393,-0.2799679636955261,-0.666720449924469,-0.04876415804028511,-0.361956387758255,-0.7828688621520996,-0.07828380167484283,-0.41652920842170715,-0.9022510051727295,-0.10079227387905121,-0.1398959755897522,-0.4717767834663391,-0.0458591990172863,-0.28912535309791565,-0.6444141864776611,-0.08980770409107208,-0.37856870889663696,-0.770478367805481,-0.11444991081953049,-0.4341873824596405,-0.8915749788284302,-0.12874512374401093,-0.1883239597082138,-0.4075828194618225,-0.07744433730840683,-0.31348472833633423,-0.552730143070221,-0.1151128038764,-0.3891301453113556,-0.641490638256073,-0.12887930870056152,-0.4406152665615082,-0.7293747663497925,-0.13738280534744263,SLEEP
0.0,0.0,0.0,0.17783163487911224,-0.04442373663187027,0.031539030373096466,0.25846073031425476,-0.19921466708183289,0.05607331916689873,0.30720746517181396,-0.28622862696647644,0.06154390424489975,0.37226712703704834,-0.34267809987068176,0.06684600561857224,0.24697333574295044,-0.4493669867515564,0.10280128568410873,0.35687685012817383,-0.5752072930335999,0.0853957086801529,0.4368157684803009,-0.682819128036499,0.0535602793097496,0.49336156249046326,-0.7831316590309143,0.02522609941661358,0.2288300096988678,-0.46749329566955566,0.05623937025666237,0.3529546856880188,-0.6190122365951538,0.03576691448688507,0.4338322877883911,-0.7408896088600159,-0.0010804281337186694,0.5006797909736633,-0.865084171295166,-0.0308079831302166,0.21560409665107727,-0.46355974674224854,0.001724679721519351,0.346239298582077,-0.6185822486877441,-0.027432769536972046,0.42839181423187256,-0.7371717095375061,-0.060362499207258224,0.49002376198768616,-0.8513107299804688,-0.08338513225317001,0.21064335107803345,-0.43681666254997253,-0.05377347022294998,0.3258682191371918,-0.5520874261856079,-0.08196625113487244,0.3939707577228546,-0.6424928307533264,-0.10008314996957779,0.4487033784389496,-0.7308211922645569,-0.11411388218402863,0.0,0.0,0.0,-0.18065813183784485,-0.0613667331635952,0.008766996674239635,-0.2535366714000702,-0.2184564471244812,0.00478370301425457,-0.3035318851470947,-0.3374469578266144,-0.005162019282579422,-0.3523980379104614,-0.4386635720729828,-0.014483188278973103,-0.14156633615493774,-0.48306387662887573,0.018853286281228065,-0.26879414916038513,-0.6315377950668335,-0.011028321459889412,-0.34158024191856384,-0.7436030507087708,-0.03863552585244179,-0.3918015658855438,-0.8490175604820251,-0.05968108028173447,-0.12151353061199188,-0.49469539523124695,-0.01248598750680685,-0.27243170142173767,-0.6713181734085083,-0.04285019263625145,-0.3524843156337738,-0.7911509871482849,-0.06998196989297867,-0.4050462543964386,-0.9097362160682678,-0.09119994938373566,-0.1371113508939743,-0.46644172072410583,-0.04762183129787445,-0.28921177983283997,-0.6462820768356323,-0.08568693697452545,-0.3753248453140259,-0.7726418375968933,-0.1074080541729927,-0.4292551577091217,-0.8922531604766846,-0.12089895457029343,-0.19201044738292694,-0.40353357791900635,-0.08263646811246872,-0.31470200419425964,-0.5529442429542542,-0.11355100572109222,-0.3850004971027374,-0.643600583076477,-0.12378057092428207,-0.43508580327033997,-0.7331523299217224,-0.13077162206172943,SLEEP
0.0,0.0,0.0,0.16720961034297943,-0.05533086508512497,0.03008102811872959,0.24804595112800598,-0.20932012796401978,0.051735520362854004,0.2987901270389557,-0.2945128083229065,0.05528228357434273,0.36587807536125183,-0.34043028950691223,0.057805731892585754,0.25226086378097534,-0.4571402966976166,0.09265942871570587,0.35832372307777405,-0.5848179459571838,0.07422880828380585,0.4343251883983612,-0.6883103251457214,0.04253348335623741,0.48929908871650696,-0.786104142665863,0.013839555904269218,0.23593392968177795,-0.470220148563385,0.0462980791926384,0.3550938665866852,-0.6205182671546936,0.02458752691745758,0.43376174569129944,-0.7405532598495483,-0.012709385715425014,0.49856826663017273,-0.8657867908477783,-0.04292847588658333,0.22088201344013214,-0.4615978002548218,-0.007288241293281317,0.3419327735900879,-0.6154660582542419,-0.03671500086784363,0.4200991690158844,-0.7334782481193542,-0.06921058148145676,0.48049870133399963,-0.850324273109436,-0.09293967485427856,0.21099773049354553,-0.4302368760108948,-0.06179890036582947,0.3143567740917206,-0.5471920371055603,-0.09122683107852936,0.37828531861305237,-0.6358703374862671,-0.10967250913381577,0.4314655363559723,-0.7225908637046814,-0.12441373616456985,0.0,0.0,0.0,-0.18114489316940308,-0.05587827414274216,0.009354596957564354,-0.2555461525917053,-0.21267250180244446,0.00930730439722538,-0.3031381666660309,-0.3300553262233734,0.003296844894066453,-0.34713688492774963,-0.4289083480834961,-0.0018824023427441716,-0.15714743733406067,-0.4836213290691376,0.022192392498254776,-0.28660035133361816,-0.6252844333648682,-0.006305840332061052,-0.36380961537361145,-0.7337477207183838,-0.03303588926792145,-0.41621994972229004,-0.8360434770584106,-0.05376196280121803,-0.13542000949382782,-0.49946868419647217,-0.008889122866094112,-0.28473010659217834,-0.6682194471359253,-0.03870732709765434,-0.367207407951355,-0.7851143479347229,-0.06507433205842972,-0.42128515243530273,-0.9029272198677063,-0.08509482443332672,-0.1473313868045807,-0.47410842776298523,-0.04416992515325546,-0.2991176247596741,-0.6459565162658691,-0.08294966071844101,-0.3869570195674896,-0.7675882577896118,-0.10571391135454178,-0.44120240211486816,-0.8844767212867737,-0.11907808482646942,-0.19777551293373108,-0.41321155428886414,-0.07939320057630539,-0.32301846146583557,-0.5535791516304016,-0.11187512427568436,-0.3973643183708191,-0.6393644213676453,-0.12402331084012985,-0.4496890902519226,-0.7250786423683167,-0.13163715600967407,SLEEP
0.0,0.0,0.0,0.17283184826374054,-0.045027803629636765,0.029847402125597,0.25450125336647034,-0.20308490097522736,0.05197599157691002,0.3025800287723541,-0.28861671686172485,0.05589726194739342,0.36548733711242676,-0.34009936451911926,0.05877072736620903,0.25484585762023926,-0.45261406898498535,0.08987922966480255,0.3575003147125244,-0.5822972655296326,0.06922219693660736,0.43496859073638916,-0.6908707618713379,0.03603507950901985,0.49020540714263916,-0.7910529971122742,0.006973880343139172,0.23524270951747894,-0.4659070670604706,0.04296824708580971,0.3543253242969513,-0.6183575391769409,0.019947931170463562,0.4337299168109894,-0.7405473589897156,-0.018357671797275543,0.4985303580760956,-0.8654758930206299,-0.049182042479515076,0.21824531257152557,-0.4574046730995178,-0.011113674379885197,0.3426494002342224,-0.6098147034645081,-0.041139326989650726,0.4239311218261719,-0.7289660573005676,-0.07533518970012665,0.48572230339050293,-0.8456779718399048,-0.09983061254024506,0.20752450823783875,-0.4262973666191101,-0.06606336683034897,0.3195345103740692,-0.5401321649551392,-0.09466436505317688,0.3887269198894501,-0.6302964687347412,-0.11376657336950302,0.44554805755615234,-0.7185784578323364,-0.1289781779050827,0.0,0.0,0.0,-0.18741652369499207,-0.06855756044387817,0.020987361669540405,-0.26325723528862,-0.22352126240730286,0.024981897324323654,-0.3158303499221802,-0.33309969305992126,0.02154095657169819,-0.36696866154670715,-0.4304179847240448,0.01881834678351879,-0.15770617127418518,-0.49023348093032837,0.035889606922864914,-0.2929011285305023,-0.6256415247917175,0.012755830772221088,-0.3730536997318268,-0.7246585488319397,-0.009364084340631962,-0.42631807923316956,-0.8218023777008057,-0.02675039879977703,-0.13741332292556763,-0.5031324625015259,0.0013024102663621306,-0.29417210817337036,-0.6728823184967041,-0.02579519711434841,-0.3788205683231354,-0.7826037406921387,-0.04902593791484833,-0.4321669042110443,-0.8976722955703735,-0.06652083992958069,-0.15260499715805054,-0.4734950661659241,-0.03666503354907036,-0.31097909808158875,-0.6468660235404968,-0.07342762500047684,-0.39800894260406494,-0.7675847411155701,-0.09258833527565002,-0.4480341374874115,-0.8880784511566162,-0.1028684750199318,-0.20805270969867706,-0.40937334299087524,-0.0732254609465599,-0.33649885654449463,-0.5591483116149902,-0.1030370369553566,-0.4108688533306122,-0.6489885449409485,-0.11183144152164459,-0.4613035321235657,-0.7429297566413879,-0.11698637157678604,SLEEP
0.0,0.0,0.0,0.17491285502910614,-0.04707566648721695,0.03392696753144264,0.2559533417224884,-0.20408034324645996,0.05709683895111084,0.3049007058143616,-0.290556937456131,0.061485499143600464,0.36792802810668945,-0.3400620222091675,0.06477944552898407,0.2404286116361618,-0.45294398069381714,0.0920196995139122,0.34812936186790466,-0.5844011902809143,0.07277033478021622,0.42889055609703064,-0.6902884840965271,0.04100089147686958,0.487166166305542,-0.7882354855537415,0.013026467524468899,0.22380243241786957,-0.46457210183143616,0.04536019265651703,0.34667453169822693,-0.6198049783706665,0.02448240853846073,0.4290125370025635,-0.7404265403747559,-0.011454921215772629,0.4982089102268219,-0.8660903573036194,-0.040931303054094315,0.21340827643871307,-0.4531990587711334,-0.007757572457194328,0.3395569324493408,-0.6080397963523865,-0.034946002066135406,0.42221540212631226,-0.7235974669456482,-0.06560095399618149,0.48621389269828796,-0.8373584151268005,-0.08803281933069229,0.21081948280334473,-0.4200994074344635,-0.061519261449575424,0.31832778453826904,-0.5349665284156799,-0.0871003121137619,0.3864371180534363,-0.6232516169548035,-0.10351123660802841,0.44373080134391785,-0.7082160115242004,-0.11696042865514755,0.0,0.0,0.0,-0.1880239099264145,-0.08606940507888794,0.03649631515145302,-0.2658551037311554,-0.23714035749435425,0.04510926455259323,-0.3247668743133545,-0.34056758880615234,0.04274538531899452,-0.37765011191368103,-0.43800970911979675,0.04101988673210144,-0.1555711030960083,-0.48820438981056213,0.0534907691180706,-0.29076820611953735,-0.6308245062828064,0.034260574728250504,-0.37173378467559814,-0.7363694906234741,0.01504969410598278,-0.42706024646759033,-0.835912823677063,-0.0001687353797024116,-0.1382150501012802,-0.5014523863792419,0.012087151408195496,-0.2945687174797058,-0.6741521954536438,-0.00933665968477726,-0.380088210105896,-0.7843878865242004,-0.02985038235783577,-0.43482401967048645,-0.8937301635742188,-0.04636736586689949,-0.15712755918502808,-0.47500139474868774,-0.03190171718597412,-0.3112035393714905,-0.6510650515556335,-0.06096133962273598,-0.3940938115119934,-0.774120569229126,-0.0762801244854927,-0.44350069761276245,-0.8921688199043274,-0.08568460494279861,-0.21713371574878693,-0.41389596462249756,-0.07354909181594849,-0.33998095989227295,-0.5624201893806458,-0.09531192481517792,-0.4102267026901245,-0.653581976890564,-0.1000218614935875,-0.4598615765571594,-0.7459181547164917,-0.10370732843875885,SLEEP
0.0,0.0,0.0,0.15928761661052704,-0.05437928065657616,0.02604047767817974,0.23754540085792542,-0.2089102417230606,0.04513402655720711,0.29080408811569214,-0.2914227545261383,0.046592436730861664,0.35098883509635925,-0.3470502197742462,0.047047585248947144,0.2645224630832672,-0.4404661953449249,0.0927496999502182,0.3607224225997925,-0.5773053169250488,0.07380786538124084,0.43035751581192017,-0.6843963861465454,0.039966702461242676,0.4810601472854614,-0.7842015624046326,0.01086588203907013,0.2456822395324707,-0.45947378873825073,0.046417709439992905,0.3524209260940552,-0.6214497685432434,0.025904731824994087,0.4269290566444397,-0.7474576234817505,-0.012366604059934616,0.4872549772262573,-0.872218132019043,-0.042639121413230896,0.2235226333141327,-0.46037137508392334,-0.007796597667038441,0.3346792459487915,-0.6173369884490967,-0.035019341856241226,0.4136146903038025,-0.7342623472213745,-0.0648690015077591,0.47566190361976624,-0.8459600806236267,-0.08585377782583237,0.2002679854631424,-0.43968749046325684,-0.06370354443788528,0.30559778213500977,-0.5592425465583801,-0.08820070326328278,0.3762951195240021,-0.6448380351066589,-0.10124071687459946,0.43743896484375,-0.7263272404670715,-0.11152786016464233,0.0,0.0,0.0,-0.1576269567012787,-0.07841469347476959,0.02422283962368965,-0.22857458889484406,-0.2170529067516327,0.026421716436743736,-0.2866361141204834,-0.314302533864975,0.017581850290298462,-0.35221797227859497,-0.4099957048892975,0.009075299836695194,-0.1464313119649887,-0.4829131066799164,0.05714802443981171,-0.27254271507263184,-0.6335766911506653,0.0363897867500782,-0.3498276174068451,-0.7449100017547607,0.010473063215613365,-0.40472158789634705,-0.8497633337974548,-0.00901108793914318,-0.13524971902370453,-0.4976949989795685,0.0191739983856678,-0.28080105781555176,-0.6654083728790283,0.002535218605771661,-0.36310094594955444,-0.7849236130714417,-0.022100325673818588,-0.41969314217567444,-0.8995999097824097,-0.042644355446100235,-0.15742896497249603,-0.4773505926132202,-0.02373405545949936,-0.30442050099372864,-0.6518748998641968,-0.04391840100288391,-0.3892185688018799,-0.7745140790939331,-0.05991457775235176,-0.44432106614112854,-0.8929515480995178,-0.07222459465265274,-0.21618135273456573,-0.42296773195266724,-0.06657668203115463,-0.3363499045372009,-0.5605934262275696,-0.07925981283187866,-0.4031899571418762,-0.6480538845062256,-0.07998766005039215,-0.45359688997268677,-0.734588623046875,-0.08170842379331589,SLEEP
0.0,0.0,0.0,0.1547224372625351,-0.05067310854792595,0.011840193532407284,0.2464960813522339,-0.20075911283493042,0.02659701742231846,0.30200135707855225,-0.28816279768943787,0.027713460847735405,0.3628910183906555,-0.34138602018356323,0.02814566344022751,0.269203245639801,-0.43428754806518555,0.07083560526371002,0.36990901827812195,-0.5721680521965027,0.047711461782455444,0.440948486328125,-0.6730476021766663,0.013439626432955265,0.4944494664669037,-0.768254280090332,-0.015707798302173615,0.2509492337703705,-0.45396173000335693,0.03433943912386894,0.3571382462978363,-0.6156723499298096,0.0076280212961137295,0.4325622022151947,-0.7401269674301147,-0.03277522325515747,0.49606388807296753,-0.8659486770629883,-0.06366657465696335,0.22892217338085175,-0.4542914927005768,-0.010061469860374928,0.33842262625694275,-0.6100081205368042,-0.044442687183618546,0.4166061282157898,-0.7323221564292908,-0.07995186746120453,0.47961342334747314,-0.853649914264679,-0.10411600023508072,0.20679548382759094,-0.4324522614479065,-0.05605883151292801,0.3074464201927185,-0.5482426285743713,-0.08873333036899567,0.37302884459495544,-0.6364100575447083,-0.1080014556646347,0.42879849672317505,-0.7260507345199585,-0.12216807901859283,0.0,0.0,0.0,-0.16963420808315277,-0.07829192280769348,0.019688749685883522,-0.2314300537109375,-0.22741371393203735,0.01729697361588478,-0.28433340787887573,-0.3368940055370331,0.006228679791092873,-0.3484560251235962,-0.43901219964027405,-0.003737427992746234,-0.1395455002784729,-0.5025079250335693,0.03688666597008705,-0.2748918831348419,-0.6478070020675659,0.009999827481806278,-0.35407477617263794,-0.7622684836387634,-0.017337948083877563,-0.4055548906326294,-0.8719324469566345,-0.03736633434891701,-0.12258704006671906,-0.5132408142089844,0.0012745090061798692,-0.28012335300445557,-0.677207887172699,-0.02009017951786518,-0.36643311381340027,-0.7926424741744995,-0.042567238211631775,-0.41855883598327637,-0.9060682058334351,-0.06204024702310562,-0.14232662320137024,-0.4861006438732147,-0.03823190554976463,-0.296449214220047,-0.6516715288162231,-0.06143636628985405,-0.3832244873046875,-0.7756567001342773,-0.07270990312099457,-0.43299931287765503,-0.8965311050415039,-0.08210649341344833,-0.20394401252269745,-0.42468684911727905,-0.07807280123233795,-0.3271785378456116,-0.5611845254898071,-0.09372679144144058,-0.39932921528816223,-0.6540103554725647,-0.09506991505622864,-0.4500352144241333,-0.7493304014205933,-0.09736241400241852,SLEEP
0.0,0.0,0.0,0.14773155748844147,-0.04721059277653694,0.00015324824198614806,0.24447019398212433,-0.1982475221157074,0.012233463115990162,0.3035683333873749,-0.29074713587760925,0.014114923775196075,0.3650640845298767,-0.3454480469226837,0.016280053183436394,0.2668612599372864,-0.43845388293266296,0.05752145126461983,0.37330594658851624,-0.5789248943328857,0.03351913020014763,0.44546937942504883,-0.6845431923866272,5.8240439102519304e-05,0.49767598509788513,-0.784595251083374,-0.02781226672232151,0.24793115258216858,-0.45755666494369507,0.027965011075139046,0.35979291796684265,-0.6167014837265015,0.00047135126078501344,0.4374481737613678,-0.7381667494773865,-0.03815019130706787,0.502114474773407,-0.8622251749038696,-0.06669998168945312,0.22588734328746796,-0.4570430815219879,-0.00972827710211277,0.3381401598453522,-0.6073399782180786,-0.04524721950292587,0.4192006587982178,-0.7258301377296448,-0.07758858799934387,0.4841909110546112,-0.8444324135780334,-0.09832142293453217,0.20350459218025208,-0.433982789516449,-0.049903180450201035,0.30563417077064514,-0.5511629581451416,-0.08434506505727768,0.3742833733558655,-0.6380758285522461,-0.1016983613371849,0.4317321181297302,-0.7246550917625427,-0.11299757659435272,0.0,0.0,0.0,-0.16228321194648743,-0.08004675805568695,0.02940940111875534,-0.23060692846775055,-0.22741201519966125,0.03296859934926033,-0.2908724546432495,-0.32874003052711487,0.026612242683768272,-0.35243117809295654,-0.4265822768211365,0.0219432320445776,-0.14451992511749268,-0.5007094144821167,0.04931579530239105,-0.28243008255958557,-0.6407333612442017,0.02994927577674389,-0.36668866872787476,-0.7477622032165527,0.00801008753478527,-0.4235289394855499,-0.8487561941146851,-0.00922771543264389,-0.13316671550273895,-0.5140252113342285,0.0106130912899971,-0.28618189692497253,-0.6806007027626038,-0.003264852799475193,-0.37190958857536316,-0.7944120168685913,-0.0213354229927063,-0.4264492690563202,-0.9036904573440552,-0.038528382778167725,-0.15863247215747833,-0.4876711666584015,-0.03132745251059532,-0.3051576018333435,-0.6582732200622559,-0.04827265068888664,-0.38680464029312134,-0.7797717452049255,-0.059905122965574265,-0.4372996389865875,-0.8964635133743286,-0.07134533673524857,-0.2255244255065918,-0.4270068407058716,-0.07261831313371658,-0.3433823883533478,-0.5542856454849243,-0.08404026925563812,-0.41232895851135254,-0.638680100440979,-0.08578004688024521,-0.4633221924304962,-0.7258105278015137,-0.0896795392036438,SLEEP
0.0,0.0,0.0,0.15457093715667725,-0.04058174043893814,0.016219889745116234,0.24471724033355713,-0.19334036111831665,0.033280644565820694,0.2985723912715912,-0.28455668687820435,0.03579709306359291,0.35896754264831543,-0.34628623723983765,0.03763573616743088,0.2701273560523987,-0.43375658988952637,0.0768568143248558,0.36741191148757935,-0.5746389031410217,0.056058842688798904,0.4357697665691376,-0.6881654262542725,0.023563701659440994,0.48411616683006287,-0.7948051691055298,-0.004975814372301102,0.24925871193408966,-0.4533691108226776,0.037783339619636536,0.35990506410598755,-0.6127543449401855,0.012990285642445087,0.43418166041374207,-0.7392922639846802,-0.027353720739483833,0.49515730142593384,-0.8668097257614136,-0.05882354825735092,0.22512051463127136,-0.4543137848377228,-0.008748422376811504,0.33994609117507935,-0.6112579107284546,-0.04200411215424538,0.4191184341907501,-0.7341511845588684,-0.079039566218853,0.48137521743774414,-0.8548938632011414,-0.10491299629211426,0.20095480978488922,-0.43361544609069824,-0.056484028697013855,0.3063785135746002,-0.5477105379104614,-0.089671790599823,0.37570345401763916,-0.6327767968177795,-0.11077248305082321,0.4354535639286041,-0.7165313959121704,-0.12645447254180908,0.0,0.0,0.0,-0.16046874225139618,-0.07876557856798172,0.021695086732506752,-0.23168762028217316,-0.2219013124704361,0.021264124661684036,-0.29186344146728516,-0.32932382822036743,0.011896497569978237,-0.3559783697128296,-0.4315338730812073,0.004584903363138437,-0.1444072127342224,-0.4944153428077698,0.04142935574054718,-0.2797810435295105,-0.6435770988464355,0.01931625045835972,-0.36071351170539856,-0.7583561539649963,-0.0037290146574378014,-0.41444557905197144,-0.8634399771690369,-0.021375851705670357,-0.13457642495632172,-0.5104238986968994,0.006220824550837278,-0.2874862253665924,-0.6796637773513794,-0.012275547720491886,-0.37159597873687744,-0.7902848720550537,-0.030425280332565308,-0.4226515591144562,-0.8944008946418762,-0.04622264951467514,-0.1592406928539276,-0.4875468611717224,-0.03302369639277458,-0.31078511476516724,-0.6580191254615784,-0.05320851504802704,-0.39533138275146484,-0.777849018573761,-0.06210217997431755,-0.4442964494228363,-0.8931385278701782,-0.07002999633550644,-0.2230832427740097,-0.4288739562034607,-0.07232953608036041,-0.347574383020401,-0.5605984330177307,-0.08541519939899445,-0.42077165842056274,-0.6486281752586365,-0.085664302110672,-0.4718517065048218,-0.7393808364868164,-0.08742164820432663,SLEEP
0.0,0.0,0.0,0.15862415730953217,-0.03429082781076431,0.01258245762437582,0.2558360695838928,-0.18823859095573425,0.03275490924715996,0.3066248297691345,-0.2877920866012573,0.03938189893960953,0.36393678188323975,-0.35041576623916626,0.0459049716591835,0.2841549515724182,-0.41688910126686096,0.07956423610448837,0.38293302059173584,-0.5523045063018799,0.05978161469101906,0.45318734645843506,-0.6572358012199402,0.02783585712313652,0.5044357180595398,-0.7563058733940125,0.0004890733980573714,0.2614855468273163,-0.445612370967865,0.04383087158203125,0.370783269405365,-0.6059190630912781,0.020759092643857002,0.44655781984329224,-0.7322190403938293,-0.01755172200500965,0.5101034045219421,-0.8588288426399231,-0.046984877437353134,0.2325136661529541,-0.45855453610420227,-0.00010506041871849447,0.3440476953983307,-0.6115805506706238,-0.03213759884238243,0.42528602480888367,-0.7308223247528076,-0.06658199429512024,0.4901712238788605,-0.8476477861404419,-0.08959543704986572,0.19923609495162964,-0.45290952920913696,-0.04581379145383835,0.3055722713470459,-0.5654338002204895,-0.07722099870443344,0.376846045255661,-0.6489459276199341,-0.09568355232477188,0.4379952549934387,-0.7308388352394104,-0.10870997607707977,0.0,0.0,0.0,-0.1604325771331787,-0.08729977160692215,0.026975179091095924,-0.22631189227104187,-0.22927165031433105,0.02542342245578766,-0.28475356101989746,-0.3305906653404236,0.01344665139913559,-0.34832438826560974,-0.4330267310142517,0.0028997752815485,-0.12841981649398804,-0.5018712282180786,0.04306384548544884,-0.2715631127357483,-0.6443985104560852,0.01876927725970745,-0.35659366846084595,-0.7564241886138916,-0.00590971764177084,-0.41184788942337036,-0.8611329793930054,-0.023681476712226868,-0.11614938080310822,-0.5155681371688843,0.003921789117157459,-0.2732096314430237,-0.6851682066917419,-0.014255763962864876,-0.3606603145599365,-0.7979788780212402,-0.033542510122060776,-0.4138350188732147,-0.9061822295188904,-0.050117965787649155,-0.1421786993741989,-0.4915352761745453,-0.03853483870625496,-0.29682451486587524,-0.6613455414772034,-0.05740000307559967,-0.38232165575027466,-0.7817845344543457,-0.06523056328296661,-0.43210849165916443,-0.898898184299469,-0.07255494594573975,-0.21228308975696564,-0.4321015179157257,-0.0805383250117302,-0.33996766805648804,-0.5666024684906006,-0.09135571122169495,-0.40987998247146606,-0.6542191505432129,-0.08830700069665909,-0.4584675431251526,-0.7465726733207703,-0.08746808767318726,SLEEP
0.0,0.0,0.0,0.1477377712726593,-0.036995191127061844,0.010503771714866161,0.24712833762168884,-0.1901431381702423,0.029189588502049446,0.3055688738822937,-0.2898547947406769,0.034911856055259705,0.351402223110199,-0.3574502468109131,0.03982187807559967,0.2770597040653229,-0.4249783456325531,0.0743512511253357,0.37290889024734497,-0.5717151761054993,0.05660035461187363,0.4400986433029175,-0.6761648654937744,0.026614196598529816,0.4900822341442108,-0.7754679918289185,0.0011621607700362802,0.2546604573726654,-0.4507843554019928,0.03938155248761177,0.35933777689933777,-0.6187359690666199,0.01785878650844097,0.4341524541378021,-0.7441526651382446,-0.017244068905711174,0.49473080039024353,-0.8679584860801697,-0.043468862771987915,0.22375142574310303,-0.45894941687583923,-0.003609029110521078,0.3272671103477478,-0.6200274229049683,-0.03318917751312256,0.4035196602344513,-0.734308660030365,-0.06102050095796585,0.46405401825904846,-0.8463112711906433,-0.07905273139476776,0.18656839430332184,-0.44817793369293213,-0.04887827858328819,0.28434881567955017,-0.5690920352935791,-0.07659462839365005,0.3528139293193817,-0.6512212157249451,-0.0891110822558403,0.412518709897995,-0.7306566834449768,-0.09765555709600449,0.0,0.0,0.0,-0.16155362129211426,-0.08498470485210419,0.03135758265852928,-0.22997832298278809,-0.22872668504714966,0.03475445136427879,-0.2892233431339264,-0.3341352045536041,0.02630757726728916,-0.3534597158432007,-0.43254896998405457,0.018421078100800514,-0.12681660056114197,-0.5005220770835876,0.05378836393356323,-0.26487258076667786,-0.6472613215446472,0.034483280032873154,-0.34762415289878845,-0.762252688407898,0.01136113703250885,-0.4025877118110657,-0.8670444488525391,-0.006245585158467293,-0.12167159467935562,-0.5149486064910889,0.013682047836482525,-0.2744044363498688,-0.6829288601875305,-3.576063318178058e-05,-0.3581562638282776,-0.7984049320220947,-0.020640648901462555,-0.4102279841899872,-0.9111661911010742,-0.038591694086790085,-0.1507931649684906,-0.493275910615921,-0.029647652059793472,-0.30242079496383667,-0.6656318306922913,-0.04647814482450485,-0.38820359110832214,-0.7817849516868591,-0.05952879413962364,-0.43841707706451416,-0.891460657119751,-0.07042001187801361,-0.21597883105278015,-0.43929579854011536,-0.07222504168748856,-0.3409908413887024,-0.5729737281799316,-0.08084706217050552,-0.41260045766830444,-0.6533427238464355,-0.07998771220445633,-0.4627809524536133,-0.7297756671905518,-0.08096255362033844,SLEEP
0.0,0.0,0.0,0.14553965628147125,-0.03652793541550636,0.012381628155708313,0.24618937075138092,-0.1900196075439453,0.030693721026182175,0.3005025088787079,-0.2873634099960327,0.03554964065551758,0.3500959873199463,-0.35619935393333435,0.039947327226400375,0.2853284776210785,-0.41457420587539673,0.07299467921257019,0.37614497542381287,-0.5601251125335693,0.053129393607378006,0.43812039494514465,-0.6735501289367676,0.02215009555220604,0.48238369822502136,-0.7796518802642822,-0.004475534427911043,0.26230236887931824,-0.44189321994781494,0.036807797849178314,0.3646688759326935,-0.6097209453582764,0.01425507478415966,0.43493399024009705,-0.7411350011825562,-0.02396235801279545,0.49186986684799194,-0.8690147995948792,-0.05364041402935982,0.23013924062252045,-0.4522986114025116,-0.006894597318023443,0.33627083897590637,-0.6117913722991943,-0.03630910441279411,0.4123128652572632,-0.7303051352500916,-0.06915789842605591,0.4724399745464325,-0.8456577658653259,-0.09239527583122253,0.19229185581207275,-0.4441559314727783,-0.05240451917052269,0.2930985391139984,-0.5599678754806519,-0.08199504017829895,0.3638179302215576,-0.6398879885673523,-0.09945856779813766,0.4267341196537018,-0.7169148921966553,-0.11235087364912033,0.0,0.0,0.0,-0.156955286860466,-0.09282200783491135,0.030522949993610382,-0.2315056025981903,-0.24272240698337555,0.033514462411403656,-0.29461216926574707,-0.34418371319770813,0.02540116012096405,-0.3570184111595154,-0.44459816813468933,0.019184907898306847,-0.13013328611850739,-0.5142868161201477,0.055068131536245346,-0.27099403738975525,-0.6554670929908752,0.03549167886376381,-0.3530184328556061,-0.7666609287261963,0.010396862402558327,-0.40817880630493164,-0.8713574409484863,-0.00912468135356903,-0.12399116158485413,-0.525489091873169,0.01542760245501995,-0.276638388633728,-0.689947247505188,0.0039512999355793,-0.3601858615875244,-0.8018946051597595,-0.015163223259150982,-0.4133096933364868,-0.909984290599823,-0.03322286158800125,-0.15304382145404816,-0.49995994567871094,-0.027660632506012917,-0.3025866150856018,-0.6668494939804077,-0.03942754492163658,-0.3838925063610077,-0.7835556864738464,-0.0463998056948185,-0.43304553627967834,-0.8969307541847229,-0.05487344041466713,-0.2222198098897934,-0.44132184982299805,-0.0706874430179596,-0.34470629692077637,-0.5766867399215698,-0.0758167952299118,-0.413541316986084,-0.6606813669204712,-0.07127618044614792,-0.46374282240867615,-0.7469788193702698,-0.07054845243692398,SLEEP
0.0,0.0,0.0,0.14832428097724915,-0.032043781131505966,0.010556872002780437,0.2548355162143707,-0.18240024149417877,0.02990158461034298,0.3116457462310791,-0.2834859788417816,0.03608924522995949,0.3613470792770386,-0.34891024231910706,0.0418400764465332,0.2895873785018921,-0.41135188937187195,0.0746961236000061,0.3875119090080261,-0.5541059970855713,0.05649537220597267,0.45556044578552246,-0.659769594669342,0.026437105610966682,0.5058373212814331,-0.7598424553871155,0.0006696924101561308,0.2677604556083679,-0.44226667284965515,0.03894955292344093,0.3743284046649933,-0.610180675983429,0.017860328778624535,0.44940751791000366,-0.7360658049583435,-0.01812107488512993,0.5097382068634033,-0.8590986728668213,-0.04600541666150093,0.23473979532718658,-0.4567934274673462,-0.004968313034623861,0.3453293740749359,-0.6139464378356934,-0.03524405136704445,0.4244934320449829,-0.7272876501083374,-0.06662287563085556,0.48581069707870483,-0.8383055329322815,-0.08776703476905823,0.19494961202144623,-0.45366159081459045,-0.050897061824798584,0.3022816479206085,-0.5733270049095154,-0.08029283583164215,0.37631726264953613,-0.6522372364997864,-0.09587989002466202,0.4393449127674103,-0.7281742691993713,-0.10707677900791168,0.0,0.0,0.0,-0.1523333638906479,-0.10309255123138428,0.04830344393849373,-0.22680611908435822,-0.2595934569835663,0.060886189341545105,-0.29135945439338684,-0.3581629991531372,0.058985501527786255,-0.35212308168411255,-0.4567108452320099,0.05763433128595352,-0.1251104772090912,-0.5087767243385315,0.07326313853263855,-0.269254207611084,-0.6530944108963013,0.06257214397192001,-0.35371920466423035,-0.7623483538627625,0.04350024461746216,-0.4105961322784424,-0.8665239810943604,0.027157261967658997,-0.11955836415290833,-0.5241774916648865,0.027292175218462944,-0.2779579758644104,-0.6887470483779907,0.025895588099956512,-0.36398300528526306,-0.8001624345779419,0.008643748238682747,-0.41677162051200867,-0.9088310599327087,-0.009839463979005814,-0.14970657229423523,-0.5013135671615601,-0.020435035228729248,-0.30148354172706604,-0.6720380783081055,-0.022249707952141762,-0.38303840160369873,-0.7891978025436401,-0.030892113223671913,-0.43210434913635254,-0.9007859230041504,-0.043247517198324203,-0.21954523026943207,-0.44665980339050293,-0.06652433425188065,-0.3423272967338562,-0.5818588733673096,-0.06565013527870178,-0.411347359418869,-0.6652486324310303,-0.06230667978525162,-0.462242066860199,-0.7493674159049988,-0.06395862251520157,SLEEP
0.0,0.0,0.0,0.13845194876194,-0.03482126444578171,-0.01641286537051201,0.24027611315250397,-0.15796320140361786,-0.016380902379751205,0.2942045032978058,-0.25772756338119507,-0.023882370442152023,0.34107422828674316,-0.352189838886261,-0.029635172337293625,0.30059078335762024,-0.4074717164039612,0.04915580153465271,0.3896140158176422,-0.5603679418563843,0.019580412656068802,0.44902047514915466,-0.674227237701416,-0.018616728484630585,0.49252504110336304,-0.7796532511711121,-0.047552112489938736,0.2728203237056732,-0.44042646884918213,0.025398287922143936,0.370920330286026,-0.6112549304962158,-0.005231857765465975,0.43884265422821045,-0.7417778968811035,-0.04451555013656616,0.49334239959716797,-0.8668217658996582,-0.07234065234661102,0.2320271134376526,-0.46066567301750183,-0.008640352636575699,0.33399900794029236,-0.6228775978088379,-0.04436321556568146,0.4075952470302582,-0.7391689419746399,-0.07216029614210129,0.4660840928554535,-0.8484060764312744,-0.08840770274400711,0.17875367403030396,-0.4659231901168823,-0.047184523195028305,0.27929753065109253,-0.5795708894729614,-0.07802714407444,0.35111120343208313,-0.6571776270866394,-0.09003697335720062,0.41528207063674927,-0.7322561740875244,-0.09622592478990555,0.0,0.0,0.0,-0.16209957003593445,-0.08841807395219803,0.04834768921136856,-0.2252546101808548,-0.22922788560390472,0.06215088441967964,-0.2840729057788849,-0.3303125500679016,0.059495989233255386,-0.34779974818229675,-0.4193894565105438,0.05562811344861984,-0.1263425052165985,-0.5055990219116211,0.081023670732975,-0.2702955901622772,-0.6518200635910034,0.06957154721021652,-0.3516271412372589,-0.7615123987197876,0.05103432759642601,-0.4070781171321869,-0.8675305843353271,0.03485972806811333,-0.13084973394870758,-0.5224155187606812,0.03373853117227554,-0.28255695104599,-0.689400315284729,0.024950042366981506,-0.3644680082798004,-0.799230694770813,0.005633887834846973,-0.4129771888256073,-0.9106629490852356,-0.011954356916248798,-0.16467751562595367,-0.4957605004310608,-0.016679737716913223,-0.30725303292274475,-0.6675261855125427,-0.03313707932829857,-0.3882735073566437,-0.7824346423149109,-0.04939957708120346,-0.43506303429603577,-0.8925483226776123,-0.06220679357647896,-0.23248058557510376,-0.43835899233818054,-0.06503596901893616,-0.34800541400909424,-0.5710495710372925,-0.07632243633270264,-0.4195249676704407,-0.6508791446685791,-0.08008638024330139,-0.47056302428245544,-0.7304275035858154,-0.08443751931190491,SLEEP
0.0,0.0,0.0,0.14898526668548584,-0.035982754081487656,-0.00036360759986564517,0.26103079319000244,-0.18643271923065186,0.011863465420901775,0.31404799222946167,-0.2914595603942871,0.014070077799260616,0.35759806632995605,-0.3709881007671356,0.01681733876466751,0.2926396429538727,-0.42396625876426697,0.05588154122233391,0.3858014643192291,-0.5672914385795593,0.03377864137291908,0.44921594858169556,-0.6730220913887024,0.0021774994675070047,0.4962291419506073,-0.7755327224731445,-0.0239577479660511,0.2630278468132019,-0.4549509584903717,0.025656944140791893,0.37044277787208557,-0.6165798306465149,0.00279979407787323,0.44493502378463745,-0.737878143787384,-0.03204194828867912,0.5063046813011169,-0.8603242039680481,-0.05914229899644852,0.22051574289798737,-0.4672027826309204,-0.012725817039608955,0.32948336005210876,-0.6128803491592407,-0.04429110512137413,0.40611109137535095,-0.7155885100364685,-0.07260199636220932,0.46529409289360046,-0.8185471296310425,-0.09162556380033493,0.1691090166568756,-0.458970308303833,-0.0538257397711277,0.26626625657081604,-0.5725459456443787,-0.08325672149658203,0.334718257188797,-0.6416499018669128,-0.09554311633110046,0.39216190576553345,-0.7053811550140381,-0.10392042994499207,0.0,0.0,0.0,-0.1470438688993454,-0.08920054882764816,0.06598735600709915,-0.203233540058136,-0.23792806267738342,0.08690658211708069,-0.2636062800884247,-0.3420248329639435,0.08811552822589874,-0.32729947566986084,-0.43130987882614136,0.08730052411556244,-0.11026622354984283,-0.5100329518318176,0.10138015449047089,-0.2504080533981323,-0.6631631851196289,0.0996258407831192,-0.3320496678352356,-0.7755744457244873,0.08619452267885208,-0.3903386890888214,-0.8822445869445801,0.07231324911117554,-0.1122031956911087,-0.5316075086593628,0.04676252603530884,-0.26670563220977783,-0.6987488865852356,0.04893955960869789,-0.35222697257995605,-0.8069189786911011,0.036399561911821365,-0.40376341342926025,-0.9092841744422913,0.02158002182841301,-0.14827227592468262,-0.5070188641548157,-0.009619081392884254,-0.29640665650367737,-0.6810057163238525,-0.011290881782770157,-0.37910333275794983,-0.7949990630149841,-0.015315507538616657,-0.4283578097820282,-0.9033035635948181,-0.023501109331846237,-0.22518180310726166,-0.4479270279407501,-0.06335119158029556,-0.3403312861919403,-0.5931481719017029,-0.06266242265701294,-0.40839511156082153,-0.6857131719589233,-0.05740687623620033,-0.45846110582351685,-0.7770137786865234,-0.05752001702785492,SLEEP
0.0,0.0,0.0,0.14573317766189575,-0.032624803483486176,-0.01201381254941225,0.26288139820098877,-0.1740764081478119,-0.0049287849105894566,0.3200838267803192,-0.28139805793762207,-0.005151798948645592,0.36175772547721863,-0.36630508303642273,-0.0042401826940476894,0.30036643147468567,-0.41149958968162537,0.04614676535129547,0.4005064070224762,-0.5533350110054016,0.022414930164813995,0.46327173709869385,-0.6627514362335205,-0.009764326736330986,0.5072537660598755,-0.7672193646430969,-0.03545962646603584,0.2684326767921448,-0.446456640958786,0.022629382088780403,0.3801113963127136,-0.6083967685699463,-0.0017230578232556581,0.45345744490623474,-0.7333189249038696,-0.036575913429260254,0.5125308036804199,-0.8564074039459229,-0.06227852404117584,0.22299541532993317,-0.46198976039886475,-0.009526108391582966,0.3323848843574524,-0.6116892695426941,-0.041806790977716446,0.40881869196891785,-0.7190950512886047,-0.06835334002971649,0.4684394896030426,-0.8229488730430603,-0.08547763526439667,0.16693323850631714,-0.4578721821308136,-0.04519292712211609,0.26327216625213623,-0.5669512152671814,-0.07509150356054306,0.3310168981552124,-0.6351740956306458,-0.08519153296947479,0.39003998041152954,-0.6982947587966919,-0.0908750668168068,0.0,0.0,0.0,-0.1482788771390915,-0.07572516798973083,0.04427067190408707,-0.2026427984237671,-0.22337093949317932,0.058587949723005295,-0.26188477873802185,-0.3282148540019989,0.058920133858919144,-0.3284964859485626,-0.4255732595920563,0.059323593974113464,-0.11462249606847763,-0.5066258907318115,0.07761603593826294,-0.2541654407978058,-0.6513977646827698,0.06899222731590271,-0.336032509803772,-0.7612084150314331,0.05193684250116348,-0.39125433564186096,-0.8653687834739685,0.03653893992304802,-0.11455702781677246,-0.5267574191093445,0.03386421874165535,-0.26768311858177185,-0.6945847868919373,0.030456511303782463,-0.35289379954338074,-0.8075543642044067,0.014477808959782124,-0.40469712018966675,-0.9144479632377625,-0.002247067866846919,-0.14603808522224426,-0.5049085021018982,-0.01267386693507433,-0.2935987114906311,-0.6787500977516174,-0.02216002158820629,-0.3749997913837433,-0.7934656143188477,-0.03242308273911476,-0.42372456192970276,-0.9016870260238647,-0.04366198182106018,-0.2174776941537857,-0.4495948255062103,-0.057756852358579636,-0.34085923433303833,-0.5795605182647705,-0.06425008922815323,-0.41257694363594055,-0.6612548828125,-0.06465812772512436,-0.4654923677444458,-0.7435834407806396,-0.06785877794027328,SLEEP
0.0,0.0,0.0,0.1337554007768631,-0.0177787933498621,-0.03650733456015587,0.2450413852930069,-0.12656904757022858,-0.04587409645318985,0.3000056743621826,-0.22731630504131317,-0.057528164237737656,0.33841103315353394,-0.32342055439949036,-0.06643398106098175,0.29980573058128357,-0.3858599364757538,0.015599645674228668,0.40476110577583313,-0.5382548570632935,-0.015561675652861595,0.47055524587631226,-0.6583143472671509,-0.05021192878484726,0.517455518245697,-0.7677279114723206,-0.07691272348165512,0.2738931477069855,-0.43134623765945435,0.002960247453302145,0.39025264978408813,-0.5981633067131042,-0.031362101435661316,0.4659391939640045,-0.7230932712554932,-0.06874651461839676,0.5272232294082642,-0.8444334864616394,-0.09469892829656601,0.2353276014328003,-0.45814499258995056,-0.01960385963320732,0.3527630865573883,-0.620477020740509,-0.06035616248846054,0.43392252922058105,-0.7353081703186035,-0.09137646108865738,0.4986453950405121,-0.8468920588493347,-0.10983993113040924,0.18807126581668854,-0.46974122524261475,-0.046909719705581665,0.2949014902114868,-0.5870206356048584,-0.08285858482122421,0.3685343861579895,-0.6641969680786133,-0.09902653843164444,0.4355790913105011,-0.7393592596054077,-0.10822809487581253,0.0,0.0,0.0,-0.1539425551891327,-0.06762618571519852,0.03532785177230835,-0.2100306898355484,-0.21441756188869476,0.04352622106671333,-0.2697698175907135,-0.3218603730201721,0.04046955332159996,-0.33547139167785645,-0.41676634550094604,0.037567123770713806,-0.1197236105799675,-0.5043949484825134,0.05696480721235275,-0.2672836184501648,-0.6527404189109802,0.04520419239997864,-0.3505561351776123,-0.7607027292251587,0.028938191011548042,-0.4053414762020111,-0.8624560832977295,0.014551938511431217,-0.12025468796491623,-0.5236334800720215,0.01764747127890587,-0.2762695252895355,-0.6952683925628662,0.007565494626760483,-0.35888558626174927,-0.8060952425003052,-0.009968605823814869,-0.40809372067451477,-0.9125592708587646,-0.02636522799730301,-0.15286892652511597,-0.49815139174461365,-0.023778963834047318,-0.3067745864391327,-0.6726046204566956,-0.04047665372490883,-0.38850611448287964,-0.7863172888755798,-0.05361863970756531,-0.4363114833831787,-0.8951144218444824,-0.06474657356739044,-0.2251501828432083,-0.4384865462779999,-0.06351528316736221,-0.3530968129634857,-0.5728607773780823,-0.07459381967782974,-0.42598745226860046,-0.6544914245605469,-0.07674285024404526,-0.4778800308704376,-0.7355279922485352,-0.08009867370128632,SLEEP
0.0,0.0,0.0,0.14562352001667023,-0.032355766743421555,-0.0007629679748788476,0.26539164781570435,-0.17817367613315582,0.014532236382365227,0.32029175758361816,-0.29050400853157043,0.02029263973236084,0.358894944190979,-0.37902775406837463,0.02746295928955078,0.31103625893592834,-0.40677881240844727,0.06380969285964966,0.4074802100658417,-0.5491124987602234,0.047198936343193054,0.4706580936908722,-0.6567593812942505,0.01981467194855213,0.5181775689125061,-0.756912887096405,-0.003234809497371316,0.2814577519893646,-0.45015057921409607,0.03671543300151825,0.38752636313438416,-0.615431547164917,0.018302442505955696,0.4605076014995575,-0.7370023727416992,-0.011890369467437267,0.5192636847496033,-0.8539254069328308,-0.034301623702049255,0.2373478263616562,-0.4757176339626312,0.0009827851317822933,0.34677550196647644,-0.6404587030410767,-0.026415370404720306,0.4225068688392639,-0.753460705280304,-0.050600744783878326,0.48262810707092285,-0.8617761731147766,-0.06635043025016785,0.1831333488225937,-0.4838290512561798,-0.037512753158807755,0.285490483045578,-0.6034550666809082,-0.06441804766654968,0.35734495520591736,-0.6798436045646667,-0.07469607889652252,0.4222269058227539,-0.7523348927497864,-0.08101657778024673,0.0,0.0,0.0,-0.15176695585250854,-0.05862755328416824,0.027928099036216736,-0.20802877843379974,-0.20793166756629944,0.032766763120889664,-0.2653735280036926,-0.3161257207393646,0.02733047492802143,-0.33153873682022095,-0.41345077753067017,0.023051327094435692,-0.12044356763362885,-0.5049988031387329,0.05175046622753143,-0.2660105526447296,-0.6518999934196472,0.03850170597434044,-0.34755271673202515,-0.7603510618209839,0.021533405408263206,-0.40144455432891846,-0.8621463179588318,0.0071134380996227264,-0.12143400311470032,-0.5258727073669434,0.014767933636903763,-0.2738501727581024,-0.6976630091667175,0.005089352838695049,-0.3564392030239105,-0.8079215884208679,-0.011018848046660423,-0.4049748182296753,-0.9129279851913452,-0.026477061212062836,-0.1551569551229477,-0.5022318363189697,-0.02520996518433094,-0.3026609420776367,-0.6789625287055969,-0.04120444506406784,-0.38548532128334045,-0.7921937108039856,-0.053279779851436615,-0.43307673931121826,-0.8990920782089233,-0.06385962665081024,-0.22942356765270233,-0.44437238574028015,-0.06450606882572174,-0.35273873805999756,-0.5820895433425903,-0.07510247081518173,-0.4251977205276489,-0.6648788452148438,-0.07672663778066635,-0.4763283133506775,-0.7450868487358093,-0.07981040328741074,SLEEP
0.0,0.0,0.0,0.1457425355911255,-0.029652880504727364,-0.02132110670208931,0.267557293176651,-0.17082864046096802,-0.017223643139004707,0.3224007487297058,-0.2841793894767761,-0.01829410530626774,0.3545967638492584,-0.38480517268180847,-0.017657410353422165,0.30344343185424805,-0.411703884601593,0.03935946896672249,0.3947083353996277,-0.5605356693267822,0.01087990216910839,0.4554904103279114,-0.6710541248321533,-0.025244496762752533,0.499771386384964,-0.7744113206863403,-0.052406925708055496,0.26922890543937683,-0.45001861453056335,0.02040538191795349,0.3707834482192993,-0.6145404577255249,-0.006738376338034868,0.43867427110671997,-0.7423107624053955,-0.04231363534927368,0.4952412247657776,-0.8661203384399414,-0.0676148384809494,0.21976561844348907,-0.46751099824905396,-0.00811194907873869,0.3234795331954956,-0.61737060546875,-0.04192908853292465,0.39602750539779663,-0.7211208939552307,-0.06500977277755737,0.45689791440963745,-0.8205394148826599,-0.07853370904922485,0.15713204443454742,-0.46457526087760925,-0.04120257869362831,0.24773333966732025,-0.5709391832351685,-0.07131466269493103,0.3152835965156555,-0.6396765112876892,-0.07875358313322067,0.3752574026584625,-0.7030724883079529,-0.0815044492483139,0.0,0.0,0.0,-0.15608128905296326,-0.06216275319457054,0.04626575857400894,-0.2106400430202484,-0.20588934421539307,0.06121055409312248,-0.26426729559898376,-0.3131629228591919,0.06054839864373207,-0.3304007053375244,-0.40932050347328186,0.05988582968711853,-0.12027130275964737,-0.5063195824623108,0.08871482312679291,-0.2622205913066864,-0.654246985912323,0.08506325632333755,-0.3407203257083893,-0.7632653117179871,0.07320325821638107,-0.38993796706199646,-0.8668531775474548,0.06190978363156319,-0.1221148818731308,-0.5267026424407959,0.04374583810567856,-0.2739677131175995,-0.7002696394920349,0.0410151407122612,-0.35347050428390503,-0.80899578332901,0.026196790859103203,-0.3984676003456116,-0.9139142036437988,0.012431807816028595,-0.15848682820796967,-0.5042507648468018,-0.004726681858301163,-0.3110818862915039,-0.6786815524101257,-0.015882186591625214,-0.39381206035614014,-0.7891294360160828,-0.026808081194758415,-0.440965473651886,-0.8967976570129395,-0.03610185533761978,-0.23597978055477142,-0.4496872127056122,-0.051551733165979385,-0.35880139470100403,-0.589855432510376,-0.05586683377623558,-0.42691102623939514,-0.6715471744537354,-0.05344259366393089,-0.4760417342185974,-0.7510726451873779,-0.05371258780360222,SLEEP
0.0,0.0,0.0,0.13476447761058807,-0.013815588317811489,-0.04175340756773949,0.2553792893886566,-0.1381453424692154,-0.04750949144363403,0.30896151065826416,-0.25244393944740295,-0.05462450161576271,0.3417654037475586,-0.3488093316555023,-0.059320397675037384,0.3242296278476715,-0.3891538381576538,0.018097594380378723,0.42163223028182983,-0.5393219590187073,-0.011202817782759666,0.4814860224723816,-0.6604323983192444,-0.046312492340803146,0.5243114233016968,-0.7716959118843079,-0.07422934472560883,0.2885246276855469,-0.4401179850101471,0.007182117085903883,0.3982031047344208,-0.6041481494903564,-0.02415711060166359,0.46872231364250183,-0.7287099957466125,-0.05943556874990463,0.5257787108421326,-0.8464702367782593,-0.08393339812755585,0.23654021322727203,-0.46843257546424866,-0.01483503170311451,0.34862110018730164,-0.6320592761039734,-0.05479976534843445,0.4242148995399475,-0.7419728636741638,-0.08388429880142212,0.48515042662620544,-0.8484690189361572,-0.10108622908592224,0.17081375420093536,-0.47685664892196655,-0.04261303320527077,0.2761474847793579,-0.5908665060997009,-0.07986105233430862,0.3464444577693939,-0.658828616142273,-0.09451702982187271,0.41005951166152954,-0.7253513932228088,-0.10231368988752365,0.0,0.0,0.0,-0.1481488049030304,-0.05106889829039574,0.07921922951936722,-0.20813597738742828,-0.19663122296333313,0.11093199253082275,-0.27125978469848633,-0.3060489296913147,0.1194516271352768,-0.34261518716812134,-0.3949049115180969,0.12653407454490662,-0.1338229775428772,-0.4957815706729889,0.13045634329319,-0.2717446982860565,-0.6473331451416016,0.1465044915676117,-0.3512208163738251,-0.7483938932418823,0.14775055646896362,-0.4023779332637787,-0.8410676121711731,0.14289259910583496,-0.14036394655704498,-0.5277762413024902,0.0701865404844284,-0.2860380709171295,-0.7089518904685974,0.08634667843580246,-0.3640957772731781,-0.8115696310997009,0.08270852267742157,-0.40359359979629517,-0.9061816930770874,0.07450875639915466,-0.17866133153438568,-0.5073227286338806,0.008041528053581715,-0.3271171748638153,-0.6894241571426392,0.012748543173074722,-0.40562885999679565,-0.7951427102088928,0.008533848449587822,-0.44807934761047363,-0.8939937353134155,-0.000343443505698815,-0.25794491171836853,-0.4488246440887451,-0.05015350505709648,-0.38407301902770996,-0.5853942036628723,-0.04615829139947891,-0.4538785517215729,-0.6637187004089355,-0.04022754728794098,-0.5004379749298096,-0.7397035360336304,-0.04031318798661232,SLEEP
0.0,0.0,0.0,0.13742849230766296,-0.01742321066558361,-0.021999189630150795,0.25985363125801086,-0.14133860170841217,-0.0186264980584383,0.31277036666870117,-0.24490441381931305,-0.021046143025159836,0.34194955229759216,-0.3297615945339203,-0.02125152386724949,0.3190787434577942,-0.3936043679714203,0.043127913028001785,0.41701406240463257,-0.535662055015564,0.021740658208727837,0.48100337386131287,-0.6478354334831238,-0.009525328874588013,0.5300213694572449,-0.7502462267875671,-0.03511844202876091,0.2865263819694519,-0.4436807334423065,0.023708129301667213,0.3954680263996124,-0.6063174605369568,0.0017309526447206736,0.4704713821411133,-0.7294920682907104,-0.030211908742785454,0.5322933197021484,-0.8448668718338013,-0.05351460725069046,0.239737406373024,-0.4719727039337158,-0.005687769036740065,0.35220015048980713,-0.6295803785324097,-0.03555738925933838,0.4299624562263489,-0.7364034056663513,-0.060861848294734955,0.49366170167922974,-0.8406926393508911,-0.07721056044101715,0.1838819831609726,-0.47884222865104675,-0.039949968457221985,0.2884412407875061,-0.5894205570220947,-0.06836412847042084,0.3576938509941101,-0.6577860713005066,-0.07858177274465561,0.4207605719566345,-0.7243897914886475,-0.08444808423519135,0.0,0.0,0.0,-0.1484466791152954,-0.05660552904009819,0.08025015145540237,-0.20344826579093933,-0.19483457505702972,0.11373181641101837,-0.2628415822982788,-0.3050108551979065,0.12345197796821594,-0.33461254835128784,-0.3965723514556885,0.13067607581615448,-0.12576961517333984,-0.49133121967315674,0.1378682404756546,-0.2593185603618622,-0.643855631351471,0.15176500380039215,-0.33599647879600525,-0.7531183362007141,0.14831086993217468,-0.39105740189552307,-0.8547961115837097,0.13990233838558197,-0.12923133373260498,-0.5236982107162476,0.07874897867441177,-0.2793469727039337,-0.6990796327590942,0.0933162122964859,-0.3588496744632721,-0.7992110848426819,0.08490734547376633,-0.4017733037471771,-0.8975134491920471,0.07226023823022842,-0.1684846431016922,-0.5049026012420654,0.017482519149780273,-0.3150515556335449,-0.6806424856185913,0.02359013259410858,-0.3964826464653015,-0.7910480499267578,0.01878581941127777,-0.44189727306365967,-0.8970262408256531,0.008419030345976353,-0.25319597125053406,-0.45037251710891724,-0.04016570374369621,-0.37017983198165894,-0.5901778340339661,-0.033659644424915314,-0.43583181500434875,-0.6793351769447327,-0.02798374556005001,-0.4808300733566284,-0.7705579996109009,-0.029559269547462463,SLEEP
0.0,0.0,0.0,0.1363794058561325,-0.014176888391375542,-0.02264600619673729,0.26241928339004517,-0.14783945679664612,-0.015137871727347374,0.3209368586540222,-0.2614288032054901,-0.012274939566850662,0.3536244332790375,-0.35270610451698303,-0.007824310101568699,0.3310641944408417,-0.3915833830833435,0.04064204916357994,0.42749834060668945,-0.5358648896217346,0.018358170986175537,0.48974230885505676,-0.6497442722320557,-0.012217016890645027,0.5348700881004333,-0.7520209550857544,-0.03695178031921387,0.2965424358844757,-0.44075578451156616,0.022913586348295212,0.40191611647605896,-0.6063156723976135,-0.0014516125665977597,0.4722547233104706,-0.7313786149024963,-0.034428663551807404,0.5272176861763,-0.8477712869644165,-0.05766724422574043,0.245676189661026,-0.46646225452423096,-0.004719122778624296,0.35560712218284607,-0.6281851530075073,-0.039157215505838394,0.42999741435050964,-0.7357733845710754,-0.06667548418045044,0.49014535546302795,-0.8401304483413696,-0.08317801356315613,0.18179111182689667,-0.47223544120788574,-0.036615073680877686,0.2872157096862793,-0.5883257985115051,-0.0706917867064476,0.3583965003490448,-0.6595163345336914,-0.08456091582775116,0.4240843653678894,-0.7300919890403748,-0.09215838462114334,0.0,0.0,0.0,-0.14347133040428162,-0.06428902596235275,0.11692121624946594,-0.20055222511291504,-0.2010655403137207,0.16774918138980865,-0.2629251182079315,-0.30027326941490173,0.18800458312034607,-0.33452752232551575,-0.38670995831489563,0.20425766706466675,-0.13199828565120697,-0.48912155628204346,0.17920644581317902,-0.2644450068473816,-0.6385141015052795,0.21096324920654297,-0.34017571806907654,-0.7370168566703796,0.22062593698501587,-0.3899150788784027,-0.8307459950447083,0.21983487904071808,-0.13754555583000183,-0.5215888619422913,0.10262195765972137,-0.2798102796077728,-0.7008140683174133,0.1290896087884903,-0.3560827970504761,-0.8056240081787109,0.12821637094020844,-0.392581045627594,-0.9005635380744934,0.12150324881076813,-0.17638751864433289,-0.502375066280365,0.02598893642425537,-0.3198050856590271,-0.6809741258621216,0.03875887393951416,-0.393941193819046,-0.7931981682777405,0.03686150163412094,-0.43374282121658325,-0.9005763530731201,0.028798487037420273,-0.2566787302494049,-0.4437083303928375,-0.043724242597818375,-0.3752341568470001,-0.5880456566810608,-0.03604210913181305,-0.4390682280063629,-0.6742870807647705,-0.0289822556078434,-0.48161250352859497,-0.7588670253753662,-0.028888121247291565,SLEEP
0.0,0.0,0.0,0.14384375512599945,-0.028343476355075836,-0.03077816590666771,0.2671496868133545,-0.1544155329465866,-0.03172799199819565,0.32812750339508057,-0.2688277065753937,-0.03617774695158005,0.3637051582336426,-0.3642500340938568,-0.03796274960041046,0.31653013825416565,-0.3959592282772064,0.03133855387568474,0.41403132677078247,-0.5449299216270447,0.0025754228699952364,0.4764235317707062,-0.6570602655410767,-0.03302144259214401,0.5230177640914917,-0.7615167498588562,-0.06036127731204033,0.2830063998699188,-0.4413391053676605,0.017202865332365036,0.3905068635940552,-0.605746865272522,-0.011711319908499718,0.46503767371177673,-0.7312509417533875,-0.04736536368727684,0.5248735547065735,-0.8480964303016663,-0.07238941639661789,0.23435795307159424,-0.4658283591270447,-0.00726659968495369,0.3459826111793518,-0.6201598644256592,-0.042202696204185486,0.4225640892982483,-0.7237392663955688,-0.06749094277620316,0.4848302900791168,-0.8235589265823364,-0.08242012560367584,0.17504386603832245,-0.4716242551803589,-0.037019819021224976,0.2797389030456543,-0.5798530578613281,-0.06888563185930252,0.35091352462768555,-0.650468647480011,-0.08008449524641037,0.4149392247200012,-0.718404233455658,-0.08547697216272354,0.0,0.0,0.0,-0.15616995096206665,-0.06299777328968048,0.0924135223031044,-0.2117442935705185,-0.20019713044166565,0.13077272474765778,-0.26905760169029236,-0.30519533157348633,0.14287270605564117,-0.33884352445602417,-0.3944007456302643,0.15186506509780884,-0.13276439905166626,-0.49349260330200195,0.15067391097545624,-0.26696085929870605,-0.6401625275611877,0.16835512220859528,-0.34283825755119324,-0.7443869709968567,0.16880780458450317,-0.39383530616760254,-0.8422519564628601,0.1631421446800232,-0.13371486961841583,-0.5250545144081116,0.08553025871515274,-0.2838914096355438,-0.6990429162979126,0.10008880496025085,-0.36093369126319885,-0.796312153339386,0.09344780445098877,-0.39852696657180786,-0.8910056352615356,0.08340904861688614,-0.17029522359371185,-0.5044670104980469,0.018920984119176865,-0.31818464398384094,-0.6825392246246338,0.02291938103735447,-0.3959961235523224,-0.7933374047279358,0.01942235417664051,-0.43680539727211,-0.899480402469635,0.011662023141980171,-0.25146931409835815,-0.4461401700973511,-0.042739011347293854,-0.37040817737579346,-0.5932799577713013,-0.038313206285238266,-0.43347012996673584,-0.6837432980537415,-0.031507931649684906,-0.4751366078853607,-0.7756561636924744,-0.031186066567897797,SLEEP
0.0,0.0,0.0,0.14260105788707733,-0.029922226443886757,-0.008537779562175274,0.266029417514801,-0.1747184693813324,0.00033625963260419667,0.32044458389282227,-0.28753066062927246,-0.00010794993431773037,0.3473910093307495,-0.3749968111515045,0.0001348907098872587,0.31330302357673645,-0.40387749671936035,0.052834395319223404,0.404682457447052,-0.5507654547691345,0.027923373505473137,0.46506252884864807,-0.6628365516662598,-0.004782581701874733,0.5101272463798523,-0.7673518657684326,-0.03137858957052231,0.2804698646068573,-0.4457245171070099,0.024689931422472,0.38542553782463074,-0.6100241541862488,-0.0025608791038393974,0.45669037103652954,-0.7374077439308167,-0.037525929510593414,0.5131456851959229,-0.8560014367103577,-0.06279431283473969,0.2316654622554779,-0.46746301651000977,-0.012989823706448078,0.34348633885383606,-0.623906672000885,-0.04749703407287598,0.419409841299057,-0.7320294976234436,-0.07466218620538712,0.4802713096141815,-0.836212158203125,-0.09229708462953568,0.1701751947402954,-0.4699993133544922,-0.054358985275030136,0.2757018506526947,-0.5795251131057739,-0.08688309788703918,0.3471824526786804,-0.6465648412704468,-0.09954320639371872,0.4119044542312622,-0.7127305865287781,-0.1076076328754425,0.0,0.0,0.0,-0.15290699899196625,-0.06496719270944595,0.10962165892124176,-0.21101169288158417,-0.19965210556983948,0.1573493629693985,-0.2679552435874939,-0.3050839900970459,0.17419716715812683,-0.33815544843673706,-0.39372336864471436,0.18704365193843842,-0.13529779016971588,-0.4934478998184204,0.18123109638690948,-0.2680083215236664,-0.6374911069869995,0.20779994130134583,-0.3434731364250183,-0.740919291973114,0.21062012016773224,-0.3947935104370117,-0.8390814661979675,0.20517787337303162,-0.13724951446056366,-0.5271223187446594,0.10743660479784012,-0.28364816308021545,-0.6988850235939026,0.1304844319820404,-0.36036431789398193,-0.7967039942741394,0.1253199428319931,-0.3966067135334015,-0.8909658193588257,0.11563719809055328,-0.1742846518754959,-0.5095751285552979,0.03242608159780502,-0.3212582767009735,-0.6841618418693542,0.044145841151475906,-0.395839661359787,-0.7934091091156006,0.045861613005399704,-0.4334561228752136,-0.9002538323402405,0.040727704763412476,-0.2550392746925354,-0.45445889234542847,-0.037195250391960144,-0.37123972177505493,-0.6040308475494385,-0.02679024264216423,-0.43177738785743713,-0.6960250735282898,-0.01472033653408289,-0.4712198078632355,-0.7899816036224365,-0.011044591665267944,SLEEP
0.0,0.0,0.0,0.14461073279380798,-0.03498464822769165,-0.012197732925415039,0.26580217480659485,-0.17752031981945038,-0.005914382170885801,0.32549381256103516,-0.2900678515434265,-0.00782027654349804,0.3579433858394623,-0.3740583658218384,-0.009068959392607212,0.31494277715682983,-0.41248637437820435,0.048859745264053345,0.4087922275066376,-0.5557382702827454,0.02464866451919079,0.46904176473617554,-0.6658885478973389,-0.008339419029653072,0.5145310163497925,-0.7688547968864441,-0.035595573484897614,0.2796294093132019,-0.4521523118019104,0.023312408477067947,0.38476821780204773,-0.6132676601409912,-0.003143036738038063,0.4557861089706421,-0.7379189133644104,-0.03867810592055321,0.5138002038002014,-0.8554434180259705,-0.06500671803951263,0.2272111028432846,-0.4697994887828827,-0.011636472307145596,0.3375033438205719,-0.6227689981460571,-0.04757265746593475,0.41171446442604065,-0.7282927632331848,-0.07621495425701141,0.4719609320163727,-0.8296424150466919,-0.0950482189655304,0.16222116351127625,-0.4677432179450989,-0.0501222163438797,0.26310113072395325,-0.5728616714477539,-0.0852973610162735,0.3311749994754791,-0.636613130569458,-0.0990898385643959,0.39276766777038574,-0.6993025541305542,-0.10764580965042114,0.0,0.0,0.0,-0.15151375532150269,-0.07524234801530838,0.0799689069390297,-0.2040165662765503,-0.2131756991147995,0.11115311831235886,-0.2573903203010559,-0.3192002475261688,0.11852747946977615,-0.316584050655365,-0.4080640971660614,0.123006172478199,-0.1240018978714943,-0.4959297180175781,0.13096684217453003,-0.2597081959247589,-0.6365269422531128,0.14000658690929413,-0.33971354365348816,-0.7370971441268921,0.1328088790178299,-0.3974892497062683,-0.8364793062210083,0.12138372659683228,-0.12589645385742188,-0.5289241671562195,0.07110795378684998,-0.2726316452026367,-0.6964249014854431,0.0801858976483345,-0.3511727750301361,-0.7916727662086487,0.0692535936832428,-0.39399081468582153,-0.8892109990119934,0.05473405867815018,-0.16313883662223816,-0.5097729563713074,0.009529486298561096,-0.30421000719070435,-0.6872723698616028,0.010148310102522373,-0.38155511021614075,-0.7979212403297424,0.0042800032533705235,-0.4239051342010498,-0.9056829214096069,-0.0065465047955513,-0.2445070743560791,-0.456373929977417,-0.0481414869427681,-0.35812410712242126,-0.5952422022819519,-0.046447377651929855,-0.42199599742889404,-0.6806622743606567,-0.04147997125983238,-0.46707385778427124,-0.7704000473022461,-0.04319555684924126,SLEEP
0.0,0.0,0.0,0.14133036136627197,-0.03298143297433853,-0.014097483828663826,0.2651132643222809,-0.17957498133182526,-0.007416085340082645,0.32056084275245667,-0.2853245735168457,-0.007082117255777121,0.35222405195236206,-0.35847777128219604,-0.006487508770078421,0.3072514533996582,-0.4220820367336273,0.0388009212911129,0.4035421907901764,-0.5632181167602539,0.016564060002565384,0.4645230770111084,-0.6681824326515198,-0.014507782645523548,0.507788360118866,-0.7727320790290833,-0.04058966785669327,0.27523988485336304,-0.4579463005065918,0.015509520657360554,0.3835409879684448,-0.6172206997871399,-0.007289986126124859,0.45348629355430603,-0.7368867993354797,-0.04014432802796364,0.510214626789093,-0.8575971722602844,-0.06487027555704117,0.22612214088439941,-0.4686899185180664,-0.016021210700273514,0.3363652229309082,-0.6215957999229431,-0.04979017749428749,0.40710800886154175,-0.7214689254760742,-0.07699844241142273,0.4643597900867462,-0.8241195678710938,-0.09550974518060684,0.16537994146347046,-0.45591962337493896,-0.050656598061323166,0.25364112854003906,-0.5581079721450806,-0.08402155339717865,0.31337034702301025,-0.6101003289222717,-0.09440899640321732,0.36639755964279175,-0.6610631346702576,-0.1006847396492958,0.0,0.0,0.0,-0.14622223377227783,-0.07083291560411453,0.06180684641003609,-0.19959890842437744,-0.20233877003192902,0.08394812047481537,-0.24808497726917267,-0.30894559621810913,0.08605498820543289,-0.2982088029384613,-0.39161714911460876,0.08576332777738571,-0.12429391592741013,-0.50232994556427,0.10853497684001923,-0.2667425572872162,-0.6336892247200012,0.11180781573057175,-0.34691092371940613,-0.7293474674224854,0.09964301437139511,-0.4040166437625885,-0.8255751729011536,0.08480403572320938,-0.13062982261180878,-0.5324686765670776,0.05658822879195213,-0.27571555972099304,-0.7022548317909241,0.061317749321460724,-0.34888631105422974,-0.8050248622894287,0.04689212143421173,-0.38960951566696167,-0.907329261302948,0.030274026095867157,-0.16918689012527466,-0.5090924501419067,0.002179821953177452,-0.30894899368286133,-0.6825724244117737,-0.0007883846410550177,-0.3833431005477905,-0.7955305576324463,-0.012312537990510464,-0.42429590225219727,-0.9051328897476196,-0.026597676798701286,-0.24774540960788727,-0.4514361619949341,-0.0496644452214241,-0.3616368770599365,-0.5855545997619629,-0.05132550373673439,-0.4259435832500458,-0.6686035394668579,-0.05060954764485359,-0.47186243534088135,-0.7568451762199402,-0.05503353103995323,SLEEP
0.0,0.0,0.0,0.11382901668548584,-0.0449959971010685,-0.033286504447460175,0.24852557480335236,-0.19394494593143463,-0.029467448592185974,0.3262389004230499,-0.29298263788223267,-0.02711579017341137,0.36725914478302,-0.35955509543418884,-0.021831974387168884,0.290010005235672,-0.42626339197158813,0.027479667216539383,0.3914707899093628,-0.5695266127586365,0.005263506434857845,0.4521336853504181,-0.6795395016670227,-0.025984186679124832,0.4937182068824768,-0.7885852456092834,-0.05083516240119934,0.26975491642951965,-0.45492684841156006,0.017750045284628868,0.3747643828392029,-0.6156062483787537,-0.00437148055061698,0.44374924898147583,-0.7414325475692749,-0.03626077249646187,0.4993779957294464,-0.8644277453422546,-0.058192718774080276,0.2365178018808365,-0.4590301811695099,-0.0013885978842154145,0.33742567896842957,-0.6157549023628235,-0.030327657237648964,0.40446925163269043,-0.7318992018699646,-0.05223412439227104,0.45750534534454346,-0.8445035219192505,-0.0652838945388794,0.19428063929080963,-0.4430531859397888,-0.026147829368710518,0.27937638759613037,-0.5627487897872925,-0.05119171366095543,0.3338916599750519,-0.6416274905204773,-0.05701034888625145,0.38393014669418335,-0.7171412706375122,-0.05915452539920807,0.0,0.0,0.0,-0.14745931327342987,-0.07129468023777008,0.06710632145404816,-0.20028318464756012,-0.20727738738059998,0.09341733902692795,-0.25146597623825073,-0.3186510503292084,0.09955469518899918,-0.306704580783844,-0.4087715148925781,0.10386215895414352,-0.11799189448356628,-0.5043023824691772,0.11390736699104309,-0.26260703802108765,-0.6388534307479858,0.12035108357667923,-0.3432091176509857,-0.7320243716239929,0.11198741942644119,-0.398663729429245,-0.826691210269928,0.0994766354560852,-0.12363208085298538,-0.5339134335517883,0.06085871160030365,-0.27486059069633484,-0.7035531997680664,0.06544507294893265,-0.35011816024780273,-0.8022313714027405,0.05206328257918358,-0.3912402093410492,-0.9031179547309875,0.03632530942559242,-0.16284430027008057,-0.5106037855148315,0.005719091277569532,-0.3076961934566498,-0.6820114254951477,0.0016345736803486943,-0.38411739468574524,-0.7935210466384888,-0.009584309533238411,-0.42525237798690796,-0.9047703146934509,-0.023476492613554,-0.24176979064941406,-0.4569438695907593,-0.04621385782957077,-0.3570879101753235,-0.5899207592010498,-0.050765275955200195,-0.4232807755470276,-0.6745238900184631,-0.05282149836421013,-0.4681287407875061,-0.7652682662010193,-0.058953188359737396,SLEEP
0.0,0.0,0.0,0.05822407081723213,-0.0810638815164566,-0.07103057950735092,0.18252120912075043,-0.21414028108119965,-0.08193711191415787,0.2851693630218506,-0.2889411747455597,-0.08498745411634445,0.3455738425254822,-0.33910050988197327,-0.08552142977714539,0.23502086102962494,-0.45230937004089355,-0.017073119059205055,0.3497856855392456,-0.5819383859634399,-0.04607633873820305,0.42400532960891724,-0.6768198609352112,-0.07911267131567001,0.47388792037963867,-0.7716723680496216,-0.10480166226625443,0.25900259613990784,-0.46096086502075195,-0.011370428837835789,0.3661092519760132,-0.6226599216461182,-0.03498108685016632,0.43502500653266907,-0.7452377080917358,-0.0642668828368187,0.48844319581985474,-0.8685510754585266,-0.08391844481229782,0.2634848356246948,-0.4298914968967438,-0.017335856333374977,0.36638370156288147,-0.5705392956733704,-0.05817335471510887,0.42082250118255615,-0.6764547228813171,-0.09343133121728897,0.4643649160861969,-0.7857174873352051,-0.11663299798965454,0.25293734669685364,-0.36587220430374146,-0.030390486121177673,0.3158934712409973,-0.4236226975917816,-0.0736270323395729,0.3078072965145111,-0.4134712815284729,-0.0850694552063942,0.2981017231941223,-0.4003370702266693,-0.08946321159601212,0.0,0.0,0.0,-0.14379321038722992,-0.07578246295452118,0.06473919749259949,-0.19852465391159058,-0.21314102411270142,0.09340313822031021,-0.24996580183506012,-0.321560263633728,0.10198196768760681,-0.3046399652957916,-0.40923067927360535,0.10795062780380249,-0.11375822871923447,-0.5038713812828064,0.11666363477706909,-0.2631360590457916,-0.6421268582344055,0.12603220343589783,-0.34658265113830566,-0.7406384944915771,0.11722440272569656,-0.405437171459198,-0.8408420085906982,0.10397779196500778,-0.11836879700422287,-0.5315899848937988,0.06691025197505951,-0.27393975853919983,-0.6954411268234253,0.07772471755743027,-0.3536739647388458,-0.7941948771476746,0.062255483120679855,-0.3991812765598297,-0.9006808400154114,0.04327545315027237,-0.1558419167995453,-0.5098819732666016,0.015098030678927898,-0.30156826972961426,-0.6780330538749695,0.016408871859312057,-0.3804628252983093,-0.79123455286026,0.0019463112112134695,-0.42469218373298645,-0.9052033424377441,-0.015600097365677357,-0.23426368832588196,-0.459372878074646,-0.03370373696088791,-0.3495166599750519,-0.593600869178772,-0.03373853489756584,-0.41533732414245605,-0.6774941086769104,-0.03522876650094986,-0.461382120847702,-0.7666366696357727,-0.04190990701317787,SLEEP
0.0,0.0,0.0,0.034700412303209305,-0.13595347106456757,-0.06033962592482567,0.15550227463245392,-0.2933911681175232,-0.06811113655567169,0.2736421227455139,-0.336393266916275,-0.07095381617546082,0.34408342838287354,-0.34824591875076294,-0.07345836609601974,0.21625517308712006,-0.4855386018753052,-0.010658283717930317,0.3317777216434479,-0.6077969670295715,-0.04331891983747482,0.4060772657394409,-0.6967958211898804,-0.07962337881326675,0.45425692200660706,-0.7837923169136047,-0.10681182891130447,0.2539246380329132,-0.4623996913433075,-0.012297162786126137,0.36294329166412354,-0.6243957281112671,-0.036569297313690186,0.4288310408592224,-0.7506211400032043,-0.06789382547140121,0.47801122069358826,-0.8739034533500671,-0.08830592781305313,0.2702392041683197,-0.39899805188179016,-0.024840975180268288,0.3702146112918854,-0.5436949729919434,-0.062367167323827744,0.41552963852882385,-0.6559520959854126,-0.09677062183618546,0.451773464679718,-0.7674571871757507,-0.11996197700500488,0.2684752941131592,-0.2995399236679077,-0.04399852454662323,0.31534913182258606,-0.34828194975852966,-0.08308872580528259,0.2875412404537201,-0.34321850538253784,-0.09130335599184036,0.2631468176841736,-0.3348594009876251,-0.09393928200006485,0.0,0.0,0.0,-0.1411270648241043,-0.07502023130655289,0.042562779039144516,-0.20067395269870758,-0.217339426279068,0.05989013984799385,-0.2517198324203491,-0.3234977126121521,0.06282451748847961,-0.30314403772354126,-0.41067981719970703,0.0654972642660141,-0.10701308399438858,-0.49711844325065613,0.07913992553949356,-0.25878965854644775,-0.6376142501831055,0.07617099583148956,-0.34576931595802307,-0.7371997833251953,0.06435451656579971,-0.4038448631763458,-0.8344187140464783,0.0512748546898365,-0.11337009817361832,-0.5256301164627075,0.03885478526353836,-0.2697203457355499,-0.6940442323684692,0.03748319298028946,-0.35095685720443726,-0.791238009929657,0.022420238703489304,-0.3970705568790436,-0.8931311964988708,0.006298027001321316,-0.1531912237405777,-0.5075854659080505,-0.004260370973497629,-0.2980409860610962,-0.6840596199035645,-0.013220079243183136,-0.3781288266181946,-0.7950034141540527,-0.028330346569418907,-0.42237451672554016,-0.9053666591644287,-0.0437156967818737,-0.23312020301818848,-0.4596274793148041,-0.045640937983989716,-0.34938424825668335,-0.5926070213317871,-0.05197899416089058,-0.41699472069740295,-0.6731894016265869,-0.0550028532743454,-0.4634793996810913,-0.759070098400116,-0.06104570999741554,SLEEP
0.0,0.0,0.0,0.15120276808738708,-0.04330989345908165,0.006002144422382116,0.25685352087020874,-0.19501730799674988,0.022245829924941063,0.30567875504493713,-0.2960261106491089,0.02568282186985016,0.34835588932037354,-0.37492063641548157,0.03051740489900112,0.27746278047561646,-0.4233875274658203,0.07352714985609055,0.3737679421901703,-0.5679623484611511,0.05055978149175644,0.4362793564796448,-0.6800970435142517,0.017403773963451385,0.4788497984409332,-0.7849723100662231,-0.008575007319450378,0.2531547248363495,-0.45262283086776733,0.041399627923965454,0.35718831419944763,-0.6179336309432983,0.018494276329874992,0.4261557459831238,-0.7478318810462952,-0.016955524682998657,0.48180896043777466,-0.8752564787864685,-0.04226396977901459,0.2216011881828308,-0.46709123253822327,0.0008535626693628728,0.3267383575439453,-0.6275198459625244,-0.025764791294932365,0.3962467610836029,-0.740713894367218,-0.047984808683395386,0.4522016942501068,-0.8514807820320129,-0.06178504601120949,0.18502698838710785,-0.463079035282135,-0.04294874146580696,0.2811552882194519,-0.585901141166687,-0.06506013125181198,0.3477869927883148,-0.6703868508338928,-0.07099185883998871,0.4072861075401306,-0.7494720816612244,-0.07413521409034729,0.0,0.0,0.0,-0.13058032095432281,-0.08671063184738159,0.07532600313425064,-0.21130476891994476,-0.23647169768810272,0.11544214934110641,-0.2809467613697052,-0.3350508511066437,0.13475260138511658,-0.3371967673301697,-0.4250304102897644,0.15235871076583862,-0.10732906311750412,-0.4833942949771881,0.1344648003578186,-0.25616925954818726,-0.6355725526809692,0.1546066254377365,-0.34395599365234375,-0.739096999168396,0.1553851068019867,-0.4034481346607208,-0.8370790481567383,0.14849838614463806,-0.11504185199737549,-0.5171583890914917,0.08216851949691772,-0.26654648780822754,-0.688483715057373,0.10295967757701874,-0.3474428951740265,-0.7891587018966675,0.09275209903717041,-0.3965178430080414,-0.8852898478507996,0.07741484045982361,-0.1551314741373062,-0.5108422636985779,0.02819635346531868,-0.29907485842704773,-0.6831859946250916,0.04260489344596863,-0.38055533170700073,-0.7927678823471069,0.03182733431458473,-0.4321572482585907,-0.9016786813735962,0.014679626561701298,-0.2312437742948532,-0.4739145040512085,-0.022253064438700676,-0.35251671075820923,-0.6112633943557739,-0.009494954720139503,-0.41906410455703735,-0.6931474804878235,-0.005523267202079296,-0.4678608477115631,-0.7798752784729004,-0.010194565169513226,SLEEP
0.0,0.0,0.0,0.14471302926540375,-0.05145091563463211,0.004203246906399727,0.25417500734329224,-0.19612233340740204,0.02120550349354744,0.31140804290771484,-0.2959200441837311,0.027721749618649483,0.35926857590675354,-0.3640252649784088,0.036241114139556885,0.2761072516441345,-0.42275428771972656,0.0678776428103447,0.3716866970062256,-0.5699058175086975,0.05007781460881233,0.43378716707229614,-0.6727468967437744,0.022406982257962227,0.4775763154029846,-0.7717949151992798,-3.956122964154929e-05,0.2584783136844635,-0.4539235532283783,0.03990921750664711,0.36161184310913086,-0.62576824426651,0.020050756633281708,0.42902353405952454,-0.7514274716377258,-0.010042721405625343,0.4822503924369812,-0.8754699230194092,-0.03141772001981735,0.23239228129386902,-0.46997368335723877,0.003827782114967704,0.3356325328350067,-0.6354382038116455,-0.023168809711933136,0.4037132263183594,-0.7501165866851807,-0.04589243233203888,0.4575352966785431,-0.8622153997421265,-0.059606727212667465,0.20051033794879913,-0.470603346824646,-0.03493509069085121,0.29310739040374756,-0.6005640625953674,-0.06119057163596153,0.35298922657966614,-0.6896246671676636,-0.07150044292211533,0.4041048586368561,-0.7743052840232849,-0.07719521224498749,0.0,0.0,0.0,-0.1464555412530899,-0.06082306429743767,0.0202327948063612,-0.21402424573898315,-0.20373889803886414,0.027473893016576767,-0.26833340525627136,-0.31685566902160645,0.02550724521279335,-0.3309066891670227,-0.4122213125228882,0.025359228253364563,-0.13193824887275696,-0.49243679642677307,0.05053573474287987,-0.271145224571228,-0.6432185173034668,0.03372769057750702,-0.3524852693080902,-0.7581583857536316,0.012446253560483456,-0.4060478210449219,-0.8648443818092346,-0.005645609926432371,-0.13033121824264526,-0.5114918351173401,0.017384538426995277,-0.28846824169158936,-0.6730775237083435,0.005370242055505514,-0.37234342098236084,-0.7771987318992615,-0.013930754736065865,-0.4222380518913269,-0.8837604522705078,-0.03209894895553589,-0.1583843231201172,-0.4934501349925995,-0.020442796871066093,-0.31117039918899536,-0.6597299575805664,-0.03783489391207695,-0.3947361409664154,-0.7766522169113159,-0.050722070038318634,-0.4413212537765503,-0.8951728940010071,-0.06245793402194977,-0.2216702550649643,-0.4461956322193146,-0.05878458917140961,-0.34905824065208435,-0.5819211006164551,-0.07206917554140091,-0.419047087430954,-0.6666719317436218,-0.07436677813529968,-0.46422719955444336,-0.7562393546104431,-0.07790717482566833,SLEEP
0.0,0.0,0.0,0.15470775961875916,-0.058913540095090866,0.02616768889129162,0.2501313090324402,-0.20728372037410736,0.0490003377199173,0.3012732267379761,-0.29790496826171875,0.05586746707558632,0.34897780418395996,-0.35334232449531555,0.06288205087184906,0.2670440375804901,-0.4410834014415741,0.08762294054031372,0.3612900376319885,-0.5901709794998169,0.07028773427009583,0.4245973229408264,-0.6990147829055786,0.0424913689494133,0.4686985909938812,-0.8027476668357849,0.01888774335384369,0.24720409512519836,-0.46185964345932007,0.04612411558628082,0.351510226726532,-0.6284114122390747,0.02484520897269249,0.42004385590553284,-0.7540645599365234,-0.007837210781872272,0.4752257466316223,-0.8792866468429565,-0.0318659283220768,0.22232161462306976,-0.46902284026145935,-0.002526863943785429,0.3286825716495514,-0.6316878795623779,-0.030254891142249107,0.3984086811542511,-0.7491318583488464,-0.054405052214860916,0.45384204387664795,-0.8653752207756042,-0.07023810595273972,0.194490447640419,-0.4591269791126251,-0.052183788269758224,0.28718850016593933,-0.5863434076309204,-0.0800110250711441,0.34751269221305847,-0.6774076223373413,-0.0922597199678421,0.40024641156196594,-0.763965904712677,-0.10034194588661194,0.0,0.0,0.0,-0.14374248683452606,-0.060679055750370026,0.027243565768003464,-0.21743907034397125,-0.20418663322925568,0.03570222854614258,-0.2774921953678131,-0.30834779143333435,0.03431704267859459,-0.34260568022727966,-0.40335026383399963,0.03508854657411575,-0.13641518354415894,-0.4782143533229828,0.053899314254522324,-0.27614468336105347,-0.6433269381523132,0.0418330654501915,-0.3573968708515167,-0.7577673196792603,0.026829086244106293,-0.4102863371372223,-0.8614535927772522,0.013458606787025928,-0.13172206282615662,-0.5027220845222473,0.01914265938103199,-0.2989540100097656,-0.6569318175315857,0.012814090587198734,-0.38624635338783264,-0.7435842752456665,-0.00017953058704733849,-0.43286654353141785,-0.8324083685874939,-0.014240478165447712,-0.16097502410411835,-0.48984667658805847,-0.019571537151932716,-0.3207494914531708,-0.6636015176773071,-0.030458448454737663,-0.40683966875076294,-0.775789201259613,-0.03639683499932289,-0.45256099104881287,-0.8906054496765137,-0.04483981430530548,-0.2272460013628006,-0.44466128945350647,-0.05797890946269035,-0.36054104566574097,-0.5811404585838318,-0.0656888484954834,-0.43299204111099243,-0.6638889312744141,-0.061990585178136826,-0.48017632961273193,-0.7518834471702576,-0.06178788095712662,SLEEP
0.0,0.0,0.0,0.1579919010400772,-0.05777169018983841,0.03187839686870575,0.25042304396629333,-0.21619044244289398,0.05898169055581093,0.29796770215034485,-0.30688557028770447,0.0676039308309555,0.348350465297699,-0.3669690191745758,0.07529836148023605,0.2749086916446686,-0.4368472397327423,0.10034053027629852,0.36507055163383484,-0.5795578360557556,0.0841231420636177,0.42720335721969604,-0.6925854086875916,0.055172502994537354,0.4695274531841278,-0.798640787601471,0.029577989131212234,0.2509383261203766,-0.45955201983451843,0.05352993309497833,0.3529859781265259,-0.6243359446525574,0.03188300132751465,0.4173227846622467,-0.7526853680610657,-0.00595158850774169,0.4683607220649719,-0.882871150970459,-0.03430243954062462,0.22193844616413116,-0.4661109447479248,-0.0007650649640709162,0.3268989324569702,-0.6321080327033997,-0.030785931274294853,0.395902156829834,-0.7539147734642029,-0.06326606124639511,0.4499896466732025,-0.8763450384140015,-0.08501079678535461,0.19070754945278168,-0.4548954367637634,-0.0555105097591877,0.2884967625141144,-0.5838614702224731,-0.0852399691939354,0.35237547755241394,-0.672559380531311,-0.10258753597736359,0.4094458818435669,-0.7604183554649353,-0.11516004800796509,0.0,0.0,0.0,-0.15276792645454407,-0.06699904799461365,0.021456196904182434,-0.22568605840206146,-0.21245814859867096,0.022318946197628975,-0.28261706233024597,-0.3131844997406006,0.014363262802362442,-0.3432263135910034,-0.4042673110961914,0.007610900327563286,-0.13859429955482483,-0.4846205711364746,0.03208250552415848,-0.2841854989528656,-0.6355860233306885,0.009719835594296455,-0.36818671226501465,-0.7463982701301575,-0.011744275689125061,-0.4232140779495239,-0.8508950471878052,-0.029422014951705933,-0.1359841227531433,-0.5032458305358887,-0.0034014484845101833,-0.3024868071079254,-0.6538053750991821,-0.021894613280892372,-0.38854992389678955,-0.7478483319282532,-0.040561478585004807,-0.4368068277835846,-0.8462806344032288,-0.05772194638848305,-0.16409097611904144,-0.48128002882003784,-0.04203353449702263,-0.32301202416419983,-0.6512013673782349,-0.06501875817775726,-0.4078659415245056,-0.7679938673973083,-0.0757240504026413,-0.45268070697784424,-0.8875564336776733,-0.08557871729135513,-0.2258613407611847,-0.4267541468143463,-0.08029539883136749,-0.355374276638031,-0.5617925524711609,-0.0984022244811058,-0.4279073476791382,-0.6445651054382324,-0.09919898957014084,-0.473308265209198,-0.7327638268470764,-0.10119681805372238,SLEEP
0.0,0.0,0.0,0.17066870629787445,-0.06527482718229294,0.03999592363834381,0.2553017735481262,-0.2166861891746521,0.06824197620153427,0.2995184659957886,-0.3037956953048706,0.07645716518163681,0.35682013630867004,-0.3596905767917633,0.0837121531367302,0.2465655505657196,-0.44420376420021057,0.10419269651174545,0.3420570194721222,-0.5832659006118774,0.08711086213588715,0.411342978477478,-0.6924108266830444,0.05874362215399742,0.4631395637989044,-0.7910535931587219,0.03429953381419182,0.2279789000749588,-0.46403968334198,0.05495996028184891,0.3319143056869507,-0.6288609504699707,0.03494049608707428,0.4033001661300659,-0.7581472396850586,9.432065417058766e-05,0.46427807211875916,-0.8852823376655579,-0.02685251645743847,0.20939995348453522,-0.4652366042137146,-0.0006319781532511115,0.3176521360874176,-0.6243519186973572,-0.02692684531211853,0.39097410440444946,-0.7390981316566467,-0.0537237748503685,0.45133692026138306,-0.8510403633117676,-0.07226642221212387,0.19466598331928253,-0.44543835520744324,-0.056397926062345505,0.2906039357185364,-0.568344235420227,-0.08245641738176346,0.3574262857437134,-0.6569738388061523,-0.09535955637693405,0.41681233048439026,-0.7391355037689209,-0.10502966493368149,0.0,0.0,0.0,-0.177122563123703,-0.05991014838218689,0.02098880521953106,-0.2598366439342499,-0.20342740416526794,0.02400672622025013,-0.3171074092388153,-0.30317994952201843,0.01763511821627617,-0.3665638566017151,-0.40650779008865356,0.01267654076218605,-0.16337822377681732,-0.47365859150886536,0.037524424493312836,-0.2988221347332001,-0.6264145374298096,0.01444371696561575,-0.3759838938713074,-0.7418175339698792,-0.007616003509610891,-0.42902639508247375,-0.849403977394104,-0.02622823789715767,-0.14613623917102814,-0.49293509125709534,8.171607623808086e-05,-0.3037068247795105,-0.649599015712738,-0.02329489402472973,-0.39048147201538086,-0.7529705762863159,-0.04598869010806084,-0.44392964243888855,-0.854181706905365,-0.06424170732498169,-0.16105692088603973,-0.4725764989852905,-0.040992699563503265,-0.3200782835483551,-0.6427949666976929,-0.07308878749608994,-0.41039228439331055,-0.7640455365180969,-0.08930937200784683,-0.4623594880104065,-0.8810585737228394,-0.09979666024446487,-0.21084411442279816,-0.41381120681762695,-0.08129608631134033,-0.3455848693847656,-0.5551649332046509,-0.1104736477136612,-0.41999292373657227,-0.6402909755706787,-0.11639115959405899,-0.46933597326278687,-0.7228632569313049,-0.11968046426773071,SLEEP
0.0,0.0,0.0,0.1665865182876587,-0.06399894505739212,0.04084251448512077,0.24548393487930298,-0.2195766121149063,0.0655917152762413,0.29364410042762756,-0.30291715264320374,0.06929021328687668,0.3547261357307434,-0.3584175109863281,0.07229065895080566,0.2369600087404251,-0.45998701453208923,0.10505404323339462,0.3327663242816925,-0.5993096828460693,0.08877500146627426,0.4004705548286438,-0.7174661755561829,0.05875855311751366,0.44523265957832336,-0.8271297216415405,0.031763747334480286,0.2163841873407364,-0.4748809337615967,0.05240628495812416,0.3275275230407715,-0.6343978047370911,0.03376210480928421,0.3981834948062897,-0.7627629637718201,-0.002076362259685993,0.45300352573394775,-0.8909622430801392,-0.031209934502840042,0.19855347275733948,-0.4680615961551666,-0.006916599813848734,0.31785038113594055,-0.6283509135246277,-0.030776266008615494,0.39087754487991333,-0.7452527284622192,-0.05943366512656212,0.44446584582328796,-0.8608889579772949,-0.08118606358766556,0.1875041276216507,-0.43890678882598877,-0.06676910072565079,0.2911311984062195,-0.557995617389679,-0.08953368663787842,0.35327041149139404,-0.6485710144042969,-0.10341577231884003,0.4047342836856842,-0.7371556162834167,-0.11528199166059494,0.0,0.0,0.0,-0.1776161789894104,-0.0631854310631752,0.02308412827551365,-0.25548800826072693,-0.21270638704299927,0.026142727583646774,-0.30727097392082214,-0.31883060932159424,0.020172053948044777,-0.35416027903556824,-0.42487531900405884,0.015364606864750385,-0.1548871546983719,-0.48460081219673157,0.03746505454182625,-0.29127147793769836,-0.630488395690918,0.014082777313888073,-0.3663312792778015,-0.7428649663925171,-0.00868460163474083,-0.4167940020561218,-0.8535635471343994,-0.02775740623474121,-0.13654567301273346,-0.5015143752098083,-0.0003082037437707186,-0.29781854152679443,-0.6500692367553711,-0.024787481874227524,-0.3812980353832245,-0.7530362010002136,-0.047785498201847076,-0.43280526995658875,-0.8666571974754333,-0.0672435387969017,-0.1523984968662262,-0.47564661502838135,-0.0415736548602581,-0.30869919061660767,-0.6421287655830383,-0.07481878995895386,-0.39395561814308167,-0.7646926045417786,-0.09114861488342285,-0.44321513175964355,-0.8905190229415894,-0.10264700651168823,-0.20556293427944183,-0.4147600829601288,-0.08177852630615234,-0.33313116431236267,-0.5520654916763306,-0.10962259769439697,-0.4024333953857422,-0.6374254822731018,-0.11588222533464432,-0.44975677132606506,-0.7293092608451843,-0.12093629688024521,SLEEP
0.0,0.0,0.0,0.16206587851047516,-0.07391190528869629,0.036355145275592804,0.23682667315006256,-0.22885559499263763,0.059654127806425095,0.28224942088127136,-0.3042607009410858,0.06263387948274612,0.3382951021194458,-0.3604723811149597,0.0649397000670433,0.23875626921653748,-0.4598499834537506,0.10465637594461441,0.33218199014663696,-0.5931296348571777,0.08673028647899628,0.39811891317367554,-0.7055724859237671,0.05465587228536606,0.4433712363243103,-0.8115087151527405,0.02664848603308201,0.21682274341583252,-0.475791335105896,0.05334266275167465,0.32440486550331116,-0.636631429195404,0.03369452804327011,0.3914128839969635,-0.7654076218605042,-0.0034642049577087164,0.4447702467441559,-0.8950283527374268,-0.03322356194257736,0.19530729949474335,-0.4717708230018616,-0.005632372573018074,0.30976414680480957,-0.6320629119873047,-0.031702395528554916,0.3796283006668091,-0.7537581324577332,-0.06189868971705437,0.43173834681510925,-0.8723862767219543,-0.0836276039481163,0.1790560781955719,-0.44714727997779846,-0.06555511057376862,0.2834431529045105,-0.569135308265686,-0.08878195285797119,0.34755146503448486,-0.6599012613296509,-0.10223781317472458,0.40189945697784424,-0.7494258880615234,-0.11354970186948776,0.0,0.0,0.0,-0.1760280728340149,-0.039377447217702866,0.020034311339259148,-0.252701997756958,-0.19634011387825012,0.022754903882741928,-0.2998886704444885,-0.3051140606403351,0.017307838425040245,-0.34735095500946045,-0.40575695037841797,0.012627921998500824,-0.1658199280500412,-0.48191484808921814,0.030034139752388,-0.29654061794281006,-0.6344612836837769,0.0105055570602417,-0.37180420756340027,-0.7454609274864197,-0.0083690220490098,-0.42196711897850037,-0.8540403842926025,-0.025473138317465782,-0.14337188005447388,-0.5022933483123779,-0.006782687734812498,-0.3002640902996063,-0.6455830335617065,-0.027803223580121994,-0.3791736364364624,-0.7380226254463196,-0.046719133853912354,-0.4234866797924042,-0.8417984843254089,-0.06267765164375305,-0.1537139117717743,-0.4762290120124817,-0.04680503159761429,-0.31226229667663574,-0.6434586644172668,-0.07783863693475723,-0.39771080017089844,-0.7642978429794312,-0.09144086390733719,-0.4465513825416565,-0.8890032768249512,-0.10131603479385376,-0.2007274627685547,-0.41434621810913086,-0.08597882091999054,-0.33401504158973694,-0.5542730689048767,-0.11448521167039871,-0.40589639544487,-0.6385879516601562,-0.11930403858423233,-0.45358070731163025,-0.7278977632522583,-0.1225719079375267,SLEEP
0.0,0.0,0.0,0.1639975607395172,-0.06947006285190582,0.043630197644233704,0.24077610671520233,-0.22460418939590454,0.07127632200717926,0.28927794098854065,-0.3004871904850006,0.07724422216415405,0.34978172183036804,-0.3522425591945648,0.08167773485183716,0.24076467752456665,-0.44785138964653015,0.10965470969676971,0.334663987159729,-0.5874225497245789,0.0945696234703064,0.40242743492126465,-0.7047660946846008,0.06468626856803894,0.4492996037006378,-0.8137776851654053,0.03782527893781662,0.22056066989898682,-0.4646040201187134,0.05538389831781387,0.3290599584579468,-0.6310486793518066,0.038250673562288284,0.3970620334148407,-0.7618356943130493,0.0030067693442106247,0.4512282609939575,-0.8920360803604126,-0.025781946256756783,0.20066741108894348,-0.4626885950565338,-0.005834956653416157,0.31636837124824524,-0.6304447054862976,-0.030192945152521133,0.3868465721607208,-0.7526032328605652,-0.05885351449251175,0.4383891522884369,-0.870758056640625,-0.07998441904783249,0.1860925257205963,-0.44292375445365906,-0.06737694144248962,0.2901623249053955,-0.5714706778526306,-0.09093178808689117,0.3543115556240082,-0.6633555293083191,-0.10455191880464554,0.4082290232181549,-0.7528584003448486,-0.11616044491529465,0.0,0.0,0.0,-0.17576465010643005,-0.04895816370844841,0.019802767783403397,-0.2466352880001068,-0.20672543346881866,0.02542206086218357,-0.28992220759391785,-0.31754130125045776,0.02275652065873146,-0.3387584090232849,-0.41311129927635193,0.01963617093861103,-0.1543179303407669,-0.4742557406425476,0.032838720828294754,-0.2862941026687622,-0.6240645051002502,0.012386507354676723,-0.362140417098999,-0.733461320400238,-0.00708099314942956,-0.41214653849601746,-0.8395193815231323,-0.023385152220726013,-0.13106870651245117,-0.4911166727542877,-0.0029149733018130064,-0.2889072000980377,-0.6544975638389587,-0.02406587265431881,-0.37221768498420715,-0.7633950710296631,-0.04666057229042053,-0.42522120475769043,-0.8799672722816467,-0.06506173312664032,-0.1430206298828125,-0.46407684683799744,-0.041897810995578766,-0.3028390109539032,-0.6375733613967896,-0.07455743104219437,-0.3926488757133484,-0.760859489440918,-0.09672129154205322,-0.4488530158996582,-0.8865851163864136,-0.1117933839559555,-0.19561326503753662,-0.40233030915260315,-0.079632967710495,-0.3314652144908905,-0.5430173873901367,-0.10930327326059341,-0.4013378322124481,-0.6251221299171448,-0.11857279390096664,-0.4491994380950928,-0.7144760489463806,-0.12515640258789062,SLEEP
0.0,0.0,0.0,0.1615050584077835,-0.06543946266174316,0.035214368253946304,0.2421463280916214,-0.22308386862277985,0.05701705440878868,0.2873457372188568,-0.30820098519325256,0.05891968682408333,0.3456186056137085,-0.36845532059669495,0.05920926854014397,0.24613863229751587,-0.43551474809646606,0.09317398816347122,0.3375335931777954,-0.577077329158783,0.07019605487585068,0.4055757224559784,-0.6999073028564453,0.03552589565515518,0.45293712615966797,-0.8132481575012207,0.006286541931331158,0.225865438580513,-0.4550582468509674,0.041489772498607635,0.3318159580230713,-0.6222497224807739,0.018178217113018036,0.40002793073654175,-0.7586466073989868,-0.019572248682379723,0.45266735553741455,-0.8903172612190247,-0.04926881194114685,0.20240353047847748,-0.45606571435928345,-0.017148029059171677,0.3180326521396637,-0.6247768998146057,-0.04456650838255882,0.3905026912689209,-0.7510415315628052,-0.07509326934814453,0.4433048367500305,-0.868879497051239,-0.09683504700660706,0.18024849891662598,-0.4369783103466034,-0.076633520424366,0.28710320591926575,-0.5613598227500916,-0.10074647516012192,0.3545337915420532,-0.6551117300987244,-0.11481107026338577,0.4092477560043335,-0.7435995936393738,-0.12634843587875366,0.0,0.0,0.0,-0.1795700341463089,-0.050305113196372986,0.018203992396593094,-0.25224021077156067,-0.20292237401008606,0.02201477438211441,-0.3073015511035919,-0.3232274353504181,0.017903873696923256,-0.36107921600341797,-0.4274876117706299,0.01287736278027296,-0.1392562985420227,-0.46827250719070435,0.03257748857140541,-0.27740293741226196,-0.609439492225647,0.010241269133985043,-0.35544899106025696,-0.7178785800933838,-0.01050923764705658,-0.4066418409347534,-0.8194445967674255,-0.02743847295641899,-0.12186843156814575,-0.4891330897808075,-0.0027999193407595158,-0.27569830417633057,-0.6601420640945435,-0.028352180495858192,-0.3603590428829193,-0.7778416872024536,-0.05304127186536789,-0.41349801421165466,-0.8934023380279541,-0.07204894721508026,-0.1389521211385727,-0.46384742856025696,-0.041627611964941025,-0.2919565737247467,-0.6416478157043457,-0.07707107067108154,-0.38099026679992676,-0.7695744633674622,-0.10096408426761627,-0.4333687126636505,-0.8936977982521057,-0.11617089807987213,-0.19624044001102448,-0.39987969398498535,-0.07921689003705978,-0.32288774847984314,-0.5501452684402466,-0.10967481881380081,-0.39394646883010864,-0.6452070474624634,-0.12180793285369873,-0.4406142830848694,-0.7409638166427612,-0.13025929033756256,SLEEP
0.0,0.0,0.0,0.17452605068683624,-0.06295319646596909,0.04955844581127167,0.25485172867774963,-0.2249646931886673,0.08132556825876236,0.3035775423049927,-0.3154180347919464,0.09070815145969391,0.3596998453140259,-0.37206903100013733,0.09849026799201965,0.24806930124759674,-0.44046586751937866,0.11595244705677032,0.3427189588546753,-0.5818650722503662,0.1048487201333046,0.4119132161140442,-0.7005054354667664,0.07872101664543152,0.45986121892929077,-0.8071036338806152,0.05447900667786598,0.2262672632932663,-0.4614439606666565,0.05971796065568924,0.33787256479263306,-0.6270003914833069,0.04585878551006317,0.4089319705963135,-0.7608550190925598,0.013085681945085526,0.4632270932197571,-0.8861271739006042,-0.014116804115474224,0.20400677621364594,-0.46251317858695984,-0.003172734985128045,0.32667213678359985,-0.6300433278083801,-0.02394239231944084,0.4017771780490875,-0.7554506063461304,-0.05363437160849571,0.4562481939792633,-0.8693454265594482,-0.07642817497253418,0.1885034739971161,-0.4447389841079712,-0.06581298261880875,0.3008767366409302,-0.5707605481147766,-0.08679649978876114,0.37070876359939575,-0.6626896262168884,-0.10199952870607376,0.4285511076450348,-0.7488924264907837,-0.11558983474969864,0.0,0.0,0.0,-0.1720464676618576,-0.0595158115029335,0.031983472406864166,-0.24396099150180817,-0.2064308524131775,0.04101118817925453,-0.29254844784736633,-0.32019856572151184,0.03858565166592598,-0.3389889597892761,-0.4117947816848755,0.034043021500110626,-0.1441708356142044,-0.471153199672699,0.042605046182870865,-0.2829916477203369,-0.6184276938438416,0.02573588117957115,-0.36198166012763977,-0.7266334295272827,0.008721274323761463,-0.41485774517059326,-0.829565167427063,-0.006656271405518055,-0.12760791182518005,-0.49421730637550354,0.0013211239129304886,-0.28758496046066284,-0.6716384887695312,-0.017640121281147003,-0.3709881007671356,-0.7859552502632141,-0.038503002375364304,-0.42240169644355774,-0.8961399793624878,-0.05603329464793205,-0.14658506214618683,-0.46750420331954956,-0.04211137071251869,-0.3055535554885864,-0.6477895379066467,-0.07128329575061798,-0.39334413409233093,-0.7709892988204956,-0.09324714541435242,-0.446767657995224,-0.887942910194397,-0.10934340953826904,-0.20751270651817322,-0.403186559677124,-0.08329293131828308,-0.3393252193927765,-0.5435633659362793,-0.1109953373670578,-0.410209983587265,-0.6288783550262451,-0.12236280739307404,-0.4580744504928589,-0.7180495262145996,-0.1312301605939865,SLEEP
0.0,0.0,0.0,0.17529729008674622,-0.06140008196234703,0.0450078584253788,0.2556292414665222,-0.22161124646663666,0.07472024112939835,0.30541110038757324,-0.3139532208442688,0.08264786005020142,0.36558374762535095,-0.36967238783836365,0.08926793932914734,0.25530770421028137,-0.4339756667613983,0.11394502967596054,0.3546297550201416,-0.5728429555892944,0.10165224224328995,0.42476886510849,-0.689084529876709,0.07427725195884705,0.4737473130226135,-0.7943936586380005,0.04916977137327194,0.23244339227676392,-0.4554890990257263,0.06012948229908943,0.34263724088668823,-0.6216834783554077,0.04400041326880455,0.41336801648139954,-0.756075918674469,0.010129647329449654,0.46838387846946716,-0.8833518624305725,-0.017494134604930878,0.20948253571987152,-0.457802951335907,-0.0009638238116167486,0.32956308126449585,-0.6290964484214783,-0.02466168813407421,0.404831200838089,-0.7552753686904907,-0.055748794227838516,0.4593752920627594,-0.870305597782135,-0.07875526696443558,0.1928592175245285,-0.4413717985153198,-0.06207139790058136,0.3055935502052307,-0.5673006772994995,-0.0850847139954567,0.3749566078186035,-0.6585429310798645,-0.10133347660303116,0.43084314465522766,-0.7446014881134033,-0.11530409753322601,0.0,0.0,0.0,-0.19108198583126068,-0.06367769837379456,0.03716597706079483,-0.26089051365852356,-0.21768371760845184,0.04960070550441742,-0.3070535957813263,-0.3309765160083771,0.048175666481256485,-0.35373932123184204,-0.4243506193161011,0.0445108637213707,-0.14834792912006378,-0.47725751996040344,0.05966606363654137,-0.27807965874671936,-0.61210036277771,0.04784248769283295,-0.35200613737106323,-0.7095082998275757,0.031824417412281036,-0.4025239646434784,-0.8073904514312744,0.01649327576160431,-0.1257888525724411,-0.5035480856895447,0.015302225947380066,-0.28103768825531006,-0.6749856472015381,-0.00154905766248703,-0.3644193708896637,-0.7908311486244202,-0.021563580259680748,-0.4168609082698822,-0.9031168222427368,-0.03844744339585304,-0.13879258930683136,-0.47557350993156433,-0.03202897310256958,-0.30077990889549255,-0.648543119430542,-0.05952230840921402,-0.3906591534614563,-0.7719519138336182,-0.07812952250242233,-0.4450773298740387,-0.8908106088638306,-0.09144774824380875,-0.19838792085647583,-0.40891051292419434,-0.07737648487091064,-0.33555617928504944,-0.5442245602607727,-0.10096791386604309,-0.4094736576080322,-0.6333149075508118,-0.1090172529220581,-0.4581979513168335,-0.7281137704849243,-0.1160794049501419,SLEEP
0.0,0.0,0.0,0.17351408302783966,-0.058566488325595856,0.04830203205347061,0.24935737252235413,-0.21180398762226105,0.07350721955299377,0.29918962717056274,-0.2996639907360077,0.0770878717303276,0.3659155070781708,-0.35280779004096985,0.0779498890042305,0.23642082512378693,-0.44061365723609924,0.09537914395332336,0.33689597249031067,-0.581034779548645,0.0764290988445282,0.4120561182498932,-0.701896071434021,0.04625163972377777,0.46636587381362915,-0.8109146952629089,0.019535161554813385,0.21307025849819183,-0.45877817273139954,0.03874007239937782,0.3316875100135803,-0.6230634450912476,0.01703067123889923,0.4087350070476532,-0.756087064743042,-0.018518507480621338,0.46887582540512085,-0.8820126056671143,-0.04700206592679024,0.19438819587230682,-0.44898754358291626,-0.02285759150981903,0.32627564668655396,-0.6148344278335571,-0.05012982711195946,0.40826988220214844,-0.7388863563537598,-0.08188671618700027,0.46849367022514343,-0.8520833849906921,-0.10504346340894699,0.18637493252754211,-0.41304388642311096,-0.08342789858579636,0.30732297897338867,-0.5304393768310547,-0.10939687490463257,0.38110512495040894,-0.6207709312438965,-0.12668757140636444,0.4407329559326172,-0.7063570022583008,-0.1407693773508072,0.0,0.0,0.0,-0.17661407589912415,-0.054121050983667374,0.04866117238998413,-0.241044819355011,-0.2035837322473526,0.06452082842588425,-0.286712646484375,-0.31573960185050964,0.06529199331998825,-0.32742244005203247,-0.40782520174980164,0.06239095702767372,-0.11896306276321411,-0.47866106033325195,0.059575363993644714,-0.2569598853588104,-0.6107478141784668,0.04927369952201843,-0.33481618762016296,-0.6963706612586975,0.03496573492884636,-0.385614812374115,-0.7791451215744019,0.020533772185444832,-0.1052979901432991,-0.5027653574943542,0.010150443762540817,-0.259189635515213,-0.68752121925354,-0.0069818319752812386,-0.34245747327804565,-0.8071486949920654,-0.02745731547474861,-0.3943386971950531,-0.9150193929672241,-0.04448569938540459,-0.12548358738422394,-0.47079023718833923,-0.04000478237867355,-0.2794691324234009,-0.6619018316268921,-0.06992607563734055,-0.3656521141529083,-0.7876932621002197,-0.0917801782488823,-0.4176810681819916,-0.9022462368011475,-0.1072109043598175,-0.18898256123065948,-0.3967343866825104,-0.08610519766807556,-0.3186388611793518,-0.5396202206611633,-0.11399678885936737,-0.38972923159599304,-0.6274176239967346,-0.12523435056209564,-0.43658483028411865,-0.716885507106781,-0.13403013348579407,SLEEP
0.0,0.0,0.0,0.18234838545322418,-0.06602947413921356,0.06018832325935364,0.25955072045326233,-0.2166294902563095,0.09062796831130981,0.3075934052467346,-0.30521175265312195,0.09691254794597626,0.3731885254383087,-0.3551028370857239,0.09979262202978134,0.251045286655426,-0.44446852803230286,0.11347071826457977,0.3516332805156708,-0.580858588218689,0.10144049674272537,0.42190781235694885,-0.6976032257080078,0.07478343695402145,0.4731731712818146,-0.80254727602005,0.04945269599556923,0.227543443441391,-0.4634188711643219,0.05105096101760864,0.34349122643470764,-0.6263799667358398,0.035049788653850555,0.41632145643234253,-0.7595058679580688,0.001606201520189643,0.4718734920024872,-0.8812699913978577,-0.026432344689965248,0.20532630383968353,-0.4532552659511566,-0.015998899936676025,0.3366233706474304,-0.6200059056282043,-0.037977516651153564,0.41431817412376404,-0.7432875633239746,-0.06718193739652634,0.4702599346637726,-0.8552332520484924,-0.09035000205039978,0.1931014508008957,-0.41477838158607483,-0.08129675686359406,0.316569447517395,-0.5339446067810059,-0.1031472235918045,0.38900262117385864,-0.6223039627075195,-0.1180117055773735,0.4473485052585602,-0.7070335149765015,-0.1315401792526245,0.0,0.0,0.0,-0.17894574999809265,-0.06597474217414856,0.04827768728137016,-0.2475723773241043,-0.21746689081192017,0.065361887216568,-0.3004552125930786,-0.3321106433868408,0.06650089472532272,-0.3531383275985718,-0.42331814765930176,0.06360840052366257,-0.12671203911304474,-0.4861590564250946,0.06676103174686432,-0.2611405551433563,-0.6202724575996399,0.058578457683324814,-0.33719855546951294,-0.710080087184906,0.04384778067469597,-0.38957393169403076,-0.7996261119842529,0.028459245339035988,-0.11190515011548996,-0.5081256628036499,0.01850755698978901,-0.26682960987091064,-0.6911996603012085,0.004423628095537424,-0.34886398911476135,-0.8083754777908325,-0.014951527118682861,-0.39955323934555054,-0.9161518812179565,-0.031983353197574615,-0.1300477534532547,-0.4747178852558136,-0.031098369508981705,-0.2870931327342987,-0.6679911613464355,-0.0577380508184433,-0.37102383375167847,-0.7897166609764099,-0.07675372809171677,-0.4207521975040436,-0.8986256122589111,-0.09067163616418839,-0.19294488430023193,-0.401667058467865,-0.07731951773166656,-0.32059338688850403,-0.5509510636329651,-0.10297030210494995,-0.38946732878685,-0.644172191619873,-0.11341909319162369,-0.4342530369758606,-0.7381469011306763,-0.12197733670473099,SLEEP
0.0,0.0,0.0,0.18510441482067108,-0.06770726293325424,0.05335519462823868,0.26071619987487793,-0.22121362388134003,0.08018886297941208,0.30712953209877014,-0.30728980898857117,0.08413513749837875,0.3716209828853607,-0.3621847331523895,0.08509378880262375,0.2552644908428192,-0.45212462544441223,0.10546891391277313,0.35525786876678467,-0.5870862603187561,0.08992555737495422,0.42483416199684143,-0.7016757726669312,0.060961611568927765,0.4744836986064911,-0.8056106567382812,0.03421039879322052,0.23039765655994415,-0.46990731358528137,0.045862626284360886,0.3481578826904297,-0.6288087368011475,0.026063762605190277,0.4207528233528137,-0.7586162090301514,-0.010106919333338737,0.4755641520023346,-0.8787747025489807,-0.03991975262761116,0.20700056850910187,-0.4579732418060303,-0.018909385427832603,0.3390500545501709,-0.6189401149749756,-0.045125562697649,0.41598859429359436,-0.7412835359573364,-0.07740572094917297,0.47136273980140686,-0.8527352809906006,-0.1019245982170105,0.1927495300769806,-0.4167978763580322,-0.0822526291012764,0.3166949152946472,-0.5302218198776245,-0.10724849998950958,0.38911718130111694,-0.6202626824378967,-0.1246686801314354,0.44746848940849304,-0.7074539661407471,-0.13957476615905762,0.0,0.0,0.0,-0.1876608431339264,-0.06460253894329071,0.05469079315662384,-0.25165751576423645,-0.20888562500476837,0.07312611490488052,-0.2985441982746124,-0.32171276211738586,0.0727243423461914,-0.34686344861984253,-0.41410553455352783,0.06777973473072052,-0.13905514776706696,-0.48568078875541687,0.0824853926897049,-0.2693823277950287,-0.6132972836494446,0.07921779155731201,-0.3424864709377289,-0.6879212856292725,0.06544199585914612,-0.3915692865848541,-0.7656463384628296,0.05041318014264107,-0.12481998652219772,-0.5091784596443176,0.030365098267793655,-0.2784655690193176,-0.6904311180114746,0.021101975813508034,-0.36071881651878357,-0.8063498139381409,0.0017641325248405337,-0.40992099046707153,-0.9119786620140076,-0.016117623075842857,-0.14074550569057465,-0.4733458161354065,-0.02357417903840542,-0.2959233820438385,-0.6616493463516235,-0.0451081357896328,-0.379037082195282,-0.7820583581924438,-0.06380531191825867,-0.4268154799938202,-0.8894658088684082,-0.07896418124437332,-0.19975976645946503,-0.39838582277297974,-0.07409004867076874,-0.32448434829711914,-0.5446470975875854,-0.09473047405481339,-0.3936145007610321,-0.6357167363166809,-0.10385266691446304,-0.44032350182533264,-0.7269265055656433,-0.11282370984554291,SLEEP
0.0,0.0,0.0,0.19246813654899597,-0.064120814204216,0.0635363757610321,0.2701723873615265,-0.21385709941387177,0.09095937758684158,0.32083648443222046,-0.2984846234321594,0.09369633346796036,0.38777339458465576,-0.3435051143169403,0.09305855631828308,0.23512369394302368,-0.4557003080844879,0.10303264111280441,0.34907954931259155,-0.5784119963645935,0.08587142080068588,0.426652193069458,-0.6860537528991699,0.05725398659706116,0.48306432366371155,-0.7849063277244568,0.030683355405926704,0.21143163740634918,-0.4716234505176544,0.038005318492650986,0.34833914041519165,-0.6247215867042542,0.015070212073624134,0.4288204610347748,-0.7517184019088745,-0.021053655073046684,0.48905202746391296,-0.8708295226097107,-0.04984100162982941,0.19771911203861237,-0.451020747423172,-0.03015108034014702,0.3453996181488037,-0.6102578043937683,-0.056334804743528366,0.42725515365600586,-0.7321535348892212,-0.08742643892765045,0.4839681386947632,-0.8458890318870544,-0.11088857054710388,0.20160362124443054,-0.39833495020866394,-0.0959291160106659,0.33201760053634644,-0.5098253488540649,-0.11877626180648804,0.4035691022872925,-0.602729856967926,-0.13508056104183197,0.45827406644821167,-0.694599986076355,-0.14921340346336365,0.0,0.0,0.0,-0.19156987965106964,-0.054603513330221176,0.0430290549993515,-0.24633686244487762,-0.19467534124851227,0.05358180031180382,-0.2908254861831665,-0.2921309769153595,0.04852805286645889,-0.3382937014102936,-0.3813583552837372,0.041442275047302246,-0.1467541605234146,-0.4859437942504883,0.06440720707178116,-0.2599385678768158,-0.6119704842567444,0.051633648574352264,-0.31745445728302,-0.6667298674583435,0.03180985525250435,-0.34630918502807617,-0.722739577293396,0.01469611655920744,-0.13634249567985535,-0.5094643235206604,0.017923550680279732,-0.28668808937072754,-0.6873723268508911,0.0035883549135178328,-0.36472976207733154,-0.8022900819778442,-0.019608894363045692,-0.4106137752532959,-0.9108552932739258,-0.04170167073607445,-0.15211822092533112,-0.473542720079422,-0.031127220019698143,-0.31136566400527954,-0.6574813723564148,-0.05656541883945465,-0.3970867097377777,-0.7655209302902222,-0.07781773060560226,-0.44533079862594604,-0.8632264733314514,-0.09520481526851654,-0.20916137099266052,-0.3977542221546173,-0.07743048667907715,-0.33681923151016235,-0.5407683849334717,-0.10412585735321045,-0.4052724540233612,-0.6324397325515747,-0.11873156577348709,-0.4494406580924988,-0.7246654033660889,-0.13176962733268738,SLEEP
0.0,0.0,0.0,0.19864554703235626,-0.06859955191612244,0.05606767162680626,0.27665621042251587,-0.21284885704517365,0.0802045613527298,0.3264787495136261,-0.297197550535202,0.08143164962530136,0.38983622193336487,-0.35361504554748535,0.0800645649433136,0.23630735278129578,-0.4582018256187439,0.09423979371786118,0.34909358620643616,-0.5900821685791016,0.07441647350788116,0.4254243075847626,-0.7051572203636169,0.04477047547698021,0.48053571581840515,-0.8097004890441895,0.017999498173594475,0.21237362921237946,-0.4714393615722656,0.03386220708489418,0.3508208394050598,-0.6280010938644409,0.009332760237157345,0.43285658955574036,-0.7521044015884399,-0.02589005045592785,0.4943499267101288,-0.8676103353500366,-0.053576789796352386,0.20145687460899353,-0.4465521574020386,-0.030027566477656364,0.3494938910007477,-0.6046863794326782,-0.05801225081086159,0.43139123916625977,-0.7241121530532837,-0.08735065907239914,0.4877665042877197,-0.8344365358352661,-0.10859426856040955,0.21000957489013672,-0.38957691192626953,-0.09214846044778824,0.3368097245693207,-0.5032399892807007,-0.11587052792310715,0.40598374605178833,-0.5961165428161621,-0.13118895888328552,0.4590606391429901,-0.6860685348510742,-0.1436968445777893,0.0,0.0,0.0,-0.19913341104984283,-0.07752498984336853,0.07125509530305862,-0.25516653060913086,-0.20676524937152863,0.08972722291946411,-0.29692724347114563,-0.29254889488220215,0.0844351127743721,-0.3341602385044098,-0.3790924847126007,0.0797714963555336,-0.14598479866981506,-0.4928172528743744,0.09911736100912094,-0.2499464899301529,-0.6245460510253906,0.09342633932828903,-0.2959125339984894,-0.6628884077072144,0.0785006657242775,-0.3134519159793854,-0.6996302008628845,0.06511012464761734,-0.1361958533525467,-0.513346254825592,0.03938983380794525,-0.28949639201164246,-0.6874788403511047,0.02738324925303459,-0.3725317120552063,-0.8034436106681824,0.004291837569326162,-0.42284712195396423,-0.90598064661026,-0.019983410835266113,-0.1520252525806427,-0.47125622630119324,-0.02118663489818573,-0.33902454376220703,-0.6158289909362793,-0.0422617644071579,-0.42925214767456055,-0.607115626335144,-0.04272882640361786,-0.47432562708854675,-0.6009229421615601,-0.04400946572422981,-0.20469292998313904,-0.3927106261253357,-0.07820165902376175,-0.33642399311065674,-0.5510714054107666,-0.10180717706680298,-0.408950537443161,-0.629144012928009,-0.10513173043727875,-0.4646188020706177,-0.7017014026641846,-0.10993083566427231,SLEEP
0.0,0.0,0.0,0.19969676434993744,-0.06889823824167252,0.05361611768603325,0.27802038192749023,-0.21304430067539215,0.07485984265804291,0.3280293345451355,-0.30121228098869324,0.07351508736610413,0.3916020393371582,-0.35968878865242004,0.07014884799718857,0.23031926155090332,-0.46217620372772217,0.09021839499473572,0.3480165898799896,-0.594597339630127,0.06886444985866547,0.42635926604270935,-0.7065963745117188,0.03834690526127815,0.48363927006721497,-0.8076202273368835,0.011564182117581367,0.20685707032680511,-0.4737209677696228,0.031131934374570847,0.3515566885471344,-0.6322867274284363,0.0052127237431705,0.4354444742202759,-0.7539411783218384,-0.029877377673983574,0.49801602959632874,-0.8652960062026978,-0.056946296244859695,0.19831085205078125,-0.44659534096717834,-0.03152947127819061,0.3519008457660675,-0.605557382106781,-0.0594107061624527,0.4352613389492035,-0.7242497205734253,-0.08824092149734497,0.49191585183143616,-0.8319361209869385,-0.10900475829839706,0.2099234014749527,-0.3884361684322357,-0.09266255050897598,0.33942556381225586,-0.5011773109436035,-0.11457560956478119,0.4093787670135498,-0.5941997170448303,-0.12878283858299255,0.46334367990493774,-0.6834798455238342,-0.1405624896287918,0.0,0.0,0.0,-0.20400206744670868,-0.06483122706413269,0.06693791598081589,-0.26124292612075806,-0.2022252082824707,0.08722630888223648,-0.3031776249408722,-0.29213520884513855,0.08824589103460312,-0.3399495482444763,-0.37881746888160706,0.08545270562171936,-0.1584153026342392,-0.5029080510139465,0.07599801570177078,-0.2849322557449341,-0.6472899317741394,0.06986343115568161,-0.35244372487068176,-0.7148813605308533,0.05747620388865471,-0.38908395171165466,-0.7818521857261658,0.043612536042928696,-0.14202526211738586,-0.5231809616088867,0.020994732156395912,-0.31448253989219666,-0.693000853061676,0.010790189728140831,-0.3955549895763397,-0.7983688116073608,-0.0055032032541930676,-0.4383969306945801,-0.8950708508491516,-0.024442698806524277,-0.1556876003742218,-0.4799325466156006,-0.03447923809289932,-0.33274975419044495,-0.6729265451431274,-0.05948007106781006,-0.4208794832229614,-0.7816678285598755,-0.07701833546161652,-0.4695810377597809,-0.8779180645942688,-0.09355994313955307,-0.21309038996696472,-0.3955257833003998,-0.08437816053628922,-0.3406723439693451,-0.5447903275489807,-0.12123991549015045,-0.4130036234855652,-0.6381546854972839,-0.1419018656015396,-0.46516185998916626,-0.7303751111030579,-0.1590494066476822,SLEEP
0.0,0.0,0.0,0.20449239015579224,-0.07863550633192062,0.05470718443393707,0.2824881076812744,-0.22263555228710175,0.07543545961380005,0.337233304977417,-0.3098653554916382,0.07318602502346039,0.4055865406990051,-0.3722793161869049,0.06843699514865875,0.23491808772087097,-0.4647921025753021,0.09349460899829865,0.35346531867980957,-0.5911679863929749,0.07170655578374863,0.4343143105506897,-0.6985694766044617,0.038248900324106216,0.4947766363620758,-0.797599732875824,0.009021379984915257,0.21232786774635315,-0.47610220313072205,0.03356745466589928,0.3551315367221832,-0.6319257616996765,0.010357141494750977,0.4379589259624481,-0.7529129981994629,-0.02510960027575493,0.4998387396335602,-0.8644523620605469,-0.05369730666279793,0.20205508172512054,-0.44590815901756287,-0.030046405270695686,0.3540765941143036,-0.6048177480697632,-0.05645723268389702,0.43665337562561035,-0.7214584350585938,-0.083897665143013,0.4923902451992035,-0.8266744017601013,-0.10462161898612976,0.21022431552410126,-0.38310107588768005,-0.09219282120466232,0.3391411602497101,-0.48914769291877747,-0.11318810284137726,0.40943726897239685,-0.5770139694213867,-0.12483585625886917,0.463346928358078,-0.6611375212669373,-0.135152205824852,0.0,0.0,0.0,-0.20159274339675903,-0.06342098116874695,0.06908390671014786,-0.263032466173172,-0.20233769714832306,0.09323224425315857,-0.3158887028694153,-0.29736748337745667,0.09913643449544907,-0.3650233745574951,-0.3828679323196411,0.1008208692073822,-0.1593397855758667,-0.4882647693157196,0.07796003669500351,-0.2840585708618164,-0.629075825214386,0.07661258429288864,-0.3509412407875061,-0.6970716714859009,0.06895275413990021,-0.389870285987854,-0.7699731588363647,0.05770430341362953,-0.14101223647594452,-0.5087740421295166,0.02330242469906807,-0.3069891333580017,-0.6716838479042053,0.015197918750345707,-0.3859134614467621,-0.771367073059082,0.0028925351798534393,-0.4270605146884918,-0.8659864068031311,-0.011693721637129784,-0.15256169438362122,-0.4655504822731018,-0.03137841820716858,-0.3191423714160919,-0.6559330821037292,-0.055029381066560745,-0.40218135714530945,-0.7778077721595764,-0.07098354399204254,-0.4476659893989563,-0.8900457620620728,-0.08610253781080246,-0.2082003504037857,-0.38079574704170227,-0.08004898577928543,-0.3305763006210327,-0.5248634815216064,-0.11501824110746384,-0.40080535411834717,-0.618035078048706,-0.1335735321044922,-0.4498136639595032,-0.7136774063110352,-0.1491142064332962,SLEEP
0.0,0.0,0.0,0.19030849635601044,-0.07205504924058914,0.05640416219830513,0.2722840905189514,-0.2205316722393036,0.07801239937543869,0.326325386762619,-0.30660325288772583,0.07639522850513458,0.39428725838661194,-0.35141754150390625,0.07140317559242249,0.23994266986846924,-0.46074172854423523,0.09344183653593063,0.3572797477245331,-0.585692822933197,0.07546956092119217,0.4339785575866699,-0.6921442747116089,0.04573154076933861,0.4894610047340393,-0.7909684181213379,0.018407151103019714,0.21678487956523895,-0.4747670292854309,0.03143930062651634,0.35500359535217285,-0.6300824284553528,0.011504287831485271,0.43622899055480957,-0.7524629831314087,-0.022711213678121567,0.4966573119163513,-0.8664405345916748,-0.05111073702573776,0.20285926759243011,-0.45090451836586,-0.0339997299015522,0.3496626317501068,-0.6104018092155457,-0.05670926719903946,0.43022629618644714,-0.7278104424476624,-0.08448580652475357,0.48601090908050537,-0.8355337977409363,-0.107259102165699,0.20373035967350006,-0.39502325654029846,-0.09787427634000778,0.32811909914016724,-0.506984531879425,-0.11759691685438156,0.39708036184310913,-0.5968509316444397,-0.13052888214588165,0.4513663351535797,-0.6830583810806274,-0.14298506081104279,0.0,0.0,0.0,-0.19385649263858795,-0.05671711638569832,0.06675466150045395,-0.2470892071723938,-0.18107019364833832,0.08312155306339264,-0.28874731063842773,-0.26380908489227295,0.07984621077775955,-0.3327765464782715,-0.34603625535964966,0.07086489349603653,-0.1545061320066452,-0.47168323397636414,0.07044879347085953,-0.28056737780570984,-0.6168625950813293,0.061689868569374084,-0.3478282690048218,-0.6792568564414978,0.0507969930768013,-0.37895405292510986,-0.7445403933525085,0.03905880078673363,-0.1363479197025299,-0.49445611238479614,0.012987496331334114,-0.2892504632472992,-0.6754915118217468,-0.005535884760320187,-0.3706805109977722,-0.7870027422904968,-0.026838010177016258,-0.41235512495040894,-0.8946627378463745,-0.04644538834691048,-0.14905159175395966,-0.45481133460998535,-0.043984875082969666,-0.29678353667259216,-0.6635989546775818,-0.07620199024677277,-0.38066133856773376,-0.7873655557632446,-0.10150949656963348,-0.4260975420475006,-0.8965066075325012,-0.12131252884864807,-0.20743483304977417,-0.3745131492614746,-0.09422100335359573,-0.32660573720932007,-0.5306247472763062,-0.13253255188465118,-0.39415958523750305,-0.6242145895957947,-0.15378355979919434,-0.43960824608802795,-0.7141356468200684,-0.17078299820423126,SLEEP
0.0,0.0,0.0,0.19525675475597382,-0.07297910004854202,0.05879440903663635,0.2776530981063843,-0.21825072169303894,0.08097205311059952,0.3309645354747772,-0.3034641742706299,0.07932493090629578,0.3944987654685974,-0.35410213470458984,0.07360807061195374,0.2392679750919342,-0.4587433934211731,0.09160276502370834,0.35496705770492554,-0.5876497030258179,0.07186902314424515,0.4315069317817688,-0.6957740783691406,0.041778724640607834,0.4860455393791199,-0.7962591648101807,0.01415852177888155,0.21557103097438812,-0.4707582890987396,0.02762514539062977,0.3569384515285492,-0.6286314725875854,0.004647682420909405,0.43735671043395996,-0.751481294631958,-0.030937019735574722,0.49528878927230835,-0.8666410446166992,-0.06018693372607231,0.20030440390110016,-0.4439852237701416,-0.039614900946617126,0.34872063994407654,-0.6038737297058105,-0.06586514413356781,0.42983150482177734,-0.7223991751670837,-0.09699135273694992,0.48518434166908264,-0.8324238061904907,-0.1220969408750534,0.2002023607492447,-0.38671931624412537,-0.10470830649137497,0.3244967758655548,-0.496488094329834,-0.1283281296491623,0.39402034878730774,-0.5847395658493042,-0.14463764429092407,0.44912993907928467,-0.6717292666435242,-0.159724161028862,0.0,0.0,0.0,-0.20803190767765045,-0.051664743572473526,0.052643004804849625,-0.26839137077331543,-0.18429380655288696,0.0626981258392334,-0.30852028727531433,-0.2725290358066559,0.05457879602909088,-0.34664687514305115,-0.35926276445388794,0.04083337262272835,-0.1705920696258545,-0.4769999086856842,0.06360895186662674,-0.2776423990726471,-0.6247212290763855,0.052534110844135284,-0.3388655483722687,-0.7053673267364502,0.03542022034525871,-0.37547269463539124,-0.79351806640625,0.01781233586370945,-0.15056170523166656,-0.500043511390686,0.01203546766191721,-0.3060927987098694,-0.6724517941474915,-0.0063187126070261,-0.38761961460113525,-0.7844855785369873,-0.031159114092588425,-0.43286681175231934,-0.8998152017593384,-0.054395679384469986,-0.15749391913414001,-0.46088841557502747,-0.0402103029191494,-0.31111639738082886,-0.6550775170326233,-0.07289436459541321,-0.39547136425971985,-0.7781126499176025,-0.09974236786365509,-0.44327330589294434,-0.8878638744354248,-0.12029895931482315,-0.20705388486385345,-0.3807247281074524,-0.08760940283536911,-0.3301777243614197,-0.5251189470291138,-0.11957214027643204,-0.4015538990497589,-0.6103726625442505,-0.13548308610916138,-0.45169878005981445,-0.6962053179740906,-0.14940910041332245,SLEEP
0.0,0.0,0.0,0.20366093516349792,-0.07939683645963669,0.056548383086919785,0.2838791608810425,-0.22968342900276184,0.07769154757261276,0.3358798027038574,-0.3124949634075165,0.07534345984458923,0.4011569321155548,-0.36859530210494995,0.06999742239713669,0.24115291237831116,-0.4660724997520447,0.09244213253259659,0.358286052942276,-0.5916696190834045,0.0709429681301117,0.4363798201084137,-0.6979669332504272,0.03849363699555397,0.4926418364048004,-0.7965250611305237,0.009631935507059097,0.21719738841056824,-0.4748992621898651,0.03015955351293087,0.35852742195129395,-0.6287387609481812,0.006739758886396885,0.4388570189476013,-0.749998927116394,-0.02910710871219635,0.49845612049102783,-0.8649344444274902,-0.05856575444340706,0.2037501484155655,-0.44537317752838135,-0.035891853272914886,0.35269787907600403,-0.6042230129241943,-0.06151813268661499,0.4325985312461853,-0.722809374332428,-0.09072671830654144,0.48738688230514526,-0.8324136734008789,-0.11399362236261368,0.20676696300506592,-0.38486021757125854,-0.10038067400455475,0.3301383852958679,-0.4939964711666107,-0.12173786014318466,0.39881619811058044,-0.5850164890289307,-0.13592694699764252,0.4537144899368286,-0.6736863851547241,-0.14919565618038177,0.0,0.0,0.0,-0.20617736876010895,-0.05055230110883713,0.06013771519064903,-0.2666527330875397,-0.18111927807331085,0.07422998547554016,-0.3053082823753357,-0.268328994512558,0.06769942492246628,-0.34504812955856323,-0.35072681307792664,0.05448094755411148,-0.17398977279663086,-0.4720979332923889,0.07177897542715073,-0.2952660322189331,-0.6163331270217896,0.06371991336345673,-0.3596169054508209,-0.7125893235206604,0.049918875098228455,-0.40396663546562195,-0.8155055046081543,0.034243978559970856,-0.15240730345249176,-0.4945891499519348,0.015043049119412899,-0.3042677342891693,-0.6703101992607117,-0.003010401502251625,-0.38031241297721863,-0.7880499362945557,-0.026954416185617447,-0.4234278202056885,-0.9046476483345032,-0.048182565718889236,-0.16046251356601715,-0.45625588297843933,-0.04182767495512962,-0.31596237421035767,-0.6469405889511108,-0.0728054791688919,-0.4006185531616211,-0.7672171592712402,-0.09660934656858444,-0.4496588110923767,-0.8766542077064514,-0.11436335742473602,-0.21180592477321625,-0.3749265670776367,-0.09380411356687546,-0.33169493079185486,-0.5299615263938904,-0.1252763718366623,-0.3997938930988312,-0.620433509349823,-0.13995219767093658,-0.44910871982574463,-0.7090549468994141,-0.15230320394039154,SLEEP
0.0,0.0,0.0,0.1953601986169815,-0.082940973341465,0.079197958111763,0.27498292922973633,-0.23066094517707825,0.11295223236083984,0.3277357816696167,-0.3148016929626465,0.11903852224349976,0.38954588770866394,-0.3554210364818573,0.12043353915214539,0.241938516497612,-0.463154673576355,0.12016797065734863,0.3570980727672577,-0.5909355878829956,0.1105935201048851,0.4299934506416321,-0.6965476274490356,0.08685102313756943,0.48123326897621155,-0.7961831092834473,0.06247207894921303,0.22009745240211487,-0.47544336318969727,0.04746680706739426,0.35828742384910583,-0.6319407224655151,0.033336084336042404,0.4359026253223419,-0.7543821930885315,0.0016343829920515418,0.49202096462249756,-0.8701881170272827,-0.026230698451399803,0.20490385591983795,-0.45305392146110535,-0.027754241600632668,0.35020726919174194,-0.615998387336731,-0.04651103913784027,0.42743241786956787,-0.7339600324630737,-0.073860302567482,0.4806523025035858,-0.8454412817955017,-0.09828875213861465,0.20353053510189056,-0.40231025218963623,-0.09960043430328369,0.32445934414863586,-0.5197525024414062,-0.12021899968385696,0.39175644516944885,-0.6110551357269287,-0.13574548065662384,0.4460863471031189,-0.7004494667053223,-0.1513175368309021,0.0,0.0,0.0,-0.1935855895280838,-0.05915620177984238,0.09520087391138077,-0.25601235032081604,-0.18972048163414001,0.1297324001789093,-0.30649182200431824,-0.27918145060539246,0.13672897219657898,-0.3581809401512146,-0.36255693435668945,0.1366378515958786,-0.16250206530094147,-0.4801540970802307,0.12107649445533752,-0.2829534709453583,-0.6325889825820923,0.1323702186346054,-0.348042368888855,-0.728340744972229,0.1330949366092682,-0.3915374279022217,-0.8268093466758728,0.1264296919107437,-0.14233237504959106,-0.5061691403388977,0.04863862320780754,-0.29200026392936707,-0.6860039830207825,0.0447639524936676,-0.37312543392181396,-0.802499532699585,0.02953995391726494,-0.4182998538017273,-0.9081866145133972,0.014910385012626648,-0.1515636295080185,-0.46850043535232544,-0.02259451150894165,-0.307620644569397,-0.6629219055175781,-0.04309799149632454,-0.39498069882392883,-0.7814546227455139,-0.059205807745456696,-0.4477793276309967,-0.8884084224700928,-0.07282547652721405,-0.20465245842933655,-0.3827226758003235,-0.08637204766273499,-0.32986390590667725,-0.5379786491394043,-0.11504847556352615,-0.3985762596130371,-0.6307430863380432,-0.1274328976869583,-0.44851428270339966,-0.7218371033668518,-0.13789933919906616,SLEEP
0.0,0.0,0.0,0.19515393674373627,-0.09015010297298431,0.08792780339717865,0.2731069028377533,-0.23035266995429993,0.12637284398078918,0.3257686197757721,-0.31380319595336914,0.13559669256210327,0.38789331912994385,-0.3596048951148987,0.14012360572814941,0.23965376615524292,-0.46195167303085327,0.1313459724187851,0.35320979356765747,-0.5905556678771973,0.12365765869617462,0.4260789453983307,-0.699066698551178,0.10161449760198593,0.47767919301986694,-0.8003209233283997,0.07828820496797562,0.21736450493335724,-0.4765985310077667,0.05500869080424309,0.3548915386199951,-0.6360146999359131,0.03878207132220268,0.43155205249786377,-0.7599650025367737,0.008537918329238892,0.4859740138053894,-0.8738031983375549,-0.017242128029465675,0.20205219089984894,-0.4543543756008148,-0.023919396102428436,0.35003405809402466,-0.616761326789856,-0.0452171228826046,0.4279648959636688,-0.7352270483970642,-0.07164206355810165,0.48051974177360535,-0.8470664024353027,-0.09441827237606049,0.20324480533599854,-0.4026223123073578,-0.09869355708360672,0.3315157890319824,-0.5160311460494995,-0.12241771817207336,0.39997398853302,-0.6072729825973511,-0.13920404016971588,0.4536936283111572,-0.6989679932594299,-0.1551409661769867,0.0,0.0,0.0,-0.20916450023651123,-0.041663557291030884,0.0784483477473259,-0.26709213852882385,-0.17090275883674622,0.10023154318332672,-0.30620434880256653,-0.2558876574039459,0.09820086508989334,-0.34444645047187805,-0.3409445285797119,0.08938557654619217,-0.17829707264900208,-0.46910393238067627,0.0943719744682312,-0.28231099247932434,-0.6177608966827393,0.09510941803455353,-0.33812710642814636,-0.698361873626709,0.08649300038814545,-0.37066954374313354,-0.7869237065315247,0.0741952657699585,-0.15828971564769745,-0.49661561846733093,0.030231114476919174,-0.31764400005340576,-0.6698977947235107,0.022722098976373672,-0.3999435305595398,-0.7853008508682251,0.006102119572460651,-0.44257956743240356,-0.8954108953475952,-0.011250880546867847,-0.16321156919002533,-0.4598047435283661,-0.03366512805223465,-0.3247067332267761,-0.6518122553825378,-0.05652352049946785,-0.4086587131023407,-0.7753106951713562,-0.07569346576929092,-0.4551936686038971,-0.8856046795845032,-0.09221173077821732,-0.20849959552288055,-0.37974274158477783,-0.0912216454744339,-0.33732685446739197,-0.5212001204490662,-0.11700548231601715,-0.4084368646144867,-0.6042800545692444,-0.12780062854290009,-0.4586966633796692,-0.6870338320732117,-0.1383819878101349,SLEEP
0.0,0.0,0.0,0.1979200541973114,-0.09440328180789948,0.10283812880516052,0.277011901140213,-0.2301456332206726,0.14662162959575653,0.3308629095554352,-0.31098413467407227,0.1577553004026413,0.3946084976196289,-0.3543470501899719,0.16286449134349823,0.2454753816127777,-0.4617597162723541,0.1452784389257431,0.3593091070652008,-0.5887126326560974,0.1403844654560089,0.4318831264972687,-0.6938397288322449,0.1196618527173996,0.48614877462387085,-0.7918732166290283,0.0962580069899559,0.222602978348732,-0.4750747084617615,0.06014556065201759,0.35887476801872253,-0.6374600529670715,0.04493255913257599,0.4358047842979431,-0.75984126329422,0.01447185967117548,0.4924355149269104,-0.8702667355537415,-0.011964992620050907,0.20531690120697021,-0.45018112659454346,-0.02682877704501152,0.35188111662864685,-0.6198021173477173,-0.04789835214614868,0.4294375479221344,-0.7368214726448059,-0.07444586604833603,0.4828132092952728,-0.8488017320632935,-0.09817208349704742,0.20549769699573517,-0.3951629400253296,-0.10827655345201492,0.33351409435272217,-0.5105525851249695,-0.1326507180929184,0.4017099440097809,-0.599485456943512,-0.1496083289384842,0.4556892514228821,-0.6899945735931396,-0.1663949191570282,0.0,0.0,0.0,-0.19596116244792938,-0.05821606516838074,0.1165211871266365,-0.25387459993362427,-0.19146262109279633,0.16337072849273682,-0.2964361011981964,-0.27952513098716736,0.17814311385154724,-0.34283778071403503,-0.36304157972335815,0.18499858677387238,-0.1714731603860855,-0.47786396741867065,0.1541765332221985,-0.2860141694545746,-0.6281650066375732,0.17175380885601044,-0.34554171562194824,-0.7122113704681396,0.1728716939687729,-0.38211768865585327,-0.8032013773918152,0.16513437032699585,-0.1546979397535324,-0.5063341856002808,0.07393700629472733,-0.3273521661758423,-0.6641319394111633,0.08186636120080948,-0.41220957040786743,-0.7591968178749084,0.0737575888633728,-0.45138704776763916,-0.848964512348175,0.060348596423864365,-0.16350744664669037,-0.472934752702713,-0.00643547810614109,-0.33688026666641235,-0.6626198291778564,-0.019227584823966026,-0.42673707008361816,-0.7756015658378601,-0.0320286825299263,-0.4753795564174652,-0.8785387277603149,-0.04673206806182861,-0.21162594854831696,-0.3988092839717865,-0.07833360880613327,-0.3349960446357727,-0.5563511848449707,-0.1072641983628273,-0.4045959413051605,-0.647239089012146,-0.12208551913499832,-0.4554154872894287,-0.7346482872962952,-0.13607069849967957,SLEEP
0.0,0.0,0.0,0.19881819188594818,-0.09403956681489944,0.0898071825504303,0.2785392999649048,-0.23320327699184418,0.12826083600521088,0.3321778178215027,-0.31628403067588806,0.13671648502349854,0.3961334228515625,-0.3590959310531616,0.13991335034370422,0.24473105370998383,-0.4617815613746643,0.13256554305553436,0.3556099236011505,-0.5929995179176331,0.12399692088365555,0.4262738525867462,-0.7016915082931519,0.10072576999664307,0.47799503803253174,-0.8033583164215088,0.07608284801244736,0.2220975011587143,-0.4745429754257202,0.05473023280501366,0.3565532863140106,-0.6360922455787659,0.038163699209690094,0.43080657720565796,-0.7588421702384949,0.0059768944047391415,0.4858614206314087,-0.8737675547599792,-0.02165687270462513,0.2056477665901184,-0.4495961368083954,-0.025452421978116035,0.350251704454422,-0.6170400381088257,-0.04814533144235611,0.42639386653900146,-0.7341132760047913,-0.07601229101419449,0.47902917861938477,-0.8480411767959595,-0.10004922747612,0.20581147074699402,-0.39633455872535706,-0.10105649381875992,0.33125942945480347,-0.5097246766090393,-0.12618479132652283,0.39937156438827515,-0.5980651378631592,-0.14351730048656464,0.4539680480957031,-0.689349889755249,-0.160038024187088,0.0,0.0,0.0,-0.20403005182743073,-0.05612044036388397,0.08324477076530457,-0.2630552053451538,-0.19490475952625275,0.10856015235185623,-0.30597949028015137,-0.2910819351673126,0.10822444409132004,-0.35093095898628235,-0.3802986741065979,0.10088226199150085,-0.1682220697402954,-0.4760511517524719,0.1047663688659668,-0.2844630181789398,-0.6263008713722229,0.10725853592157364,-0.3466854989528656,-0.712357223033905,0.09889829158782959,-0.3855527341365814,-0.8069962859153748,0.08629266917705536,-0.14918944239616394,-0.5000665783882141,0.03677685186266899,-0.31623098254203796,-0.6710164546966553,0.03148604556918144,-0.40148451924324036,-0.7794586420059204,0.01566375605762005,-0.4439360499382019,-0.8822070956230164,-0.0014301782939583063,-0.15668758749961853,-0.46124207973480225,-0.03143880143761635,-0.32480761408805847,-0.6559025049209595,-0.052013497799634933,-0.4120214879512787,-0.7763761878013611,-0.06826264411211014,-0.45861899852752686,-0.884705126285553,-0.0834592804312706,-0.20263762772083282,-0.38056689500808716,-0.09351582080125809,-0.33009976148605347,-0.5370801687240601,-0.11900694668292999,-0.40033936500549316,-0.6229966282844543,-0.12789826095104218,-0.45057088136672974,-0.7056738138198853,-0.13721127808094025,SLEEP
