f0,f1,f2,f3,f4,f5,f6,f7,f8,f9,f10,f11,f12,f13,f14,f15,f16,f17,f18,f19,f20,f21,f22,f23,f24,f25,f26,f27,f28,f29,f30,f31,f32,f33,f34,f35,f36,f37,f38,f39,f40,f41,f42,f43,f44,f45,f46,f47,f48,f49,f50,f51,f52,f53,f54,f55,f56,f57,f58,f59,f60,f61,f62,label
0.0,0.0,0.0,0.10538224130868912,-0.1438315212726593,-0.04795689135789871,0.12042375653982162,-0.32948020100593567,-0.06321254372596741,0.028889108449220657,-0.4280685484409332,-0.08212074637413025,-0.05403755232691765,-0.4741877317428589,-0.09895700216293335,0.07619082182645798,-0.5166407823562622,-0.01576850190758705,0.07817068696022034,-0.7242643237113953,-0.05808628723025322,0.07072968780994415,-0.8585412502288818,-0.0833422914147377,0.06216965615749359,-0.9723430871963501,-0.0949767455458641,-0.011264876462519169,-0.5002503395080566,-0.026527922600507736,-0.0026877953205257654,-0.7199839353561401,-0.07984718680381775,0.000806096417363733,-0.8692155480384827,-0.11044154316186905,0.006629442796111107,-0.9928641319274902,-0.1190664991736412,-0.09254007786512375,-0.43937861919403076,-0.04527602344751358,-0.10775910317897797,-0.5298516154289246,-0.1365320235490799,-0.061703331768512726,-0.3846672773361206,-0.14792485535144806,-0.025643540546298027,-0.27075475454330444,-0.12187441438436508,-0.16646409034729004,-0.3496973514556885,-0.0666036605834961,-0.1676822006702423,-0.4331943988800049,-0.13486111164093018,-0.11614517867565155,-0.3352978825569153,-0.12543565034866333,-0.0794491395354271,-0.24611932039260864,-0.09683231264352798,SOS
0.0,0.0,0.0,0.10506586730480194,-0.1442595273256302,-0.04670796915888786,0.11979743093252182,-0.32902488112449646,-0.061808135360479355,0.028776053339242935,-0.4245055019855499,-0.08086377382278442,-0.05449463799595833,-0.46767866611480713,-0.09805617481470108,0.0738583654165268,-0.5172977447509766,-0.015165099874138832,0.07586412876844406,-0.7247544527053833,-0.05762936919927597,0.06888315081596375,-0.859117865562439,-0.08323174715042114,0.06074288487434387,-0.9730750918388367,-0.09526026248931885,-0.013070314191281796,-0.5002473592758179,-0.02686341106891632,-0.005435107741504908,-0.7196682691574097,-0.08025887608528137,-0.0018186770612373948,-0.8689262866973877,-0.11116624623537064,0.0037539631593972445,-0.9927499294281006,-0.12013944238424301,-0.09402362257242203,-0.43855082988739014,-0.04646360129117966,-0.10984209924936295,-0.5286162495613098,-0.13791979849338531,-0.06288520991802216,-0.38334134221076965,-0.1494356095790863,-0.026624571532011032,-0.2698787450790405,-0.12353567779064178,-0.16782627999782562,-0.34795910120010376,-0.06853935122489929,-0.16870512068271637,-0.4303772747516632,-0.13716697692871094,-0.11678116768598557,-0.33201345801353455,-0.1278802454471588,-0.07999277114868164,-0.24292278289794922,-0.09938233345746994,SOS
0.0,0.0,0.0,0.10490604490041733,-0.14328362047672272,-0.04730581119656563,0.12050679326057434,-0.327761173248291,-0.06346044689416885,0.030865009874105453,-0.42489081621170044,-0.08334154635667801,-0.05271730571985245,-0.469926655292511,-0.10139995813369751,0.07443203777074814,-0.5131456851959229,-0.019121838733553886,0.07694540172815323,-0.720829427242279,-0.062734454870224,0.07019321620464325,-0.855650007724762,-0.0884922668337822,0.06234550476074219,-0.9700285792350769,-0.1002206951379776,-0.013066958636045456,-0.49763789772987366,-0.03017941676080227,-0.004241557326167822,-0.71819007396698,-0.08420591801404953,-0.0011361383367329836,-0.8682720065116882,-0.1145981028676033,0.004196603316813707,-0.9923757910728455,-0.12317771464586258,-0.09448360651731491,-0.4382725954055786,-0.048894573003053665,-0.10861166566610336,-0.527816116809845,-0.13944470882415771,-0.06282763928174973,-0.3823792338371277,-0.14985358715057373,-0.026901574805378914,-0.26720306277275085,-0.12346358597278595,-0.16815127432346344,-0.3504401743412018,-0.07021678984165192,-0.1694408655166626,-0.4326026737689972,-0.13719584047794342,-0.11813721060752869,-0.3351137936115265,-0.12688405811786652,-0.08134215325117111,-0.2450256496667862,-0.09789564460515976,SOS
0.0,0.0,0.0,0.1047624945640564,-0.1433347761631012,-0.045804768800735474,0.1194114238023758,-0.32968080043792725,-0.060534920543432236,0.030719568952918053,-0.4282658100128174,-0.07933136075735092,-0.05190439149737358,-0.4730978012084961,-0.09627144783735275,0.07538885623216629,-0.5163317322731018,-0.016319213435053825,0.07763882726430893,-0.7251616716384888,-0.058623649179935455,0.07046296447515488,-0.8595796227455139,-0.08368055522441864,0.06146527826786041,-0.9736852049827576,-0.0952153354883194,-0.011977534741163254,-0.5002366304397583,-0.02788134664297104,-0.0034829515498131514,-0.7194419503211975,-0.08134517073631287,-0.0012518268777057528,-0.8691999316215515,-0.1117657795548439,0.0026860821526497602,-0.992729663848877,-0.12033567577600479,-0.09338942915201187,-0.4400646388530731,-0.047050025314092636,-0.10965216904878616,-0.5300159454345703,-0.1372670829296112,-0.06277306377887726,-0.38444945216178894,-0.14765305817127228,-0.026179512962698936,-0.269822895526886,-0.12125010043382645,-0.16706830263137817,-0.35106027126312256,-0.06870041787624359,-0.16924194991588593,-0.434469610452652,-0.1358247995376587,-0.11761057376861572,-0.3363687992095947,-0.12562264502048492,-0.08043207973241806,-0.2460494339466095,-0.09665865451097488,SOS
0.0,0.0,0.0,0.10503837466239929,-0.14412656426429749,-0.0458061546087265,0.11927936971187592,-0.3307305574417114,-0.06037868559360504,0.029502609744668007,-0.4287196397781372,-0.07900747656822205,-0.052541933953762054,-0.47369512915611267,-0.09572218358516693,0.0750851109623909,-0.5163091421127319,-0.015436886809766293,0.07703879475593567,-0.7234877347946167,-0.05761149525642395,0.07031235843896866,-0.8572832345962524,-0.0827559158205986,0.06221538782119751,-0.9711838960647583,-0.09446112811565399,-0.012198610231280327,-0.5005455613136292,-0.02703464962542057,-0.003933709114789963,-0.7198466062545776,-0.08000044524669647,-0.0010646278969943523,-0.8690271973609924,-0.11016315966844559,0.0037921222392469645,-0.9929187893867493,-0.1187349259853363,-0.09332901239395142,-0.4404062032699585,-0.04633258283138275,-0.10948342084884644,-0.5314293503761292,-0.13642245531082153,-0.06291722506284714,-0.38543999195098877,-0.1469016820192337,-0.026455439627170563,-0.2706398367881775,-0.1207110807299614,-0.16680748760700226,-0.3508819043636322,-0.06815041601657867,-0.16840355098247528,-0.4330240786075592,-0.13564682006835938,-0.11660527437925339,-0.3348674476146698,-0.1259472668170929,-0.07938563823699951,-0.24512101709842682,-0.09740865230560303,SOS
0.0,0.0,0.0,0.10567630082368851,-0.14376674592494965,-0.045642681419849396,0.12071018666028976,-0.33139851689338684,-0.06003420799970627,0.03444722294807434,-0.4305174946784973,-0.07850872725248337,-0.04414796829223633,-0.4747822880744934,-0.09511417150497437,0.07531726360321045,-0.515277087688446,-0.01658497378230095,0.07781265676021576,-0.7245485186576843,-0.05894537270069122,0.07130778580904007,-0.8590266704559326,-0.08354876935482025,0.06333941966295242,-0.9731104373931885,-0.09453965723514557,-0.01201559603214264,-0.499210923910141,-0.027924729511141777,-0.0029438454657793045,-0.7200538516044617,-0.08158314973115921,0.0005183765315450728,-0.8699851632118225,-0.11129117012023926,0.005806952714920044,-0.9928663372993469,-0.11909124255180359,-0.09380339831113815,-0.4399905204772949,-0.04686833173036575,-0.10880721360445023,-0.5314206480979919,-0.13739481568336487,-0.062492091208696365,-0.3841162323951721,-0.1472054123878479,-0.026218382641673088,-0.2672729194164276,-0.11999604105949402,-0.16799400746822357,-0.35227930545806885,-0.06826400756835938,-0.16926680505275726,-0.4364199638366699,-0.13492099940776825,-0.11811107397079468,-0.337310791015625,-0.12416534125804901,-0.0815974771976471,-0.24598927795886993,-0.09474439173936844,SOS
0.0,0.0,0.0,0.106026291847229,-0.14747527241706848,-0.04602161794900894,0.11898558586835861,-0.3330831527709961,-0.0608365572988987,0.02802187390625477,-0.42779219150543213,-0.07982007414102554,-0.052847959101200104,-0.4680759310722351,-0.09722242504358292,0.07478994131088257,-0.5154479146003723,-0.015946393832564354,0.07707726955413818,-0.7238877415657043,-0.058439165353775024,0.07028699666261673,-0.8583299517631531,-0.08357682824134827,0.06207429617643356,-0.972565233707428,-0.09509936720132828,-0.012055482715368271,-0.49925515055656433,-0.027401259168982506,-0.002589684445410967,-0.719532310962677,-0.08102472126483917,0.0011838419595733285,-0.869408369064331,-0.11137834191322327,0.006651530973613262,-0.9927655458450317,-0.11988487839698792,-0.09345106035470963,-0.439441442489624,-0.04662812128663063,-0.10977199673652649,-0.5315213203430176,-0.1376895159482956,-0.06293696910142899,-0.38488858938217163,-0.14871443808078766,-0.0259577427059412,-0.2678753137588501,-0.12235059589147568,-0.16778457164764404,-0.3508230745792389,-0.06828663498163223,-0.1703975647687912,-0.43587690591812134,-0.13576069474220276,-0.11855384707450867,-0.33823999762535095,-0.1258513629436493,-0.08124209195375443,-0.24721530079841614,-0.09707951545715332,SOS
0.0,0.0,0.0,0.10638581216335297,-0.14397422969341278,-0.0465630404651165,0.12142503261566162,-0.33065280318260193,-0.061030831187963486,0.032821234315633774,-0.4285455048084259,-0.07952924817800522,-0.04895005375146866,-0.4716183543205261,-0.0962667390704155,0.07613570988178253,-0.5176313519477844,-0.014774477109313011,0.07891107350587845,-0.7263079285621643,-0.05661828815937042,0.07190246134996414,-0.860687792301178,-0.08142723143100739,0.063219353556633,-0.9744402766227722,-0.09279944747686386,-0.01097076665610075,-0.5011335611343384,-0.025988813489675522,-0.0019429509993642569,-0.7202697992324829,-0.07977224886417389,0.0008722276543267071,-0.8701117634773254,-0.11059560626745224,0.00549712497740984,-0.9928462505340576,-0.11927332729101181,-0.09236091375350952,-0.441072553396225,-0.045073915272951126,-0.10796340554952621,-0.5328755378723145,-0.13637703657150269,-0.061754826456308365,-0.385795921087265,-0.1472989320755005,-0.025705896317958832,-0.26939114928245544,-0.12072692066431046,-0.16653981804847717,-0.3524114191532135,-0.06663791090250015,-0.16966421902179718,-0.4400847852230072,-0.1343248188495636,-0.11827661097049713,-0.3411363959312439,-0.12418495118618011,-0.08138579875230789,-0.24918323755264282,-0.09510041028261185,SOS
0.0,0.0,0.0,0.10677145421504974,-0.14486858248710632,-0.04594026505947113,0.12103167921304703,-0.33150601387023926,-0.05987332761287689,0.030971495434641838,-0.42846161127090454,-0.07805368304252625,-0.0488736592233181,-0.47075819969177246,-0.09448765963315964,0.07544390857219696,-0.5180574059486389,-0.012994412332773209,0.0772450789809227,-0.7255216836929321,-0.05423052981495857,0.07009059190750122,-0.8594194054603577,-0.07883883267641068,0.061591893434524536,-0.9726828336715698,-0.09011916071176529,-0.011305796913802624,-0.5007787346839905,-0.02449655532836914,-0.003455590223893523,-0.7212247848510742,-0.07706351578235626,0.0004051858850289136,-0.8706936836242676,-0.107157863676548,0.006191568914800882,-0.9932832717895508,-0.11554228514432907,-0.09184052795171738,-0.4402320683002472,-0.04398767650127411,-0.10858321934938431,-0.5332327485084534,-0.13442884385585785,-0.06222229078412056,-0.3863944113254547,-0.14540129899978638,-0.026175105944275856,-0.2699119448661804,-0.1191180944442749,-0.16559530794620514,-0.350989431142807,-0.06596871465444565,-0.16937915980815887,-0.4388582110404968,-0.13299420475959778,-0.11800796538591385,-0.34059813618659973,-0.12289636582136154,-0.08107677847146988,-0.24901588261127472,-0.09413640946149826,SOS
0.0,0.0,0.0,0.10561663657426834,-0.14366966485977173,-0.04639168828725815,0.12002141773700714,-0.32936030626296997,-0.06206807121634483,0.03227033466100693,-0.4240274727344513,-0.08181624114513397,-0.04892580583691597,-0.4637063443660736,-0.09993229806423187,0.07233987748622894,-0.5160679817199707,-0.017551247030496597,0.07478480041027069,-0.7231036424636841,-0.06052912399172783,0.06804849952459335,-0.8563029170036316,-0.08590598404407501,0.05985935777425766,-0.9694935083389282,-0.09757969528436661,-0.014098085463047028,-0.4984317421913147,-0.029514983296394348,-0.006162041798233986,-0.7201766967773438,-0.0834718644618988,-0.0017230785451829433,-0.8696527481079102,-0.11368666589260101,0.0040484461933374405,-0.992504894733429,-0.12213756889104843,-0.09460187703371048,-0.43741488456726074,-0.049244243651628494,-0.11047773063182831,-0.5294703841209412,-0.1408466100692749,-0.06281353533267975,-0.38249602913856506,-0.1514579802751541,-0.026283016428351402,-0.2660939395427704,-0.12479516863822937,-0.16783776879310608,-0.34823286533355713,-0.07140755653381348,-0.17052307724952698,-0.4346744418144226,-0.13880474865436554,-0.11876092851161957,-0.3362235128879547,-0.1281774640083313,-0.08240744471549988,-0.24507011473178864,-0.09907467663288116,SOS
0.0,0.0,0.0,0.10608519613742828,-0.1456013023853302,-0.046305932104587555,0.12074039876461029,-0.32994166016578674,-0.06207319349050522,0.031026922166347504,-0.4254235625267029,-0.08186360448598862,-0.05045127496123314,-0.4660436511039734,-0.10008864849805832,0.07366729527711868,-0.5128098726272583,-0.01907140575349331,0.0767776146531105,-0.7222838401794434,-0.062200162559747696,0.07008861750364304,-0.8573324084281921,-0.08753786981105804,0.06204832345247269,-0.9722744822502136,-0.09907198697328568,-0.013128350488841534,-0.4964435398578644,-0.0303579680621624,-0.0039599500596523285,-0.7167722582817078,-0.08445125818252563,-0.000338559941155836,-0.8676658868789673,-0.11497901380062103,0.005099449772387743,-0.992289125919342,-0.12383995950222015,-0.09431751072406769,-0.4376159906387329,-0.049111705273389816,-0.10934000462293625,-0.5294725894927979,-0.13930730521678925,-0.06292765587568283,-0.3839704692363739,-0.14945682883262634,-0.02665024623274803,-0.2671065330505371,-0.12299312651157379,-0.16825886070728302,-0.35078102350234985,-0.07041096687316895,-0.17039473354816437,-0.4360411763191223,-0.1364336907863617,-0.11854663491249084,-0.3400493860244751,-0.1256035566329956,-0.08199290931224823,-0.24927657842636108,-0.09653480350971222,SOS
0.0,0.0,0.0,0.10583096742630005,-0.14401933550834656,-0.04531079903244972,0.11948730796575546,-0.33027932047843933,-0.060301173478364944,0.032880984246730804,-0.4280725419521332,-0.07940816134214401,-0.04843601956963539,-0.46901559829711914,-0.09706563502550125,0.07273247838020325,-0.5138797163963318,-0.018456442281603813,0.07506397366523743,-0.7213797569274902,-0.06134291738271713,0.06790655106306076,-0.8559012413024902,-0.08658581972122192,0.05968807265162468,-0.9694655537605286,-0.09810637682676315,-0.013837562873959541,-0.49708425998687744,-0.030609237030148506,-0.00533865112811327,-0.7178221344947815,-0.08451145887374878,-0.0017769578844308853,-0.8684903383255005,-0.11460919678211212,0.003897917689755559,-0.992388129234314,-0.12308776378631592,-0.09510182589292526,-0.4363473653793335,-0.050159577280282974,-0.11085547506809235,-0.5323629975318909,-0.14135457575321198,-0.06372405588626862,-0.3853794038295746,-0.1510833352804184,-0.026793332770466805,-0.26769858598709106,-0.12397580593824387,-0.16879306733608246,-0.34620869159698486,-0.07203386723995209,-0.17159666121006012,-0.43650302290916443,-0.1394931524991989,-0.1187029555439949,-0.33975374698638916,-0.12852677702903748,-0.08109178394079208,-0.24832288920879364,-0.09906323999166489,SOS
0.0,0.0,0.0,0.1067419946193695,-0.14451025426387787,-0.045739226043224335,0.11993775516748428,-0.33191806077957153,-0.060804542154073715,0.031220095232129097,-0.4299842119216919,-0.07991793751716614,-0.050043631345033646,-0.47276684641838074,-0.09747383743524551,0.07363276183605194,-0.5158820152282715,-0.018689408898353577,0.07599107921123505,-0.7255707383155823,-0.06130300089716911,0.06885037571191788,-0.859866738319397,-0.08616874366998672,0.06031185761094093,-0.9732337594032288,-0.09748178720474243,-0.013421964831650257,-0.49881571531295776,-0.030390912666916847,-0.005768880248069763,-0.7208608984947205,-0.08379244059324265,-0.0021255570463836193,-0.8702797889709473,-0.1132623627781868,0.0033134359400719404,-0.9926042556762695,-0.12134947627782822,-0.09493960440158844,-0.4380708336830139,-0.049588046967983246,-0.11209820210933685,-0.5333734154701233,-0.14029082655906677,-0.06399047374725342,-0.3871033191680908,-0.1498306691646576,-0.026539580896496773,-0.2698693871498108,-0.12284981459379196,-0.16926275193691254,-0.3479090631008148,-0.0711691677570343,-0.17330330610275269,-0.4363381266593933,-0.13865067064762115,-0.12009670585393906,-0.3391841650009155,-0.1279042512178421,-0.08221641927957535,-0.2474188357591629,-0.09866136312484741,SOS
0.0,0.0,0.0,0.10726416110992432,-0.14161190390586853,-0.04607449844479561,0.12394118309020996,-0.32752591371536255,-0.060828302055597305,0.039005596190690994,-0.42706000804901123,-0.07949057221412659,-0.042906612157821655,-0.4691728353500366,-0.09654480963945389,0.07427740097045898,-0.5145142674446106,-0.018636146560311317,0.07640809565782547,-0.7251470685005188,-0.061050448566675186,0.06931508332490921,-0.8607268333435059,-0.08564585447311401,0.06099110096693039,-0.9743249416351318,-0.09675957262516022,-0.012058712542057037,-0.49702998995780945,-0.030290959402918816,-0.004054042510688305,-0.7203307151794434,-0.08399993926286697,-0.0005967029719613492,-0.8705626130104065,-0.11391623318195343,0.005004629492759705,-0.9924813508987427,-0.12229368835687637,-0.09288441389799118,-0.43573278188705444,-0.04941873252391815,-0.10835770517587662,-0.5323203802108765,-0.14028316736221313,-0.061577603220939636,-0.3863646388053894,-0.14989054203033447,-0.025181982666254044,-0.26994484663009644,-0.12290399521589279,-0.1667744666337967,-0.34570103883743286,-0.07093629986047745,-0.17044657468795776,-0.4362707734107971,-0.13827218115329742,-0.1180303767323494,-0.3391875624656677,-0.12737195193767548,-0.08077990263700485,-0.2478915899991989,-0.09808748960494995,SOS
0.0,0.0,0.0,0.10663138329982758,-0.14269296824932098,-0.046598874032497406,0.12253671884536743,-0.3320959508419037,-0.06094658747315407,0.03501599282026291,-0.43226543068885803,-0.07927624881267548,-0.04659605398774147,-0.4733840227127075,-0.09589925408363342,0.07342759519815445,-0.5185167193412781,-0.016022775322198868,0.07521673291921616,-0.7285469174385071,-0.0576125867664814,0.06797707825899124,-0.8626980781555176,-0.08218996226787567,0.059539493173360825,-0.9758437871932983,-0.09340228140354156,-0.013269592076539993,-0.4992721974849701,-0.027429474517703056,-0.006794900167733431,-0.7215431928634644,-0.07998442649841309,-0.002417990006506443,-0.8710201978683472,-0.10966996848583221,0.003914706874638796,-0.993013322353363,-0.11793753504753113,-0.09353916347026825,-0.4362853765487671,-0.04662623628973961,-0.10995031893253326,-0.5312546491622925,-0.13725602626800537,-0.06266061216592789,-0.38621658086776733,-0.147591233253479,-0.026439351961016655,-0.26981163024902344,-0.12097495794296265,-0.16729943454265594,-0.34451940655708313,-0.06827149540185928,-0.17097049951553345,-0.43373867869377136,-0.13544480502605438,-0.11904832720756531,-0.3379879593849182,-0.12487618625164032,-0.08252711594104767,-0.2472994178533554,-0.09583611786365509,SOS
0.0,0.0,0.0,0.10578266531229019,-0.14449231326580048,-0.0472475104033947,0.12191411852836609,-0.3309594690799713,-0.06229475885629654,0.03466076776385307,-0.43052956461906433,-0.08106847107410431,-0.04872256889939308,-0.47446781396865845,-0.09810584783554077,0.0726565569639206,-0.5161553025245667,-0.017114179208874702,0.07376838475465775,-0.7266154885292053,-0.0589313805103302,0.06556013971567154,-0.8612549901008606,-0.08363176882266998,0.05659077689051628,-0.9752391576766968,-0.09485036879777908,-0.014439222402870655,-0.49811628460884094,-0.028134632855653763,-0.007668664213269949,-0.7206016182899475,-0.08072014153003693,-0.004614666569977999,-0.8703574538230896,-0.11040098965167999,0.0008002308313734829,-0.9929305911064148,-0.11869341135025024,-0.09518776834011078,-0.43624433875083923,-0.04690996930003166,-0.1121259480714798,-0.5330726504325867,-0.1376548707485199,-0.06517232954502106,-0.3871345520019531,-0.14750997722148895,-0.028535673394799232,-0.27035677433013916,-0.12058262526988983,-0.16861964762210846,-0.3452989459037781,-0.06813469529151917,-0.17251704633235931,-0.4362732768058777,-0.1357608139514923,-0.1201566681265831,-0.3389357924461365,-0.12471500784158707,-0.08273693919181824,-0.24705751240253448,-0.09514506906270981,SOS
0.0,0.0,0.0,0.10599492490291595,-0.1437898874282837,-0.047760311514139175,0.12044666707515717,-0.3352719843387604,-0.061893824487924576,0.03408585861325264,-0.43816864490509033,-0.07958541065454483,-0.04702454432845116,-0.4831788241863251,-0.09547694027423859,0.07257857918739319,-0.5219622254371643,-0.016997255384922028,0.0721808597445488,-0.73337322473526,-0.05818605050444603,0.06327664107084274,-0.8671319484710693,-0.0822845995426178,0.053132541477680206,-0.9800937175750732,-0.09329405426979065,-0.014978115446865559,-0.5020806789398193,-0.027785249054431915,-0.010770178399980068,-0.7244653105735779,-0.08049630373716354,-0.00870973989367485,-0.8726523518562317,-0.11002933979034424,-0.004535809624940157,-0.9930169582366943,-0.11788439750671387,-0.09607458859682083,-0.43771103024482727,-0.04642217978835106,-0.1155601367354393,-0.5330139398574829,-0.13839374482631683,-0.06659001111984253,-0.3856934905052185,-0.1486785113811493,-0.028517981991171837,-0.26886001229286194,-0.12155710905790329,-0.16989365220069885,-0.3445085287094116,-0.06746307015419006,-0.17544712126255035,-0.4333747923374176,-0.1369490921497345,-0.1224004477262497,-0.33566901087760925,-0.12700220942497253,-0.08441831171512604,-0.24492579698562622,-0.09781935065984726,SOS
0.0,0.0,0.0,0.1062660813331604,-0.14565503597259521,-0.04645650461316109,0.12202208489179611,-0.3289744555950165,-0.061831407248973846,0.03491826727986336,-0.42778491973876953,-0.08131993561983109,-0.04838736355304718,-0.4732564687728882,-0.09922417998313904,0.07071132212877274,-0.5144458413124084,-0.017443252727389336,0.07165083289146423,-0.7240750193595886,-0.06056898087263107,0.06311236321926117,-0.8588593602180481,-0.0865078940987587,0.0540568083524704,-0.973764181137085,-0.09860482066869736,-0.016047431156039238,-0.496086448431015,-0.02924974448978901,-0.010032087564468384,-0.7178351879119873,-0.08311402052640915,-0.007470215205103159,-0.868013322353363,-0.11393779516220093,-0.0025346209295094013,-0.9923810362815857,-0.12318097800016403,-0.09651991724967957,-0.43380993604660034,-0.04866638779640198,-0.11252691596746445,-0.5304717421531677,-0.140242800116539,-0.06464067846536636,-0.3846418261528015,-0.14989840984344482,-0.02762015536427498,-0.26801392436027527,-0.12294629216194153,-0.1696411818265915,-0.3417324125766754,-0.07053264230489731,-0.17227159440517426,-0.43245065212249756,-0.13868384063243866,-0.1184815764427185,-0.3360520899295807,-0.12746760249137878,-0.08025749772787094,-0.24479365348815918,-0.09778506308794022,SOS
0.0,0.0,0.0,0.10708630830049515,-0.14599263668060303,-0.045914653688669205,0.1225048154592514,-0.3330591917037964,-0.06020483747124672,0.037208881229162216,-0.4330386519432068,-0.07860840111970901,-0.04524552449584007,-0.4773835837841034,-0.0954342782497406,0.07238249480724335,-0.520871639251709,-0.016330532729625702,0.07178645581007004,-0.7316889762878418,-0.0583360455930233,0.0625215619802475,-0.8657843470573425,-0.08314867317676544,0.05218660086393356,-0.9789922833442688,-0.09440971165895462,-0.015262707136571407,-0.5018879175186157,-0.027924740687012672,-0.011332149617373943,-0.7234111428260803,-0.081050805747509,-0.008998153731226921,-0.8718310594558716,-0.11101178824901581,-0.004177724476903677,-0.9928598403930664,-0.11921364814043045,-0.0967143252491951,-0.43861761689186096,-0.04715461656451225,-0.11417703330516815,-0.5313164591789246,-0.13800011575222015,-0.06570997834205627,-0.3849914073944092,-0.1478065401315689,-0.027907487004995346,-0.2680901885032654,-0.12075262516736984,-0.17079541087150574,-0.34602317214012146,-0.0687815323472023,-0.17479830980300903,-0.43281614780426025,-0.1365087926387787,-0.12139739841222763,-0.3365785777568817,-0.12573090195655823,-0.08307898789644241,-0.24611429870128632,-0.09621436893939972,SOS
0.0,0.0,0.0,0.10543139278888702,-0.14551129937171936,-0.04634083807468414,0.1205105185508728,-0.33094367384910583,-0.061519935727119446,0.03134790435433388,-0.42912471294403076,-0.08068035542964935,-0.051423754543066025,-0.4722778797149658,-0.09822588413953781,0.07100990414619446,-0.5161411166191101,-0.01711435243487358,0.07206527143716812,-0.7254477739334106,-0.059407301247119904,0.06399787962436676,-0.8598509430885315,-0.0848553478717804,0.054850950837135315,-0.9741272926330566,-0.09666150063276291,-0.015796322375535965,-0.49788162112236023,-0.028552526608109474,-0.009576814249157906,-0.718625009059906,-0.08087314665317535,-0.007267724722623825,-0.8683737516403198,-0.11089025437831879,-0.0030016950331628323,-0.9927941560745239,-0.11979520320892334,-0.09626477211713791,-0.4360547363758087,-0.04760969057679176,-0.1125648021697998,-0.5320843458175659,-0.13750380277633667,-0.06524305790662766,-0.3875744640827179,-0.14747031033039093,-0.02868882566690445,-0.2719874680042267,-0.12115365266799927,-0.16924667358398438,-0.34449172019958496,-0.06913915276527405,-0.17176425457000732,-0.433070570230484,-0.13625547289848328,-0.11866387724876404,-0.3372173607349396,-0.12553252279758453,-0.08102896064519882,-0.24676723778247833,-0.09645111113786697,SOS
0.0,0.0,0.0,0.10645991563796997,-0.14432799816131592,-0.0452575720846653,0.12151893228292465,-0.33334243297576904,-0.059714704751968384,0.03360849991440773,-0.43276137113571167,-0.07837599515914917,-0.05052882432937622,-0.47149598598480225,-0.09560942649841309,0.07371347397565842,-0.5220035314559937,-0.016325989738106728,0.0745362639427185,-0.7318328619003296,-0.057498931884765625,0.06674554198980331,-0.8651987910270691,-0.08214838057756424,0.057616736739873886,-0.9778116345405579,-0.09353376924991608,-0.014242601580917835,-0.5022387504577637,-0.02829732559621334,-0.009977506473660469,-0.7234978079795837,-0.07964064180850983,-0.0076716067269444466,-0.8716517686843872,-0.10891298949718475,-0.0032095236238092184,-0.9931051135063171,-0.11718343198299408,-0.09563590586185455,-0.43815258145332336,-0.047753166407346725,-0.11306938529014587,-0.5333681106567383,-0.13687646389007568,-0.064780093729496,-0.38966104388237,-0.14673326909542084,-0.028161704540252686,-0.27393192052841187,-0.12032874673604965,-0.1699233204126358,-0.34441235661506653,-0.0695214569568634,-0.17368341982364655,-0.43468332290649414,-0.13573674857616425,-0.12031112611293793,-0.33979111909866333,-0.12442690879106522,-0.08302249759435654,-0.24866220355033875,-0.09499962627887726,SOS
0.0,0.0,0.0,0.10631362348794937,-0.14592355489730835,-0.04224396497011185,0.12334244698286057,-0.3332139253616333,-0.056471798568964005,0.04353008419275284,-0.4286925196647644,-0.07559412717819214,-0.040050774812698364,-0.4615671932697296,-0.09418980777263641,0.06905020028352737,-0.5210314989089966,-0.01869329623878002,0.07224620878696442,-0.7295225858688354,-0.06073588877916336,0.06629575788974762,-0.8629910349845886,-0.08602023124694824,0.058633919805288315,-0.9768393039703369,-0.09782608598470688,-0.01766921579837799,-0.5030728578567505,-0.032282453030347824,-0.01148916594684124,-0.7216286063194275,-0.08326345682144165,-0.007967088371515274,-0.8698628544807434,-0.11252149194478989,-0.0028708819299936295,-0.992605984210968,-0.1213468536734581,-0.0984388142824173,-0.4396120309829712,-0.0527232326567173,-0.11424918472766876,-0.5322452783584595,-0.14020170271396637,-0.06789804250001907,-0.38821008801460266,-0.14983375370502472,-0.032077766954898834,-0.2719495892524719,-0.12398191541433334,-0.1710076481103897,-0.34597891569137573,-0.07533954828977585,-0.17610464990139008,-0.430620014667511,-0.14049023389816284,-0.12233995646238327,-0.3374897241592407,-0.12936629354953766,-0.08309517055749893,-0.24727259576320648,-0.10033047199249268,SOS
0.0,0.0,0.0,0.10346890985965729,-0.14074662327766418,-0.04701704531908035,0.12105689942836761,-0.3283296227455139,-0.06346975266933441,0.03327053785324097,-0.4283227324485779,-0.08355347812175751,-0.054409805685281754,-0.4675000011920929,-0.10241322219371796,0.07021602988243103,-0.5183418989181519,-0.020798036828637123,0.07166869193315506,-0.7272928357124329,-0.06398842483758926,0.0647071972489357,-0.861812949180603,-0.0898761972784996,0.0560746043920517,-0.9759103059768677,-0.10200443863868713,-0.017903991043567657,-0.5007535219192505,-0.03226828947663307,-0.011003930121660233,-0.7231432199478149,-0.08416763693094254,-0.007703755982220173,-0.8710090517997742,-0.1130073070526123,-0.0026666787452995777,-0.9926435947418213,-0.12104352563619614,-0.09837853908538818,-0.43786248564720154,-0.051240257918834686,-0.1163354441523552,-0.5351395606994629,-0.14121399819850922,-0.07019811868667603,-0.3916529715061188,-0.15077033638954163,-0.033734146505594254,-0.27559658885002136,-0.12414777278900146,-0.1705964207649231,-0.3441697657108307,-0.07261256128549576,-0.17697176337242126,-0.4317396879196167,-0.14099015295505524,-0.12256325781345367,-0.3365478515625,-0.13067230582237244,-0.08249019831418991,-0.24539896845817566,-0.1014527902007103,SOS
0.0,0.0,0.0,0.10364923626184464,-0.14267311990261078,-0.04418734461069107,0.12013369053602219,-0.3304879665374756,-0.05824218690395355,0.032942019402980804,-0.43069714307785034,-0.07646721601486206,-0.05432611331343651,-0.4697580635547638,-0.09349846094846725,0.07102735340595245,-0.5182217359542847,-0.016515301540493965,0.07337436825037003,-0.7248343229293823,-0.05826258659362793,0.06707854568958282,-0.8584716320037842,-0.083462655544281,0.059219688177108765,-0.9718208909034729,-0.09513971954584122,-0.01708868145942688,-0.5031480193138123,-0.028783414512872696,-0.011054704897105694,-0.7246441841125488,-0.07953213900327682,-0.00654207868501544,-0.8721955418586731,-0.10797715932130814,0.000457011308753863,-0.9932814240455627,-0.11572291702032089,-0.09857048839330673,-0.44129061698913574,-0.048296842724084854,-0.11375090479850769,-0.5350949764251709,-0.13557474315166473,-0.06686048954725266,-0.39191004633903503,-0.14411790668964386,-0.031221434473991394,-0.27726346254348755,-0.11743240803480148,-0.17244939506053925,-0.34812813997268677,-0.07016785442829132,-0.17572596669197083,-0.4373260736465454,-0.13468274474143982,-0.12306039780378342,-0.3410342335700989,-0.12207742035388947,-0.08624131232500076,-0.24939481914043427,-0.09195415675640106,SOS
0.0,0.0,0.0,0.10610898584127426,-0.143160879611969,-0.044894713908433914,0.12189152836799622,-0.3332565426826477,-0.059729281812906265,0.03142156824469566,-0.42978763580322266,-0.07874857634305954,-0.05854996293783188,-0.4606257379055023,-0.09680470824241638,0.07062632590532303,-0.5213273167610168,-0.016197416931390762,0.07307615876197815,-0.727071225643158,-0.058201491832733154,0.06659775227308273,-0.8602496385574341,-0.08326370269060135,0.057910479605197906,-0.9728937149047852,-0.09495029598474503,-0.017574461176991463,-0.5038499236106873,-0.028879376128315926,-0.010028025135397911,-0.7242444753646851,-0.0811716690659523,-0.00491668377071619,-0.8716245889663696,-0.11008734256029129,0.0007648441242054105,-0.9930415153503418,-0.11776245385408401,-0.09867935627698898,-0.4402969181537628,-0.04915762320160866,-0.11617645621299744,-0.5343204140663147,-0.14109937846660614,-0.06789148598909378,-0.387328565120697,-0.15177184343338013,-0.03058493509888649,-0.2704281508922577,-0.12493707239627838,-0.171911358833313,-0.34618011116981506,-0.07145124673843384,-0.17624987661838531,-0.4341375529766083,-0.14094588160514832,-0.12114733457565308,-0.33589792251586914,-0.13095195591449738,-0.08166585117578506,-0.24328801035881042,-0.10172669589519501,SOS
0.0,0.0,0.0,0.10491864383220673,-0.14383354783058167,-0.045113686472177505,0.11945858597755432,-0.33309075236320496,-0.06024619936943054,0.02825383096933365,-0.429252028465271,-0.07968644052743912,-0.062017034739255905,-0.46034812927246094,-0.09832901507616043,0.07000407576560974,-0.5210446119308472,-0.015823012217879295,0.07282745838165283,-0.7268145084381104,-0.057388968765735626,0.0656154677271843,-0.8602830171585083,-0.08284392952919006,0.05586068332195282,-0.9723839163780212,-0.09504064917564392,-0.016758020967245102,-0.5020718574523926,-0.028952844440937042,-0.00925588421523571,-0.7219679355621338,-0.08078762888908386,-0.006542501505464315,-0.8705819249153137,-0.11086593568325043,-0.003792433999478817,-0.9927886128425598,-0.11981837451457977,-0.09647820144891739,-0.43671607971191406,-0.04962046444416046,-0.11559483408927917,-0.5332074761390686,-0.14079897105693817,-0.06879470497369766,-0.39020028710365295,-0.15206396579742432,-0.032960791140794754,-0.2754105031490326,-0.12616920471191406,-0.16934314370155334,-0.34054306149482727,-0.07238782942295074,-0.1773076057434082,-0.435266375541687,-0.14166852831840515,-0.12319885194301605,-0.34036919474601746,-0.13166925311088562,-0.08395826071500778,-0.2481144368648529,-0.10269869863986969,SOS
0.0,0.0,0.0,0.10499610751867294,-0.1489982157945633,-0.0443732813000679,0.11779547482728958,-0.3351438641548157,-0.05948283523321152,0.025770314037799835,-0.42483067512512207,-0.0793319121003151,-0.06245413422584534,-0.4539411664009094,-0.09806879609823227,0.07111642509698868,-0.523192822933197,-0.012494341470301151,0.07179772853851318,-0.727374255657196,-0.05467896908521652,0.06477506458759308,-0.860660195350647,-0.08102310448884964,0.05628150328993797,-0.9734617471694946,-0.09404259920120239,-0.016128670424222946,-0.5058596134185791,-0.02574198879301548,-0.008950511924922466,-0.7220224738121033,-0.07831175625324249,-0.005392332561314106,-0.8695732951164246,-0.1091655045747757,-0.00046413764357566833,-0.9929486513137817,-0.11854389309883118,-0.09701734781265259,-0.44188180565834045,-0.04688187688589096,-0.11606420576572418,-0.535624623298645,-0.13824664056301117,-0.06957438588142395,-0.389313668012619,-0.15000931918621063,-0.032835591584444046,-0.2742111086845398,-0.12444868683815002,-0.1705397516489029,-0.3460741639137268,-0.07019682228565216,-0.17531020939350128,-0.43164724111557007,-0.13926571607589722,-0.12145809829235077,-0.334575891494751,-0.1302647888660431,-0.08231396228075027,-0.2452862560749054,-0.10209105163812637,SOS
0.0,0.0,0.0,0.10566631704568863,-0.1449577361345291,-0.04657958447933197,0.12041591107845306,-0.3293997347354889,-0.06211082637310028,0.02691156230866909,-0.4238136410713196,-0.08200656622648239,-0.06297150999307632,-0.45868486166000366,-0.1007993072271347,0.07370391488075256,-0.5235413312911987,-0.013345662504434586,0.07437924295663834,-0.7297253012657166,-0.05564959719777107,0.06595824658870697,-0.863153874874115,-0.08190830051898956,0.05494459345936775,-0.9759266972541809,-0.09470248222351074,-0.014383543282747269,-0.5051034092903137,-0.02576279267668724,-0.006501534953713417,-0.7222414612770081,-0.07886212319135666,-0.004533869680017233,-0.8698847889900208,-0.10991112887859344,-0.0022524467203766108,-0.9929004907608032,-0.11892691254615784,-0.09487445652484894,-0.4395805597305298,-0.04629923775792122,-0.11632449924945831,-0.5313372611999512,-0.13956376910209656,-0.06992596387863159,-0.3867475986480713,-0.15241751074790955,-0.03282806649804115,-0.2735588252544403,-0.12682819366455078,-0.16800351440906525,-0.3417874276638031,-0.06899714469909668,-0.1754664182662964,-0.4306449592113495,-0.14077043533325195,-0.12174477428197861,-0.3324805200099945,-0.1324891895055771,-0.08108168840408325,-0.24110984802246094,-0.10395386815071106,SOS
0.0,0.0,0.0,0.10563921928405762,-0.14826764166355133,-0.04604260250926018,0.11842349171638489,-0.3298337161540985,-0.06158658117055893,0.023615935817360878,-0.42306047677993774,-0.08181924372911453,-0.06483128666877747,-0.46113285422325134,-0.10074526071548462,0.0748298317193985,-0.5174114108085632,-0.013158601708710194,0.07500240951776505,-0.7242963314056396,-0.05581352859735489,0.06649717688560486,-0.8586186170578003,-0.08235109597444534,0.05616597458720207,-0.9720435738563538,-0.09530207514762878,-0.01224458310753107,-0.500410795211792,-0.026219524443149567,-0.005833434872329235,-0.718775749206543,-0.07955842465162277,-0.004683524835854769,-0.8680532574653625,-0.11119242757558823,-0.0019119690405204892,-0.9926177263259888,-0.12126936763525009,-0.0930585116147995,-0.4365577697753906,-0.04733773693442345,-0.11407770216464996,-0.5331782102584839,-0.13932935893535614,-0.06844118982553482,-0.38948890566825867,-0.15112696588039398,-0.03217107802629471,-0.2762673795223236,-0.12576664984226227,-0.16731522977352142,-0.34068605303764343,-0.07082744687795639,-0.17624813318252563,-0.4363347887992859,-0.1405148208141327,-0.12358561158180237,-0.33886706829071045,-0.13077634572982788,-0.08464103937149048,-0.24619343876838684,-0.10213126987218857,SOS
0.0,0.0,0.0,0.10532096028327942,-0.14497990906238556,-0.046425528824329376,0.11929470300674438,-0.3320253789424896,-0.061528608202934265,0.028892792761325836,-0.427447646856308,-0.08107035607099533,-0.05888581648468971,-0.4609145522117615,-0.09929205477237701,0.07336380332708359,-0.5217990279197693,-0.012793178670108318,0.0748429074883461,-0.7288281321525574,-0.05478213354945183,0.06742411851882935,-0.8616113662719727,-0.0805143415927887,0.05834507942199707,-0.9742501974105835,-0.09312403947114944,-0.01454965677112341,-0.5036368370056152,-0.0253007635474205,-0.008813844062387943,-0.7197622060775757,-0.07913944125175476,-0.006876078434288502,-0.8686370253562927,-0.1103672906756401,-0.003293623449280858,-0.9928264617919922,-0.11951835453510284,-0.09520330280065536,-0.43894973397254944,-0.045974474400281906,-0.11585718393325806,-0.5320494771003723,-0.1393757462501526,-0.06919258087873459,-0.38491082191467285,-0.15157471597194672,-0.03214516118168831,-0.2700197696685791,-0.12554298341274261,-0.1685839593410492,-0.3424205183982849,-0.06893020868301392,-0.17605207860469818,-0.43020954728126526,-0.14037342369556427,-0.12359653413295746,-0.33137083053588867,-0.13202524185180664,-0.08476381748914719,-0.24033600091934204,-0.10370536893606186,SOS
0.0,0.0,0.0,0.10480052977800369,-0.14798057079315186,-0.046190161257982254,0.11669383198022842,-0.33277857303619385,-0.06169859692454338,0.02054060623049736,-0.42433664202690125,-0.08157283067703247,-0.06877795606851578,-0.4592847526073456,-0.10008738934993744,0.07241043448448181,-0.5220760107040405,-0.01259784959256649,0.0730365514755249,-0.7285053730010986,-0.05474141985177994,0.06466227769851685,-0.8620131015777588,-0.08081551641225815,0.05478854477405548,-0.9760169982910156,-0.0938584953546524,-0.015360366553068161,-0.5045099854469299,-0.02477569691836834,-0.008781639859080315,-0.7193471789360046,-0.07855970412492752,-0.007906562648713589,-0.867326021194458,-0.1101761981844902,-0.005667763762176037,-0.9927549362182617,-0.12002304941415787,-0.09625532478094101,-0.4404469430446625,-0.04502207785844803,-0.11975373327732086,-0.5351851582527161,-0.13819517195224762,-0.07242517918348312,-0.3879409730434418,-0.1506926715373993,-0.034217264503240585,-0.2737082839012146,-0.12541140615940094,-0.16977587342262268,-0.34434041380882263,-0.0674770176410675,-0.17732034623622894,-0.4318380355834961,-0.13913460075855255,-0.12388987094163895,-0.3320179879665375,-0.13122238218784332,-0.08404665440320969,-0.24156060814857483,-0.10345010459423065,SOS
0.0,0.0,0.0,0.10459508746862411,-0.14652837812900543,-0.046861682087183,0.11880137771368027,-0.33145228028297424,-0.06256487220525742,0.02560543641448021,-0.4251560866832733,-0.08237378299236298,-0.06286103278398514,-0.4614757001399994,-0.10066362470388412,0.07394464313983917,-0.5230081081390381,-0.014215064235031605,0.07281708717346191,-0.7298386693000793,-0.0565335638821125,0.06330879777669907,-0.8627800345420837,-0.08250568807125092,0.05244557186961174,-0.9757828116416931,-0.09531942754983902,-0.014606277458369732,-0.5050264000892639,-0.026332441717386246,-0.008697820827364922,-0.7215823531150818,-0.08015018701553345,-0.00720190117135644,-0.8691133260726929,-0.1114506870508194,-0.004131527617573738,-0.9926636815071106,-0.1208377555012703,-0.0964897871017456,-0.4398474097251892,-0.046474117785692215,-0.1176370307803154,-0.5338780283927917,-0.13967595994472504,-0.06909701973199844,-0.38751840591430664,-0.15170080959796906,-0.030859773978590965,-0.27350613474845886,-0.12594914436340332,-0.17116671800613403,-0.3423818349838257,-0.0689045861363411,-0.17600765824317932,-0.430540531873703,-0.14065173268318176,-0.12120818346738815,-0.33058595657348633,-0.13230156898498535,-0.08106958121061325,-0.2393019050359726,-0.10401532053947449,SOS
0.0,0.0,0.0,0.105428546667099,-0.1455327421426773,-0.04591719061136246,0.11996663361787796,-0.33566853404045105,-0.060803283005952835,0.02399633266031742,-0.4313059449195862,-0.07972844690084457,-0.06477955728769302,-0.46220314502716064,-0.09719628095626831,0.06982160359621048,-0.522225558757782,-0.01407785527408123,0.07117579132318497,-0.7305128574371338,-0.055588483810424805,0.06387581676244736,-0.8641030788421631,-0.08089466392993927,0.054933249950408936,-0.9781082272529602,-0.09317101538181305,-0.017126092687249184,-0.5030370950698853,-0.02598084881901741,-0.010047581978142262,-0.7201638221740723,-0.07829013466835022,-0.007428005803376436,-0.8684408664703369,-0.108815997838974,-0.00385445193387568,-0.9930062890052795,-0.11799861490726471,-0.09722723066806793,-0.43905505537986755,-0.04566015303134918,-0.11744116991758347,-0.5320470929145813,-0.13672663271427155,-0.06912839412689209,-0.3879650831222534,-0.14847251772880554,-0.031306516379117966,-0.2742037773132324,-0.12300010025501251,-0.16987420618534088,-0.34481966495513916,-0.06761926412582397,-0.17357651889324188,-0.4288051128387451,-0.13680505752563477,-0.11924336105585098,-0.3307427763938904,-0.12809541821479797,-0.08025330305099487,-0.2409588098526001,-0.10011288523674011,SOS
0.0,0.0,0.0,0.10586617141962051,-0.1471850723028183,-0.04530327767133713,0.11966979503631592,-0.33312878012657166,-0.05982470512390137,0.025860151275992393,-0.4263240396976471,-0.07887549698352814,-0.06128060445189476,-0.45675334334373474,-0.09672873467206955,0.0732448548078537,-0.5181713104248047,-0.013559121638536453,0.07297169417142868,-0.726274311542511,-0.05550728738307953,0.06461887806653976,-0.8601382970809937,-0.08112846314907074,0.05490053445100784,-0.9748130440711975,-0.09376785159111023,-0.013955249451100826,-0.50147545337677,-0.026098694652318954,-0.007621529512107372,-0.7202561497688293,-0.07891014218330383,-0.006240540184080601,-0.8686421513557434,-0.10942276567220688,-0.003220171667635441,-0.9929026961326599,-0.11888629198074341,-0.09464781731367111,-0.4384467899799347,-0.04645392671227455,-0.1185837909579277,-0.5354956984519958,-0.13731269538402557,-0.07077939808368683,-0.3893057107925415,-0.14809651672840118,-0.032256901264190674,-0.2742357850074768,-0.12244532257318497,-0.16823473572731018,-0.3437606394290924,-0.06917889416217804,-0.17807839810848236,-0.43352147936820984,-0.13786880671977997,-0.12468238174915314,-0.33586549758911133,-0.12815174460411072,-0.08464110642671585,-0.2451878935098648,-0.0999663770198822,SOS
0.0,0.0,0.0,0.10428955405950546,-0.14998018741607666,-0.04585796967148781,0.11436644196510315,-0.3360876142978668,-0.061898887157440186,0.019503116607666016,-0.4264477491378784,-0.08254005014896393,-0.0678984522819519,-0.4604608714580536,-0.10189218819141388,0.06966682523488998,-0.5256428718566895,-0.013701795600354671,0.06978584825992584,-0.7300722002983093,-0.05666118487715721,0.06250011175870895,-0.8619719743728638,-0.08364680409431458,0.05354104936122894,-0.9757384061813354,-0.09748487174510956,-0.01752333529293537,-0.5063167810440063,-0.0270841047167778,-0.010401305742561817,-0.7200413942337036,-0.08098169416189194,-0.008112325333058834,-0.8668795824050903,-0.11275912821292877,-0.0052315001375973225,-0.992400050163269,-0.12294243276119232,-0.09770816564559937,-0.44002965092658997,-0.04852193593978882,-0.12238281965255737,-0.5319886207580566,-0.14190968871116638,-0.07353249192237854,-0.38508763909339905,-0.15414640307426453,-0.0345005989074707,-0.2721228301525116,-0.12876327335834503,-0.16993999481201172,-0.3409649431705475,-0.07225539535284042,-0.17832204699516296,-0.4273775517940521,-0.14422908425331116,-0.12345612049102783,-0.3275768756866455,-0.1360688954591751,-0.08239448815584183,-0.23687349259853363,-0.10816296190023422,SOS
0.0,0.0,0.0,0.10281432420015335,-0.1471669226884842,-0.04806153103709221,0.11405942589044571,-0.3322558104991913,-0.06432360410690308,0.01479052659124136,-0.42520570755004883,-0.084541454911232,-0.07485600560903549,-0.46395009756088257,-0.10282324999570847,0.07203672081232071,-0.5233821272850037,-0.012460015714168549,0.07113491743803024,-0.7290427684783936,-0.05520849674940109,0.06192893534898758,-0.8611264824867249,-0.0818316787481308,0.05096294730901718,-0.9738416075706482,-0.09508218616247177,-0.015373594127595425,-0.5045585036277771,-0.023818809539079666,-0.008588802069425583,-0.7183706164360046,-0.07923387736082077,-0.008356149308383465,-0.8659942746162415,-0.11222046613693237,-0.007154820952564478,-0.9924437403678894,-0.12249188870191574,-0.09611067175865173,-0.44028738141059875,-0.043524350970983505,-0.11948023736476898,-0.5295706391334534,-0.1382235437631607,-0.07134845852851868,-0.38348087668418884,-0.15174829959869385,-0.03243166580796242,-0.27245545387268066,-0.12658816576004028,-0.16995029151439667,-0.3457595705986023,-0.06553464382886887,-0.17511588335037231,-0.42842692136764526,-0.13773097097873688,-0.12192851305007935,-0.3278389871120453,-0.13049326837062836,-0.0823817104101181,-0.2401009202003479,-0.1029626727104187,SOS
0.0,0.0,0.0,0.10464826971292496,-0.152163565158844,-0.046631280332803726,0.11264099180698395,-0.33928850293159485,-0.06148640066385269,0.015559366904199123,-0.4291416108608246,-0.08073079586029053,-0.07519786804914474,-0.45744240283966064,-0.09863321483135223,0.06897424161434174,-0.522855818271637,-0.009323480539023876,0.06912771612405777,-0.7285305261611938,-0.051087625324726105,0.06173881143331528,-0.8599985241889954,-0.07769366353750229,0.05334774777293205,-0.9734354019165039,-0.09137095510959625,-0.017721688374876976,-0.5031254291534424,-0.021757833659648895,-0.012190653942525387,-0.7163549065589905,-0.07603184133768082,-0.009971044957637787,-0.8650588393211365,-0.1087629646062851,-0.006599572487175465,-0.9928207993507385,-0.11942853033542633,-0.09706342965364456,-0.436644583940506,-0.042611632496118546,-0.12402699887752533,-0.5306350588798523,-0.13716869056224823,-0.07624167203903198,-0.38375675678253174,-0.15070773661136627,-0.03774537891149521,-0.2717742621898651,-0.12566979229450226,-0.16848725080490112,-0.3377610146999359,-0.06567905098199844,-0.17774878442287445,-0.4266204833984375,-0.13850881159305573,-0.1247512698173523,-0.3248324394226074,-0.13087138533592224,-0.08540564030408859,-0.2337823212146759,-0.10322082787752151,SOS
0.0,0.0,0.0,0.10451975464820862,-0.15427997708320618,-0.04718026891350746,0.11235527694225311,-0.33751335740089417,-0.06247904896736145,0.014354432933032513,-0.42702242732048035,-0.08242525160312653,-0.07509490847587585,-0.4589601159095764,-0.1007639616727829,0.07416843622922897,-0.5239323377609253,-0.009797032922506332,0.07194090634584427,-0.7314631342887878,-0.05259854719042778,0.06204443797469139,-0.8644305467605591,-0.07937689125537872,0.05085160210728645,-0.9777395129203796,-0.09304077923297882,-0.013471611775457859,-0.5057927966117859,-0.022601529955863953,-0.009818341583013535,-0.7202868461608887,-0.07800941169261932,-0.010212939232587814,-0.8676798939704895,-0.1109057366847992,-0.008063403889536858,-0.992560088634491,-0.12148886919021606,-0.09426531195640564,-0.4398351311683655,-0.04404500126838684,-0.12169711291790009,-0.5324844121932983,-0.13920852541923523,-0.07406903803348541,-0.3851689100265503,-0.15267714858055115,-0.034499406814575195,-0.2731304168701172,-0.12768569588661194,-0.1676016002893448,-0.34109577536582947,-0.06782050430774689,-0.17953583598136902,-0.42989471554756165,-0.14069785177707672,-0.12698960304260254,-0.32884764671325684,-0.13292554020881653,-0.08680115640163422,-0.23847317695617676,-0.10531879961490631,SOS
0.0,0.0,0.0,0.10268310457468033,-0.1480390876531601,-0.045259494334459305,0.11420678347349167,-0.3424932062625885,-0.058568038046360016,0.02190154790878296,-0.43638455867767334,-0.07653948664665222,-0.06731529533863068,-0.4628506600856781,-0.09347449243068695,0.06567314267158508,-0.5298566818237305,-0.008797488175332546,0.06304928660392761,-0.7353721857070923,-0.050133202224969864,0.0550212599337101,-0.8683099150657654,-0.07644803822040558,0.04562300443649292,-0.9817997813224792,-0.08959783613681793,-0.021876201033592224,-0.5088608860969543,-0.021977802738547325,-0.01651870459318161,-0.7236002683639526,-0.07341106981039047,-0.014821626245975494,-0.8697936534881592,-0.104469433426857,-0.01321929506957531,-0.9933926463127136,-0.11400147527456284,-0.10155180096626282,-0.44171255826950073,-0.04357634857296944,-0.13102683424949646,-0.5308135151863098,-0.13702432811260223,-0.08257787674665451,-0.38479843735694885,-0.15092337131500244,-0.04309893772006035,-0.2715514600276947,-0.12579956650733948,-0.17356784641742706,-0.343536913394928,-0.06724295765161514,-0.19033683836460114,-0.42788785696029663,-0.13901770114898682,-0.13647863268852234,-0.32889512181282043,-0.1314450204372406,-0.09481704980134964,-0.23868994414806366,-0.10385961830615997,SOS
0.0,0.0,0.0,0.10224100202322006,-0.1460755616426468,-0.04889544099569321,0.11212194710969925,-0.332193523645401,-0.06525228917598724,0.011059950105845928,-0.4272220730781555,-0.08530230820178986,-0.08044359087944031,-0.46237659454345703,-0.10352092236280441,0.07177653163671494,-0.5208512544631958,-0.016811007633805275,0.06861811876296997,-0.7306438684463501,-0.05997373163700104,0.058335863053798676,-0.8648382425308228,-0.08655354380607605,0.04604661464691162,-0.9792537689208984,-0.09991926699876785,-0.0160684697329998,-0.503293514251709,-0.02788790687918663,-0.011065472848713398,-0.7202726006507874,-0.08160779625177383,-0.011745301075279713,-0.8677464127540588,-0.1127251461148262,-0.010960222221910954,-0.9924085140228271,-0.12249638885259628,-0.0961458683013916,-0.43889370560646057,-0.04702514410018921,-0.12506499886512756,-0.531181812286377,-0.13871917128562927,-0.07713847607374191,-0.3876913785934448,-0.14996038377285004,-0.037157099694013596,-0.27682510018348694,-0.1246374323964119,-0.16777478158473969,-0.3425856828689575,-0.06875975430011749,-0.18168039619922638,-0.4297087490558624,-0.13908731937408447,-0.12976518273353577,-0.32987475395202637,-0.12994706630706787,-0.08975710719823837,-0.23965996503829956,-0.10181546211242676,SOS
0.0,0.0,0.0,0.10183296352624893,-0.1516251564025879,-0.047793351113796234,0.10946633666753769,-0.34402912855148315,-0.06202973425388336,0.009146159514784813,-0.4347250163555145,-0.08013352751731873,-0.08316200226545334,-0.4562077820301056,-0.09661567956209183,0.06185639649629593,-0.5254170298576355,-0.00861180480569601,0.05953902378678322,-0.7310024499893188,-0.049548398703336716,0.05080790817737579,-0.8630845546722412,-0.07584888488054276,0.04183550924062729,-0.9762223958969116,-0.08923597633838654,-0.024781690910458565,-0.505013644695282,-0.02001887746155262,-0.02011275105178356,-0.7192041873931885,-0.07250234484672546,-0.01737220212817192,-0.8673864006996155,-0.10500179976224899,-0.012839658185839653,-0.993215799331665,-0.11557488143444061,-0.10390873998403549,-0.43811243772506714,-0.03992918133735657,-0.13113774359226227,-0.5271326899528503,-0.13367204368114471,-0.08356789499521255,-0.38497626781463623,-0.14835719764232635,-0.04513510689139366,-0.27357175946235657,-0.1238582655787468,-0.1746765822172165,-0.34078070521354675,-0.06210564076900482,-0.18468686938285828,-0.4251418113708496,-0.13413916528224945,-0.1320776790380478,-0.32502707839012146,-0.12706072628498077,-0.09375190734863281,-0.2340928316116333,-0.09980452060699463,SOS
0.0,0.0,0.0,0.10142160207033157,-0.15556153655052185,-0.04966006800532341,0.10536323487758636,-0.34409135580062866,-0.0653696060180664,0.0008626499329693615,-0.43429917097091675,-0.08486367017030716,-0.09329014271497726,-0.4657130539417267,-0.10286321491003036,0.0607651025056839,-0.5241633057594299,-0.011158902198076248,0.05699596181511879,-0.731926441192627,-0.05388293415307999,0.04634007066488266,-0.8651940226554871,-0.08107078075408936,0.03483276441693306,-0.9802285432815552,-0.09500065445899963,-0.027017394080758095,-0.5034671425819397,-0.02162480540573597,-0.023993175476789474,-0.718425989151001,-0.07711941748857498,-0.024326717481017113,-0.8658925890922546,-0.11016050726175308,-0.02293008379638195,-0.9924218058586121,-0.12071952223777771,-0.1067458838224411,-0.4369691014289856,-0.0408141165971756,-0.1368006467819214,-0.5296096205711365,-0.13765481114387512,-0.08718590438365936,-0.3832487165927887,-0.15167732536792755,-0.046616148203611374,-0.27090325951576233,-0.12622834742069244,-0.17896121740341187,-0.3390181362628937,-0.06229923665523529,-0.1924504190683365,-0.4285981059074402,-0.137414813041687,-0.13796840608119965,-0.3259996771812439,-0.13049551844596863,-0.09657982736825943,-0.2340971976518631,-0.10275105386972427,SOS
0.0,0.0,0.0,0.10219576954841614,-0.15120328962802887,-0.04816841334104538,0.11011924594640732,-0.33788275718688965,-0.06364340335130692,0.010018592700362206,-0.4294719696044922,-0.08315485715866089,-0.08164674043655396,-0.45739275217056274,-0.10132332146167755,0.06149178743362427,-0.5230085253715515,-0.013736688531935215,0.05623134598135948,-0.7317575216293335,-0.05637248232960701,0.04330946132540703,-0.8656718134880066,-0.08297057449817657,0.02959488146007061,-0.9803252816200256,-0.0967433825135231,-0.026406876742839813,-0.5011406540870667,-0.025148319080471992,-0.02429511770606041,-0.7170495986938477,-0.08102064579725266,-0.026736170053482056,-0.8649773597717285,-0.11407851427793503,-0.02781253308057785,-0.9917939901351929,-0.12478393316268921,-0.10691703855991364,-0.4334805905818939,-0.04464588686823845,-0.13644671440124512,-0.529144287109375,-0.14093497395515442,-0.08492729812860489,-0.3831654489040375,-0.15373367071151733,-0.04347064718604088,-0.26964378356933594,-0.12781772017478943,-0.17933271825313568,-0.33480072021484375,-0.06633730977773666,-0.18988896906375885,-0.42307808995246887,-0.14074091613292694,-0.1338077336549759,-0.32212626934051514,-0.13321608304977417,-0.0924987718462944,-0.230880007147789,-0.10519594699144363,SOS
0.0,0.0,0.0,0.10167639702558517,-0.15317955613136292,-0.0489613339304924,0.1056588888168335,-0.3383229374885559,-0.06498200446367264,0.004222538787871599,-0.42936789989471436,-0.08499734848737717,-0.08357713371515274,-0.46291565895080566,-0.10305915772914886,0.0615009143948555,-0.5246875882148743,-0.01454657781869173,0.05434497818350792,-0.733954668045044,-0.05750206485390663,0.04129381850361824,-0.867109477519989,-0.08371098339557648,0.027268551290035248,-0.9807860851287842,-0.09733031690120697,-0.026118924841284752,-0.5032172203063965,-0.025911597535014153,-0.025957226753234863,-0.7195862531661987,-0.08209167420864105,-0.028276467695832253,-0.8662451505661011,-0.1143866553902626,-0.0285709910094738,-0.9918018579483032,-0.12455081939697266,-0.1063668504357338,-0.4350067973136902,-0.04565051198005676,-0.13808698952198029,-0.5301206707954407,-0.1417323797941208,-0.0873008742928505,-0.38332346081733704,-0.1540786474943161,-0.045275699347257614,-0.2704128324985504,-0.12826095521450043,-0.17823097109794617,-0.3349512815475464,-0.06787414848804474,-0.18984214961528778,-0.4199255704879761,-0.14304831624031067,-0.13438180088996887,-0.31919190287590027,-0.13675706088542938,-0.09261906892061234,-0.22999435663223267,-0.10975825786590576,SOS
0.0,0.0,0.0,0.10196615755558014,-0.15298745036125183,-0.04542292654514313,0.11010772734880447,-0.33637771010398865,-0.05911831557750702,0.012463835068047047,-0.4270293712615967,-0.07717820256948471,-0.07784807682037354,-0.4552261233329773,-0.0936741903424263,0.059232234954833984,-0.520500659942627,-0.010233364999294281,0.05614013969898224,-0.7287873029708862,-0.05223475769162178,0.04330458119511604,-0.8633266091346741,-0.07858499884605408,0.02994864247739315,-0.9774470925331116,-0.0922892838716507,-0.028207238763570786,-0.49731382727622986,-0.022060176357626915,-0.024873116984963417,-0.7118258476257324,-0.07746279239654541,-0.028318535536527634,-0.8621835708618164,-0.11140350252389908,-0.030361581593751907,-0.9919226765632629,-0.12315627932548523,-0.10859294980764389,-0.42887642979621887,-0.04185556247830391,-0.13581228256225586,-0.5237855315208435,-0.13799916207790375,-0.0842582955956459,-0.3809163570404053,-0.1531362384557724,-0.041649144142866135,-0.2676074802875519,-0.1289360225200653,-0.18030300736427307,-0.32981327176094055,-0.06362355500459671,-0.18618251383304596,-0.40740522742271423,-0.13938629627227783,-0.1270378679037094,-0.31204354763031006,-0.13590987026691437,-0.08262225985527039,-0.22525446116924286,-0.11058492213487625,SOS
0.0,0.0,0.0,0.10256659239530563,-0.15177172422409058,-0.04508224129676819,0.10871943831443787,-0.34311220049858093,-0.0581187829375267,0.009679093025624752,-0.4356747567653656,-0.07515383511781693,-0.08135918527841568,-0.46024128794670105,-0.0907786563038826,0.05884886905550957,-0.5203390121459961,-0.013213305734097958,0.053621016442775726,-0.7296625375747681,-0.05407337099313736,0.04020039364695549,-0.8632185459136963,-0.07874688506126404,0.026143575087189674,-0.9767819046974182,-0.09161336719989777,-0.02961628884077072,-0.49600499868392944,-0.02501283772289753,-0.027879785746335983,-0.7125282287597656,-0.07968834042549133,-0.030867302790284157,-0.8629037141799927,-0.11160775274038315,-0.03305638208985329,-0.991977334022522,-0.12201754003763199,-0.11044996231794357,-0.4270819127559662,-0.044467076659202576,-0.13760462403297424,-0.5268322825431824,-0.13994167745113373,-0.08456467092037201,-0.38189631700515747,-0.15331314504146576,-0.041884709149599075,-0.26701799035072327,-0.12820453941822052,-0.18204984068870544,-0.3284607529640198,-0.06586684286594391,-0.18621423840522766,-0.4075474739074707,-0.14124435186386108,-0.12663738429546356,-0.3127325773239136,-0.13730484247207642,-0.08290567249059677,-0.22718919813632965,-0.11203468590974808,SOS
0.0,0.0,0.0,0.10310167819261551,-0.15386560559272766,-0.04499233886599541,0.10860557109117508,-0.3469808101654053,-0.057621441781520844,0.009380890987813473,-0.4360278844833374,-0.0745658203959465,-0.08138594031333923,-0.4564850926399231,-0.0901888981461525,0.05727161467075348,-0.5227620005607605,-0.009757253341376781,0.05107997730374336,-0.7312801480293274,-0.05062973499298096,0.037671055644750595,-0.8642938733100891,-0.07585244625806808,0.024085495620965958,-0.9781557321548462,-0.0891856774687767,-0.03082139603793621,-0.49718931317329407,-0.02201784774661064,-0.030332466587424278,-0.711887776851654,-0.0780138298869133,-0.0326077826321125,-0.8621456027030945,-0.11117245256900787,-0.03439554572105408,-0.9919027090072632,-0.12225345522165298,-0.11224618554115295,-0.4277157187461853,-0.04226270690560341,-0.1370801031589508,-0.5293543934822083,-0.1406911462545395,-0.082969069480896,-0.37984606623649597,-0.15470574796199799,-0.040413230657577515,-0.26207104325294495,-0.12903940677642822,-0.18468627333641052,-0.3291282653808594,-0.06431040167808533,-0.18612176179885864,-0.41299930214881897,-0.14216937124729156,-0.12667065858840942,-0.3127565085887909,-0.13821396231651306,-0.08448696881532669,-0.2232581526041031,-0.11241360753774643,SOS
0.0,0.0,0.0,0.10216069966554642,-0.15078411996364594,-0.04653016850352287,0.10903873294591904,-0.34244975447654724,-0.06016687676310539,0.010814021341502666,-0.43289607763290405,-0.07753321528434753,-0.07908392697572708,-0.45611372590065,-0.09324897080659866,0.05590270459651947,-0.5197333097457886,-0.014169668778777122,0.05036323517560959,-0.7283807396888733,-0.05608200654387474,0.03747490048408508,-0.861372172832489,-0.08124172687530518,0.024360675364732742,-0.9748761057853699,-0.09427293390035629,-0.03199947997927666,-0.49601590633392334,-0.025421656668186188,-0.03140183538198471,-0.7116695642471313,-0.08161640912294388,-0.033963028341531754,-0.8621817231178284,-0.11385155469179153,-0.035628706216812134,-0.99158775806427,-0.12443600594997406,-0.11269710212945938,-0.42789599299430847,-0.04458591714501381,-0.13757124543190002,-0.5280590057373047,-0.1414835900068283,-0.08423370122909546,-0.3803858458995819,-0.1547008603811264,-0.04178733006119728,-0.26331332325935364,-0.12926961481571198,-0.1839308887720108,-0.3305083215236664,-0.06587748974561691,-0.1847725212574005,-0.4091254770755768,-0.14247897267341614,-0.12590628862380981,-0.3118493854999542,-0.1390313059091568,-0.08399277925491333,-0.2251613438129425,-0.11406901478767395,SOS
0.0,0.0,0.0,0.10293734073638916,-0.1511349231004715,-0.04639235511422157,0.11016146093606949,-0.3428650498390198,-0.05937093868851662,0.011164877563714981,-0.4317099452018738,-0.0761638954281807,-0.08073095232248306,-0.4503844976425171,-0.09148065000772476,0.05642412602901459,-0.5221925973892212,-0.011097055859863758,0.05039480701088905,-0.7293230891227722,-0.052088771015405655,0.03770744800567627,-0.8623409271240234,-0.07717028260231018,0.02510884404182434,-0.9753386974334717,-0.09044148772954941,-0.031043289229273796,-0.4981371760368347,-0.022538986057043076,-0.030431540682911873,-0.713010847568512,-0.07784312218427658,-0.031987398862838745,-0.8632482886314392,-0.11051103472709656,-0.03256406635046005,-0.992064893245697,-0.12143657356500626,-0.1113085225224495,-0.4284370541572571,-0.04217945411801338,-0.1359262317419052,-0.5269211530685425,-0.1399700790643692,-0.08327159285545349,-0.38016507029533386,-0.1554136723279953,-0.0412452407181263,-0.263849675655365,-0.13114187121391296,-0.18219050765037537,-0.3300521969795227,-0.06380006670951843,-0.18389058113098145,-0.40586787462234497,-0.14231716096401215,-0.12539097666740417,-0.30914950370788574,-0.1410224437713623,-0.08302409946918488,-0.22350198030471802,-0.1172805055975914,SOS
0.0,0.0,0.0,0.10326725244522095,-0.1492946743965149,-0.046063341200351715,0.11174681782722473,-0.34172487258911133,-0.05907278135418892,0.013617529533803463,-0.4296177327632904,-0.07593552768230438,-0.07855387777090073,-0.45000526309013367,-0.09137474000453949,0.05582234635949135,-0.5208051204681396,-0.011700522154569626,0.05085361376404762,-0.7288247346878052,-0.052952785044908524,0.03803412988781929,-0.8622556328773499,-0.0781199261546135,0.024952923879027367,-0.9759618043899536,-0.09146250039339066,-0.03223204240202904,-0.49625682830810547,-0.023589646443724632,-0.03170933946967125,-0.7121941447257996,-0.07916834205389023,-0.03305104374885559,-0.8626950979232788,-0.11168565601110458,-0.03412773832678795,-0.9919000267982483,-0.12235088646411896,-0.1125408485531807,-0.4260093867778778,-0.043533556163311005,-0.13619959354400635,-0.5268248915672302,-0.14183449745178223,-0.08296427130699158,-0.37952500581741333,-0.1563844233751297,-0.04144209250807762,-0.26353365182876587,-0.13135015964508057,-0.18250642716884613,-0.32685962319374084,-0.0654003918170929,-0.18192961812019348,-0.40356987714767456,-0.144699826836586,-0.12308356165885925,-0.3063984811306,-0.14266745746135712,-0.08087250590324402,-0.22015836834907532,-0.1180790588259697,SOS
0.0,0.0,0.0,0.1027134582400322,-0.14724084734916687,-0.04583384469151497,0.11075633764266968,-0.3420141339302063,-0.05874810367822647,0.011722139082849026,-0.4283719062805176,-0.07572010904550552,-0.08065333962440491,-0.4469842314720154,-0.09129840135574341,0.054906561970710754,-0.5212238430976868,-0.010990413837134838,0.04897017404437065,-0.729957640171051,-0.05179276317358017,0.03664926439523697,-0.8628743886947632,-0.07648032158613205,0.02402077242732048,-0.9763455390930176,-0.08959317207336426,-0.0329468660056591,-0.4966878890991211,-0.02329951897263527,-0.03148830682039261,-0.7125825881958008,-0.07881588488817215,-0.03298083320260048,-0.8623253703117371,-0.11144056916236877,-0.03540090471506119,-0.991899311542511,-0.12199442088603973,-0.11299983412027359,-0.4272519648075104,-0.04373868554830551,-0.136985644698143,-0.5280393362045288,-0.14282938838005066,-0.08326102048158646,-0.38015979528427124,-0.1582450270652771,-0.041675765067338943,-0.26441699266433716,-0.133455291390419,-0.18245258927345276,-0.3296542167663574,-0.0660833790898323,-0.18252193927764893,-0.40156880021095276,-0.1468723565340042,-0.12242129445075989,-0.3062312602996826,-0.14662890136241913,-0.07887768000364304,-0.2225758284330368,-0.12301348894834518,SOS
0.0,0.0,0.0,0.10164626687765121,-0.14555901288986206,-0.04519890993833542,0.10868778079748154,-0.3402393162250519,-0.056727729737758636,0.012091150507330894,-0.4299795627593994,-0.07250708341598511,-0.08101566135883331,-0.45262688398361206,-0.08654585480690002,0.054084692150354385,-0.518136203289032,-0.008050911128520966,0.048249468207359314,-0.7292754054069519,-0.04842530936002731,0.035480402410030365,-0.8622465133666992,-0.07289757579565048,0.022207001224160194,-0.9764149785041809,-0.08580490201711655,-0.03405213728547096,-0.4943414330482483,-0.02018902823328972,-0.0313437394797802,-0.7105044722557068,-0.07617633044719696,-0.03296604007482529,-0.8616771697998047,-0.10937511920928955,-0.0361645333468914,-0.9920876622200012,-0.12022518366575241,-0.1147933304309845,-0.4267524778842926,-0.04061060771346092,-0.13672147691249847,-0.5272327661514282,-0.140458345413208,-0.08327341824769974,-0.3789615035057068,-0.15664610266685486,-0.041547901928424835,-0.26209384202957153,-0.1321849226951599,-0.184640571475029,-0.332443505525589,-0.06295149773359299,-0.17981714010238647,-0.39799705147743225,-0.1446240395307541,-0.12035708129405975,-0.3028858006000519,-0.14601439237594604,-0.07699902355670929,-0.22103968262672424,-0.12344805896282196,SOS
0.0,0.0,0.0,0.10040836781263351,-0.15140768885612488,-0.044268812984228134,0.10695241391658783,-0.3437601625919342,-0.05620540305972099,0.0066969008184969425,-0.4267843961715698,-0.07270969450473785,-0.08548175543546677,-0.4449020326137543,-0.08776897937059402,0.05124667286872864,-0.520222008228302,-0.006398145109415054,0.04614792764186859,-0.7302879691123962,-0.04621421545743942,0.033233050256967545,-0.8633878231048584,-0.07047167420387268,0.02034655213356018,-0.9776660799980164,-0.08318465948104858,-0.03671832010149956,-0.4967760443687439,-0.019180988892912865,-0.03343344107270241,-0.7104266881942749,-0.07395576685667038,-0.03468487411737442,-0.860991895198822,-0.10684984177350998,-0.036616258323192596,-0.9923696517944336,-0.11773557215929031,-0.11758190393447876,-0.42864519357681274,-0.04020151123404503,-0.14210249483585358,-0.5272168517112732,-0.13855743408203125,-0.08755530416965485,-0.3800930082798004,-0.15438641607761383,-0.04418659955263138,-0.2643704116344452,-0.12997092306613922,-0.18833006918430328,-0.3322755992412567,-0.06307623535394669,-0.18867070972919464,-0.4019266664981842,-0.1428215652704239,-0.12720733880996704,-0.30785414576530457,-0.14245165884494781,-0.08170845359563828,-0.2248481959104538,-0.11887183040380478,SOS
0.0,0.0,0.0,0.10120649635791779,-0.14793553948402405,-0.04521173611283302,0.10940802097320557,-0.3399290144443512,-0.057395417243242264,0.009411467239260674,-0.42669960856437683,-0.07364309579133987,-0.08227666467428207,-0.44915202260017395,-0.08816687762737274,0.05376613885164261,-0.5183364748954773,-0.010832560248672962,0.047435179352760315,-0.7345593571662903,-0.05115754157304764,0.034957583993673325,-0.8690033555030823,-0.07473139464855194,0.022955672815442085,-0.9833884835243225,-0.086375892162323,-0.033616065979003906,-0.4962754249572754,-0.02226838283240795,-0.03255628049373627,-0.7137930989265442,-0.07635956257581711,-0.0342777818441391,-0.8638256788253784,-0.10741551220417023,-0.03573625907301903,-0.9924956560134888,-0.11694149672985077,-0.1139003112912178,-0.4291878640651703,-0.041719358414411545,-0.14185816049575806,-0.5295015573501587,-0.1380557417869568,-0.08822648972272873,-0.38363704085350037,-0.15246108174324036,-0.04465735703706741,-0.26734280586242676,-0.12768664956092834,-0.18401101231575012,-0.3329647183418274,-0.06315431743860245,-0.18685148656368256,-0.4044361710548401,-0.14151909947395325,-0.1260204017162323,-0.31195783615112305,-0.1404392123222351,-0.08118558675050735,-0.22912663221359253,-0.11654184013605118,SOS
0.0,0.0,0.0,0.10226569324731827,-0.1532561480998993,-0.04218590259552002,0.11116475611925125,-0.3416840136051178,-0.05426757037639618,0.019085297361016273,-0.4240090548992157,-0.07177790999412537,-0.07003467530012131,-0.44041237235069275,-0.08830750733613968,0.05210836976766586,-0.5177586674690247,-0.0075650885701179504,0.04718262702226639,-0.7291535139083862,-0.048509493470191956,0.03475670889019966,-0.8635305762290955,-0.0735243707895279,0.023050090298056602,-0.9786220192909241,-0.08636222034692764,-0.03517761453986168,-0.4938938021659851,-0.021329067647457123,-0.03296985849738121,-0.7089919447898865,-0.07599867880344391,-0.033532023429870605,-0.8610677719116211,-0.10865399241447449,-0.03405506908893585,-0.9922232031822205,-0.11972179263830185,-0.11610370129346848,-0.42643702030181885,-0.04300227016210556,-0.13939563930034637,-0.5271579623222351,-0.13982979953289032,-0.08715726435184479,-0.380955308675766,-0.15486222505569458,-0.044955942779779434,-0.262813001871109,-0.1304311901330948,-0.18730975687503815,-0.3306727409362793,-0.0665178969502449,-0.18895375728607178,-0.4009014964103699,-0.14425796270370483,-0.12835034728050232,-0.30907556414604187,-0.14287890493869781,-0.08335865288972855,-0.22459231317043304,-0.11900167912244797,SOS
0.0,0.0,0.0,0.09969501942396164,-0.15716606378555298,-0.04188833013176918,0.10589347779750824,-0.3456939458847046,-0.05345967784523964,0.008003759197890759,-0.42517656087875366,-0.0710645243525505,-0.08235310018062592,-0.4442432224750519,-0.08805370330810547,0.05152594670653343,-0.5228524804115295,-0.003040440147742629,0.045633044093847275,-0.731848955154419,-0.0432380773127079,0.032225873321294785,-0.8663911819458008,-0.06800936162471771,0.020620072260499,-0.9816067218780518,-0.07972873002290726,-0.03670103847980499,-0.5006587505340576,-0.01665543019771576,-0.03152737766504288,-0.7132267355918884,-0.069813571870327,-0.03321266546845436,-0.8637458682060242,-0.10251163691282272,-0.033460911363363266,-0.9930902123451233,-0.112481489777565,-0.11883417516946793,-0.43407678604125977,-0.03842385113239288,-0.14006425440311432,-0.5252214074134827,-0.13475145399570465,-0.08873315155506134,-0.3765833377838135,-0.1514638066291809,-0.045134950429201126,-0.25505444407463074,-0.12686574459075928,-0.1928570568561554,-0.3383747339248657,-0.06194963678717613,-0.19814643263816833,-0.4056820571422577,-0.13737453520298004,-0.13804031908512115,-0.31690913438796997,-0.13514898717403412,-0.09052074700593948,-0.23195630311965942,-0.1099913939833641,SOS
0.0,0.0,0.0,0.09999434649944305,-0.15403226017951965,-0.04512431100010872,0.1041988730430603,-0.3502817153930664,-0.05469772592186928,0.002601686865091324,-0.4358958601951599,-0.06922245770692825,-0.09028884023427963,-0.4541202187538147,-0.08234716206789017,0.04749714955687523,-0.5228608846664429,0.001102427369914949,0.04020361229777336,-0.7337749004364014,-0.03672288358211517,0.027033627033233643,-0.8669607639312744,-0.06026098504662514,0.015097911469638348,-0.9812743663787842,-0.07198428362607956,-0.04066784307360649,-0.4971756935119629,-0.010681066662073135,-0.0368003249168396,-0.7118304371833801,-0.06305588036775589,-0.03777753934264183,-0.8632179498672485,-0.09547014534473419,-0.03927501663565636,-0.993655264377594,-0.10538824647665024,-0.12203677743673325,-0.426689475774765,-0.03139536827802658,-0.1475658416748047,-0.5241502523422241,-0.1311037689447403,-0.09290401637554169,-0.37711724638938904,-0.14921030402183533,-0.048007793724536896,-0.25823646783828735,-0.12470880150794983,-0.19428203999996185,-0.3279208838939667,-0.05390401557087898,-0.19516697525978088,-0.39354023337364197,-0.13583147525787354,-0.13238383829593658,-0.3009892404079437,-0.1372779756784439,-0.08468381315469742,-0.21695193648338318,-0.11383567005395889,SOS
0.0,0.0,0.0,0.09799905121326447,-0.14818932116031647,-0.04759761691093445,0.10480513423681259,-0.3432177007198334,-0.05869485065340996,0.0018316650530323386,-0.4304836392402649,-0.07360696792602539,-0.09008195996284485,-0.4491458833217621,-0.08652149885892868,0.0499982126057148,-0.5204439163208008,-0.007826362736523151,0.04199328273534775,-0.7364621162414551,-0.04709629341959953,0.02831501141190529,-0.8695865869522095,-0.07019805163145065,0.015747584402561188,-0.9840399026870728,-0.08154698461294174,-0.0379474014043808,-0.4976324439048767,-0.017762675881385803,-0.03513123467564583,-0.714432954788208,-0.07051388919353485,-0.037343114614486694,-0.8645554780960083,-0.10111051797866821,-0.03935334458947182,-0.9931201934814453,-0.11028853058815002,-0.11819523572921753,-0.4288352131843567,-0.03629797324538231,-0.14867834746837616,-0.5275536179542542,-0.13296166062355042,-0.09521415829658508,-0.3820616900920868,-0.149261012673378,-0.0494927316904068,-0.26312750577926636,-0.1252904236316681,-0.18806703388690948,-0.3313229978084564,-0.05710451677441597,-0.1944614052772522,-0.3920463025569916,-0.13727639615535736,-0.13499675691127777,-0.30269286036491394,-0.1395314335823059,-0.08818022161722183,-0.22177918255329132,-0.1176440566778183,SOS
0.0,0.0,0.0,0.09804824739694595,-0.14995604753494263,-0.046523578464984894,0.10452237725257874,-0.3435600697994232,-0.05491923913359642,0.004724172875285149,-0.4279123544692993,-0.06752927601337433,-0.08710719645023346,-0.4476494789123535,-0.07774095237255096,0.04655514284968376,-0.5196760296821594,0.003334481967613101,0.03948668763041496,-0.7309961318969727,-0.032638657838106155,0.02589319832623005,-0.8629535436630249,-0.054629914462566376,0.012766903266310692,-0.9771826267242432,-0.06567864120006561,-0.04133264720439911,-0.4961114525794983,-0.006499194074422121,-0.040144968777894974,-0.7099851369857788,-0.05770830437541008,-0.04179452732205391,-0.8615406155586243,-0.08950122445821762,-0.044616345316171646,-0.9940422773361206,-0.09944573789834976,-0.12073886394500732,-0.42735105752944946,-0.02566421777009964,-0.14983107149600983,-0.5231884717941284,-0.12386618554592133,-0.09595299512147903,-0.3733331859111786,-0.1431419551372528,-0.05217262730002403,-0.25353455543518066,-0.12011682242155075,-0.18887265026569366,-0.33323922753334045,-0.04706653207540512,-0.1883271485567093,-0.38857218623161316,-0.12868784368038177,-0.13179363310337067,-0.29742056131362915,-0.13377222418785095,-0.0891486406326294,-0.21857911348342896,-0.11363852769136429,SOS
0.0,0.0,0.0,0.09921581298112869,-0.14370286464691162,-0.04893070086836815,0.10957783460617065,-0.33825773000717163,-0.0594918355345726,0.009826373308897018,-0.41989392042160034,-0.07404665648937225,-0.08103852719068527,-0.4383695125579834,-0.085926853120327,0.04725030064582825,-0.5210843086242676,-0.002116387477144599,0.039513327181339264,-0.7353904247283936,-0.03860005736351013,0.025197885930538177,-0.8680350184440613,-0.05969736725091934,0.010828300379216671,-0.9811921119689941,-0.06981715559959412,-0.04201536998152733,-0.4962367117404938,-0.011996765621006489,-0.041708145290613174,-0.710448145866394,-0.06513169407844543,-0.043163400143384933,-0.8622056245803833,-0.09702134877443314,-0.046529483050107956,-0.9932440519332886,-0.10630727559328079,-0.12397565692663193,-0.42820456624031067,-0.031148014590144157,-0.14537259936332703,-0.5253257155418396,-0.13273942470550537,-0.09062906354665756,-0.3738338351249695,-0.15261849761009216,-0.04788115620613098,-0.2521524727344513,-0.12871414422988892,-0.19665032625198364,-0.33563774824142456,-0.05245382711291313,-0.18588733673095703,-0.39091870188713074,-0.13715316355228424,-0.12390514463186264,-0.30002304911613464,-0.14329515397548676,-0.07833240926265717,-0.21943584084510803,-0.12283666431903839,SOS
0.0,0.0,0.0,0.09702523797750473,-0.14569315314292908,-0.04955800250172615,0.10944943130016327,-0.33826935291290283,-0.061821404844522476,0.010968176648020744,-0.4219989478588104,-0.07740151137113571,-0.08037358522415161,-0.433661550283432,-0.09050503373146057,0.04464836046099663,-0.5180153250694275,-0.006909274961799383,0.03653207793831825,-0.7331898808479309,-0.0446498729288578,0.02229246124625206,-0.8656690120697021,-0.06638190895318985,0.009490614756941795,-0.9784989356994629,-0.07653878629207611,-0.043369997292757034,-0.49402523040771484,-0.015834379941225052,-0.04218020662665367,-0.7092092037200928,-0.06915109604597092,-0.04403812438249588,-0.8620779514312744,-0.10055367648601532,-0.045958928763866425,-0.9929112195968628,-0.10961312800645828,-0.12417703866958618,-0.42705053091049194,-0.03360066935420036,-0.14282850921154022,-0.5225557088851929,-0.1318364441394806,-0.08759723603725433,-0.374224454164505,-0.14949369430541992,-0.04427335411310196,-0.25396397709846497,-0.12509387731552124,-0.1958441436290741,-0.33556705713272095,-0.053707536309957504,-0.18653003871440887,-0.3945959806442261,-0.1331578493118286,-0.1260853260755539,-0.3013147711753845,-0.13547641038894653,-0.08276835083961487,-0.21760252118110657,-0.11319605261087418,SOS
0.0,0.0,0.0,0.09532037377357483,-0.14188143610954285,-0.05284392088651657,0.1090426817536354,-0.3354853093624115,-0.0658981055021286,0.010013272985816002,-0.41843876242637634,-0.08111214637756348,-0.08238733559846878,-0.43478620052337646,-0.0934893935918808,0.04498545452952385,-0.5199006199836731,-0.011142165400087833,0.03607442229986191,-0.7358670830726624,-0.049499355256557465,0.021087855100631714,-0.8688966035842896,-0.07029417902231216,0.007632858119904995,-0.9809458255767822,-0.07855860888957977,-0.04291040077805519,-0.49747830629348755,-0.01741774193942547,-0.04216030240058899,-0.7125411629676819,-0.07056735455989838,-0.04496602714061737,-0.8656704425811768,-0.10080962628126144,-0.04635219648480415,-0.9931039214134216,-0.10768522322177887,-0.12293456494808197,-0.43249496817588806,-0.03275911137461662,-0.14020130038261414,-0.5113353133201599,-0.13032513856887817,-0.0866270586848259,-0.3648253381252289,-0.1496545970439911,-0.043759509921073914,-0.2466166615486145,-0.12550494074821472,-0.1931786835193634,-0.34550827741622925,-0.05060920491814613,-0.18441878259181976,-0.3942754566669464,-0.12810879945755005,-0.1274300068616867,-0.2972980737686157,-0.13057827949523926,-0.08615482598543167,-0.21226952970027924,-0.10797575116157532,SOS
0.0,0.0,0.0,0.09501994401216507,-0.14044077694416046,-0.05450475215911865,0.10950034856796265,-0.3323819041252136,-0.07019266486167908,0.012947609648108482,-0.4141972064971924,-0.0881190225481987,-0.07946851849555969,-0.4299020767211914,-0.10338002443313599,0.04090451821684837,-0.5171562433242798,-0.016477711498737335,0.03387552872300148,-0.7307159304618835,-0.05795507878065109,0.02039746753871441,-0.862484872341156,-0.08094783872365952,0.008643152192234993,-0.9752248525619507,-0.09049957245588303,-0.04696904867887497,-0.4940270185470581,-0.023502247408032417,-0.046080850064754486,-0.7081468105316162,-0.08054590970277786,-0.04787607118487358,-0.8615019917488098,-0.11269216239452362,-0.04857459291815758,-0.9914882183074951,-0.12079570442438126,-0.1275104284286499,-0.42991578578948975,-0.03946875035762787,-0.1413532793521881,-0.510120689868927,-0.1398276835680008,-0.08730990439653397,-0.3617079555988312,-0.1580401360988617,-0.044795118272304535,-0.24328745901584625,-0.1327228546142578,-0.19935543835163116,-0.34470903873443604,-0.05810662731528282,-0.18891149759292603,-0.3985064923763275,-0.13543367385864258,-0.13115718960762024,-0.3013695180416107,-0.13557034730911255,-0.09004654735326767,-0.2158239632844925,-0.11141354590654373,SOS
0.0,0.0,0.0,0.09523437917232513,-0.14187464118003845,-0.05406457185745239,0.10684327781200409,-0.333501935005188,-0.0692320242524147,0.007094389293342829,-0.41312965750694275,-0.0866357758641243,-0.08422518521547318,-0.43209660053253174,-0.10108897089958191,0.04180140793323517,-0.5183310508728027,-0.01587204448878765,0.03364768624305725,-0.7337340116500854,-0.05672813206911087,0.01979513093829155,-0.8664945363998413,-0.0791068896651268,0.006885201204568148,-0.9789555668830872,-0.0881626084446907,-0.04572661966085434,-0.4949829578399658,-0.022527415305376053,-0.044547516852617264,-0.7100661993026733,-0.07796131074428558,-0.04760173335671425,-0.8632975220680237,-0.10915374010801315,-0.049720633774995804,-0.9919191598892212,-0.11672275513410568,-0.12510301172733307,-0.43047034740448,-0.03817293420433998,-0.1405588537454605,-0.5109267234802246,-0.13636501133441925,-0.08702865988016129,-0.3651868999004364,-0.15460936725139618,-0.04458680748939514,-0.24849861860275269,-0.12990710139274597,-0.19439443945884705,-0.3446865677833557,-0.05658513680100441,-0.1848406046628952,-0.3959709405899048,-0.1332273930311203,-0.1270328313112259,-0.3016780614852905,-0.13448236882686615,-0.08543462306261063,-0.21862995624542236,-0.11125680804252625,SOS
0.0,0.0,0.0,0.09482225775718689,-0.14242298901081085,-0.052901193499565125,0.10779642313718796,-0.335874080657959,-0.0669892430305481,0.009367235004901886,-0.41770920157432556,-0.08357294648885727,-0.0821000263094902,-0.43477216362953186,-0.09702879190444946,0.041166361421346664,-0.5176039338111877,-0.012169432826340199,0.03295321390032768,-0.7329369187355042,-0.051921579986810684,0.01891063153743744,-0.8644558787345886,-0.07373937964439392,0.005897009279578924,-0.9770008325576782,-0.0832531601190567,-0.04577343165874481,-0.49406397342681885,-0.019572358578443527,-0.04538992792367935,-0.7096671462059021,-0.07463004440069199,-0.04710078611969948,-0.8622130155563354,-0.10610711574554443,-0.04907464608550072,-0.9922176003456116,-0.11443716287612915,-0.12483184784650803,-0.428122341632843,-0.03607835993170738,-0.14081883430480957,-0.5128097534179688,-0.1346244364976883,-0.08705849945545197,-0.36534807085990906,-0.15316952764987946,-0.04548393562436104,-0.24817843735218048,-0.12916253507137299,-0.1933422088623047,-0.340615838766098,-0.05533796548843384,-0.18206138908863068,-0.3857942223548889,-0.13336986303329468,-0.12533637881278992,-0.29158011078834534,-0.13655728101730347,-0.08532989770174026,-0.21130411326885223,-0.11510705202817917,SOS
0.0,0.0,0.0,0.09500047564506531,-0.1415511965751648,-0.05373280122876167,0.10815336555242538,-0.33748674392700195,-0.06829769164323807,0.012528771534562111,-0.42044609785079956,-0.08541591465473175,-0.07777024805545807,-0.4273483157157898,-0.09978526830673218,0.039887990802526474,-0.519585132598877,-0.013565942645072937,0.03176422044634819,-0.733262836933136,-0.05418263003230095,0.017902318388223648,-0.8650469183921814,-0.07710948586463928,0.005251669324934483,-0.9779409766197205,-0.08753418177366257,-0.04740114137530327,-0.49387961626052856,-0.02146855741739273,-0.047730568796396255,-0.706464946269989,-0.0786687433719635,-0.0488467663526535,-0.8598954081535339,-0.11157809942960739,-0.05027090013027191,-0.9913932085037231,-0.12088140100240707,-0.12708474695682526,-0.4264121949672699,-0.038413893431425095,-0.14043056964874268,-0.511732280254364,-0.1391289383172989,-0.08788307756185532,-0.3650370240211487,-0.15843206644058228,-0.04705316573381424,-0.24732181429862976,-0.1344502717256546,-0.19667327404022217,-0.3386884331703186,-0.05810313671827316,-0.18391995131969452,-0.3885522484779358,-0.13701766729354858,-0.12822318077087402,-0.2942933738231659,-0.13988123834133148,-0.08870916813611984,-0.21200969815254211,-0.11815328150987625,SOS
0.0,0.0,0.0,0.09456546604633331,-0.14068205654621124,-0.0520416758954525,0.10726181417703629,-0.33660557866096497,-0.06539206206798553,0.01248818077147007,-0.41846534609794617,-0.08122484385967255,-0.0772562250494957,-0.42775723338127136,-0.09414521604776382,0.0394180603325367,-0.5172051191329956,-0.013650167733430862,0.03087792731821537,-0.7330604195594788,-0.052619390189647675,0.017185278236865997,-0.8651795387268066,-0.07320065796375275,0.0045067323371768,-0.9776595830917358,-0.08160798996686935,-0.04751056805253029,-0.4937383830547333,-0.021302010864019394,-0.04715660586953163,-0.7073471546173096,-0.07641125470399857,-0.048975467681884766,-0.8608039021492004,-0.1074507012963295,-0.05182050168514252,-0.9919841885566711,-0.11524759978055954,-0.12723706662654877,-0.42890629172325134,-0.037697553634643555,-0.14305199682712555,-0.5115317106246948,-0.13641990721225739,-0.08905426412820816,-0.36429905891418457,-0.15568402409553528,-0.047197774052619934,-0.24682974815368652,-0.1317353993654251,-0.1964958757162094,-0.3441636562347412,-0.05669381469488144,-0.18276040256023407,-0.39183634519577026,-0.13383570313453674,-0.12594927847385406,-0.2997373640537262,-0.13717813789844513,-0.08608122169971466,-0.21936282515525818,-0.1158984899520874,SOS
0.0,0.0,0.0,0.0945502296090126,-0.1431203931570053,-0.054747700691223145,0.10416163504123688,-0.3378463089466095,-0.06971564143896103,0.004576010629534721,-0.4167984426021576,-0.08683691173791885,-0.0855555608868599,-0.42499494552612305,-0.10093812644481659,0.03877320513129234,-0.5179214477539062,-0.015508241020143032,0.02965272217988968,-0.7326804995536804,-0.05621388182044029,0.01539602130651474,-0.8648983836174011,-0.0782947987318039,0.002243080409243703,-0.9774733185768127,-0.0876920074224472,-0.04877021908760071,-0.4930526614189148,-0.022322243079543114,-0.04988397657871246,-0.7080835103988647,-0.0787738487124443,-0.051588524132966995,-0.8609973192214966,-0.11062909662723541,-0.05349847301840782,-0.991470992565155,-0.11884114146232605,-0.1282007247209549,-0.426628977060318,-0.03831390291452408,-0.144574373960495,-0.5065423250198364,-0.13827025890350342,-0.09020820260047913,-0.3617793917655945,-0.15861335396766663,-0.04771910235285759,-0.24619875848293304,-0.13519474864006042,-0.19732514023780823,-0.34028229117393494,-0.057126980274915695,-0.1850135624408722,-0.3863736689090729,-0.134727343916893,-0.1276145726442337,-0.29599159955978394,-0.13854852318763733,-0.08668369799852371,-0.21798844635486603,-0.11769226938486099,SOS
0.0,0.0,0.0,0.09449570626020432,-0.1435304582118988,-0.055246755480766296,0.1038922667503357,-0.3388471305370331,-0.07042693346738815,0.001681594061665237,-0.4160609841346741,-0.08756505697965622,-0.08936624228954315,-0.4249456822872162,-0.10169660300016403,0.03862113133072853,-0.5189011693000793,-0.014953391626477242,0.03040626086294651,-0.7338744401931763,-0.05548408254981041,0.01695842295885086,-0.8667101860046387,-0.07780114561319351,0.004242952447384596,-0.9793434143066406,-0.08736345171928406,-0.04913033917546272,-0.49371838569641113,-0.02138676866889,-0.04882212355732918,-0.7080349326133728,-0.0773087814450264,-0.05034532770514488,-0.8612173199653625,-0.10920054465532303,-0.05247611179947853,-0.9916867613792419,-0.11748818308115005,-0.1287752240896225,-0.4269850552082062,-0.037134505808353424,-0.14347581565380096,-0.507788896560669,-0.13692809641361237,-0.08908401429653168,-0.3631390631198883,-0.15739090740680695,-0.047148436307907104,-0.24779349565505981,-0.1340447962284088,-0.19814082980155945,-0.3399791121482849,-0.055691011250019073,-0.1844906359910965,-0.3858661651611328,-0.1338798552751541,-0.12658120691776276,-0.2947520315647125,-0.13801716268062592,-0.08579201996326447,-0.21638481318950653,-0.11716318130493164,SOS
0.0,0.0,0.0,0.09418455511331558,-0.14024053514003754,-0.05438753589987755,0.1070747897028923,-0.33102262020111084,-0.06945133954286575,0.006330708507448435,-0.4121083617210388,-0.08649395406246185,-0.08613140881061554,-0.43023425340652466,-0.10067148506641388,0.04176875576376915,-0.5136469602584839,-0.016857638955116272,0.033850427716970444,-0.7291039824485779,-0.05863407999277115,0.02034595049917698,-0.8622985482215881,-0.0812310203909874,0.007782193832099438,-0.9756717681884766,-0.08997272700071335,-0.045795291662216187,-0.49105697870254517,-0.022616572678089142,-0.04627551510930061,-0.7072558403015137,-0.07925232499837875,-0.049270741641521454,-0.8614793419837952,-0.11105242371559143,-0.051048681139945984,-0.9916324615478516,-0.11857132613658905,-0.12508761882781982,-0.42829620838165283,-0.03721507638692856,-0.13928893208503723,-0.5037218332290649,-0.13583523035049438,-0.08562309294939041,-0.360075443983078,-0.1554616093635559,-0.0428943857550621,-0.24415840208530426,-0.13132783770561218,-0.19524931907653809,-0.34553539752960205,-0.054517000913619995,-0.18438026309013367,-0.39271748065948486,-0.13010182976722717,-0.1273261159658432,-0.29935330152511597,-0.13174696266651154,-0.08608455955982208,-0.21701158583164215,-0.10888075083494186,SOS
0.0,0.0,0.0,0.09508809447288513,-0.14197887480258942,-0.05176897719502449,0.10626117140054703,-0.3332962989807129,-0.0664377212524414,0.005824426654726267,-0.4129391014575958,-0.08386994898319244,-0.08742140978574753,-0.43170666694641113,-0.09860741347074509,0.04137277230620384,-0.5135892033576965,-0.015113272704184055,0.0330866277217865,-0.7297064065933228,-0.056571219116449356,0.018253866583108902,-0.8636566400527954,-0.0789029598236084,0.005119726527482271,-0.9769601821899414,-0.08794036507606506,-0.04719431698322296,-0.49040719866752625,-0.022958558052778244,-0.04704568535089493,-0.7067239284515381,-0.07934024930000305,-0.04979328811168671,-0.8607117533683777,-0.1111188754439354,-0.051708418875932693,-0.9915266633033752,-0.1191682517528534,-0.12776000797748566,-0.4257620573043823,-0.03942974656820297,-0.145868182182312,-0.5071941018104553,-0.13892590999603271,-0.09036088734865189,-0.36118581891059875,-0.1577974557876587,-0.045621130615472794,-0.2434447705745697,-0.1334058940410614,-0.19870775938034058,-0.3392130434513092,-0.058322347700595856,-0.1908635050058365,-0.3883246183395386,-0.13634395599365234,-0.13174153864383698,-0.2962658107280731,-0.13858644664287567,-0.08859515935182571,-0.2151114046573639,-0.11601404845714569,SOS
0.0,0.0,0.0,0.09656848013401031,-0.1398967057466507,-0.05167846754193306,0.1075829565525055,-0.32803717255592346,-0.06605006009340286,0.005093282554298639,-0.411913126707077,-0.08280648291110992,-0.08870448917150497,-0.4385530650615692,-0.0967700183391571,0.04544427990913391,-0.5125904679298401,-0.015957485884428024,0.0367356538772583,-0.7293509244918823,-0.05667935684323311,0.022547245025634766,-0.863370418548584,-0.07880882173776627,0.009183975867927074,-0.9766600131988525,-0.08809163421392441,-0.04314427450299263,-0.49026599526405334,-0.02363111823797226,-0.04216557741165161,-0.7103732228279114,-0.07788589596748352,-0.04666776955127716,-0.8634472489356995,-0.10808414965867996,-0.050518326461315155,-0.991992175579071,-0.11575619876384735,-0.12274403870105743,-0.42381447553634644,-0.03981078788638115,-0.1470714658498764,-0.5106114149093628,-0.1370515674352646,-0.09304304420948029,-0.3663403391838074,-0.15407460927963257,-0.04864444583654404,-0.24993978440761566,-0.12970221042633057,-0.19237083196640015,-0.3326074481010437,-0.058394357562065125,-0.19111000001430511,-0.38698410987854004,-0.1369558721780777,-0.13167916238307953,-0.29479798674583435,-0.13860124349594116,-0.08705262094736099,-0.21395720541477203,-0.11583280563354492,SOS
0.0,0.0,0.0,0.0973266065120697,-0.14116281270980835,-0.05106981843709946,0.10713215172290802,-0.33225345611572266,-0.06420903652906418,0.001824461272917688,-0.41305598616600037,-0.08041784167289734,-0.09166783839464188,-0.43497106432914734,-0.09397418051958084,0.04570162668824196,-0.5151131749153137,-0.01045837439596653,0.035693686455488205,-0.731525182723999,-0.049889735877513885,0.019740872085094452,-0.8653621673583984,-0.07161684334278107,0.004438710864633322,-0.9791862368583679,-0.08143600821495056,-0.04348341003060341,-0.49054354429244995,-0.01937980391085148,-0.04214794188737869,-0.7091595530509949,-0.07452096790075302,-0.04606295004487038,-0.8614040017127991,-0.10632587224245071,-0.051410138607025146,-0.9920218586921692,-0.11510752141475677,-0.12365174293518066,-0.42273351550102234,-0.037223510444164276,-0.151139035820961,-0.5122600793838501,-0.13850978016853333,-0.09418988227844238,-0.3633337914943695,-0.15746569633483887,-0.04815215989947319,-0.24516081809997559,-0.1332518607378006,-0.19368484616279602,-0.3307020366191864,-0.05727628618478775,-0.19350366294384003,-0.38668957352638245,-0.13988786935806274,-0.1335577815771103,-0.2926456034183502,-0.14339879155158997,-0.08840395510196686,-0.21155178546905518,-0.12142343074083328,SOS
0.0,0.0,0.0,0.09629163146018982,-0.13625721633434296,-0.05220409110188484,0.10804174095392227,-0.32471057772636414,-0.06643415242433548,0.005815559066832066,-0.40862545371055603,-0.08297590166330338,-0.08878035098314285,-0.435228556394577,-0.09674274176359177,0.045555803924798965,-0.5112167596817017,-0.01570221409201622,0.03613388538360596,-0.7275708317756653,-0.05656130611896515,0.021078849211335182,-0.8617226481437683,-0.07898064702749252,0.007241441868245602,-0.9758432507514954,-0.08912692219018936,-0.04209662228822708,-0.48861703276634216,-0.023939060047268867,-0.04141511395573616,-0.7077252268791199,-0.0804566964507103,-0.045126304030418396,-0.8602806925773621,-0.11292801052331924,-0.04950052499771118,-0.9912787079811096,-0.12213180214166641,-0.1199246197938919,-0.42060405015945435,-0.04057333990931511,-0.15316970646381378,-0.5100785493850708,-0.141852468252182,-0.09691936522722244,-0.3626970946788788,-0.16016419231891632,-0.049922797828912735,-0.24620752036571503,-0.13599452376365662,-0.18632827699184418,-0.327486515045166,-0.05937359854578972,-0.19208022952079773,-0.3831719160079956,-0.14296098053455353,-0.13248713314533234,-0.2894476056098938,-0.14626766741275787,-0.08693327754735947,-0.209804967045784,-0.1240166425704956,SOS
0.0,0.0,0.0,0.09519734978675842,-0.13936485350131989,-0.048346731811761856,0.1058582067489624,-0.3265862762928009,-0.06233471259474754,0.005691985599696636,-0.4026215374469757,-0.07996869832277298,-0.08793864399194717,-0.4181862473487854,-0.09541363269090652,0.042620256543159485,-0.5122789144515991,-0.011857508681714535,0.03390340134501457,-0.7266133427619934,-0.05274325609207153,0.019659651443362236,-0.8597168326377869,-0.07566533237695694,0.00602849991992116,-0.9730989933013916,-0.08658778667449951,-0.04437599703669548,-0.4875327944755554,-0.023280678316950798,-0.04185117036104202,-0.7067338228225708,-0.07947055995464325,-0.04403727129101753,-0.8593310117721558,-0.11239919811487198,-0.04902716353535652,-0.9912609457969666,-0.12246651202440262,-0.12255781143903732,-0.4179537296295166,-0.0430830717086792,-0.1525590568780899,-0.5117043852806091,-0.14442750811576843,-0.09518477320671082,-0.3613567054271698,-0.16265885531902313,-0.04888971522450447,-0.24330464005470276,-0.13862833380699158,-0.18999424576759338,-0.3223112225532532,-0.06486327946186066,-0.1916949450969696,-0.37923890352249146,-0.14776746928691864,-0.13233357667922974,-0.2862485945224762,-0.15052181482315063,-0.0882517471909523,-0.20636190474033356,-0.1284008026123047,SOS
0.0,0.0,0.0,0.09358551353216171,-0.13662895560264587,-0.05171551927924156,0.10565882921218872,-0.3246171474456787,-0.06745953857898712,0.0031070674303919077,-0.4065712094306946,-0.085643470287323,-0.0930112823843956,-0.42939117550849915,-0.10120562463998795,0.04543387144804001,-0.5107579827308655,-0.01723620668053627,0.03570245951414108,-0.7282912135124207,-0.0594668835401535,0.020654918625950813,-0.8624039888381958,-0.08301392942667007,0.006618387997150421,-0.9771835207939148,-0.09402205049991608,-0.0420851930975914,-0.487887442111969,-0.026200903579592705,-0.04166089743375778,-0.70938640832901,-0.08266875147819519,-0.045084331184625626,-0.8610085844993591,-0.11460482329130173,-0.049609825015068054,-0.9910704493522644,-0.12376664578914642,-0.12007714062929153,-0.41983526945114136,-0.04347804933786392,-0.15213125944137573,-0.5158206820487976,-0.14395734667778015,-0.09689872711896896,-0.3660391867160797,-0.1603872925043106,-0.05137905851006508,-0.24735157191753387,-0.13538119196891785,-0.18673951923847198,-0.325534462928772,-0.06295020133256912,-0.19270667433738708,-0.38354364037513733,-0.14542679488658905,-0.13462018966674805,-0.28901559114456177,-0.14676927030086517,-0.09082160145044327,-0.2078695446252823,-0.1233670562505722,SOS
0.0,0.0,0.0,0.09643258899450302,-0.1438860446214676,-0.052190572023391724,0.10702195763587952,-0.32959893345832825,-0.06957143545150757,0.0023221890442073345,-0.41333073377609253,-0.08992251008749008,-0.09261438995599747,-0.4395802617073059,-0.108387790620327,0.04804198071360588,-0.5126613974571228,-0.020016493275761604,0.04011138528585434,-0.7290125489234924,-0.0644359365105629,0.02535933628678322,-0.8648199439048767,-0.08928745239973068,0.012287912890315056,-0.9794324040412903,-0.10062643885612488,-0.040670592337846756,-0.48895615339279175,-0.029875516891479492,-0.03948502615094185,-0.7106104493141174,-0.08866552263498306,-0.044371891766786575,-0.863029956817627,-0.12107612937688828,-0.04781598225235939,-0.9903556704521179,-0.130035862326622,-0.1205597072839737,-0.42022809386253357,-0.048073962330818176,-0.1510363072156906,-0.5140489339828491,-0.150175079703331,-0.09644514322280884,-0.36600661277770996,-0.1653154194355011,-0.05016696825623512,-0.24689136445522308,-0.13873159885406494,-0.19111111760139465,-0.3229820728302002,-0.06838727742433548,-0.20407456159591675,-0.3946700394153595,-0.1498783826828003,-0.14379774034023285,-0.3007984459400177,-0.14761897921562195,-0.09729930013418198,-0.21532869338989258,-0.12146836519241333,SOS
0.0,0.0,0.0,0.09853298217058182,-0.14639592170715332,-0.05379921942949295,0.10410603135824203,-0.33353298902511597,-0.06969484686851501,-0.005720220040529966,-0.4212762415409088,-0.08806179463863373,-0.09783817827701569,-0.4577283561229706,-0.1039489358663559,0.05317723751068115,-0.5157721638679504,-0.018269265070557594,0.041663557291030884,-0.7298170328140259,-0.06216336414217949,0.02703447826206684,-0.8648663759231567,-0.0866837203502655,0.01362829189747572,-0.9776723384857178,-0.09742996841669083,-0.0341871902346611,-0.49301812052726746,-0.025767114013433456,-0.035786811262369156,-0.7159466743469238,-0.08220726251602173,-0.043371088802814484,-0.8668396472930908,-0.11263701319694519,-0.04864686354994774,-0.9915741086006165,-0.12005914747714996,-0.1124495416879654,-0.4256400167942047,-0.04213564470410347,-0.15079672634601593,-0.5136480927467346,-0.14194026589393616,-0.09838851541280746,-0.3690106272697449,-0.15704067051410675,-0.05098719149827957,-0.2542305588722229,-0.1308518648147583,-0.18175114691257477,-0.3288530707359314,-0.06088712811470032,-0.20019879937171936,-0.3991248607635498,-0.14143730700016022,-0.14124086499214172,-0.30200299620628357,-0.13945330679416656,-0.09293750673532486,-0.216612309217453,-0.11362950503826141,SOS
0.0,0.0,0.0,0.09811250120401382,-0.14313054084777832,-0.05464768782258034,0.10579437017440796,-0.3295458257198334,-0.07181339710950851,-0.003238971345126629,-0.4178493618965149,-0.09162723273038864,-0.09735658764839172,-0.4495578110218048,-0.10945817083120346,0.052963096648454666,-0.5146862864494324,-0.018905501812696457,0.042719561606645584,-0.7279963493347168,-0.06409692764282227,0.026177819818258286,-0.8635504245758057,-0.08970567584037781,0.01115023996680975,-0.9773684740066528,-0.10138130187988281,-0.034998778253793716,-0.4905713200569153,-0.027466224506497383,-0.034368839114904404,-0.7106314301490784,-0.0874425545334816,-0.041024502366781235,-0.8631682395935059,-0.12035354226827621,-0.045755114406347275,-0.9906136989593506,-0.12880562245845795,-0.11418557167053223,-0.42248648405075073,-0.04500579088926315,-0.14609180390834808,-0.5102392435073853,-0.1498112976551056,-0.0946190282702446,-0.36347150802612305,-0.16683603823184967,-0.04877498745918274,-0.24611234664916992,-0.14036917686462402,-0.18598005175590515,-0.3260289430618286,-0.0647413358092308,-0.19781583547592163,-0.3943474292755127,-0.1487460732460022,-0.13877153396606445,-0.29527243971824646,-0.14788688719272614,-0.09133289754390717,-0.20799358189105988,-0.12195061892271042,SOS
0.0,0.0,0.0,0.0990670695900917,-0.14558950066566467,-0.051847465336322784,0.10597674548625946,-0.33128631114959717,-0.06817720085382462,-0.0026076938956975937,-0.41851943731307983,-0.08735451847314835,-0.0948503166437149,-0.45102399587631226,-0.1043613851070404,0.05172099173069,-0.5158663392066956,-0.0185583233833313,0.04345720633864403,-0.730011522769928,-0.06276820600032806,0.02996768243610859,-0.8654672503471375,-0.0879124328494072,0.01666136272251606,-0.9788265228271484,-0.09928393363952637,-0.03544719144701958,-0.4933326840400696,-0.027303334325551987,-0.034298691898584366,-0.714616596698761,-0.08389388024806976,-0.041868656873703,-0.8654135465621948,-0.11505841463804245,-0.047869469970464706,-0.9912254214286804,-0.12321020662784576,-0.11407404392957687,-0.42582303285598755,-0.04447683319449425,-0.14748507738113403,-0.5168724656105042,-0.1430434137582779,-0.09637245535850525,-0.3727515637874603,-0.15740877389907837,-0.051829736679792404,-0.2576919198036194,-0.1311282515525818,-0.183884859085083,-0.3278304636478424,-0.06390263885259628,-0.1972864270210266,-0.4011150300502777,-0.1424606293439865,-0.13847722113132477,-0.3054317831993103,-0.13903480768203735,-0.09209214150905609,-0.219807431101799,-0.11241476982831955,SOS
0.0,0.0,0.0,0.0985696017742157,-0.14693303406238556,-0.05115890875458717,0.10345491766929626,-0.3324570655822754,-0.06751853227615356,-0.008459064178168774,-0.4178110957145691,-0.08696954697370529,-0.09975340962409973,-0.44765061140060425,-0.10404977202415466,0.051083944737911224,-0.5176096558570862,-0.016752058640122414,0.043400127440690994,-0.7301309108734131,-0.06102445721626282,0.03082396648824215,-0.8655930757522583,-0.0866054892539978,0.017226526513695717,-0.9785506725311279,-0.09893398731946945,-0.03508959338068962,-0.49383726716041565,-0.026439351961016655,-0.035150427371263504,-0.7144374251365662,-0.08368875831365585,-0.04085345193743706,-0.8647979497909546,-0.11550307273864746,-0.046280648559331894,-0.9911264181137085,-0.1246052086353302,-0.11196061223745346,-0.42469024658203125,-0.044768545776605606,-0.14622727036476135,-0.516825258731842,-0.14295165240764618,-0.09277360141277313,-0.37442201375961304,-0.15729960799217224,-0.04813302308320999,-0.26269322633743286,-0.13185061514377594,-0.17928501963615417,-0.3252273201942444,-0.06549727916717529,-0.19168975949287415,-0.4002375304698944,-0.14330659806728363,-0.13423900306224823,-0.3047928214073181,-0.14017155766487122,-0.09060797840356827,-0.2213122397661209,-0.11467786133289337,SOS
0.0,0.0,0.0,0.09867049008607864,-0.1439008116722107,-0.05065084993839264,0.1065196692943573,-0.32564833760261536,-0.06722376495599747,0.0018645637901499867,-0.4126039743423462,-0.08674562722444534,-0.0863550454378128,-0.44388994574546814,-0.10399863868951797,0.054467134177684784,-0.5176936984062195,-0.021014325320720673,0.04676813259720802,-0.7299867272377014,-0.06512674689292908,0.03430519998073578,-0.865134060382843,-0.08981787413358688,0.021146409213542938,-0.9763827323913574,-0.10091929137706757,-0.0322728157043457,-0.49421262741088867,-0.03066113591194153,-0.03423839062452316,-0.7166141867637634,-0.08606909215450287,-0.039538078010082245,-0.8673595190048218,-0.1160995364189148,-0.04287754371762276,-0.9913625121116638,-0.12394306808710098,-0.10915417969226837,-0.42534831166267395,-0.048582639545202255,-0.13813050091266632,-0.5136337876319885,-0.14384473860263824,-0.08561436831951141,-0.37479057908058167,-0.1583576649427414,-0.04193435236811638,-0.26377466320991516,-0.13353878259658813,-0.17678311467170715,-0.3266535997390747,-0.06892433762550354,-0.18633674085140228,-0.40028271079063416,-0.14372575283050537,-0.12980671226978302,-0.3069017827510834,-0.14020775258541107,-0.08688950538635254,-0.22284434735774994,-0.11477997899055481,SOS
0.0,0.0,0.0,0.10198792070150375,-0.1396588832139969,-0.049697935581207275,0.1165338009595871,-0.3215771019458771,-0.06541545689105988,0.018032493069767952,-0.4081203043460846,-0.08427804708480835,-0.07161121070384979,-0.4318850040435791,-0.10135270655155182,0.055000919848680496,-0.5172870755195618,-0.019443059340119362,0.048754796385765076,-0.7287577986717224,-0.06272831559181213,0.03503935784101486,-0.8645555973052979,-0.08782239258289337,0.020776962861418724,-0.9780571460723877,-0.09966717660427094,-0.03155449777841568,-0.49415040016174316,-0.029728006571531296,-0.029806531965732574,-0.7138668894767761,-0.08481146395206451,-0.03504391014575958,-0.8648421168327332,-0.11623315513134003,-0.039496950805187225,-0.9913154244422913,-0.1254342496395111,-0.10895365476608276,-0.42559635639190674,-0.04799396172165871,-0.13517457246780396,-0.5135555863380432,-0.14382609724998474,-0.08339376002550125,-0.37077805399894714,-0.1585434228181839,-0.0402064211666584,-0.25663554668426514,-0.13357596099376678,-0.178029403090477,-0.32684624195098877,-0.06858163326978683,-0.18357348442077637,-0.3958810567855835,-0.14406509697437286,-0.12460369616746902,-0.3011142611503601,-0.14065952599048615,-0.07946271449327469,-0.21540412306785583,-0.11503884941339493,SOS
0.0,0.0,0.0,0.1016187071800232,-0.14156728982925415,-0.05105457454919815,0.11162812262773514,-0.32479608058929443,-0.06884990632534027,0.006554650608450174,-0.41092514991760254,-0.08985498547554016,-0.08505810797214508,-0.4391399323940277,-0.10883454233407974,0.05507943034172058,-0.5175967812538147,-0.022306445986032486,0.04703667387366295,-0.7293422818183899,-0.06718156486749649,0.033320989459753036,-0.8648566603660583,-0.09267925471067429,0.018198376521468163,-0.9776315689086914,-0.10461652278900146,-0.031527016311883926,-0.4942507743835449,-0.03289026394486427,-0.031706154346466064,-0.7170096635818481,-0.08968708664178848,-0.03609513118863106,-0.8662382960319519,-0.12087270617485046,-0.03994803875684738,-0.9907734990119934,-0.12950672209262848,-0.10872141271829605,-0.4260280430316925,-0.05153338611125946,-0.13777390122413635,-0.5140687227249146,-0.14856912195682526,-0.0839996486902237,-0.37079954147338867,-0.16213923692703247,-0.040107790380716324,-0.25910109281539917,-0.13624991476535797,-0.17763645946979523,-0.32781311869621277,-0.07253748178482056,-0.1888095885515213,-0.4047865867614746,-0.1478920429944992,-0.13137885928153992,-0.30663004517555237,-0.14221066236495972,-0.08784493803977966,-0.21877488493919373,-0.1151030957698822,SOS
0.0,0.0,0.0,0.09741898626089096,-0.14596374332904816,-0.050701651722192764,0.10716776549816132,-0.32689160108566284,-0.06798762828111649,0.006653788033872843,-0.4161938726902008,-0.08879651129245758,-0.08463280647993088,-0.4492388069629669,-0.10771140456199646,0.050866153091192245,-0.5191351771354675,-0.02018154039978981,0.04163171723484993,-0.7296517491340637,-0.06493258476257324,0.02771691605448723,-0.8647715449333191,-0.09106083959341049,0.013118837960064411,-0.978418231010437,-0.10299327224493027,-0.03620988503098488,-0.49714231491088867,-0.03055017814040184,-0.03878161311149597,-0.718707263469696,-0.0861395075917244,-0.04283350333571434,-0.8681955933570862,-0.1172746866941452,-0.04374529793858528,-0.9910730719566345,-0.12593835592269897,-0.11432747542858124,-0.4308389127254486,-0.04906238615512848,-0.13998882472515106,-0.513860821723938,-0.14314644038677216,-0.08838945627212524,-0.3728984594345093,-0.1560513973236084,-0.04541590437293053,-0.26203855872154236,-0.13032656908035278,-0.1840324103832245,-0.3356521427631378,-0.0702265053987503,-0.19881793856620789,-0.4163115322589874,-0.14116933941841125,-0.1437360644340515,-0.3188570737838745,-0.13282974064350128,-0.09999655187129974,-0.22901472449302673,-0.10441411286592484,SOS
0.0,0.0,0.0,0.09555330127477646,-0.15198229253292084,-0.050691742449998856,0.1004442498087883,-0.3391805589199066,-0.06624465435743332,-0.0007432175916619599,-0.43202999234199524,-0.08529219776391983,-0.08928579837083817,-0.4678526520729065,-0.10207753628492355,0.048291370272636414,-0.5239140391349792,-0.016863254830241203,0.03616691008210182,-0.7325140237808228,-0.06079743802547455,0.022216925397515297,-0.8648539185523987,-0.08644095808267593,0.008371799252927303,-0.9755717515945435,-0.09759442508220673,-0.03959979489445686,-0.4998912215232849,-0.0264616459608078,-0.0454995334148407,-0.72182697057724,-0.08102533966302872,-0.052166640758514404,-0.870880663394928,-0.11081263422966003,-0.05489761009812355,-0.9915013909339905,-0.11794571578502655,-0.11816821992397308,-0.43242791295051575,-0.04467153921723366,-0.1481858789920807,-0.5141894221305847,-0.13833270967006683,-0.09630405157804489,-0.3751119077205658,-0.15126334130764008,-0.05224363133311272,-0.2662242352962494,-0.12496130168437958,-0.18811768293380737,-0.33658191561698914,-0.06552403420209885,-0.2058826982975006,-0.41788092255592346,-0.13570846617221832,-0.15041093528270721,-0.3196655809879303,-0.1270042210817337,-0.10606018453836441,-0.23033836483955383,-0.09811798483133316,SOS
0.0,0.0,0.0,0.0958731546998024,-0.14716969430446625,-0.047028280794620514,0.10337524861097336,-0.33933690190315247,-0.061253901571035385,0.009440631605684757,-0.4284796714782715,-0.07952699065208435,-0.07750636339187622,-0.4508431851863861,-0.09621228277683258,0.04092817008495331,-0.5232337117195129,-0.019142581149935722,0.029575327411293983,-0.732514500617981,-0.06275007873773575,0.016209572553634644,-0.8656154274940491,-0.08752788603305817,0.0019132269080728292,-0.9778289198875427,-0.0982305184006691,-0.046133413910865784,-0.49844756722450256,-0.030364446341991425,-0.050382956862449646,-0.7194865345954895,-0.08452221751213074,-0.056098125874996185,-0.8685262799263,-0.11402823776006699,-0.060357801616191864,-0.990768551826477,-0.1213860809803009,-0.12402749061584473,-0.4311160445213318,-0.04917208105325699,-0.15085607767105103,-0.5124761462211609,-0.14174367487430573,-0.09442254900932312,-0.3719269633293152,-0.1535015106201172,-0.04850495606660843,-0.2615974545478821,-0.12672287225723267,-0.1921660453081131,-0.3353995680809021,-0.07037054747343063,-0.20649102330207825,-0.4145983159542084,-0.13939450681209564,-0.14659295976161957,-0.317193865776062,-0.12963739037513733,-0.09975197911262512,-0.22655192017555237,-0.10020507127046585,SOS
0.0,0.0,0.0,0.09571023285388947,-0.14907878637313843,-0.04848387464880943,0.10313885658979416,-0.3394314646720886,-0.06239929795265198,0.00502230878919363,-0.4317046105861664,-0.08011127263307571,-0.0814443975687027,-0.4619022309780121,-0.09587319940328598,0.04316701367497444,-0.5227361917495728,-0.017366008833050728,0.03085942566394806,-0.7306632995605469,-0.06032763421535492,0.01590755023062229,-0.8634272813796997,-0.08496833592653275,0.0004055728204548359,-0.9742788672447205,-0.09504925459623337,-0.042957451194524765,-0.49805498123168945,-0.02691441774368286,-0.04769608750939369,-0.7184744477272034,-0.07988987863063812,-0.05592934787273407,-0.8691161274909973,-0.10892973840236664,-0.06111901253461838,-0.9914016127586365,-0.11570386588573456,-0.12035936862230301,-0.4315018951892853,-0.04441588371992111,-0.14407113194465637,-0.5118746757507324,-0.13619305193424225,-0.09000241756439209,-0.3753366470336914,-0.14912748336791992,-0.04501805081963539,-0.265384316444397,-0.12289328873157501,-0.18943685293197632,-0.33675745129585266,-0.06435534358024597,-0.20360852777957916,-0.41846373677253723,-0.13288290798664093,-0.14370250701904297,-0.3251105844974518,-0.12388595193624496,-0.09558959305286407,-0.23445945978164673,-0.09468267858028412,SOS
0.0,0.0,0.0,0.09780856966972351,-0.14577755331993103,-0.049065686762332916,0.1079891100525856,-0.32809513807296753,-0.06487098336219788,0.012081410735845566,-0.4155985414981842,-0.08445598930120468,-0.07452191412448883,-0.4511566162109375,-0.10181798040866852,0.04671281948685646,-0.5302062034606934,-0.016767418012022972,0.03607887774705887,-0.739264965057373,-0.059437934309244156,0.02061530202627182,-0.8733772039413452,-0.0847291648387909,0.0033738184720277786,-0.9846875667572021,-0.09584525227546692,-0.03973545879125595,-0.505927562713623,-0.027308357879519463,-0.04554598405957222,-0.7257773876190186,-0.08008132874965668,-0.053698133677244186,-0.8723723292350769,-0.10990332067012787,-0.05924007296562195,-0.9913121461868286,-0.11743397265672684,-0.11655169725418091,-0.4361400604248047,-0.04595429077744484,-0.14054115116596222,-0.514965295791626,-0.13741005957126617,-0.08595529943704605,-0.37774458527565,-0.14997932314872742,-0.041304346174001694,-0.26898059248924255,-0.12418171763420105,-0.185513436794281,-0.33622267842292786,-0.06713002920150757,-0.19881762564182281,-0.4154958426952362,-0.13611817359924316,-0.14065730571746826,-0.32033833861351013,-0.1269005984067917,-0.09434928745031357,-0.2305486500263214,-0.09763466566801071,SOS
0.0,0.0,0.0,0.0939556434750557,-0.15088103711605072,-0.046496063470840454,0.09846784919500351,-0.3438265323638916,-0.05943460762500763,-0.0011737432796508074,-0.4355582296848297,-0.07628022879362106,-0.08886441588401794,-0.4653571844100952,-0.0909796729683876,0.03966353461146355,-0.5253616571426392,-0.014673885889351368,0.02847905270755291,-0.7311314344406128,-0.05558479204773903,0.01398475095629692,-0.8620944023132324,-0.07929258793592453,-0.0021022623404860497,-0.9708288908004761,-0.08912426978349686,-0.04657833278179169,-0.5007947683334351,-0.025014277547597885,-0.053480859845876694,-0.7225351333618164,-0.07507699728012085,-0.06226750463247299,-0.8713096380233765,-0.10300187021493912,-0.06852138042449951,-0.991612434387207,-0.10958858579397202,-0.12328844517469406,-0.43365779519081116,-0.04312571883201599,-0.14616483449935913,-0.5146383047103882,-0.1307763308286667,-0.09250111132860184,-0.3817870020866394,-0.14348222315311432,-0.04963109642267227,-0.27472662925720215,-0.11838671565055847,-0.19188131392002106,-0.3386863172054291,-0.06369265913963318,-0.20260348916053772,-0.4192514419555664,-0.1283426731824875,-0.14393584430217743,-0.3275206387042999,-0.11898148059844971,-0.09848284721374512,-0.23870326578617096,-0.09057854861021042,SOS
0.0,0.0,0.0,0.09082085639238358,-0.14958912134170532,-0.0462658628821373,0.09768255054950714,-0.3454173505306244,-0.05958819389343262,-0.0021632323041558266,-0.43614616990089417,-0.07703754305839539,-0.09332824498414993,-0.46220648288726807,-0.09253783524036407,0.03557271882891655,-0.5308926701545715,-0.013862588442862034,0.021984903141856194,-0.7302893996238708,-0.05562986806035042,0.006974106188863516,-0.8595385551452637,-0.07997685670852661,-0.00909848976880312,-0.9671304225921631,-0.09001968055963516,-0.050123680382966995,-0.5053480863571167,-0.024832708761096,-0.059649646282196045,-0.7249085903167725,-0.07536954432725906,-0.06819359958171844,-0.8730893135070801,-0.1031898781657219,-0.07337774336338043,-0.9912995100021362,-0.10927519202232361,-0.125401571393013,-0.4359939992427826,-0.043689750134944916,-0.1454068422317505,-0.5113236308097839,-0.1319902539253235,-0.09087766706943512,-0.3776138424873352,-0.14498722553253174,-0.04699607565999031,-0.26942160725593567,-0.11973012238740921,-0.19325216114521027,-0.33888310194015503,-0.06498154997825623,-0.20299091935157776,-0.41405999660491943,-0.1296471506357193,-0.14412201941013336,-0.3224044144153595,-0.12003882974386215,-0.0991794690489769,-0.23399008810520172,-0.09131419658660889,SOS
0.0,0.0,0.0,0.0900757685303688,-0.1468273103237152,-0.046947963535785675,0.09973286092281342,-0.33777347207069397,-0.06196674704551697,0.0015190872363746166,-0.430584192276001,-0.08075030148029327,-0.0904664471745491,-0.4556390941143036,-0.0973602831363678,0.03451340273022652,-0.5237522125244141,-0.018503226339817047,0.020871728658676147,-0.7290617227554321,-0.06062889099121094,0.004609823226928711,-0.8600603342056274,-0.08459743857383728,-0.013141695410013199,-0.967237651348114,-0.09406895935535431,-0.04926486685872078,-0.49864867329597473,-0.02920624613761902,-0.060343485325574875,-0.7234774231910706,-0.07906695455312729,-0.06980258226394653,-0.8730437159538269,-0.10618815571069717,-0.07607940584421158,-0.9907835721969604,-0.11207093298435211,-0.12315545976161957,-0.4299359619617462,-0.04744389280676842,-0.14151212573051453,-0.5099301338195801,-0.13353686034679413,-0.08758964389562607,-0.38078686594963074,-0.14550559222698212,-0.045157965272665024,-0.2751014530658722,-0.12027542293071747,-0.18961746990680695,-0.3334798216819763,-0.06810151785612106,-0.19770172238349915,-0.41383257508277893,-0.12988106906414032,-0.13831469416618347,-0.3255567252635956,-0.11870337277650833,-0.0936918780207634,-0.23766669631004333,-0.0894119143486023,SOS
0.0,0.0,0.0,0.08914247155189514,-0.15267539024353027,-0.04430214315652847,0.09565937519073486,-0.3366367220878601,-0.05993609130382538,-0.004627771209925413,-0.41885945200920105,-0.08023621141910553,-0.09279308468103409,-0.4498828053474426,-0.09848149120807648,0.033767443150281906,-0.5287089347839355,-0.013667033985257149,0.022354034706950188,-0.7333376407623291,-0.055838845670223236,0.009326888248324394,-0.8649124503135681,-0.0813707560300827,-0.00738665834069252,-0.972690761089325,-0.09241162985563278,-0.04932617396116257,-0.5012789964675903,-0.02712174691259861,-0.05775987729430199,-0.7261041402816772,-0.07669757306575775,-0.06542498618364334,-0.8728370666503906,-0.10523295402526855,-0.07208164781332016,-0.9910058379173279,-0.11274605989456177,-0.12167233973741531,-0.4305190443992615,-0.048386577516794205,-0.1381053626537323,-0.5142785310745239,-0.13427458703517914,-0.08441819995641708,-0.3845997452735901,-0.14559464156627655,-0.044160909950733185,-0.2807876169681549,-0.12055180966854095,-0.18831153213977814,-0.3293241560459137,-0.07205943018198013,-0.19751283526420593,-0.41585245728492737,-0.1342146396636963,-0.13926570117473602,-0.3270256221294403,-0.12241087108850479,-0.0957225114107132,-0.23907585442066193,-0.09287417680025101,SOS
0.0,0.0,0.0,0.08833317458629608,-0.1479751020669937,-0.047936707735061646,0.09586748480796814,-0.3362618684768677,-0.06409052759408951,0.0012972017284482718,-0.4283336102962494,-0.08368054032325745,-0.08972542732954025,-0.45373740792274475,-0.10069812089204788,0.032079700380563736,-0.5211386680603027,-0.02210434339940548,0.017539072781801224,-0.7292343378067017,-0.06510568410158157,0.0011507378658279777,-0.8597894906997681,-0.0889500230550766,-0.016824278980493546,-0.9671211242675781,-0.09792942553758621,-0.05155956745147705,-0.49702367186546326,-0.031699780374765396,-0.060948796570301056,-0.7231281995773315,-0.0817442461848259,-0.06997109949588776,-0.8730558753013611,-0.10854103416204453,-0.07578746229410172,-0.9905679225921631,-0.11415600031614304,-0.1265718936920166,-0.42963382601737976,-0.04866967350244522,-0.1408197432756424,-0.5066187977790833,-0.1330655962228775,-0.08735674619674683,-0.37797680497169495,-0.14445625245571136,-0.04461919516324997,-0.2724897265434265,-0.11938099563121796,-0.19419193267822266,-0.33551400899887085,-0.06830644607543945,-0.19650720059871674,-0.40563806891441345,-0.12791408598423004,-0.1378028392791748,-0.31866955757141113,-0.11675957590341568,-0.09409730136394501,-0.23364882171154022,-0.08798027783632278,SOS
0.0,0.0,0.0,0.09002799540758133,-0.1446334719657898,-0.04728874936699867,0.10313427448272705,-0.3319217562675476,-0.06297700852155685,0.00813068263232708,-0.4236021339893341,-0.08203843981027603,-0.08182834833860397,-0.44893643260002136,-0.09866699576377869,0.03584141656756401,-0.5204964876174927,-0.022137092426419258,0.024550920352339745,-0.7247263193130493,-0.06526174396276474,0.009300974197685719,-0.8533933162689209,-0.0896003320813179,-0.00773914298042655,-0.9599986672401428,-0.0989990159869194,-0.04640522226691246,-0.49829941987991333,-0.03198334202170372,-0.054330091923475266,-0.7226800322532654,-0.08148746192455292,-0.062069233506917953,-0.8721447587013245,-0.10826563090085983,-0.0671345591545105,-0.9911982417106628,-0.11410026997327805,-0.11944431811571121,-0.4322158098220825,-0.04908636584877968,-0.13159723579883575,-0.5091314911842346,-0.13224679231643677,-0.07995133101940155,-0.3805121183395386,-0.1432601660490036,-0.03977913782000542,-0.27561208605766296,-0.11840648204088211,-0.18617403507232666,-0.33884304761886597,-0.06877551227807999,-0.18709838390350342,-0.4109158515930176,-0.12647093832492828,-0.13132035732269287,-0.3251402676105499,-0.11437603831291199,-0.09148744493722916,-0.2417748123407364,-0.08543933928012848,SOS
0.0,0.0,0.0,0.09008853882551193,-0.14698688685894012,-0.04706800729036331,0.10370097309350967,-0.3328283727169037,-0.06320023536682129,0.013201525434851646,-0.42587730288505554,-0.08309545367956161,-0.07405209541320801,-0.45417138934135437,-0.100567527115345,0.036327097564935684,-0.5240114331245422,-0.02315247245132923,0.02556551992893219,-0.7321868538856506,-0.06654403358697891,0.01088698673993349,-0.8635541796684265,-0.09069564193487167,-0.006273977924138308,-0.9711666703224182,-0.09988738596439362,-0.045936089009046555,-0.5001394152641296,-0.03321865200996399,-0.053560398519039154,-0.724170446395874,-0.08328855037689209,-0.06179047375917435,-0.8735188841819763,-0.11034601181745529,-0.06707657128572464,-0.9909173250198364,-0.11654847860336304,-0.11943257600069046,-0.4338010549545288,-0.05046449601650238,-0.13032212853431702,-0.5081908702850342,-0.13315322995185852,-0.07951485365629196,-0.3811987340450287,-0.14400403201580048,-0.03910815343260765,-0.2758275270462036,-0.11931528896093369,-0.18636079132556915,-0.34071439504623413,-0.07048732787370682,-0.1887930929660797,-0.41062667965888977,-0.12770935893058777,-0.13264872133731842,-0.32521140575408936,-0.11588765680789948,-0.09069947898387909,-0.2400587499141693,-0.08719339221715927,SOS
0.0,0.0,0.0,0.08974042534828186,-0.15270859003067017,-0.04434968903660774,0.09783727675676346,-0.33570268750190735,-0.05943994224071503,0.002543203765526414,-0.4180268347263336,-0.07910565286874771,-0.0814429223537445,-0.4480227530002594,-0.09646771103143692,0.034710947424173355,-0.5307163596153259,-0.014827958308160305,0.024288665503263474,-0.737233579158783,-0.05603482201695442,0.01178041659295559,-0.8688345551490784,-0.08015471696853638,-0.004223532043397427,-0.9756134152412415,-0.08956034481525421,-0.04784495383501053,-0.5031920075416565,-0.027993908151984215,-0.05321747437119484,-0.7276012301445007,-0.07643266767263412,-0.06100856512784958,-0.8751229643821716,-0.10396821796894073,-0.06756970286369324,-0.9916027188301086,-0.1102643609046936,-0.12071176618337631,-0.4331079423427582,-0.04892805591225624,-0.12895567715168,-0.5094172358512878,-0.13354606926441193,-0.07626957446336746,-0.37926334142684937,-0.14558428525924683,-0.03652871772646904,-0.2743017077445984,-0.12059717625379562,-0.18782639503479004,-0.3335378170013428,-0.07238815724849701,-0.19080401957035065,-0.4130106568336487,-0.1324699968099594,-0.1322227418422699,-0.3254808783531189,-0.12101064622402191,-0.08823152631521225,-0.23850546777248383,-0.09165771305561066,SOS
0.0,0.0,0.0,0.08996667712926865,-0.14571106433868408,-0.04619303345680237,0.10344750434160233,-0.3304170072078705,-0.06217147037386894,0.011881384067237377,-0.42132240533828735,-0.0822458416223526,-0.07540873438119888,-0.4471290409564972,-0.09987157583236694,0.03343851864337921,-0.519926130771637,-0.02200155146420002,0.02459588274359703,-0.7264642715454102,-0.06541787832975388,0.011653280816972256,-0.8561229705810547,-0.08936585485935211,-0.004460661206394434,-0.9623967409133911,-0.09804267436265945,-0.047647614032030106,-0.4972681999206543,-0.03264271840453148,-0.05222271382808685,-0.7232419848442078,-0.08239194005727768,-0.057946689426898956,-0.8736005425453186,-0.10918326675891876,-0.06239868327975273,-0.9914292097091675,-0.11478089541196823,-0.12061343342065811,-0.43103888630867004,-0.05041656270623207,-0.1259099245071411,-0.5059356093406677,-0.1329858899116516,-0.07486450672149658,-0.37854811549186707,-0.14376592636108398,-0.03616822138428688,-0.2722024619579315,-0.11860072612762451,-0.1880473643541336,-0.33744016289711,-0.07078108191490173,-0.18521684408187866,-0.40953150391578674,-0.12666623294353485,-0.12916679680347443,-0.3248916566371918,-0.11340851336717606,-0.08945687115192413,-0.23901815712451935,-0.0836094319820404,SOS
0.0,0.0,0.0,0.09011300653219223,-0.14344196021556854,-0.047576725482940674,0.10981304943561554,-0.33048751950263977,-0.06315436214208603,0.02011004462838173,-0.42559224367141724,-0.08270550519227982,-0.0678066685795784,-0.4547397792339325,-0.09959428757429123,0.03986986726522446,-0.523764967918396,-0.02146736904978752,0.03280609846115112,-0.7339382767677307,-0.06514143943786621,0.020333729684352875,-0.865432620048523,-0.08923504501581192,0.00516083836555481,-0.9733304381370544,-0.09782174974679947,-0.04151998087763786,-0.5022992491722107,-0.031122935935854912,-0.04642894119024277,-0.725058913230896,-0.08186005055904388,-0.05336945131421089,-0.8747422099113464,-0.10916676372289658,-0.05779831483960152,-0.9917102456092834,-0.11476108431816101,-0.11460782587528229,-0.4384813904762268,-0.0482126884162426,-0.11400527507066727,-0.5090345144271851,-0.13114584982395172,-0.0654207170009613,-0.3795278072357178,-0.14166948199272156,-0.028970373794436455,-0.271798700094223,-0.11598764359951019,-0.18301177024841309,-0.34754037857055664,-0.0681823343038559,-0.17691104114055634,-0.41555720567703247,-0.12373446673154831,-0.12253719568252563,-0.33155280351638794,-0.11069080978631973,-0.08436934649944305,-0.2467540055513382,-0.08084043860435486,SOS
0.0,0.0,0.0,0.09010450541973114,-0.14568887650966644,-0.04559973254799843,0.10816816240549088,-0.33025282621383667,-0.06108121946454048,0.024835798889398575,-0.4256760776042938,-0.08098036050796509,-0.06234307959675789,-0.4530091881752014,-0.09863440692424774,0.039447203278541565,-0.5267118811607361,-0.023154262453317642,0.033802129328250885,-0.73387610912323,-0.06765003502368927,0.021235987544059753,-0.8651982545852661,-0.09226462990045547,0.005248273257166147,-0.9723785519599915,-0.1009383574128151,-0.043612055480480194,-0.5059303045272827,-0.03391352295875549,-0.04752914980053902,-0.7253961563110352,-0.08524402230978012,-0.0543648824095726,-0.8752579689025879,-0.11263824999332428,-0.05864110589027405,-0.9912728667259216,-0.11806462705135345,-0.11886803060770035,-0.4417695999145508,-0.05176200717687607,-0.11319026350975037,-0.5040480494499207,-0.13397666811943054,-0.06473709642887115,-0.37640053033828735,-0.14526090025901794,-0.028234142810106277,-0.2690397799015045,-0.12012366950511932,-0.18852199614048004,-0.35045126080513,-0.07243749499320984,-0.17612908780574799,-0.41047403216362,-0.12612295150756836,-0.1221536323428154,-0.32851168513298035,-0.1137290894985199,-0.08413373678922653,-0.24542590975761414,-0.08460747450590134,SOS
0.0,0.0,0.0,0.09129384905099869,-0.1385035514831543,-0.046635523438453674,0.11275731772184372,-0.32171815633773804,-0.06292858719825745,0.03342091292142868,-0.41844722628593445,-0.08330391347408295,-0.051707230508327484,-0.44768938422203064,-0.10125936567783356,0.04109026491641998,-0.524040699005127,-0.024483514949679375,0.03648153692483902,-0.7302325367927551,-0.06942888349294662,0.02495921589434147,-0.8609669804573059,-0.09430794417858124,0.009897958487272263,-0.9679848551750183,-0.1032213345170021,-0.040535956621170044,-0.5038471221923828,-0.035268135368824005,-0.043218944221735,-0.7265051007270813,-0.08746302127838135,-0.04800933599472046,-0.8757272362709045,-0.11533644050359726,-0.05144573748111725,-0.9913361668586731,-0.12085533142089844,-0.11509568989276886,-0.440065860748291,-0.053083792328834534,-0.10958224534988403,-0.5080405473709106,-0.13700124621391296,-0.0605744868516922,-0.3766610324382782,-0.14751842617988586,-0.024769358336925507,-0.2686668336391449,-0.1214112713932991,-0.18469426035881042,-0.34879180788993835,-0.07359769940376282,-0.17040976881980896,-0.413413941860199,-0.1292361170053482,-0.11593110859394073,-0.32645541429519653,-0.11581876128911972,-0.07948711514472961,-0.24116092920303345,-0.08543132990598679,SOS
0.0,0.0,0.0,0.09444054216146469,-0.1391613781452179,-0.04746927320957184,0.11865472048521042,-0.3242529034614563,-0.06312593072652817,0.03574034199118614,-0.4186194837093353,-0.08256278187036514,-0.052238307893276215,-0.4416869580745697,-0.09969757497310638,0.042416468262672424,-0.5246909856796265,-0.023678651079535484,0.03728367015719414,-0.7330724596977234,-0.06746745109558105,0.024082941934466362,-0.8649184107780457,-0.0912456139922142,0.00776898255571723,-0.972226619720459,-0.09937286376953125,-0.03970508277416229,-0.5033204555511475,-0.03348942846059799,-0.041655801236629486,-0.7243813872337341,-0.08514393121004105,-0.04693000391125679,-0.874692440032959,-0.11320116370916367,-0.050264034420251846,-0.9916256666183472,-0.11896246671676636,-0.11482751369476318,-0.44003987312316895,-0.050377678126096725,-0.1046055480837822,-0.50658118724823,-0.13443981111049652,-0.05605723336338997,-0.37521445751190186,-0.14599810540676117,-0.020769676193594933,-0.26699548959732056,-0.12051389366388321,-0.1848643273115158,-0.35034334659576416,-0.06997113674879074,-0.1660802662372589,-0.4118279218673706,-0.12586450576782227,-0.1118609681725502,-0.3227129578590393,-0.11326052248477936,-0.07543224841356277,-0.23568838834762573,-0.08346851915121078,SOS
0.0,0.0,0.0,0.09210209548473358,-0.1480989307165146,-0.047045160084962845,0.10825829207897186,-0.33421802520751953,-0.06284785270690918,0.017953118309378624,-0.42260798811912537,-0.08257851749658585,-0.06852979958057404,-0.45031073689460754,-0.10013526678085327,0.04041272774338722,-0.5301462411880493,-0.018466442823410034,0.03389575704932213,-0.7345949411392212,-0.061317186802625656,0.021935632452368736,-0.8647450804710388,-0.08614903688430786,0.006200176198035479,-0.9703276753425598,-0.09522446244955063,-0.04212995618581772,-0.5050261616706848,-0.0299957524985075,-0.043420616537332535,-0.7288552522659302,-0.07983500510454178,-0.046159446239471436,-0.8769219517707825,-0.10701020807027817,-0.04901614785194397,-0.9924741983413696,-0.1122162863612175,-0.11662731319665909,-0.43843695521354675,-0.04943491891026497,-0.11234080791473389,-0.5121970772743225,-0.13500061631202698,-0.06181266903877258,-0.38042569160461426,-0.14690682291984558,-0.026209887117147446,-0.2723996341228485,-0.12103968858718872,-0.187240868806839,-0.3432176113128662,-0.07154670357704163,-0.1770126074552536,-0.4200238585472107,-0.13018858432769775,-0.12117889523506165,-0.3309946060180664,-0.11757293343544006,-0.08301395922899246,-0.2417185753583908,-0.08726358413696289,SOS
0.0,0.0,0.0,0.09334100037813187,-0.13854433596134186,-0.049736764281988144,0.11473017930984497,-0.3271165192127228,-0.06607107818126678,0.033271849155426025,-0.4266224503517151,-0.08567202836275101,-0.053128063678741455,-0.4660627543926239,-0.10241208225488663,0.041134875267744064,-0.5226776599884033,-0.0255059115588665,0.03574935719370842,-0.7332990169525146,-0.07042950391769409,0.02223598212003708,-0.8656163811683655,-0.09481673687696457,0.005907862912863493,-0.9732844829559326,-0.1033480241894722,-0.04105487838387489,-0.5004426836967468,-0.034343231469392776,-0.04164384305477142,-0.724748969078064,-0.08782019466161728,-0.044882480055093765,-0.8741576075553894,-0.11622019112110138,-0.04765670746564865,-0.9913784265518188,-0.12205614149570465,-0.11687257885932922,-0.43776044249534607,-0.05049179121851921,-0.10446155816316605,-0.5082339644432068,-0.13532668352127075,-0.055803459137678146,-0.37326714396476746,-0.1437118798494339,-0.02298111282289028,-0.2654699683189392,-0.11629606783390045,-0.1884874403476715,-0.3493671417236328,-0.06971423327922821,-0.1681215465068817,-0.4150781035423279,-0.12518927454948425,-0.1158173531293869,-0.3247118592262268,-0.11016158014535904,-0.08370338380336761,-0.23969005048274994,-0.0789637491106987,SOS
0.0,0.0,0.0,0.09239737689495087,-0.14068269729614258,-0.04706578329205513,0.1117478609085083,-0.33031928539276123,-0.06182795763015747,0.033837758004665375,-0.43128854036331177,-0.08027277141809464,-0.051281001418828964,-0.47075730562210083,-0.09598913043737411,0.038097888231277466,-0.5258477330207825,-0.022667240351438522,0.03589631989598274,-0.7327653765678406,-0.06624678522348404,0.02351635880768299,-0.8627122640609741,-0.09007172286510468,0.0073525975458323956,-0.9683260321617126,-0.09838315844535828,-0.04449523985385895,-0.5041584372520447,-0.03258688375353813,-0.0470263846218586,-0.7256307601928711,-0.08468632400035858,-0.05063721165060997,-0.8750416040420532,-0.11226648837327957,-0.0533955879509449,-0.9916033744812012,-0.117778480052948,-0.12057770043611526,-0.4398863613605499,-0.049655936658382416,-0.10400795191526413,-0.5090605020523071,-0.13307079672813416,-0.05453696846961975,-0.3769954741001129,-0.14141613245010376,-0.02197207883000374,-0.2681141197681427,-0.11422833055257797,-0.19172176718711853,-0.348598450422287,-0.06965415179729462,-0.16782911121845245,-0.41532397270202637,-0.12435799837112427,-0.1146220788359642,-0.32723844051361084,-0.10956411808729172,-0.08288028836250305,-0.23997920751571655,-0.07858922332525253,SOS
0.0,0.0,0.0,0.08960244804620743,-0.14611604809761047,-0.04559311643242836,0.10331062972545624,-0.3333788216114044,-0.06054362282156944,0.02707613632082939,-0.4343167245388031,-0.08017230778932571,-0.05586794391274452,-0.48183944821357727,-0.09682761132717133,0.03590451925992966,-0.5233114957809448,-0.0202410239726305,0.03266008943319321,-0.730083703994751,-0.06479071825742722,0.0200359970331192,-0.8602526187896729,-0.08933983743190765,0.003645168151706457,-0.9665770530700684,-0.09789720922708511,-0.045826505869627,-0.5026658177375793,-0.030858386307954788,-0.04538000002503395,-0.7239292860031128,-0.08415674418210983,-0.050299063324928284,-0.8741620182991028,-0.11252908408641815,-0.0545843206346035,-0.9914766550064087,-0.11829894781112671,-0.12282821536064148,-0.4404029846191406,-0.048835474997758865,-0.10613752901554108,-0.5092813968658447,-0.132518008351326,-0.057207848876714706,-0.37761321663856506,-0.14055028557777405,-0.02414146065711975,-0.2694510519504547,-0.1128649041056633,-0.19488851726055145,-0.3513376712799072,-0.06980188935995102,-0.17189821600914001,-0.4194239675998688,-0.12377481162548065,-0.11818821728229523,-0.3337411880493164,-0.1086735725402832,-0.08401154726743698,-0.24754533171653748,-0.07736563682556152,SOS
0.0,0.0,0.0,0.08956579864025116,-0.14323996007442474,-0.04703480750322342,0.10584700107574463,-0.32739171385765076,-0.06234032288193703,0.029484523460268974,-0.42354682087898254,-0.0821714773774147,-0.05354141443967819,-0.4676629304885864,-0.09903187304735184,0.03377847746014595,-0.5284654498100281,-0.022634921595454216,0.027112368494272232,-0.7335095405578613,-0.0681399405002594,0.012696699239313602,-0.8627675175666809,-0.09262974560260773,-0.006547990255057812,-0.9677228331565857,-0.10037867724895477,-0.04701520875096321,-0.5073997974395752,-0.032780881971120834,-0.04590822383761406,-0.7263761162757874,-0.08554130792617798,-0.0499088279902935,-0.8760530948638916,-0.11295440047979355,-0.054754044860601425,-0.9915767908096313,-0.11737757921218872,-0.12222477048635483,-0.44350773096084595,-0.05059550702571869,-0.10158578306436539,-0.5030628442764282,-0.13411402702331543,-0.04969228431582451,-0.37235313653945923,-0.14403599500656128,-0.014527975581586361,-0.2653428912162781,-0.11724983155727386,-0.19284075498580933,-0.35216444730758667,-0.0715104341506958,-0.1656070500612259,-0.41011518239974976,-0.12400210648775101,-0.11177307367324829,-0.3266541063785553,-0.11003019660711288,-0.0774269700050354,-0.2446753978729248,-0.07968883961439133,SOS
0.0,0.0,0.0,0.08929654210805893,-0.14285214245319366,-0.046230535954236984,0.107388935983181,-0.32625165581703186,-0.06272929906845093,0.027163509279489517,-0.4228074252605438,-0.08340469002723694,-0.0585363432765007,-0.4572976529598236,-0.10137926042079926,0.03478643298149109,-0.5281526446342468,-0.022340547293424606,0.03056562878191471,-0.7281495332717896,-0.06653918325901031,0.01932665891945362,-0.8551931381225586,-0.09167623519897461,0.0033805700950324535,-0.958840012550354,-0.10055181384086609,-0.04709919914603233,-0.5085141062736511,-0.03323707357048988,-0.04529573395848274,-0.7280692458152771,-0.08434738218784332,-0.049493469297885895,-0.8777857422828674,-0.11063668131828308,-0.053612034767866135,-0.9919379949569702,-0.1148252785205841,-0.12234095484018326,-0.44602087140083313,-0.05164976790547371,-0.10628660768270493,-0.5122944712638855,-0.13469216227531433,-0.054714471101760864,-0.3830721974372864,-0.14490005373954773,-0.01828662119805813,-0.2745964229106903,-0.11842074245214462,-0.19282320141792297,-0.3541460633277893,-0.07308455556631088,-0.16900312900543213,-0.41876351833343506,-0.12857188284397125,-0.1121712252497673,-0.3316752314567566,-0.11625503748655319,-0.07383772730827332,-0.24328041076660156,-0.08632180839776993,SOS
0.0,0.0,0.0,0.09253576397895813,-0.1373816430568695,-0.04760030284523964,0.10937855392694473,-0.32688137888908386,-0.06112184375524521,0.03163306787610054,-0.4261225461959839,-0.07887730747461319,-0.043868545442819595,-0.4735161364078522,-0.09348110109567642,0.037557393312454224,-0.5194870233535767,-0.023235466331243515,0.035063643008470535,-0.7246938943862915,-0.06841320544481277,0.021647203713655472,-0.85353684425354,-0.09188584238290787,0.004691713023930788,-0.9595378637313843,-0.09921709448099136,-0.04412950575351715,-0.49964022636413574,-0.032432980835437775,-0.040266361087560654,-0.7184249758720398,-0.08767960220575333,-0.04394635930657387,-0.8711158037185669,-0.11653503775596619,-0.04702769219875336,-0.9914301633834839,-0.12187974154949188,-0.11969362944364548,-0.43981727957725525,-0.04901944473385811,-0.09709705412387848,-0.5062198042869568,-0.13555696606636047,-0.04510599374771118,-0.37042686343193054,-0.14483895897865295,-0.009493144229054451,-0.25923407077789307,-0.11689784377813339,-0.18966123461723328,-0.3529265522956848,-0.06858234852552414,-0.15931911766529083,-0.4152064621448517,-0.12376151978969574,-0.1059279516339302,-0.3288980722427368,-0.11016922444105148,-0.0725119337439537,-0.24496328830718994,-0.0796218067407608,SOS
0.0,0.0,0.0,0.09201743453741074,-0.1337912529706955,-0.04784543439745903,0.11228293180465698,-0.32145434617996216,-0.06239944323897362,0.036791592836380005,-0.4216683804988861,-0.08095057308673859,-0.0408916249871254,-0.4686804413795471,-0.09635058045387268,0.03997332975268364,-0.5161551833152771,-0.024960871785879135,0.03882208839058876,-0.7198507785797119,-0.07039328664541245,0.02675001136958599,-0.8475838899612427,-0.09418507665395737,0.01006745919585228,-0.9530845284461975,-0.10191074013710022,-0.040892984718084335,-0.49783018231391907,-0.034722112119197845,-0.03583596274256706,-0.7178743481636047,-0.09007934480905533,-0.03835352137684822,-0.8706271648406982,-0.11907027661800385,-0.042260266840457916,-0.9913080334663391,-0.12458900362253189,-0.11577263474464417,-0.43891188502311707,-0.05171213671565056,-0.0882616937160492,-0.505856990814209,-0.13865578174591064,-0.03568779304623604,-0.37193766236305237,-0.1482088267803192,-0.001915749511681497,-0.26251164078712463,-0.12059646844863892,-0.1850883811712265,-0.35258835554122925,-0.0715816542506218,-0.1510319858789444,-0.4170825779438019,-0.12773002684116364,-0.09691976010799408,-0.3296946883201599,-0.11396627128124237,-0.06455517560243607,-0.24353109300136566,-0.08318647742271423,SOS
0.0,0.0,0.0,0.09111429005861282,-0.13277116417884827,-0.051543787121772766,0.11225239187479019,-0.3179216682910919,-0.068899005651474,0.042067959904670715,-0.42179492115974426,-0.0902688056230545,-0.029947554692626,-0.4820097088813782,-0.10801098495721817,0.036699939519166946,-0.5215197205543518,-0.02756439335644245,0.03349004685878754,-0.721743643283844,-0.07522264868021011,0.01980557292699814,-0.8488421440124512,-0.10059921443462372,0.0004936885670758784,-0.9545096158981323,-0.10920338332653046,-0.04483497515320778,-0.5015173554420471,-0.03675801306962967,-0.03817751258611679,-0.7191621661186218,-0.09483295679092407,-0.040578700602054596,-0.8717453479766846,-0.12422461062669754,-0.04551444202661514,-0.9905673265457153,-0.12924738228321075,-0.1203322559595108,-0.44125455617904663,-0.05401288717985153,-0.08759013563394547,-0.5032253861427307,-0.14480172097682953,-0.03396998718380928,-0.367572158575058,-0.15499922633171082,-0.00015306750719901174,-0.2574242651462555,-0.12650035321712494,-0.1906600147485733,-0.35424312949180603,-0.07452717423439026,-0.15172015130519867,-0.4183352291584015,-0.13325080275535583,-0.09763673692941666,-0.3312249183654785,-0.12064912170171738,-0.06588444858789444,-0.2456425279378891,-0.09001540392637253,SOS
0.0,0.0,0.0,0.0899716168642044,-0.13468411564826965,-0.05150938034057617,0.1118532046675682,-0.325038880109787,-0.06758046895265579,0.04649389162659645,-0.43602386116981506,-0.0876619815826416,-0.02551286853849888,-0.5018180012702942,-0.10398250818252563,0.03514951467514038,-0.5254936218261719,-0.02524879388511181,0.03537395969033241,-0.7241201400756836,-0.07317725569009781,0.02382093295454979,-0.8511192798614502,-0.09851398319005966,0.007982839830219746,-0.9575405716896057,-0.10674120485782623,-0.04679673910140991,-0.5073286294937134,-0.033875953406095505,-0.03984881564974785,-0.7244377136230469,-0.09239563345909119,-0.0395401231944561,-0.8747348189353943,-0.12136226147413254,-0.03996077552437782,-0.9912945628166199,-0.12545152008533478,-0.12230656296014786,-0.44842469692230225,-0.0507391057908535,-0.08159156143665314,-0.5069552063941956,-0.1411868780851364,-0.031745389103889465,-0.3670039474964142,-0.1502731293439865,-0.0013125360710546374,-0.2541884481906891,-0.12070971727371216,-0.1919035017490387,-0.3632788062095642,-0.07111308723688126,-0.1450219303369522,-0.4193693995475769,-0.12910796701908112,-0.09395430237054825,-0.33119839429855347,-0.11692318320274353,-0.06574935466051102,-0.24742485582828522,-0.08640387654304504,SOS
0.0,0.0,0.0,0.08880972117185593,-0.13340167701244354,-0.0506250374019146,0.11212599277496338,-0.3206486999988556,-0.06765026599168777,0.05863233655691147,-0.43750885128974915,-0.08905791491270065,-0.004588705953210592,-0.5136681795120239,-0.10638219118118286,0.03381183370947838,-0.520785927772522,-0.024395016953349113,0.03364205360412598,-0.7197248935699463,-0.07440461963415146,0.02280232682824135,-0.846700131893158,-0.10109560936689377,0.006985789630562067,-0.9537350535392761,-0.1099260002374649,-0.04661013185977936,-0.5038859844207764,-0.03343123197555542,-0.03699461743235588,-0.7245628237724304,-0.09445122629404068,-0.034381769597530365,-0.8746556639671326,-0.1243523359298706,-0.033912237733602524,-0.9911410808563232,-0.1284109652042389,-0.12269885092973709,-0.44835683703422546,-0.05064331740140915,-0.08050863444805145,-0.5063014626502991,-0.14253491163253784,-0.029216259717941284,-0.36888357996940613,-0.15045085549354553,0.0017778485780581832,-0.25927743315696716,-0.11966908723115921,-0.19376058876514435,-0.3669232726097107,-0.0713135376572609,-0.1415342092514038,-0.41903096437454224,-0.13019971549510956,-0.08983359485864639,-0.32428786158561707,-0.11688664555549622,-0.06323140114545822,-0.23785990476608276,-0.08501911163330078,SOS
0.0,0.0,0.0,0.09191828221082687,-0.13327136635780334,-0.05172049254179001,0.11749771982431412,-0.32389816641807556,-0.07119444012641907,0.05636515095829964,-0.43984028697013855,-0.09393958747386932,-0.01815248839557171,-0.506348192691803,-0.1126711443066597,0.04257914423942566,-0.5179418921470642,-0.03193850442767143,0.04329245537519455,-0.7251781821250916,-0.08293075859546661,0.0332111120223999,-0.8554349541664124,-0.10989682376384735,0.01992042176425457,-0.9641934037208557,-0.11907463520765305,-0.040649425238370895,-0.5001873970031738,-0.040442682802677155,-0.033428456634283066,-0.7241940498352051,-0.10042020678520203,-0.03314600884914398,-0.8746578693389893,-0.1283516138792038,-0.03262235224246979,-0.9907035231590271,-0.13206900656223297,-0.11848817765712738,-0.4436068534851074,-0.056626006960868835,-0.0849946141242981,-0.5096392631530762,-0.14612801373004913,-0.035649169236421585,-0.37514421343803406,-0.15131737291812897,-0.004473593086004257,-0.26653575897216797,-0.12011676281690598,-0.1904350221157074,-0.3602851331233978,-0.07641226053237915,-0.14518821239471436,-0.41606712341308594,-0.13476723432540894,-0.09160337597131729,-0.3222562372684479,-0.11999640613794327,-0.06260266900062561,-0.23558589816093445,-0.0874929130077362,SOS
0.0,0.0,0.0,0.09229154884815216,-0.12920568883419037,-0.051579106599092484,0.11614014953374863,-0.3176273703575134,-0.06860408186912537,0.05309354513883591,-0.4279986023902893,-0.08920136839151382,-0.01010819897055626,-0.5027368068695068,-0.10576147586107254,0.03821749612689018,-0.5176307559013367,-0.02716253325343132,0.041496340185403824,-0.7201356887817383,-0.0757056325674057,0.032179541885852814,-0.8503109812736511,-0.10106215626001358,0.017555009573698044,-0.9585513472557068,-0.10926742851734161,-0.04431474953889847,-0.5000704526901245,-0.03577534109354019,-0.03416382893919945,-0.7244350910186768,-0.0942147970199585,-0.03165758028626442,-0.8756006956100464,-0.12216482311487198,-0.0317000113427639,-0.9915643930435181,-0.12567874789237976,-0.12056833505630493,-0.4437338709831238,-0.05244150385260582,-0.07975838333368301,-0.5125470161437988,-0.14337056875228882,-0.029088573530316353,-0.3746630549430847,-0.15103782713413239,0.0011519284453243017,-0.26266705989837646,-0.12080083042383194,-0.19137273728847504,-0.35960501432418823,-0.07237917184829712,-0.139764666557312,-0.42114436626434326,-0.1325092315673828,-0.08697300404310226,-0.3272289037704468,-0.11931105703115463,-0.05916065350174904,-0.23935946822166443,-0.0876341313123703,SOS
0.0,0.0,0.0,0.0909690409898758,-0.12897081673145294,-0.0541628897190094,0.11782187223434448,-0.3165614604949951,-0.07449604570865631,0.05846133083105087,-0.43105193972587585,-0.09842284768819809,-0.007918987423181534,-0.5091515183448792,-0.11816194653511047,0.04123244062066078,-0.5178403854370117,-0.03076215088367462,0.044873159378767014,-0.7246958613395691,-0.08252962678670883,0.03536101058125496,-0.8568160533905029,-0.10957956314086914,0.020832126960158348,-0.9663761854171753,-0.11830970644950867,-0.0396682471036911,-0.49814823269844055,-0.03909946605563164,-0.023442327976226807,-0.7226446866989136,-0.10140972584486008,-0.02088172733783722,-0.8746474981307983,-0.13022731244564056,-0.02140665240585804,-0.9907863140106201,-0.13373231887817383,-0.11651892960071564,-0.4407455623149872,-0.055784184485673904,-0.07483534514904022,-0.5099957585334778,-0.15118145942687988,-0.0266940388828516,-0.36367514729499817,-0.15672530233860016,0.0026696166023612022,-0.24696685373783112,-0.12367656826972961,-0.1881486177444458,-0.3563442826271057,-0.07585655897855759,-0.13561873137950897,-0.42085185647010803,-0.13906623423099518,-0.08343486487865448,-0.3187476098537445,-0.12372317165136337,-0.05643884092569351,-0.22508682310581207,-0.08946886658668518,SOS
0.0,0.0,0.0,0.09278285503387451,-0.12518952786922455,-0.055407412350177765,0.12371154874563217,-0.3137426972389221,-0.07710900157690048,0.066847063601017,-0.43148255348205566,-0.10218905657529831,-0.003229419933632016,-0.5102596879005432,-0.12329994142055511,0.047907404601573944,-0.5214821696281433,-0.032100364565849304,0.05269031599164009,-0.7285019755363464,-0.08391737937927246,0.04365355521440506,-0.8600059151649475,-0.1115555688738823,0.030340349301695824,-0.9704264998435974,-0.12105301022529602,-0.03424518555402756,-0.5005200505256653,-0.04080869257450104,-0.018964290618896484,-0.7242575287818909,-0.10373999923467636,-0.015404468402266502,-0.8746746778488159,-0.13314034044742584,-0.014685871079564095,-0.9904271960258484,-0.13725246489048004,-0.1126723363995552,-0.44205984473228455,-0.057859670370817184,-0.06777910888195038,-0.5155811905860901,-0.1557025909423828,-0.01993832364678383,-0.3646390736103058,-0.16087844967842102,0.007389395032078028,-0.2452349215745926,-0.12722817063331604,-0.1864602416753769,-0.3567974269390106,-0.07818753272294998,-0.13140778243541718,-0.4293813407421112,-0.14458666741847992,-0.08008965849876404,-0.32279038429260254,-0.12868128716945648,-0.05595175921916962,-0.22496631741523743,-0.09358402341604233,SOS
0.0,0.0,0.0,0.09496045857667923,-0.12604892253875732,-0.053455524146556854,0.12481176853179932,-0.31495606899261475,-0.07347926497459412,0.06873885542154312,-0.43070513010025024,-0.09684121608734131,0.0002379493962507695,-0.5074301362037659,-0.11614527553319931,0.05004860833287239,-0.5214842557907104,-0.02966189943253994,0.055561937391757965,-0.7279448509216309,-0.07976110279560089,0.04767266660928726,-0.8578991293907166,-0.1066313311457634,0.035705044865608215,-0.9669193625450134,-0.1158309206366539,-0.03275904431939125,-0.501885175704956,-0.038576219230890274,-0.018792707473039627,-0.7253314256668091,-0.09927485138177872,-0.015343614853918552,-0.8752577900886536,-0.128152996301651,-0.013853167183697224,-0.9911186695098877,-0.1322566270828247,-0.11145706474781036,-0.44503310322761536,-0.05560748651623726,-0.06821903586387634,-0.5170279741287231,-0.1501801460981369,-0.021835392341017723,-0.3712739646434784,-0.15602344274520874,0.004597266670316458,-0.2553676664829254,-0.12373873591423035,-0.18531648814678192,-0.3610081672668457,-0.07591384649276733,-0.13072741031646729,-0.4272407591342926,-0.14004334807395935,-0.07915815711021423,-0.32227879762649536,-0.12494853883981705,-0.05440594255924225,-0.22621016204357147,-0.09088604897260666,SOS
0.0,0.0,0.0,0.094395212829113,-0.12078063935041428,-0.054031386971473694,0.12723152339458466,-0.30945244431495667,-0.07485691457986832,0.07430632412433624,-0.42883729934692383,-0.0986652672290802,0.006437500938773155,-0.5072538256645203,-0.11843309551477432,0.05129262059926987,-0.5187139511108398,-0.03251200169324875,0.059651024639606476,-0.7261688709259033,-0.08312283456325531,0.053110189735889435,-0.8568956851959229,-0.10990166664123535,0.04174860194325447,-0.9658656716346741,-0.11890905350446701,-0.031114308163523674,-0.49972984194755554,-0.04137610271573067,-0.015799574553966522,-0.7240443229675293,-0.10287844389677048,-0.0121580446138978,-0.8747577667236328,-0.1318066567182541,-0.011614369228482246,-0.9906859993934631,-0.13566982746124268,-0.10919542610645294,-0.4425198435783386,-0.058145396411418915,-0.06521644443273544,-0.5153055191040039,-0.15297982096672058,-0.02042386680841446,-0.36906662583351135,-0.1580091267824173,0.004236276261508465,-0.25301921367645264,-0.12503677606582642,-0.18248015642166138,-0.35796037316322327,-0.07815230637788773,-0.128478541970253,-0.42696088552474976,-0.14231298863887787,-0.07830444723367691,-0.3233503997325897,-0.12650665640830994,-0.05484538897871971,-0.2282819002866745,-0.09180387854576111,SOS
0.0,0.0,0.0,0.09515335410833359,-0.12561221420764923,-0.05164160951972008,0.1299276053905487,-0.30998948216438293,-0.07217423617839813,0.0872315838932991,-0.4297136664390564,-0.09618330001831055,0.02221173793077469,-0.5100157260894775,-0.11647716164588928,0.05894218012690544,-0.5144848823547363,-0.03194577246904373,0.06877972930669785,-0.7192952632904053,-0.08252794295549393,0.06349293142557144,-0.8488435745239258,-0.10989002138376236,0.05360991135239601,-0.9577422142028809,-0.11922384798526764,-0.022864870727062225,-0.49916383624076843,-0.04143194854259491,-0.007137928623706102,-0.7236023545265198,-0.10200172662734985,-0.002982107922434807,-0.8744887113571167,-0.1306823343038559,-0.00039951116195879877,-0.990916907787323,-0.13447535037994385,-0.10180522501468658,-0.44548946619033813,-0.058565229177474976,-0.05861564353108406,-0.516270101070404,-0.15107914805412292,-0.01735796220600605,-0.3722712993621826,-0.15625101327896118,0.005692855454981327,-0.2588976323604584,-0.12389013916254044,-0.1758558601140976,-0.36493000388145447,-0.07893206179141998,-0.12364489585161209,-0.42913559079170227,-0.14067679643630981,-0.0733276754617691,-0.32791033387184143,-0.12506304681301117,-0.04807859659194946,-0.23573455214500427,-0.09084521234035492,SOS
0.0,0.0,0.0,0.09428981691598892,-0.130609393119812,-0.048632048070430756,0.1274789571762085,-0.3157946467399597,-0.06752928346395493,0.08697360008955002,-0.43328016996383667,-0.09069199860095978,0.026156585663557053,-0.5137090682983398,-0.11064671725034714,0.06051172688603401,-0.5203052163124084,-0.02859625406563282,0.07112697511911392,-0.7249814867973328,-0.0782632976770401,0.06636455655097961,-0.8552992343902588,-0.1057022362947464,0.05547254532575607,-0.9634826183319092,-0.11514894664287567,-0.021191034466028214,-0.502042293548584,-0.039943329989910126,-0.001551221590489149,-0.7242240309715271,-0.09946227073669434,0.0019241400295868516,-0.8752722144126892,-0.12806293368339539,0.0026789505500346422,-0.9912418723106384,-0.13203155994415283,-0.10065486282110214,-0.445559561252594,-0.058928024023771286,-0.0618768185377121,-0.5152542591094971,-0.15063081681728363,-0.020978040993213654,-0.3737383782863617,-0.15671712160110474,0.0034356629475951195,-0.2621687054634094,-0.12507589161396027,-0.17686398327350616,-0.36250317096710205,-0.08083644509315491,-0.13262557983398438,-0.42983898520469666,-0.1418316662311554,-0.08199504017829895,-0.33070605993270874,-0.12629181146621704,-0.053967975080013275,-0.23887303471565247,-0.09226702153682709,SOS
0.0,0.0,0.0,0.09192638844251633,-0.13172827661037445,-0.049106791615486145,0.12164406478404999,-0.3165954053401947,-0.06804390251636505,0.08267352730035782,-0.43400081992149353,-0.09144033491611481,0.024936607107520103,-0.5161482691764832,-0.11098489910364151,0.04984494298696518,-0.5211730003356934,-0.02709207497537136,0.0622023344039917,-0.7240166664123535,-0.07756693661212921,0.05761166289448738,-0.8526114821434021,-0.10485205799341202,0.04846729338169098,-0.9594611525535583,-0.11389875411987305,-0.03189428523182869,-0.5047309994697571,-0.03795849531888962,-0.015397561714053154,-0.726826012134552,-0.09783193469047546,-0.012322857044637203,-0.8775959610939026,-0.12569668889045715,-0.010363656096160412,-0.9916147589683533,-0.1288129985332489,-0.11150944977998734,-0.44868919253349304,-0.056820712983608246,-0.06865105032920837,-0.5156446099281311,-0.14830178022384644,-0.026280676946043968,-0.37487706542015076,-0.1537950038909912,-0.0009050125954672694,-0.2618228495121002,-0.12172557413578033,-0.18699762225151062,-0.364789217710495,-0.07885051518678665,-0.13952600955963135,-0.42451027035713196,-0.13877418637275696,-0.08974184840917587,-0.3286969065666199,-0.123405821621418,-0.06278633326292038,-0.23986753821372986,-0.08970872312784195,SOS
0.0,0.0,0.0,0.09888332337141037,-0.1323910653591156,-0.05160307511687279,0.13050974905490875,-0.3216334581375122,-0.06934164464473724,0.08007416129112244,-0.4397016763687134,-0.09072712808847427,0.02027248404920101,-0.5217794179916382,-0.1086118072271347,0.06584309786558151,-0.5244392156600952,-0.023948853835463524,0.07398787140846252,-0.7275546789169312,-0.07230383902788162,0.06902246922254562,-0.8573489785194397,-0.09904260188341141,0.0589604526758194,-0.9664490222930908,-0.1084522157907486,-0.01666659489274025,-0.508272647857666,-0.03305501118302345,0.0011139827547594905,-0.7266703248023987,-0.09231066703796387,0.005308357533067465,-0.8760323524475098,-0.1215544119477272,0.006896347273141146,-0.9920018315315247,-0.12603482604026794,-0.0965656116604805,-0.4535936415195465,-0.05057622119784355,-0.0627961978316307,-0.519780158996582,-0.14373214542865753,-0.017657218500971794,-0.37868189811706543,-0.15113043785095215,0.009865895844995975,-0.2677001953125,-0.12001018971204758,-0.17368994653224945,-0.3718758225440979,-0.07135993987321854,-0.13173523545265198,-0.4384922683238983,-0.13498874008655548,-0.08062611520290375,-0.3360869288444519,-0.1214459240436554,-0.05351634323596954,-0.24216780066490173,-0.08858529478311539,SOS
0.0,0.0,0.0,0.09470359236001968,-0.13136281073093414,-0.04832250624895096,0.12485206127166748,-0.32114291191101074,-0.06619736552238464,0.07849030941724777,-0.4377896785736084,-0.08862026035785675,0.016973964869976044,-0.5135482549667358,-0.10733091086149216,0.05887584388256073,-0.5205370187759399,-0.02466113492846489,0.06933822482824326,-0.7223039269447327,-0.07421311736106873,0.06419755518436432,-0.8515790700912476,-0.10178221762180328,0.0552978441119194,-0.9588939547538757,-0.11188355833292007,-0.02356097660958767,-0.5048835873603821,-0.035882871598005295,-0.007869429886341095,-0.7257364392280579,-0.09594627469778061,-0.002280725399032235,-0.8756954669952393,-0.12551385164260864,0.0023154960945248604,-0.991422712802887,-0.1306733936071396,-0.10403844714164734,-0.450755774974823,-0.05488990992307663,-0.06999191641807556,-0.5262001752853394,-0.14615167677402496,-0.028157318010926247,-0.3826814889907837,-0.15137463808059692,-0.003088001860305667,-0.2678377032279968,-0.11986854672431946,-0.18120093643665314,-0.36971572041511536,-0.07702093571424484,-0.13823090493679047,-0.43614789843559265,-0.1371837556362152,-0.08912891894578934,-0.3373778462409973,-0.12147338688373566,-0.0637161135673523,-0.24621669948101044,-0.08806846290826797,SOS
0.0,0.0,0.0,0.09566625207662582,-0.13313645124435425,-0.04583261162042618,0.1253294199705124,-0.3166719079017639,-0.0641704723238945,0.0806392952799797,-0.43047115206718445,-0.08731038868427277,0.013379136100411415,-0.5024071335792542,-0.10768552869558334,0.060754917562007904,-0.5222360491752625,-0.0258070919662714,0.07040239125490189,-0.7216865420341492,-0.07426445186138153,0.06572878360748291,-0.8497540354728699,-0.10208244621753693,0.055443599820137024,-0.957346498966217,-0.11265307664871216,-0.02105133980512619,-0.507095456123352,-0.03861472010612488,-0.003165802452713251,-0.7270021438598633,-0.09515392780303955,0.0026604218874126673,-0.8757462501525879,-0.12295110523700714,0.005110833793878555,-0.9917776584625244,-0.1278712898492813,-0.10175932943820953,-0.4506399631500244,-0.05880460888147354,-0.07107837498188019,-0.5277166366577148,-0.1468030959367752,-0.027335263788700104,-0.38829097151756287,-0.15174375474452972,-0.0012523798504844308,-0.2774203419685364,-0.12117986381053925,-0.17941182851791382,-0.36560311913490295,-0.08192068338394165,-0.14327585697174072,-0.43858546018600464,-0.14059875905513763,-0.09323780238628387,-0.3409622311592102,-0.12404052168130875,-0.0661773756146431,-0.24839933216571808,-0.09050165861845016,SOS
0.0,0.0,0.0,0.10018359124660492,-0.13452178239822388,-0.04955274984240532,0.12800250947475433,-0.32496240735054016,-0.06684627383947372,0.06519223004579544,-0.43788930773735046,-0.0872303694486618,-0.002164887497201562,-0.5075821876525879,-0.10441184043884277,0.06428445875644684,-0.5248013734817505,-0.026148315519094467,0.07284724712371826,-0.7269834876060486,-0.07131291925907135,0.06826513260602951,-0.8569430112838745,-0.09600010514259338,0.05858596786856651,-0.9654935002326965,-0.10484831035137177,-0.01907404512166977,-0.5096431374549866,-0.03583763539791107,-0.004690560046583414,-0.7325142025947571,-0.09005054086446762,0.004382865037769079,-0.8792338371276855,-0.11635138094425201,0.010390184819698334,-0.992701530456543,-0.12014863640069962,-0.09885747730731964,-0.45404818654060364,-0.053209338337183,-0.07400211691856384,-0.5325352549552917,-0.14161328971385956,-0.027355650439858437,-0.38975268602371216,-0.1478881537914276,-0.000367577449651435,-0.27571454644203186,-0.11764606088399887,-0.17468425631523132,-0.3712640702724457,-0.07347749173641205,-0.14270822703838348,-0.4467516839504242,-0.13402071595191956,-0.09093939512968063,-0.3484247922897339,-0.11955401301383972,-0.06411232054233551,-0.2555786371231079,-0.08721158653497696,SOS
0.0,0.0,0.0,0.10181360691785812,-0.13618651032447815,-0.045532822608947754,0.13093990087509155,-0.32542628049850464,-0.06081473454833031,0.057504672557115555,-0.42524436116218567,-0.08031085133552551,-0.0226852148771286,-0.466483473777771,-0.0976063460111618,0.06439802795648575,-0.5235546231269836,-0.019278595224022865,0.07276418805122375,-0.7210415601730347,-0.06303810328245163,0.0676591619849205,-0.8498085737228394,-0.08746448159217834,0.057089176028966904,-0.95543372631073,-0.0962657481431961,-0.01959531009197235,-0.5085425972938538,-0.031945087015628815,-0.0070381928235292435,-0.731137752532959,-0.08448601514101028,-0.0003022475284524262,-0.8788755536079407,-0.11119179427623749,0.002534238388761878,-0.9933170080184937,-0.1153901070356369,-0.09832651168107986,-0.45139482617378235,-0.05236430838704109,-0.07825246453285217,-0.527547299861908,-0.1412147432565689,-0.02835848182439804,-0.388973593711853,-0.15118272602558136,0.0022352973464876413,-0.27625858783721924,-0.12297916412353516,-0.17312848567962646,-0.36527228355407715,-0.07516080141067505,-0.14715953171253204,-0.44579461216926575,-0.1349872201681137,-0.09274576604366302,-0.35002660751342773,-0.12090808898210526,-0.06157441437244415,-0.254861444234848,-0.08922240883111954,SOS
0.0,0.0,0.0,0.09967197477817535,-0.13542667031288147,-0.044551778584718704,0.126164048910141,-0.32505741715431213,-0.05926855653524399,0.05249267444014549,-0.43259868025779724,-0.0783613845705986,-0.028391260653734207,-0.48006314039230347,-0.09500950574874878,0.06090833991765976,-0.5200551152229309,-0.02194216102361679,0.07000439614057541,-0.7189865708351135,-0.0666724145412445,0.06440410763025284,-0.8480066061019897,-0.09170680493116379,0.05414177477359772,-0.9554167985916138,-0.10082928091287613,-0.023256881162524223,-0.5083930492401123,-0.03376040607690811,-0.009805204346776009,-0.7278689742088318,-0.08628278970718384,-0.003703702474012971,-0.8769888877868652,-0.11240378022193909,0.0008164176833815873,-0.9931867122650146,-0.11653143912553787,-0.10236074775457382,-0.45443615317344666,-0.05274595320224762,-0.07846291363239288,-0.5284531712532043,-0.13799157738685608,-0.03348178789019585,-0.38864144682884216,-0.14538557827472687,-0.005679501686245203,-0.2731895446777344,-0.11669532209634781,-0.17673072218894958,-0.3698943555355072,-0.07444385439157486,-0.14472182095050812,-0.43836477398872375,-0.1310632973909378,-0.0927385538816452,-0.34499457478523254,-0.11629743874073029,-0.06359900534152985,-0.2523497939109802,-0.08460761606693268,SOS
0.0,0.0,0.0,0.09757915139198303,-0.13921993970870972,-0.046745602041482925,0.12547096610069275,-0.326049268245697,-0.06427927315235138,0.05635795742273331,-0.4229874908924103,-0.08580750972032547,-0.025647317990660667,-0.4583962559700012,-0.10513835400342941,0.059737078845500946,-0.5251151919364929,-0.024569328874349594,0.06452496349811554,-0.7327561974525452,-0.06906639039516449,0.05738576501607895,-0.8645473122596741,-0.09415242075920105,0.04470429569482803,-0.9735089540481567,-0.10363039374351501,-0.02465422824025154,-0.5070515871047974,-0.037044476717710495,-0.016701634973287582,-0.7294949889183044,-0.09023645520210266,-0.012825081124901772,-0.8768637180328369,-0.11746019124984741,-0.012925622053444386,-0.9923741817474365,-0.12258174270391464,-0.10466206818819046,-0.4475509524345398,-0.05691156163811684,-0.08809379488229752,-0.529146134853363,-0.14496345818042755,-0.037104636430740356,-0.38923147320747375,-0.15301257371902466,-0.006368816364556551,-0.27681460976600647,-0.1242949515581131,-0.17972016334533691,-0.35987532138824463,-0.07938355952501297,-0.15588974952697754,-0.4411821961402893,-0.13789133727550507,-0.10254904627799988,-0.34508028626441956,-0.12202313542366028,-0.07303648442029953,-0.2510437071323395,-0.08961977809667587,SOS
0.0,0.0,0.0,0.09770580381155014,-0.14418789744377136,-0.04637759178876877,0.12166161835193634,-0.33099687099456787,-0.063609279692173,0.046527210623025894,-0.42549556493759155,-0.08498577773571014,-0.03497384488582611,-0.45917266607284546,-0.10451339930295944,0.05202772840857506,-0.5251562595367432,-0.023417575284838676,0.05321087688207626,-0.7288152575492859,-0.0684966966509819,0.04542147368192673,-0.8584848642349243,-0.09435547143220901,0.03355608507990837,-0.9679895043373108,-0.10470141470432281,-0.03230688348412514,-0.5050409436225891,-0.03642549365758896,-0.025697952136397362,-0.7255871295928955,-0.09005820006132126,-0.021704018115997314,-0.8733358979225159,-0.1182161197066307,-0.02068430930376053,-0.9920048117637634,-0.12449333816766739,-0.11159098893404007,-0.44312676787376404,-0.05694642290472984,-0.09992995113134384,-0.5264047980308533,-0.1470525711774826,-0.04700189828872681,-0.38519999384880066,-0.1562834233045578,-0.013640347868204117,-0.27252620458602905,-0.1282477080821991,-0.18462051451206207,-0.3523434102535248,-0.07997118681669235,-0.1659124791622162,-0.43683668971061707,-0.14172007143497467,-0.11053810268640518,-0.33987322449684143,-0.1272648274898529,-0.07723826915025711,-0.24483373761177063,-0.09559985995292664,SOS
0.0,0.0,0.0,0.09684103727340698,-0.1419401913881302,-0.04629848524928093,0.11957303434610367,-0.3294258117675781,-0.06361319124698639,0.04405006766319275,-0.4222258925437927,-0.08475154638290405,-0.03826184198260307,-0.4543446898460388,-0.1038694903254509,0.0474793016910553,-0.5273244976997375,-0.024821119382977486,0.04808945208787918,-0.7345536351203918,-0.0683639869093895,0.03917917236685753,-0.8661408424377441,-0.09301777184009552,0.026824604719877243,-0.975789487361908,-0.10239546746015549,-0.036579497158527374,-0.5062350034713745,-0.0369550846517086,-0.03009423241019249,-0.7253530621528625,-0.08933719247579575,-0.02709183841943741,-0.8742630481719971,-0.11743851006031036,-0.02592250518500805,-0.9919857978820801,-0.12366201728582382,-0.11522474884986877,-0.4446868300437927,-0.05604618415236473,-0.10052274167537689,-0.5257876515388489,-0.14311765134334564,-0.04957764223217964,-0.38503697514533997,-0.15135884284973145,-0.017432186752557755,-0.2713415324687958,-0.12323377281427383,-0.1876414269208908,-0.35566556453704834,-0.07771091163158417,-0.16744646430015564,-0.4363803565502167,-0.13737286627292633,-0.11283618211746216,-0.34010791778564453,-0.12233968079090118,-0.08003026247024536,-0.24511612951755524,-0.09020370990037918,SOS
0.0,0.0,0.0,0.09439122676849365,-0.14460082352161407,-0.044686030596494675,0.11082536727190018,-0.3323799967765808,-0.06086528301239014,0.03719571605324745,-0.4337998628616333,-0.08143676072359085,-0.040284112095832825,-0.4855588972568512,-0.09933238476514816,0.04364892095327377,-0.521245002746582,-0.022388039156794548,0.04520930349826813,-0.7303196787834167,-0.06732156872749329,0.03621935471892357,-0.8621625304222107,-0.09238867461681366,0.024436302483081818,-0.9721277952194214,-0.10148773342370987,-0.039591800421476364,-0.5024278163909912,-0.033987268805503845,-0.0333920493721962,-0.7235170006752014,-0.08749840408563614,-0.031732842326164246,-0.8732941150665283,-0.11541598290205002,-0.030100204050540924,-0.9921984076499939,-0.12098056823015213,-0.11871929466724396,-0.44323885440826416,-0.052524302154779434,-0.10272662341594696,-0.5232547521591187,-0.13848678767681122,-0.05306074768304825,-0.38391852378845215,-0.14466898143291473,-0.020677313208580017,-0.2707460820674896,-0.11531031131744385,-0.19183889031410217,-0.35537147521972656,-0.07371686398983002,-0.16940811276435852,-0.4295143783092499,-0.13189899921417236,-0.11462204903364182,-0.3357611298561096,-0.11601710319519043,-0.08123088628053665,-0.24362272024154663,-0.08303306251764297,SOS
0.0,0.0,0.0,0.09423873573541641,-0.14127673208713531,-0.04672280326485634,0.11280597746372223,-0.3303675055503845,-0.063962422311306,0.038632214069366455,-0.4303402006626129,-0.08477294445037842,-0.03931074216961861,-0.4804590344429016,-0.10263784974813461,0.04147724807262421,-0.5208013653755188,-0.025507690384984016,0.04080132022500038,-0.7308880090713501,-0.07043148577213287,0.03049422986805439,-0.8621347546577454,-0.09452040493488312,0.01710055209696293,-0.9705212116241455,-0.10284299403429031,-0.04223625734448433,-0.49958157539367676,-0.036513302475214005,-0.036075323820114136,-0.7247952818870544,-0.0903056338429451,-0.03410324081778526,-0.8746370673179626,-0.1173315942287445,-0.033141057938337326,-0.9919842481613159,-0.12193744629621506,-0.1212795302271843,-0.43829840421676636,-0.05450721085071564,-0.10644588619470596,-0.5228121876716614,-0.14221228659152985,-0.053992949426174164,-0.382877379655838,-0.14814601838588715,-0.01990325003862381,-0.269735723733902,-0.11810344457626343,-0.19436533749103546,-0.3488432765007019,-0.07509618252515793,-0.17085514962673187,-0.4234101474285126,-0.13556967675685883,-0.11445105820894241,-0.3273921608924866,-0.12016128748655319,-0.08056294173002243,-0.23491895198822021,-0.08710020780563354,SOS
0.0,0.0,0.0,0.09392087161540985,-0.14202137291431427,-0.04574459791183472,0.11288754642009735,-0.33322229981422424,-0.062274470925331116,0.037514980882406235,-0.43468940258026123,-0.08249947428703308,-0.04126410558819771,-0.4799891412258148,-0.10010961443185806,0.04102078080177307,-0.5188467502593994,-0.024452224373817444,0.04065946489572525,-0.7295161485671997,-0.06814833730459213,0.030417151749134064,-0.8606215715408325,-0.09192970395088196,0.016798023134469986,-0.9697569012641907,-0.10061610490083694,-0.04176875948905945,-0.49742022156715393,-0.03576641529798508,-0.03633751720190048,-0.7228344082832336,-0.08852051198482513,-0.034894317388534546,-0.8730902075767517,-0.11554629355669022,-0.03474927693605423,-0.9920529723167419,-0.12092705816030502,-0.11977992951869965,-0.4359600841999054,-0.053823452442884445,-0.10708846151828766,-0.5267138481140137,-0.13977792859077454,-0.05555810406804085,-0.38620707392692566,-0.14433126151561737,-0.022630633786320686,-0.27271947264671326,-0.11420726776123047,-0.19208671152591705,-0.34580883383750916,-0.07444077730178833,-0.1707308143377304,-0.42886579036712646,-0.13358303904533386,-0.11529199779033661,-0.3323253095149994,-0.11662549525499344,-0.08247710019350052,-0.2383103370666504,-0.08306211978197098,SOS
0.0,0.0,0.0,0.09427295625209808,-0.14199642837047577,-0.04605235159397125,0.11281141638755798,-0.33037152886390686,-0.06232472136616707,0.041208185255527496,-0.42894965410232544,-0.08257485926151276,-0.032918184995651245,-0.4827393889427185,-0.09992584586143494,0.039307042956352234,-0.5203500390052795,-0.022230908274650574,0.03828558325767517,-0.7297633290290833,-0.06635801494121552,0.028192302212119102,-0.8607981204986572,-0.09064595401287079,0.015152261592447758,-0.9699066281318665,-0.09961463510990143,-0.04239404946565628,-0.4984477162361145,-0.033499378710985184,-0.036863427609205246,-0.7231834530830383,-0.08719722926616669,-0.035322654992341995,-0.8729984164237976,-0.11525903642177582,-0.03461342677474022,-0.992032527923584,-0.12113338708877563,-0.11953242868185043,-0.43668070435523987,-0.05182085186243057,-0.1061338409781456,-0.526055634021759,-0.1392086148262024,-0.055725399404764175,-0.3845358192920685,-0.14436662197113037,-0.0232547577470541,-0.27154409885406494,-0.11426378041505814,-0.19104772806167603,-0.34667491912841797,-0.07275137305259705,-0.1692803055047989,-0.4268870949745178,-0.13354511559009552,-0.11404918134212494,-0.3294300138950348,-0.11753083020448685,-0.08123532682657242,-0.23629073798656464,-0.08423741161823273,SOS
0.0,0.0,0.0,0.09473109990358353,-0.14366917312145233,-0.04282531887292862,0.11454518884420395,-0.3299940228462219,-0.0577084943652153,0.04165137559175491,-0.4240531921386719,-0.07709736377000809,-0.031124446541070938,-0.46326449513435364,-0.09399138391017914,0.03893202915787697,-0.5261545777320862,-0.019036555662751198,0.03732336312532425,-0.7326339483261108,-0.061472225934267044,0.027384808287024498,-0.8631216287612915,-0.08528955280780792,0.014629178680479527,-0.9711757898330688,-0.09400851279497147,-0.042870182543992996,-0.5041799545288086,-0.031453780829906464,-0.03782745823264122,-0.727175772190094,-0.08200652152299881,-0.03591984882950783,-0.8755289316177368,-0.1090153157711029,-0.03405405208468437,-0.9928321242332458,-0.11456307768821716,-0.11969134211540222,-0.44165924191474915,-0.05065163969993591,-0.10424085706472397,-0.5256107449531555,-0.134376659989357,-0.05502844974398613,-0.38857582211494446,-0.14088812470436096,-0.022609669715166092,-0.27648845314979553,-0.11250072717666626,-0.19067735970020294,-0.35046645998954773,-0.07234365493059158,-0.16732773184776306,-0.4276776611804962,-0.12985822558403015,-0.11214634776115417,-0.33275291323661804,-0.1142590120434761,-0.07837573438882828,-0.23971745371818542,-0.08186884969472885,SOS
0.0,0.0,0.0,0.0977340117096901,-0.14257003366947174,-0.045143626630306244,0.12410066276788712,-0.3314410448074341,-0.060458581894636154,0.04347919672727585,-0.42044684290885925,-0.0798569843173027,-0.036853108555078506,-0.44116878509521484,-0.09732300788164139,0.04559430852532387,-0.5293553471565247,-0.019258063286542892,0.04454956576228142,-0.7331717014312744,-0.0612158365547657,0.03584139421582222,-0.8628536462783813,-0.08517889678478241,0.024047894403338432,-0.9701047539710999,-0.09411067515611649,-0.037306949496269226,-0.5052604079246521,-0.03171028569340706,-0.03283046931028366,-0.7289717197418213,-0.08128371089696884,-0.032094988971948624,-0.8769072890281677,-0.10832478851079941,-0.03179401531815529,-0.9929661154747009,-0.11405033618211746,-0.11344429105520248,-0.44054320454597473,-0.05140126496553421,-0.10163028538227081,-0.5218201279640198,-0.1363019347190857,-0.05104188621044159,-0.3839980363845825,-0.14535389840602875,-0.01750114932656288,-0.27231302857398987,-0.11821219325065613,-0.18448740243911743,-0.34820759296417236,-0.07362905889749527,-0.16629885137081146,-0.4286903142929077,-0.13105806708335876,-0.11085441708564758,-0.33311161398887634,-0.11575513333082199,-0.07598747313022614,-0.23927657306194305,-0.08405280113220215,SOS
0.0,0.0,0.0,0.09554561227560043,-0.14503556489944458,-0.044545385986566544,0.11914896219968796,-0.33292120695114136,-0.060035958886146545,0.042121972888708115,-0.4248617887496948,-0.07966538518667221,-0.034043099731206894,-0.4562033712863922,-0.0971095860004425,0.0450604185461998,-0.529768168926239,-0.020569730550050735,0.04502410441637039,-0.7351913452148438,-0.06318662315607071,0.03617433086037636,-0.8651476502418518,-0.08735400438308716,0.023739617317914963,-0.9727857708930969,-0.09629835933446884,-0.037494536489248276,-0.5064406394958496,-0.03269119933247566,-0.03171712905168533,-0.7291563749313354,-0.08301262557506561,-0.031270831823349,-0.8768774271011353,-0.110153928399086,-0.03140680491924286,-0.9927831292152405,-0.11573800444602966,-0.11449214816093445,-0.44274279475212097,-0.051836300641298294,-0.1020551398396492,-0.5222536325454712,-0.13602314889431,-0.052891846746206284,-0.3849630653858185,-0.14424709975719452,-0.020037854090332985,-0.27337947487831116,-0.11675503849983215,-0.18658313155174255,-0.35116511583328247,-0.07358960062265396,-0.1663740575313568,-0.4250015318393707,-0.13097752630710602,-0.1113024353981018,-0.32994621992111206,-0.1161956787109375,-0.07671314477920532,-0.23767869174480438,-0.08457853645086288,SOS
0.0,0.0,0.0,0.09632983803749084,-0.14716091752052307,-0.043626923114061356,0.11926743388175964,-0.33355289697647095,-0.05896792560815811,0.0450516939163208,-0.42273688316345215,-0.07911282032728195,-0.03502669557929039,-0.4547806978225708,-0.09773881733417511,0.04689193516969681,-0.5295261740684509,-0.01986910216510296,0.04444383457303047,-0.7332216501235962,-0.06445617228746414,0.03568921610713005,-0.8648380041122437,-0.0903882309794426,0.024143563583493233,-0.9739718437194824,-0.10025908797979355,-0.037261221557855606,-0.5063840746879578,-0.033289339393377304,-0.03429047763347626,-0.7288151979446411,-0.08453027904033661,-0.03182624652981758,-0.8761559128761292,-0.11210250109434128,-0.028997037559747696,-0.9925833940505981,-0.11805672198534012,-0.11545032262802124,-0.44161832332611084,-0.05403671786189079,-0.103519007563591,-0.5209680199623108,-0.13984139263629913,-0.05258616432547569,-0.3862326145172119,-0.14893102645874023,-0.018206924200057983,-0.27664026618003845,-0.12170489877462387,-0.1883576214313507,-0.3478833734989166,-0.07722911238670349,-0.17187806963920593,-0.42794427275657654,-0.13543882966041565,-0.1157212182879448,-0.33469828963279724,-0.12012358009815216,-0.07932828366756439,-0.2415817230939865,-0.08806755393743515,SOS
0.0,0.0,0.0,0.09505011886358261,-0.15024805068969727,-0.04766165465116501,0.11920967698097229,-0.3375348746776581,-0.06380540877580643,0.039294201880693436,-0.43181490898132324,-0.08381004631519318,-0.04712871089577675,-0.4666343927383423,-0.10175405442714691,0.050576381385326385,-0.5369051098823547,-0.018400423228740692,0.05118776112794876,-0.7384535670280457,-0.06411029398441315,0.043924614787101746,-0.8710616827011108,-0.09150594472885132,0.032544318586587906,-0.9796431660652161,-0.10240552574396133,-0.03315659239888191,-0.514629602432251,-0.030264532193541527,-0.030813109129667282,-0.7322319149971008,-0.08278970420360565,-0.027744244784116745,-0.8770677447319031,-0.11192837357521057,-0.024477770552039146,-0.992654025554657,-0.11848562210798264,-0.11045212298631668,-0.4482809007167816,-0.050408437848091125,-0.10192262381315231,-0.5148019790649414,-0.13821808993816376,-0.05095631629228592,-0.38257867097854614,-0.14994074404239655,-0.01605132780969143,-0.2780492603778839,-0.12400835007429123,-0.18363846838474274,-0.3524757921695709,-0.0732775554060936,-0.1707758903503418,-0.4241882264614105,-0.13250374794006348,-0.11562208086252213,-0.33738622069358826,-0.11960364133119583,-0.08014501631259918,-0.25267496705055237,-0.0893527939915657,SOS
0.0,0.0,0.0,0.09577134251594543,-0.14633414149284363,-0.046114567667245865,0.12009578198194504,-0.3339815139770508,-0.061311278492212296,0.03750346973538399,-0.4257161617279053,-0.08031371980905533,-0.05278462916612625,-0.4551936984062195,-0.09761123359203339,0.05277831107378006,-0.5278143286705017,-0.01608613319694996,0.05250553786754608,-0.7292956709861755,-0.06038699299097061,0.0436101071536541,-0.8616069555282593,-0.08739001303911209,0.03232966735959053,-0.9717280268669128,-0.09875219315290451,-0.031056217849254608,-0.505776584148407,-0.028666751459240913,-0.026989590376615524,-0.7226975560188293,-0.08003678172826767,-0.02515457011759281,-0.8707948327064514,-0.10997206717729568,-0.023362301290035248,-0.9927548766136169,-0.117863729596138,-0.1075877994298935,-0.43957462906837463,-0.0492379404604435,-0.1099725216627121,-0.5120857357978821,-0.13793835043907166,-0.06149781867861748,-0.3791895806789398,-0.15075743198394775,-0.025975404307246208,-0.2759236991405487,-0.12577570974826813,-0.17876656353473663,-0.34456467628479004,-0.07211723923683167,-0.1722521036863327,-0.42023810744285583,-0.1347905844449997,-0.11832036077976227,-0.3284369111061096,-0.12324302643537521,-0.08149460703134537,-0.24208495020866394,-0.09366180002689362,SOS
0.0,0.0,0.0,0.09491502493619919,-0.15066778659820557,-0.041617557406425476,0.11082331836223602,-0.3353523910045624,-0.05579168722033501,0.025385688990354538,-0.42145994305610657,-0.07506652176380157,-0.05824656784534454,-0.44657403230667114,-0.09284953773021698,0.049915675073862076,-0.5299893617630005,-0.014907442033290863,0.04770740494132042,-0.7346622347831726,-0.057894546538591385,0.03945017606019974,-0.8668868541717529,-0.08405686914920807,0.02650047279894352,-0.9761308431625366,-0.09490092843770981,-0.03307350352406502,-0.5076847672462463,-0.029292510822415352,-0.029617691412568092,-0.728439450263977,-0.07851454615592957,-0.028866486623883247,-0.8754355907440186,-0.10675404220819473,-0.02872430719435215,-0.9931185841560364,-0.1135358214378357,-0.10986821353435516,-0.44062748551368713,-0.051007624715566635,-0.10917346924543381,-0.5157278180122375,-0.13424763083457947,-0.060082484036684036,-0.3829394280910492,-0.1445057988166809,-0.025379721075296402,-0.27648526430130005,-0.11870858073234558,-0.18174366652965546,-0.3438156843185425,-0.07511540502309799,-0.17499539256095886,-0.4195084273815155,-0.13168901205062866,-0.12116244435310364,-0.33013635873794556,-0.11722567677497864,-0.08549684286117554,-0.24306327104568481,-0.08633675426244736,SOS
0.0,0.0,0.0,0.09642616659402847,-0.1459682732820511,-0.04506132751703262,0.11761318147182465,-0.33346813917160034,-0.05970141291618347,0.03162707760930061,-0.4244661331176758,-0.07840563356876373,-0.056472305208444595,-0.45679354667663574,-0.09558428823947906,0.05236419662833214,-0.5281723737716675,-0.014737132005393505,0.05335683375597,-0.7291986346244812,-0.05889173969626427,0.04666082188487053,-0.862922728061676,-0.08604695647954941,0.03649577498435974,-0.9748755693435669,-0.09803060442209244,-0.031876031309366226,-0.5084236860275269,-0.02751038409769535,-0.027811428532004356,-0.725399911403656,-0.07897382229566574,-0.026907069608569145,-0.8718472123146057,-0.10893239825963974,-0.026430822908878326,-0.9927859902381897,-0.1169503852725029,-0.10799632221460342,-0.44266048073768616,-0.04819861426949501,-0.11559025943279266,-0.5182713866233826,-0.13764545321464539,-0.06613416969776154,-0.38208723068237305,-0.15085387229919434,-0.028767455369234085,-0.2757525146007538,-0.12614355981349945,-0.17764855921268463,-0.34657761454582214,-0.07112694531679153,-0.17468716204166412,-0.4179401099681854,-0.13658466935157776,-0.11967143416404724,-0.3249722719192505,-0.12734699249267578,-0.08104245364665985,-0.23916909098625183,-0.09901333600282669,SOS
0.0,0.0,0.0,0.0965953841805458,-0.14234653115272522,-0.04459373652935028,0.11242569237947464,-0.3322523534297943,-0.058976978063583374,0.024645108729600906,-0.42467474937438965,-0.07741954177618027,-0.06377303600311279,-0.4591987133026123,-0.09424234181642532,0.0496046245098114,-0.5227050185203552,-0.014231066219508648,0.04787575826048851,-0.7270743250846863,-0.0583258718252182,0.041008174419403076,-0.8620551824569702,-0.08535502851009369,0.03274720162153244,-0.9745820760726929,-0.09739840775728226,-0.034419946372509,-0.4994233250617981,-0.027305668219923973,-0.03216644376516342,-0.720540463924408,-0.0792044997215271,-0.030028024688363075,-0.8692526817321777,-0.10934282094240189,-0.02694825828075409,-0.9926744103431702,-0.11777594685554504,-0.1105712354183197,-0.432089626789093,-0.048261962831020355,-0.12178444862365723,-0.5188306570053101,-0.1390322595834732,-0.07128482311964035,-0.38245972990989685,-0.15081511437892914,-0.033422425389289856,-0.2743980288505554,-0.12496908754110336,-0.18048204481601715,-0.3353191912174225,-0.07133332639932632,-0.1788250356912613,-0.41547295451164246,-0.1384587287902832,-0.12231629341840744,-0.32177090644836426,-0.12871378660202026,-0.08312827348709106,-0.23491819202899933,-0.09986026585102081,SOS
0.0,0.0,0.0,0.09428996592760086,-0.13979703187942505,-0.04911819472908974,0.10834093391895294,-0.3321805000305176,-0.06347384303808212,0.016651052981615067,-0.4230078458786011,-0.08064891397953033,-0.07272351533174515,-0.4595015048980713,-0.0952434092760086,0.049820348620414734,-0.5240160822868347,-0.011780666187405586,0.04561663046479225,-0.729400098323822,-0.05340924859046936,0.038008712232112885,-0.86305171251297,-0.0784253478050232,0.030396580696105957,-0.9738926887512207,-0.08897010236978531,-0.03557434678077698,-0.5009828209877014,-0.022236507385969162,-0.036008160561323166,-0.7233113050460815,-0.07266520708799362,-0.03368352726101875,-0.8715225458145142,-0.10125421732664108,-0.029443757608532906,-0.99375319480896,-0.10764621943235397,-0.11118737608194351,-0.4338982403278351,-0.04148190841078758,-0.12600994110107422,-0.5175665020942688,-0.13369716703891754,-0.07472046464681625,-0.3761653006076813,-0.14619112014770508,-0.03570794314146042,-0.2681497633457184,-0.11945223808288574,-0.17996644973754883,-0.3383849859237671,-0.0631365105509758,-0.18078391253948212,-0.4158056676387787,-0.13219408690929413,-0.12542478740215302,-0.31733494997024536,-0.1233963593840599,-0.08707082271575928,-0.23174023628234863,-0.09445764124393463,SOS
0.0,0.0,0.0,0.0960467979311943,-0.1408747285604477,-0.0503586046397686,0.11073290556669235,-0.32694029808044434,-0.06672021001577377,0.02224947325885296,-0.41743603348731995,-0.08593729138374329,-0.06484620273113251,-0.45803990960121155,-0.10274156928062439,0.0530896857380867,-0.5251796245574951,-0.016035668551921844,0.04873077943921089,-0.730277419090271,-0.059569984674453735,0.04043402522802353,-0.8630892038345337,-0.08575475215911865,0.031138330698013306,-0.9740376472473145,-0.09714149683713913,-0.03200777620077133,-0.5023331046104431,-0.02652294561266899,-0.03181220591068268,-0.7217245697975159,-0.08009514212608337,-0.031038975343108177,-0.8698116540908813,-0.1108134463429451,-0.02812100760638714,-0.9925656914710999,-0.11841700971126556,-0.10762802511453629,-0.4352931082248688,-0.04562265798449516,-0.12031222879886627,-0.51339191198349,-0.1391867846250534,-0.07003989070653915,-0.3726377785205841,-0.1524006426334381,-0.031152987852692604,-0.2660450041294098,-0.1261039674282074,-0.17637988924980164,-0.340253621339798,-0.06725571304559708,-0.17958024144172668,-0.41595470905303955,-0.13759908080101013,-0.1239219531416893,-0.31787222623825073,-0.12929308414459229,-0.08332358300685883,-0.2322317659854889,-0.10033094882965088,SOS
0.0,0.0,0.0,0.0960523933172226,-0.1428401917219162,-0.05171852558851242,0.1074431985616684,-0.3308548629283905,-0.06866635382175446,0.01741858571767807,-0.42745503783226013,-0.08813034743070602,-0.07119634747505188,-0.47220277786254883,-0.10495313256978989,0.053819213062524796,-0.5238490104675293,-0.016530072316527367,0.04973120987415314,-0.729520857334137,-0.06012439355254173,0.040075626224279404,-0.8618286848068237,-0.08633317053318024,0.029451020061969757,-0.9735326170921326,-0.09812884032726288,-0.03143659606575966,-0.5015246272087097,-0.026232562959194183,-0.03041759878396988,-0.7201771140098572,-0.08098830282688141,-0.030776657164096832,-0.8684664368629456,-0.11235131323337555,-0.02959730476140976,-0.9922700524330139,-0.1205153539776802,-0.10728506743907928,-0.43480610847473145,-0.04461895674467087,-0.12360619008541107,-0.5146181583404541,-0.13958224654197693,-0.07305009663105011,-0.37407630681991577,-0.15292440354824066,-0.033866193145513535,-0.26708245277404785,-0.12656916677951813,-0.17562687397003174,-0.34018659591674805,-0.06558120995759964,-0.18087521195411682,-0.41819024085998535,-0.13719598948955536,-0.12578728795051575,-0.32013753056526184,-0.12940511107444763,-0.0856732651591301,-0.23383644223213196,-0.10078771412372589,SOS
0.0,0.0,0.0,0.09715928137302399,-0.1418815404176712,-0.05005059018731117,0.1098586842417717,-0.32694703340530396,-0.0666947290301323,0.014830177649855614,-0.41553795337677,-0.08645416796207428,-0.07467912137508392,-0.4458620250225067,-0.10404586046934128,0.053769078105688095,-0.5213733911514282,-0.017971456050872803,0.04857749864459038,-0.7278842329978943,-0.06242860481142998,0.03815096989274025,-0.8606100678443909,-0.0885937437415123,0.025126099586486816,-0.9720756411552429,-0.10013192892074585,-0.03218625858426094,-0.49974673986434937,-0.028737111017107964,-0.03093862347304821,-0.7226012945175171,-0.0836285948753357,-0.032198239117860794,-0.8703491687774658,-0.11442616581916809,-0.032949794083833694,-0.9919801354408264,-0.12202348560094833,-0.10909225046634674,-0.43327248096466064,-0.047756753861904144,-0.12325599789619446,-0.5142098665237427,-0.14137573540210724,-0.0714973583817482,-0.3724888861179352,-0.15449361503124237,-0.031771447509527206,-0.2636812925338745,-0.12827469408512115,-0.17827339470386505,-0.3383444845676422,-0.06931990385055542,-0.17982371151447296,-0.413623571395874,-0.13856272399425507,-0.1258702427148819,-0.314706414937973,-0.1295860856771469,-0.08736887574195862,-0.22740422189235687,-0.1006212905049324,SOS
0.0,0.0,0.0,0.0962679386138916,-0.1428714394569397,-0.05209369212388992,0.10841623693704605,-0.3310471773147583,-0.06928486377000809,0.015076087787747383,-0.4240686595439911,-0.0890640839934349,-0.07403865456581116,-0.46444717049598694,-0.10601712763309479,0.05284124240279198,-0.5245729684829712,-0.016396930441260338,0.049520112574100494,-0.7319523096084595,-0.05960119888186455,0.04059348255395889,-0.8643361330032349,-0.08558491617441177,0.030864590778946877,-0.9760457873344421,-0.0972876101732254,-0.031645625829696655,-0.5009554624557495,-0.02597964182496071,-0.030985655263066292,-0.7188734412193298,-0.08080733567476273,-0.030330467969179153,-0.8681065440177917,-0.11255401372909546,-0.02798263542354107,-0.9922279119491577,-0.12124674767255783,-0.10708549618721008,-0.4345207214355469,-0.04432985931634903,-0.12276408076286316,-0.5153153538703918,-0.1391383856534958,-0.07165807485580444,-0.37534791231155396,-0.15291255712509155,-0.03287690505385399,-0.26829832792282104,-0.12703761458396912,-0.1757710725069046,-0.34160345792770386,-0.06534086167812347,-0.17957337200641632,-0.4193159341812134,-0.13648149371147156,-0.12490025162696838,-0.32127174735069275,-0.12895062565803528,-0.08644331991672516,-0.23476289212703705,-0.1008438989520073,SOS
0.0,0.0,0.0,0.09709381312131882,-0.14168883860111237,-0.05123462900519371,0.10942874103784561,-0.3250757157802582,-0.07034698128700256,0.01868351176381111,-0.41428327560424805,-0.09226707369089127,-0.06917872279882431,-0.4491199851036072,-0.11166401207447052,0.0498414970934391,-0.5169457793235779,-0.022418435662984848,0.046123191714286804,-0.7272701263427734,-0.06776967644691467,0.036303937435150146,-0.859683632850647,-0.09483090043067932,0.025661025196313858,-0.9726195335388184,-0.10716916620731354,-0.034193024039268494,-0.4933965802192688,-0.03263375535607338,-0.030957749113440514,-0.7112154364585876,-0.08944341540336609,-0.03016883134841919,-0.8630697727203369,-0.12248160690069199,-0.028689123690128326,-0.9907733798027039,-0.1324578821659088,-0.1098090335726738,-0.42912057042121887,-0.05089529976248741,-0.12430772930383682,-0.5104387402534485,-0.14454461634159088,-0.07309132814407349,-0.3730508089065552,-0.1574997752904892,-0.03380822762846947,-0.2672417163848877,-0.13197846710681915,-0.17719733715057373,-0.3383740782737732,-0.07193049043416977,-0.17800119519233704,-0.4140825569629669,-0.1410864293575287,-0.1229553371667862,-0.31842586398124695,-0.13260820508003235,-0.08376114815473557,-0.2333495020866394,-0.10440265387296677,SOS
0.0,0.0,0.0,0.09653594344854355,-0.14119911193847656,-0.05059075355529785,0.11077810823917389,-0.32040727138519287,-0.06915223598480225,0.021047886461019516,-0.4093286693096161,-0.09078042954206467,-0.06411352753639221,-0.44066691398620605,-0.11014579236507416,0.049538835883140564,-0.5146348476409912,-0.021982626989483833,0.04597466439008713,-0.7238439917564392,-0.06728304177522659,0.035666368901729584,-0.8572325706481934,-0.09386492520570755,0.02356620319187641,-0.970353901386261,-0.10567206144332886,-0.03524722903966904,-0.4936409890651703,-0.03216768428683281,-0.032132234424352646,-0.7141547799110413,-0.0884830430150032,-0.03362826257944107,-0.8652375936508179,-0.12037957459688187,-0.03398606926202774,-0.9910503625869751,-0.12908950448036194,-0.11115936934947968,-0.43035387992858887,-0.0502919964492321,-0.12356644868850708,-0.5095561146736145,-0.14299967885017395,-0.07278576493263245,-0.3700263202190399,-0.15517659485340118,-0.033305440098047256,-0.26174479722976685,-0.12887045741081238,-0.17882339656352997,-0.33874425292015076,-0.07122987508773804,-0.17892341315746307,-0.41223254799842834,-0.13877061009407043,-0.12462347745895386,-0.3165900707244873,-0.12930908799171448,-0.08518613129854202,-0.23100297152996063,-0.10034624487161636,SOS
0.0,0.0,0.0,0.09843258559703827,-0.1390354037284851,-0.052487991750240326,0.11437506973743439,-0.3155120015144348,-0.07114414125680923,0.02552015148103237,-0.40058329701423645,-0.0927077978849411,-0.05994991213083267,-0.43073296546936035,-0.1120271310210228,0.05200829729437828,-0.5156368017196655,-0.020783012732863426,0.0466964915394783,-0.7236603498458862,-0.0664002075791359,0.035790763795375824,-0.8577429056167603,-0.09336491674184799,0.023091260343790054,-0.9713839292526245,-0.10544142872095108,-0.03281514346599579,-0.4944846034049988,-0.030480362474918365,-0.030206382274627686,-0.7158125638961792,-0.08710518479347229,-0.031141245737671852,-0.8661339282989502,-0.11933474242687225,-0.030836964026093483,-0.9913108944892883,-0.1278746873140335,-0.10852255672216415,-0.4294477701187134,-0.04858299344778061,-0.12323424220085144,-0.5069541335105896,-0.14333303272724152,-0.07315440475940704,-0.36511677503585815,-0.15687036514282227,-0.03318415954709053,-0.2567070722579956,-0.13065274059772491,-0.1763986200094223,-0.33604374527931213,-0.06951112300157547,-0.17891763150691986,-0.40749749541282654,-0.139455646276474,-0.12494182586669922,-0.3089887499809265,-0.1310385912656784,-0.08422780781984329,-0.2228950709104538,-0.10219735652208328,SOS
0.0,0.0,0.0,0.09859491884708405,-0.14075401425361633,-0.05112781748175621,0.11355111747980118,-0.32037901878356934,-0.06873445957899094,0.022593075409531593,-0.40445104241371155,-0.08939172327518463,-0.06325796246528625,-0.43097156286239624,-0.10793054848909378,0.05213506519794464,-0.5157884359359741,-0.019096607342362404,0.04656049981713295,-0.7242648601531982,-0.06401843577623367,0.03567027300596237,-0.8579515218734741,-0.09056203812360764,0.02316974848508835,-0.9712352752685547,-0.10240968316793442,-0.031968362629413605,-0.4934539198875427,-0.029432790353894234,-0.02925441414117813,-0.7153703570365906,-0.0861504003405571,-0.030465582385659218,-0.8662044405937195,-0.11869465559720993,-0.030865127220749855,-0.991374671459198,-0.1273716241121292,-0.10704430937767029,-0.4282124638557434,-0.04804867506027222,-0.12263672798871994,-0.5068515539169312,-0.14345985651016235,-0.07198942452669144,-0.3642084300518036,-0.1574317067861557,-0.03182808682322502,-0.25544673204421997,-0.13116194307804108,-0.17453286051750183,-0.33529558777809143,-0.06922207027673721,-0.17811651527881622,-0.4107285737991333,-0.13919897377490997,-0.12456180900335312,-0.3109495937824249,-0.1303412765264511,-0.0846303328871727,-0.224221333861351,-0.10122450441122055,SOS
0.0,0.0,0.0,0.09875741600990295,-0.13911868631839752,-0.052471406757831573,0.11554481834173203,-0.31373926997184753,-0.07194767892360687,0.02941770665347576,-0.39776811003685,-0.09434429556131363,-0.05511487275362015,-0.42642274498939514,-0.11458934843540192,0.050590530037879944,-0.510787308216095,-0.023771073669195175,0.04768487811088562,-0.7218082547187805,-0.0701000913977623,0.03696813806891441,-0.8561931848526001,-0.0973663181066513,0.024476701393723488,-0.970593273639679,-0.10922225564718246,-0.0336395762860775,-0.4888378083705902,-0.03380924463272095,-0.029363710433244705,-0.7102973461151123,-0.09180618822574615,-0.03072778321802616,-0.8631106615066528,-0.12510468065738678,-0.031118514016270638,-0.9904665350914001,-0.13419272005558014,-0.10921422392129898,-0.42575228214263916,-0.05191179737448692,-0.12108837813138962,-0.5008203387260437,-0.14752542972564697,-0.07175889611244202,-0.35860976576805115,-0.1612498015165329,-0.03247149661183357,-0.24924948811531067,-0.13467341661453247,-0.17674721777439117,-0.3359561860561371,-0.07273516803979874,-0.17724701762199402,-0.4076208770275116,-0.14194096624851227,-0.12393419444561005,-0.30770280957221985,-0.13221301138401031,-0.08415621519088745,-0.21924574673175812,-0.10229475796222687,SOS
0.0,0.0,0.0,0.09911947697401047,-0.1358068883419037,-0.05350860208272934,0.11756014823913574,-0.3102757930755615,-0.07378232479095459,0.030672315508127213,-0.39638692140579224,-0.09691614657640457,-0.054464299231767654,-0.42898109555244446,-0.1177942305803299,0.05186320096254349,-0.50909423828125,-0.024790963158011436,0.04867321252822876,-0.718955934047699,-0.07200358062982559,0.03767219930887222,-0.8534425497055054,-0.09978152066469193,0.025420067831873894,-0.9681292772293091,-0.11206669360399246,-0.03281273692846298,-0.48652932047843933,-0.03479643538594246,-0.02837722934782505,-0.7089815735816956,-0.09384504705667496,-0.030210185796022415,-0.862135648727417,-0.1274515986442566,-0.03090265393257141,-0.9901176691055298,-0.1367914229631424,-0.10814935714006424,-0.4227477014064789,-0.05299609526991844,-0.12272676080465317,-0.5004885196685791,-0.15025927126407623,-0.0726754367351532,-0.35741278529167175,-0.16369694471359253,-0.03227706253528595,-0.24733275175094604,-0.13672493398189545,-0.1755429059267044,-0.3317966163158417,-0.0739181861281395,-0.17857584357261658,-0.4064570963382721,-0.14474453032016754,-0.12438643723726273,-0.3065856993198395,-0.13497357070446014,-0.08377455174922943,-0.21809899806976318,-0.10485725849866867,SOS
0.0,0.0,0.0,0.09848196059465408,-0.13395492732524872,-0.05549683794379234,0.11738725751638412,-0.30852824449539185,-0.07684575766324997,0.03281763941049576,-0.39806756377220154,-0.10051083564758301,-0.0499851331114769,-0.43428799510002136,-0.12173713743686676,0.053969286382198334,-0.5105549693107605,-0.02798655442893505,0.04958457499742508,-0.720820963382721,-0.0762253925204277,0.0377497635781765,-0.854904294013977,-0.10448246449232101,0.024466976523399353,-0.9696017503738403,-0.11703122407197952,-0.030398081988096237,-0.4886648654937744,-0.03720570355653763,-0.02566429041326046,-0.7092575430870056,-0.09819021821022034,-0.02810264565050602,-0.8616324663162231,-0.13282659649848938,-0.029522035270929337,-0.9893850684165955,-0.14228707551956177,-0.1055915355682373,-0.42541277408599854,-0.0545666329562664,-0.12201184034347534,-0.4988577961921692,-0.15325146913528442,-0.07213815301656723,-0.3561718463897705,-0.16718699038028717,-0.030653635039925575,-0.24791263043880463,-0.1400638222694397,-0.17312830686569214,-0.33552828431129456,-0.07474648952484131,-0.1772260218858719,-0.40642622113227844,-0.1469404697418213,-0.12320521473884583,-0.30511367321014404,-0.1378418505191803,-0.0817839577794075,-0.21778714656829834,-0.10766983777284622,SOS
0.0,0.0,0.0,0.09823232889175415,-0.13571418821811676,-0.05384662374854088,0.11700241267681122,-0.3113287389278412,-0.07443704456090927,0.029029833152890205,-0.397840291261673,-0.09749405086040497,-0.05354194715619087,-0.4291566014289856,-0.11814854294061661,0.053228214383125305,-0.5105753540992737,-0.027872348204255104,0.04977108910679817,-0.7239719033241272,-0.07493505626916885,0.03838510066270828,-0.8584403991699219,-0.101997509598732,0.025314217433333397,-0.9730871319770813,-0.11383478343486786,-0.03146359696984291,-0.48774540424346924,-0.03754448890686035,-0.026544146239757538,-0.7095901966094971,-0.09670082479715347,-0.028889138251543045,-0.8619372248649597,-0.13023382425308228,-0.030665893107652664,-0.9897430539131165,-0.1395283341407776,-0.10682594776153564,-0.42437028884887695,-0.05509590357542038,-0.1223825216293335,-0.49989017844200134,-0.15164533257484436,-0.07250652462244034,-0.35749661922454834,-0.16515609622001648,-0.03177709877490997,-0.24875159561634064,-0.1384836584329605,-0.17458708584308624,-0.3344266712665558,-0.07539283484220505,-0.17800849676132202,-0.40510427951812744,-0.1456286460161209,-0.12396197021007538,-0.30567416548728943,-0.13632455468177795,-0.08292616903781891,-0.2191985547542572,-0.10664518922567368,SOS
0.0,0.0,0.0,0.09735946357250214,-0.1315135359764099,-0.05633939802646637,0.1171182245016098,-0.30607110261917114,-0.07836057245731354,0.03126656636595726,-0.39454522728919983,-0.10233833640813828,-0.05127810314297676,-0.43093299865722656,-0.12350962311029434,0.05196678638458252,-0.5111473798751831,-0.031224098056554794,0.04737859591841698,-0.7252987623214722,-0.07981229573488235,0.036420416086912155,-0.8600016236305237,-0.10771185159683228,0.024605439975857735,-0.9745995402336121,-0.11956334114074707,-0.03287782147526741,-0.487736314535141,-0.039850782603025436,-0.029903141781687737,-0.7102571129798889,-0.10016828775405884,-0.03216236084699631,-0.8623382449150085,-0.1342056840658188,-0.03250320628285408,-0.9891331791877747,-0.14338389039039612,-0.1081484779715538,-0.42477649450302124,-0.056488651782274246,-0.12144387513399124,-0.4950961768627167,-0.1533026546239853,-0.07151112705469131,-0.35527172684669495,-0.16726899147033691,-0.030493812635540962,-0.2481762319803238,-0.14074958860874176,-0.17555108666419983,-0.33662891387939453,-0.07615716755390167,-0.17593441903591156,-0.4012529253959656,-0.1462082862854004,-0.12189766764640808,-0.3019999563694,-0.13717444241046906,-0.08110809326171875,-0.21633169054985046,-0.10747910290956497,SOS
0.0,0.0,0.0,0.09711810201406479,-0.13443301618099213,-0.05688764899969101,0.11541597545146942,-0.30755501985549927,-0.07896757870912552,0.034621287137269974,-0.39677178859710693,-0.10316590219736099,-0.04531008377671242,-0.4310264587402344,-0.12465821951627731,0.049870800226926804,-0.5099868178367615,-0.031199155375361443,0.04611707106232643,-0.7233303785324097,-0.08010393381118774,0.035150833427906036,-0.8583772778511047,-0.10843402147293091,0.023130541667342186,-0.9739043712615967,-0.12074145674705505,-0.034562256187200546,-0.4875171482563019,-0.04009230062365532,-0.032612621784210205,-0.7108652591705322,-0.10076767206192017,-0.034474778920412064,-0.8629326820373535,-0.13494394719600677,-0.034411728382110596,-0.9889388084411621,-0.14427676796913147,-0.10967012494802475,-0.4237881004810333,-0.05710550397634506,-0.12109710276126862,-0.4938577115535736,-0.15438497066497803,-0.07117307186126709,-0.35342854261398315,-0.16824568808078766,-0.03068339265882969,-0.2460249811410904,-0.14160461723804474,-0.17698560655117035,-0.3345991373062134,-0.07724964618682861,-0.17700891196727753,-0.4018905460834503,-0.14714132249355316,-0.1233612522482872,-0.3024159073829651,-0.13738365471363068,-0.08319540321826935,-0.21559405326843262,-0.10734381526708603,SOS
0.0,0.0,0.0,0.09694772213697433,-0.13526640832424164,-0.05518236383795738,0.11393434554338455,-0.3071936368942261,-0.07651089131832123,0.030284855514764786,-0.39424750208854675,-0.10036754608154297,-0.051246192306280136,-0.42900872230529785,-0.12157130241394043,0.048921290785074234,-0.5111152529716492,-0.02831823192536831,0.04500382021069527,-0.7228075265884399,-0.07626637816429138,0.033737167716026306,-0.8572486639022827,-0.10415581613779068,0.02092473767697811,-0.9718297123908997,-0.11630602926015854,-0.03524339944124222,-0.4880894720554352,-0.03777120262384415,-0.03247028589248657,-0.7111649513244629,-0.09728460758924484,-0.034932348877191544,-0.8629762530326843,-0.13123565912246704,-0.03602663427591324,-0.989402711391449,-0.14065681397914886,-0.11007318645715714,-0.42343375086784363,-0.05529918894171715,-0.12155697494745255,-0.4948384165763855,-0.1511048525571823,-0.07168256491422653,-0.3550625741481781,-0.16476662456989288,-0.03160383179783821,-0.2482476681470871,-0.13838745653629303,-0.17677335441112518,-0.3327904939651489,-0.07590372115373611,-0.17742125689983368,-0.4012092351913452,-0.14467312395572662,-0.12325210869312286,-0.30418509244918823,-0.13501471281051636,-0.08266768604516983,-0.21876530349254608,-0.1053253561258316,SOS
0.0,0.0,0.0,0.09750839322805405,-0.13502952456474304,-0.05437147989869118,0.11546822637319565,-0.3077659010887146,-0.07530273497104645,0.0316973477602005,-0.3912367820739746,-0.09889671206474304,-0.04872135445475578,-0.42086026072502136,-0.11988715082406998,0.04840691015124321,-0.5112209916114807,-0.028145521879196167,0.044033851474523544,-0.7247360944747925,-0.07611513882875443,0.03261955827474594,-0.8596022725105286,-0.10387025773525238,0.019689112901687622,-0.9741632342338562,-0.11574672162532806,-0.03548097983002663,-0.4883403182029724,-0.03772516921162605,-0.03190850093960762,-0.7101467251777649,-0.09661202877759933,-0.03423405811190605,-0.8626067638397217,-0.130523681640625,-0.035536620765924454,-0.9895262122154236,-0.1399105340242386,-0.11000319570302963,-0.4244270622730255,-0.05525006726384163,-0.12341594696044922,-0.4913642108440399,-0.14989200234413147,-0.07377555221319199,-0.353907972574234,-0.16396667063236237,-0.032831013202667236,-0.24846217036247253,-0.13807643949985504,-0.1765013039112091,-0.3343823552131653,-0.07584913820028305,-0.17782720923423767,-0.3957262933254242,-0.14355449378490448,-0.12459360808134079,-0.2991223633289337,-0.13411709666252136,-0.084202840924263,-0.21494951844215393,-0.10468195378780365,SOS
0.0,0.0,0.0,0.09727772325277328,-0.13415466248989105,-0.05544336885213852,0.11368970572948456,-0.3049766719341278,-0.0776510015130043,0.03287019580602646,-0.39015424251556396,-0.1024249717593193,-0.046401575207710266,-0.42097705602645874,-0.12484224140644073,0.048462625592947006,-0.509454071521759,-0.030197106301784515,0.043428052216768265,-0.7209893465042114,-0.07943698018789291,0.032742708921432495,-0.8556979894638062,-0.10853477567434311,0.021565787494182587,-0.9715653657913208,-0.12154915928840637,-0.03516531363129616,-0.4869941473007202,-0.03987341746687889,-0.03210083022713661,-0.708068311214447,-0.10037192702293396,-0.033720459789037704,-0.8606650233268738,-0.13530229032039642,-0.03353026509284973,-0.988793134689331,-0.145477756857872,-0.1091543585062027,-0.4234696328639984,-0.05752987414598465,-0.1251932978630066,-0.4914153516292572,-0.15417248010635376,-0.07596001774072647,-0.3525824248790741,-0.16860002279281616,-0.034403443336486816,-0.24649037420749664,-0.14268505573272705,-0.17448364198207855,-0.33399176597595215,-0.07833901792764664,-0.1799616664648056,-0.39887234568595886,-0.14843061566352844,-0.1265854388475418,-0.3003554940223694,-0.13949158787727356,-0.08483633399009705,-0.21402432024478912,-0.11007128655910492,SOS
0.0,0.0,0.0,0.0988473892211914,-0.13682334125041962,-0.05176280438899994,0.11653885245323181,-0.3083944320678711,-0.07183737307786942,0.027156833559274673,-0.3899288773536682,-0.0950937271118164,-0.057558149099349976,-0.41682305932044983,-0.11641442030668259,0.049748826771974564,-0.5091419816017151,-0.026234064251184464,0.044895827770233154,-0.7190244197845459,-0.07367206364870071,0.033388786017894745,-0.8539915084838867,-0.10146007686853409,0.020697860047221184,-0.9692733287811279,-0.11385250836610794,-0.034462820738554,-0.4866030216217041,-0.037518780678510666,-0.03145516291260719,-0.7097688913345337,-0.09589962661266327,-0.03456922620534897,-0.8620200753211975,-0.1293523609638214,-0.035974740982055664,-0.9896571040153503,-0.1388692706823349,-0.10831964015960693,-0.42195168137550354,-0.056520067155361176,-0.12413975596427917,-0.496017724275589,-0.15193428099155426,-0.07500575482845306,-0.3557433784008026,-0.16516882181167603,-0.03448474779725075,-0.24870949983596802,-0.13876399397850037,-0.17359986901283264,-0.3293408155441284,-0.07828499376773834,-0.18124280869960785,-0.40248221158981323,-0.14731773734092712,-0.12728111445903778,-0.30507442355155945,-0.13706131279468536,-0.08489006012678146,-0.2182178944349289,-0.107066810131073,SOS
0.0,0.0,0.0,0.09739866852760315,-0.13634976744651794,-0.05345015972852707,0.11388800293207169,-0.3085658550262451,-0.07498204708099365,0.02759009413421154,-0.3879382014274597,-0.09918230026960373,-0.056832052767276764,-0.41129642724990845,-0.12145563215017319,0.048216018825769424,-0.5118500590324402,-0.02933860570192337,0.04267492890357971,-0.724223792552948,-0.07836341857910156,0.032363276928663254,-0.8587511777877808,-0.10751446336507797,0.021617121994495392,-0.9747753739356995,-0.12073858082294464,-0.03606399893760681,-0.4899608790874481,-0.03974640369415283,-0.034052349627017975,-0.7101632356643677,-0.09960606694221497,-0.03481333330273628,-0.8607434630393982,-0.13441398739814758,-0.034010834991931915,-0.988908052444458,-0.14458270370960236,-0.11071057617664337,-0.42632827162742615,-0.05789891257882118,-0.12889781594276428,-0.49518880248069763,-0.15425905585289001,-0.07864221185445786,-0.35548919439315796,-0.16880042850971222,-0.036890484392642975,-0.24995537102222443,-0.14308872818946838,-0.17629925906658173,-0.33561253547668457,-0.0788930281996727,-0.18323518335819244,-0.40136027336120605,-0.14940591156482697,-0.12885059416294098,-0.30219271779060364,-0.140559121966362,-0.08602910488843918,-0.21658891439437866,-0.11111928522586823,SOS
0.0,0.0,0.0,0.09577340632677078,-0.1381436288356781,-0.055336177349090576,0.10786239057779312,-0.3081212639808655,-0.07815314829349518,0.022823063656687737,-0.3855873942375183,-0.1036117821931839,-0.0599948912858963,-0.4129832684993744,-0.12699086964130402,0.0461270697414875,-0.5099018216133118,-0.03086034208536148,0.04055042937397957,-0.7208424806594849,-0.0811881273984909,0.029544265940785408,-0.8544306755065918,-0.1115141212940216,0.017634360119700432,-0.9702492952346802,-0.1256217509508133,-0.03711485117673874,-0.4882317781448364,-0.04071206972002983,-0.03426346927881241,-0.705269992351532,-0.10251694172620773,-0.03537210077047348,-0.857054591178894,-0.13879454135894775,-0.03558427095413208,-0.9880302548408508,-0.15009966492652893,-0.11140815913677216,-0.425374835729599,-0.058604896068573,-0.13010501861572266,-0.4911998212337494,-0.15550285577774048,-0.08022020757198334,-0.3512752950191498,-0.17044152319431305,-0.03833539038896561,-0.24756325781345367,-0.14527371525764465,-0.17691506445407867,-0.33635884523391724,-0.07969152182340622,-0.18405930697917938,-0.399387389421463,-0.14979428052902222,-0.1306142956018448,-0.30074331164360046,-0.14140617847442627,-0.08845359086990356,-0.21782520413398743,-0.11274468153715134,SOS
0.0,0.0,0.0,0.09564827382564545,-0.14046967029571533,-0.05391830950975418,0.11032868921756744,-0.31226950883865356,-0.07556223124265671,0.0203329436480999,-0.3918347656726837,-0.10015225410461426,-0.06643525511026382,-0.4185580611228943,-0.12267810106277466,0.04436087980866432,-0.5118593573570251,-0.02724144048988819,0.03831932693719864,-0.7229689955711365,-0.07623755931854248,0.02585509605705738,-0.8569391965866089,-0.10549792647361755,0.011877989396452904,-0.972287654876709,-0.11903747916221619,-0.0391356498003006,-0.4893125891685486,-0.037732601165771484,-0.03732765093445778,-0.7082645893096924,-0.09870645403862,-0.03975115716457367,-0.8596158027648926,-0.13434290885925293,-0.04166524112224579,-0.9885389804840088,-0.1451025903224945,-0.11340812593698502,-0.42472973465919495,-0.05622895061969757,-0.13115917146205902,-0.4929223954677582,-0.15307994186878204,-0.08071251213550568,-0.3538936674594879,-0.1674937903881073,-0.039463263005018234,-0.2505873441696167,-0.1419060379266739,-0.17949044704437256,-0.3332386910915375,-0.0776946172118187,-0.18523569405078888,-0.39798393845558167,-0.14767460525035858,-0.13191668689250946,-0.2990478575229645,-0.1386696845293045,-0.09074127674102783,-0.21588590741157532,-0.1095963791012764,SOS
0.0,0.0,0.0,0.09513157606124878,-0.13900062441825867,-0.0548926405608654,0.10987499356269836,-0.3112519085407257,-0.07667332142591476,0.020054560154676437,-0.3930281102657318,-0.10109447687864304,-0.0679272785782814,-0.4222884774208069,-0.12331928312778473,0.04533257707953453,-0.5121452212333679,-0.027328651398420334,0.038501761853694916,-0.7220879793167114,-0.07641824334859848,0.02575259655714035,-0.8560658097267151,-0.10567180812358856,0.011733070947229862,-0.9708688259124756,-0.11905354261398315,-0.03826189786195755,-0.48978033661842346,-0.03733557462692261,-0.03702673688530922,-0.7102307081222534,-0.09839451313018799,-0.039118967950344086,-0.8610964417457581,-0.1334986835718155,-0.04017678275704384,-0.9888221025466919,-0.14358516037464142,-0.11256571114063263,-0.4245600402355194,-0.05553875491023064,-0.130374938249588,-0.4937337040901184,-0.15319779515266418,-0.07967322319746017,-0.3538954555988312,-0.16743889451026917,-0.038224078714847565,-0.25007468461990356,-0.1413549780845642,-0.17886893451213837,-0.3324320912361145,-0.07668131589889526,-0.18514953553676605,-0.39986106753349304,-0.14726828038692474,-0.1319585144519806,-0.2997618615627289,-0.1379447877407074,-0.09105391800403595,-0.215945765376091,-0.10846105962991714,SOS
0.0,0.0,0.0,0.09488646686077118,-0.13870278000831604,-0.05595758929848671,0.11012574285268784,-0.3103189766407013,-0.07846245169639587,0.020748306065797806,-0.3924764394760132,-0.10340885072946548,-0.065877765417099,-0.42448973655700684,-0.12583589553833008,0.045102301985025406,-0.5109046101570129,-0.028010057285428047,0.03849221393465996,-0.719721794128418,-0.07762797921895981,0.025655806064605713,-0.8533629179000854,-0.10709262639284134,0.012016303837299347,-0.9681161046028137,-0.12060753256082535,-0.038601845502853394,-0.48871907591819763,-0.037585608661174774,-0.03705783933401108,-0.7084786295890808,-0.0997704416513443,-0.040371958166360855,-0.8598050475120544,-0.13567037880420685,-0.0424194373190403,-0.988354504108429,-0.1461367905139923,-0.11283837258815765,-0.4245185852050781,-0.05547315999865532,-0.1296738088130951,-0.49245625734329224,-0.15388117730617523,-0.07878023386001587,-0.3522697389125824,-0.16834275424480438,-0.037153568118810654,-0.24794423580169678,-0.142152801156044,-0.17905844748020172,-0.3343479037284851,-0.07642640173435211,-0.18426401913166046,-0.3994119465351105,-0.14708007872104645,-0.1307758092880249,-0.3006705343723297,-0.1381375640630722,-0.08977653831243515,-0.21828486025333405,-0.10884349793195724,SOS
0.0,0.0,0.0,0.0950024202466011,-0.1368694007396698,-0.05583694204688072,0.11056791245937347,-0.3089899718761444,-0.07817903906106949,0.01981327123939991,-0.3895092010498047,-0.1028919443488121,-0.0669175311923027,-0.41991516947746277,-0.12506380677223206,0.04672801494598389,-0.5121495723724365,-0.028094889596104622,0.0393686443567276,-0.721659243106842,-0.07756773382425308,0.026538526639342308,-0.8556044697761536,-0.10675545781850815,0.013158179819583893,-0.9703330397605896,-0.12003564089536667,-0.037151437252759933,-0.48955222964286804,-0.03769080340862274,-0.035998955368995667,-0.7094658017158508,-0.09985976666212082,-0.039700400084257126,-0.8602747321128845,-0.13572478294372559,-0.04199652746319771,-0.9883769154548645,-0.14610683917999268,-0.1113232895731926,-0.4243946671485901,-0.05547955259680748,-0.12990741431713104,-0.49288880825042725,-0.1543775051832199,-0.07908211648464203,-0.35060083866119385,-0.1688377559185028,-0.037108246237039566,-0.24525156617164612,-0.14246542751789093,-0.177264004945755,-0.33287036418914795,-0.07621181756258011,-0.18430793285369873,-0.39885807037353516,-0.14762647449970245,-0.131333127617836,-0.29766562581062317,-0.13857917487621307,-0.09054185450077057,-0.21409933269023895,-0.10903019458055496,SOS
0.0,0.0,0.0,0.09571031481027603,-0.1372530162334442,-0.05505990609526634,0.11046813428401947,-0.30822354555130005,-0.07746106386184692,0.019437521696090698,-0.3920084238052368,-0.10255751758813858,-0.06834349781274796,-0.42500194907188416,-0.12532001733779907,0.0486903078854084,-0.5109408497810364,-0.029209449887275696,0.04217562824487686,-0.7207670211791992,-0.07920330762863159,0.029458532109856606,-0.8557010293006897,-0.10824272781610489,0.015718651935458183,-0.9708470106124878,-0.12138839811086655,-0.035587601363658905,-0.4881274104118347,-0.039823394268751144,-0.034283775836229324,-0.7104308009147644,-0.10210351645946503,-0.03834828734397888,-0.8610485792160034,-0.1370558738708496,-0.04095029458403587,-0.9882983565330505,-0.1469333916902542,-0.11021337658166885,-0.4220251739025116,-0.05849573761224747,-0.12732568383216858,-0.4951710104942322,-0.1575985550880432,-0.07711446285247803,-0.3508561849594116,-0.1703519970178604,-0.03589799627661705,-0.24396716058254242,-0.1428922414779663,-0.17676913738250732,-0.32837286591529846,-0.08009546250104904,-0.18473343551158905,-0.40059909224510193,-0.15143337845802307,-0.13169242441654205,-0.3000142574310303,-0.14092697203159332,-0.0909067839384079,-0.21493026614189148,-0.1104314997792244,SOS
0.0,0.0,0.0,0.0954975113272667,-0.13493874669075012,-0.05603693798184395,0.11062117666006088,-0.30734696984291077,-0.07928220182657242,0.017208989709615707,-0.39172908663749695,-0.10499166697263718,-0.07267515361309052,-0.42273882031440735,-0.12848201394081116,0.04873780161142349,-0.509986937046051,-0.03201071545481682,0.0424383319914341,-0.723496675491333,-0.0823335349559784,0.030222294852137566,-0.8595063090324402,-0.11088763177394867,0.017611712217330933,-0.9751328825950623,-0.12359587103128433,-0.036394789814949036,-0.48623713850975037,-0.04223013296723366,-0.03517462685704231,-0.7103895545005798,-0.10551808774471283,-0.0382353737950325,-0.8615762591362,-0.14071060717105865,-0.03939778357744217,-0.9878154397010803,-0.15056036412715912,-0.11154253780841827,-0.41999441385269165,-0.06034155189990997,-0.12839852273464203,-0.4944726526737213,-0.1608588695526123,-0.07761722803115845,-0.3490907549858093,-0.17398601770401,-0.03602222353219986,-0.2398039847612381,-0.14635373651981354,-0.1779012382030487,-0.32729798555374146,-0.08129798620939255,-0.18542024493217468,-0.40004387497901917,-0.15409024059772491,-0.13212615251541138,-0.29952773451805115,-0.14402617514133453,-0.09173644334077835,-0.21295736730098724,-0.11347296088933945,SOS
0.0,0.0,0.0,0.09587820619344711,-0.13290223479270935,-0.05921051278710365,0.11028388887643814,-0.3055921792984009,-0.08382795751094818,0.016624532639980316,-0.3908822238445282,-0.1101677417755127,-0.0719137042760849,-0.42561209201812744,-0.13383075594902039,0.04942423105239868,-0.5090367794036865,-0.035813912749290466,0.043064795434474945,-0.7240760326385498,-0.08722428232431412,0.03090604394674301,-0.8604846596717834,-0.11631685495376587,0.01842782460153103,-0.9770642518997192,-0.12925668060779572,-0.03579936549067497,-0.48484596610069275,-0.044542986899614334,-0.035299643874168396,-0.7088311314582825,-0.10906153172254562,-0.03682985529303551,-0.8600100874900818,-0.14427068829536438,-0.03657606244087219,-0.9873994588851929,-0.15396232903003693,-0.11132261902093887,-0.4191899597644806,-0.06137349456548691,-0.12657789885997772,-0.4913603365421295,-0.16270144283771515,-0.0760205090045929,-0.34534215927124023,-0.1753869205713272,-0.03495734557509422,-0.23696205019950867,-0.14741294085979462,-0.17870187759399414,-0.32780513167381287,-0.08138271421194077,-0.1831088662147522,-0.3987308144569397,-0.1543966382741928,-0.13063174486160278,-0.29536134004592896,-0.1440517008304596,-0.09187807142734528,-0.20862779021263123,-0.11337261646986008,SOS
0.0,0.0,0.0,0.0956050306558609,-0.13490547239780426,-0.05825033038854599,0.1110265776515007,-0.3077625632286072,-0.08137449622154236,0.01895224303007126,-0.3930584192276001,-0.10619229823350906,-0.06842520833015442,-0.4263858199119568,-0.1281479001045227,0.05067036300897598,-0.5128007531166077,-0.03136654198169708,0.04383496567606926,-0.7266911864280701,-0.08095704764127731,0.030897656455636024,-0.861952006816864,-0.1092456579208374,0.017030412331223488,-0.9765986204147339,-0.12156406790018082,-0.034078944474458694,-0.48837772011756897,-0.03981511667370796,-0.03321564942598343,-0.7125359177589417,-0.10233305394649506,-0.03613979369401932,-0.8627023100852966,-0.13718558847904205,-0.03748197481036186,-0.9885051846504211,-0.14646679162979126,-0.1089203879237175,-0.4229942262172699,-0.056558769196271896,-0.1256912350654602,-0.49072977900505066,-0.15617598593235016,-0.07592320442199707,-0.3486420810222626,-0.17033618688583374,-0.03448051959276199,-0.24301989376544952,-0.14334595203399658,-0.17624634504318237,-0.3327380418777466,-0.07641821354627609,-0.18180596828460693,-0.3990476429462433,-0.14831361174583435,-0.12967023253440857,-0.2968634366989136,-0.13908876478672028,-0.08952338248491287,-0.2119337022304535,-0.1091729998588562,SOS
0.0,0.0,0.0,0.09644298255443573,-0.13003654778003693,-0.05891241133213043,0.11266849935054779,-0.30352604389190674,-0.08264277130365372,0.01789538562297821,-0.3930368721485138,-0.10821433365345001,-0.07235903292894363,-0.4256860017776489,-0.1312992125749588,0.052325695753097534,-0.5076133608818054,-0.03471618890762329,0.04427644982933998,-0.7212302088737488,-0.08567901700735092,0.03153519332408905,-0.8573695421218872,-0.11459744721651077,0.018717704340815544,-0.973271369934082,-0.12733837962150574,-0.03241030499339104,-0.48265179991722107,-0.04360383376479149,-0.0341794528067112,-0.7097663879394531,-0.10694532096385956,-0.03650351241230965,-0.8614701628684998,-0.14153414964675903,-0.03622470796108246,-0.9878754615783691,-0.15096262097358704,-0.10648314654827118,-0.4168318808078766,-0.0606282576918602,-0.12267345190048218,-0.48952123522758484,-0.1620241105556488,-0.07233161479234695,-0.3445581793785095,-0.17585985362529755,-0.031104961410164833,-0.23552316427230835,-0.14858092367649078,-0.1728406697511673,-0.32525092363357544,-0.0807623416185379,-0.17856580018997192,-0.39694738388061523,-0.15440534055233002,-0.12674804031848907,-0.2935493588447571,-0.14485211670398712,-0.08772003650665283,-0.20484359562397003,-0.1147426888346672,SOS
0.0,0.0,0.0,0.09754856675863266,-0.12927775084972382,-0.05637439712882042,0.11688955128192902,-0.30262818932533264,-0.07910472899675369,0.02899918146431446,-0.39002731442451477,-0.10423436015844345,-0.06093134731054306,-0.4138774275779724,-0.12739814817905426,0.05372145026922226,-0.50896817445755,-0.03476095572113991,0.047266870737075806,-0.7225791811943054,-0.0847390741109848,0.03574654087424278,-0.8584709167480469,-0.11318451911211014,0.02405731938779354,-0.9741241335868835,-0.1255054473876953,-0.031020205467939377,-0.4852297902107239,-0.0447525829076767,-0.033191341906785965,-0.7120729088783264,-0.10587917268276215,-0.03490550443530083,-0.8635365962982178,-0.13949275016784668,-0.0338498130440712,-0.988309919834137,-0.14865300059318542,-0.10485464334487915,-0.42050445079803467,-0.06242245063185692,-0.11995195597410202,-0.4902791380882263,-0.16028569638729095,-0.07189839333295822,-0.3479604721069336,-0.17398104071617126,-0.032844480127096176,-0.23946596682071686,-0.1475057303905487,-0.1702313870191574,-0.32995307445526123,-0.0831778272986412,-0.17651395499706268,-0.4011867344379425,-0.15316852927207947,-0.12523917853832245,-0.2998156249523163,-0.14254358410835266,-0.08627251535654068,-0.21006083488464355,-0.11237835139036179,SOS
0.0,0.0,0.0,0.09725944697856903,-0.12723438441753387,-0.055782631039619446,0.11721432954072952,-0.2997914254665375,-0.07841116189956665,0.0334639698266983,-0.3903639018535614,-0.10376879572868347,-0.05387764051556587,-0.4194273352622986,-0.12701839208602905,0.0585174560546875,-0.5073484778404236,-0.03571541607379913,0.053541332483291626,-0.7208950519561768,-0.08649575710296631,0.04165080189704895,-0.8582736849784851,-0.1158578172326088,0.029839802533388138,-0.9754192233085632,-0.1286378651857376,-0.026642637327313423,-0.48572978377342224,-0.04546041041612625,-0.0280565544962883,-0.7104198932647705,-0.10632064193487167,-0.030050694942474365,-0.8628777265548706,-0.13968661427497864,-0.0282208863645792,-0.9884166121482849,-0.14911742508411407,-0.10143613815307617,-0.42252200841903687,-0.0626843273639679,-0.11454708129167557,-0.4918176531791687,-0.15820422768592834,-0.06857854127883911,-0.35017621517181396,-0.17056043446063995,-0.030097512528300285,-0.2403714507818222,-0.14406564831733704,-0.1677347719669342,-0.332772433757782,-0.08327177166938782,-0.1725883185863495,-0.40144744515419006,-0.150773286819458,-0.1219753846526146,-0.3033374547958374,-0.13935823738574982,-0.08293066918849945,-0.21455971896648407,-0.10917240381240845,SOS
0.0,0.0,0.0,0.09668707102537155,-0.128567636013031,-0.05795440450310707,0.11665388196706772,-0.2976207435131073,-0.08192750811576843,0.029245376586914062,-0.38709405064582825,-0.10787507146596909,-0.05732353404164314,-0.423773854970932,-0.1310286521911621,0.05866457149386406,-0.5080153942108154,-0.03345026820898056,0.05326862260699272,-0.7213739156723022,-0.08487644046545029,0.04232136160135269,-0.8571638464927673,-0.11492381989955902,0.03165214881300926,-0.9721205234527588,-0.12792931497097015,-0.02543208934366703,-0.48425859212875366,-0.04263351857662201,-0.024480486288666725,-0.7080115675926208,-0.10484497249126434,-0.025807486847043037,-0.860927402973175,-0.13982054591178894,-0.02392330765724182,-0.988484799861908,-0.14941707253456116,-0.09922094643115997,-0.42023274302482605,-0.06011737883090973,-0.11448948085308075,-0.4866398274898529,-0.15867827832698822,-0.06704840809106827,-0.3478751480579376,-0.1733623445034027,-0.02641765959560871,-0.24333862960338593,-0.1471564620733261,-0.16558542847633362,-0.33033064007759094,-0.08084921538829803,-0.17056100070476532,-0.393513947725296,-0.15193578600883484,-0.11928927153348923,-0.2940824329853058,-0.14294129610061646,-0.07891102880239487,-0.209628626704216,-0.11332214623689651,SOS
0.0,0.0,0.0,0.09774839878082275,-0.12841017544269562,-0.05452112853527069,0.11576657742261887,-0.30385854840278625,-0.07628457248210907,0.0345747210085392,-0.3970804512500763,-0.10039453208446503,-0.05036473274230957,-0.4254906177520752,-0.12226342409849167,0.057570453733205795,-0.5069514513015747,-0.03764423355460167,0.05323682725429535,-0.7225211262702942,-0.08714128285646439,0.042539265006780624,-0.8603110313415527,-0.11512040346860886,0.03148389607667923,-0.9778152108192444,-0.12702849507331848,-0.02706746570765972,-0.48607704043388367,-0.047040022909641266,-0.026664089411497116,-0.7117916345596313,-0.10700178146362305,-0.026920421048998833,-0.8644312620162964,-0.13933417201042175,-0.024298472329974174,-0.9886680245399475,-0.14813920855522156,-0.1021500676870346,-0.4244827926158905,-0.06338697671890259,-0.11351685971021652,-0.4949020445346832,-0.15686088800430298,-0.06738734245300293,-0.35291212797164917,-0.1685459166765213,-0.02958972565829754,-0.24184904992580414,-0.14203165471553802,-0.16840867698192596,-0.3376404643058777,-0.0829765722155571,-0.16908442974090576,-0.40142056345939636,-0.14823204278945923,-0.11874452233314514,-0.3044796586036682,-0.13692103326320648,-0.08116511255502701,-0.21806932985782623,-0.10731519013643265,SOS
0.0,0.0,0.0,0.09723110496997833,-0.13171422481536865,-0.05623340606689453,0.11386346817016602,-0.2999735176563263,-0.07970228046178818,0.02881925366818905,-0.3871292769908905,-0.10578098148107529,-0.05291399359703064,-0.42202284932136536,-0.12933090329170227,0.06026799976825714,-0.5065533518791199,-0.03515664115548134,0.05675413832068443,-0.7195606231689453,-0.08579160273075104,0.046685781329870224,-0.8557490110397339,-0.11521673947572708,0.036130353808403015,-0.9735260605812073,-0.12809818983078003,-0.024276314303278923,-0.4843367040157318,-0.044672369956970215,-0.022541239857673645,-0.710302472114563,-0.10523255914449692,-0.022063786163926125,-0.862027108669281,-0.13831430673599243,-0.018475325778126717,-0.9888641834259033,-0.14766938984394073,-0.09945137798786163,-0.4215439558029175,-0.06194419041275978,-0.11098755151033401,-0.49145475029945374,-0.1572476625442505,-0.06444644927978516,-0.34648391604423523,-0.16922447085380554,-0.025928618386387825,-0.23678994178771973,-0.1424872875213623,-0.16657103598117828,-0.333215594291687,-0.08267636597156525,-0.16827164590358734,-0.3995746970176697,-0.1489904522895813,-0.11803408712148666,-0.29960897564888,-0.13719677925109863,-0.08054351061582565,-0.2133166640996933,-0.1071295440196991,SOS
0.0,0.0,0.0,0.09867212176322937,-0.13222655653953552,-0.05123741552233696,0.11890418827533722,-0.3036767244338989,-0.07172749191522598,0.038840774446725845,-0.3946162462234497,-0.09571315348148346,-0.04348357766866684,-0.42228105664253235,-0.11751687526702881,0.06487970054149628,-0.5100688338279724,-0.03172830864787102,0.06180351972579956,-0.7237263321876526,-0.0796382874250412,0.05204641446471214,-0.8596236109733582,-0.10717688500881195,0.04172859713435173,-0.9761860966682434,-0.11902868002653122,-0.020136676728725433,-0.48968812823295593,-0.04258476197719574,-0.019052909687161446,-0.7153017520904541,-0.09978849440813065,-0.017560504376888275,-0.8666806817054749,-0.1314033567905426,-0.013018496334552765,-0.9900082945823669,-0.1404072642326355,-0.09666991978883743,-0.42833903431892395,-0.06042095646262169,-0.10578594356775284,-0.4955601692199707,-0.15002912282943726,-0.061607442796230316,-0.3525104820728302,-0.1608342081308365,-0.02545185200870037,-0.24119891226291656,-0.1349102407693863,-0.16513089835643768,-0.34138476848602295,-0.08160363137722015,-0.1626977026462555,-0.4012698233127594,-0.14306743443012238,-0.11425581574440002,-0.3020470142364502,-0.13045546412467957,-0.07882839441299438,-0.2141823023557663,-0.10080678015947342,SOS
0.0,0.0,0.0,0.10008333623409271,-0.13139420747756958,-0.052886370569467545,0.1203613132238388,-0.3022090196609497,-0.0742449089884758,0.03707630932331085,-0.3940598666667938,-0.09876538813114166,-0.04512403532862663,-0.426625519990921,-0.12086069583892822,0.06875129789113998,-0.505607008934021,-0.03143955394625664,0.06871333718299866,-0.7191523909568787,-0.07977694272994995,0.06048989295959473,-0.8543952107429504,-0.10767719894647598,0.05177000164985657,-0.9715131521224976,-0.1197245866060257,-0.016285087913274765,-0.48548784852027893,-0.042183585464954376,-0.013126001693308353,-0.7140496969223022,-0.10016945749521255,-0.009962275624275208,-0.8655385375022888,-0.13135860860347748,-0.0043710339814424515,-0.9901639819145203,-0.13984310626983643,-0.09268718212842941,-0.42566588521003723,-0.060422804206609726,-0.10248024761676788,-0.4990721642971039,-0.15287193655967712,-0.058883167803287506,-0.3539811670780182,-0.16358667612075806,-0.02388920821249485,-0.24272820353507996,-0.13684475421905518,-0.16248121857643127,-0.34051239490509033,-0.08196793496608734,-0.16005095839500427,-0.40734660625457764,-0.14552053809165955,-0.11186474561691284,-0.3051367700099945,-0.13241226971149445,-0.07762592285871506,-0.21644644439220428,-0.10217010229825974,SOS
0.0,0.0,0.0,0.10049266368150711,-0.1270553171634674,-0.056063130497932434,0.12208329141139984,-0.29694458842277527,-0.07857438921928406,0.03777483105659485,-0.3932834565639496,-0.10327059775590897,-0.04184096306562424,-0.4402516186237335,-0.12485156208276749,0.07198520749807358,-0.5051572918891907,-0.03180781379342079,0.07213456928730011,-0.7217997908592224,-0.08168412744998932,0.0635044127702713,-0.8585196137428284,-0.10954885929822922,0.054316092282533646,-0.9740126132965088,-0.12076731026172638,-0.013261302374303341,-0.48515599966049194,-0.040740277618169785,-0.005784873850643635,-0.7150474786758423,-0.10075123608112335,-0.0032905221451073885,-0.8661986589431763,-0.13262170553207397,0.0017586121102795005,-0.9901628494262695,-0.1399085521697998,-0.08981053531169891,-0.42517733573913574,-0.05777251720428467,-0.1040056049823761,-0.4968888759613037,-0.15386879444122314,-0.06023844704031944,-0.35506168007850647,-0.16607099771499634,-0.0217484962195158,-0.24612869322299957,-0.13849440217018127,-0.16000714898109436,-0.3390654921531677,-0.07797408103942871,-0.1624722182750702,-0.4034140408039093,-0.14663679897785187,-0.11440271884202957,-0.30066126585006714,-0.13587947189807892,-0.07713446766138077,-0.2136250138282776,-0.10523030161857605,SOS
0.0,0.0,0.0,0.1035149022936821,-0.13049574196338654,-0.054404448717832565,0.12512141466140747,-0.30412623286247253,-0.07498221099376678,0.040315743535757065,-0.3990151286125183,-0.09822781383991241,-0.04162760078907013,-0.4380369782447815,-0.11908271163702011,0.07461126893758774,-0.5061384439468384,-0.030550537630915642,0.07601553201675415,-0.720609724521637,-0.078090138733387,0.06794055551290512,-0.8576487302780151,-0.10530570149421692,0.05867451801896095,-0.9747146964073181,-0.11700139939785004,-0.010893110185861588,-0.48487088084220886,-0.04066356644034386,-0.005044454708695412,-0.7149125337600708,-0.09905865788459778,-0.0018777273362502456,-0.8663226962089539,-0.13101039826869965,0.002986207138746977,-0.9901659488677979,-0.13986584544181824,-0.08812058717012405,-0.423225462436676,-0.058526162058115005,-0.09715728461742401,-0.5028094053268433,-0.15460620820522308,-0.052968405187129974,-0.35503581166267395,-0.16698020696640015,-0.018125561997294426,-0.24098104238510132,-0.14029131829738617,-0.15990497171878815,-0.33612337708473206,-0.0793733149766922,-0.15662550926208496,-0.4115130305290222,-0.1477780044078827,-0.1066768616437912,-0.30978086590766907,-0.13651181757450104,-0.0717858076095581,-0.22008159756660461,-0.10668592900037766,SOS
0.0,0.0,0.0,0.10442972928285599,-0.13053414225578308,-0.05823672190308571,0.12593358755111694,-0.3034323751926422,-0.08071304857730865,0.04205676540732384,-0.4018811583518982,-0.10533839464187622,-0.037278275936841965,-0.4515330195426941,-0.12693454325199127,0.0773431733250618,-0.508790910243988,-0.031129328534007072,0.07934552431106567,-0.7228081226348877,-0.07921023666858673,0.07160843908786774,-0.8578463196754456,-0.10678085684776306,0.06273079663515091,-0.9737386703491211,-0.11856027692556381,-0.008432921953499317,-0.48706358671188354,-0.039489977061748505,-0.0011369783896952868,-0.7162649035453796,-0.09913191944360733,0.0033051155041903257,-0.8669622540473938,-0.1318170726299286,0.009572579525411129,-0.9900134205818176,-0.14064785838127136,-0.08639267086982727,-0.42600512504577637,-0.05624809116125107,-0.09587205201387405,-0.4998149275779724,-0.15372802317142487,-0.051751065999269485,-0.3512519299983978,-0.16704945266246796,-0.015659669414162636,-0.2380097657442093,-0.14037162065505981,-0.15885622799396515,-0.34129905700683594,-0.0763179212808609,-0.15481002628803253,-0.4093239903450012,-0.14563827216625214,-0.10577087849378586,-0.30441781878471375,-0.13547728955745697,-0.070710189640522,-0.2142566740512848,-0.10596339404582977,SOS
0.0,0.0,0.0,0.10584678500890732,-0.1330036222934723,-0.055585287511348724,0.12525615096092224,-0.30732837319374084,-0.07632745057344437,0.04160582274198532,-0.4056611955165863,-0.09952608495950699,-0.0351719930768013,-0.4518711268901825,-0.12014064192771912,0.0782056376338005,-0.5084797739982605,-0.030182266607880592,0.08305839449167252,-0.7209775447845459,-0.07764182984828949,0.07713145762681961,-0.8560189604759216,-0.10567943006753922,0.07007569819688797,-0.9724572896957397,-0.11801058799028397,-0.0076062665320932865,-0.48774808645248413,-0.03939405083656311,0.000293305900413543,-0.7149085998535156,-0.09690524637699127,0.004969905596226454,-0.8660895824432373,-0.12866070866584778,0.01141506340354681,-0.9904043078422546,-0.13772810995578766,-0.08535565435886383,-0.4271836280822754,-0.05676257237792015,-0.09311674535274506,-0.5059014558792114,-0.15154699981212616,-0.049056049436330795,-0.3586254119873047,-0.16407383978366852,-0.014256713911890984,-0.24563732743263245,-0.13793517649173737,-0.15687395632266998,-0.3410990238189697,-0.0773741826415062,-0.15222112834453583,-0.41638171672821045,-0.1449558585882187,-0.10243275761604309,-0.31437087059020996,-0.13416855037212372,-0.06694994866847992,-0.22449617087841034,-0.10490244626998901,SOS
0.0,0.0,0.0,0.10762563347816467,-0.13243071734905243,-0.05238104611635208,0.13175997138023376,-0.30686959624290466,-0.0713857039809227,0.050538867712020874,-0.394553542137146,-0.09397390484809875,-0.02516321837902069,-0.42201873660087585,-0.11452600359916687,0.07815732061862946,-0.5121400952339172,-0.023518744856119156,0.08422020822763443,-0.7217495441436768,-0.06934728473424911,0.08090239763259888,-0.8541787266731262,-0.09652220457792282,0.07577173411846161,-0.9678473472595215,-0.10834888368844986,-0.005695261526852846,-0.4937235116958618,-0.034540314227342606,0.004494491498917341,-0.7202423810958862,-0.08943889290094376,0.010236186906695366,-0.8694378137588501,-0.12106718122959137,0.016266359016299248,-0.9913842082023621,-0.12997190654277802,-0.08105902373790741,-0.43388402462005615,-0.053836893290281296,-0.09355223178863525,-0.5031918287277222,-0.14594368636608124,-0.05057021602988243,-0.3581523895263672,-0.16060757637023926,-0.015645518898963928,-0.24728983640670776,-0.13610219955444336,-0.15093541145324707,-0.3482351005077362,-0.07627373933792114,-0.15170934796333313,-0.41367945075035095,-0.14026959240436554,-0.10481925308704376,-0.3114579916000366,-0.1298162341117859,-0.07055173814296722,-0.22282177209854126,-0.10145161300897598,SOS
0.0,0.0,0.0,0.10667655616998672,-0.12730808556079865,-0.05297243967652321,0.13056756556034088,-0.298061341047287,-0.07313862442970276,0.05112861469388008,-0.3826846182346344,-0.0964624434709549,-0.022833436727523804,-0.4129740297794342,-0.11761676520109177,0.0788709744811058,-0.5073026418685913,-0.0250096395611763,0.08490025252103806,-0.7179285287857056,-0.07177501171827316,0.08231209218502045,-0.8522035479545593,-0.09902867674827576,0.07831188291311264,-0.9656350612640381,-0.11037740111351013,-0.004470307379961014,-0.489755779504776,-0.0354505330324173,0.007864722982048988,-0.7142458558082581,-0.09113436937332153,0.013658019714057446,-0.8657320141792297,-0.12294155359268188,0.020030653104186058,-0.9911531805992126,-0.1312025934457779,-0.07994065433740616,-0.43034207820892334,-0.0541573166847229,-0.09551522135734558,-0.4981670379638672,-0.1470346748828888,-0.05335529148578644,-0.3551813066005707,-0.16171281039714813,-0.017523903399705887,-0.24663737416267395,-0.13640740513801575,-0.14921408891677856,-0.3440593481063843,-0.07583582401275635,-0.15293096005916595,-0.4095708131790161,-0.1408509612083435,-0.10706663876771927,-0.30713051557540894,-0.13033439218997955,-0.07281611114740372,-0.22026899456977844,-0.10102185606956482,SOS
0.0,0.0,0.0,0.10536528378725052,-0.13322436809539795,-0.048452891409397125,0.12486837059259415,-0.3130417466163635,-0.06421678513288498,0.0523892417550087,-0.4066416323184967,-0.0845581665635109,-0.014226345345377922,-0.44057515263557434,-0.10315937548875809,0.08047638088464737,-0.5095372200012207,-0.019537651911377907,0.0878802090883255,-0.7213696241378784,-0.06522233784198761,0.08661378175020218,-0.8571967482566833,-0.09220881015062332,0.08352551609277725,-0.9715496301651001,-0.1031346246600151,-0.002334665972739458,-0.4901461601257324,-0.03197485953569412,0.006331243086606264,-0.7170697450637817,-0.08637505769729614,0.01260010153055191,-0.8687458038330078,-0.1171669214963913,0.020655829459428787,-0.9920089244842529,-0.12446534633636475,-0.07604367285966873,-0.4305676519870758,-0.05252524092793465,-0.09118705242872238,-0.4907732903957367,-0.14446723461151123,-0.05189034715294838,-0.34984198212623596,-0.1596522480249405,-0.018011001870036125,-0.24373210966587067,-0.13451656699180603,-0.14474418759346008,-0.34549278020858765,-0.07584147900342941,-0.15194854140281677,-0.40857142210006714,-0.13935138285160065,-0.10761002451181412,-0.30573633313179016,-0.1281101256608963,-0.07281140983104706,-0.21623750030994415,-0.09844890981912613,SOS
0.0,0.0,0.0,0.10610561072826385,-0.13348796963691711,-0.05330529436469078,0.12865491211414337,-0.3108793795108795,-0.07105425000190735,0.05087394639849663,-0.4038633108139038,-0.09217783808708191,-0.01838325709104538,-0.4385124742984772,-0.11142626404762268,0.08105884492397308,-0.5111748576164246,-0.0224385354667902,0.08658934384584427,-0.7225527167320251,-0.0683010071516037,0.08400585502386093,-0.8573868870735168,-0.09606680274009705,0.08043922483921051,-0.9732440114021301,-0.1079445406794548,-0.002141692442819476,-0.4916146993637085,-0.032430581748485565,0.006502966396510601,-0.7136052250862122,-0.08732569217681885,0.01192431803792715,-0.8650931715965271,-0.1195344403386116,0.019321482628583908,-0.9915311336517334,-0.12842364609241486,-0.07610088586807251,-0.4314418435096741,-0.050916001200675964,-0.09058474004268646,-0.49419572949409485,-0.14364708960056305,-0.05145462229847908,-0.35015055537223816,-0.15934306383132935,-0.01817392371594906,-0.2428351789712906,-0.13484786450862885,-0.1443348079919815,-0.34620705246925354,-0.07249624282121658,-0.151492640376091,-0.4144609272480011,-0.1367691606283188,-0.10903985053300858,-0.3109593093395233,-0.1257462352514267,-0.07608599215745926,-0.22179944813251495,-0.09654240310192108,SOS
0.0,0.0,0.0,0.10710605978965759,-0.13174785673618317,-0.05550564080476761,0.12924925982952118,-0.30446818470954895,-0.07583150267601013,0.05172368139028549,-0.39539629220962524,-0.09931668639183044,-0.017903903499245644,-0.43453291058540344,-0.12013953924179077,0.08155383169651031,-0.5109853744506836,-0.024671966210007668,0.08577504009008408,-0.7220780253410339,-0.07206925749778748,0.08228635787963867,-0.8558283448219299,-0.10041490197181702,0.07856538891792297,-0.9709908962249756,-0.11271984130144119,-0.0013967116829007864,-0.49309131503105164,-0.03441359102725983,0.005297582596540451,-0.7161097526550293,-0.09146814048290253,0.01192217692732811,-0.8658882975578308,-0.12455116212368011,0.021067725494503975,-0.9907903671264648,-0.13375568389892578,-0.07549743354320526,-0.4345981478691101,-0.05287935584783554,-0.09138607978820801,-0.49226874113082886,-0.1471053957939148,-0.05226480960845947,-0.3495856821537018,-0.1631864458322525,-0.018163712695240974,-0.2438974380493164,-0.1389034390449524,-0.1436893194913864,-0.35108935832977295,-0.07478933781385422,-0.15085436403751373,-0.40901368856430054,-0.1403716653585434,-0.10768701136112213,-0.30534422397613525,-0.1308216154575348,-0.07344505935907364,-0.21810020506381989,-0.10252399742603302,SOS
0.0,0.0,0.0,0.10496820509433746,-0.13252657651901245,-0.05456739664077759,0.1256202608346939,-0.30718672275543213,-0.07416566461324692,0.04838674142956734,-0.4037729501724243,-0.09700123965740204,-0.017722606658935547,-0.4441019594669342,-0.117266446352005,0.07995091378688812,-0.5082616806030273,-0.024646326899528503,0.08604440838098526,-0.7192186713218689,-0.0722777396440506,0.08376149088144302,-0.8527141809463501,-0.10076475888490677,0.08163002878427505,-0.9686558842658997,-0.11327886581420898,-0.00239956914447248,-0.491698294878006,-0.03423043340444565,0.004326381720602512,-0.7127689123153687,-0.09185226261615753,0.011004507541656494,-0.8635402321815491,-0.1254151463508606,0.020828694105148315,-0.9906021952629089,-0.1351795494556427,-0.07618097215890884,-0.4345047175884247,-0.05223356559872627,-0.09189455956220627,-0.4936835467815399,-0.14571429789066315,-0.053993869572877884,-0.3517710566520691,-0.16133493185043335,-0.020836152136325836,-0.24534735083580017,-0.1371789127588272,-0.14380525052547455,-0.35235410928726196,-0.07369329780340195,-0.15075157582759857,-0.40819352865219116,-0.13906389474868774,-0.10839203000068665,-0.30563274025917053,-0.13001543283462524,-0.0750984251499176,-0.21833913028240204,-0.10219502449035645,SOS
0.0,0.0,0.0,0.10526961833238602,-0.12365981191396713,-0.05888554826378822,0.12738873064517975,-0.2926240861415863,-0.08164756000041962,0.04327597841620445,-0.38492682576179504,-0.10628116875886917,-0.0252210795879364,-0.4317481815814972,-0.12791284918785095,0.07915176451206207,-0.5034626126289368,-0.03332386538386345,0.08289522677659988,-0.7165378928184509,-0.08349629491567612,0.07882712781429291,-0.8520669937133789,-0.11249732971191406,0.07469295710325241,-0.9681938886642456,-0.12479189783334732,-0.0038970636669546366,-0.4872537851333618,-0.040986787527799606,0.00590831134468317,-0.7121402621269226,-0.10073532164096832,0.011678687296807766,-0.8629758954048157,-0.1344895213842392,0.019961314275860786,-0.9894211292266846,-0.14369234442710876,-0.07823027670383453,-0.4291233420372009,-0.0570378340780735,-0.09780848026275635,-0.49409934878349304,-0.15237219631671906,-0.058875422924757004,-0.3534409999847412,-0.16687989234924316,-0.02393675595521927,-0.24711154401302338,-0.1414767950773239,-0.14627216756343842,-0.3448992967605591,-0.0765700489282608,-0.15551869571208954,-0.409853458404541,-0.1430884748697281,-0.11255964636802673,-0.30884674191474915,-0.13282330334186554,-0.07885812222957611,-0.22309568524360657,-0.10359741747379303,SOS
0.0,0.0,0.0,0.10665193200111389,-0.13658900558948517,-0.05381874740123749,0.12392202019691467,-0.3121589124202728,-0.07203571498394012,0.041934724897146225,-0.4022960066795349,-0.09388963878154755,-0.028102466836571693,-0.4363936483860016,-0.1138390451669693,0.08116528391838074,-0.5088722705841064,-0.02061602659523487,0.08558684587478638,-0.7184042930603027,-0.06744657456874847,0.08261306583881378,-0.8529490232467651,-0.09574265778064728,0.07906153053045273,-0.9689292907714844,-0.10800733417272568,-0.002087503904476762,-0.4919193387031555,-0.03040439449250698,0.005853022448718548,-0.7156404852867126,-0.0870647132396698,0.011817791499197483,-0.866218626499176,-0.12028902024030685,0.020299110561609268,-0.9914117455482483,-0.12919263541698456,-0.0766797885298729,-0.4330956041812897,-0.048925016075372696,-0.097958043217659,-0.4945874810218811,-0.14351871609687805,-0.05895431712269783,-0.352042019367218,-0.16055844724178314,-0.02344897948205471,-0.2448633760213852,-0.13632972538471222,-0.14487691223621368,-0.34934136271476746,-0.07058180123567581,-0.15531274676322937,-0.41119590401649475,-0.13686101138591766,-0.11292051523923874,-0.306998610496521,-0.12770694494247437,-0.0781274288892746,-0.2182854413986206,-0.09929016977548599,SOS
0.0,0.0,0.0,0.10526794195175171,-0.13357298076152802,-0.056103162467479706,0.12265865504741669,-0.3076736629009247,-0.07614842802286148,0.03830075263977051,-0.40059390664100647,-0.09914747625589371,-0.038070742040872574,-0.43949654698371887,-0.11962560564279556,0.08057723194360733,-0.5106907486915588,-0.023198017850518227,0.07906187325716019,-0.7197064757347107,-0.07124392688274384,0.07375436276197433,-0.8535639643669128,-0.10013486444950104,0.06971050798892975,-0.9685752391815186,-0.11295299232006073,-0.002818828681483865,-0.4950266480445862,-0.0322381854057312,0.002739285584539175,-0.7139655351638794,-0.09180311858654022,0.008521392941474915,-0.8645021319389343,-0.1271689534187317,0.017970221117138863,-0.9903530478477478,-0.13739685714244843,-0.07853653281927109,-0.43753933906555176,-0.05010773614048958,-0.10152841359376907,-0.49610647559165955,-0.14728525280952454,-0.06323901563882828,-0.3544504642486572,-0.1651785671710968,-0.02722638100385666,-0.24782274663448334,-0.14126397669315338,-0.14823001623153687,-0.3549221158027649,-0.07128892093896866,-0.15856151282787323,-0.4146478474140167,-0.14064916968345642,-0.11559072136878967,-0.31045404076576233,-0.13356170058250427,-0.07997655868530273,-0.22242388129234314,-0.10613079369068146,SOS
0.0,0.0,0.0,0.10447526723146439,-0.13494965434074402,-0.058860886842012405,0.12167636305093765,-0.303905725479126,-0.08109506964683533,0.03555421531200409,-0.39504992961883545,-0.10567766427993774,-0.046453993767499924,-0.43720993399620056,-0.12767863273620605,0.080508753657341,-0.5113153457641602,-0.026301642879843712,0.07846930623054504,-0.721479594707489,-0.0749785304069519,0.07267384976148605,-0.8559337258338928,-0.10449542105197906,0.06799334287643433,-0.9732763171195984,-0.11815571039915085,-0.003619199385866523,-0.4963431656360626,-0.03354625031352043,0.0012700282968580723,-0.7128559350967407,-0.09322277456521988,0.005672005005180836,-0.8628127574920654,-0.12816569209098816,0.013164031319320202,-0.9902507066726685,-0.13867326080799103,-0.07976983487606049,-0.43866777420043945,-0.049951352179050446,-0.11157657206058502,-0.5012403130531311,-0.14770540595054626,-0.07166972011327744,-0.35658788681030273,-0.16520023345947266,-0.03365165740251541,-0.2482154369354248,-0.1413896679878235,-0.1481538712978363,-0.3547106385231018,-0.06983751803636551,-0.1645967662334442,-0.41615813970565796,-0.1406983733177185,-0.12168174982070923,-0.3108225166797638,-0.1344926804304123,-0.08517701923847198,-0.2228674739599228,-0.1078019067645073,SOS
0.0,0.0,0.0,0.10291517525911331,-0.13315832614898682,-0.058855172246694565,0.11967358738183975,-0.3020675480365753,-0.08103938400745392,0.030382344499230385,-0.39263731241226196,-0.10528866201639175,-0.051919884979724884,-0.4323851466178894,-0.12692506611347198,0.08057191222906113,-0.5097078084945679,-0.02722017839550972,0.07594548165798187,-0.7207772135734558,-0.07582761347293854,0.0681905522942543,-0.8549246191978455,-0.10514418035745621,0.06193190813064575,-0.97182297706604,-0.11864699423313141,-0.003323786426335573,-0.494390606880188,-0.03418221324682236,0.00044843213981948793,-0.711333692073822,-0.09401148557662964,0.005562748294323683,-0.8615826368331909,-0.1284342110157013,0.014281796291470528,-0.99028480052948,-0.13831859827041626,-0.07878226786851883,-0.4370393455028534,-0.0502203144133091,-0.11250468343496323,-0.5029087066650391,-0.14813785254955292,-0.07253507524728775,-0.357334166765213,-0.16510814428329468,-0.03361826390028,-0.24734005331993103,-0.1407238394021988,-0.14623360335826874,-0.3531600832939148,-0.06969005614519119,-0.16451296210289001,-0.41714200377464294,-0.14091934263706207,-0.12172888964414597,-0.3120109438896179,-0.13447201251983643,-0.08402856439352036,-0.22388991713523865,-0.10737507045269012,SOS
0.0,0.0,0.0,0.10343697667121887,-0.12787550687789917,-0.061500560492277145,0.12142004072666168,-0.29748645424842834,-0.08466356992721558,0.02659287117421627,-0.393714964389801,-0.10882934182882309,-0.052475642412900925,-0.4476679563522339,-0.12991154193878174,0.08249995857477188,-0.504815936088562,-0.03202255815267563,0.08064548671245575,-0.7177912592887878,-0.08096982538700104,0.0730603039264679,-0.8537564873695374,-0.1098732128739357,0.06698935478925705,-0.9720185399055481,-0.123060442507267,-0.0023126814048737288,-0.49115467071533203,-0.037048064172267914,0.0032080551609396935,-0.7084625363349915,-0.09741553664207458,0.008728285320103168,-0.8592179417610168,-0.1311817169189453,0.017937637865543365,-0.9899319410324097,-0.14040327072143555,-0.07867156714200974,-0.4349779486656189,-0.05093437060713768,-0.11434901505708694,-0.5051838159561157,-0.149301677942276,-0.07554144412279129,-0.35732337832450867,-0.16403330862522125,-0.03751586750149727,-0.246260866522789,-0.13814356923103333,-0.1463993340730667,-0.3518480062484741,-0.06837533414363861,-0.16577844321727753,-0.41824960708618164,-0.14116314053535461,-0.12344427406787872,-0.3116728365421295,-0.1340733766555786,-0.08675354719161987,-0.22299054265022278,-0.10595155507326126,SOS
0.0,0.0,0.0,0.10123688727617264,-0.13119293749332428,-0.06035187095403671,0.11533666402101517,-0.2990157902240753,-0.08414248377084732,0.0204276405274868,-0.3965238630771637,-0.1092376857995987,-0.06400559842586517,-0.4481290876865387,-0.13138338923454285,0.08385904878377914,-0.5071595311164856,-0.032211724668741226,0.08358677476644516,-0.7208589315414429,-0.08227507770061493,0.07508840411901474,-0.8577443957328796,-0.1125083789229393,0.06724617630243301,-0.976211428642273,-0.12683585286140442,-0.0026156757958233356,-0.4927130937576294,-0.038551270961761475,0.0032705029007047415,-0.7096885442733765,-0.10101597011089325,0.00590702798217535,-0.8594672679901123,-0.1367865353822708,0.012716168537735939,-0.9890109896659851,-0.14729395508766174,-0.08094578236341476,-0.43447956442832947,-0.05340069159865379,-0.1130782887339592,-0.5053631663322449,-0.1525571495294571,-0.07440204918384552,-0.3592233955860138,-0.16763390600681305,-0.03662429377436638,-0.24929514527320862,-0.14208631217479706,-0.15034763514995575,-0.34847304224967957,-0.07165293395519257,-0.16816268861293793,-0.4169759154319763,-0.1450096070766449,-0.12532100081443787,-0.3116596043109894,-0.1375133991241455,-0.08794046193361282,-0.2236676812171936,-0.10900016874074936,SOS
0.0,0.0,0.0,0.09768065065145493,-0.1315743625164032,-0.05961756780743599,0.1094554215669632,-0.3067988157272339,-0.08039216697216034,0.016709744930267334,-0.40763506293296814,-0.10233279317617416,-0.06394905596971512,-0.4623706340789795,-0.12107156217098236,0.08434291183948517,-0.508011519908905,-0.027954524382948875,0.08283760398626328,-0.723815381526947,-0.07544901967048645,0.07548987120389938,-0.860436201095581,-0.1038559228181839,0.06880836933851242,-0.9798455238342285,-0.11683452874422073,-0.0013758045388385653,-0.49578866362571716,-0.03271608427166939,0.003944144118577242,-0.7113868594169617,-0.0927630290389061,0.008592791855335236,-0.8603090643882751,-0.12670187652111053,0.01658935286104679,-0.9906120896339417,-0.13569268584251404,-0.07834237068891525,-0.44029664993286133,-0.046113088726997375,-0.1188611313700676,-0.5104484558105469,-0.1425161510705948,-0.08080244064331055,-0.3624863624572754,-0.15655562281608582,-0.04245671629905701,-0.2532173693180084,-0.13039086759090424,-0.14565935730934143,-0.35757240653038025,-0.0630534365773201,-0.17022234201431274,-0.4270220994949341,-0.13330040872097015,-0.13071992993354797,-0.3221149742603302,-0.12495184689760208,-0.09460066258907318,-0.23626507818698883,-0.09627103805541992,SOS
0.0,0.0,0.0,0.09649889916181564,-0.13221272826194763,-0.058769647032022476,0.10780932754278183,-0.31218668818473816,-0.07805684953927994,0.011365304701030254,-0.415235698223114,-0.09858237206935883,-0.07118639349937439,-0.468817800283432,-0.1159401386976242,0.08433583378791809,-0.5126201510429382,-0.02351194992661476,0.08223547041416168,-0.7250778675079346,-0.06925319880247116,0.07451607286930084,-0.8600896000862122,-0.09710945934057236,0.06734571605920792,-0.9770954847335815,-0.11010081321001053,-0.0020982923451811075,-0.4991143047809601,-0.0291728675365448,0.0024463762529194355,-0.7165478467941284,-0.08703893423080444,0.006812034174799919,-0.863370418548584,-0.1204914078116417,0.015016849152743816,-0.9914547204971313,-0.1295837163925171,-0.07895280420780182,-0.44079354405403137,-0.043682754039764404,-0.11898031085729599,-0.5128498673439026,-0.1392257958650589,-0.07948453724384308,-0.36554065346717834,-0.15364065766334534,-0.04088425636291504,-0.2581655979156494,-0.12817497551441193,-0.14670123159885406,-0.35434651374816895,-0.06169350817799568,-0.17395110428333282,-0.4311290681362152,-0.13214614987373352,-0.13256452977657318,-0.3270881474018097,-0.12373281270265579,-0.09470497816801071,-0.24131013453006744,-0.0953228548169136,SOS
0.0,0.0,0.0,0.09458531439304352,-0.1259014755487442,-0.06260824203491211,0.11114797741174698,-0.3054448962211609,-0.08237037062644958,0.020565321668982506,-0.4160241484642029,-0.10216926038265228,-0.05968359857797623,-0.47819215059280396,-0.11797896027565002,0.09037128835916519,-0.51315838098526,-0.023792702704668045,0.0866207703948021,-0.7225794792175293,-0.06829708069562912,0.07737477123737335,-0.8561702966690063,-0.09539009630680084,0.0698506236076355,-0.9706398844718933,-0.10788561403751373,0.004382746759802103,-0.5011675953865051,-0.026765799149870872,0.008366993628442287,-0.7203671336174011,-0.08310677111148834,0.012856950983405113,-0.8668535351753235,-0.11563334614038467,0.02264281176030636,-0.9920384883880615,-0.12388239055871964,-0.07254602760076523,-0.4433779716491699,-0.038961414247751236,-0.11206687241792679,-0.5177556276321411,-0.1341419219970703,-0.07381962239742279,-0.37379321455955505,-0.14845171570777893,-0.03598843887448311,-0.26702985167503357,-0.12274722009897232,-0.14059248566627502,-0.35848385095596313,-0.05492476746439934,-0.16627275943756104,-0.43624794483184814,-0.12636776268482208,-0.12614399194717407,-0.33153337240219116,-0.11858921498060226,-0.08953727036714554,-0.24504388868808746,-0.09009482711553574,SOS
0.0,0.0,0.0,0.09641178697347641,-0.12542091310024261,-0.062446508556604385,0.1131862998008728,-0.3008468747138977,-0.08351512998342514,0.02350432053208351,-0.4114625155925751,-0.1050272211432457,-0.05948760360479355,-0.47417402267456055,-0.12278620153665543,0.08954302221536636,-0.5120682716369629,-0.02558891661465168,0.08680699020624161,-0.7197627425193787,-0.07170847058296204,0.07841212302446365,-0.8528245687484741,-0.1002039760351181,0.07136495411396027,-0.967525064945221,-0.11364023387432098,0.0035188121255487204,-0.5003767609596252,-0.02997121401131153,0.00920337438583374,-0.7176290154457092,-0.088043212890625,0.01252654753625393,-0.8648136854171753,-0.12229613214731216,0.020591145381331444,-0.991058886051178,-0.13182702660560608,-0.07326532900333405,-0.4423450827598572,-0.04351663216948509,-0.11104270070791245,-0.5133026242256165,-0.14015327394008636,-0.07250664383172989,-0.3690941631793976,-0.15582048892974854,-0.03409752622246742,-0.2622634768486023,-0.13099341094493866,-0.14089509844779968,-0.3562089800834656,-0.060809001326560974,-0.1659260392189026,-0.42990848422050476,-0.13335974514484406,-0.12510570883750916,-0.3254329264163971,-0.1265663057565689,-0.08700225502252579,-0.23923194408416748,-0.09879282116889954,SOS
0.0,0.0,0.0,0.09446374326944351,-0.13431550562381744,-0.05977319926023483,0.10751394927501678,-0.31488582491874695,-0.07790524512529373,0.014403088949620724,-0.42190030217170715,-0.09691375494003296,-0.06771447509527206,-0.4800805151462555,-0.11225450038909912,0.09166692942380905,-0.513161838054657,-0.01939389482140541,0.08904902637004852,-0.7226282358169556,-0.06386072933673859,0.08094857633113861,-0.8563036918640137,-0.09135811030864716,0.07352390885353088,-0.9729145169258118,-0.10445237904787064,0.005502015817910433,-0.5017829537391663,-0.023520059883594513,0.010303562507033348,-0.7181230187416077,-0.08049298822879791,0.01536855474114418,-0.8636942505836487,-0.11400789022445679,0.024434395134449005,-0.9920952320098877,-0.12308546900749207,-0.072045236825943,-0.4453316032886505,-0.03685060143470764,-0.11446499824523926,-0.5186980962753296,-0.1318136304616928,-0.07639864087104797,-0.37159547209739685,-0.1467544436454773,-0.038405150175094604,-0.26467764377593994,-0.12165550887584686,-0.14062419533729553,-0.3615972101688385,-0.05381722003221512,-0.16781483590602875,-0.4329249858856201,-0.12414133548736572,-0.1291138380765915,-0.32883474230766296,-0.11687029898166656,-0.09308318048715591,-0.2454601228237152,-0.08929084986448288,SOS
0.0,0.0,0.0,0.09410636872053146,-0.13163308799266815,-0.062176112085580826,0.10345970839262009,-0.3042992651462555,-0.08154275268316269,0.006874169688671827,-0.4073464572429657,-0.10168180614709854,-0.07454349100589752,-0.4689296782016754,-0.11786532402038574,0.09140722453594208,-0.5167062282562256,-0.01770525611937046,0.08757603913545609,-0.7235792279243469,-0.06195901706814766,0.08059115707874298,-0.8564467430114746,-0.09027581661939621,0.0750492662191391,-0.9718347787857056,-0.10407069325447083,0.005441317800432444,-0.5054582357406616,-0.02099720947444439,0.008858203887939453,-0.7210838794708252,-0.07751064747571945,0.014589840546250343,-0.8660067319869995,-0.11186610907316208,0.025446003302931786,-0.9922451972961426,-0.1216629222035408,-0.07166841626167297,-0.4470277428627014,-0.03413959965109825,-0.11403466016054153,-0.5196601748466492,-0.12972448766231537,-0.07753738760948181,-0.3741675019264221,-0.14681421220302582,-0.0402386337518692,-0.26795825362205505,-0.12314821779727936,-0.14005430042743683,-0.3604753017425537,-0.051098328083753586,-0.1679196059703827,-0.43464696407318115,-0.12334708124399185,-0.12984736263751984,-0.32858753204345703,-0.11775268614292145,-0.09303253889083862,-0.24190518260002136,-0.0909663736820221,SOS
0.0,0.0,0.0,0.09678161889314651,-0.138450026512146,-0.059363625943660736,0.10799001902341843,-0.31585565209388733,-0.07652808725833893,0.013541783206164837,-0.4175581932067871,-0.094916932284832,-0.0696331188082695,-0.4647604823112488,-0.11001764237880707,0.09084594994783401,-0.5182370543479919,-0.013627183623611927,0.08859576284885406,-0.724570631980896,-0.055092573165893555,0.08228908479213715,-0.8579460978507996,-0.08266893774271011,0.07681027799844742,-0.9741354584693909,-0.09667155146598816,0.0048043993301689625,-0.5069705843925476,-0.017507856711745262,0.007586809806525707,-0.7220862507820129,-0.07007228583097458,0.011604071594774723,-0.867792010307312,-0.10351929813623428,0.020250113680958748,-0.9933026432991028,-0.11375297605991364,-0.07203653454780579,-0.4479576349258423,-0.030928468331694603,-0.11260629445314407,-0.5235571265220642,-0.12181232124567032,-0.07566418498754501,-0.383163183927536,-0.1392812430858612,-0.03991229832172394,-0.27746492624282837,-0.11719120293855667,-0.13941289484500885,-0.35974758863449097,-0.04815775156021118,-0.1639447957277298,-0.4353316128253937,-0.11670611798763275,-0.12542374432086945,-0.33341658115386963,-0.11109237372875214,-0.08958515524864197,-0.24635283648967743,-0.08532225340604782,SOS
0.0,0.0,0.0,0.09606484323740005,-0.1380220353603363,-0.059466518461704254,0.10620135068893433,-0.31526705622673035,-0.07705140113830566,0.012248304672539234,-0.41619133949279785,-0.09566743671894073,-0.07086312770843506,-0.4631030261516571,-0.11102514714002609,0.09093008935451508,-0.5175050497055054,-0.015411706641316414,0.08907349407672882,-0.7238591313362122,-0.05735063552856445,0.08245352655649185,-0.8578934669494629,-0.08526772260665894,0.0764918103814125,-0.9739423990249634,-0.09936501085758209,0.004561927635222673,-0.5059303045272827,-0.019180597737431526,0.007049012929201126,-0.7212340235710144,-0.07177569717168808,0.010587094351649284,-0.8675886392593384,-0.1051006093621254,0.01866377703845501,-0.9931656122207642,-0.11521214246749878,-0.07262023538351059,-0.4465092420578003,-0.032384369522333145,-0.11255301535129547,-0.5226873755455017,-0.12277492135763168,-0.07592203468084335,-0.3841211199760437,-0.14018194377422333,-0.04085393249988556,-0.2786318361759186,-0.11814115941524506,-0.1396523416042328,-0.3583585023880005,-0.049397651106119156,-0.16355183720588684,-0.43423327803611755,-0.11737633496522903,-0.12551118433475494,-0.33420518040657043,-0.11161227524280548,-0.09064684063196182,-0.2479938417673111,-0.08575619012117386,SOS
0.0,0.0,0.0,0.09475401788949966,-0.13520751893520355,-0.06473631411790848,0.10561522841453552,-0.31836992502212524,-0.08153385668992996,0.009191897697746754,-0.42700445652008057,-0.09837067127227783,-0.07468875497579575,-0.4793798327445984,-0.11167901009321213,0.09477376192808151,-0.5124114751815796,-0.016086239367723465,0.09304605424404144,-0.7242984175682068,-0.058321762830019,0.08754314482212067,-0.8589807152748108,-0.08582811057567596,0.0831829160451889,-0.9776883721351624,-0.09937447309494019,0.011045258492231369,-0.5028687119483948,-0.016549546271562576,0.01598507910966873,-0.7200770974159241,-0.07099118828773499,0.021138209849596024,-0.8655101656913757,-0.1051631048321724,0.030618242919445038,-0.9928526878356934,-0.1153518408536911,-0.06321805715560913,-0.4492517411708832,-0.027224361896514893,-0.11312348395586014,-0.5227246880531311,-0.12107372283935547,-0.0806860700249672,-0.3793068528175354,-0.14000555872917175,-0.04420891031622887,-0.2748796045780182,-0.1177675649523735,-0.1289634108543396,-0.36955925822257996,-0.0419761948287487,-0.16626296937465668,-0.444307804107666,-0.1115967184305191,-0.13154715299606323,-0.3395567536354065,-0.10690749436616898,-0.09507915377616882,-0.2544395625591278,-0.08180002123117447,SOS
0.0,0.0,0.0,0.09340053051710129,-0.14065152406692505,-0.0628947764635086,0.10013583302497864,-0.32451024651527405,-0.07936966419219971,-0.0012822725111618638,-0.4337944984436035,-0.09606002271175385,-0.08602438867092133,-0.4908542335033417,-0.10877648741006851,0.0982605591416359,-0.516091525554657,-0.014577495865523815,0.09536150842905045,-0.7243465781211853,-0.056237950921058655,0.08796479552984238,-0.8598595261573792,-0.08358734101057053,0.08139290660619736,-0.975933313369751,-0.0972839891910553,0.013139741495251656,-0.505100667476654,-0.016777709126472473,0.01682979054749012,-0.720310389995575,-0.0705706924200058,0.019335893914103508,-0.8669105172157288,-0.10441481322050095,0.02725197933614254,-0.9930645823478699,-0.11436785757541656,-0.06353071331977844,-0.44750964641571045,-0.029021432623267174,-0.10991781949996948,-0.5248633623123169,-0.12297330796718597,-0.07568157464265823,-0.3836841583251953,-0.14089150726795197,-0.039383772760629654,-0.2799191176891327,-0.11805105209350586,-0.13093684613704681,-0.36245983839035034,-0.04516085237264633,-0.16478893160820007,-0.4427933394908905,-0.11693748831748962,-0.1289854496717453,-0.3383646607398987,-0.11195666342973709,-0.09306281805038452,-0.25259077548980713,-0.08603493124246597,SOS
0.0,0.0,0.0,0.0923881009221077,-0.13576214015483856,-0.06552333384752274,0.09923239052295685,-0.3130524158477783,-0.0842575803399086,-0.0011711937841027975,-0.4238967001438141,-0.10272801667451859,-0.08434802293777466,-0.48853832483291626,-0.11711981147527695,0.0978492945432663,-0.5129576921463013,-0.016886431723833084,0.0963720753788948,-0.7193618416786194,-0.06077035143971443,0.08964239805936813,-0.8546205759048462,-0.089911088347435,0.08404159545898438,-0.9712121486663818,-0.10492921620607376,0.01315961591899395,-0.5032004117965698,-0.01838686689734459,0.017006434500217438,-0.7186160683631897,-0.07521368563175201,0.020156050100922585,-0.8644852638244629,-0.11109886318445206,0.02898208238184452,-0.992078423500061,-0.122231625020504,-0.06315413117408752,-0.4459216594696045,-0.030202679336071014,-0.10842191427946091,-0.5229386687278748,-0.12734872102737427,-0.07345117628574371,-0.3804885745048523,-0.14631107449531555,-0.03657352551817894,-0.2775016725063324,-0.12377002835273743,-0.13040709495544434,-0.3608112037181854,-0.045964837074279785,-0.16121011972427368,-0.44041600823402405,-0.12036142498254776,-0.12498936057090759,-0.3349391222000122,-0.11652049422264099,-0.08919866383075714,-0.2507326006889343,-0.09109209477901459,SOS
0.0,0.0,0.0,0.09229467809200287,-0.13499149680137634,-0.06393604725599289,0.09764080494642258,-0.3144720196723938,-0.0808086097240448,0.0025041094049811363,-0.42556118965148926,-0.09763650596141815,-0.07529454678297043,-0.4891926348209381,-0.11029800027608871,0.09932880103588104,-0.5134978890419006,-0.013829686678946018,0.09729170799255371,-0.7225731611251831,-0.056484319269657135,0.09164956212043762,-0.8566848635673523,-0.08416435867547989,0.08674684166908264,-0.9721489548683167,-0.0980895459651947,0.013696136884391308,-0.5041546821594238,-0.015260224230587482,0.01722450740635395,-0.7234283089637756,-0.07068189233541489,0.023100264370441437,-0.8676880598068237,-0.10439292341470718,0.03354211896657944,-0.9929422736167908,-0.11375610530376434,-0.06390359997749329,-0.4459155201911926,-0.02711484208703041,-0.11272132396697998,-0.5289505124092102,-0.12288837879896164,-0.0776452124118805,-0.3842865824699402,-0.1401582807302475,-0.040747031569480896,-0.27888357639312744,-0.11645396798849106,-0.1325252652168274,-0.3591071367263794,-0.04284584894776344,-0.1660088449716568,-0.4412013292312622,-0.11593804508447647,-0.13146072626113892,-0.3361924886703491,-0.11101314425468445,-0.09700095653533936,-0.2522028982639313,-0.08494767546653748,SOS
0.0,0.0,0.0,0.0912235826253891,-0.13384707272052765,-0.06390352547168732,0.09998380392789841,-0.314991295337677,-0.08028817921876907,0.005148524418473244,-0.42886796593666077,-0.09663309156894684,-0.06996984034776688,-0.4985252320766449,-0.10864213854074478,0.1023080125451088,-0.5109060406684875,-0.013797393999993801,0.10063616931438446,-0.7222563624382019,-0.05673183128237724,0.09451969712972641,-0.85759437084198,-0.08449450135231018,0.0890345573425293,-0.9737948775291443,-0.09826238453388214,0.015001684427261353,-0.5009558796882629,-0.014627298340201378,0.01963978074491024,-0.7207934260368347,-0.07065040618181229,0.025728140026330948,-0.8658614754676819,-0.10483793914318085,0.03630784898996353,-0.9927547574043274,-0.11454110592603683,-0.06379831582307816,-0.4440900981426239,-0.025739794597029686,-0.11204123497009277,-0.5321338772773743,-0.12047133594751358,-0.07869665324687958,-0.38769352436065674,-0.13648460805416107,-0.04328633099794388,-0.2820037305355072,-0.11243318021297455,-0.1335412710905075,-0.3596610128879547,-0.0408003032207489,-0.16724921762943268,-0.4449833929538727,-0.1120438203215599,-0.13498741388320923,-0.3429817259311676,-0.10571639239788055,-0.10277115553617477,-0.26111936569213867,-0.07904133200645447,SOS
0.0,0.0,0.0,0.09205780178308487,-0.13009318709373474,-0.06522028893232346,0.10396987944841385,-0.30857256054878235,-0.08341537415981293,0.0054415627382695675,-0.4214414656162262,-0.10098208487033844,-0.07305070757865906,-0.4918695092201233,-0.11421812325716019,0.10330815613269806,-0.5097546577453613,-0.0173867866396904,0.10077133774757385,-0.7216697335243225,-0.06108590215444565,0.0938773825764656,-0.8576794266700745,-0.0895378515124321,0.08799102157354355,-0.9741140604019165,-0.10394186526536942,0.015847841277718544,-0.49945715069770813,-0.017670877277851105,0.021082237362861633,-0.718267023563385,-0.07466518878936768,0.026701590046286583,-0.8638423681259155,-0.11031240224838257,0.036437854170799255,-0.9919689893722534,-0.12111926078796387,-0.0625482127070427,-0.4426608085632324,-0.027951495721936226,-0.11304911971092224,-0.5313770174980164,-0.12368389219045639,-0.07912789285182953,-0.38668131828308105,-0.1407756209373474,-0.04318120703101158,-0.28022924065589905,-0.11746516078710556,-0.13173675537109375,-0.35774096846580505,-0.042061418294906616,-0.16588586568832397,-0.4417117238044739,-0.11538476496934891,-0.13323305547237396,-0.33860474824905396,-0.11023484915494919,-0.10095548629760742,-0.25617316365242004,-0.0839356780052185,SOS
0.0,0.0,0.0,0.09485597163438797,-0.1329106092453003,-0.06219726800918579,0.10917235165834427,-0.31527891755104065,-0.07724074274301529,0.016692321747541428,-0.42951199412345886,-0.09223770350217819,-0.060140106827020645,-0.49501556158065796,-0.1029944196343422,0.10655766725540161,-0.5130311846733093,-0.01218409463763237,0.1055896058678627,-0.7220169901847839,-0.053428683429956436,0.0997079387307167,-0.8566465377807617,-0.07971979677677155,0.09564467519521713,-0.9716540575027466,-0.09257087111473083,0.019692381843924522,-0.5041720271110535,-0.013797447085380554,0.0255124494433403,-0.726111114025116,-0.06697440892457962,0.03126034885644913,-0.870485246181488,-0.09917786717414856,0.041644368320703506,-0.9933046698570251,-0.10775712132453918,-0.059113308787345886,-0.44612035155296326,-0.025598447769880295,-0.11113949120044708,-0.5351629853248596,-0.12047622352838516,-0.07897345721721649,-0.3898331820964813,-0.13670814037322998,-0.04361461102962494,-0.28038227558135986,-0.11233475804328918,-0.12906821072101593,-0.36040183901786804,-0.0410049706697464,-0.16590119898319244,-0.44619953632354736,-0.11363596469163895,-0.13458189368247986,-0.3429710566997528,-0.1079646572470665,-0.1026020348072052,-0.2587305009365082,-0.08136581629514694,SOS
0.0,0.0,0.0,0.09496638178825378,-0.12921375036239624,-0.06183452531695366,0.11113765090703964,-0.3099893629550934,-0.07884083688259125,0.019726945087313652,-0.42965835332870483,-0.09615594893693924,-0.05446465685963631,-0.501105010509491,-0.10919999331235886,0.11263184249401093,-0.5084208250045776,-0.01774021051824093,0.11367316544055939,-0.7202638983726501,-0.06216234341263771,0.10964412242174149,-0.85619056224823,-0.08934202790260315,0.1070258840918541,-0.9718112349510193,-0.10215773433446884,0.024325350299477577,-0.5008397698402405,-0.020099515095353127,0.03221028298139572,-0.7247552871704102,-0.07612936943769455,0.04057661443948746,-0.8686584234237671,-0.10769302397966385,0.05368585139513016,-0.9918808937072754,-0.11528273671865463,-0.05586152523756027,-0.44412222504615784,-0.03230923414230347,-0.10608876496553421,-0.5359905362129211,-0.12882810831069946,-0.07496315240859985,-0.3895064890384674,-0.1435016393661499,-0.039894841611385345,-0.2789977788925171,-0.11777113378047943,-0.1277158409357071,-0.3582438826560974,-0.04812217503786087,-0.16217845678329468,-0.4442904591560364,-0.12183286994695663,-0.13115708529949188,-0.3414774537086487,-0.11559684574604034,-0.09950651973485947,-0.2569546699523926,-0.08820771425962448,SOS
0.0,0.0,0.0,0.09253215789794922,-0.1251050978899002,-0.06342842429876328,0.10975352674722672,-0.3086740970611572,-0.08013683557510376,0.01942932978272438,-0.43388494849205017,-0.09637892991304398,-0.05862656980752945,-0.5086866021156311,-0.1081290990114212,0.11600662767887115,-0.5084445476531982,-0.016678858548402786,0.11795040220022202,-0.721103310585022,-0.059415657073259354,0.11406350880861282,-0.8555679321289062,-0.0857466384768486,0.11140137165784836,-0.9704684615135193,-0.09817182272672653,0.02732779085636139,-0.5014141201972961,-0.017787637189030647,0.03834202513098717,-0.7269018888473511,-0.07223854213953018,0.046642810106277466,-0.8702670931816101,-0.10330519080162048,0.05912293866276741,-0.9921355247497559,-0.1103249117732048,-0.05346435308456421,-0.4453793466091156,-0.028897088021039963,-0.10161931812763214,-0.5396195650100708,-0.1252199411392212,-0.07235122472047806,-0.3931812345981598,-0.13977961242198944,-0.03932125121355057,-0.28293803334236145,-0.11366139352321625,-0.1252041608095169,-0.3603438436985016,-0.04354783892631531,-0.1589389443397522,-0.4502395987510681,-0.11767810583114624,-0.1286446750164032,-0.3425891399383545,-0.11080683022737503,-0.09698467701673508,-0.25463125109672546,-0.08253379911184311,SOS
0.0,0.0,0.0,0.0962018072605133,-0.12352237850427628,-0.06488063931465149,0.11398395150899887,-0.29904574155807495,-0.08472070097923279,0.021028025075793266,-0.42038145661354065,-0.10426224768161774,-0.055362798273563385,-0.49770569801330566,-0.11952409148216248,0.11849113553762436,-0.5039645433425903,-0.02042032964527607,0.12089710682630539,-0.7157490849494934,-0.06571826338768005,0.11692216992378235,-0.8519178032875061,-0.09454619884490967,0.11388352513313293,-0.9682196378707886,-0.10880827903747559,0.03108389489352703,-0.49890410900115967,-0.021750446408987045,0.04298584535717964,-0.7192558646202087,-0.0790581926703453,0.05135434493422508,-0.8651497960090637,-0.112458236515522,0.0638243705034256,-0.9905526638031006,-0.12137538939714432,-0.04837492108345032,-0.44651922583580017,-0.03312063217163086,-0.09798990190029144,-0.538205087184906,-0.13014280796051025,-0.06979966908693314,-0.39184504747390747,-0.14508403837680817,-0.03649582713842392,-0.2820223271846771,-0.11983463168144226,-0.11956071108579636,-0.3642560839653015,-0.04827163368463516,-0.15563876926898956,-0.45039182901382446,-0.12331811338663101,-0.12703002989292145,-0.3417605757713318,-0.1169256642460823,-0.09589402377605438,-0.2538633346557617,-0.08915519714355469,SOS
0.0,0.0,0.0,0.0929047241806984,-0.12569454312324524,-0.06455578655004501,0.11025415360927582,-0.30863508582115173,-0.08071252703666687,0.020159633830189705,-0.43020981550216675,-0.09645340591669083,-0.055875979363918304,-0.5054547786712646,-0.10782407224178314,0.11735619604587555,-0.5121192932128906,-0.013012329116463661,0.11780957877635956,-0.7232179045677185,-0.054290372878313065,0.11504169553518295,-0.8575789332389832,-0.08026979863643646,0.11383502185344696,-0.9729538559913635,-0.0925714299082756,0.0295540913939476,-0.505315899848938,-0.013818164356052876,0.04188109561800957,-0.7305748462677002,-0.06664345413446426,0.051187917590141296,-0.8725065588951111,-0.0979367345571518,0.06359690427780151,-0.9924356937408447,-0.10500925034284592,-0.049910277128219604,-0.44860321283340454,-0.025234943255782127,-0.10436619073152542,-0.5423774123191833,-0.1216774731874466,-0.07501567900180817,-0.39209920167922974,-0.1385716199874878,-0.04042627662420273,-0.28010737895965576,-0.11350196599960327,-0.12143468111753464,-0.36273622512817383,-0.040294211357831955,-0.15923699736595154,-0.45545268058776855,-0.11450083553791046,-0.12939360737800598,-0.34823232889175415,-0.10919956862926483,-0.09630225598812103,-0.26135945320129395,-0.08209870010614395,SOS
0.0,0.0,0.0,0.08981643617153168,-0.13438329100608826,-0.061853427439928055,0.09935355186462402,-0.3160908818244934,-0.07651174813508987,0.007953495718538761,-0.43747153878211975,-0.0918358862400055,-0.07018424570560455,-0.5105937719345093,-0.10279775410890579,0.1226171925663948,-0.5067148804664612,-0.008868768811225891,0.1263968050479889,-0.7175977230072021,-0.05149318277835846,0.12315256893634796,-0.8528586030006409,-0.07871799916028976,0.11855366080999374,-0.9685640335083008,-0.09212968498468399,0.03614061698317528,-0.5016165971755981,-0.010640549473464489,0.050873253494501114,-0.7246031761169434,-0.06591130048036575,0.06076597794890404,-0.8667839765548706,-0.09881149977445602,0.07291136682033539,-0.9915627241134644,-0.10717844218015671,-0.04291675612330437,-0.4463967978954315,-0.023049166426062584,-0.10151606053113937,-0.5395894646644592,-0.11963002383708954,-0.07365113496780396,-0.3939758837223053,-0.13711826503276825,-0.03767390921711922,-0.28743112087249756,-0.11293838173151016,-0.11439921706914902,-0.36037036776542664,-0.03896517679095268,-0.15504027903079987,-0.4495075047016144,-0.11218684166669846,-0.1261977106332779,-0.34544605016708374,-0.10745812207460403,-0.09153338521718979,-0.2620202302932739,-0.08145872503519058,SOS
0.0,0.0,0.0,0.0913444310426712,-0.13516786694526672,-0.060848936438560486,0.1016087755560875,-0.32185786962509155,-0.07518304139375687,0.006332117132842541,-0.44580236077308655,-0.09020858258008957,-0.07854554057121277,-0.5109675526618958,-0.10110162943601608,0.12166853994131088,-0.5097209215164185,-0.007839136756956577,0.1247602179646492,-0.7206107378005981,-0.04940176382660866,0.12229317426681519,-0.8558385968208313,-0.07638246566057205,0.11938685178756714,-0.9721403121948242,-0.08993463963270187,0.03518987447023392,-0.5054103136062622,-0.009803900495171547,0.04910095036029816,-0.7252892255783081,-0.06338699162006378,0.05963338911533356,-0.867438018321991,-0.09669951349496841,0.07278835773468018,-0.9917022585868835,-0.10596466064453125,-0.04310140758752823,-0.45086827874183655,-0.022131698206067085,-0.10236584395170212,-0.5440856218338013,-0.11620777100324631,-0.076551653444767,-0.40251457691192627,-0.1349467635154724,-0.042536914348602295,-0.2958213984966278,-0.11230868846178055,-0.11298912018537521,-0.36599433422088623,-0.03794141486287117,-0.1552710235118866,-0.453489750623703,-0.10855277627706528,-0.1273569017648697,-0.3539358377456665,-0.10459508746862411,-0.09339094161987305,-0.27077943086624146,-0.07984092831611633,SOS
0.0,0.0,0.0,0.0884508267045021,-0.14515693485736847,-0.05853162333369255,0.09435116499662399,-0.3330746293067932,-0.07010413706302643,-0.0009969957172870636,-0.45409756898880005,-0.08287090063095093,-0.08572964370250702,-0.5122603178024292,-0.09181419014930725,0.12278451770544052,-0.5105969905853271,-4.528755380306393e-05,0.12455352395772934,-0.7195436358451843,-0.03869811072945595,0.12212709337472916,-0.8550079464912415,-0.06551729887723923,0.11972279846668243,-0.9707443714141846,-0.07937822490930557,0.03793267160654068,-0.506181001663208,-0.0015023385640233755,0.05026034265756607,-0.7256350517272949,-0.05105501413345337,0.05933418124914169,-0.8683664798736572,-0.08480896055698395,0.07226774841547012,-0.9928085803985596,-0.09543811529874802,-0.04003923758864403,-0.45244714617729187,-0.013413172215223312,-0.09990321099758148,-0.5441983938217163,-0.10163338482379913,-0.07709314674139023,-0.40815868973731995,-0.12175894528627396,-0.04457211121916771,-0.30536285042762756,-0.10177426040172577,-0.11005077511072159,-0.3690677881240845,-0.028909411281347275,-0.152734637260437,-0.45527219772338867,-0.09369906783103943,-0.12715382874011993,-0.3580487072467804,-0.08978909999132156,-0.09466352313756943,-0.2772120237350464,-0.06663991510868073,SOS
0.0,0.0,0.0,0.09046929329633713,-0.14928846061229706,-0.06001528352499008,0.09408567100763321,-0.3441234827041626,-0.06802946329116821,-0.0016878341557458043,-0.4579537510871887,-0.07606322318315506,-0.09052158892154694,-0.508802056312561,-0.07929234206676483,0.12373243272304535,-0.5101941823959351,0.0012550356332212687,0.12401722371578217,-0.7226904630661011,-0.0381852462887764,0.12087994813919067,-0.8586805462837219,-0.0639161691069603,0.11819807440042496,-0.9748727679252625,-0.07601821422576904,0.040710415691137314,-0.5084990859031677,0.0005715061561204493,0.05862683802843094,-0.7313492894172668,-0.048630520701408386,0.06774081289768219,-0.8695120215415955,-0.0801621675491333,0.08063352108001709,-0.9928768277168274,-0.08771517127752304,-0.036109596490859985,-0.45942115783691406,-0.011641914024949074,-0.10337046533823013,-0.5452746748924255,-0.10313055664300919,-0.08292319625616074,-0.4058963358402252,-0.1250559389591217,-0.048212680965662,-0.3089401423931122,-0.10371769964694977,-0.10526254773139954,-0.38146913051605225,-0.027364108711481094,-0.15436910092830658,-0.4640442132949829,-0.09281003475189209,-0.12987956404685974,-0.36527112126350403,-0.08929317444562912,-0.09573628753423691,-0.28755924105644226,-0.06576316058635712,SOS
0.0,0.0,0.0,0.09160391241312027,-0.15669555962085724,-0.0612507238984108,0.0959082543849945,-0.3449011743068695,-0.06628730148077011,-0.004384337458759546,-0.45945852994918823,-0.0709352120757103,-0.09086296707391739,-0.5190390348434448,-0.07018592953681946,0.12986166775226593,-0.509850025177002,0.013725169003009796,0.12977193295955658,-0.7207549214363098,-0.019303232431411743,0.1258147805929184,-0.8568799495697021,-0.042916469275951385,0.1205085963010788,-0.9719874262809753,-0.054572101682424545,0.04724480211734772,-0.5057538151741028,0.014765359461307526,0.06236468628048897,-0.7270240783691406,-0.027998751029372215,0.06843116879463196,-0.8703206181526184,-0.0594971738755703,0.0766465812921524,-0.9947076439857483,-0.06842394918203354,-0.02895181253552437,-0.45424526929855347,0.003164582187309861,-0.09338871389627457,-0.5422778725624084,-0.08543825149536133,-0.06923741847276688,-0.40649494528770447,-0.11130194365978241,-0.0354808084666729,-0.3137485384941101,-0.09376361966133118,-0.09796662628650665,-0.3748161792755127,-0.012062221765518188,-0.14576610922813416,-0.46110159158706665,-0.07993112504482269,-0.1187816709280014,-0.36172032356262207,-0.08105688542127609,-0.08397415280342102,-0.2832410931587219,-0.06107363849878311,SOS
0.0,0.0,0.0,0.08882949501276016,-0.15117651224136353,-0.06674719601869583,0.09144483506679535,-0.3457711935043335,-0.07480155676603317,-0.0014910652535036206,-0.45687830448150635,-0.0818907618522644,-0.08913939446210861,-0.5025190711021423,-0.0843891054391861,0.12291783094406128,-0.5121006369590759,0.003873005975037813,0.12615448236465454,-0.7227519154548645,-0.03078101947903633,0.12601986527442932,-0.8579605221748352,-0.05489066243171692,0.12594322860240936,-0.9743943214416504,-0.06661596149206161,0.040954992175102234,-0.5072082281112671,0.008344613015651703,0.055644311010837555,-0.7263005375862122,-0.036829810589551926,0.06682483851909637,-0.8684148192405701,-0.06856533885002136,0.081416055560112,-0.9936947226524353,-0.07708580791950226,-0.03320156782865524,-0.45572811365127563,0.00032717225258238614,-0.10197463631629944,-0.5408779382705688,-0.08849522471427917,-0.08193036168813705,-0.4058961272239685,-0.11561568826436996,-0.04838607460260391,-0.30725181102752686,-0.0983157530426979,-0.09755858033895493,-0.37966322898864746,-0.011885196901857853,-0.14907947182655334,-0.46008723974227905,-0.07691335678100586,-0.12690772116184235,-0.36388564109802246,-0.07862196862697601,-0.0926220491528511,-0.28435757756233215,-0.05935632064938545,SOS
0.0,0.0,0.0,0.08840855956077576,-0.15307311713695526,-0.06808704882860184,0.09091326594352722,-0.34677010774612427,-0.07494949549436569,-0.00485629728063941,-0.4607051610946655,-0.0795629546046257,-0.09097658842802048,-0.5093293190002441,-0.07876349985599518,0.12554064393043518,-0.5106475949287415,0.003399723442271352,0.12540480494499207,-0.7231789231300354,-0.029734943062067032,0.12238199263811111,-0.8603760004043579,-0.05271844565868378,0.12026496976613998,-0.9768774509429932,-0.06354952603578568,0.043067384511232376,-0.5061907172203064,0.00885842740535736,0.053177569061517715,-0.7275151014328003,-0.03356514126062393,0.06102424114942551,-0.871091902256012,-0.06387229263782501,0.07380404323339462,-0.9946901202201843,-0.07172483205795288,-0.03142726793885231,-0.4554315507411957,0.00157923751976341,-0.09774395823478699,-0.5394793152809143,-0.08482471853494644,-0.07780717313289642,-0.4063543677330017,-0.1116533875465393,-0.044381968677043915,-0.3118990659713745,-0.09485317021608353,-0.09632111340761185,-0.3797070384025574,-0.01012881938368082,-0.14784744381904602,-0.4625803530216217,-0.07368610054254532,-0.1254941076040268,-0.36783215403556824,-0.07512298971414566,-0.09232843667268753,-0.2894720733165741,-0.056035108864307404,SOS
0.0,0.0,0.0,0.08940824121236801,-0.1549326330423355,-0.06618338823318481,0.09031301736831665,-0.3458270728588104,-0.07504092156887054,-0.0036779826041311026,-0.4554283618927002,-0.08278866857290268,-0.0907096192240715,-0.503535270690918,-0.08574390411376953,0.11808028072118759,-0.5119315385818481,0.002703327452763915,0.1188991516828537,-0.724777340888977,-0.03258518502116203,0.11684595048427582,-0.8612452149391174,-0.057396430522203445,0.11565093696117401,-0.979320228099823,-0.06974706798791885,0.03626022860407829,-0.5056374669075012,0.006124251056462526,0.047330841422080994,-0.7259358763694763,-0.039494648575782776,0.05777548998594284,-0.8690950274467468,-0.07200517505407333,0.07267973572015762,-0.9940232038497925,-0.0814581885933876,-0.03869636729359627,-0.4533548653125763,-0.002776687266305089,-0.10505228489637375,-0.5339842438697815,-0.09110208600759506,-0.08355773985385895,-0.39844587445259094,-0.11728063970804214,-0.04975077882409096,-0.3023326098918915,-0.10010155290365219,-0.10385043919086456,-0.3755376636981964,-0.015907077118754387,-0.15426182746887207,-0.45449575781822205,-0.08001967519521713,-0.13008734583854675,-0.3552253246307373,-0.07982032746076584,-0.09571319818496704,-0.27447307109832764,-0.05960874632000923,SOS
0.0,0.0,0.0,0.08787785470485687,-0.1514762043952942,-0.06293073296546936,0.08974699676036835,-0.3359137177467346,-0.07143538445234299,-0.004944303072988987,-0.45136427879333496,-0.07963019609451294,-0.08748888224363327,-0.5066116452217102,-0.08269631117582321,0.12098149955272675,-0.5064532160758972,0.005692757200449705,0.119596928358078,-0.7192687392234802,-0.029786985367536545,0.11616489291191101,-0.8557972311973572,-0.05491010472178459,0.11332744359970093,-0.9734803438186646,-0.0673009380698204,0.03924350440502167,-0.5031614899635315,0.008296577259898186,0.050858691334724426,-0.7238177061080933,-0.0382440909743309,0.05914824455976486,-0.867681086063385,-0.07078033685684204,0.07131508737802505,-0.9942378401756287,-0.08003367483615875,-0.03561770170927048,-0.45337361097335815,-0.0010751414811238647,-0.10245642066001892,-0.5411931872367859,-0.09060044586658478,-0.08032406121492386,-0.4047618806362152,-0.1153605505824089,-0.0462787002325058,-0.3038889765739441,-0.09678041189908981,-0.10170864313840866,-0.37636101245880127,-0.014332111924886703,-0.14977028965950012,-0.4598575532436371,-0.08076979964971542,-0.12615275382995605,-0.3609578609466553,-0.08089323341846466,-0.09301625937223434,-0.27887117862701416,-0.060096632689237595,SOS
0.0,0.0,0.0,0.08928375691175461,-0.15375690162181854,-0.06242206692695618,0.09183681011199951,-0.3398756682872772,-0.06992654502391815,-0.003279678523540497,-0.45435357093811035,-0.07712718099355698,-0.08573433011770248,-0.5049279928207397,-0.07919138669967651,0.12322185188531876,-0.5056408047676086,0.0060269711539149284,0.12176278978586197,-0.7190438508987427,-0.02897285670042038,0.11844567209482193,-0.8559540510177612,-0.05347616225481033,0.11584381759166718,-0.9737440347671509,-0.06559708714485168,0.04181044548749924,-0.5017775893211365,0.008061051368713379,0.053059786558151245,-0.7234455347061157,-0.03803367167711258,0.061378318816423416,-0.8682351112365723,-0.07009116560220718,0.07374034076929092,-0.9941407442092896,-0.07903464138507843,-0.032654162496328354,-0.4513646960258484,-0.0018585612997412682,-0.09938129782676697,-0.5405093431472778,-0.09139588475227356,-0.07753513008356094,-0.40435218811035156,-0.11608072370290756,-0.043804168701171875,-0.30386143922805786,-0.09737218171358109,-0.0985085517168045,-0.3731065094470978,-0.015690896660089493,-0.14659930765628815,-0.4574871361255646,-0.08276158571243286,-0.12249968945980072,-0.35798630118370056,-0.08324900269508362,-0.08929142355918884,-0.2753501534461975,-0.0626440942287445,SOS
0.0,0.0,0.0,0.08707346022129059,-0.15460599958896637,-0.063704714179039,0.08718287944793701,-0.34006479382514954,-0.0708785280585289,-0.004701545462012291,-0.455767959356308,-0.07735387980937958,-0.08697808533906937,-0.508150577545166,-0.07869675010442734,0.12302529066801071,-0.5088690519332886,0.006316351238638163,0.12067219614982605,-0.7217547297477722,-0.02857244201004505,0.11634333431720734,-0.8586840629577637,-0.05355127155780792,0.11298438906669617,-0.9773160815238953,-0.06615814566612244,0.04211067035794258,-0.5054572820663452,0.00944619532674551,0.0515650138258934,-0.7251858711242676,-0.03625909239053726,0.05904531851410866,-0.868410050868988,-0.0692790225148201,0.07136417925357819,-0.9943130612373352,-0.07904893159866333,-0.032284822314977646,-0.455036997795105,0.0004317385610193014,-0.10064119100570679,-0.5415877103805542,-0.08854551613330841,-0.07969527691602707,-0.4045390784740448,-0.1149233877658844,-0.04574304446578026,-0.30494341254234314,-0.097624771296978,-0.09735441952943802,-0.3765582740306854,-0.012583107687532902,-0.14658106863498688,-0.45771899819374084,-0.07910947501659393,-0.12378251552581787,-0.35796454548835754,-0.0806821659207344,-0.09046053886413574,-0.2763109505176544,-0.06105712056159973,SOS
0.0,0.0,0.0,0.088521808385849,-0.14860062301158905,-0.06259685009717941,0.09088732302188873,-0.332766056060791,-0.07067830115556717,-0.003836930962279439,-0.4478273093700409,-0.07851405441761017,-0.08667194098234177,-0.5035772919654846,-0.08129846304655075,0.12065382301807404,-0.5083606839179993,0.006103529594838619,0.11863511055707932,-0.7200403213500977,-0.028907625004649162,0.11425819247961044,-0.8568667769432068,-0.05383320525288582,0.11129982024431229,-0.9751130938529968,-0.06658127903938293,0.03865242749452591,-0.5043119192123413,0.00761422561481595,0.04769478738307953,-0.7248199582099915,-0.039316337555646896,0.056100815534591675,-0.8684237599372864,-0.07315512001514435,0.06973936408758163,-0.994067907333374,-0.08345922082662582,-0.036431536078453064,-0.4530487656593323,-0.0027486076578497887,-0.10286146402359009,-0.538846492767334,-0.09348252415657043,-0.08108574151992798,-0.4003199636936188,-0.11951529234647751,-0.04734119400382042,-0.2990197241306305,-0.1017526239156723,-0.10214419662952423,-0.37493428587913513,-0.016940467059612274,-0.1497090458869934,-0.45542073249816895,-0.08554773032665253,-0.12558305263519287,-0.35425740480422974,-0.08711269497871399,-0.0919572114944458,-0.27197641134262085,-0.067062608897686,SOS
0.0,0.0,0.0,0.08782657235860825,-0.1474081575870514,-0.06590212881565094,0.09534943848848343,-0.3286254405975342,-0.07559075951576233,0.001106236595660448,-0.4503633975982666,-0.08428341150283813,-0.07808669656515121,-0.5141533613204956,-0.08758465200662613,0.1269187331199646,-0.503505527973175,0.003517793957144022,0.12517890334129333,-0.7163445949554443,-0.032478637993335724,0.12166805565357208,-0.8541988134384155,-0.05807330831885338,0.11957525461912155,-0.9720026254653931,-0.07080210000276566,0.04312155395746231,-0.5018087029457092,0.007890060544013977,0.05110371857881546,-0.7207319140434265,-0.039938248693943024,0.057799629867076874,-0.8665595650672913,-0.07355732470750809,0.07011635601520538,-0.994051456451416,-0.08333918452262878,-0.03172840178012848,-0.45335713028907776,0.00024222505453508347,-0.09832199662923813,-0.5394076704978943,-0.08991791307926178,-0.07742902636528015,-0.4023427367210388,-0.1148308739066124,-0.044227540493011475,-0.30064335465431213,-0.09636370092630386,-0.09763260930776596,-0.3775775730609894,-0.01154887955635786,-0.1460706889629364,-0.46020418405532837,-0.07964887470006943,-0.12359796464443207,-0.3615853786468506,-0.08091235160827637,-0.09039832651615143,-0.280711829662323,-0.06049550697207451,SOS
0.0,0.0,0.0,0.09111365675926208,-0.14692340791225433,-0.06416314095258713,0.10032615065574646,-0.33047544956207275,-0.07499982416629791,0.004093509633094072,-0.45140567421913147,-0.08523138612508774,-0.0768653079867363,-0.5104835629463196,-0.09013412892818451,0.13149255514144897,-0.5082508325576782,-0.00024448338081128895,0.1289447695016861,-0.7213889956474304,-0.03710460290312767,0.12418407946825027,-0.8601658940315247,-0.06276866048574448,0.1207195520401001,-0.9791157841682434,-0.07596486061811447,0.04659933224320412,-0.5064103603363037,0.0023607995826750994,0.05765940994024277,-0.7241415977478027,-0.04584462568163872,0.06508436053991318,-0.867879331111908,-0.07871910184621811,0.07747714221477509,-0.9930871725082397,-0.0881771594285965,-0.02983209490776062,-0.4566979706287384,-0.006474663037806749,-0.09783252328634262,-0.5439231395721436,-0.09602318704128265,-0.07733874022960663,-0.40639564394950867,-0.11881664395332336,-0.04427245259284973,-0.30303284525871277,-0.09935229271650314,-0.09742048382759094,-0.37874194979667664,-0.01940552145242691,-0.1462005078792572,-0.459737628698349,-0.0871242806315422,-0.12302712351083755,-0.36023035645484924,-0.08703433722257614,-0.08915306627750397,-0.2788902819156647,-0.0657617449760437,SOS
0.0,0.0,0.0,0.09380384534597397,-0.14359742403030396,-0.06516171246767044,0.10524136573076248,-0.32653313875198364,-0.07652539759874344,0.012424224056303501,-0.44581788778305054,-0.08726158738136292,-0.07097632437944412,-0.5033647418022156,-0.09296149760484695,0.13152852654457092,-0.5101934671401978,2.7112337193102576e-05,0.1308121383190155,-0.7207776308059692,-0.03604675829410553,0.12725535035133362,-0.8577266335487366,-0.061302829533815384,0.12449990957975388,-0.9750469923019409,-0.07398476451635361,0.046961862593889236,-0.5092734098434448,0.002866799011826515,0.058133192360401154,-0.7271031141281128,-0.04439741000533104,0.06678562611341476,-0.8696507215499878,-0.07757440954446793,0.07985270023345947,-0.9929826259613037,-0.08722957968711853,-0.02998739667236805,-0.4598207175731659,-0.005909098777920008,-0.09546452015638351,-0.5412521958351135,-0.0956798568367958,-0.07590339332818985,-0.40364912152290344,-0.1207566037774086,-0.04434337094426155,-0.2997952997684479,-0.10250826925039291,-0.09796760231256485,-0.3847249448299408,-0.018717896193265915,-0.14464262127876282,-0.4621971547603607,-0.08588392287492752,-0.12304294109344482,-0.3629942834377289,-0.08668044954538345,-0.09140697866678238,-0.2804514765739441,-0.0661000907421112,SOS
0.0,0.0,0.0,0.09092986583709717,-0.1432572454214096,-0.06582128256559372,0.10148384422063828,-0.32795655727386475,-0.07573745399713516,0.005955557804554701,-0.4519442915916443,-0.08467210829257965,-0.07464390248060226,-0.5202426910400391,-0.08789720386266708,0.1332988142967224,-0.505773663520813,0.0035930643789470196,0.13398917019367218,-0.7174280881881714,-0.03231602534651756,0.13250572979450226,-0.8549594879150391,-0.056980498135089874,0.13170114159584045,-0.9710449576377869,-0.06891729682683945,0.049171168357133865,-0.5047576427459717,0.00626614224165678,0.05994279682636261,-0.7239575386047363,-0.041000846773386,0.0681794285774231,-0.8688197731971741,-0.0726691484451294,0.08001898229122162,-0.9935190081596375,-0.08072759211063385,-0.026238352060317993,-0.4559343159198761,-0.0033676328603178263,-0.09224270284175873,-0.5411808490753174,-0.09520912170410156,-0.07035139948129654,-0.40130338072776794,-0.11847568303346634,-0.03835956007242203,-0.3010348975658417,-0.09818524867296219,-0.09421239048242569,-0.38008570671081543,-0.01706327497959137,-0.14400286972522736,-0.4638577699661255,-0.08752895146608353,-0.12140890210866928,-0.3610231578350067,-0.08761828392744064,-0.08994164317846298,-0.27918851375579834,-0.06575173884630203,SOS
0.0,0.0,0.0,0.09041736274957657,-0.14603540301322937,-0.06665585935115814,0.09946480393409729,-0.3335012197494507,-0.07562800496816635,0.0016949567943811417,-0.4578951895236969,-0.08341237902641296,-0.08135595172643661,-0.5201425552368164,-0.08589863032102585,0.12790325284004211,-0.5053410530090332,0.004838851280510426,0.1308308243751526,-0.7209250926971436,-0.029312271624803543,0.13077697157859802,-0.8595811724662781,-0.053740307688713074,0.13166452944278717,-0.978393018245697,-0.06598736345767975,0.04312516003847122,-0.5017820596694946,0.009026052430272102,0.054990023374557495,-0.7219380140304565,-0.03696643188595772,0.06614616513252258,-0.867721676826477,-0.06988200545310974,0.08102072775363922,-0.993538498878479,-0.07947973161935806,-0.03271546959877014,-0.4517821967601776,0.0009824560256674886,-0.09683036804199219,-0.5418882369995117,-0.08872781693935394,-0.0748472586274147,-0.40377509593963623,-0.11408927291631699,-0.04253886640071869,-0.30091947317123413,-0.09599363058805466,-0.10018444061279297,-0.3759951889514923,-0.011231303215026855,-0.14887481927871704,-0.4625195562839508,-0.07930643111467361,-0.12655095756053925,-0.3642280101776123,-0.08082831650972366,-0.09383615851402283,-0.2828598618507385,-0.06088567525148392,SOS
0.0,0.0,0.0,0.09166219085454941,-0.140333890914917,-0.06980559974908829,0.10390006005764008,-0.31938058137893677,-0.08262555301189423,0.010375767014920712,-0.4409889280796051,-0.09405066072940826,-0.06711798161268234,-0.5098961591720581,-0.10002150386571884,0.13515505194664001,-0.5041207671165466,-0.001681627705693245,0.13668426871299744,-0.7172974348068237,-0.03861266002058983,0.13516724109649658,-0.8556790351867676,-0.06441836059093475,0.1342281848192215,-0.9741712808609009,-0.0773434117436409,0.05007391422986984,-0.5047284364700317,0.003960209432989359,0.06098278611898422,-0.7209776639938354,-0.045369140803813934,0.07035814225673676,-0.8660435676574707,-0.07906229048967361,0.08370669931173325,-0.9925428628921509,-0.08860989660024643,-0.026535533368587494,-0.4574413001537323,-0.002598176011815667,-0.09114670008420944,-0.5427286028862,-0.09305732697248459,-0.07194525748491287,-0.4034455418586731,-0.11699733138084412,-0.04091694578528404,-0.30032187700271606,-0.09803587943315506,-0.0946018323302269,-0.3833558261394501,-0.013693057931959629,-0.1437320113182068,-0.4646151661872864,-0.0815599113702774,-0.12382963299751282,-0.36660945415496826,-0.08233274519443512,-0.0924811065196991,-0.2872196435928345,-0.06164257973432541,SOS
0.0,0.0,0.0,0.09053299576044083,-0.13752427697181702,-0.07167476415634155,0.09869179874658585,-0.3204232156276703,-0.08446647971868515,0.005138873588293791,-0.44703322649002075,-0.09525644034147263,-0.07019739598035812,-0.5237755179405212,-0.10030636191368103,0.13303321599960327,-0.5072968006134033,-0.0017557807732373476,0.13645541667938232,-0.7188320755958557,-0.03770401328802109,0.1368442177772522,-0.8561087250709534,-0.062490034848451614,0.13656111061573029,-0.9732047915458679,-0.07493740320205688,0.04805201292037964,-0.5071300268173218,0.004389972425997257,0.05999227985739708,-0.7232680320739746,-0.04437943547964096,0.0697949081659317,-0.8673779964447021,-0.07725948840379715,0.08268528431653976,-0.992838442325592,-0.08622533828020096,-0.029135586693882942,-0.4572092890739441,-0.0020687493961304426,-0.09220331162214279,-0.5449308156967163,-0.09365414083003998,-0.071715347468853,-0.40273386240005493,-0.11779505759477615,-0.040218427777290344,-0.30054473876953125,-0.09875611960887909,-0.0987168624997139,-0.38129448890686035,-0.013135244138538837,-0.14726467430591583,-0.4639134109020233,-0.08340839296579361,-0.12672562897205353,-0.3636486232280731,-0.08566779643297195,-0.09501548111438751,-0.28485551476478577,-0.06581957638263702,SOS
0.0,0.0,0.0,0.09231127053499222,-0.1388525813817978,-0.07064222544431686,0.09972674399614334,-0.31830695271492004,-0.08401927351951599,0.006524669472128153,-0.4423956274986267,-0.0960644856095314,-0.06783661246299744,-0.5205610990524292,-0.10249678045511246,0.13421982526779175,-0.5067831873893738,-0.0007231131894513965,0.13775226473808289,-0.7168099880218506,-0.03781143203377724,0.138020858168602,-0.8539341688156128,-0.06360616534948349,0.13726700842380524,-0.9710467457771301,-0.07665304839611053,0.04957740381360054,-0.5070180296897888,0.004424376413226128,0.062145572155714035,-0.722463071346283,-0.04536404833197594,0.07193983346223831,-0.8663895726203918,-0.07884243130683899,0.08469708263874054,-0.9924893379211426,-0.08826889842748642,-0.02761678397655487,-0.45766696333885193,-0.0031097515020519495,-0.09054269641637802,-0.5440526008605957,-0.09517987072467804,-0.0704861506819725,-0.40217944979667664,-0.11884290724992752,-0.0392666757106781,-0.30072271823883057,-0.09950421005487442,-0.09764687716960907,-0.3819514513015747,-0.01523731928318739,-0.14594782888889313,-0.4657784104347229,-0.08503874391317368,-0.1255127638578415,-0.3660815358161926,-0.08627140522003174,-0.09418556094169617,-0.28742703795433044,-0.0657992884516716,SOS
0.0,0.0,0.0,0.09438002109527588,-0.14347630739212036,-0.06711452454328537,0.10520471632480621,-0.3273014724254608,-0.07805632054805756,0.008085285313427448,-0.4527447521686554,-0.08801550418138504,-0.0697336196899414,-0.5244085192680359,-0.09241023659706116,0.13463205099105835,-0.5059723258018494,0.0033172734547406435,0.13669650256633759,-0.7190545201301575,-0.031892575323581696,0.13584284484386444,-0.8573395609855652,-0.05654491111636162,0.1349114179611206,-0.9752669334411621,-0.06893937289714813,0.04960490018129349,-0.5047118067741394,0.007509887684136629,0.063235342502594,-0.7216354012489319,-0.04057914763689041,0.07313249260187149,-0.8670400381088257,-0.07387050241231918,0.08609288930892944,-0.9927926063537598,-0.08337122201919556,-0.027687499299645424,-0.4563921391963959,-0.0005435147322714329,-0.09102284908294678,-0.5459616184234619,-0.09195507317781448,-0.0693567618727684,-0.40248796343803406,-0.1162186861038208,-0.037301063537597656,-0.29676929116249084,-0.09711971879005432,-0.0980362743139267,-0.3821490406990051,-0.012788815423846245,-0.1450541764497757,-0.4647935926914215,-0.08309739828109741,-0.12344024330377579,-0.3620850443840027,-0.08501268923282623,-0.09164651483297348,-0.2801666855812073,-0.0647551491856575,SOS
0.0,0.0,0.0,0.09665483981370926,-0.14186151325702667,-0.06719702482223511,0.11185730993747711,-0.3229728639125824,-0.07916464656591415,0.014147249981760979,-0.4488033950328827,-0.09016911685466766,-0.06366753578186035,-0.5170759558677673,-0.09593192487955093,0.1350768357515335,-0.5040649175643921,0.0016402992187067866,0.13936775922775269,-0.7170872688293457,-0.03437022864818573,0.13976691663265228,-0.8544306755065918,-0.059772830456495285,0.14107003808021545,-0.9720183610916138,-0.07264935970306396,0.04860246926546097,-0.5025013089179993,0.005463371053338051,0.06070881336927414,-0.7208598852157593,-0.043487753719091415,0.07198502123355865,-0.8661419153213501,-0.07734739035367966,0.08741368353366852,-0.9923432469367981,-0.08725690841674805,-0.028468085452914238,-0.45419591665267944,-0.0027191098779439926,-0.08990190178155899,-0.5442785024642944,-0.09447940438985825,-0.06836715340614319,-0.40196147561073303,-0.11833024024963379,-0.03680001571774483,-0.29603108763694763,-0.09898179024457932,-0.09808376431465149,-0.3795686364173889,-0.015097175724804401,-0.14336425065994263,-0.4652423858642578,-0.08484943211078644,-0.12094493210315704,-0.36353087425231934,-0.08555212616920471,-0.08884070068597794,-0.28141024708747864,-0.06444533914327621,SOS
0.0,0.0,0.0,0.09398728609085083,-0.14000548422336578,-0.06715193390846252,0.10610616952180862,-0.3224915564060211,-0.07967647910118103,0.011282962746918201,-0.4447411596775055,-0.0911954864859581,-0.06574255973100662,-0.5130411386489868,-0.09771964699029922,0.12973549962043762,-0.5041114687919617,-0.0016064646188169718,0.13469846546649933,-0.7169525623321533,-0.03895467519760132,0.13568957149982452,-0.8546566367149353,-0.06535102427005768,0.13792411983013153,-0.9730465412139893,-0.07880327105522156,0.04409312456846237,-0.5016023516654968,0.001829070970416069,0.054331935942173004,-0.7202293872833252,-0.04839062690734863,0.06712865084409714,-0.86569744348526,-0.0830477923154831,0.08471625298261642,-0.992017924785614,-0.09339994937181473,-0.033313896507024765,-0.45227527618408203,-0.0064787049777805805,-0.0940016433596611,-0.5409376621246338,-0.09898912906646729,-0.07216927409172058,-0.3970158100128174,-0.12292799353599548,-0.04057846590876579,-0.2903822362422943,-0.10355093330144882,-0.10235918313264847,-0.37689656019210815,-0.01887950487434864,-0.14732244610786438,-0.4614436626434326,-0.08838951587677002,-0.12516240775585175,-0.3595733642578125,-0.08831478655338287,-0.09369548410177231,-0.27825430035591125,-0.06670868396759033,SOS
0.0,0.0,0.0,0.09308778494596481,-0.14092111587524414,-0.06814030557870865,0.10479562729597092,-0.3224305808544159,-0.08000451326370239,0.009095538407564163,-0.44541487097740173,-0.09067437052726746,-0.06633996963500977,-0.5185240507125854,-0.09598027169704437,0.13020382821559906,-0.5046278834342957,0.0008638015715405345,0.13504374027252197,-0.7177191972732544,-0.035754527896642685,0.13539327681064606,-0.8561424612998962,-0.0618160106241703,0.13585928082466125,-0.9747253060340881,-0.07492563128471375,0.044438835233449936,-0.5020198225975037,0.005439866334199905,0.05653358995914459,-0.7190406322479248,-0.0446714349091053,0.06843490898609161,-0.8650060892105103,-0.07936651259660721,0.08396150171756744,-0.9924400448799133,-0.08951600641012192,-0.033001795411109924,-0.4537319540977478,-0.0021115699782967567,-0.09456779807806015,-0.5426566004753113,-0.09519550949335098,-0.07191801816225052,-0.397362619638443,-0.11955705285072327,-0.03928495943546295,-0.2912600040435791,-0.10004483908414841,-0.1025383323431015,-0.3791489601135254,-0.013776946812868118,-0.14744190871715546,-0.4645645022392273,-0.08388623595237732,-0.1249706819653511,-0.3615146577358246,-0.08417236804962158,-0.0932219922542572,-0.28004661202430725,-0.06253917515277863,SOS
0.0,0.0,0.0,0.09155216813087463,-0.13747166097164154,-0.06751374900341034,0.10413346439599991,-0.3183952569961548,-0.07974003255367279,0.010555884800851345,-0.442829966545105,-0.09078795462846756,-0.06367066502571106,-0.5146845579147339,-0.09650994837284088,0.13050897419452667,-0.5025378465652466,-0.0018754572374746203,0.1358948051929474,-0.7181748747825623,-0.03926537558436394,0.1367117315530777,-0.856591522693634,-0.0652906522154808,0.13751576840877533,-0.9752973914146423,-0.07846538722515106,0.045079607516527176,-0.4998506009578705,0.0020343875512480736,0.0586099699139595,-0.7181511521339417,-0.04849550500512123,0.07068448513746262,-0.8641886115074158,-0.08241987973451614,0.08630269765853882,-0.9920153617858887,-0.09196405112743378,-0.03186262026429176,-0.45053914189338684,-0.005897062830626965,-0.09326919913291931,-0.5434733033180237,-0.09911243617534637,-0.07175200432538986,-0.39969176054000854,-0.12202482670545578,-0.03938227519392967,-0.29447871446609497,-0.10161469131708145,-0.1010255217552185,-0.37338414788246155,-0.017918499186635017,-0.14658541977405548,-0.4609391689300537,-0.08922655135393143,-0.12377076596021652,-0.35768240690231323,-0.08928772807121277,-0.0909438207745552,-0.2762783169746399,-0.06717735528945923,SOS
0.0,0.0,0.0,0.092186838388443,-0.13365395367145538,-0.0695328563451767,0.10804294049739838,-0.311466246843338,-0.08403505384922028,0.015405074693262577,-0.4382637143135071,-0.09693799912929535,-0.055544883012771606,-0.5173355340957642,-0.10444849729537964,0.13371747732162476,-0.4981590211391449,-0.007393928244709969,0.13932406902313232,-0.7138495445251465,-0.0477692112326622,0.14005665481090546,-0.8528056144714355,-0.07538719475269318,0.1413673758506775,-0.9718841314315796,-0.0890488475561142,0.04761422052979469,-0.4972630739212036,-0.002688528271391988,0.06378448009490967,-0.7162679433822632,-0.05604696646332741,0.07710052281618118,-0.8628112077713013,-0.09069696813821793,0.09445342421531677,-0.9904708862304688,-0.10022889077663422,-0.029929380863904953,-0.45121216773986816,-0.009755625389516354,-0.08995358645915985,-0.5422285795211792,-0.10487548261880875,-0.06987690180540085,-0.39623019099235535,-0.12682406604290009,-0.037826426327228546,-0.28867611289024353,-0.10532430559396744,-0.0999022051692009,-0.3776707351207733,-0.021007688716053963,-0.14456911385059357,-0.4639326333999634,-0.09314312040805817,-0.12317152321338654,-0.3586980700492859,-0.09209902584552765,-0.09140149503946304,-0.2761126458644867,-0.06879499554634094,SOS
0.0,0.0,0.0,0.09430506825447083,-0.12843893468379974,-0.06903026252985,0.11183683574199677,-0.31075918674468994,-0.08438323438167572,0.014032721519470215,-0.4389426112174988,-0.09827915579080582,-0.06040245667099953,-0.5167337656021118,-0.10677488148212433,0.14425183832645416,-0.49294716119766235,-0.011941470205783844,0.14799776673316956,-0.706536591053009,-0.05472327396273613,0.1476675570011139,-0.846859335899353,-0.08255810290575027,0.14724582433700562,-0.9654991626739502,-0.09593474119901657,0.0583416223526001,-0.49531203508377075,-0.008493454195559025,0.08114808797836304,-0.7133272290229797,-0.06399811059236526,0.09478721022605896,-0.8604955077171326,-0.0982542559504509,0.11091484129428864,-0.9880578517913818,-0.10695607215166092,-0.01989196427166462,-0.4524488151073456,-0.016541970893740654,-0.08191294223070145,-0.5445634126663208,-0.11429551988840103,-0.0643436536192894,-0.3982786536216736,-0.13581618666648865,-0.033531688153743744,-0.2883453667163849,-0.11309508234262466,-0.09094380587339401,-0.38243332505226135,-0.02861696481704712,-0.1366758793592453,-0.4672614634037018,-0.10299911350011826,-0.1170971468091011,-0.3629666566848755,-0.10219673067331314,-0.08688370883464813,-0.2797186076641083,-0.07849482446908951,SOS
0.0,0.0,0.0,0.09767594933509827,-0.1296536773443222,-0.06623603403568268,0.12232362478971481,-0.3115445673465729,-0.08076190203428268,0.022071007639169693,-0.4444168210029602,-0.0940723866224289,-0.06078137829899788,-0.5165014863014221,-0.10221629589796066,0.15344223380088806,-0.49028486013412476,-0.006271557882428169,0.1626414805650711,-0.70240318775177,-0.047087784856557846,0.16497774422168732,-0.840864896774292,-0.07462308555841446,0.16633868217468262,-0.9583901762962341,-0.08796386420726776,0.06714043766260147,-0.49554917216300964,-0.004032166209071875,0.09391181170940399,-0.7158691883087158,-0.05505711957812309,0.10732197761535645,-0.8613144159317017,-0.0882129967212677,0.12151283025741577,-0.9878450036048889,-0.09693754464387894,-0.011040166951715946,-0.454713374376297,-0.013086706399917603,-0.07108689099550247,-0.5472362637519836,-0.10721152275800705,-0.054711077362298965,-0.4062829613685608,-0.12904101610183716,-0.027599893510341644,-0.2997059226036072,-0.10747061669826508,-0.0841209813952446,-0.38596290349960327,-0.025853337720036507,-0.12554068863391876,-0.4728301167488098,-0.09703024476766586,-0.10604875534772873,-0.36711063981056213,-0.0943358987569809,-0.07851410657167435,-0.2801416516304016,-0.0698263943195343,SOS
0.0,0.0,0.0,0.10243064910173416,-0.1288352757692337,-0.07050257921218872,0.1292663961648941,-0.31215494871139526,-0.0832502618432045,0.03180842846632004,-0.4496406614780426,-0.0933167114853859,-0.04946902021765709,-0.530489981174469,-0.097267284989357,0.164618119597435,-0.48723605275154114,-0.003283834783360362,0.17841127514839172,-0.7004133462905884,-0.04111618176102638,0.18308603763580322,-0.8389120101928711,-0.06663370877504349,0.1870427429676056,-0.9561529159545898,-0.07848264276981354,0.07899729162454605,-0.4959210455417633,0.001152451615780592,0.10855799913406372,-0.7177594900131226,-0.04673609510064125,0.1267588585615158,-0.862069308757782,-0.0787392258644104,0.14503709971904755,-0.9856276512145996,-0.08661657571792603,-0.0005100594717077911,-0.45810672640800476,-0.006820545066148043,-0.05811764672398567,-0.5462095737457275,-0.10114267468452454,-0.04204052314162254,-0.4018886089324951,-0.12545055150985718,-0.016475139185786247,-0.2978617250919342,-0.10486927628517151,-0.07548534870147705,-0.39369550347328186,-0.018752802163362503,-0.1153765618801117,-0.48396560549736023,-0.08935018628835678,-0.09691684693098068,-0.377765029668808,-0.08747659623622894,-0.07251384854316711,-0.29164648056030273,-0.0638401061296463,SOS
0.0,0.0,0.0,0.10417483001947403,-0.1272653043270111,-0.06925898045301437,0.13271182775497437,-0.31246623396873474,-0.08321455121040344,0.03888881951570511,-0.449792742729187,-0.09508185088634491,-0.04632746800780296,-0.5261307954788208,-0.10128223150968552,0.1623118668794632,-0.49117907881736755,-0.004422820173203945,0.18401068449020386,-0.705020010471344,-0.041990526020526886,0.19222699105739594,-0.8408125042915344,-0.06692128628492355,0.1985284686088562,-0.9547474384307861,-0.07802784442901611,0.07641921937465668,-0.498342901468277,-0.0013757061678916216,0.10486843436956406,-0.7209172248840332,-0.04889475926756859,0.12360075116157532,-0.8641607165336609,-0.08038672059774399,0.1416981965303421,-0.986000657081604,-0.08788911253213882,-0.003725541289895773,-0.45994842052459717,-0.010555407032370567,-0.05669010803103447,-0.5406661629676819,-0.10345438867807388,-0.03842151537537575,-0.39959657192230225,-0.12774164974689484,-0.012802706100046635,-0.29625168442726135,-0.10750620812177658,-0.07855992019176483,-0.39725470542907715,-0.023743532598018646,-0.11387918144464493,-0.48078489303588867,-0.09215173870325089,-0.0947645753622055,-0.37496519088745117,-0.08985618501901627,-0.07101992517709732,-0.28813594579696655,-0.06627030670642853,SOS
0.0,0.0,0.0,0.10670062899589539,-0.12215596437454224,-0.07194080203771591,0.13881143927574158,-0.3058123290538788,-0.08712655305862427,0.038620222359895706,-0.44170376658439636,-0.09893546253442764,-0.0468338243663311,-0.5135061740875244,-0.10431476682424545,0.16871914267539978,-0.4760008752346039,-0.012612627819180489,0.19072838127613068,-0.6940657496452332,-0.05424194037914276,0.19841894507408142,-0.8326490521430969,-0.08096462488174438,0.20464256405830383,-0.9498850107192993,-0.09289910644292831,0.08458472788333893,-0.4857756793498993,-0.008183672092854977,0.12057435512542725,-0.711301863193512,-0.05798262730240822,0.1409953534603119,-0.8565918207168579,-0.08894141018390656,0.1614021211862564,-0.9822115302085876,-0.09596733748912811,0.006795819383114576,-0.45247209072113037,-0.01610519364476204,-0.04831520840525627,-0.540709912776947,-0.10897593200206757,-0.03481743484735489,-0.4013253450393677,-0.13203467428684235,-0.0084989620372653,-0.30294591188430786,-0.11123041063547134,-0.06598503887653351,-0.3949103355407715,-0.028268201276659966,-0.10627170652151108,-0.48133155703544617,-0.0936218798160553,-0.09024392813444138,-0.37866342067718506,-0.08904033154249191,-0.06601870059967041,-0.29675379395484924,-0.06472226977348328,SOS
0.0,0.0,0.0,0.10984396934509277,-0.11684839427471161,-0.07311621308326721,0.14534907042980194,-0.2978956401348114,-0.08829345554113388,0.05320627614855766,-0.44000715017318726,-0.09999603778123856,-0.025669528171420097,-0.5217975378036499,-0.10509941726922989,0.18440531194210052,-0.4751366674900055,-0.011531531810760498,0.21048808097839355,-0.6925111413002014,-0.05103038251399994,0.22298230230808258,-0.8293749094009399,-0.07622089236974716,0.2327525019645691,-0.9458446502685547,-0.08682382106781006,0.10064198821783066,-0.4900529086589813,-0.005397757049649954,0.1369050145149231,-0.7130244970321655,-0.0521758534014225,0.1597592532634735,-0.8557364344596863,-0.08122923970222473,0.18272313475608826,-0.9793333411216736,-0.08670855313539505,0.021584676578640938,-0.45972537994384766,-0.011715122498571873,-0.03049001656472683,-0.5414723753929138,-0.1017690971493721,-0.021892519667744637,-0.3999848961830139,-0.12394891679286957,0.000804385170340538,-0.30168551206588745,-0.10272153466939926,-0.05370410159230232,-0.404969185590744,-0.02251119539141655,-0.08996588736772537,-0.48816022276878357,-0.08651228994131088,-0.07772602885961533,-0.3806934654712677,-0.08157814294099808,-0.056513767689466476,-0.2964406907558441,-0.05667049065232277,SOS
0.0,0.0,0.0,0.11309036612510681,-0.1117643490433693,-0.06749202311038971,0.14988206326961517,-0.2915871739387512,-0.0851002037525177,0.058448538184165955,-0.4359733462333679,-0.10165010392665863,-0.019721539691090584,-0.5187913179397583,-0.112799271941185,0.19342653453350067,-0.4663901925086975,-0.014466054737567902,0.22141407430171967,-0.6821112632751465,-0.05780629813671112,0.23518234491348267,-0.8197950720787048,-0.0847916454076767,0.2457490712404251,-0.9357384443283081,-0.09663169085979462,0.10954008996486664,-0.4856647253036499,-0.013089820742607117,0.1476379930973053,-0.7075163125991821,-0.06635791063308716,0.1724684089422226,-0.8514481782913208,-0.09849179536104202,0.1969369500875473,-0.9747138023376465,-0.10558802634477615,0.029440389946103096,-0.45852670073509216,-0.022899486124515533,-0.02384817786514759,-0.5420341491699219,-0.117033451795578,-0.017196910455822945,-0.3985913097858429,-0.138295978307724,0.002826754003763199,-0.29327213764190674,-0.11611365526914597,-0.04802633076906204,-0.40538185834884644,-0.036692917346954346,-0.08343035727739334,-0.4907956123352051,-0.10392852127552032,-0.07294220477342606,-0.3813082277774811,-0.09846677631139755,-0.0536230206489563,-0.29267483949661255,-0.07261727005243301,SOS
0.0,0.0,0.0,0.11376136541366577,-0.10547663271427155,-0.07135996967554092,0.15372411906719208,-0.2875468134880066,-0.09016594290733337,0.07197663187980652,-0.43525320291519165,-0.10725298523902893,-0.004416065290570259,-0.5215151906013489,-0.11934075504541397,0.19355787336826324,-0.4661336839199066,-0.019908741116523743,0.22522038221359253,-0.6823471188545227,-0.06538998335599899,0.24147312343120575,-0.8203080296516418,-0.09349539130926132,0.2558210492134094,-0.9360969662666321,-0.10557376593351364,0.10957325249910355,-0.4855787456035614,-0.017727691680192947,0.14822067320346832,-0.7080954909324646,-0.07315294444561005,0.17495982348918915,-0.8520728349685669,-0.10535255819559097,0.20374304056167603,-0.9726210832595825,-0.11178957670927048,0.029071705415844917,-0.45979321002960205,-0.027064068242907524,-0.017298806458711624,-0.5355553030967712,-0.12355346977710724,-0.012761363759636879,-0.39065831899642944,-0.14349104464054108,0.0063829682767391205,-0.284836083650589,-0.1195652186870575,-0.04881397634744644,-0.40865886211395264,-0.04082038626074791,-0.08051125705242157,-0.4889662265777588,-0.10950911790132523,-0.07172785699367523,-0.3748035430908203,-0.102760910987854,-0.054034437984228134,-0.2842700183391571,-0.07545656710863113,SOS
0.0,0.0,0.0,0.11753541231155396,-0.10481086373329163,-0.06783227622509003,0.1612444519996643,-0.27791109681129456,-0.08674059063196182,0.07371295243501663,-0.42611369490623474,-0.10474149137735367,-0.001307933358475566,-0.5122025609016418,-0.11779307574033737,0.19885970652103424,-0.4597633183002472,-0.017494646832346916,0.23083022236824036,-0.6760290861129761,-0.0620640404522419,0.2466503381729126,-0.8152859210968018,-0.08938221633434296,0.25916799902915955,-0.9322260618209839,-0.10122363269329071,0.11384247988462448,-0.4811340272426605,-0.016979584470391273,0.15529683232307434,-0.7018197178840637,-0.07327239215373993,0.18287840485572815,-0.8484352231025696,-0.10649137943983078,0.210193932056427,-0.9710206985473633,-0.11374247074127197,0.031706612557172775,-0.456616073846817,-0.02747277170419693,-0.014907509088516235,-0.5421891212463379,-0.12460479885339737,-0.012180142104625702,-0.39659467339515686,-0.1450476497411728,0.004034542012959719,-0.28708335757255554,-0.12131693214178085,-0.04835395887494087,-0.40661725401878357,-0.041907865554094315,-0.07800867408514023,-0.49578627943992615,-0.11115222424268723,-0.06920026242733002,-0.38572195172309875,-0.10522735863924026,-0.05209086090326309,-0.2953869700431824,-0.07831019908189774,SOS
0.0,0.0,0.0,0.11888805776834488,-0.09827395528554916,-0.07386665046215057,0.16656264662742615,-0.27196204662323,-0.09356085956096649,0.08084671944379807,-0.42052581906318665,-0.11035719513893127,0.005808946676552296,-0.5120730996131897,-0.12151109427213669,0.20446135103702545,-0.45782434940338135,-0.02214065007865429,0.24207374453544617,-0.6738917827606201,-0.06707848608493805,0.2612474858760834,-0.8121219277381897,-0.094487763941288,0.2767280042171478,-0.928381085395813,-0.10620418936014175,0.1198698952794075,-0.48024308681488037,-0.018682677298784256,0.1644260734319687,-0.7019341588020325,-0.07476580142974854,0.19491402804851532,-0.8463751077651978,-0.10799691826105118,0.2252066731452942,-0.9675167202949524,-0.11486274749040604,0.037091027945280075,-0.45752763748168945,-0.02680293284356594,-0.005020848009735346,-0.5354834794998169,-0.12577685713768005,-0.0013260324485599995,-0.38754329085350037,-0.147314190864563,0.015609491616487503,-0.2829505503177643,-0.12362701445817947,-0.04347916319966316,-0.4106315076351166,-0.03915366157889366,-0.06905673444271088,-0.49110645055770874,-0.11106593161821365,-0.06071631610393524,-0.37343335151672363,-0.10597863793373108,-0.04547126963734627,-0.28325265645980835,-0.07900111377239227,SOS
0.0,0.0,0.0,0.12148825824260712,-0.0881730169057846,-0.07349126040935516,0.1742166131734848,-0.25694313645362854,-0.09586947411298752,0.09159000217914581,-0.40338918566703796,-0.11625075340270996,0.019496100023388863,-0.5011128783226013,-0.13178150355815887,0.20648454129695892,-0.45803937315940857,-0.026126263663172722,0.2456073760986328,-0.6680935621261597,-0.07238440215587616,0.26603636145591736,-0.8053318858146667,-0.10070056468248367,0.2841978967189789,-0.9209570288658142,-0.11336652934551239,0.12148597091436386,-0.48075035214424133,-0.024924226105213165,0.16664108633995056,-0.6995878219604492,-0.08290472626686096,0.1989191323518753,-0.84479820728302,-0.11733578890562057,0.23166704177856445,-0.9646623134613037,-0.12552720308303833,0.0380559079349041,-0.4566210210323334,-0.034923143684864044,-0.000763478921726346,-0.5342382192611694,-0.13498514890670776,0.00044389592949301004,-0.3834683299064636,-0.1549249142408371,0.01339600421488285,-0.2744815945625305,-0.13067026436328888,-0.0443049818277359,-0.40885719656944275,-0.04927769675850868,-0.06829296797513962,-0.49394458532333374,-0.12200550734996796,-0.060357771813869476,-0.37793460488319397,-0.11591899394989014,-0.046324457973241806,-0.28640222549438477,-0.0884443148970604,SOS
0.0,0.0,0.0,0.11891506612300873,-0.08708944916725159,-0.07251369208097458,0.16820208728313446,-0.25530338287353516,-0.09489552676677704,0.09444057196378708,-0.3982684910297394,-0.11580248922109604,0.030613234266638756,-0.4957461655139923,-0.1319485455751419,0.20506736636161804,-0.4606681764125824,-0.028876788914203644,0.24676541984081268,-0.6706985831260681,-0.07714418321847916,0.26922866702079773,-0.8073009252548218,-0.10633567720651627,0.28947651386260986,-0.9225708842277527,-0.11922937631607056,0.12080724537372589,-0.4833196997642517,-0.02888905256986618,0.168809711933136,-0.6998156309127808,-0.08924857527017593,0.2021186649799347,-0.8432294726371765,-0.1242261677980423,0.23743978142738342,-0.9623631834983826,-0.13221023976802826,0.0365852452814579,-0.458707720041275,-0.039860617369413376,0.0006984163192100823,-0.5342503786087036,-0.14204445481300354,0.0016707268077880144,-0.37909141182899475,-0.16134686768054962,0.01671234704554081,-0.26748085021972656,-0.13603755831718445,-0.04636465013027191,-0.40838947892189026,-0.05512271076440811,-0.07049521058797836,-0.49418193101882935,-0.1301177442073822,-0.06186303496360779,-0.37351369857788086,-0.12366977334022522,-0.04525111988186836,-0.27839159965515137,-0.09510412067174911,SOS
0.0,0.0,0.0,0.11811821162700653,-0.08796194195747375,-0.07295650988817215,0.1653861552476883,-0.25391727685928345,-0.09512685239315033,0.09065274894237518,-0.3991796374320984,-0.11578547209501266,0.027014005929231644,-0.4974421262741089,-0.1316603124141693,0.2034139633178711,-0.460467129945755,-0.025372762233018875,0.2429102063179016,-0.6682876348495483,-0.07313106209039688,0.2645375430583954,-0.8050010204315186,-0.1028289720416069,0.2843973934650421,-0.9199205636978149,-0.11659061163663864,0.11967580765485764,-0.48299363255500793,-0.02506476826965809,0.16637368500232697,-0.7001051306724548,-0.08516927808523178,0.1990731656551361,-0.8440195322036743,-0.1202266663312912,0.2343532145023346,-0.9635966420173645,-0.1286855787038803,0.03584887087345123,-0.45679187774658203,-0.036085810512304306,0.0005242463666945696,-0.5419543385505676,-0.1384798139333725,0.001278664916753769,-0.38592904806137085,-0.15750889480113983,0.016320664435625076,-0.2723916172981262,-0.13229748606681824,-0.04684724286198616,-0.40330520272254944,-0.051476672291755676,-0.07028020173311234,-0.4945200979709625,-0.1280943751335144,-0.062170833349227905,-0.3741408884525299,-0.1226864606142044,-0.0457661934196949,-0.2794971466064453,-0.09488685429096222,SOS
0.0,0.0,0.0,0.11802569031715393,-0.08815014362335205,-0.07244716584682465,0.16505946218967438,-0.2540549337863922,-0.09461408108472824,0.0892520621418953,-0.39905327558517456,-0.11539445072412491,0.02505023218691349,-0.4967322051525116,-0.13145652413368225,0.20262055099010468,-0.460539311170578,-0.02512187510728836,0.24201761186122894,-0.6679400205612183,-0.07291390001773834,0.2633315324783325,-0.8046136498451233,-0.10264028608798981,0.2827044725418091,-0.9195904731750488,-0.11644990742206573,0.11881609261035919,-0.48318982124328613,-0.0250905379652977,0.16566769778728485,-0.7000998258590698,-0.08522140234708786,0.1979229897260666,-0.844069242477417,-0.12022873759269714,0.2326597273349762,-0.9640054106712341,-0.12869755923748016,0.03492375463247299,-0.4570656418800354,-0.036318711936473846,-0.000609957380220294,-0.5426957011222839,-0.13852979242801666,0.0003451208467595279,-0.3865949511528015,-0.1572868376970291,0.015591198578476906,-0.27282285690307617,-0.1320042461156845,-0.04793998599052429,-0.4033629596233368,-0.051902156323194504,-0.07178787142038345,-0.49492478370666504,-0.12839341163635254,-0.06341079622507095,-0.37447404861450195,-0.12279495596885681,-0.04666201025247574,-0.2796058654785156,-0.094901904463768,SOS
0.0,0.0,0.0,0.11774175614118576,-0.09179969131946564,-0.07198934257030487,0.16603104770183563,-0.2609393298625946,-0.0934140533208847,0.08833854645490646,-0.4067928194999695,-0.11346757411956787,0.02296891063451767,-0.504088282585144,-0.128897562623024,0.20083317160606384,-0.46647122502326965,-0.024126192554831505,0.2389700561761856,-0.6742554903030396,-0.0710882768034935,0.25958016514778137,-0.8108702301979065,-0.1000387892127037,0.2781752347946167,-0.9258812069892883,-0.11320225894451141,0.11566509306430817,-0.48677316308021545,-0.0243827011436224,0.1629037857055664,-0.7037239074707031,-0.08351361751556396,0.19581811130046844,-0.8460859656333923,-0.11795101314783096,0.23059508204460144,-0.9648677706718445,-0.12592117488384247,0.030691416934132576,-0.4581538736820221,-0.03591000661253929,-0.0038723591715097427,-0.5424056649208069,-0.13843896985054016,-0.0014775750460103154,-0.3858283758163452,-0.1576291173696518,0.014122921042144299,-0.2720368802547455,-0.13231876492500305,-0.05336634814739227,-0.4029950499534607,-0.05159228295087814,-0.07658776640892029,-0.49638831615448,-0.12812094390392303,-0.06674487888813019,-0.3768337368965149,-0.12223290652036667,-0.04922575503587723,-0.28186824917793274,-0.09407085925340652,SOS
0.0,0.0,0.0,0.11682377755641937,-0.10166434943675995,-0.07036192715167999,0.1607416570186615,-0.27465546131134033,-0.08922060579061508,0.0815361738204956,-0.4179132282733917,-0.10655016452074051,0.010368447750806808,-0.506782591342926,-0.11903826147317886,0.19969570636749268,-0.4730721712112427,-0.018199175596237183,0.2331274449825287,-0.6820686459541321,-0.06226041167974472,0.2503928244113922,-0.8192207217216492,-0.09043288230895996,0.26633569598197937,-0.9344323873519897,-0.1036362424492836,0.11449182033538818,-0.49024298787117004,-0.017886916175484657,0.16081005334854126,-0.7054030299186707,-0.07278110086917877,0.19215641915798187,-0.8478013277053833,-0.10709640383720398,0.2257535755634308,-0.9672211408615112,-0.11626936495304108,0.029968012124300003,-0.4595635235309601,-0.029023049399256706,-0.006959488615393639,-0.5467773675918579,-0.1272011697292328,-0.003007573774084449,-0.3958570957183838,-0.14849387109279633,0.013827289454638958,-0.28392431139945984,-0.1259583979845047,-0.05286940187215805,-0.4013282358646393,-0.04431254044175148,-0.07723559439182281,-0.49330055713653564,-0.11737110465765,-0.06478677690029144,-0.37915563583374023,-0.11306105554103851,-0.046048570424318314,-0.2862330973148346,-0.08719263970851898,SOS
0.0,0.0,0.0,0.11881347745656967,-0.10586511343717575,-0.0673779621720314,0.1640593409538269,-0.2829807996749878,-0.08499817550182343,0.08278025686740875,-0.42477554082870483,-0.10203353315591812,0.005436738021671772,-0.49985915422439575,-0.11459216475486755,0.19147764146327972,-0.47975847125053406,-0.016251422464847565,0.2229432910680771,-0.6903843283653259,-0.061002831906080246,0.23806023597717285,-0.8271238207817078,-0.08993189036846161,0.25196516513824463,-0.9426365494728088,-0.10385338217020035,0.10650138556957245,-0.49358299374580383,-0.01923389732837677,0.14878500998020172,-0.7074820399284363,-0.07437773048877716,0.1772937774658203,-0.8503857254981995,-0.10946232825517654,0.20781466364860535,-0.970810055732727,-0.11975305527448654,0.02335810475051403,-0.4612123668193817,-0.03358111158013344,-0.014070877805352211,-0.5463538765907288,-0.13129755854606628,-0.006605262868106365,-0.39685848355293274,-0.15293902158737183,0.012339006178081036,-0.2860165238380432,-0.1310751736164093,-0.05806076526641846,-0.40023374557495117,-0.05212229862809181,-0.08420714735984802,-0.4917220175266266,-0.12364363670349121,-0.06705129891633987,-0.37900030612945557,-0.11861079186201096,-0.045887742191553116,-0.28386494517326355,-0.09285465627908707,SOS
0.0,0.0,0.0,0.11815333366394043,-0.11167537420988083,-0.06567975133657455,0.16027534008026123,-0.29072022438049316,-0.08235296607017517,0.07605482637882233,-0.4324648678302765,-0.09846504032611847,-0.002116407034918666,-0.5087398290634155,-0.11022207140922546,0.19052931666374207,-0.480806440114975,-0.01389168482273817,0.22158534824848175,-0.6888989806175232,-0.05820383131504059,0.23707687854766846,-0.8263387680053711,-0.08747253566980362,0.2513493299484253,-0.9424135088920593,-0.10170484334230423,0.10498625040054321,-0.4964124262332916,-0.01633014902472496,0.14683109521865845,-0.7117446064949036,-0.06983724236488342,0.17368990182876587,-0.8537590503692627,-0.10363202542066574,0.20338599383831024,-0.9725319743156433,-0.11320661008358002,0.02106396108865738,-0.464265376329422,-0.029977817088365555,-0.015970109030604362,-0.5500088930130005,-0.1253562569618225,-0.008254976011812687,-0.40424826741218567,-0.14575347304344177,0.01047976128757,-0.29521051049232483,-0.12363407015800476,-0.06095012649893761,-0.4028949439525604,-0.04767971113324165,-0.08620830625295639,-0.4919178783893585,-0.11765175312757492,-0.06920726597309113,-0.380402535200119,-0.11203072965145111,-0.04811085760593414,-0.28702592849731445,-0.08608432859182358,SOS
0.0,0.0,0.0,0.11506512761116028,-0.1149793416261673,-0.06550858914852142,0.1553691327571869,-0.29947730898857117,-0.0801723375916481,0.06872003525495529,-0.4360954165458679,-0.09404772520065308,-0.015203691087663174,-0.5003373026847839,-0.10346826910972595,0.17580647766590118,-0.4869839549064636,-0.011677783913910389,0.20459400117397308,-0.6984240412712097,-0.05370341241359711,0.2162284553050995,-0.8360188603401184,-0.08093380928039551,0.227286234498024,-0.9523581862449646,-0.09382528066635132,0.09221798926591873,-0.4992475211620331,-0.013320168480277061,0.13076871633529663,-0.7115516662597656,-0.06573493033647537,0.1561625748872757,-0.8555826544761658,-0.10015574842691422,0.18350419402122498,-0.9768095016479492,-0.11031489074230194,0.010704141110181808,-0.46686312556266785,-0.026201436296105385,-0.03256011754274368,-0.546848475933075,-0.12042491883039474,-0.023092273622751236,-0.4044543504714966,-0.14379610121250153,-0.002739171963185072,-0.2962280809879303,-0.12362860143184662,-0.0673149898648262,-0.40742355585098267,-0.043195098638534546,-0.09714755415916443,-0.49075087904930115,-0.11061546951532364,-0.07897941768169403,-0.3836681842803955,-0.10676974803209305,-0.05656387656927109,-0.2919690012931824,-0.08270286023616791,SOS
0.0,0.0,0.0,0.1127065122127533,-0.12075918912887573,-0.06472930312156677,0.14675801992416382,-0.30754292011260986,-0.0785941481590271,0.05584016069769859,-0.4393989145755768,-0.0921584889292717,-0.030069340020418167,-0.49952784180641174,-0.10159599035978317,0.16691803932189941,-0.49097204208374023,-0.007699991576373577,0.19367720186710358,-0.7011222839355469,-0.04789270460605621,0.20444776117801666,-0.8380944728851318,-0.07428687065839767,0.21311727166175842,-0.9553952813148499,-0.0867583379149437,0.08261403441429138,-0.5010709762573242,-0.00884685106575489,0.12130267173051834,-0.7168285250663757,-0.05878062918782234,0.14322571456432343,-0.8598986864089966,-0.09116534888744354,0.16576595604419708,-0.9810929298400879,-0.09989143908023834,0.0017068226588889956,-0.4651010036468506,-0.02143930085003376,-0.04470895603299141,-0.5486769676208496,-0.11487472802400589,-0.03249906748533249,-0.40448832511901855,-0.13801433145999908,-0.00948211271315813,-0.29477304220199585,-0.11741036921739578,-0.07517550885677338,-0.40262940526008606,-0.03790091350674629,-0.1072910726070404,-0.48810023069381714,-0.10532377660274506,-0.08739003539085388,-0.38029181957244873,-0.10145188122987747,-0.06156551465392113,-0.2885010838508606,-0.0772736445069313,SOS
0.0,0.0,0.0,0.1091461107134819,-0.12688758969306946,-0.06801359355449677,0.13863393664360046,-0.3197861611843109,-0.08023961633443832,0.04858163371682167,-0.4510769844055176,-0.09049126505851746,-0.03698110952973366,-0.5044530034065247,-0.09590334445238113,0.16241641342639923,-0.49592146277427673,-0.00933996494859457,0.1847047209739685,-0.711534321308136,-0.04763125255703926,0.19384324550628662,-0.8485245704650879,-0.07206109911203384,0.20188291370868683,-0.9645675420761108,-0.08290782570838928,0.07773862779140472,-0.5022578835487366,-0.006821843795478344,0.11137409508228302,-0.7199257016181946,-0.054425984621047974,0.131672203540802,-0.8625634908676147,-0.08506189286708832,0.15299972891807556,-0.9838997721672058,-0.09237083047628403,-0.0029405984096229076,-0.46370968222618103,-0.016048310324549675,-0.054180704057216644,-0.546759843826294,-0.10663305222988129,-0.04131073132157326,-0.40757983922958374,-0.13051959872245789,-0.016309555619955063,-0.30298224091529846,-0.11058930307626724,-0.07786812633275986,-0.40012165904045105,-0.029506605118513107,-0.11463628709316254,-0.4823318123817444,-0.09476841986179352,-0.09476394206285477,-0.38060760498046875,-0.09280870109796524,-0.06805787980556488,-0.29524800181388855,-0.07031037658452988,SOS
0.0,0.0,0.0,0.10618788003921509,-0.12737803161144257,-0.0656573623418808,0.1302310675382614,-0.32008516788482666,-0.07881084829568863,0.042000267654657364,-0.4526565670967102,-0.09129752963781357,-0.0433574803173542,-0.5116232633590698,-0.09949187189340591,0.15044982731342316,-0.5007312893867493,-0.007975936867296696,0.16850027441978455,-0.713850736618042,-0.04965858906507492,0.17454250156879425,-0.8498831987380981,-0.07663103938102722,0.17969688773155212,-0.9660155773162842,-0.089540496468544,0.06575257331132889,-0.5044945478439331,-0.0080023854970932,0.09416373819112778,-0.7203515768051147,-0.06127042695879936,0.11311060935258865,-0.8613766431808472,-0.09514997899532318,0.1338246911764145,-0.9854922294616699,-0.1043836772441864,-0.01451193168759346,-0.46280989050865173,-0.019525084644556046,-0.0696367546916008,-0.545918881893158,-0.11612284928560257,-0.051462866365909576,-0.4014858603477478,-0.14010000228881836,-0.021919788792729378,-0.29435062408447266,-0.11939937621355057,-0.0887749195098877,-0.39398759603500366,-0.034900251775979996,-0.12768104672431946,-0.47543150186538696,-0.105658158659935,-0.10445074737071991,-0.36892279982566833,-0.10431748628616333,-0.07443086802959442,-0.2817741632461548,-0.08146105706691742,SOS
0.0,0.0,0.0,0.10439299792051315,-0.13951891660690308,-0.06264955550432205,0.12483485043048859,-0.3263169825077057,-0.07412447780370712,0.030028775334358215,-0.45591986179351807,-0.08552831411361694,-0.05401703715324402,-0.5212125778198242,-0.09234033524990082,0.15341785550117493,-0.49856603145599365,0.0011904756538569927,0.16888286173343658,-0.7095364332199097,-0.038195740431547165,0.17378468811511993,-0.8467082977294922,-0.06587059050798416,0.1777598112821579,-0.9637871384620667,-0.07995539158582687,0.06778719276189804,-0.5021919012069702,0.00022873625857755542,0.09799192100763321,-0.7175797820091248,-0.049526989459991455,0.11422514915466309,-0.8609428405761719,-0.08421226590871811,0.13323479890823364,-0.9864902496337891,-0.09531839191913605,-0.01401702594012022,-0.46049973368644714,-0.012413923628628254,-0.06238808482885361,-0.5507156252861023,-0.1051018238067627,-0.044656697660684586,-0.4095776677131653,-0.12801975011825562,-0.017030540853738785,-0.3057801425457001,-0.10835632681846619,-0.09020307660102844,-0.38944539427757263,-0.0288680586963892,-0.12657710909843445,-0.4771183431148529,-0.09805592894554138,-0.10274338722229004,-0.3723483085632324,-0.09545089304447174,-0.0738171637058258,-0.2852059602737427,-0.07233842462301254,SOS
0.0,0.0,0.0,0.10497335344552994,-0.13629122078418732,-0.06526578217744827,0.12640418112277985,-0.33037564158439636,-0.07743815332651138,0.02941734343767166,-0.454161673784256,-0.08852115273475647,-0.06008110195398331,-0.5019513368606567,-0.0951153114438057,0.13671909272670746,-0.505987286567688,-0.005628134123980999,0.14885371923446655,-0.720670223236084,-0.043543796986341476,0.15272657573223114,-0.8565559983253479,-0.06865567713975906,0.1583372950553894,-0.9720910787582397,-0.08078321814537048,0.05038589611649513,-0.503570556640625,-0.005847093183547258,0.07379653304815292,-0.7230912446975708,-0.05418764427304268,0.09338296949863434,-0.8659611344337463,-0.08672889322042465,0.11575645208358765,-0.9886144399642944,-0.0961344987154007,-0.030429624021053314,-0.4565308690071106,-0.01764707826077938,-0.0833262950181961,-0.5454370975494385,-0.11102216690778732,-0.06114155426621437,-0.4015803039073944,-0.1352946162223816,-0.03153305500745773,-0.2931371033191681,-0.1155504509806633,-0.1042652279138565,-0.38344621658325195,-0.03326201066374779,-0.14284664392471313,-0.4715612530708313,-0.10180595517158508,-0.11729753017425537,-0.3690164089202881,-0.1001184955239296,-0.08833444863557816,-0.282539427280426,-0.07781244069337845,SOS
0.0,0.0,0.0,0.10163553804159164,-0.13924337923526764,-0.0613342747092247,0.11780501157045364,-0.3252166211605072,-0.07343883812427521,0.019871264696121216,-0.4500252306461334,-0.08599750697612762,-0.06511437892913818,-0.5057464241981506,-0.09445638954639435,0.13279418647289276,-0.5040514469146729,-0.0008631836390122771,0.14224450290203094,-0.7127752900123596,-0.040566086769104004,0.14317587018013,-0.8491156101226807,-0.06810273230075836,0.14439788460731506,-0.9658403396606445,-0.08220987766981125,0.04632968828082085,-0.5022068619728088,-0.0029900502413511276,0.06679566949605942,-0.7205965518951416,-0.053383659571409225,0.08028341829776764,-0.864625096321106,-0.08783026784658432,0.09782692790031433,-0.990267813205719,-0.09899360686540604,-0.03404618427157402,-0.45306307077407837,-0.016375472769141197,-0.08606449514627457,-0.5439544916152954,-0.10911744087934494,-0.06472966820001602,-0.403082937002182,-0.13122297823429108,-0.034622810781002045,-0.29612424969673157,-0.11109711974859238,-0.10809189826250076,-0.37526270747184753,-0.03347935900092125,-0.14726248383522034,-0.4642931818962097,-0.10134407877922058,-0.12125521153211594,-0.36554694175720215,-0.0983361303806305,-0.09049131721258163,-0.2816424071788788,-0.07541576772928238,SOS
0.0,0.0,0.0,0.10035290569067001,-0.1443641185760498,-0.058977894484996796,0.1121068000793457,-0.33138909935951233,-0.06995173543691635,0.013629392720758915,-0.45340099930763245,-0.08198557049036026,-0.07023389637470245,-0.5067050457000732,-0.0899370089173317,0.12660032510757446,-0.5049137473106384,0.0010353036923334002,0.1340378224849701,-0.7164289951324463,-0.037127237766981125,0.13451798260211945,-0.853722095489502,-0.06382715702056885,0.136243999004364,-0.9706703424453735,-0.07770860940217972,0.03967681899666786,-0.5016313791275024,-0.0018010513158515096,0.05486704781651497,-0.7198417782783508,-0.051946431398391724,0.06966374814510345,-0.8651067614555359,-0.08640927821397781,0.08930665254592896,-0.9912117123603821,-0.09758885204792023,-0.0409870520234108,-0.45121869444847107,-0.015440274961292744,-0.09157328307628632,-0.5452561974525452,-0.10723304003477097,-0.06907007098197937,-0.4048883020877838,-0.12819020450115204,-0.0395452156662941,-0.2965345084667206,-0.10746672749519348,-0.11398766189813614,-0.3715958297252655,-0.03274035453796387,-0.1534876674413681,-0.4651196002960205,-0.10082056373357773,-0.1264694333076477,-0.366514652967453,-0.09738795459270477,-0.09519904106855392,-0.28087908029556274,-0.07390577346086502,SOS
0.0,0.0,0.0,0.10133390128612518,-0.14400614798069,-0.05761438235640526,0.11497201770544052,-0.32797136902809143,-0.07003581523895264,0.01229178998619318,-0.44580286741256714,-0.08393937349319458,-0.07185684144496918,-0.5036178231239319,-0.09414385259151459,0.12216413021087646,-0.5032436847686768,-0.0010969627182930708,0.129210963845253,-0.7159866094589233,-0.04047301411628723,0.12888389825820923,-0.853919267654419,-0.06758682429790497,0.12898306548595428,-0.971084713935852,-0.08162514865398407,0.03525104373693466,-0.4980349838733673,-0.004975907038897276,0.05037872493267059,-0.7177823781967163,-0.05627500265836716,0.06254997104406357,-0.8648335933685303,-0.09102246165275574,0.07801682502031326,-0.9916550517082214,-0.10263315588235855,-0.044896602630615234,-0.4459719657897949,-0.019393596798181534,-0.09606677293777466,-0.5450921058654785,-0.1124504879117012,-0.0713241770863533,-0.40316593647003174,-0.13285399973392487,-0.04126918315887451,-0.29434579610824585,-0.1119862049818039,-0.11872317641973495,-0.3646959066390991,-0.0370727963745594,-0.15631571412086487,-0.4622691869735718,-0.10667556524276733,-0.12818805873394012,-0.36343318223953247,-0.10278256237506866,-0.09742141515016556,-0.2781662046909332,-0.0789293721318245,SOS
0.0,0.0,0.0,0.09973475337028503,-0.14140672981739044,-0.058235593140125275,0.11343677341938019,-0.3274517059326172,-0.06990277767181396,0.013012224808335304,-0.44831520318984985,-0.08255760371685028,-0.06876121461391449,-0.5101112723350525,-0.09129555523395538,0.12045800685882568,-0.5049939751625061,-0.001839443459175527,0.12497253715991974,-0.7174318432807922,-0.039986204355955124,0.12322565913200378,-0.8550252914428711,-0.06564594060182571,0.12191805243492126,-0.9719615578651428,-0.07883509993553162,0.03314579278230667,-0.5000448226928711,-0.004845486022531986,0.04827965423464775,-0.7208629250526428,-0.05488217994570732,0.057838670909404755,-0.8674106597900391,-0.08761685341596603,0.07082125544548035,-0.9927036762237549,-0.09758950024843216,-0.04674170911312103,-0.4470369815826416,-0.01833261549472809,-0.09936383366584778,-0.5489344000816345,-0.11122574657201767,-0.07381177693605423,-0.4051991403102875,-0.13011333346366882,-0.04212890565395355,-0.29514771699905396,-0.10799077153205872,-0.12007565796375275,-0.364165723323822,-0.03509826958179474,-0.1569870561361313,-0.4606989920139313,-0.10676715523004532,-0.1279173642396927,-0.3581086993217468,-0.10342137515544891,-0.09555496275424957,-0.2717534005641937,-0.07924225181341171,SOS
0.0,0.0,0.0,0.0988258644938469,-0.14184045791625977,-0.05940593406558037,0.11208712309598923,-0.328715443611145,-0.07101286947727203,0.009011424146592617,-0.4500759243965149,-0.08330655097961426,-0.0729910209774971,-0.5131717324256897,-0.09144152700901031,0.12153440713882446,-0.5049026608467102,-0.001905827084556222,0.12597927451133728,-0.7196316719055176,-0.03977829962968826,0.12378650158643723,-0.8582803010940552,-0.06524547934532166,0.12133456766605377,-0.9763068556785583,-0.07840773463249207,0.03401469439268112,-0.5002780556678772,-0.0038699829019606113,0.049966391175985336,-0.7208175659179688,-0.05411181226372719,0.059323087334632874,-0.8671398758888245,-0.08702094852924347,0.07106082141399384,-0.9927300810813904,-0.09714566171169281,-0.04613921418786049,-0.4481087625026703,-0.01641881838440895,-0.100137859582901,-0.5514483451843262,-0.10958169400691986,-0.07438291609287262,-0.40760868787765503,-0.12857861816883087,-0.04278801009058952,-0.29769963026046753,-0.10650864988565445,-0.11972494423389435,-0.3660275936126709,-0.03228326886892319,-0.15722213685512543,-0.4641282856464386,-0.10417373478412628,-0.12872831523418427,-0.36138153076171875,-0.100948266685009,-0.09700071066617966,-0.2749986946582794,-0.0768866166472435,SOS
0.0,0.0,0.0,0.09741996228694916,-0.14167621731758118,-0.05919378995895386,0.10903380811214447,-0.3273259699344635,-0.07099931687116623,0.005970005411654711,-0.44948384165763855,-0.08362971246242523,-0.07590994238853455,-0.5139544606208801,-0.09213385730981827,0.11767653375864029,-0.506291389465332,-0.0010036927415058017,0.12099626660346985,-0.7192418575286865,-0.03948688134551048,0.11866909265518188,-0.8563975691795349,-0.06559671461582184,0.1165420189499855,-0.9740073680877686,-0.07923571020364761,0.02987019717693329,-0.5017282366752625,-0.003454461693763733,0.04491865262389183,-0.7215359210968018,-0.05444173887372017,0.054429393261671066,-0.8672518730163574,-0.08757880330085754,0.06677860766649246,-0.9929683208465576,-0.09774758666753769,-0.049935001879930496,-0.449008047580719,-0.016645507887005806,-0.10423945635557175,-0.5526788830757141,-0.1105663925409317,-0.07757963240146637,-0.4077273905277252,-0.12942859530448914,-0.04484020546078682,-0.29657354950904846,-0.10717499256134033,-0.12328945845365524,-0.3654446601867676,-0.033205024898052216,-0.16101060807704926,-0.4635116159915924,-0.10606839507818222,-0.13131499290466309,-0.36053070425987244,-0.10316146165132523,-0.09777740389108658,-0.27389848232269287,-0.07916250079870224,SOS
0.0,0.0,0.0,0.09629038721323013,-0.14147689938545227,-0.05975903198122978,0.10733872652053833,-0.3287469744682312,-0.0719180479645729,0.004560941364616156,-0.452356219291687,-0.08480265736579895,-0.07699728012084961,-0.5181868076324463,-0.09344581514596939,0.1164233461022377,-0.5053707957267761,-0.0024005183950066566,0.11986454576253891,-0.7216965556144714,-0.040736425668001175,0.11696755141019821,-0.859586775302887,-0.06608786433935165,0.11391159892082214,-0.9775375127792358,-0.07909103482961655,0.028387125581502914,-0.49953603744506836,-0.004493356682360172,0.043094344437122345,-0.7208102941513062,-0.055979568511247635,0.05194300785660744,-0.8670784831047058,-0.08868394047021866,0.06318936496973038,-0.993149995803833,-0.09828614443540573,-0.0519174225628376,-0.4464200735092163,-0.017229672521352768,-0.10743875056505203,-0.5500616431236267,-0.11169132590293884,-0.07943307608366013,-0.4040422737598419,-0.12980526685714722,-0.04556451737880707,-0.29288408160209656,-0.10680124163627625,-0.12535540759563446,-0.3628835380077362,-0.0333368182182312,-0.1640491634607315,-0.45966991782188416,-0.10675188899040222,-0.1340579092502594,-0.3559659719467163,-0.10348105430603027,-0.10057191550731659,-0.2694360911846161,-0.07899386435747147,SOS
0.0,0.0,0.0,0.09584614634513855,-0.14292417466640472,-0.06017649546265602,0.10457392036914825,-0.3289515972137451,-0.07335758954286575,-0.002569228643551469,-0.4493824243545532,-0.08729147911071777,-0.08548934012651443,-0.5165430307388306,-0.09709794819355011,0.11304586380720139,-0.5064041018486023,-0.003939675632864237,0.11513829976320267,-0.7214046716690063,-0.043224502354860306,0.11099085956811905,-0.8594858050346375,-0.06933082640171051,0.10633651912212372,-0.9773781895637512,-0.0829375758767128,0.02492261677980423,-0.5000154376029968,-0.0063767991960048676,0.03871545568108559,-0.7212989926338196,-0.05920201912522316,0.047690827399492264,-0.8667300939559937,-0.09302034974098206,0.05899432674050331,-0.9928910732269287,-0.10337809473276138,-0.05548182874917984,-0.4461611807346344,-0.019375860691070557,-0.10824886709451675,-0.5488788485527039,-0.11496058851480484,-0.07851292937994003,-0.4024631083011627,-0.13341324031352997,-0.04470530152320862,-0.29198867082595825,-0.11071601510047913,-0.12855669856071472,-0.36165428161621094,-0.03571164608001709,-0.16393010318279266,-0.45879513025283813,-0.11035754531621933,-0.1321483701467514,-0.35393863916397095,-0.10720478743314743,-0.09870884567499161,-0.2667008340358734,-0.08268178999423981,SOS
0.0,0.0,0.0,0.09552505612373352,-0.14232127368450165,-0.060034774243831635,0.10306937247514725,-0.32972443103790283,-0.07282867282629013,-0.00484003871679306,-0.4488028287887573,-0.08620277047157288,-0.08852478116750717,-0.5151158571243286,-0.09546726942062378,0.11073875427246094,-0.5073394179344177,-0.003692074678838253,0.1130494773387909,-0.7230589985847473,-0.04248614236712456,0.1089315190911293,-0.861312747001648,-0.06822781264781952,0.10404841601848602,-0.9791576266288757,-0.08154089748859406,0.02284470945596695,-0.5005675554275513,-0.00572040444239974,0.03782358020544052,-0.7215736508369446,-0.05801955237984657,0.047048524022102356,-0.8671635985374451,-0.09159984439611435,0.05812046676874161,-0.9931018948554993,-0.10183681547641754,-0.0574234202504158,-0.4466589689254761,-0.018287308514118195,-0.110301174223423,-0.5492629408836365,-0.11349231749773026,-0.08037806302309036,-0.40183404088020325,-0.13210895657539368,-0.046349529176950455,-0.29099124670028687,-0.10956716537475586,-0.13004936277866364,-0.36234378814697266,-0.03409639373421669,-0.16588926315307617,-0.4592117667198181,-0.10863857716321945,-0.13422562181949615,-0.3536391854286194,-0.10559109598398209,-0.10084179788827896,-0.2662105858325958,-0.08115430176258087,SOS
0.0,0.0,0.0,0.0961751937866211,-0.14037254452705383,-0.0598817877471447,0.10663945227861404,-0.32912057638168335,-0.07284918427467346,0.0006342372507788241,-0.4476516544818878,-0.08651029318571091,-0.08229229599237442,-0.5102655291557312,-0.09616614133119583,0.10935317724943161,-0.5100784301757812,-0.005640627350658178,0.11198907345533371,-0.7269465923309326,-0.0441669225692749,0.10782025009393692,-0.864551305770874,-0.06925076991319656,0.10342136770486832,-0.981855034828186,-0.08221318572759628,0.02123299054801464,-0.5010011196136475,-0.008226050063967705,0.034160543233156204,-0.722605288028717,-0.060333963483572006,0.04268055781722069,-0.8681768774986267,-0.09359534829854965,0.053063973784446716,-0.9931831955909729,-0.10378476977348328,-0.05906161293387413,-0.44513139128685,-0.02110927924513817,-0.11201643198728561,-0.5474714636802673,-0.11640854179859161,-0.08028868585824966,-0.40093880891799927,-0.1344882696866989,-0.04558229446411133,-0.2894761562347412,-0.11160606145858765,-0.13206778466701508,-0.3594297468662262,-0.03727847710251808,-0.16814382374286652,-0.4564136862754822,-0.11233782023191452,-0.13453850150108337,-0.3519834578037262,-0.10922376811504364,-0.10041031986474991,-0.26383092999458313,-0.08461121469736099,SOS
0.0,0.0,0.0,0.09685302525758743,-0.13833670318126678,-0.06081708148121834,0.1057480201125145,-0.3252300024032593,-0.07459639012813568,0.001370272017084062,-0.44393548369407654,-0.0887266993522644,-0.08108517527580261,-0.5042206645011902,-0.09900578111410141,0.10773499310016632,-0.5080950856208801,-0.008629584684967995,0.109232597053051,-0.7248115539550781,-0.04821012169122696,0.10590346902608871,-0.8623345494270325,-0.07405045628547668,0.10224799066781998,-0.9798958897590637,-0.08740275353193283,0.019799089059233665,-0.49970272183418274,-0.010119623504579067,0.030522456392645836,-0.7207792401313782,-0.06325821578502655,0.04033435881137848,-0.8667849898338318,-0.09671320021152496,0.052394479513168335,-0.9928948283195496,-0.10683945566415787,-0.06000583991408348,-0.44493237137794495,-0.021756066009402275,-0.11122824251651764,-0.5455093383789062,-0.11633071303367615,-0.07998502254486084,-0.39964622259140015,-0.13455890119075775,-0.04602590203285217,-0.28926119208335876,-0.11211074143648148,-0.13169293105602264,-0.35991406440734863,-0.03680334612727165,-0.16549116373062134,-0.45277535915374756,-0.11073404550552368,-0.13307605683803558,-0.3481195271015167,-0.1076398715376854,-0.1005430817604065,-0.2607606053352356,-0.08324585109949112,SOS
0.0,0.0,0.0,0.09620922803878784,-0.1386427879333496,-0.06220550835132599,0.10387682169675827,-0.3242735266685486,-0.07712730765342712,-0.001402764581143856,-0.44145429134368896,-0.09213761985301971,-0.08216092735528946,-0.5038244128227234,-0.10334388166666031,0.10832419246435165,-0.5076094269752502,-0.01173708401620388,0.10974254459142685,-0.7227262258529663,-0.05279232934117317,0.10573744028806686,-0.8610128164291382,-0.07923489063978195,0.10156161338090897,-0.9786270260810852,-0.09252014011144638,0.019957562908530235,-0.4996868371963501,-0.012803307734429836,0.031344860792160034,-0.7196037173271179,-0.0671311467885971,0.03976050391793251,-0.8661930561065674,-0.10042093694210052,0.05121278390288353,-0.9926357269287109,-0.10977957397699356,-0.05979263037443161,-0.44506213068962097,-0.024070417508482933,-0.11189638078212738,-0.5426619052886963,-0.11991418898105621,-0.0816158726811409,-0.39651039242744446,-0.13809797167778015,-0.04696032032370567,-0.2857438623905182,-0.11486843228340149,-0.13055428862571716,-0.36004000902175903,-0.03879319131374359,-0.16636866331100464,-0.4519684314727783,-0.11347728222608566,-0.1344299018383026,-0.3474658131599426,-0.11015517264604568,-0.101011261343956,-0.26033255457878113,-0.0850246325135231,SOS
0.0,0.0,0.0,0.09467671066522598,-0.1359986513853073,-0.06152291223406792,0.10337366163730621,-0.32107993960380554,-0.0768185406923294,-0.0007990295998752117,-0.43930956721305847,-0.09235797077417374,-0.08382342755794525,-0.5019906759262085,-0.10419370979070663,0.10776719450950623,-0.5062971711158752,-0.012936051934957504,0.10937190055847168,-0.720733642578125,-0.05493739992380142,0.10634487867355347,-0.8582825660705566,-0.08211731165647507,0.10384242236614227,-0.9760038256645203,-0.09598331153392792,0.019582370296120644,-0.4994764029979706,-0.014665110036730766,0.02954808622598648,-0.720051109790802,-0.06996259093284607,0.03848916292190552,-0.8658910393714905,-0.10394510626792908,0.05102109909057617,-0.9921843409538269,-0.11387269198894501,-0.060270097106695175,-0.4457736611366272,-0.026282845064997673,-0.11060912162065506,-0.5436384081840515,-0.12228574603796005,-0.079705610871315,-0.39687150716781616,-0.1396651417016983,-0.04546092450618744,-0.2853034436702728,-0.11618927121162415,-0.1311342865228653,-0.3610978126525879,-0.041382789611816406,-0.16459912061691284,-0.45230555534362793,-0.11627775430679321,-0.13246563076972961,-0.3467957675457001,-0.11230069398880005,-0.09999597072601318,-0.25829988718032837,-0.08666647970676422,SOS
0.0,0.0,0.0,0.09599663317203522,-0.13733085989952087,-0.05821842700242996,0.10764031112194061,-0.32385456562042236,-0.07240767776966095,0.00761357881128788,-0.44021865725517273,-0.08740970492362976,-0.07219648361206055,-0.4998793303966522,-0.09880571067333221,0.1081535741686821,-0.5065507292747498,-0.011598732322454453,0.10948803275823593,-0.7224639654159546,-0.053014423698186874,0.10525955259799957,-0.859959602355957,-0.07956244051456451,0.10187859833240509,-0.9774552583694458,-0.09312674403190613,0.019491542130708694,-0.49880826473236084,-0.014985110610723495,0.02967246249318123,-0.7200931906700134,-0.06923756748437881,0.0381832979619503,-0.8661457300186157,-0.10256823152303696,0.049919214099645615,-0.9923986792564392,-0.11248528212308884,-0.060798849910497665,-0.4437445402145386,-0.027825642377138138,-0.11130578815937042,-0.5466312170028687,-0.1222904846072197,-0.07990264892578125,-0.40037381649017334,-0.13849304616451263,-0.04564502462744713,-0.28819960355758667,-0.11482656747102737,-0.13238587975502014,-0.35744503140449524,-0.04387372359633446,-0.1665012687444687,-0.45016032457351685,-0.11775663495063782,-0.1338898241519928,-0.3468707799911499,-0.11297827214002609,-0.1015944555401802,-0.25924110412597656,-0.08709892630577087,SOS
0.0,0.0,0.0,0.09559225291013718,-0.13717742264270782,-0.05866516754031181,0.1059420108795166,-0.3216909170150757,-0.07361643016338348,0.007814884185791016,-0.43796104192733765,-0.08936680108308792,-0.0718226283788681,-0.4997310936450958,-0.10149887204170227,0.10734041780233383,-0.5076017379760742,-0.012991365045309067,0.10977887362241745,-0.7219786643981934,-0.05478310212492943,0.10641978681087494,-0.8591465950012207,-0.08163972944021225,0.10341508686542511,-0.9764695167541504,-0.0953121930360794,0.01916247233748436,-0.5006614327430725,-0.016177808865904808,0.030330756679177284,-0.7206783294677734,-0.07025749981403351,0.038539864122867584,-0.866413414478302,-0.10308653116226196,0.049936674535274506,-0.9923811554908752,-0.11263202130794525,-0.0609588585793972,-0.44585612416267395,-0.02886338345706463,-0.11048860102891922,-0.5466587543487549,-0.12288125604391098,-0.08003664761781693,-0.4012308418750763,-0.13893097639083862,-0.046143725514411926,-0.2895696461200714,-0.11526475101709366,-0.13176295161247253,-0.35980626940727234,-0.044872622936964035,-0.1647558957338333,-0.4497110843658447,-0.11850329488515854,-0.1321527361869812,-0.34663474559783936,-0.11390044540166855,-0.09951423108577728,-0.25921812653541565,-0.08809337019920349,SOS
0.0,0.0,0.0,0.09638755768537521,-0.13213671743869781,-0.0574101097881794,0.10927614569664001,-0.3173314929008484,-0.07131639122962952,0.014571646228432655,-0.4365392029285431,-0.08606533706188202,-0.06646792590618134,-0.49999964237213135,-0.09699703752994537,0.11113754659891129,-0.5086036920547485,-0.012556477449834347,0.11218879371881485,-0.7237486243247986,-0.0534084253013134,0.10724033415317535,-0.8609372973442078,-0.0789397805929184,0.102777399122715,-0.9778907895088196,-0.09135201573371887,0.02245367132127285,-0.5024628043174744,-0.016363786533474922,0.03314793482422829,-0.7231441140174866,-0.06916752457618713,0.0404498465359211,-0.8687735795974731,-0.1005987599492073,0.051479093730449677,-0.9927324056625366,-0.10877634584903717,-0.05849228426814079,-0.44725921750068665,-0.02942579612135887,-0.10500817000865936,-0.5430589318275452,-0.12268217653036118,-0.07518839091062546,-0.398691326379776,-0.1376475989818573,-0.04254993423819542,-0.28786879777908325,-0.11296480894088745,-0.13031098246574402,-0.3606069087982178,-0.04572470858693123,-0.1601339429616928,-0.4489942491054535,-0.11909954994916916,-0.1263139545917511,-0.3450012803077698,-0.11347132921218872,-0.0932416245341301,-0.2561419606208801,-0.08644027262926102,SOS
0.0,0.0,0.0,0.09629559516906738,-0.13525661826133728,-0.05701198801398277,0.1048409566283226,-0.3195042908191681,-0.07192337512969971,0.0056944494135677814,-0.43372857570648193,-0.08818630129098892,-0.07877930253744125,-0.49449944496154785,-0.10078352689743042,0.10627586394548416,-0.5097272992134094,-0.009921501390635967,0.10618098080158234,-0.7181993722915649,-0.05126287043094635,0.1017652377486229,-0.8535835146903992,-0.07798150181770325,0.09819694608449936,-0.9692652821540833,-0.0915607362985611,0.01805730350315571,-0.501710832118988,-0.015125684440135956,0.02646625228226185,-0.7233952879905701,-0.06842602789402008,0.0345124788582325,-0.8685479760169983,-0.1007532998919487,0.04577621817588806,-0.9928930997848511,-0.10985353589057922,-0.062158480286598206,-0.44374480843544006,-0.029980283230543137,-0.1122317686676979,-0.5408474802970886,-0.12497985363006592,-0.08032108098268509,-0.3966515064239502,-0.14116057753562927,-0.0470551960170269,-0.28570622205734253,-0.11701478809118271,-0.1332213133573532,-0.35508623719215393,-0.047983549535274506,-0.16481895744800568,-0.44686445593833923,-0.12185165286064148,-0.13064910471439362,-0.34364554286003113,-0.11656344681978226,-0.09790313988924026,-0.25479456782341003,-0.09016742557287216,SOS
0.0,0.0,0.0,0.09811152517795563,-0.13611574470996857,-0.05493549257516861,0.10997241735458374,-0.32067373394966125,-0.0701446458697319,0.01001373678445816,-0.43773770332336426,-0.08717063814401627,-0.07727639377117157,-0.49737200140953064,-0.10107579082250595,0.10511738806962967,-0.5056451559066772,-0.01229977235198021,0.10550421476364136,-0.7151026129722595,-0.05423220619559288,0.10019907355308533,-0.8511097431182861,-0.08088494837284088,0.09599190950393677,-0.9674171209335327,-0.09434324502944946,0.017122184857726097,-0.4977673888206482,-0.01927066408097744,0.027136264368891716,-0.7202166318893433,-0.07274770736694336,0.03544145077466965,-0.8674988746643066,-0.10438992828130722,0.04670161381363869,-0.9924612045288086,-0.113312728703022,-0.06283299624919891,-0.4403592348098755,-0.03534013032913208,-0.11015583574771881,-0.5399273037910461,-0.12984062731266022,-0.07676813006401062,-0.39598265290260315,-0.14352630078792572,-0.04304778203368187,-0.28462231159210205,-0.11811117082834244,-0.13523785769939423,-0.35162970423698425,-0.05439528450369835,-0.16650782525539398,-0.4506101608276367,-0.12778949737548828,-0.13117174804210663,-0.3469337224960327,-0.12006822228431702,-0.09838748723268509,-0.2552550435066223,-0.09202469885349274,SOS
0.0,0.0,0.0,0.10031730681657791,-0.13780443370342255,-0.05532911792397499,0.11357887834310532,-0.3211509883403778,-0.07023613154888153,0.009776248596608639,-0.43674901127815247,-0.08666466176509857,-0.07608163356781006,-0.497746080160141,-0.09993425011634827,0.10675197839736938,-0.5051793456077576,-0.012257794849574566,0.10776329040527344,-0.7172864079475403,-0.053651243448257446,0.10175125300884247,-0.8547434210777283,-0.07981480658054352,0.09682916104793549,-0.9712406992912292,-0.09274206310510635,0.01821615919470787,-0.49696606397628784,-0.018150409683585167,0.02823343500494957,-0.718367338180542,-0.07138180732727051,0.03448500856757164,-0.8668624758720398,-0.1036185696721077,0.04443814605474472,-0.9925979971885681,-0.11302444338798523,-0.062264036387205124,-0.4409298598766327,-0.03311226889491081,-0.10822173953056335,-0.5397133231163025,-0.12743666768074036,-0.0762839987874031,-0.3971194922924042,-0.1424209028482437,-0.043398428708314896,-0.2853145897388458,-0.11789606511592865,-0.13493004441261292,-0.354500949382782,-0.050974972546100616,-0.16582094132900238,-0.4517974853515625,-0.12470941245555878,-0.13127915561199188,-0.3487059772014618,-0.11821603029966354,-0.09919358044862747,-0.2570764720439911,-0.09086884558200836,SOS
0.0,0.0,0.0,0.09862819314002991,-0.13213685154914856,-0.0564127191901207,0.10931351035833359,-0.3182486891746521,-0.07099143415689468,0.011259096674621105,-0.4341026544570923,-0.08702243119478226,-0.07330641150474548,-0.4943214952945709,-0.099312923848629,0.10427720844745636,-0.5083916187286377,-0.011019641533493996,0.10344940423965454,-0.7199098467826843,-0.051725227385759354,0.0976424366235733,-0.8548092842102051,-0.07742179930210114,0.09281740337610245,-0.9708009362220764,-0.09065506607294083,0.016138548031449318,-0.49950355291366577,-0.016909196972846985,0.024293871596455574,-0.7206960320472717,-0.07083194702863693,0.032452333718538284,-0.8670079708099365,-0.10312378406524658,0.04375366121530533,-0.9927101135253906,-0.11230393499135971,-0.06352181732654572,-0.44180673360824585,-0.03226780891418457,-0.11333707720041275,-0.5397344827651978,-0.12780490517616272,-0.07934261858463287,-0.39378681778907776,-0.14314119517803192,-0.044419772922992706,-0.282396525144577,-0.1183931827545166,-0.1348634958267212,-0.35303401947021484,-0.050797078758478165,-0.1669948399066925,-0.44462206959724426,-0.12588612735271454,-0.12986652553081512,-0.3425345718860626,-0.12134614586830139,-0.09449651092290878,-0.25497016310691833,-0.09537602216005325,SOS
0.0,0.0,0.0,0.09952180087566376,-0.13755077123641968,-0.0551055446267128,0.10818096250295639,-0.31966260075569153,-0.06916331499814987,0.007876603864133358,-0.43069449067115784,-0.08495242893695831,-0.07755393534898758,-0.48736634850502014,-0.09730158001184464,0.10357418656349182,-0.5110489130020142,-0.008388867601752281,0.10409680008888245,-0.7202800512313843,-0.04808150976896286,0.09922349452972412,-0.8557057976722717,-0.07362721115350723,0.09393323957920074,-0.9709768295288086,-0.08646713197231293,0.015019004233181477,-0.5018615126609802,-0.014274911023676395,0.026364021003246307,-0.7213433384895325,-0.06598789244890213,0.03443240001797676,-0.8677124977111816,-0.09740360826253891,0.044564373791217804,-0.9933673143386841,-0.10599732398986816,-0.06502212584018707,-0.4426485598087311,-0.029660725966095924,-0.11194151639938354,-0.5382452011108398,-0.12323758006095886,-0.07815243303775787,-0.39429017901420593,-0.13948893547058105,-0.04324483871459961,-0.28486016392707825,-0.11559440195560455,-0.13624073565006256,-0.3523467481136322,-0.04801417142152786,-0.16485126316547394,-0.443472683429718,-0.121365025639534,-0.12785547971725464,-0.3418724238872528,-0.11649933457374573,-0.09226463735103607,-0.2544269561767578,-0.09038159996271133,SOS
0.0,0.0,0.0,0.09990215301513672,-0.1416648030281067,-0.056935545057058334,0.10853322595357895,-0.32403364777565,-0.07142580300569534,0.00447921734303236,-0.4334890842437744,-0.08723724633455276,-0.0809791311621666,-0.48950764536857605,-0.0996183305978775,0.10295902192592621,-0.5109992623329163,-0.009243742562830448,0.10479338467121124,-0.7227877378463745,-0.04933657869696617,0.09985247254371643,-0.8602144718170166,-0.07577920705080032,0.09438607841730118,-0.9780856370925903,-0.08939602226018906,0.014313182793557644,-0.5024859309196472,-0.013659787364304066,0.02532927691936493,-0.720255434513092,-0.06572132557630539,0.03170837461948395,-0.8666772246360779,-0.09875483810901642,0.04030081629753113,-0.9932430982589722,-0.10882995277643204,-0.06604333966970444,-0.4451740086078644,-0.027674438431859016,-0.11178216338157654,-0.5389409065246582,-0.12078128010034561,-0.07837827503681183,-0.39580079913139343,-0.13831573724746704,-0.04439794644713402,-0.28536105155944824,-0.11570104211568832,-0.13679887354373932,-0.35716643929481506,-0.0448845811188221,-0.16604818403720856,-0.44684281945228577,-0.11770579218864441,-0.12964065372943878,-0.34639889001846313,-0.11373716592788696,-0.09496733546257019,-0.2586556375026703,-0.08855438977479935,SOS
0.0,0.0,0.0,0.09876029938459396,-0.1432577520608902,-0.05681219696998596,0.10657528042793274,-0.32647889852523804,-0.07129532098770142,0.0010955194011330605,-0.43749675154685974,-0.0871930867433548,-0.08366245031356812,-0.4939127266407013,-0.09966160356998444,0.10275345295667648,-0.510956883430481,-0.00917078834027052,0.10436030477285385,-0.7227728366851807,-0.04985018074512482,0.09939221292734146,-0.8610320687294006,-0.07678954303264618,0.09394138306379318,-0.9788691997528076,-0.09083403646945953,0.014251862652599812,-0.5020219087600708,-0.013718916103243828,0.02490960992872715,-0.7197552919387817,-0.06645167618989944,0.030835049226880074,-0.8662663698196411,-0.1000141054391861,0.03926432505249977,-0.9930792450904846,-0.11068851500749588,-0.06634888052940369,-0.44466400146484375,-0.027796393260359764,-0.1115519180893898,-0.5413706302642822,-0.12130763381719589,-0.0777837336063385,-0.3990035355091095,-0.13839741051197052,-0.04368706792593002,-0.28885790705680847,-0.11566810309886932,-0.13747166097164154,-0.35642504692077637,-0.045057978481054306,-0.16610455513000488,-0.4474603533744812,-0.11841226369142532,-0.12952832877635956,-0.3466700315475464,-0.11417289823293686,-0.09546604752540588,-0.2586436867713928,-0.08882598578929901,SOS
0.0,0.0,0.0,0.10080347210168839,-0.13595740497112274,-0.05484367161989212,0.11309131234884262,-0.32318204641342163,-0.06902902573347092,0.016161486506462097,-0.4376358091831207,-0.08521436899900436,-0.06894055753946304,-0.49104395508766174,-0.09803148359060287,0.10239920765161514,-0.5081031322479248,-0.012399964034557343,0.10384863615036011,-0.7231383323669434,-0.053658775985240936,0.09870961308479309,-0.8589236736297607,-0.0790591835975647,0.09354646503925323,-0.9753855466842651,-0.09163620322942734,0.01356671191751957,-0.4984855353832245,-0.0185089074075222,0.02164778672158718,-0.7195169925689697,-0.07280173152685165,0.028528938069939613,-0.8670122623443604,-0.10477052628993988,0.03752116113901138,-0.9928216338157654,-0.11356669664382935,-0.06626485288143158,-0.4409135580062866,-0.03369622305035591,-0.11379542946815491,-0.5382838845252991,-0.12822522222995758,-0.0777609795331955,-0.3947688639163971,-0.14350882172584534,-0.04220729321241379,-0.2813579738140106,-0.11884570121765137,-0.13793767988681793,-0.35267868638038635,-0.051947325468063354,-0.16795670986175537,-0.4430863857269287,-0.1252475082874298,-0.12933729588985443,-0.34679996967315674,-0.12048213183879852,-0.0932888388633728,-0.25918683409690857,-0.0945446789264679,SOS
0.0,0.0,0.0,0.10162155330181122,-0.13736912608146667,-0.05394525080919266,0.11302672326564789,-0.31793326139450073,-0.06893463432788849,0.013233157806098461,-0.4305869936943054,-0.08600644767284393,-0.07090667635202408,-0.4860338866710663,-0.10006546974182129,0.10248482972383499,-0.5069648623466492,-0.01306233648210764,0.10479328036308289,-0.7194535136222839,-0.053980015218257904,0.09938063472509384,-0.8566226363182068,-0.08000032603740692,0.09238342195749283,-0.9731258153915405,-0.09307636320590973,0.014180722646415234,-0.49773555994033813,-0.019470330327749252,0.025756482034921646,-0.7182296514511108,-0.07193010300397873,0.03155200928449631,-0.8664793968200684,-0.10375180840492249,0.03867926076054573,-0.9928220510482788,-0.11317362636327744,-0.06528791785240173,-0.44055473804473877,-0.03468983247876167,-0.11062393337488174,-0.5373154282569885,-0.12594333291053772,-0.07701722532510757,-0.3981019854545593,-0.14098075032234192,-0.04282038286328316,-0.28816521167755127,-0.11749737709760666,-0.13605418801307678,-0.3523617386817932,-0.05299226567149162,-0.16535180807113647,-0.44408872723579407,-0.12381844967603683,-0.12778730690479279,-0.34796327352523804,-0.11800380796194077,-0.09207399189472198,-0.26032865047454834,-0.0918889120221138,SOS
0.0,0.0,0.0,0.10086546838283539,-0.13476993143558502,-0.05450800806283951,0.1122894361615181,-0.31823989748954773,-0.06865137070417404,0.014206412248313427,-0.4270590841770172,-0.0848378986120224,-0.07129471004009247,-0.4772149324417114,-0.09780637919902802,0.1011495366692543,-0.5126703381538391,-0.009189744479954243,0.10176751017570496,-0.7216795682907104,-0.04907811060547829,0.09645909816026688,-0.8567205667495728,-0.07469834387302399,0.09094314277172089,-0.9724745154380798,-0.08777771890163422,0.013081179931759834,-0.5027772784233093,-0.015777818858623505,0.021562594920396805,-0.7205810546875,-0.06808692216873169,0.028580665588378906,-0.867324948310852,-0.10013645887374878,0.03822150453925133,-0.9932487607002258,-0.10952618718147278,-0.06625878810882568,-0.4436962306499481,-0.03164777532219887,-0.11212591826915741,-0.5357664823532104,-0.12449213862419128,-0.07718740403652191,-0.39230769872665405,-0.14034011960029602,-0.042148418724536896,-0.28215843439102173,-0.11666227877140045,-0.1374979317188263,-0.3539702892303467,-0.05063784494996071,-0.1665787398815155,-0.44254007935523987,-0.12261221557855606,-0.12831193208694458,-0.34327709674835205,-0.11741632968187332,-0.09218470752239227,-0.25605452060699463,-0.09159870445728302,SOS
0.0,0.0,0.0,0.09823496639728546,-0.1382032036781311,-0.05640435218811035,0.10604593902826309,-0.32428261637687683,-0.07029013335704803,0.009727110154926777,-0.4329225718975067,-0.08586889505386353,-0.07454509288072586,-0.48251333832740784,-0.09812108427286148,0.09697452932596207,-0.5151420831680298,-0.009728369303047657,0.09385325014591217,-0.7242153286933899,-0.05053107067942619,0.08795158565044403,-0.8591235280036926,-0.07664386928081512,0.08264560997486115,-0.9758316278457642,-0.08990133553743362,0.009310200810432434,-0.504792332649231,-0.015263969078660011,0.016213979572057724,-0.722838819026947,-0.06892784684896469,0.024090101942420006,-0.8681731820106506,-0.101125068962574,0.03517574816942215,-0.9933195114135742,-0.10990495979785919,-0.0700891762971878,-0.4455394744873047,-0.03044714406132698,-0.11862864345312119,-0.5353986024856567,-0.1254502832889557,-0.0822039395570755,-0.38847529888153076,-0.14190994203090668,-0.04503806307911873,-0.27749308943748474,-0.11760637909173965,-0.14039912819862366,-0.35691913962364197,-0.04885110259056091,-0.17153629660606384,-0.44161880016326904,-0.12218422442674637,-0.13370588421821594,-0.33896031975746155,-0.11774467676877975,-0.09733542054891586,-0.2526201605796814,-0.09204956889152527,SOS
0.0,0.0,0.0,0.09840236604213715,-0.13537590205669403,-0.0560147687792778,0.10873712599277496,-0.3234511911869049,-0.07048240303993225,0.010719946585595608,-0.4358460307121277,-0.08630027621984482,-0.072927325963974,-0.4889664649963379,-0.0987340584397316,0.09535794705152512,-0.5137456059455872,-0.014566364698112011,0.09319992363452911,-0.7280516624450684,-0.055896274745464325,0.08749382197856903,-0.863676130771637,-0.08117835968732834,0.08280900120735168,-0.979424774646759,-0.09326986223459244,0.006480652838945389,-0.5033227801322937,-0.019972145557403564,0.012825986370444298,-0.7234363555908203,-0.07385602593421936,0.020217230543494225,-0.869155764579773,-0.10509421676397324,0.030767515301704407,-0.9931063055992126,-0.11310744285583496,-0.07321503013372421,-0.44480180740356445,-0.03449399769306183,-0.11906950920820236,-0.5369515419006348,-0.1283590942621231,-0.0820259228348732,-0.3905780613422394,-0.1431722640991211,-0.04512859880924225,-0.2774982750415802,-0.11824040859937668,-0.14406360685825348,-0.35598868131637573,-0.05218664929270744,-0.17404285073280334,-0.4443999230861664,-0.12461511790752411,-0.1352083534002304,-0.34466689825057983,-0.11901792883872986,-0.09894594550132751,-0.2578047513961792,-0.09249740839004517,SOS
0.0,0.0,0.0,0.09810028970241547,-0.13666272163391113,-0.056004416197538376,0.10636375099420547,-0.3192318379878998,-0.07193996757268906,0.0061730882152915,-0.42980366945266724,-0.08935533463954926,-0.0769348219037056,-0.4839347004890442,-0.10348309576511383,0.09663663059473038,-0.5112699866294861,-0.016108380630612373,0.0959954485297203,-0.7247029542922974,-0.05906473100185394,0.09065902233123779,-0.8618820905685425,-0.08619128912687302,0.08515935391187668,-0.9792624115943909,-0.09958548098802567,0.007600074168294668,-0.5027498006820679,-0.021361997351050377,0.01561135333031416,-0.7200160622596741,-0.0765361338853836,0.02117309533059597,-0.866074800491333,-0.10929200053215027,0.029485445469617844,-0.9924950003623962,-0.11867713928222656,-0.07265791296958923,-0.4464743435382843,-0.03549611195921898,-0.11679752916097641,-0.5372913479804993,-0.1289224624633789,-0.08135098963975906,-0.3916473090648651,-0.14390689134597778,-0.04565338045358658,-0.27892208099365234,-0.11970125883817673,-0.14302793145179749,-0.35885536670684814,-0.052915059030056,-0.17153988778591156,-0.44400903582572937,-0.12521213293075562,-0.13287295401096344,-0.3451317548751831,-0.1196896955370903,-0.09661126881837845,-0.25791892409324646,-0.0932588055729866,SOS
0.0,0.0,0.0,0.09832636266946793,-0.1349857747554779,-0.05642098933458328,0.10621467232704163,-0.32111507654190063,-0.0714811161160469,0.005764117930084467,-0.4332612156867981,-0.08798885345458984,-0.08078121393918991,-0.4892529249191284,-0.10086478292942047,0.09716048836708069,-0.5130258798599243,-0.012903875671327114,0.09652534872293472,-0.7279720306396484,-0.05382995679974556,0.09034734219312668,-0.8637386560440063,-0.07893689721822739,0.08418573439121246,-0.9790192246437073,-0.09110192209482193,0.00747425202280283,-0.5024067759513855,-0.01812329888343811,0.01498132199048996,-0.7242541909217834,-0.07178543508052826,0.022074472159147263,-0.8698573112487793,-0.10279019176959991,0.0317574106156826,-0.993344247341156,-0.11071900278329849,-0.07270731031894684,-0.4430999755859375,-0.03267820179462433,-0.11681069433689117,-0.538662850856781,-0.12686258554458618,-0.08015570789575577,-0.3942534923553467,-0.14133653044700623,-0.04443098604679108,-0.2826618552207947,-0.11617398262023926,-0.14387065172195435,-0.35288745164871216,-0.050330594182014465,-0.1721804141998291,-0.44452255964279175,-0.12358245253562927,-0.13284821808338165,-0.3441981077194214,-0.11756735295057297,-0.09689951688051224,-0.25544941425323486,-0.09051702171564102,SOS
0.0,0.0,0.0,0.09918756037950516,-0.13500861823558807,-0.056194968521595,0.10752250254154205,-0.3220074474811554,-0.07146762311458588,0.0044501060619950294,-0.42959022521972656,-0.08816170692443848,-0.08349603414535522,-0.48415523767471313,-0.10155842453241348,0.09353964775800705,-0.5152740478515625,-0.013582720421254635,0.09223099797964096,-0.725897490978241,-0.054149433970451355,0.08518923819065094,-0.8605584502220154,-0.07955153286457062,0.07842375338077545,-0.9763822555541992,-0.09252958744764328,0.004247330594807863,-0.5025752186775208,-0.019634850323200226,0.009938226081430912,-0.7219093441963196,-0.072801373898983,0.014075906947255135,-0.8680288791656494,-0.10479370504617691,0.021092262119054794,-0.9932435154914856,-0.11411558091640472,-0.07526405155658722,-0.44118624925613403,-0.03491700440645218,-0.12167873978614807,-0.5360866785049438,-0.12963013350963593,-0.08360213041305542,-0.3919166028499603,-0.14521650969982147,-0.0471019484102726,-0.2814875543117523,-0.12111477553844452,-0.1453358381986618,-0.34957677125930786,-0.05321740731596947,-0.17589642107486725,-0.44019290804862976,-0.12778469920158386,-0.13471275568008423,-0.3407031297683716,-0.12312012165784836,-0.09698320925235748,-0.2533499598503113,-0.09718986600637436,SOS
0.0,0.0,0.0,0.099967822432518,-0.13146468997001648,-0.05638391524553299,0.1103893592953682,-0.31717535853385925,-0.07282936573028564,0.009991524741053581,-0.42528077960014343,-0.09071033447980881,-0.0776858776807785,-0.479581743478775,-0.10552341490983963,0.09063448756933212,-0.5118765830993652,-0.01782911829650402,0.08909442275762558,-0.7241106629371643,-0.06063539907336235,0.08345592021942139,-0.8594474792480469,-0.08723597228527069,0.07886187732219696,-0.9762780666351318,-0.10078644007444382,0.0023832875303924084,-0.49906355142593384,-0.024421298876404762,0.007549182511866093,-0.7194027900695801,-0.07955502718687057,0.013225406408309937,-0.8662790656089783,-0.11167004704475403,0.0220705084502697,-0.9924260377883911,-0.12084511667490005,-0.0763835534453392,-0.4379238486289978,-0.04003271460533142,-0.1218140497803688,-0.5337288975715637,-0.13588428497314453,-0.08341050893068314,-0.38933441042900085,-0.14977014064788818,-0.04692762717604637,-0.27962377667427063,-0.12436650693416595,-0.14611661434173584,-0.3461887836456299,-0.05868523567914963,-0.17605847120285034,-0.43741482496261597,-0.1339634656906128,-0.13422265648841858,-0.33604344725608826,-0.12787970900535583,-0.09689638763666153,-0.2479081153869629,-0.10066954791545868,SOS
0.0,0.0,0.0,0.0976986289024353,-0.1339147835969925,-0.057316504418849945,0.10604771226644516,-0.31784072518348694,-0.07410725951194763,0.004500549752265215,-0.42749759554862976,-0.09197764843702316,-0.08241444081068039,-0.48283082246780396,-0.10676535218954086,0.0899064764380455,-0.5103916525840759,-0.01924116164445877,0.090017169713974,-0.723092794418335,-0.06167197972536087,0.08357860893011093,-0.8601030707359314,-0.0882543995976448,0.07655658572912216,-0.9770541191101074,-0.10162211954593658,0.0018492861418053508,-0.49861961603164673,-0.02459961548447609,0.008254745043814182,-0.7161354422569275,-0.07965179532766342,0.012437844648957253,-0.864307701587677,-0.1123589277267456,0.01908700540661812,-0.9923454523086548,-0.12200899422168732,-0.0766422227025032,-0.43928512930870056,-0.03876807913184166,-0.12056395411491394,-0.5301283597946167,-0.13288621604442596,-0.08242279291152954,-0.38759467005729675,-0.1474006474018097,-0.045704618096351624,-0.27916932106018066,-0.12293368577957153,-0.14528004825115204,-0.3497476577758789,-0.056149959564208984,-0.1754845380783081,-0.4390262961387634,-0.12914562225341797,-0.13459829986095428,-0.3412044942378998,-0.12315421551465988,-0.0970507338643074,-0.25520390272140503,-0.09649508446455002,SOS
