f0,f1,f2,f3,f4,f5,f6,f7,f8,f9,f10,f11,f12,f13,f14,f15,f16,f17,f18,f19,f20,f21,f22,f23,f24,f25,f26,f27,f28,f29,f30,f31,f32,f33,f34,f35,f36,f37,f38,f39,f40,f41,f42,f43,f44,f45,f46,f47,f48,f49,f50,f51,f52,f53,f54,f55,f56,f57,f58,f59,f60,f61,f62,label
0.0,0.0,0.0,0.11801207065582275,-0.08542598783969879,-0.05838010460138321,0.1912497878074646,-0.24572505056858063,-0.08168771117925644,0.22168096899986267,-0.3981301784515381,-0.10096054524183273,0.18844163417816162,-0.5112930536270142,-0.12103462219238281,0.11093057692050934,-0.4811791479587555,-0.05432898551225662,0.11163455992937088,-0.6802913546562195,-0.10145878791809082,0.10295972973108292,-0.8076722025871277,-0.14016230404376984,0.0932208001613617,-0.9208583831787109,-0.16776472330093384,0.031850896775722504,-0.4907072186470032,-0.058235619217157364,0.033627189695835114,-0.7121816277503967,-0.09967827796936035,0.03227768465876579,-0.8601458668708801,-0.13652147352695465,0.030813761055469513,-0.986002504825592,-0.1638585925102234,-0.043084822595119476,-0.45989274978637695,-0.06953845918178558,-0.044284600764513016,-0.6642242670059204,-0.10822682827711105,-0.03841295838356018,-0.8018246293067932,-0.13695061206817627,-0.03023703210055828,-0.9225851893424988,-0.15780209004878998,-0.11694779992103577,-0.3981964588165283,-0.08707579970359802,-0.11964187771081924,-0.5530627369880676,-0.12466907501220703,-0.11028579622507095,-0.6601710915565491,-0.14363600313663483,-0.09568068385124207,-0.7612807154655457,-0.1563926786184311,STOP
0.0,0.0,0.0,0.11883702129125595,-0.085033118724823,-0.057963449507951736,0.1926553100347519,-0.245752215385437,-0.08090665936470032,0.22224262356758118,-0.39927852153778076,-0.09970814734697342,0.18839876353740692,-0.5124654173851013,-0.11923003941774368,0.11222468316555023,-0.48242107033729553,-0.05314772203564644,0.11409835517406464,-0.6818830966949463,-0.09995821118354797,0.10521970689296722,-0.8094155192375183,-0.13851062953472137,0.09466952830553055,-0.9222932457923889,-0.1658385694026947,0.033769410103559494,-0.4919491410255432,-0.05697829648852348,0.03738545998930931,-0.7132865190505981,-0.0978727638721466,0.03578111529350281,-0.8609914183616638,-0.13424472510814667,0.03330737724900246,-0.9863945245742798,-0.16098566353321075,-0.041245296597480774,-0.4616432189941406,-0.06815741211175919,-0.041749145835638046,-0.6670880317687988,-0.10620788484811783,-0.03606961667537689,-0.8044020533561707,-0.1338917464017868,-0.028408203274011612,-0.9251716136932373,-0.15383614599704742,-0.11589276790618896,-0.40027642250061035,-0.08550920337438583,-0.11747412383556366,-0.5562663078308105,-0.12245950102806091,-0.10759034007787704,-0.663232684135437,-0.14029692113399506,-0.09255034476518631,-0.764050304889679,-0.1519579142332077,STOP
0.0,0.0,0.0,0.1192120835185051,-0.08384522795677185,-0.05843140184879303,0.19196529686450958,-0.245858833193779,-0.0811394602060318,0.21951402723789215,-0.3995632231235504,-0.09964537620544434,0.18545091152191162,-0.5118271708488464,-0.11892280727624893,0.11238984763622284,-0.480191171169281,-0.053913913667201996,0.11422700434923172,-0.6781490445137024,-0.10092195123434067,0.1056220531463623,-0.8059478998184204,-0.1395859718322754,0.09600183367729187,-0.9195101261138916,-0.1673307865858078,0.03388845920562744,-0.4912194609642029,-0.05748577043414116,0.03724074363708496,-0.7110973000526428,-0.09925606101751328,0.03603846952319145,-0.8593835830688477,-0.13645052909851074,0.03474734351038933,-0.9858919382095337,-0.1637365072965622,-0.04053966701030731,-0.4617863595485687,-0.0683276504278183,-0.041222915053367615,-0.6670218110084534,-0.10763520002365112,-0.03485174477100372,-0.8039461970329285,-0.13632185757160187,-0.026028690859675407,-0.9242773652076721,-0.15682782232761383,-0.11399167776107788,-0.4004669785499573,-0.08531363308429718,-0.11670873314142227,-0.5545726418495178,-0.1236649751663208,-0.10654037445783615,-0.6602739095687866,-0.14267687499523163,-0.09048967808485031,-0.7597784996032715,-0.15510304272174835,STOP
0.0,0.0,0.0,0.12090291827917099,-0.08594377338886261,-0.057031504809856415,0.19351157546043396,-0.2491397261619568,-0.07834860682487488,0.22103847563266754,-0.4016073942184448,-0.09582219272851944,0.18719382584095,-0.514211118221283,-0.11392492055892944,0.1122298613190651,-0.4841611683368683,-0.04931994527578354,0.11379611492156982,-0.6824471354484558,-0.0949886366724968,0.10589964687824249,-0.8096742630004883,-0.13314926624298096,0.09652701020240784,-0.9225472211837769,-0.16054962575435638,0.033359430730342865,-0.49452438950538635,-0.05315990746021271,0.03593127056956291,-0.7141258716583252,-0.09381243586540222,0.034885600209236145,-0.8615221381187439,-0.13053925335407257,0.033395446836948395,-0.986958384513855,-0.1574736386537552,-0.04157017171382904,-0.4651460349559784,-0.06446796655654907,-0.04230286553502083,-0.6695811152458191,-0.10286394506692886,-0.03549782559275627,-0.805937647819519,-0.13106600940227509,-0.026841044425964355,-0.9259937405586243,-0.15115225315093994,-0.11569928377866745,-0.40443316102027893,-0.0819038674235344,-0.11698758602142334,-0.5596808791160583,-0.11936787515878677,-0.10644854605197906,-0.6660501956939697,-0.1377444714307785,-0.09050358086824417,-0.7661736607551575,-0.14969375729560852,STOP
0.0,0.0,0.0,0.12039940804243088,-0.08746478706598282,-0.05744921788573265,0.1927594542503357,-0.2510618567466736,-0.07938983291387558,0.2182854264974594,-0.40522071719169617,-0.09745103120803833,0.18228045105934143,-0.519020140171051,-0.11629848927259445,0.11121933162212372,-0.48470616340637207,-0.049955103546381,0.11244010925292969,-0.6814271211624146,-0.0962241068482399,0.10429906845092773,-0.8080563545227051,-0.1347985863685608,0.09517666697502136,-0.9212934970855713,-0.16257411241531372,0.03271285444498062,-0.49460816383361816,-0.05395543947815895,0.03585689142346382,-0.7125486731529236,-0.09522537142038345,0.03520069643855095,-0.8597705364227295,-0.13249284029006958,0.03473566100001335,-0.9865018129348755,-0.16002389788627625,-0.04224645718932152,-0.4642462134361267,-0.06549793481826782,-0.043190814554691315,-0.6674152612686157,-0.10476811975240707,-0.03652910143136978,-0.8040816783905029,-0.1336543709039688,-0.027242781594395638,-0.9250245690345764,-0.15431255102157593,-0.1169470027089119,-0.40283241868019104,-0.08314644545316696,-0.11812979727983475,-0.5576983094215393,-0.12146126478910446,-0.10705845057964325,-0.6645066738128662,-0.14065216481685638,-0.09021268784999847,-0.7657226324081421,-0.15335659682750702,STOP
0.0,0.0,0.0,0.11988901346921921,-0.09008487313985825,-0.05614003911614418,0.1914365291595459,-0.25409021973609924,-0.0774267390370369,0.21684294939041138,-0.4071156978607178,-0.09511198848485947,0.18074972927570343,-0.5193960666656494,-0.11364522576332092,0.10899724811315536,-0.4858095049858093,-0.048356857150793076,0.1098555400967598,-0.682965874671936,-0.0941404476761818,0.10159090161323547,-0.8099358677864075,-0.13249154388904572,0.09257463365793228,-0.923118531703949,-0.16010253131389618,0.03018774464726448,-0.4951600432395935,-0.052982281893491745,0.03314175084233284,-0.7134771943092346,-0.09373640269041061,0.03241533786058426,-0.8610355257987976,-0.13078120350837708,0.032057635486125946,-0.9869016408920288,-0.15810555219650269,-0.04483923688530922,-0.4644935131072998,-0.06509970128536224,-0.046381037682294846,-0.6684012413024902,-0.10399092733860016,-0.03977984935045242,-0.8051304817199707,-0.1327035129070282,-0.030154073610901833,-0.9256524443626404,-0.15322338044643402,-0.11935669183731079,-0.40254637598991394,-0.0832383930683136,-0.1211099773645401,-0.5575864315032959,-0.12120426446199417,-0.10990635305643082,-0.6644722819328308,-0.14007516205310822,-0.0925784781575203,-0.7657289505004883,-0.15256215631961823,STOP
0.0,0.0,0.0,0.11931241303682327,-0.08937536925077438,-0.05669080838561058,0.18886959552764893,-0.25445669889450073,-0.07753569632768631,0.21494419872760773,-0.40945732593536377,-0.09457437694072723,0.18011942505836487,-0.522672176361084,-0.11227957159280777,0.1088491678237915,-0.48805293440818787,-0.04736211895942688,0.10948686301708221,-0.6855644583702087,-0.0921468734741211,0.10075125843286514,-0.8127931356430054,-0.13008077442646027,0.0905197411775589,-0.926044762134552,-0.1574450582265854,0.030046353116631508,-0.49773913621902466,-0.05118759721517563,0.03264212980866432,-0.7156683206558228,-0.09061568230390549,0.03182027488946915,-0.8624770641326904,-0.12676137685775757,0.030948739498853683,-0.9876744151115417,-0.15343227982521057,-0.04503514617681503,-0.46702709794044495,-0.0626116693019867,-0.04576048254966736,-0.671079695224762,-0.10022500902414322,-0.03892005234956741,-0.8068944215774536,-0.12807725369930267,-0.029613062739372253,-0.9265605211257935,-0.14797505736351013,-0.11934015899896622,-0.4047142565250397,-0.08016791939735413,-0.1207505464553833,-0.560291051864624,-0.11719076335430145,-0.11012662947177887,-0.6668308973312378,-0.1352376937866211,-0.09355828166007996,-0.7674552202224731,-0.14697842299938202,STOP
0.0,0.0,0.0,0.11923575401306152,-0.0893450602889061,-0.05642526596784592,0.19043491780757904,-0.25235193967819214,-0.07788688689470291,0.21623697876930237,-0.4055420160293579,-0.09566166251897812,0.1807089000940323,-0.5165755152702332,-0.11408795416355133,0.11031678318977356,-0.48617419600486755,-0.04820879548788071,0.11053869873285294,-0.6845259070396423,-0.09379475563764572,0.10153479129076004,-0.8127352595329285,-0.1319873332977295,0.09131307154893875,-0.9263816475868225,-0.15927638113498688,0.031501226127147675,-0.49477434158325195,-0.05229394882917404,0.0342365987598896,-0.7135764360427856,-0.09224504232406616,0.03315882384777069,-0.861209511756897,-0.12843601405620575,0.03196338191628456,-0.987395167350769,-0.15501359105110168,-0.043185994029045105,-0.46356597542762756,-0.06389588117599487,-0.043239858001470566,-0.666836678981781,-0.10135670751333237,-0.03620435297489166,-0.8041509389877319,-0.1292835921049118,-0.027095647528767586,-0.9253206849098206,-0.14928561449050903,-0.11710111796855927,-0.40153706073760986,-0.08165144175291061,-0.11881795525550842,-0.5569463968276978,-0.11823808401823044,-0.10905065387487411,-0.664263129234314,-0.13622944056987762,-0.09392897039651871,-0.7658762335777283,-0.1479702889919281,STOP
0.0,0.0,0.0,0.11620627343654633,-0.0855075865983963,-0.05606556683778763,0.18901626765727997,-0.24751216173171997,-0.07818315923213959,0.21862941980361938,-0.3994157612323761,-0.09637447446584702,0.1880113184452057,-0.5151228904724121,-0.11487661302089691,0.11300171911716461,-0.4828333258628845,-0.05180404707789421,0.11415373533964157,-0.6843011379241943,-0.09802888333797455,0.10497083514928818,-0.8131613731384277,-0.1356716752052307,0.09397246688604355,-0.9270107746124268,-0.16205117106437683,0.034637387841939926,-0.4930672347545624,-0.0559614859521389,0.03932039067149162,-0.7149718403816223,-0.0959242731332779,0.0379849337041378,-0.8624700307846069,-0.13081267476081848,0.034962113946676254,-0.9871426820755005,-0.15597081184387207,-0.03919575735926628,-0.463530957698822,-0.06729599088430405,-0.03855079784989357,-0.6692420244216919,-0.10376197844743729,-0.03238600492477417,-0.8049734830856323,-0.1296810656785965,-0.02548496052622795,-0.9239777326583862,-0.1481923758983612,-0.11208648234605789,-0.402273565530777,-0.08473469316959381,-0.11340079456567764,-0.5578736662864685,-0.12007762491703033,-0.10261454433202744,-0.6640176773071289,-0.13638979196548462,-0.08676227927207947,-0.7638211846351624,-0.14664174616336823,STOP
0.0,0.0,0.0,0.11749012023210526,-0.08765534311532974,-0.0568607859313488,0.1882299780845642,-0.25332069396972656,-0.07837492972612381,0.21546794474124908,-0.4065861999988556,-0.09622445702552795,0.1836143136024475,-0.5206408500671387,-0.11469922214746475,0.11085712164640427,-0.4858906865119934,-0.04919939860701561,0.11195188015699387,-0.6846572160720825,-0.0948219820857048,0.10370337963104248,-0.8124979138374329,-0.1330716758966446,0.09406739473342896,-0.9257192015647888,-0.16069179773330688,0.03216559439897537,-0.4958179295063019,-0.05325591191649437,0.035237595438957214,-0.7147871255874634,-0.09379281103610992,0.0339413546025753,-0.8616412281990051,-0.13082565367221832,0.032042957842350006,-0.98687744140625,-0.15825998783111572,-0.0419473759829998,-0.46585357189178467,-0.06484833359718323,-0.04114151373505592,-0.6689466238021851,-0.10279835760593414,-0.03387375548481941,-0.805580198764801,-0.13192632794380188,-0.025612294673919678,-0.9257251620292664,-0.15314418077468872,-0.11495315283536911,-0.4049082398414612,-0.08259361237287521,-0.11608029901981354,-0.5590094923973083,-0.1197439655661583,-0.10589787364006042,-0.6657905578613281,-0.1390211582183838,-0.09083492308855057,-0.76691734790802,-0.152094766497612,STOP
0.0,0.0,0.0,0.11872173100709915,-0.0874127671122551,-0.05880657210946083,0.18892444670200348,-0.25308120250701904,-0.08078613877296448,0.21552790701389313,-0.4080978333950043,-0.09870003163814545,0.1806447058916092,-0.5218262672424316,-0.11711158603429794,0.11018987745046616,-0.48694905638694763,-0.049718163907527924,0.109972283244133,-0.6867215037345886,-0.09500963985919952,0.1015300452709198,-0.8141254186630249,-0.1329394280910492,0.09191324561834335,-0.9266439080238342,-0.16003523766994476,0.03181717172265053,-0.4968283176422119,-0.05251927673816681,0.03399446979165077,-0.7164050340652466,-0.09189128130674362,0.03267993405461311,-0.8635013699531555,-0.12784966826438904,0.031121276319026947,-0.9875063300132751,-0.1544753909111023,-0.04287688061594963,-0.4668525755405426,-0.06315486133098602,-0.04321375489234924,-0.6700510382652283,-0.10017469525337219,-0.03671907261013985,-0.8063631653785706,-0.12830929458141327,-0.028007136657834053,-0.9252488613128662,-0.14869801700115204,-0.11690443754196167,-0.4063224196434021,-0.08015933632850647,-0.11858232319355011,-0.5605243444442749,-0.1163567528128624,-0.10837576538324356,-0.6660385131835938,-0.13460443913936615,-0.0927921012043953,-0.7650777697563171,-0.1468084305524826,STOP
0.0,0.0,0.0,0.11981137096881866,-0.08643066138029099,-0.05969640240073204,0.1921260505914688,-0.25361916422843933,-0.08139574527740479,0.2182898372411728,-0.4084683954715729,-0.09884101897478104,0.1819625049829483,-0.5208080410957336,-0.11673033237457275,0.11321581900119781,-0.4862353801727295,-0.050387367606163025,0.11275506019592285,-0.6861100196838379,-0.09567847847938538,0.10378789901733398,-0.8138555884361267,-0.13353446125984192,0.09430737793445587,-0.9264211654663086,-0.16070203483104706,0.033881910145282745,-0.49615710973739624,-0.052632108330726624,0.03559368476271629,-0.715664803981781,-0.09246530383825302,0.03422941640019417,-0.8629511594772339,-0.12893128395080566,0.033206552267074585,-0.9872007369995117,-0.1559871882200241,-0.041460540145635605,-0.4665549695491791,-0.06275935471057892,-0.04205155000090599,-0.6689045429229736,-0.10055066645145416,-0.03562452644109726,-0.8052143454551697,-0.12953315675258636,-0.026828648522496223,-0.9241772294044495,-0.15052558481693268,-0.1155584305524826,-0.4066101908683777,-0.07929223775863647,-0.11666590720415115,-0.5594654679298401,-0.11621715873479843,-0.10652963817119598,-0.6642255783081055,-0.13527503609657288,-0.09130394458770752,-0.7629567980766296,-0.1481679230928421,STOP
0.0,0.0,0.0,0.11929259449243546,-0.08556034415960312,-0.05932513251900673,0.19217602908611298,-0.25234994292259216,-0.08151945471763611,0.21975545585155487,-0.40804576873779297,-0.09955739974975586,0.1828722357749939,-0.5182330012321472,-0.11826369911432266,0.11491341888904572,-0.4843682646751404,-0.051398761570453644,0.11580396443605423,-0.6832948923110962,-0.09717661142349243,0.10707175731658936,-0.81103515625,-0.13554421067237854,0.09729272872209549,-0.9238648414611816,-0.1632336676120758,0.03512333706021309,-0.4949483573436737,-0.05423855036497116,0.03814319893717766,-0.7146509289741516,-0.09471315890550613,0.03753582388162613,-0.8622153401374817,-0.13148751854896545,0.0366424024105072,-0.98665452003479,-0.15865114331245422,-0.04006397724151611,-0.46507301926612854,-0.06481236964464188,-0.04018843546509743,-0.6683494448661804,-0.1030348390340805,-0.0332970954477787,-0.8046744465827942,-0.13213592767715454,-0.02445581927895546,-0.9237756729125977,-0.15319180488586426,-0.11346655339002609,-0.40444353222846985,-0.08173684030771255,-0.1142384260892868,-0.5576978325843811,-0.11889228224754333,-0.10406222939491272,-0.663261353969574,-0.13808614015579224,-0.08874715119600296,-0.7628708481788635,-0.1511356234550476,STOP
0.0,0.0,0.0,0.11879818141460419,-0.08689969778060913,-0.05999535694718361,0.1920071691274643,-0.2511230707168579,-0.08338388800621033,0.2193196713924408,-0.4055316150188446,-0.10249762237071991,0.18293166160583496,-0.517065167427063,-0.12225635349750519,0.11445020884275436,-0.4828673005104065,-0.05345320701599121,0.11572391539812088,-0.6820530891418457,-0.10006467252969742,0.1073392778635025,-0.8099246621131897,-0.1387779712677002,0.09806504100561142,-0.9233351349830627,-0.16664765775203705,0.035219457000494,-0.49337124824523926,-0.05623994022607803,0.03841482475399971,-0.7130787372589111,-0.09750440716743469,0.037299517542123795,-0.8607774376869202,-0.134730726480484,0.03597886860370636,-0.9860917925834656,-0.16226078569889069,-0.03962208703160286,-0.4634002149105072,-0.06667276471853256,-0.03933028131723404,-0.6664748787879944,-0.10554728657007217,-0.03267568722367287,-0.8033479452133179,-0.13489867746829987,-0.024009447544813156,-0.9237120151519775,-0.15616215765476227,-0.11314002424478531,-0.40282800793647766,-0.0834512710571289,-0.1143513098359108,-0.5556675791740417,-0.12119127064943314,-0.10417185723781586,-0.6612327694892883,-0.1405700147151947,-0.0887821838259697,-0.7611387372016907,-0.15371271967887878,STOP
0.0,0.0,0.0,0.11930575966835022,-0.08833985775709152,-0.05900849401950836,0.19233912229537964,-0.25358670949935913,-0.08183011412620544,0.21810317039489746,-0.4087020754814148,-0.10053171962499619,0.18078137934207916,-0.5192154049873352,-0.11999578028917313,0.11374600976705551,-0.48329025506973267,-0.052348531782627106,0.11486431956291199,-0.6816244125366211,-0.09874073415994644,0.10616227984428406,-0.8094741702079773,-0.13732361793518066,0.0964231863617897,-0.9229492545127869,-0.16511046886444092,0.034434352070093155,-0.4933231472969055,-0.05568195506930351,0.03837645798921585,-0.7130008935928345,-0.09670332819223404,0.037490539252758026,-0.8607619404792786,-0.13361622393131256,0.036152686923742294,-0.9863143563270569,-0.1608629822731018,-0.0406050831079483,-0.4631192088127136,-0.06659205257892609,-0.039809681475162506,-0.6671653985977173,-0.10526961833238602,-0.033528465777635574,-0.8045605421066284,-0.1341133415699005,-0.025191757827997208,-0.9252701997756958,-0.154971182346344,-0.11448284238576889,-0.40224000811576843,-0.08378265053033829,-0.11547645181417465,-0.5560683012008667,-0.12134474515914917,-0.10490713268518448,-0.6621403098106384,-0.1403394639492035,-0.08917266130447388,-0.7623630166053772,-0.15315066277980804,STOP
0.0,0.0,0.0,0.11818459630012512,-0.08610331267118454,-0.05918096750974655,0.1916443407535553,-0.24883368611335754,-0.08278553187847137,0.2188524603843689,-0.40306562185287476,-0.10224980860948563,0.18256205320358276,-0.5154554843902588,-0.12238530069589615,0.11391933262348175,-0.4820060729980469,-0.0541587695479393,0.114924356341362,-0.680341362953186,-0.10160566121339798,0.10603547096252441,-0.8084557056427002,-0.1406157910823822,0.0962180569767952,-0.9223431348800659,-0.16857649385929108,0.03456101194024086,-0.49274635314941406,-0.05781402438879013,0.0380556583404541,-0.7123848795890808,-0.09992814809083939,0.03711952641606331,-0.8598080277442932,-0.13711681962013245,0.035873256623744965,-0.9857346415519714,-0.16443929076194763,-0.04045179486274719,-0.4631422162055969,-0.06895911693572998,-0.040957532823085785,-0.6670149564743042,-0.10824672877788544,-0.034022312611341476,-0.8034981489181519,-0.13689705729484558,-0.024894200265407562,-0.92396080493927,-0.15749987959861755,-0.11430563032627106,-0.40241748094558716,-0.0864214226603508,-0.11626767367124557,-0.5569053888320923,-0.12430760264396667,-0.10578008741140366,-0.6632727384567261,-0.14320598542690277,-0.08980043232440948,-0.7637142539024353,-0.15580426156520844,STOP
0.0,0.0,0.0,0.11891356110572815,-0.08665044605731964,-0.05782872810959816,0.18887127935886383,-0.24977226555347443,-0.07998097687959671,0.21425944566726685,-0.40350794792175293,-0.09836295992136002,0.17900338768959045,-0.5150730013847351,-0.11748363822698593,0.11146347224712372,-0.4815148115158081,-0.05093728005886078,0.11276182532310486,-0.6793355345726013,-0.0975668728351593,0.10485859960317612,-0.8080270290374756,-0.13623173534870148,0.0956960916519165,-0.922316312789917,-0.16402876377105713,0.03271595388650894,-0.49243757128715515,-0.054902464151382446,0.03613829240202904,-0.7119025588035583,-0.0964369848370552,0.035373982042074203,-0.8597849607467651,-0.1335500031709671,0.03421120345592499,-0.9863940477371216,-0.16079911589622498,-0.04207947477698326,-0.4630567729473114,-0.06640968471765518,-0.04251891374588013,-0.6669907569885254,-0.10567580908536911,-0.03538751229643822,-0.8040603399276733,-0.1346958577632904,-0.02636895515024662,-0.9250808358192444,-0.15541166067123413,-0.11606649309396744,-0.402890682220459,-0.084122434258461,-0.11744944751262665,-0.5572693943977356,-0.12217123061418533,-0.10635547339916229,-0.6640676259994507,-0.14142021536827087,-0.08984874188899994,-0.7650786638259888,-0.15424509346485138,STOP
0.0,0.0,0.0,0.11909355223178864,-0.08331875503063202,-0.061176445335149765,0.19434720277786255,-0.2475138157606125,-0.0846424475312233,0.22155548632144928,-0.4044473171234131,-0.10340035706758499,0.1850035935640335,-0.5186843276023865,-0.12274003773927689,0.11733179539442062,-0.4818847179412842,-0.05488746240735054,0.11878019571304321,-0.6802957653999329,-0.10179358720779419,0.10945452004671097,-0.8089675903320312,-0.14047540724277496,0.09907317906618118,-0.922511100769043,-0.1682070940732956,0.038344286382198334,-0.4931817650794983,-0.05688181146979332,0.04244797304272652,-0.7125684022903442,-0.09837877005338669,0.04083830490708351,-0.8604360818862915,-0.13552126288414001,0.03893527016043663,-0.9858861565589905,-0.16282689571380615,-0.03654679283499718,-0.46393638849258423,-0.06650155782699585,-0.03631091117858887,-0.667820155620575,-0.10546267032623291,-0.030560791492462158,-0.8040642142295837,-0.13456130027770996,-0.022558366879820824,-0.9233466982841492,-0.1555069386959076,-0.11078415811061859,-0.4035305082798004,-0.08253151923418045,-0.11202061176300049,-0.5567634701728821,-0.12058533728122711,-0.10157942771911621,-0.6620790362358093,-0.14010776579380035,-0.08570130914449692,-0.7615455985069275,-0.15309099853038788,STOP
0.0,0.0,0.0,0.11835214495658875,-0.08696300536394119,-0.058572910726070404,0.1908431053161621,-0.25263673067092896,-0.08077595382928848,0.21680186688899994,-0.4095713794231415,-0.09909037500619888,0.17911183834075928,-0.5210761427879333,-0.11814414709806442,0.11188247054815292,-0.48383861780166626,-0.04995812848210335,0.11387476325035095,-0.6832391619682312,-0.09585490822792053,0.10595791041851044,-0.8116586804389954,-0.13442744314670563,0.09692277759313583,-0.9249363541603088,-0.1620732694864273,0.03275832161307335,-0.49422335624694824,-0.053097620606422424,0.03527108207345009,-0.7139371037483215,-0.09362822771072388,0.033964548259973526,-0.8618329167366028,-0.1305435299873352,0.03250950202345848,-0.9869441986083984,-0.15774750709533691,-0.04211552068591118,-0.4654240012168884,-0.06391265243291855,-0.04204794391989708,-0.6690680384635925,-0.10147613286972046,-0.03448687493801117,-0.8075155019760132,-0.13006055355072021,-0.02506434917449951,-0.9284269213676453,-0.15083177387714386,-0.11644433438777924,-0.4066426753997803,-0.08109833300113678,-0.11767235398292542,-0.5613630414009094,-0.1175188198685646,-0.10820092260837555,-0.6696335673332214,-0.13615857064723969,-0.09370951354503632,-0.77171790599823,-0.14876696467399597,STOP
0.0,0.0,0.0,0.11945005506277084,-0.08652343600988388,-0.05759336054325104,0.19116845726966858,-0.25286030769348145,-0.07935598492622375,0.21856921911239624,-0.40808549523353577,-0.0971202477812767,0.18275383114814758,-0.5185592770576477,-0.1153293177485466,0.11335817724466324,-0.4861081540584564,-0.05035363882780075,0.11301161348819733,-0.6858137845993042,-0.09548300504684448,0.10453010350465775,-0.813528299331665,-0.13304181396961212,0.09545665234327316,-0.9261875748634338,-0.15989647805690765,0.03337176516652107,-0.4964319169521332,-0.053607404232025146,0.03451378643512726,-0.7165813446044922,-0.09292913228273392,0.03408683091402054,-0.8638113141059875,-0.12819813191890717,0.03402552753686905,-0.9874680638313293,-0.1541074961423874,-0.042410265654325485,-0.46674400568008423,-0.06438647210597992,-0.04450863227248192,-0.6713603734970093,-0.1010318174958229,-0.03765235096216202,-0.8087470531463623,-0.1281486600637436,-0.027797434478998184,-0.9282956719398499,-0.14775273203849792,-0.116847924888134,-0.4061819612979889,-0.08143755048513412,-0.11900707334280014,-0.5613612532615662,-0.11697576195001602,-0.10974733531475067,-0.6677787899971008,-0.13448306918144226,-0.0949341356754303,-0.7677858471870422,-0.14612506330013275,STOP
0.0,0.0,0.0,0.11887215822935104,-0.08580953627824783,-0.05758131667971611,0.19060388207435608,-0.2531222403049469,-0.0794413834810257,0.21776263415813446,-0.4071432054042816,-0.09719735383987427,0.1842818707227707,-0.51729816198349,-0.11546682566404343,0.11279808729887009,-0.4851642847061157,-0.05259343236684799,0.11265033483505249,-0.6849733591079712,-0.09837082773447037,0.10411664843559265,-0.8124956488609314,-0.13584190607070923,0.09484169632196426,-0.9247543215751648,-0.16252100467681885,0.0334925577044487,-0.4951381981372833,-0.056057706475257874,0.034954655915498734,-0.7159305810928345,-0.09617162495851517,0.034096430987119675,-0.8634877800941467,-0.13122111558914185,0.03315594047307968,-0.9870632886886597,-0.15686556696891785,-0.04150502011179924,-0.46482372283935547,-0.06693375110626221,-0.043749019503593445,-0.6699685454368591,-0.10464080423116684,-0.03786281868815422,-0.8061758875846863,-0.13172422349452972,-0.029211223125457764,-0.9246282577514648,-0.15113002061843872,-0.11521577090024948,-0.4036127030849457,-0.08399348706007004,-0.11823393404483795,-0.5579074025154114,-0.12065732479095459,-0.1083434522151947,-0.6631948351860046,-0.13849952816963196,-0.09262349456548691,-0.7619829773902893,-0.15021149814128876,STOP
0.0,0.0,0.0,0.11933206766843796,-0.08348646014928818,-0.05856171250343323,0.19315080344676971,-0.25030672550201416,-0.08023951202630997,0.2218397855758667,-0.4060520529747009,-0.09780445694923401,0.18812699615955353,-0.5185041427612305,-0.11596769839525223,0.11578447371721268,-0.48504310846328735,-0.05109969154000282,0.11616997420787811,-0.6831212043762207,-0.09677491337060928,0.10785160958766937,-0.8104186654090881,-0.13489991426467896,0.09850027412176132,-0.9237127304077148,-0.1624433547258377,0.03645560145378113,-0.4957129657268524,-0.05426442623138428,0.038075197488069534,-0.7145407795906067,-0.09476001560688019,0.03726067766547203,-0.8613712787628174,-0.13132448494434357,0.03663097694516182,-0.9866882562637329,-0.15844354033470154,-0.038525041192770004,-0.46570447087287903,-0.06503048539161682,-0.04047834873199463,-0.6688938140869141,-0.10318493098020554,-0.03433377295732498,-0.8060964345932007,-0.13162031769752502,-0.025576606392860413,-0.9269376397132874,-0.1522057205438614,-0.11239578574895859,-0.4049798846244812,-0.08214102685451508,-0.11501578986644745,-0.5607585906982422,-0.11941755563020706,-0.10574030131101608,-0.6674911379814148,-0.13828790187835693,-0.09069854766130447,-0.768256664276123,-0.15094508230686188,STOP
0.0,0.0,0.0,0.11776185035705566,-0.08630230277776718,-0.058549221605062485,0.18874593079090118,-0.24978093802928925,-0.08134577423334122,0.21524332463741302,-0.4045109748840332,-0.1001436859369278,0.18073812127113342,-0.5177648067474365,-0.11963161081075668,0.11067867279052734,-0.4846821427345276,-0.05156071484088898,0.11155686527490616,-0.6812318563461304,-0.09816449880599976,0.10361044853925705,-0.8082820177078247,-0.13711275160312653,0.09503018856048584,-0.921713650226593,-0.16520671546459198,0.030641233548521996,-0.4954642653465271,-0.05532681941986084,0.03277873247861862,-0.71317058801651,-0.09660113602876663,0.03230343759059906,-0.8602986335754395,-0.13375546038150787,0.032343074679374695,-0.986384928226471,-0.16124111413955688,-0.04482573643326759,-0.46534472703933716,-0.06668193638324738,-0.04634065553545952,-0.6681647896766663,-0.1055157259106636,-0.03959038853645325,-0.8061130046844482,-0.1341714709997177,-0.029748335480690002,-0.9278289079666138,-0.1548667550086975,-0.11883651465177536,-0.40389296412467957,-0.0843387097120285,-0.12114562839269638,-0.5586203336715698,-0.12205689400434494,-0.11116256564855576,-0.6660759449005127,-0.14101620018482208,-0.09519974142313004,-0.7678585052490234,-0.15369029343128204,STOP
0.0,0.0,0.0,0.11877542734146118,-0.08292625099420547,-0.056985922157764435,0.19205342233181,-0.24618107080459595,-0.07850932329893112,0.22228100895881653,-0.39995700120925903,-0.09586364775896072,0.1898195743560791,-0.5129299163818359,-0.11368171125650406,0.11792701482772827,-0.4843597412109375,-0.05183481052517891,0.11895791441202164,-0.6831614375114441,-0.09746305644512177,0.11064662784337997,-0.8118533492088318,-0.1353280395269394,0.1011672392487526,-0.9250344634056091,-0.16230720281600952,0.038333844393491745,-0.4955570101737976,-0.05549377575516701,0.04036927595734596,-0.7148144841194153,-0.09511598199605942,0.03956802934408188,-0.8624148368835449,-0.1304619163274765,0.039097730070352554,-0.986915647983551,-0.15642523765563965,-0.03712735325098038,-0.46620187163352966,-0.06646709889173508,-0.03777829557657242,-0.6705535650253296,-0.10309048742055893,-0.029931873083114624,-0.8073420524597168,-0.13026730716228485,-0.019200796261429787,-0.9265523552894592,-0.14988954365253448,-0.11136510968208313,-0.40555110573768616,-0.08367077261209488,-0.1132170632481575,-0.5608558058738708,-0.11970523744821548,-0.10349955409765244,-0.6671544313430786,-0.13758651912212372,-0.0878448411822319,-0.7671067714691162,-0.14916443824768066,STOP
0.0,0.0,0.0,0.12035723030567169,-0.086823470890522,-0.057184357196092606,0.1939271241426468,-0.25037601590156555,-0.07815881818532944,0.22002115845680237,-0.4041209816932678,-0.09524288773536682,0.19099104404449463,-0.5221148133277893,-0.11262763291597366,0.11830432713031769,-0.4874379634857178,-0.047985468059778214,0.11969587206840515,-0.6858986020088196,-0.09304936230182648,0.11228606104850769,-0.8134240508079529,-0.13070306181907654,0.10393085330724716,-0.9263589382171631,-0.15772557258605957,0.038703568279743195,-0.4985162019729614,-0.05146680399775505,0.04005183279514313,-0.7169636487960815,-0.09147528558969498,0.0393022783100605,-0.8632115125656128,-0.12761299312114716,0.03925095126032829,-0.9872693419456482,-0.15413852035999298,-0.03635101020336151,-0.46933335065841675,-0.0625893697142601,-0.03821598365902901,-0.6721150875091553,-0.10044413059949875,-0.030614804476499557,-0.8085997700691223,-0.1282404512166977,-0.02016066387295723,-0.9285045266151428,-0.14811591804027557,-0.11055997014045715,-0.408913791179657,-0.07993040233850479,-0.11244111508131027,-0.5634613037109375,-0.11708787828683853,-0.10143782943487167,-0.6694268584251404,-0.13545005023479462,-0.08464661985635757,-0.7692762613296509,-0.14733123779296875,STOP
0.0,0.0,0.0,0.11949557811021805,-0.08817145973443985,-0.0561622716486454,0.19136376678943634,-0.251076877117157,-0.07627250999212265,0.2161957025527954,-0.40186241269111633,-0.09270796179771423,0.18998713791370392,-0.5215623378753662,-0.10928769409656525,0.11136661469936371,-0.48623335361480713,-0.04526355862617493,0.11322089284658432,-0.6837664246559143,-0.08952594548463821,0.10682662576436996,-0.8111142516136169,-0.12690706551074982,0.09908179938793182,-0.9241034388542175,-0.15370117127895355,0.031939901411533356,-0.497691810131073,-0.048825353384017944,0.034429971128702164,-0.7158660292625427,-0.08796851336956024,0.034318987280130386,-0.8627312779426575,-0.12429101020097733,0.03468729555606842,-0.9879329204559326,-0.15094813704490662,-0.0430007167160511,-0.4692126512527466,-0.05996246635913849,-0.04390221834182739,-0.6722062826156616,-0.09668419510126114,-0.03573711961507797,-0.8088302612304688,-0.1246286928653717,-0.02473558485507965,-0.928716778755188,-0.14467179775238037,-0.1165996864438057,-0.40964990854263306,-0.07725676894187927,-0.11807137727737427,-0.564522385597229,-0.11337962746620178,-0.10730449855327606,-0.6709752678871155,-0.13149255514144897,-0.09068290144205093,-0.7707908749580383,-0.14316681027412415,STOP
0.0,0.0,0.0,0.12387033551931381,-0.08621333539485931,-0.057303812354803085,0.19805151224136353,-0.24910134077072144,-0.07757937163114548,0.2216663956642151,-0.4015953242778778,-0.09360917657613754,0.19006699323654175,-0.5176446437835693,-0.10962377488613129,0.12008775770664215,-0.4841829240322113,-0.047130703926086426,0.12148754298686981,-0.6836170554161072,-0.09116078913211823,0.11310963332653046,-0.811712920665741,-0.12803897261619568,0.1028890460729599,-0.9237156510353088,-0.15423770248889923,0.04023924097418785,-0.496267706155777,-0.049570463597774506,0.04322248697280884,-0.7173592448234558,-0.08800908923149109,0.04227492958307266,-0.8647895455360413,-0.12334863096475601,0.041379112750291824,-0.9879465103149414,-0.1491623818874359,-0.03582935407757759,-0.46920061111450195,-0.059567224234342575,-0.035283613950014114,-0.6749364733695984,-0.09548915177583694,-0.027532070875167847,-0.8110901713371277,-0.1230248510837555,-0.01714172773063183,-0.9278218150138855,-0.1426561027765274,-0.1112365648150444,-0.4110114276409149,-0.0757603645324707,-0.11219439655542374,-0.566489577293396,-0.11095795780420303,-0.10189665853977203,-0.6716583371162415,-0.12861838936805725,-0.08591603487730026,-0.769315779209137,-0.1398720145225525,STOP
0.0,0.0,0.0,0.12157974392175674,-0.08774471282958984,-0.05712286755442619,0.19566436111927032,-0.24911563098430634,-0.07832455635070801,0.22039839625358582,-0.3994603157043457,-0.0957520455121994,0.1923322230577469,-0.5185040831565857,-0.11330008506774902,0.1186477541923523,-0.4851890206336975,-0.046956609934568405,0.12002304196357727,-0.6833933591842651,-0.09214871376752853,0.11244369298219681,-0.8107024431228638,-0.1299990862607956,0.10398662090301514,-0.9235348701477051,-0.15704333782196045,0.03882458060979843,-0.496747225522995,-0.05041155219078064,0.04100087285041809,-0.7158079147338867,-0.09069883078336716,0.040950968861579895,-0.8625417947769165,-0.12740588188171387,0.041656676679849625,-0.9871683120727539,-0.1541541963815689,-0.036325063556432724,-0.46877792477607727,-0.06154407560825348,-0.03718437999486923,-0.6728758215904236,-0.09958027303218842,-0.02898595668375492,-0.8088457584381104,-0.12775622308254242,-0.018027564510703087,-0.9274091124534607,-0.14758490025997162,-0.1103070080280304,-0.4095311462879181,-0.07884644716978073,-0.11208172142505646,-0.564773678779602,-0.11592960357666016,-0.10141737759113312,-0.6710112690925598,-0.13434168696403503,-0.08525463938713074,-0.7705582976341248,-0.14601396024227142,STOP
0.0,0.0,0.0,0.12171458452939987,-0.08549294620752335,-0.05781756341457367,0.19561366736888885,-0.24877102673053741,-0.07870224118232727,0.2190643846988678,-0.4021570682525635,-0.09550873190164566,0.19145770370960236,-0.5241126418113708,-0.1123681589961052,0.11864838004112244,-0.4872494041919708,-0.04654151573777199,0.11939819157123566,-0.6849444508552551,-0.09109175950288773,0.11186039447784424,-0.8115946054458618,-0.12857703864574432,0.10359708964824677,-0.9236407279968262,-0.15538357198238373,0.03907435014843941,-0.4987204074859619,-0.049385976046323776,0.0411270372569561,-0.7171264290809631,-0.08879286795854568,0.04124970734119415,-0.8631883263587952,-0.12519130110740662,0.042512644082307816,-0.9875012040138245,-0.15176990628242493,-0.03629307821393013,-0.47017747163772583,-0.059997472912073135,-0.03709481284022331,-0.6741240620613098,-0.09758568555116653,-0.02921164035797119,-0.8104215860366821,-0.12583951652050018,-0.018175067380070686,-0.9294984936714172,-0.14583250880241394,-0.11069046705961227,-0.41014620661735535,-0.07677891850471497,-0.11258119344711304,-0.565660297870636,-0.11380598694086075,-0.10240709036588669,-0.6716147661209106,-0.13229666650295258,-0.08662520349025726,-0.7710884213447571,-0.1440306454896927,STOP
0.0,0.0,0.0,0.12057963013648987,-0.08712346851825714,-0.0565279982984066,0.19515258073806763,-0.2509922981262207,-0.0774892196059227,0.22067643702030182,-0.4026503264904022,-0.09460104256868362,0.19014094769954681,-0.5205677151679993,-0.11191828548908234,0.11909188330173492,-0.48810499906539917,-0.04704974219202995,0.11920111626386642,-0.6864321231842041,-0.09205064922571182,0.11161841452121735,-0.8132096529006958,-0.12967878580093384,0.10358176380395889,-0.9248718619346619,-0.15655338764190674,0.039392706006765366,-0.4987049698829651,-0.05081157758831978,0.04080929234623909,-0.7172549962997437,-0.09090631455183029,0.040813375264406204,-0.8635517954826355,-0.12745709717273712,0.042057354003190994,-0.9871625304222107,-0.15408194065093994,-0.036115195602178574,-0.46938356757164,-0.062191564589738846,-0.03764190897345543,-0.6731230616569519,-0.10039986670017242,-0.029890552163124084,-0.809718132019043,-0.12898722290992737,-0.018927954137325287,-0.9288990497589111,-0.14915171265602112,-0.11068911850452423,-0.4088359475135803,-0.07958980649709702,-0.11281836777925491,-0.564152717590332,-0.11719492077827454,-0.1026371568441391,-0.6700427532196045,-0.13616642355918884,-0.08669151365756989,-0.7695565819740295,-0.14827671647071838,STOP
0.0,0.0,0.0,0.12168204039335251,-0.08762156218290329,-0.056570835411548615,0.19595646858215332,-0.25418806076049805,-0.07683955878019333,0.21890221536159515,-0.40763309597969055,-0.0931839719414711,0.18673336505889893,-0.5231388211250305,-0.10973329097032547,0.1192888468503952,-0.4882946312427521,-0.046372637152671814,0.11944007128477097,-0.6864646673202515,-0.09066007286310196,0.11112412810325623,-0.8132660388946533,-0.12777067720890045,0.10196900367736816,-0.9248700141906738,-0.15433576703071594,0.03924470394849777,-0.49927687644958496,-0.04970840364694595,0.041149772703647614,-0.7184241414070129,-0.08900224417448044,0.040818337351083755,-0.8649490475654602,-0.12464645504951477,0.04120326042175293,-0.987747311592102,-0.15052439272403717,-0.036279432475566864,-0.47036224603652954,-0.06064986810088158,-0.03745068237185478,-0.6747528314590454,-0.0981493815779686,-0.029547210782766342,-0.8105069398880005,-0.12573355436325073,-0.018831340596079826,-0.9283117651939392,-0.1451304852962494,-0.11062502861022949,-0.4100179672241211,-0.0776619166135788,-0.11279167979955673,-0.565087080001831,-0.11429516226053238,-0.10235108435153961,-0.6699863076210022,-0.13218453526496887,-0.08640627562999725,-0.7677479386329651,-0.1435401886701584,STOP
0.0,0.0,0.0,0.12052936106920242,-0.0875818058848381,-0.056697845458984375,0.19265316426753998,-0.2534262537956238,-0.0765361562371254,0.21408216655254364,-0.40697675943374634,-0.09244944155216217,0.1850021779537201,-0.5269011855125427,-0.10854951292276382,0.1150934100151062,-0.4875434637069702,-0.04597242921590805,0.11609220504760742,-0.6845727562904358,-0.09042128920555115,0.10865873843431473,-0.8115347623825073,-0.12768450379371643,0.10019374638795853,-0.9235160946846008,-0.15435990691184998,0.03525933250784874,-0.4987204670906067,-0.04918844997882843,0.03692096844315529,-0.7172035574913025,-0.08876457810401917,0.037013571709394455,-0.8635802268981934,-0.12482975423336029,0.038199860602617264,-0.9877861142158508,-0.15106095373630524,-0.039969585835933685,-0.4696024954319,-0.060069434344768524,-0.041388463228940964,-0.6740107536315918,-0.09806659072637558,-0.03331456333398819,-0.8102565407752991,-0.1261644810438156,-0.022485431283712387,-0.929615318775177,-0.14587266743183136,-0.11388412863016129,-0.4089188277721405,-0.07699116319417953,-0.11560892313718796,-0.5647005438804626,-0.11442971229553223,-0.10511435568332672,-0.6704531311988831,-0.13297463953495026,-0.08949489146471024,-0.7696409821510315,-0.14466458559036255,STOP
0.0,0.0,0.0,0.12011657655239105,-0.08354821056127548,-0.058948300778865814,0.1918942630290985,-0.2502702474594116,-0.07879949361085892,0.21396376192569733,-0.4031530022621155,-0.09392803907394409,0.18680639564990997,-0.5213257670402527,-0.10882171243429184,0.1151934340596199,-0.4874071478843689,-0.04839550331234932,0.11497464030981064,-0.686511754989624,-0.0923466831445694,0.10682950168848038,-0.8143962621688843,-0.1288953423500061,0.09726261347532272,-0.9258676767349243,-0.1547117382287979,0.03481645509600639,-0.49856463074684143,-0.04982181265950203,0.035843200981616974,-0.7178329229354858,-0.08824764937162399,0.035647835582494736,-0.8647817373275757,-0.12288694828748703,0.03625581040978432,-0.9883403182029724,-0.14788180589675903,-0.04062773287296295,-0.47030431032180786,-0.059078607708215714,-0.04214421287178993,-0.6741887927055359,-0.095421701669693,-0.0329226590692997,-0.8105428814888,-0.12241499125957489,-0.021183453500270844,-0.9292275905609131,-0.14125829935073853,-0.1149372085928917,-0.4108913242816925,-0.07470953464508057,-0.1164814755320549,-0.5675693154335022,-0.1105605810880661,-0.10591001063585281,-0.6732093691825867,-0.12820075452327728,-0.09006399661302567,-0.7721654176712036,-0.13912057876586914,STOP
0.0,0.0,0.0,0.12098610401153564,-0.08390729129314423,-0.05674639344215393,0.19094105064868927,-0.25052881240844727,-0.07569986581802368,0.21247391402721405,-0.40227338671684265,-0.09038534760475159,0.186818927526474,-0.5159451365470886,-0.10521289706230164,0.1133551076054573,-0.48786136507987976,-0.047366172075271606,0.11391307413578033,-0.686172366142273,-0.09084101766347885,0.1062089279294014,-0.8142021894454956,-0.12728603184223175,0.09670809656381607,-0.9261177778244019,-0.15341085195541382,0.03322993218898773,-0.49882644414901733,-0.04988868907094002,0.03496941924095154,-0.7178635001182556,-0.08818311989307404,0.03481137007474899,-0.8648303151130676,-0.12307879328727722,0.03504971042275429,-0.9882996082305908,-0.14844326674938202,-0.04145849496126175,-0.46990346908569336,-0.05992818996310234,-0.04260655865073204,-0.6731617450714111,-0.09627630561590195,-0.032849155366420746,-0.8091640472412109,-0.12383344024419785,-0.02109316922724247,-0.9275524616241455,-0.1432313472032547,-0.1148722842335701,-0.4095265865325928,-0.07610540837049484,-0.11635765433311462,-0.5658944249153137,-0.11228993535041809,-0.10534466803073883,-0.6716316342353821,-0.130446657538414,-0.08896654844284058,-0.7709161639213562,-0.14189457893371582,STOP
0.0,0.0,0.0,0.12127820402383804,-0.0841328352689743,-0.05778508260846138,0.19176767766475677,-0.2502979040145874,-0.07696708291769028,0.21411825716495514,-0.40370023250579834,-0.09182059019804001,0.1887279897928238,-0.5192693471908569,-0.10680439323186874,0.11340869963169098,-0.48682865500450134,-0.04774044081568718,0.11407127976417542,-0.6852294206619263,-0.09168645739555359,0.10589252412319183,-0.8140810132026672,-0.1285839080810547,0.0956350713968277,-0.9268339276313782,-0.15510009229183197,0.033268041908741,-0.497595876455307,-0.050004277378320694,0.036086130887269974,-0.7164542078971863,-0.0890704095363617,0.03521079570055008,-0.8635510802268982,-0.12474919855594635,0.03463590517640114,-0.9879721403121948,-0.15070341527462006,-0.04167468473315239,-0.46863895654678345,-0.05990751460194588,-0.041709452867507935,-0.6727628707885742,-0.0971740186214447,-0.03266706317663193,-0.8092823028564453,-0.12546060979366302,-0.02195102535188198,-0.928593099117279,-0.14531844854354858,-0.11558645218610764,-0.40827280282974243,-0.07602927833795547,-0.11556363105773926,-0.5654674768447876,-0.1129034161567688,-0.10450245440006256,-0.6717343926429749,-0.13155056536197662,-0.08872909098863602,-0.7716182470321655,-0.143368661403656,STOP
0.0,0.0,0.0,0.11912041902542114,-0.08492985367774963,-0.058160506188869476,0.19034257531166077,-0.2511676549911499,-0.07819380611181259,0.2127252072095871,-0.40544185042381287,-0.09372194856405258,0.1870327740907669,-0.522530734539032,-0.1092509776353836,0.11451651155948639,-0.4885143041610718,-0.0483727790415287,0.11363256722688675,-0.6871318221092224,-0.09240566194057465,0.10464020073413849,-0.8150038123130798,-0.12914469838142395,0.09425273537635803,-0.9268706440925598,-0.155375674366951,0.03336503729224205,-0.49917295575141907,-0.05067185312509537,0.03446471691131592,-0.7181594967842102,-0.08969678729772568,0.033785734325647354,-0.8646299839019775,-0.1247095838189125,0.033560771495103836,-0.9881229996681213,-0.14995519816875458,-0.0420493558049202,-0.469395250082016,-0.060673054307699203,-0.044525276869535446,-0.6735087633132935,-0.09806157648563385,-0.036340728402137756,-0.8094428181648254,-0.12551680207252502,-0.02624724991619587,-0.9287608861923218,-0.14465036988258362,-0.11618363112211227,-0.40753477811813354,-0.07688622176647186,-0.11805382370948792,-0.5642170310020447,-0.11389321088790894,-0.10690751671791077,-0.6696903109550476,-0.13184139132499695,-0.09037359058856964,-0.7690957188606262,-0.14295744895935059,STOP
0.0,0.0,0.0,0.11686869710683823,-0.08611272275447845,-0.05660486966371536,0.18644212186336517,-0.24906858801841736,-0.07743777334690094,0.20931905508041382,-0.40050068497657776,-0.09438276290893555,0.18388821184635162,-0.5151771306991577,-0.11157150566577911,0.10895350575447083,-0.48462629318237305,-0.04929061606526375,0.10883131623268127,-0.683856725692749,-0.0947166234254837,0.09982588142156601,-0.8121026754379272,-0.13204334676265717,0.08905065804719925,-0.9242115616798401,-0.1585133671760559,0.028497152030467987,-0.4951622784137726,-0.05312429741024971,0.031069638207554817,-0.7150804400444031,-0.09327206015586853,0.030142679810523987,-0.8626394867897034,-0.12895360589027405,0.029202623292803764,-0.9875210523605347,-0.15475572645664215,-0.04639012739062309,-0.46577203273773193,-0.06442978978157043,-0.04742305353283882,-0.670238733291626,-0.10238157957792282,-0.03890892490744591,-0.8065206408500671,-0.13049514591693878,-0.028786085546016693,-0.9263485670089722,-0.1501842737197876,-0.11978019028902054,-0.4043769836425781,-0.08179400116205215,-0.12179238349199295,-0.5614818334579468,-0.11905049532651901,-0.1112479642033577,-0.6679022312164307,-0.13744202256202698,-0.09537600725889206,-0.7683390378952026,-0.14901158213615417,STOP
0.0,0.0,0.0,0.12078095972537994,-0.08224108815193176,-0.05800197646021843,0.1955818384885788,-0.24532876908779144,-0.07927706837654114,0.21857981383800507,-0.3989200294017792,-0.09616897255182266,0.19034311175346375,-0.5132889747619629,-0.11319365352392197,0.1172841489315033,-0.4832339584827423,-0.05121449753642082,0.11737636476755142,-0.680551290512085,-0.09697826206684113,0.10912998020648956,-0.8090648651123047,-0.13443578779697418,0.09962614625692368,-0.9225496053695679,-0.16124294698238373,0.036481037735939026,-0.4947734475135803,-0.054527539759874344,0.03931418061256409,-0.7131389379501343,-0.09561838209629059,0.039203137159347534,-0.8606265783309937,-0.13171151280403137,0.039581120014190674,-0.9866927862167358,-0.1577044129371643,-0.038462407886981964,-0.4654521942138672,-0.06529785692691803,-0.039369113743305206,-0.6691352128982544,-0.10455869138240814,-0.029869109392166138,-0.8057225346565247,-0.1330309510231018,-0.018425095826387405,-0.9264616370201111,-0.15270783007144928,-0.11186324805021286,-0.4038327932357788,-0.08217637240886688,-0.11301235109567642,-0.5612931251525879,-0.12068171054124832,-0.10210790485143661,-0.6677287817001343,-0.13981252908706665,-0.08562584966421127,-0.7685496211051941,-0.1517232060432434,STOP
0.0,0.0,0.0,0.11648334562778473,-0.08516556024551392,-0.05706042796373367,0.18726378679275513,-0.246580570936203,-0.07915732264518738,0.2110946923494339,-0.3942960798740387,-0.09736189246177673,0.18848733603954315,-0.51323401927948,-0.11581163108348846,0.11240389943122864,-0.4826711118221283,-0.05192931741476059,0.11202508956193924,-0.6808757185935974,-0.09861599653959274,0.10341724753379822,-0.8087934851646423,-0.1365770697593689,0.09352273494005203,-0.9216594099998474,-0.16360127925872803,0.03234080970287323,-0.49283477663993835,-0.0563315823674202,0.035320185124874115,-0.7121801376342773,-0.09864451736211777,0.034966763108968735,-0.8599977493286133,-0.13574574887752533,0.03464701771736145,-0.9861119985580444,-0.16242767870426178,-0.04242584854364395,-0.46282079815864563,-0.06811665743589401,-0.04383132606744766,-0.6678305864334106,-0.10802733153104782,-0.03556252643465996,-0.8046327829360962,-0.136923149228096,-0.02534029632806778,-0.9260179996490479,-0.15706349909305573,-0.11581902205944061,-0.4007991850376129,-0.08589024841785431,-0.1174439787864685,-0.5578790903091431,-0.12475153058767319,-0.10604824125766754,-0.6646435856819153,-0.14398221671581268,-0.08875350654125214,-0.7660614848136902,-0.15615451335906982,STOP
0.0,0.0,0.0,0.11642611026763916,-0.084463931620121,-0.058076974004507065,0.1888686567544937,-0.24586692452430725,-0.08015507459640503,0.21155576407909393,-0.39492130279541016,-0.09798984229564667,0.19274750351905823,-0.513260543346405,-0.11589442938566208,0.11410591006278992,-0.48482125997543335,-0.05167094245553017,0.11316830664873123,-0.6829742789268494,-0.0977683961391449,0.10370993614196777,-0.81113201379776,-0.1354786455631256,0.09255345165729523,-0.9233660697937012,-0.16222648322582245,0.03305048868060112,-0.495036780834198,-0.05505220592021942,0.035096365958452225,-0.7148299813270569,-0.09608392417430878,0.03390496224164963,-0.8618144989013672,-0.13240495324134827,0.032790474593639374,-0.9867980480194092,-0.15860143303871155,-0.042049191892147064,-0.4652581512928009,-0.0659293681383133,-0.044412121176719666,-0.6691167950630188,-0.10446427017450333,-0.03606775775551796,-0.804754912853241,-0.13271842896938324,-0.025841377675533295,-0.9246935248374939,-0.15249691903591156,-0.11625656485557556,-0.4031350910663605,-0.08296400308609009,-0.11889737844467163,-0.5606575012207031,-0.12070479989051819,-0.1085110679268837,-0.6668896675109863,-0.13930343091487885,-0.0924404188990593,-0.7678152918815613,-0.15093041956424713,STOP
0.0,0.0,0.0,0.11892827600240707,-0.08360468596220016,-0.05858222767710686,0.19217383861541748,-0.24363021552562714,-0.0810735821723938,0.21498437225818634,-0.3933452069759369,-0.09922581911087036,0.19561590254306793,-0.511623740196228,-0.1174747422337532,0.11558184772729874,-0.4835532307624817,-0.05210059508681297,0.11604735255241394,-0.681857168674469,-0.09816832095384598,0.10749024897813797,-0.8105652332305908,-0.13606613874435425,0.09721734374761581,-0.9234409332275391,-0.16315488517284393,0.035029031336307526,-0.49361881613731384,-0.055160004645586014,0.0378381609916687,-0.7133352756500244,-0.09642883390188217,0.03716163709759712,-0.8607074022293091,-0.13344119489192963,0.03670244291424751,-0.986383318901062,-0.16031493246555328,-0.03972490876913071,-0.46384409070014954,-0.06564190983772278,-0.041219502687454224,-0.6676985621452332,-0.10455657541751862,-0.03264038264751434,-0.8038011789321899,-0.13378797471523285,-0.022206878289580345,-0.9238976240158081,-0.15436725318431854,-0.11338607966899872,-0.4020305573940277,-0.08223304152488708,-0.1156257912516594,-0.5586490631103516,-0.12045778334140778,-0.10473337769508362,-0.6643179655075073,-0.13989368081092834,-0.08824219554662704,-0.764208972454071,-0.15219886600971222,STOP
0.0,0.0,0.0,0.11798392236232758,-0.08241549879312515,-0.05929740145802498,0.1903247833251953,-0.2397707998752594,-0.08254785090684891,0.21343858540058136,-0.3887924551963806,-0.10140236467123032,0.1932958960533142,-0.5112515687942505,-0.1203622817993164,0.11538857221603394,-0.48016586899757385,-0.05376562848687172,0.11553268879652023,-0.6788341403007507,-0.10070184618234634,0.10704211890697479,-0.8070681095123291,-0.13886186480522156,0.09725817292928696,-0.9203018546104431,-0.16592653095722198,0.03493661433458328,-0.4909125566482544,-0.05681222677230835,0.03788179159164429,-0.7118522524833679,-0.09871595352888107,0.03737599402666092,-0.8595852255821228,-0.13584131002426147,0.03728965297341347,-0.9859619140625,-0.16275325417518616,-0.04016989469528198,-0.46146562695503235,-0.0673186257481575,-0.0410534106194973,-0.6658444404602051,-0.10679107904434204,-0.03223486244678497,-0.8027437925338745,-0.13577713072299957,-0.02142627350986004,-0.9239229559898376,-0.15614433586597443,-0.11435206979513168,-0.3996853232383728,-0.08396625518798828,-0.11632958054542542,-0.5556751489639282,-0.12250562012195587,-0.10481803864240646,-0.6612451076507568,-0.14156083762645721,-0.08770325779914856,-0.7609336972236633,-0.1535651832818985,STOP
0.0,0.0,0.0,0.11771009117364883,-0.0811624601483345,-0.06049278751015663,0.1894213855266571,-0.23682883381843567,-0.0845237672328949,0.21327391266822815,-0.38605278730392456,-0.10399973392486572,0.19145530462265015,-0.5088071823120117,-0.1236213818192482,0.11299411952495575,-0.47929906845092773,-0.05583691969513893,0.11352144181728363,-0.6779364347457886,-0.10333391278982162,0.10479291528463364,-0.806212306022644,-0.14188072085380554,0.09465119987726212,-0.9197062253952026,-0.1693073809146881,0.032468948513269424,-0.4903723895549774,-0.05860025808215141,0.03564019873738289,-0.7113242149353027,-0.10103381425142288,0.035460215061903,-0.8590549230575562,-0.13865704834461212,0.03576410561800003,-0.9854617118835449,-0.1660909354686737,-0.042916737496852875,-0.4605708420276642,-0.068869948387146,-0.043264951556921005,-0.6647742390632629,-0.10901426523923874,-0.0339481383562088,-0.8016504645347595,-0.1388925313949585,-0.022649990394711494,-0.9225390553474426,-0.15993241965770721,-0.116998091340065,-0.3985157907009125,-0.08532806485891342,-0.11858931928873062,-0.5547664165496826,-0.12465619295835495,-0.10730129480361938,-0.6607785224914551,-0.1446017026901245,-0.09059865027666092,-0.7606372237205505,-0.15730245411396027,STOP
0.0,0.0,0.0,0.12123241275548935,-0.07764784246683121,-0.06249179318547249,0.1970358043909073,-0.23457294702529907,-0.0869842991232872,0.22032928466796875,-0.38559412956237793,-0.10634895414113998,0.19971595704555511,-0.5075569748878479,-0.12591953575611115,0.12145337462425232,-0.47800546884536743,-0.05871284008026123,0.12313535809516907,-0.6759276390075684,-0.10687246918678284,0.11437485367059708,-0.8048042058944702,-0.14559826254844666,0.10379870980978012,-0.9184485077857971,-0.17327187955379486,0.04026263952255249,-0.48980751633644104,-0.06056926026940346,0.044624656438827515,-0.7096182107925415,-0.10420732945203781,0.04416441172361374,-0.8576827049255371,-0.142471045255661,0.0439876951277256,-0.9844197630882263,-0.17024333775043488,-0.0354362316429615,-0.4603818356990814,-0.06995789706707001,-0.035489797592163086,-0.6645811200141907,-0.11151891946792603,-0.026325372979044914,-0.8007187843322754,-0.14215752482414246,-0.015027523972094059,-0.9210553169250488,-0.1635444164276123,-0.10991731286048889,-0.3987218141555786,-0.08559268712997437,-0.1106102466583252,-0.5551384091377258,-0.12639792263507843,-0.09897127747535706,-0.6607147455215454,-0.14746065437793732,-0.08166009932756424,-0.7605222463607788,-0.16084173321723938,STOP
0.0,0.0,0.0,0.11817876994609833,-0.07880720496177673,-0.06434884667396545,0.1923164576292038,-0.23487916588783264,-0.09003017097711563,0.2144836187362671,-0.38419169187545776,-0.11040455847978592,0.19587799906730652,-0.5092878341674805,-0.13081905245780945,0.11762736737728119,-0.47661662101745605,-0.05937379226088524,0.11847929656505585,-0.6742173433303833,-0.10791115462779999,0.1103321984410286,-0.8028377890586853,-0.1469128429889679,0.10080988705158234,-0.9165542125701904,-0.1745052933692932,0.036579787731170654,-0.48882514238357544,-0.06068999320268631,0.04192899912595749,-0.7086085081100464,-0.1043701097369194,0.0425947941839695,-0.8575990200042725,-0.14245347678661346,0.043162211775779724,-0.9845306277275085,-0.1698130965232849,-0.0391189306974411,-0.460187166929245,-0.06989026069641113,-0.03833060339093208,-0.6644031405448914,-0.11127807945013046,-0.028837349265813828,-0.8013924956321716,-0.14169178903102875,-0.017395826056599617,-0.9225631356239319,-0.16275553405284882,-0.11384741216897964,-0.399253785610199,-0.08554552495479584,-0.11424862593412399,-0.5559302568435669,-0.1260233372449875,-0.10225418210029602,-0.662260115146637,-0.1466815024614334,-0.08465948700904846,-0.7625797390937805,-0.1596764773130417,STOP
0.0,0.0,0.0,0.11656451225280762,-0.08105781674385071,-0.06063779816031456,0.18835002183914185,-0.23798277974128723,-0.08509155362844467,0.21041184663772583,-0.3858620822429657,-0.10483226925134659,0.18996770679950714,-0.5068120956420898,-0.1247265487909317,0.1143023893237114,-0.4784758388996124,-0.057582028210163116,0.11443974077701569,-0.6780920028686523,-0.10567893087863922,0.10588303208351135,-0.8063536286354065,-0.14415113627910614,0.09570375829935074,-0.9193160533905029,-0.17119771242141724,0.03241303563117981,-0.48947492241859436,-0.06040428578853607,0.03555220365524292,-0.7117664813995361,-0.10335622727870941,0.03628695011138916,-0.8596900105476379,-0.1404266506433487,0.03704965487122536,-0.9852460026741028,-0.16708555817604065,-0.04418544843792915,-0.4597894251346588,-0.0706954374909401,-0.04442371428012848,-0.6664960384368896,-0.11108534038066864,-0.0344725027680397,-0.8042439222335815,-0.1402929723262787,-0.022638050839304924,-0.925114095211029,-0.1605946123600006,-0.11929213255643845,-0.39800968766212463,-0.08714575320482254,-0.12054169923067093,-0.556613028049469,-0.1264190971851349,-0.10893192142248154,-0.663594126701355,-0.14580108225345612,-0.0916690081357956,-0.7637025117874146,-0.1579061597585678,STOP
0.0,0.0,0.0,0.11790359765291214,-0.07952064275741577,-0.06324401497840881,0.19214200973510742,-0.23354558646678925,-0.08908241242170334,0.21420618891716003,-0.3839140236377716,-0.10964067280292511,0.19238552451133728,-0.5076766610145569,-0.13032187521457672,0.11652257293462753,-0.47641217708587646,-0.060358867049217224,0.1178206354379654,-0.6754634380340576,-0.10952863097190857,0.10917787253856659,-0.8050934672355652,-0.14878350496292114,0.09921412914991379,-0.9194754958152771,-0.17640545964241028,0.03516867756843567,-0.48795461654663086,-0.062088143080472946,0.0399702712893486,-0.7090936899185181,-0.10578472167253494,0.04013799503445625,-0.8578571677207947,-0.14360497891902924,0.04066043347120285,-0.9844613075256348,-0.17082950472831726,-0.04098672419786453,-0.45858830213546753,-0.07139455527067184,-0.040455084294080734,-0.6640944480895996,-0.11250905692577362,-0.030511613935232162,-0.8004407286643982,-0.1422591358423233,-0.018040478229522705,-0.920076847076416,-0.1628940850496292,-0.11610941588878632,-0.39646467566490173,-0.0870552584528923,-0.11663680523633957,-0.5533607602119446,-0.1271912306547165,-0.10414695739746094,-0.6591834425926208,-0.14722146093845367,-0.0858338326215744,-0.7585888504981995,-0.15963269770145416,STOP
0.0,0.0,0.0,0.11737584322690964,-0.0774061381816864,-0.06339847296476364,0.1931668370962143,-0.23116213083267212,-0.0892413929104805,0.21531148254871368,-0.3806334137916565,-0.10979141294956207,0.19772741198539734,-0.5058985352516174,-0.1303463727235794,0.11990266293287277,-0.476088285446167,-0.05975646153092384,0.12127851694822311,-0.6753972768783569,-0.10852403193712234,0.11241362243890762,-0.8044654130935669,-0.14745965600013733,0.10191436111927032,-0.9185191988945007,-0.1748582422733307,0.038735199719667435,-0.4879322946071625,-0.06137517839670181,0.04411863535642624,-0.7090883255004883,-0.10482697188854218,0.04396160691976547,-0.8576396107673645,-0.14256836473941803,0.04362514987587929,-0.984520673751831,-0.16975226998329163,-0.03716579079627991,-0.4587717354297638,-0.07062096148729324,-0.03628384321928024,-0.6632756590843201,-0.1114519014954567,-0.027135545387864113,-0.7995999455451965,-0.14085127413272858,-0.016151590272784233,-0.9202283024787903,-0.16133733093738556,-0.11246629059314728,-0.39669111371040344,-0.0862545594573021,-0.11276140064001083,-0.5529230237007141,-0.126027911901474,-0.10029998421669006,-0.6583800911903381,-0.14560218155384064,-0.08227870613336563,-0.7580372095108032,-0.15776410698890686,STOP
0.0,0.0,0.0,0.11835993081331253,-0.07595904171466827,-0.06452981382608414,0.1948946714401245,-0.2295379340648651,-0.09062962234020233,0.2161841094493866,-0.3790341913700104,-0.11130937188863754,0.19886799156665802,-0.5039275884628296,-0.13205544650554657,0.12036075443029404,-0.4751608967781067,-0.05984913930296898,0.12136213481426239,-0.6735396981239319,-0.10873348265886307,0.11233857274055481,-0.8028035759925842,-0.14799804985523224,0.10216789692640305,-0.916880190372467,-0.17582838237285614,0.03867426514625549,-0.48729071021080017,-0.06104840338230133,0.04389370232820511,-0.7084841132164001,-0.10489591211080551,0.044666603207588196,-0.857431173324585,-0.14320406317710876,0.045614611357450485,-0.9842353463172913,-0.1708802580833435,-0.037571460008621216,-0.4586784839630127,-0.07006244361400604,-0.03731652349233627,-0.6635807156562805,-0.11161287128925323,-0.027564646676182747,-0.8000844717025757,-0.14185452461242676,-0.015566467307507992,-0.9209757447242737,-0.16296525299549103,-0.1130288764834404,-0.397187203168869,-0.08554384857416153,-0.11318527162075043,-0.5534135699272156,-0.12601691484451294,-0.10051091015338898,-0.6589439511299133,-0.14639689028263092,-0.08226452022790909,-0.758912205696106,-0.15928418934345245,STOP
0.0,0.0,0.0,0.11962216347455978,-0.07542044669389725,-0.0644032284617424,0.19759343564510345,-0.23034977912902832,-0.08990602940320969,0.21758778393268585,-0.3814188241958618,-0.10979222506284714,0.19728992879390717,-0.5043647289276123,-0.12987776100635529,0.12085331231355667,-0.47603633999824524,-0.06032746285200119,0.12282662838697433,-0.6733347177505493,-0.10878288000822067,0.11448558419942856,-0.8022964000701904,-0.14779144525527954,0.1047087013721466,-0.9164202213287354,-0.17549657821655273,0.03907620906829834,-0.48812124133110046,-0.061358485370874405,0.045003388077020645,-0.7080903053283691,-0.10484915226697922,0.0458630733191967,-0.8573590517044067,-0.14285428822040558,0.046545371413230896,-0.9842965006828308,-0.1702757626771927,-0.03696674481034279,-0.459089070558548,-0.07008914649486542,-0.036311712116003036,-0.6635284423828125,-0.11143448203802109,-0.026759807020425797,-0.8001771569252014,-0.14156505465507507,-0.015526017174124718,-0.9208868741989136,-0.16249777376651764,-0.11218692362308502,-0.39684295654296875,-0.08523017913103104,-0.1120619997382164,-0.5536134243011475,-0.1257689744234085,-0.1001531183719635,-0.6597789525985718,-0.14625780284404755,-0.08313848078250885,-0.7606013417243958,-0.15913984179496765,STOP
0.0,0.0,0.0,0.11745760589838028,-0.07547597587108612,-0.06594114005565643,0.19477924704551697,-0.22943012416362762,-0.09260036051273346,0.21512921154499054,-0.37965962290763855,-0.11340700834989548,0.1961830109357834,-0.5043706893920898,-0.13426093757152557,0.11983314156532288,-0.4742482304573059,-0.0623854324221611,0.12198706716299057,-0.6726050972938538,-0.11155451834201813,0.1136125922203064,-0.8015109896659851,-0.15089307725429535,0.10402865707874298,-0.9153628349304199,-0.1786521077156067,0.03789665549993515,-0.4862585663795471,-0.0630078911781311,0.0438629649579525,-0.7074185013771057,-0.10676498711109161,0.04457477107644081,-0.8572078943252563,-0.144978329539299,0.04529431089758873,-0.9839676022529602,-0.17249943315982819,-0.0378500260412693,-0.457296222448349,-0.07143639773130417,-0.03678852692246437,-0.6618699431419373,-0.11273430287837982,-0.02713721990585327,-0.7990092039108276,-0.14314839243888855,-0.015421900898218155,-0.9199382066726685,-0.16435770690441132,-0.1126195415854454,-0.3948095142841339,-0.08640488237142563,-0.11342045664787292,-0.5502211451530457,-0.12682104110717773,-0.10219552367925644,-0.6555920839309692,-0.14732682704925537,-0.08577457070350647,-0.7554293870925903,-0.16021741926670074,STOP
0.0,0.0,0.0,0.11590675264596939,-0.07819988578557968,-0.06384720653295517,0.1898602396249771,-0.23468302190303802,-0.08949603885412216,0.2095041275024414,-0.38440853357315063,-0.10981651395559311,0.18851377069950104,-0.5058468580245972,-0.13036689162254333,0.11503548920154572,-0.47655633091926575,-0.060597218573093414,0.11577040702104568,-0.6742449402809143,-0.10910268872976303,0.10688940435647964,-0.8026794195175171,-0.14803706109523773,0.0966351330280304,-0.9163781404495239,-0.1757611334323883,0.03290965408086777,-0.48815402388572693,-0.06222313269972801,0.03777235373854637,-0.708515465259552,-0.10579603910446167,0.03781783953309059,-0.8575161099433899,-0.14409278333187103,0.03794554993510246,-0.9843862652778625,-0.17188329994678497,-0.043586812913417816,-0.45854082703590393,-0.07147491723299026,-0.04254930466413498,-0.663405179977417,-0.11281711608171463,-0.03358611464500427,-0.8006353974342346,-0.14379620552062988,-0.02283153124153614,-0.9219622611999512,-0.1655142456293106,-0.11864284425973892,-0.39581775665283203,-0.08705894649028778,-0.11830613017082214,-0.5526791214942932,-0.12764587998390198,-0.10681843012571335,-0.6586922407150269,-0.14873668551445007,-0.09018628299236298,-0.7592154145240784,-0.16225209832191467,STOP
0.0,0.0,0.0,0.11656986176967621,-0.07996279001235962,-0.06395161151885986,0.19118836522102356,-0.23610110580921173,-0.08961531519889832,0.2108592540025711,-0.3863755762577057,-0.10983172059059143,0.19024285674095154,-0.5090164542198181,-0.13008804619312286,0.11438397318124771,-0.4761377274990082,-0.06049492582678795,0.1156478226184845,-0.6746805310249329,-0.10951776057481766,0.1069142147898674,-0.8039698600769043,-0.14858569204807281,0.09711415320634842,-0.9182393550872803,-0.1761309802532196,0.03218221664428711,-0.4871252477169037,-0.06196493282914162,0.03707204759120941,-0.7077924013137817,-0.10565237700939178,0.0369734987616539,-0.8571010231971741,-0.14355017244815826,0.03758122771978378,-0.9845808148384094,-0.17084646224975586,-0.04397966340184212,-0.4573664665222168,-0.07110912352800369,-0.04304274171590805,-0.662523627281189,-0.11256854981184006,-0.03289297968149185,-0.7991973757743835,-0.14271199703216553,-0.020182767882943153,-0.9196497201919556,-0.163575679063797,-0.11883712559938431,-0.3944477140903473,-0.0866549164056778,-0.11891504377126694,-0.5508852601051331,-0.1272192746400833,-0.10623151808977127,-0.6565155982971191,-0.1476268470287323,-0.08777312934398651,-0.7564164996147156,-0.16032257676124573,STOP
0.0,0.0,0.0,0.11612122505903244,-0.07939506322145462,-0.06526029855012894,0.19059424102306366,-0.23357895016670227,-0.09168308973312378,0.21083414554595947,-0.38242730498313904,-0.11260900646448135,0.19286388158798218,-0.5075688362121582,-0.13352714478969574,0.11546576023101807,-0.47642597556114197,-0.06005227193236351,0.11518179625272751,-0.6737590432167053,-0.1091412827372551,0.10567300766706467,-0.8020336627960205,-0.1486128866672516,0.09515504539012909,-0.916108250617981,-0.1766471415758133,0.03370140492916107,-0.4880794882774353,-0.061056483536958694,0.037113212049007416,-0.7077587842941284,-0.10527610033750534,0.036811333149671555,-0.8563959002494812,-0.14395201206207275,0.03764388710260391,-0.9843870401382446,-0.1719447523355484,-0.042817242443561554,-0.4581933915615082,-0.06997233629226685,-0.04383232444524765,-0.6614532470703125,-0.11205484718084335,-0.033923450857400894,-0.7972716093063354,-0.1425866037607193,-0.021163979545235634,-0.9185062646865845,-0.16382227838039398,-0.11869016289710999,-0.39494588971138,-0.08543228358030319,-0.11919555813074112,-0.5502892136573792,-0.126541867852211,-0.10654269903898239,-0.6557356119155884,-0.14725586771965027,-0.08778993785381317,-0.7565175890922546,-0.16031543910503387,STOP
0.0,0.0,0.0,0.11632084846496582,-0.07873299717903137,-0.06621411442756653,0.19016632437705994,-0.2334870845079422,-0.09339739382266998,0.21014085412025452,-0.3832915425300598,-0.11479078233242035,0.18997983634471893,-0.5085010528564453,-0.13617254793643951,0.11656560748815536,-0.4772687554359436,-0.06214391440153122,0.11580169945955276,-0.6744989156723022,-0.11137815564870834,0.10578985512256622,-0.8018796443939209,-0.15095530450344086,0.09440191090106964,-0.9157379269599915,-0.17910318076610565,0.034416329115629196,-0.4884320795536041,-0.06280602514743805,0.036739934235811234,-0.7079063057899475,-0.1068623811006546,0.0355360321700573,-0.8564232587814331,-0.14523522555828094,0.03463630750775337,-0.9842836260795593,-0.1731647551059723,-0.042530592530965805,-0.4581931531429291,-0.07138380408287048,-0.043896161019802094,-0.661396861076355,-0.11316379904747009,-0.03570041432976723,-0.7972175478935242,-0.14324462413787842,-0.025648053735494614,-0.9188724160194397,-0.1642635017633438,-0.11853770166635513,-0.3950450122356415,-0.08655542135238647,-0.1192004382610321,-0.551277756690979,-0.12730012834072113,-0.10814091563224792,-0.656707227230072,-0.1476719081401825,-0.09227032959461212,-0.7573867440223694,-0.16059230268001556,STOP
0.0,0.0,0.0,0.11619102954864502,-0.07786821573972702,-0.06688534468412399,0.19020551443099976,-0.23189842700958252,-0.09425265341997147,0.20883877575397491,-0.3817391097545624,-0.11577245593070984,0.18696506321430206,-0.5068995952606201,-0.1372954100370407,0.1161433681845665,-0.47812262177467346,-0.06256739050149918,0.11461593210697174,-0.6769329905509949,-0.11221673339605331,0.10495571047067642,-0.8055235147476196,-0.15236297249794006,0.09389772266149521,-0.9197921752929688,-0.1804557591676712,0.03407668694853783,-0.48809540271759033,-0.06266947835683823,0.0364086851477623,-0.7081317901611328,-0.10616589337587357,0.03416018187999725,-0.8575573563575745,-0.14429372549057007,0.0319565087556839,-0.984588623046875,-0.1719418168067932,-0.042628951370716095,-0.4580046832561493,-0.07077787071466446,-0.044375818222761154,-0.6608520746231079,-0.11127927899360657,-0.03800618648529053,-0.7972847819328308,-0.1406513750553131,-0.029951922595500946,-0.9185476303100586,-0.16122154891490936,-0.1197163537144661,-0.3953138589859009,-0.08566006273031235,-0.1218097135424614,-0.5526899695396423,-0.12500926852226257,-0.11301808804273605,-0.6592879891395569,-0.1444462686777115,-0.10005583614110947,-0.7611740827560425,-0.1566796600818634,STOP
0.0,0.0,0.0,0.1136569082736969,-0.08073119074106216,-0.06776182353496552,0.183418869972229,-0.2346157282590866,-0.09566216170787811,0.1990462988615036,-0.3832833766937256,-0.1177176684141159,0.17950084805488586,-0.5096526741981506,-0.13968586921691895,0.10884097218513489,-0.4767957627773285,-0.0626753717660904,0.10633272677659988,-0.6746721267700195,-0.11302492767572403,0.0961308628320694,-0.8028485178947449,-0.15354953706264496,0.08505389094352722,-0.9167837500572205,-0.18187160789966583,0.026846829801797867,-0.48606160283088684,-0.06281717866659164,0.028019465506076813,-0.7057362794876099,-0.10762143135070801,0.025760112330317497,-0.8563546538352966,-0.14661164581775665,0.02426486276090145,-0.9843518137931824,-0.17453576624393463,-0.04945956915616989,-0.4554167687892914,-0.07118140906095505,-0.05324902385473251,-0.658887505531311,-0.11338553577661514,-0.047041334211826324,-0.7952078580856323,-0.14367260038852692,-0.03821761906147003,-0.9159075617790222,-0.16434867680072784,-0.12516090273857117,-0.3917560279369354,-0.086323082447052,-0.1284715086221695,-0.5487256050109863,-0.12709391117095947,-0.11946387588977814,-0.6554370522499084,-0.14727698266506195,-0.10554627329111099,-0.7571679353713989,-0.15971386432647705,STOP
0.0,0.0,0.0,0.11358100175857544,-0.08088759332895279,-0.06684551388025284,0.18217305839061737,-0.2369769960641861,-0.09365823119878769,0.19967684149742126,-0.3882392644882202,-0.11465507745742798,0.17641280591487885,-0.511459469795227,-0.1356557160615921,0.10459070652723312,-0.4782527685165405,-0.06145727261900902,0.10278399288654327,-0.6772311925888062,-0.11076438426971436,0.09248940646648407,-0.8061176538467407,-0.15052483975887299,0.08088202774524689,-0.9199061989784241,-0.17857898771762848,0.02279357612133026,-0.48806700110435486,-0.06151553988456726,0.024157198145985603,-0.7090853452682495,-0.10520928353071213,0.02176743745803833,-0.8580521941184998,-0.1437484472990036,0.020442668348550797,-0.9849441647529602,-0.17165997624397278,-0.053556572645902634,-0.45717495679855347,-0.06960488110780716,-0.055271781980991364,-0.6621682643890381,-0.11115642637014389,-0.04755811765789986,-0.7991483211517334,-0.14199812710285187,-0.037165574729442596,-0.9194221496582031,-0.16332103312015533,-0.12870894372463226,-0.39334461092948914,-0.08432883024215698,-0.1296539604663849,-0.5510096549987793,-0.12483402341604233,-0.11849941313266754,-0.6576557159423828,-0.14547131955623627,-0.10197923332452774,-0.7584646940231323,-0.1584176868200302,STOP
0.0,0.0,0.0,0.11501637101173401,-0.08142295479774475,-0.06719644367694855,0.18488013744354248,-0.23978117108345032,-0.09329380840063095,0.2008540779352188,-0.3952018916606903,-0.11343779414892197,0.1750461310148239,-0.5186884999275208,-0.13359615206718445,0.1046995297074318,-0.4788867235183716,-0.060415640473365784,0.10127268731594086,-0.6762458682060242,-0.10972567647695541,0.09083661437034607,-0.8053541779518127,-0.14960730075836182,0.07974527776241302,-0.9199316501617432,-0.1779022365808487,0.022868484258651733,-0.49002936482429504,-0.060245636850595474,0.023529529571533203,-0.7099217176437378,-0.10396066308021545,0.02201739139854908,-0.8580379486083984,-0.1422155797481537,0.022481920197606087,-0.9852195382118225,-0.16981494426727295,-0.053051624447107315,-0.4596647322177887,-0.06828761845827103,-0.05665035918354988,-0.6640576124191284,-0.11015303432941437,-0.047742459923028946,-0.801085352897644,-0.14057254791259766,-0.03553951531648636,-0.9223263263702393,-0.16150562465190887,-0.12792828679084778,-0.39564236998558044,-0.08307041227817535,-0.13035544753074646,-0.5535754561424255,-0.12389084696769714,-0.11930724233388901,-0.6604740023612976,-0.14435064792633057,-0.10291760414838791,-0.7621485590934753,-0.1571207344532013,STOP
0.0,0.0,0.0,0.11752709001302719,-0.07995006442070007,-0.0692431852221489,0.19036507606506348,-0.23745478689670563,-0.09697877615690231,0.20554910600185394,-0.3926893174648285,-0.11830480396747589,0.18166251480579376,-0.517859160900116,-0.13964983820915222,0.10994473844766617,-0.47654861211776733,-0.06430038809776306,0.10633645951747894,-0.6746521592140198,-0.1152089536190033,0.0954933688044548,-0.8040369749069214,-0.15574508905410767,0.08407651633024216,-0.9186081290245056,-0.18428942561149597,0.027484266087412834,-0.48704636096954346,-0.06359726190567017,0.02874206379055977,-0.7080442309379578,-0.10925646126270294,0.026828086003661156,-0.8570109605789185,-0.14831361174583435,0.02679728902876377,-0.9840036034584045,-0.17612193524837494,-0.04886775463819504,-0.45618781447410583,-0.07111815363168716,-0.05197545140981674,-0.6623902916908264,-0.11497631669044495,-0.043923504650592804,-0.8001901507377625,-0.14588728547096252,-0.03234315663576126,-0.9210919141769409,-0.16675685346126556,-0.12426283955574036,-0.39158308506011963,-0.08538316935300827,-0.12617501616477966,-0.549172580242157,-0.1280236393213272,-0.1143399029970169,-0.655726969242096,-0.14907324314117432,-0.09671596437692642,-0.7566155195236206,-0.16187269985675812,STOP
0.0,0.0,0.0,0.1162293553352356,-0.07918623834848404,-0.06814321875572205,0.188105508685112,-0.23535685241222382,-0.0956328809261322,0.20220297574996948,-0.38783109188079834,-0.11709629744291306,0.18170371651649475,-0.513107419013977,-0.1387331783771515,0.11000104993581772,-0.47566279768943787,-0.06286053359508514,0.10759367793798447,-0.6732394099235535,-0.11311064660549164,0.09712712466716766,-0.8022403717041016,-0.15343010425567627,0.08545378595590591,-0.9170405268669128,-0.1820785403251648,0.02710728533565998,-0.4861378073692322,-0.06271559745073318,0.028154052793979645,-0.7067328095436096,-0.10822225362062454,0.025548094883561134,-0.8557750582695007,-0.14805299043655396,0.024072617292404175,-0.9839814305305481,-0.17663797736167908,-0.049625836312770844,-0.4554987847805023,-0.0706099271774292,-0.05149998515844345,-0.6604467630386353,-0.11427788436412811,-0.04328931123018265,-0.7979575991630554,-0.1460341215133667,-0.03277776017785072,-0.9196516871452332,-0.16771338880062103,-0.12503673136234283,-0.3913303315639496,-0.08509698510169983,-0.12634100019931793,-0.5485321879386902,-0.12752464413642883,-0.11486295610666275,-0.6546951532363892,-0.14890389144420624,-0.09810633957386017,-0.7555615901947021,-0.16217173635959625,STOP
0.0,0.0,0.0,0.11695846170186996,-0.08178728818893433,-0.07049630582332611,0.1884453445672989,-0.23763829469680786,-0.09945861995220184,0.20223118364810944,-0.3902091085910797,-0.12198635190725327,0.17698617279529572,-0.515328586101532,-0.14465951919555664,0.1073017343878746,-0.4728924036026001,-0.06639515608549118,0.10561807453632355,-0.6720394492149353,-0.11808425188064575,0.09627338498830795,-0.8018353581428528,-0.15905162692070007,0.08589444309473038,-0.9174163937568665,-0.18777745962142944,0.024102766066789627,-0.48259371519088745,-0.06527707725763321,0.025696545839309692,-0.7043609619140625,-0.11182501167058945,0.02355780638754368,-0.8543553948402405,-0.15191762149333954,0.02273487113416195,-0.9833035469055176,-0.18054693937301636,-0.05246464163064957,-0.45197534561157227,-0.07227800786495209,-0.05452360212802887,-0.656819760799408,-0.11641757190227509,-0.04617563635110855,-0.7942820191383362,-0.14807066321372986,-0.03492002561688423,-0.9155420064926147,-0.16946479678153992,-0.1271204650402069,-0.3889220654964447,-0.08608538657426834,-0.12843261659145355,-0.5467151403427124,-0.1283077448606491,-0.11695126444101334,-0.6534852385520935,-0.1495329737663269,-0.10001201182603836,-0.7547536492347717,-0.16266033053398132,STOP
0.0,0.0,0.0,0.11664420366287231,-0.08075612783432007,-0.06859602779150009,0.1894848793745041,-0.2379586547613144,-0.09648112207651138,0.20454417169094086,-0.39051416516304016,-0.11817719787359238,0.17997606098651886,-0.5166326761245728,-0.13994143903255463,0.10881517082452774,-0.47205522656440735,-0.06501137465238571,0.1074589267373085,-0.6697883605957031,-0.11637965589761734,0.09765312820672989,-0.7989913821220398,-0.1569674015045166,0.08703480660915375,-0.9140572547912598,-0.18539929389953613,0.025673169642686844,-0.4829155504703522,-0.0648643746972084,0.028053870424628258,-0.7042421698570251,-0.11085385084152222,0.026143649592995644,-0.8544973731040955,-0.15009640157222748,0.025559304282069206,-0.9836907982826233,-0.17804256081581116,-0.05064576119184494,-0.45275723934173584,-0.07275006175041199,-0.05297008529305458,-0.6584268808364868,-0.116485595703125,-0.044874630868434906,-0.7956061959266663,-0.14737746119499207,-0.03364244103431702,-0.9166092276573181,-0.16823403537273407,-0.1251552402973175,-0.38907498121261597,-0.08730990439653397,-0.12757933139801025,-0.5465646386146545,-0.12961412966251373,-0.11619007587432861,-0.6530932784080505,-0.15061114728450775,-0.09893017262220383,-0.7540910243988037,-0.16342177987098694,STOP
0.0,0.0,0.0,0.11464065313339233,-0.08128204941749573,-0.07038487493991852,0.1853800266981125,-0.23631997406482697,-0.09929846972227097,0.200882688164711,-0.38776272535324097,-0.12188010662794113,0.17949853837490082,-0.5148663520812988,-0.14434465765953064,0.10502892732620239,-0.47457796335220337,-0.06452701985836029,0.1029014065861702,-0.6726171374320984,-0.11587397754192352,0.09302295744419098,-0.8019813895225525,-0.15689285099506378,0.0825323686003685,-0.9170704483985901,-0.1858048290014267,0.0218997523188591,-0.48530808091163635,-0.06344817578792572,0.022674474865198135,-0.7060847282409668,-0.10945196449756622,0.020714152604341507,-0.8550761938095093,-0.1495450884103775,0.02078002132475376,-0.9837515950202942,-0.17832793295383453,-0.054679058492183685,-0.4549695551395416,-0.07068412750959396,-0.057362236082553864,-0.6594453454017639,-0.11451137065887451,-0.049216028302907944,-0.7961657643318176,-0.14647483825683594,-0.03783759847283363,-0.9173431992530823,-0.16824616491794586,-0.12914443016052246,-0.39116913080215454,-0.084774911403656,-0.13131099939346313,-0.5482890009880066,-0.12705829739570618,-0.12059032917022705,-0.6550428867340088,-0.14873069524765015,-0.10434268414974213,-0.7567034959793091,-0.16224192082881927,STOP
0.0,0.0,0.0,0.11566539853811264,-0.08142106235027313,-0.07102880626916885,0.18601520359516144,-0.23678572475910187,-0.09995574504137039,0.20302507281303406,-0.3894502520561218,-0.12246119976043701,0.17858125269412994,-0.5156093835830688,-0.14501617848873138,0.10448797047138214,-0.4711410105228424,-0.06623629480600357,0.10246167331933975,-0.6691513657569885,-0.11818146705627441,0.09224341809749603,-0.7985891699790955,-0.1594134271144867,0.08143501728773117,-0.9140836000442505,-0.18851974606513977,0.021484414115548134,-0.48160234093666077,-0.0650910884141922,0.02267228253185749,-0.7029460072517395,-0.11198238283395767,0.02051953412592411,-0.8529987931251526,-0.1526128351688385,0.02084619179368019,-0.9830980896949768,-0.1818886399269104,-0.055010050535202026,-0.45122483372688293,-0.07226810604333878,-0.05678441375494003,-0.6566765904426575,-0.11692127585411072,-0.04811396449804306,-0.7950614094734192,-0.14946268498897552,-0.03570971265435219,-0.9170828461647034,-0.17167259752750397,-0.12934941053390503,-0.3882264494895935,-0.08633915334939957,-0.13087037205696106,-0.5464169383049011,-0.12927022576332092,-0.11958625912666321,-0.6546223163604736,-0.15157705545425415,-0.10253946483135223,-0.7574131488800049,-0.16571806371212006,STOP
0.0,0.0,0.0,0.11423149704933167,-0.08054404705762863,-0.07189493626356125,0.18453463912010193,-0.2336089015007019,-0.10205548256635666,0.20089446008205414,-0.38377645611763,-0.12557131052017212,0.1780417263507843,-0.5093523859977722,-0.1491016149520874,0.10356126725673676,-0.46955475211143494,-0.06947623938322067,0.10104802995920181,-0.6683462858200073,-0.1223362386226654,0.09059026092290878,-0.7980877161026001,-0.16391752660274506,0.07983669638633728,-0.9138157367706299,-0.19312156736850739,0.020140066742897034,-0.4795556962490082,-0.06809064000844955,0.02075275033712387,-0.7010712027549744,-0.11571496725082397,0.017873065546154976,-0.8517528176307678,-0.1566462516784668,0.017654594033956528,-0.9823707342147827,-0.18610773980617523,-0.056608155369758606,-0.44907286763191223,-0.07489606738090515,-0.05930982530117035,-0.6542991399765015,-0.11990530043840408,-0.051123347133398056,-0.792228639125824,-0.15247799456119537,-0.039108868688344955,-0.9138357043266296,-0.17472465336322784,-0.1312895119190216,-0.3858741223812103,-0.08861581236124039,-0.13315892219543457,-0.5435523390769958,-0.131895050406456,-0.12165852636098862,-0.6512209177017212,-0.15429741144180298,-0.10420414060354233,-0.7537893056869507,-0.16844293475151062,STOP
0.0,0.0,0.0,0.11421729624271393,-0.08082138001918793,-0.0728575810790062,0.18244169652462006,-0.233821839094162,-0.10340409725904465,0.1978495717048645,-0.3836918771266937,-0.12713073194026947,0.1755504608154297,-0.5091190338134766,-0.1508270800113678,0.10067691653966904,-0.4693048298358917,-0.0704151839017868,0.09859655052423477,-0.6677036285400391,-0.12364517152309418,0.08853151649236679,-0.7982598543167114,-0.16546371579170227,0.07791081070899963,-0.9144240617752075,-0.19480089843273163,0.01725047454237938,-0.4793754518032074,-0.06849024444818497,0.017931560054421425,-0.7010034918785095,-0.11631187051534653,0.015908343717455864,-0.8516676425933838,-0.15699224174022675,0.016489047557115555,-0.9823715090751648,-0.1862107217311859,-0.05957820266485214,-0.44874975085258484,-0.07489777356386185,-0.06276499480009079,-0.6540265679359436,-0.12003929167985916,-0.05402003601193428,-0.7926105856895447,-0.15260480344295502,-0.041379302740097046,-0.9149837493896484,-0.17477306723594666,-0.13398100435733795,-0.38555893301963806,-0.08832268416881561,-0.13572973012924194,-0.543610155582428,-0.1314874142408371,-0.12439948320388794,-0.6518508791923523,-0.15398132801055908,-0.10760433971881866,-0.7549061179161072,-0.1682310253381729,STOP
0.0,0.0,0.0,0.11663419753313065,-0.07826919108629227,-0.07308446615934372,0.18862265348434448,-0.2324683666229248,-0.10315564274787903,0.20305345952510834,-0.38411322236061096,-0.12599408626556396,0.18163557350635529,-0.5106967091560364,-0.1486877202987671,0.10448367148637772,-0.4704124629497528,-0.07131560891866684,0.10277120769023895,-0.6703872084617615,-0.12433135509490967,0.09267938137054443,-0.8018769025802612,-0.16550996899604797,0.08179288357496262,-0.9180281162261963,-0.1941133737564087,0.020877769216895103,-0.47937628626823425,-0.06889524310827255,0.022430619224905968,-0.7020403146743774,-0.11645802110433578,0.02052823081612587,-0.8529193997383118,-0.15641380846500397,0.020876703783869743,-0.9825419783592224,-0.1848655343055725,-0.05544115975499153,-0.44855552911758423,-0.07474755495786667,-0.057817041873931885,-0.6538417935371399,-0.119477778673172,-0.04823129251599312,-0.7928356528282166,-0.1515318751335144,-0.035069867968559265,-0.9151830077171326,-0.1732146441936493,-0.12965592741966248,-0.3858036696910858,-0.08761443942785263,-0.13059349358081818,-0.544843316078186,-0.13057945668697357,-0.11922161281108856,-0.6531997919082642,-0.15287438035011292,-0.1023501306772232,-0.7566440105438232,-0.16674749553203583,STOP
0.0,0.0,0.0,0.11434897780418396,-0.0799170583486557,-0.07166637480258942,0.1845254749059677,-0.23306384682655334,-0.10183116793632507,0.19926196336746216,-0.3825846016407013,-0.12519749999046326,0.17935530841350555,-0.5088857412338257,-0.14866302907466888,0.10274498909711838,-0.46896547079086304,-0.07099147886037827,0.10090597718954086,-0.6676352024078369,-0.1241120919585228,0.09122537076473236,-0.7982676029205322,-0.1655322015285492,0.08095479011535645,-0.9140952229499817,-0.1944814920425415,0.019337527453899384,-0.47839245200157166,-0.06972289085388184,0.02055501565337181,-0.7010288834571838,-0.11737997829914093,0.01845918595790863,-0.8519374132156372,-0.15774795413017273,0.018464962020516396,-0.9822577238082886,-0.18662486970424652,-0.05692926049232483,-0.44728386402130127,-0.0765150636434555,-0.06012485921382904,-0.6535499095916748,-0.12147194892168045,-0.05187282711267471,-0.7922168374061584,-0.15382935106754303,-0.03979017958045006,-0.9145543575286865,-0.17587070167064667,-0.13096469640731812,-0.3833842873573303,-0.09015308320522308,-0.13331788778305054,-0.5407933592796326,-0.13331599533557892,-0.12163965404033661,-0.6481698751449585,-0.1555810570716858,-0.1040404886007309,-0.7505871057510376,-0.1695583164691925,STOP
0.0,0.0,0.0,0.1147141233086586,-0.07678347826004028,-0.07330876588821411,0.18875752389431,-0.22935660183429718,-0.1037554070353508,0.20396283268928528,-0.38056328892707825,-0.1269368976354599,0.17863985896110535,-0.5069282054901123,-0.149900883436203,0.10632707178592682,-0.4704079031944275,-0.07124444097280502,0.10440284013748169,-0.6687783598899841,-0.12383893132209778,0.0936913788318634,-0.7987898588180542,-0.16509060561656952,0.0822913870215416,-0.9146278500556946,-0.19379454851150513,0.022684896364808083,-0.4807754158973694,-0.06903967261314392,0.02442869544029236,-0.7028458118438721,-0.115354023873806,0.021926233544945717,-0.8533878326416016,-0.15471820533275604,0.021477630361914635,-0.9828867316246033,-0.1829545497894287,-0.05394721031188965,-0.45026695728302,-0.0751088410615921,-0.05616950988769531,-0.6555525064468384,-0.11843923479318619,-0.047776978462934494,-0.7935506701469421,-0.14934702217578888,-0.03569295257329941,-0.9151775240898132,-0.17052844166755676,-0.12889710068702698,-0.3867267072200775,-0.08835319429636002,-0.12991534173488617,-0.5451453924179077,-0.13000044226646423,-0.11870894581079483,-0.6525710225105286,-0.15092416107654572,-0.10193996131420135,-0.7551157474517822,-0.16395145654678345,STOP
0.0,0.0,0.0,0.11347340047359467,-0.08097871392965317,-0.07004892826080322,0.1840297132730484,-0.23240859806537628,-0.10018625110387802,0.2007521688938141,-0.3815041780471802,-0.12388996034860611,0.177331805229187,-0.5066192150115967,-0.14754799008369446,0.10376916825771332,-0.4716417193412781,-0.06880521774291992,0.10085651278495789,-0.6706039905548096,-0.12091715633869171,0.09029175341129303,-0.8000903129577637,-0.16193649172782898,0.07894101738929749,-0.9154730439186096,-0.19052350521087646,0.020442767068743706,-0.481001615524292,-0.06825373321771622,0.021072251722216606,-0.7036883234977722,-0.11432324349880219,0.018679825589060783,-0.8539469838142395,-0.15349005162715912,0.018087247386574745,-0.983210563659668,-0.1815761923789978,-0.05591784045100212,-0.44997337460517883,-0.07567527890205383,-0.059203822165727615,-0.656601071357727,-0.11846710741519928,-0.05169239267706871,-0.7948691248893738,-0.14883317053318024,-0.040387384593486786,-0.9166038036346436,-0.16969574987888336,-0.13010355830192566,-0.3862198293209076,-0.0899905189871788,-0.1331106424331665,-0.5444889068603516,-0.13095076382160187,-0.1224389597773552,-0.6519481539726257,-0.15120303630828857,-0.10586186498403549,-0.7536800503730774,-0.1637740582227707,STOP
0.0,0.0,0.0,0.11293849349021912,-0.08109579980373383,-0.06923413276672363,0.1816590577363968,-0.2329980581998825,-0.09894661605358124,0.19763095676898956,-0.3822011947631836,-0.12219893932342529,0.1747935265302658,-0.5083695650100708,-0.14528870582580566,0.1015484407544136,-0.4721134305000305,-0.06915100663900375,0.09955163300037384,-0.6706353425979614,-0.121502585709095,0.0891653448343277,-0.8001559972763062,-0.16232039034366608,0.07746736705303192,-0.9150668382644653,-0.1904662847518921,0.01932675763964653,-0.48209425806999207,-0.06882341206073761,0.020281817764043808,-0.7048540115356445,-0.11485941708087921,0.01774335652589798,-0.8553899526596069,-0.15297181904315948,0.016654478386044502,-0.9835211634635925,-0.18002428114414215,-0.05658281594514847,-0.4515518844127655,-0.07645345479249954,-0.059988733381032944,-0.6585928201675415,-0.11922507733106613,-0.05248335376381874,-0.7961745262145996,-0.1484656035900116,-0.04126245528459549,-0.9161950349807739,-0.1682635247707367,-0.13082441687583923,-0.38807398080825806,-0.09090235829353333,-0.1338927149772644,-0.5463472008705139,-0.13198678195476532,-0.12291939556598663,-0.6527006030082703,-0.15158607065677643,-0.10583431273698807,-0.7528016567230225,-0.16333672404289246,STOP
0.0,0.0,0.0,0.1142478659749031,-0.07907721400260925,-0.07082715630531311,0.18529990315437317,-0.23201414942741394,-0.10037217289209366,0.20116989314556122,-0.3841089606285095,-0.12309643626213074,0.17838017642498016,-0.5101883411407471,-0.1453777700662613,0.10417342185974121,-0.4766629636287689,-0.06752504408359528,0.10087356716394424,-0.6773549914360046,-0.11884286999702454,0.08966562151908875,-0.8078998923301697,-0.1593049317598343,0.07739795744419098,-0.922970712184906,-0.1872810274362564,0.021446211263537407,-0.4858678877353668,-0.06574923545122147,0.022395189851522446,-0.7088285684585571,-0.11013560742139816,0.019201010465621948,-0.8578967452049255,-0.14805574715137482,0.01768113300204277,-0.9843383431434631,-0.175400510430336,-0.05453905090689659,-0.4552273452281952,-0.07221393287181854,-0.05706450715661049,-0.6605156660079956,-0.11312971264123917,-0.04929593950510025,-0.7976508140563965,-0.14281132817268372,-0.03812815248966217,-0.9171066880226135,-0.16347353160381317,-0.12883418798446655,-0.3924289047718048,-0.08577795326709747,-0.1313433051109314,-0.5512787699699402,-0.12530474364757538,-0.1209806427359581,-0.6578969359397888,-0.14515961706638336,-0.10507050156593323,-0.7585347890853882,-0.15751376748085022,STOP
0.0,0.0,0.0,0.11370272189378738,-0.08129511773586273,-0.06948305666446686,0.1816728115081787,-0.2366180717945099,-0.09766232967376709,0.19898219406604767,-0.3888222575187683,-0.11943349242210388,0.17535966634750366,-0.5134082436561584,-0.1410008668899536,0.10127758234739304,-0.47640547156333923,-0.06497471034526825,0.09838610142469406,-0.675899863243103,-0.11541273444890976,0.0880943164229393,-0.8063419461250305,-0.15558059513568878,0.07674320042133331,-0.9213911890983582,-0.18369784951210022,0.018789999186992645,-0.4862903356552124,-0.06364747881889343,0.01915573701262474,-0.7084816694259644,-0.10762173682451248,0.016585765406489372,-0.8573412299156189,-0.14584220945835114,0.01585282012820244,-0.9847021698951721,-0.1735231578350067,-0.05728060007095337,-0.45570826530456543,-0.07045793533325195,-0.05977950990200043,-0.6615980863571167,-0.11164938658475876,-0.05184986814856529,-0.7985044121742249,-0.1419210433959961,-0.040499962866306305,-0.9186234474182129,-0.16293811798095703,-0.13124717772006989,-0.39267387986183167,-0.08419682830572128,-0.1340472549200058,-0.5509060621261597,-0.1241215243935585,-0.12373267859220505,-0.6577942371368408,-0.14446841180324554,-0.10814473032951355,-0.758834719657898,-0.15726158022880554,STOP
0.0,0.0,0.0,0.1155206635594368,-0.0779821053147316,-0.06950373202562332,0.1885276585817337,-0.2319028079509735,-0.09811938554048538,0.20498187839984894,-0.3839116394519806,-0.12002924084663391,0.18175610899925232,-0.5088955163955688,-0.1418275684118271,0.10780873894691467,-0.4736826419830322,-0.06928461045026779,0.10561671108007431,-0.6745486855506897,-0.12086637318134308,0.09455572813749313,-0.8060582876205444,-0.16097696125507355,0.08242145925760269,-0.9214668273925781,-0.18879301846027374,0.024297501891851425,-0.48305433988571167,-0.06831318885087967,0.025999609380960464,-0.7069076299667358,-0.11384233832359314,0.02320779487490654,-0.856476902961731,-0.15231038630008698,0.021968727931380272,-0.9834454655647278,-0.17986764013767242,-0.05169965326786041,-0.452590674161911,-0.075163334608078,-0.053956955671310425,-0.6587122082710266,-0.11739552021026611,-0.04532764106988907,-0.7961053252220154,-0.14796356856822968,-0.03356543555855751,-0.9163170456886292,-0.1690710335969925,-0.12559212744235992,-0.3898351192474365,-0.08883701264858246,-0.12719248235225677,-0.5485058426856995,-0.12968507409095764,-0.11608158051967621,-0.6550455689430237,-0.15049344301223755,-0.09935324639081955,-0.7562565803527832,-0.16343829035758972,STOP
0.0,0.0,0.0,0.11350257694721222,-0.0805475190281868,-0.0679556131362915,0.18302637338638306,-0.2357780933380127,-0.0962115153670311,0.20029892027378082,-0.3857634961605072,-0.11841677874326706,0.17892557382583618,-0.510696291923523,-0.14079436659812927,0.10352112352848053,-0.47409769892692566,-0.06648342311382294,0.10164465755224228,-0.6727960705757141,-0.11759365350008011,0.0910952240228653,-0.802452027797699,-0.1578257977962494,0.0793234333395958,-0.9169925451278687,-0.18605655431747437,0.02129562571644783,-0.48376309871673584,-0.06659305840730667,0.022528033703565598,-0.7061737179756165,-0.11193066090345383,0.019631939008831978,-0.8558257818222046,-0.1509549915790558,0.01804514229297638,-0.9836640954017639,-0.1791067272424698,-0.054571136832237244,-0.45278200507164,-0.07455042004585266,-0.05686037242412567,-0.6594856977462769,-0.1172172874212265,-0.04920593649148941,-0.7966894507408142,-0.14856088161468506,-0.03814731538295746,-0.9171440005302429,-0.17027005553245544,-0.1283242106437683,-0.3892989754676819,-0.089155413210392,-0.13152863085269928,-0.5466486811637878,-0.130845308303833,-0.12011744827032089,-0.6524127125740051,-0.15230496227741241,-0.10249057412147522,-0.7518266439437866,-0.165752574801445,STOP
0.0,0.0,0.0,0.115998275578022,-0.0804138332605362,-0.06912573426961899,0.185896635055542,-0.23777183890342712,-0.09652814269065857,0.2029111683368683,-0.3922725319862366,-0.11752061545848846,0.17735303938388824,-0.5156094431877136,-0.1383981704711914,0.10586250573396683,-0.4765757620334625,-0.06501328945159912,0.10333656519651413,-0.6764249205589294,-0.1151963323354721,0.09259568899869919,-0.8070377111434937,-0.15515443682670593,0.08062838762998581,-0.9222376346588135,-0.18325775861740112,0.023137951269745827,-0.48668932914733887,-0.06384683400392532,0.023425379768013954,-0.7085053324699402,-0.108090341091156,0.020669428631663322,-0.8572790622711182,-0.1465241014957428,0.019546227529644966,-0.9844725728034973,-0.17444674670696259,-0.052906766533851624,-0.4566139280796051,-0.07075995951890945,-0.05534858629107475,-0.6611638069152832,-0.1122245118021965,-0.04695025831460953,-0.7983713150024414,-0.1429855227470398,-0.03549092262983322,-0.9189978241920471,-0.1644383668899536,-0.12701234221458435,-0.3944953978061676,-0.08458874374628067,-0.129179909825325,-0.5527303814888,-0.12483081221580505,-0.11807165294885635,-0.6591881513595581,-0.14575769007205963,-0.10146454721689224,-0.7599835395812988,-0.1590907871723175,STOP
0.0,0.0,0.0,0.11339924484491348,-0.0821118950843811,-0.06781618297100067,0.18393011391162872,-0.2372044324874878,-0.09622903913259506,0.2018296718597412,-0.3878794014453888,-0.11848133057355881,0.1765514463186264,-0.5112404823303223,-0.14082011580467224,0.10426945239305496,-0.4747980237007141,-0.06700421869754791,0.10191315412521362,-0.673957884311676,-0.11835803091526031,0.09126347303390503,-0.8038666248321533,-0.15885965526103973,0.0797266736626625,-0.9187102913856506,-0.18720747530460358,0.021475108340382576,-0.48431992530822754,-0.06724069267511368,0.02234901674091816,-0.7066090106964111,-0.11246602982282639,0.0199135635048151,-0.8560236096382141,-0.1512061059474945,0.0192747563123703,-0.9836298227310181,-0.17916691303253174,-0.054938964545726776,-0.4533308744430542,-0.07526513189077377,-0.057457104325294495,-0.660366952419281,-0.11748722940683365,-0.0498155914247036,-0.7983712553977966,-0.14831919968128204,-0.03849424421787262,-0.9199004769325256,-0.1698167622089386,-0.1292847990989685,-0.38956841826438904,-0.08996114134788513,-0.13174040615558624,-0.5466820597648621,-0.13092100620269775,-0.12111681699752808,-0.6527901887893677,-0.15178947150707245,-0.10470889508724213,-0.7532200813293457,-0.16496425867080688,STOP
0.0,0.0,0.0,0.11474023759365082,-0.0797373503446579,-0.06676846742630005,0.18871988356113434,-0.23673640191555023,-0.0936027392745018,0.20539990067481995,-0.3896498680114746,-0.11433824151754379,0.1797216385602951,-0.5126422047615051,-0.1350981444120407,0.10779038816690445,-0.47819164395332336,-0.06375668197870255,0.10451136529445648,-0.6775712370872498,-0.11351779103279114,0.09386085718870163,-0.8070096969604492,-0.15318363904953003,0.08272278308868408,-0.9213567972183228,-0.18106190860271454,0.024410758167505264,-0.4877997934818268,-0.06401116400957108,0.024857085198163986,-0.7097436189651489,-0.10730930417776108,0.022418951615691185,-0.8581365346908569,-0.14531369507312775,0.022328978404402733,-0.9846677780151367,-0.17300532758235931,-0.05200573056936264,-0.45649033784866333,-0.07209905236959457,-0.05519784986972809,-0.662171483039856,-0.11274915188550949,-0.046821847558021545,-0.798277735710144,-0.1430138200521469,-0.034645579755306244,-0.9180936813354492,-0.16436630487442017,-0.1267896443605423,-0.3918854594230652,-0.08687809854745865,-0.12889675796031952,-0.5498284101486206,-0.12660233676433563,-0.11789550632238388,-0.655103862285614,-0.14684487879276276,-0.10099567472934723,-0.7552220225334167,-0.15975910425186157,STOP
0.0,0.0,0.0,0.11491738259792328,-0.07948681712150574,-0.06429701298475266,0.18978065252304077,-0.2359614372253418,-0.09024430066347122,0.20741459727287292,-0.38864198327064514,-0.11054286360740662,0.18054430186748505,-0.5079056620597839,-0.13104039430618286,0.10998643189668655,-0.4762020707130432,-0.06180194765329361,0.10708872228860855,-0.6746051907539368,-0.11082453280687332,0.09609720855951309,-0.8041452169418335,-0.15004368126392365,0.08464377373456955,-0.9184287190437317,-0.1776830404996872,0.027128202840685844,-0.486127644777298,-0.06299104541540146,0.027701111510396004,-0.7081593871116638,-0.1057686135172844,0.025296011939644814,-0.8573210835456848,-0.14327646791934967,0.02522534318268299,-0.9850243926048279,-0.17055979371070862,-0.04900738224387169,-0.45514342188835144,-0.07170344889163971,-0.05210244283080101,-0.6616283655166626,-0.11168250441551208,-0.04490739852190018,-0.798448920249939,-0.14112819731235504,-0.0337517075240612,-0.9190857410430908,-0.16196420788764954,-0.12361066788434982,-0.39093679189682007,-0.08693674206733704,-0.12628237903118134,-0.5482389330863953,-0.12582029402256012,-0.11618336290121078,-0.6536107659339905,-0.14517880976200104,-0.10021129995584488,-0.753781795501709,-0.15747927129268646,STOP
0.0,0.0,0.0,0.11673952639102936,-0.08017156273126602,-0.06295482814311981,0.19127777218818665,-0.2392227053642273,-0.0878174901008606,0.20933519303798676,-0.39412808418273926,-0.1072922796010971,0.18159765005111694,-0.5142761468887329,-0.12711884081363678,0.11274714022874832,-0.47946983575820923,-0.05936387926340103,0.11044063419103622,-0.6779852509498596,-0.10796243697404861,0.09973961114883423,-0.8072826266288757,-0.14709393680095673,0.08844635635614395,-0.9213753938674927,-0.17475548386573792,0.03074040077626705,-0.48912912607192993,-0.0611024871468544,0.03200376033782959,-0.7100165486335754,-0.10398904979228973,0.029625598341226578,-0.8585770130157471,-0.141434445977211,0.02863890677690506,-0.9852901697158813,-0.16847270727157593,-0.04511810466647148,-0.4580552279949188,-0.07036161422729492,-0.04855586588382721,-0.6642392873764038,-0.11092246323823929,-0.0423586443066597,-0.8006962537765503,-0.13991901278495789,-0.03270476311445236,-0.9209484457969666,-0.16012753546237946,-0.11998411267995834,-0.3939146101474762,-0.08599088340997696,-0.12341229617595673,-0.550408661365509,-0.12574730813503265,-0.11237940937280655,-0.6553596258163452,-0.1450248807668686,-0.09511250257492065,-0.7547377347946167,-0.15695005655288696,STOP
0.0,0.0,0.0,0.11647069454193115,-0.08035201579332352,-0.06391824781894684,0.18970780074596405,-0.24074040353298187,-0.08915305137634277,0.20862683653831482,-0.3944976329803467,-0.10898549854755402,0.1818118691444397,-0.5138141512870789,-0.1291716992855072,0.11388757079839706,-0.48125171661376953,-0.059767331928014755,0.11103349924087524,-0.678399384021759,-0.10821446031332016,0.09999530017375946,-0.8061403036117554,-0.14736582338809967,0.08827795088291168,-0.9193750619888306,-0.1753331869840622,0.032388389110565186,-0.49141404032707214,-0.061336223036050797,0.03293239697813988,-0.7108345627784729,-0.10461194068193436,0.0304319579154253,-0.8587141036987305,-0.14267326891422272,0.029396770521998405,-0.9849391579627991,-0.1703842729330063,-0.043818917125463486,-0.45998093485832214,-0.07063265144824982,-0.04688659682869911,-0.6652122735977173,-0.11195327341556549,-0.0408325158059597,-0.8020700812339783,-0.1425178050994873,-0.031546980142593384,-0.9232105612754822,-0.16397321224212646,-0.11898818612098694,-0.3957882225513458,-0.08632844686508179,-0.12189464271068573,-0.5522379875183105,-0.12692955136299133,-0.11190080642700195,-0.6580049395561218,-0.1477033793926239,-0.09595932066440582,-0.7583078145980835,-0.16101281344890594,STOP
0.0,0.0,0.0,0.11732282489538193,-0.08226218074560165,-0.06177317351102829,0.18815621733665466,-0.24379636347293854,-0.08538328111171722,0.20849968492984772,-0.3977622091770172,-0.10410969704389572,0.18129032850265503,-0.517331600189209,-0.12321517616510391,0.1111549586057663,-0.48339134454727173,-0.05538744106888771,0.10838896036148071,-0.6801353693008423,-0.10239607095718384,0.09794948250055313,-0.8074617385864258,-0.1409827470779419,0.08656053990125656,-0.9204446077346802,-0.1686660200357437,0.030232179909944534,-0.4927579462528229,-0.05736556649208069,0.0303022637963295,-0.7112557291984558,-0.09929719567298889,0.027809113264083862,-0.8589394688606262,-0.13689421117305756,0.02668466605246067,-0.98602294921875,-0.16445885598659515,-0.04539107158780098,-0.4608619511127472,-0.06704337894916534,-0.048428334295749664,-0.6642820239067078,-0.10714149475097656,-0.04247231036424637,-0.8010743260383606,-0.137074276804924,-0.03344890847802162,-0.9229633212089539,-0.1581975370645523,-0.11982519924640656,-0.3966704308986664,-0.08306008577346802,-0.12270732969045639,-0.5528615713119507,-0.12263470143079758,-0.11240505427122116,-0.6591072082519531,-0.14290070533752441,-0.09631433337926865,-0.7599559426307678,-0.15594042837619781,STOP
0.0,0.0,0.0,0.11790093034505844,-0.07924801111221313,-0.062413331121206284,0.19204899668693542,-0.2392776757478714,-0.08688624948263168,0.21383367478847504,-0.3925884962081909,-0.10626201331615448,0.18785159289836884,-0.5130274891853333,-0.12602481245994568,0.11624162644147873,-0.4812750518321991,-0.058194901794195175,0.1137550100684166,-0.6796760559082031,-0.10621580481529236,0.10320688784122467,-0.8079221248626709,-0.14506861567497253,0.09191112220287323,-0.9212563037872314,-0.17273163795471191,0.03507165610790253,-0.4907849431037903,-0.06015266850590706,0.035905610769987106,-0.7105318903923035,-0.10293044149875641,0.0333525612950325,-0.8583201169967651,-0.14077642560005188,0.03209478408098221,-0.985199511051178,-0.1683800369501114,-0.040741462260484695,-0.45936357975006104,-0.06968676298856735,-0.04335007816553116,-0.6642820239067078,-0.11026829481124878,-0.037282973527908325,-0.8008052110671997,-0.14010554552078247,-0.02799711748957634,-0.9220775365829468,-0.16111066937446594,-0.1155054122209549,-0.3958635628223419,-0.08555890619754791,-0.1181742325425148,-0.552459180355072,-0.12561483681201935,-0.10744446516036987,-0.6582329869270325,-0.14595931768417358,-0.09051728993654251,-0.7587690949440002,-0.15889523923397064,STOP
0.0,0.0,0.0,0.116458460688591,-0.08111706376075745,-0.06336250901222229,0.18853940069675446,-0.23935014009475708,-0.08869298547506332,0.20970667898654938,-0.39051544666290283,-0.10905997455120087,0.18539254367351532,-0.5131463408470154,-0.12993420660495758,0.11353732645511627,-0.47918227314949036,-0.05903887376189232,0.11059736460447311,-0.6755608916282654,-0.10796475410461426,0.10026450455188751,-0.8035885095596313,-0.14766933023929596,0.0894058495759964,-0.9174769520759583,-0.17615291476249695,0.032540611922740936,-0.48940756916999817,-0.06120535731315613,0.03327671438455582,-0.7077958583831787,-0.10556381195783615,0.031703658401966095,-0.8564788699150085,-0.1447312831878662,0.03157734125852585,-0.9843443632125854,-0.17340387403964996,-0.04332106560468674,-0.4583356976509094,-0.07117918133735657,-0.046488936990499496,-0.6614870429039001,-0.11346939951181412,-0.03989885747432709,-0.7985371351242065,-0.14494945108890533,-0.029827486723661423,-0.9209514260292053,-0.1671612709760666,-0.11798129975795746,-0.3948991000652313,-0.0875575989484787,-0.12102396041154861,-0.5501128435134888,-0.12922844290733337,-0.11036285758018494,-0.6566318273544312,-0.15116214752197266,-0.09340103715658188,-0.7583740949630737,-0.16547739505767822,STOP
0.0,0.0,0.0,0.11784001439809799,-0.08129173517227173,-0.061809323728084564,0.1899431198835373,-0.24188846349716187,-0.08557981252670288,0.21013711392879486,-0.3939831554889679,-0.10453319549560547,0.18483498692512512,-0.515055239200592,-0.12391620129346848,0.11386381089687347,-0.4817306697368622,-0.05612633377313614,0.1108936220407486,-0.6787527203559875,-0.10365196317434311,0.09996293485164642,-0.8065845370292664,-0.14241378009319305,0.08830200135707855,-0.9195617437362671,-0.17022950947284698,0.03218706324696541,-0.4910160303115845,-0.058497779071331024,0.03213298320770264,-0.7099440097808838,-0.10146179795265198,0.029773486778140068,-0.8583173751831055,-0.13994412124156952,0.028950562700629234,-0.9853500127792358,-0.16806918382644653,-0.044070031493902206,-0.4592118561267853,-0.06858403980731964,-0.047204162925481796,-0.6631369590759277,-0.10981158912181854,-0.0402568057179451,-0.8001114726066589,-0.14089910686016083,-0.030090874060988426,-0.9221103191375732,-0.16275697946548462,-0.11885988712310791,-0.39537927508354187,-0.08492904901504517,-0.12127620726823807,-0.5517067313194275,-0.12564396858215332,-0.1109590232372284,-0.6584049463272095,-0.14706005156040192,-0.09460411220788956,-0.7602644562721252,-0.16094627976417542,STOP
0.0,0.0,0.0,0.11528138071298599,-0.08240493386983871,-0.06229553371667862,0.18807807564735413,-0.23974616825580597,-0.08703144639730453,0.2089935690164566,-0.3916257917881012,-0.10713564604520798,0.17969605326652527,-0.5118393301963806,-0.12786519527435303,0.11289597302675247,-0.4805957078933716,-0.05595039203763008,0.11088137328624725,-0.6754792332649231,-0.10425376892089844,0.1003180667757988,-0.8032830357551575,-0.1440778374671936,0.08916628360748291,-0.9174738526344299,-0.1728198379278183,0.031887345016002655,-0.49101516604423523,-0.058721162378787994,0.03301757946610451,-0.7076902985572815,-0.10244183987379074,0.03063916228711605,-0.8559253811836243,-0.14199063181877136,0.029749106615781784,-0.9848042726516724,-0.17110063135623932,-0.044166091829538345,-0.4600476920604706,-0.06928952783346176,-0.04673527553677559,-0.6617358326911926,-0.11125723272562027,-0.04085438698530197,-0.7982667684555054,-0.14287930727005005,-0.03186037018895149,-0.9214543700218201,-0.165288046002388,-0.11948084086179733,-0.3960423767566681,-0.08621880412101746,-0.12114452570676804,-0.5500160455703735,-0.12733149528503418,-0.1102675199508667,-0.6559315919876099,-0.14875628054141998,-0.09347758442163467,-0.7578162550926208,-0.1628384292125702,STOP
0.0,0.0,0.0,0.11568128317594528,-0.08137668669223785,-0.06164620816707611,0.18753966689109802,-0.23984600603580475,-0.08580989390611649,0.20882844924926758,-0.3923525810241699,-0.10547040402889252,0.18195772171020508,-0.5113293528556824,-0.12552639842033386,0.11249114573001862,-0.47805896401405334,-0.05464504286646843,0.1105361208319664,-0.6734709143638611,-0.10217325389385223,0.10099209100008011,-0.8005730509757996,-0.14131607115268707,0.09082521498203278,-0.9151423573493958,-0.16952264308929443,0.03203952684998512,-0.4891771376132965,-0.05742602050304413,0.032467134296894073,-0.7070453763008118,-0.10020072758197784,0.030779551714658737,-0.8558868765830994,-0.1382337212562561,0.030449938029050827,-0.9856378436088562,-0.16610506176948547,-0.04346228018403053,-0.4593178331851959,-0.06801950186491013,-0.046618200838565826,-0.6618030071258545,-0.10890859365463257,-0.0403762087225914,-0.7981895208358765,-0.13835656642913818,-0.03121565841138363,-0.921406626701355,-0.1590481996536255,-0.11826162040233612,-0.3970835506916046,-0.08506462723016739,-0.11993701756000519,-0.5518248081207275,-0.12490596622228622,-0.10895122587680817,-0.6574260592460632,-0.14461596310138702,-0.0925319567322731,-0.7588315010070801,-0.15734991431236267,STOP
0.0,0.0,0.0,0.11955161392688751,-0.08629527688026428,-0.059066083282232285,0.19412986934185028,-0.24521483480930328,-0.08247920125722885,0.21572639048099518,-0.3965423107147217,-0.10198663175106049,0.1851765215396881,-0.5144057869911194,-0.12211354821920395,0.1184571236371994,-0.48008084297180176,-0.05201393738389015,0.11595651507377625,-0.6749444603919983,-0.09965313971042633,0.10637974739074707,-0.801948070526123,-0.13910457491874695,0.0970468521118164,-0.9165902137756348,-0.16746275126934052,0.03728482872247696,-0.49062636494636536,-0.05599840357899666,0.03740387782454491,-0.7073041200637817,-0.0988551676273346,0.036214135587215424,-0.8555887937545776,-0.13730493187904358,0.03704654052853584,-0.9854961037635803,-0.1656053364276886,-0.03918098658323288,-0.4610307812690735,-0.06765393167734146,-0.04201774299144745,-0.6628506183624268,-0.10805496573448181,-0.03484489396214485,-0.8006551861763,-0.13773036003112793,-0.024295557290315628,-0.925235390663147,-0.1588282734155655,-0.1151176244020462,-0.39986249804496765,-0.08560388535261154,-0.11683537811040878,-0.5552384257316589,-0.12467826157808304,-0.10718534141778946,-0.6622369885444641,-0.14441709220409393,-0.09224410355091095,-0.765125036239624,-0.1574321836233139,STOP
0.0,0.0,0.0,0.11880025267601013,-0.08545058965682983,-0.05927691236138344,0.193135604262352,-0.2452281415462494,-0.0824778825044632,0.2162836790084839,-0.39742887020111084,-0.10191106796264648,0.18405042588710785,-0.5141997933387756,-0.12213921546936035,0.11793725937604904,-0.4800095856189728,-0.050379518419504166,0.11645489186048508,-0.6751367449760437,-0.09782904386520386,0.1071920320391655,-0.8013642430305481,-0.1376742571592331,0.09799426048994064,-0.9149312376976013,-0.16606903076171875,0.03632170334458351,-0.4896019697189331,-0.05441952124238014,0.0383959524333477,-0.7065446972846985,-0.09676001965999603,0.03642694652080536,-0.8555338978767395,-0.13550473749637604,0.035661183297634125,-0.9858332872390747,-0.16389350593090057,-0.040522653609514236,-0.45992791652679443,-0.06621845811605453,-0.041178181767463684,-0.6606332659721375,-0.10583378374576569,-0.03531946241855621,-0.7965691089630127,-0.13497473299503326,-0.026829179376363754,-0.9191796183586121,-0.15562354028224945,-0.11771617829799652,-0.39855122566223145,-0.08439231663942337,-0.11859800666570663,-0.5522167086601257,-0.12232180684804916,-0.10801603645086288,-0.6573730111122131,-0.14072339236736298,-0.09242382645606995,-0.758350133895874,-0.15273793041706085,STOP
0.0,0.0,0.0,0.11835826188325882,-0.08377142250537872,-0.05622711405158043,0.18644089996814728,-0.24766521155834198,-0.07675397396087646,0.21043053269386292,-0.39575040340423584,-0.09392239898443222,0.1832120567560196,-0.5083571076393127,-0.11169473826885223,0.11119098216295242,-0.4832334816455841,-0.04722492769360542,0.10930093377828598,-0.6792964935302734,-0.09195654094219208,0.10099002718925476,-0.8049044013023376,-0.12947170436382294,0.09182775765657425,-0.9176421165466309,-0.1563018262386322,0.03068605437874794,-0.4925556778907776,-0.05165893957018852,0.030940279364585876,-0.7112768888473511,-0.0906594842672348,0.029005998745560646,-0.8595945239067078,-0.1261925995349884,0.027414632961153984,-0.9879237413406372,-0.15249645709991455,-0.04547986388206482,-0.4622141718864441,-0.06372232735157013,-0.04753686115145683,-0.6641495823860168,-0.1002010852098465,-0.04175630584359169,-0.800559401512146,-0.1271030753850937,-0.03408229723572731,-0.9227533340454102,-0.14650371670722961,-0.12167487293481827,-0.4007878601551056,-0.082020603120327,-0.12434066832065582,-0.5555891990661621,-0.11775542795658112,-0.11429411917924881,-0.6617100238800049,-0.13490791618824005,-0.09926971793174744,-0.7629770040512085,-0.14621992409229279,STOP
0.0,0.0,0.0,0.12302116304636002,-0.0893462598323822,-0.050045259296894073,0.18839068710803986,-0.25597357749938965,-0.06664586067199707,0.21453332901000977,-0.4063752293586731,-0.08118661493062973,0.18169227242469788,-0.5142048597335815,-0.09692119807004929,0.10893607139587402,-0.48962342739105225,-0.03845776990056038,0.10797755420207977,-0.6845957636833191,-0.08148808032274246,0.09965313225984573,-0.8099333643913269,-0.11882910132408142,0.090337835252285,-0.9222914576530457,-0.14597873389720917,0.028913337737321854,-0.5000461935997009,-0.04529881477355957,0.027777066454291344,-0.7168257832527161,-0.08314681053161621,0.025332588702440262,-0.8629271984100342,-0.11842603236436844,0.023502441123127937,-0.9891806244850159,-0.1448080837726593,-0.047411732375621796,-0.4707300662994385,-0.05962485074996948,-0.04965781047940254,-0.6738552451133728,-0.09551982581615448,-0.04277585446834564,-0.8102596998214722,-0.12200777977705002,-0.03417161852121353,-0.9323026537895203,-0.14125342667102814,-0.12372143566608429,-0.40992075204849243,-0.07977598160505295,-0.12696486711502075,-0.5664020776748657,-0.11534757912158966,-0.11779873073101044,-0.6741471290588379,-0.132268026471138,-0.10318677127361298,-0.7773938775062561,-0.14352411031723022,STOP
0.0,0.0,0.0,0.11749614030122757,-0.0852896049618721,-0.05021354928612709,0.18444547057151794,-0.24875310063362122,-0.0676809698343277,0.21353363990783691,-0.39196979999542236,-0.08308932185173035,0.196293443441391,-0.49507763981819153,-0.09912280738353729,0.10728084295988083,-0.490315705537796,-0.03927548974752426,0.10626637190580368,-0.6861740946769714,-0.08149473369121552,0.09882460534572601,-0.8120134472846985,-0.11781461536884308,0.09034571796655655,-0.9234561324119568,-0.14393490552902222,0.0285213403403759,-0.49905362725257874,-0.04600522294640541,0.028655990958213806,-0.71701580286026,-0.08308914303779602,0.026434265077114105,-0.8642642498016357,-0.11731616407632828,0.024634648114442825,-0.989484429359436,-0.14252643287181854,-0.046216435730457306,-0.46886464953422546,-0.06010417267680168,-0.050797075033187866,-0.6715744137763977,-0.0948585718870163,-0.045506127178668976,-0.8065358996391296,-0.12047730386257172,-0.03785646706819534,-0.9258177876472473,-0.13901467621326447,-0.12203649431467056,-0.40676018595695496,-0.08012035489082336,-0.1265723556280136,-0.5612323880195618,-0.11405032128095627,-0.11735591292381287,-0.6654771566390991,-0.12957976758480072,-0.10171786695718765,-0.7652969360351562,-0.1397600769996643,STOP
0.0,0.0,0.0,0.1191401407122612,-0.08439356088638306,-0.05043566972017288,0.18817542493343353,-0.2503061592578888,-0.06797338277101517,0.21922597289085388,-0.39536944031715393,-0.0834159180521965,0.20146022737026215,-0.49769705533981323,-0.09949684888124466,0.10926566272974014,-0.4925563633441925,-0.0393962562084198,0.10725119709968567,-0.6871079802513123,-0.08144737780094147,0.09959302842617035,-0.8121083974838257,-0.11811637878417969,0.0896170511841774,-0.9235200881958008,-0.14465995132923126,0.030243046581745148,-0.5014897584915161,-0.04586772248148918,0.03000517189502716,-0.7194899916648865,-0.08242641389369965,0.027951626107096672,-0.8655295968055725,-0.11603546887636185,0.024812612682580948,-0.9896945953369141,-0.14102774858474731,-0.04464498907327652,-0.4712546765804291,-0.05975930020213127,-0.04820968210697174,-0.6739987730979919,-0.09365183860063553,-0.04241373389959335,-0.8079900741577148,-0.1181253120303154,-0.03600011393427849,-0.9268277883529663,-0.13603852689266205,-0.12052206695079803,-0.40926626324653625,-0.07972052693367004,-0.12386936694383621,-0.5652195811271667,-0.11285668611526489,-0.11571852117776871,-0.6701489686965942,-0.1275380402803421,-0.10268081724643707,-0.7705475091934204,-0.13720761239528656,STOP
0.0,0.0,0.0,0.11769615113735199,-0.08974795043468475,-0.049790382385253906,0.18419599533081055,-0.2529573440551758,-0.06752028316259384,0.20811958611011505,-0.39255425333976746,-0.08325532078742981,0.19277141988277435,-0.4979894459247589,-0.0993201956152916,0.10507553070783615,-0.49790745973587036,-0.03767293319106102,0.10289579629898071,-0.6917914748191833,-0.07937653362751007,0.09515111893415451,-0.8168396949768066,-0.1157432273030281,0.08533288538455963,-0.9279149770736694,-0.14200063049793243,0.025193946436047554,-0.506094753742218,-0.04451754689216614,0.025431526824831963,-0.7219889760017395,-0.08063767105340958,0.02305472455918789,-0.8667159676551819,-0.11430493742227554,0.02025594934821129,-0.9900334477424622,-0.13936825096607208,-0.0495864674448967,-0.4749852418899536,-0.05886318162083626,-0.052994415163993835,-0.6758912801742554,-0.09212939441204071,-0.046879228204488754,-0.81047123670578,-0.11705280095338821,-0.03996165096759796,-0.9305396676063538,-0.1354982703924179,-0.12527155876159668,-0.4110468029975891,-0.07919212430715561,-0.1297859400510788,-0.5662427544593811,-0.11182116717100143,-0.12179485708475113,-0.6723432540893555,-0.1268322765827179,-0.10900408774614334,-0.7744124531745911,-0.13682815432548523,STOP
0.0,0.0,0.0,0.11343149840831757,-0.08753693103790283,-0.05474703758955002,0.18188849091529846,-0.24448217451572418,-0.07592916488647461,0.2080121636390686,-0.3846476972103119,-0.09445727616548538,0.19027376174926758,-0.49715784192085266,-0.1131792888045311,0.10269786417484283,-0.49136778712272644,-0.04248233884572983,0.09921063482761383,-0.683294415473938,-0.08719785511493683,0.09107793867588043,-0.8084945678710938,-0.12595461308956146,0.08264559507369995,-0.9209749102592468,-0.15402734279632568,0.02402813360095024,-0.5012775659561157,-0.048115454614162445,0.022458024322986603,-0.7159212231636047,-0.08753476291894913,0.020771363750100136,-0.8620598912239075,-0.12416604906320572,0.020428353920578957,-0.9882864952087402,-0.15123626589775085,-0.04976615309715271,-0.47077950835227966,-0.06166074797511101,-0.05591890588402748,-0.6723698973655701,-0.09866639226675034,-0.050015151500701904,-0.8070388436317444,-0.12643873691558838,-0.04151626303792,-0.9281406402587891,-0.14646725356578827,-0.12325245887041092,-0.40671491622924805,-0.08150613307952881,-0.12885528802871704,-0.5592665076255798,-0.11754143238067627,-0.12062124907970428,-0.6636684536933899,-0.13511331379413605,-0.10664857923984528,-0.764572024345398,-0.14666330814361572,STOP
0.0,0.0,0.0,0.11656039208173752,-0.08855543285608292,-0.05846172198653221,0.18502819538116455,-0.24978987872600555,-0.07938754558563232,0.2024892419576645,-0.39731478691101074,-0.09657903760671616,0.17833583056926727,-0.5157718658447266,-0.11355224251747131,0.1021813452243805,-0.493232399225235,-0.04351323843002319,0.0986846461892128,-0.6865190267562866,-0.08763045817613602,0.09036526083946228,-0.811994731426239,-0.12556612491607666,0.08142655342817307,-0.9246419072151184,-0.1530272364616394,0.023160139098763466,-0.5034125447273254,-0.04652955010533333,0.020519258454442024,-0.7188100218772888,-0.08532074093818665,0.018082421272993088,-0.8638021945953369,-0.121360182762146,0.017248690128326416,-0.9888213872909546,-0.14810436964035034,-0.05082115903496742,-0.4736543297767639,-0.05790458992123604,-0.05802974849939346,-0.6737163066864014,-0.09489971399307251,-0.05220242962241173,-0.8083362579345703,-0.12286841869354248,-0.04369252920150757,-0.9290738105773926,-0.1429891288280487,-0.12488136440515518,-0.4108824133872986,-0.07584139704704285,-0.13016989827156067,-0.5640445947647095,-0.1121259555220604,-0.12182898074388504,-0.6690280437469482,-0.13038238883018494,-0.10845841467380524,-0.7704390287399292,-0.1424599289894104,STOP
0.0,0.0,0.0,0.11793655157089233,-0.09517407417297363,-0.05928998813033104,0.19162584841251373,-0.2551579773426056,-0.08120974153280258,0.20367199182510376,-0.4027429223060608,-0.09924254566431046,0.17026641964912415,-0.5222369432449341,-0.11691935360431671,0.10504528135061264,-0.49803394079208374,-0.0422845222055912,0.09964539110660553,-0.6905572414398193,-0.08741391450166702,0.089793860912323,-0.815157949924469,-0.12615707516670227,0.08021968603134155,-0.9276885390281677,-0.1536770761013031,0.025875087827444077,-0.5063793063163757,-0.045162178575992584,0.02307802066206932,-0.7209191918373108,-0.08438605070114136,0.019694795832037926,-0.86503666639328,-0.12080658972263336,0.018535317853093147,-0.988901674747467,-0.14741097390651703,-0.04836110770702362,-0.4749242067337036,-0.05655898526310921,-0.05450037494301796,-0.6749371886253357,-0.09406856447458267,-0.05040508881211281,-0.8101893067359924,-0.12147104740142822,-0.04304133355617523,-0.9308598041534424,-0.14067456126213074,-0.12248624861240387,-0.410430371761322,-0.07457238435745239,-0.12707659602165222,-0.5650498867034912,-0.11083245277404785,-0.1186150386929512,-0.6704813838005066,-0.12779337167739868,-0.10536053031682968,-0.7714442610740662,-0.13840660452842712,STOP
0.0,0.0,0.0,0.11729448288679123,-0.09336700290441513,-0.061113059520721436,0.19000272452831268,-0.2549712657928467,-0.08372519165277481,0.20284263789653778,-0.40486520528793335,-0.10198603570461273,0.16870543360710144,-0.5249019265174866,-0.12000215798616409,0.10425446927547455,-0.49508780241012573,-0.0447920598089695,0.09973688423633575,-0.6874960064888,-0.09013225883245468,0.08977729082107544,-0.8126215934753418,-0.1289881020784378,0.08040938526391983,-0.924858808517456,-0.15684285759925842,0.025935376062989235,-0.5032235980033875,-0.04683442413806915,0.024068856611847878,-0.7179080247879028,-0.08661945909261703,0.021381892263889313,-0.8635510206222534,-0.12362702935934067,0.02094437927007675,-0.9883306622505188,-0.1508772373199463,-0.04779001325368881,-0.47138163447380066,-0.057500530034303665,-0.05411690101027489,-0.6719678640365601,-0.09586203098297119,-0.05001198872923851,-0.8074678182601929,-0.1245652511715889,-0.042283326387405396,-0.9281953573226929,-0.14496609568595886,-0.121610127389431,-0.407112717628479,-0.0748329758644104,-0.126776784658432,-0.559476375579834,-0.11238675564527512,-0.11824937909841537,-0.6638789176940918,-0.1311269849538803,-0.10453084111213684,-0.7642129063606262,-0.1433183252811432,STOP
0.0,0.0,0.0,0.12062935531139374,-0.09095574915409088,-0.06255403161048889,0.19698143005371094,-0.2551766037940979,-0.0846552699804306,0.20836040377616882,-0.4057086110115051,-0.10195622593164444,0.16930314898490906,-0.5197679996490479,-0.11889304220676422,0.10651102662086487,-0.4949928820133209,-0.04612783342599869,0.10175424069166183,-0.6887146830558777,-0.09115908294916153,0.09103157371282578,-0.8146070241928101,-0.1294373869895935,0.08025522530078888,-0.9265518188476562,-0.15683060884475708,0.027002321556210518,-0.5031850934028625,-0.047129739075899124,0.0245643500238657,-0.7185052037239075,-0.08682161569595337,0.020170213654637337,-0.864290177822113,-0.12358295917510986,0.01743507571518421,-0.9884418249130249,-0.15059445798397064,-0.047031063586473465,-0.471924364566803,-0.05674812197685242,-0.05323417857289314,-0.6717517375946045,-0.09510338306427002,-0.049239642918109894,-0.8068140149116516,-0.12394019961357117,-0.04245299473404884,-0.9262024164199829,-0.14425304532051086,-0.12136978656053543,-0.4083329141139984,-0.07316507399082184,-0.12495596706867218,-0.5619063973426819,-0.11033237725496292,-0.11587995290756226,-0.6665481328964233,-0.12891721725463867,-0.10212310403585434,-0.7664309740066528,-0.14102230966091156,STOP
0.0,0.0,0.0,0.12193533778190613,-0.08903054893016815,-0.06430874019861221,0.2002260833978653,-0.2520560622215271,-0.08727765083312988,0.2095566987991333,-0.4061129689216614,-0.10517428815364838,0.17194382846355438,-0.5254166722297668,-0.12284678965806961,0.10942519456148148,-0.4915083348751068,-0.04765560105443001,0.10691288113594055,-0.683803141117096,-0.09364146739244461,0.09726880490779877,-0.8094263076782227,-0.1326688677072525,0.08786958456039429,-0.9222843050956726,-0.16085143387317657,0.030723441392183304,-0.5007724165916443,-0.04831552878022194,0.03011994995176792,-0.7157939672470093,-0.0896807387471199,0.026778308674693108,-0.8617819547653198,-0.12794016301631927,0.02530737593770027,-0.9874311089515686,-0.1560104489326477,-0.042490359395742416,-0.4701661169528961,-0.057709529995918274,-0.04746580496430397,-0.6708019375801086,-0.09838300943374634,-0.042969804257154465,-0.807464599609375,-0.12852416932582855,-0.03589128702878952,-0.9290943741798401,-0.14959567785263062,-0.11651485413312912,-0.40748104453086853,-0.07384785264730453,-0.11916084587574005,-0.5616037845611572,-0.11329387873411179,-0.10951920598745346,-0.6673222780227661,-0.13314825296401978,-0.0956689864397049,-0.7690052390098572,-0.14607307314872742,STOP
0.0,0.0,0.0,0.12241902202367783,-0.09136504679918289,-0.06441061198711395,0.20220910012722015,-0.25308293104171753,-0.08798103779554367,0.2108938992023468,-0.4057612717151642,-0.10636692494153976,0.1727924793958664,-0.5248419046401978,-0.12462560087442398,0.1088934913277626,-0.4910242557525635,-0.048825643956661224,0.10530184209346771,-0.6848358511924744,-0.0950949564576149,0.09540049731731415,-0.8104749917984009,-0.13417446613311768,0.0863722637295723,-0.9237041473388672,-0.16216923296451569,0.029864871874451637,-0.49848127365112305,-0.04932161793112755,0.027800023555755615,-0.7141548991203308,-0.09086273610591888,0.02377128414809704,-0.8611127734184265,-0.1291693150997162,0.02213587611913681,-0.9873190522193909,-0.157197967171669,-0.043180759996175766,-0.46700727939605713,-0.058403272181749344,-0.048766545951366425,-0.6682901382446289,-0.09868930280208588,-0.04479225352406502,-0.8060078620910645,-0.1285022497177124,-0.037354324012994766,-0.9281083941459656,-0.14929839968681335,-0.11676018685102463,-0.4040842652320862,-0.07426191121339798,-0.12046120315790176,-0.557942807674408,-0.11323683708906174,-0.11148109287023544,-0.66390061378479,-0.13283170759677887,-0.0979161486029625,-0.7655738592147827,-0.14542986452579498,STOP
0.0,0.0,0.0,0.12255848199129105,-0.08982870727777481,-0.06727118790149689,0.20387578010559082,-0.2499413788318634,-0.09238847345113754,0.2176300436258316,-0.4056333303451538,-0.11203809082508087,0.1723279505968094,-0.5234870910644531,-0.13154619932174683,0.10912103205919266,-0.49025672674179077,-0.050017308443784714,0.10521018505096436,-0.6851897239685059,-0.09654073417186737,0.09459572285413742,-0.8107998371124268,-0.13612374663352966,0.08456052839756012,-0.9234493374824524,-0.1643323451280594,0.029569687321782112,-0.4993710517883301,-0.04930250346660614,0.027325361967086792,-0.7154245376586914,-0.09052243828773499,0.022152001038193703,-0.8619500994682312,-0.12903115153312683,0.01883053220808506,-0.9873554110527039,-0.15739957988262177,-0.04500994086265564,-0.4692569673061371,-0.0574149526655674,-0.049269650131464005,-0.6690670847892761,-0.0967884436249733,-0.0453241802752018,-0.8050364255905151,-0.12609988451004028,-0.03824734315276146,-0.9253515005111694,-0.1467784345149994,-0.12104833871126175,-0.40800827741622925,-0.07267569750547409,-0.1239948570728302,-0.5610777139663696,-0.11025596410036087,-0.11400943994522095,-0.6656674742698669,-0.1288364827632904,-0.09923779219388962,-0.7654878497123718,-0.14096654951572418,STOP
0.0,0.0,0.0,0.12371022999286652,-0.09153878688812256,-0.06936922669410706,0.20579999685287476,-0.2501576840877533,-0.09608577191829681,0.21722984313964844,-0.4070310890674591,-0.11704131960868835,0.1699965000152588,-0.5245040655136108,-0.13767030835151672,0.10792846232652664,-0.49156785011291504,-0.05080560967326164,0.10549922287464142,-0.6857230067253113,-0.09782051295042038,0.09609773755073547,-0.8104743361473083,-0.1380537748336792,0.08683204650878906,-0.923613429069519,-0.16671966016292572,0.028560910373926163,-0.501297652721405,-0.049313370138406754,0.026628535240888596,-0.7156808972358704,-0.09103255718946457,0.021984945982694626,-0.861361026763916,-0.12986890971660614,0.018980847671628,-0.9871962666511536,-0.15837673842906952,-0.04624282196164131,-0.47156333923339844,-0.056876420974731445,-0.050359271466732025,-0.6700600981712341,-0.0968998372554779,-0.045523177832365036,-0.8066167235374451,-0.12612971663475037,-0.03795408084988594,-0.9280192255973816,-0.1464490294456482,-0.12312950193881989,-0.41073116660118103,-0.07172106951475143,-0.12550237774848938,-0.5649831891059875,-0.10964716970920563,-0.1156480461359024,-0.6708375811576843,-0.12796393036842346,-0.10149133205413818,-0.7717758417129517,-0.1396748274564743,STOP
0.0,0.0,0.0,0.12185933440923691,-0.09010986983776093,-0.0710257962346077,0.2092181146144867,-0.24765630066394806,-0.09910038858652115,0.21928857266902924,-0.40492504835128784,-0.12086424231529236,0.17083726823329926,-0.5213322639465332,-0.1422656625509262,0.10985715687274933,-0.49088117480278015,-0.05407211184501648,0.10547919571399689,-0.6848414540290833,-0.10230943560600281,0.09548640996217728,-0.8099377155303955,-0.14321184158325195,0.08728744834661484,-0.9232469797134399,-0.17238599061965942,0.029244152829051018,-0.49985748529434204,-0.05228213965892792,0.026595842093229294,-0.7140290141105652,-0.09515582770109177,0.02185581810772419,-0.860080897808075,-0.1349601000547409,0.02050931751728058,-0.986216127872467,-0.16418619453907013,-0.045625992119312286,-0.4694652855396271,-0.05952032655477524,-0.05030840262770653,-0.6684656739234924,-0.10063637048006058,-0.04546848684549332,-0.8048173785209656,-0.13077759742736816,-0.03642595186829567,-0.925918698310852,-0.15183250606060028,-0.12251069396734238,-0.4072011113166809,-0.07411306351423264,-0.1251797378063202,-0.560272216796875,-0.11312892287969589,-0.11529366672039032,-0.6647942662239075,-0.13241000473499298,-0.10065224766731262,-0.7653067111968994,-0.144826740026474,STOP
0.0,0.0,0.0,0.12332519888877869,-0.09149935841560364,-0.07123331725597382,0.20757624506950378,-0.24997267127037048,-0.09931820631027222,0.22087937593460083,-0.4090190827846527,-0.12119781225919724,0.17001426219940186,-0.524132251739502,-0.1427609622478485,0.10956965386867523,-0.4904945492744446,-0.053508516401052475,0.10505731403827667,-0.6865081787109375,-0.1008453443646431,0.09441513568162918,-0.8114559054374695,-0.14123840630054474,0.08413900434970856,-0.9245791435241699,-0.16998791694641113,0.02855849638581276,-0.5000141263008118,-0.05139622092247009,0.02642744779586792,-0.7168875932693481,-0.09273169934749603,0.021189037710428238,-0.8622022867202759,-0.13132494688034058,0.01754417084157467,-0.9869866371154785,-0.15984231233596802,-0.04765008017420769,-0.46993589401245117,-0.058352336287498474,-0.051067013293504715,-0.6708940267562866,-0.09751280397176743,-0.047177769243717194,-0.8069909811019897,-0.12642768025398254,-0.04039803519845009,-0.9268982410430908,-0.14678576588630676,-0.12584461271762848,-0.4086306691169739,-0.07279124855995178,-0.1285291165113449,-0.5647760033607483,-0.10968129336833954,-0.11927152425050735,-0.67107093334198,-0.12761735916137695,-0.1058323085308075,-0.7720822691917419,-0.13932505249977112,STOP
0.0,0.0,0.0,0.12481518089771271,-0.08932532370090485,-0.07501614093780518,0.2119782716035843,-0.25093987584114075,-0.1039494201540947,0.22208788990974426,-0.4127481281757355,-0.12583734095096588,0.1670209914445877,-0.5232561230659485,-0.14734822511672974,0.1091923788189888,-0.4923878312110901,-0.056231219321489334,0.10477390140295029,-0.6877080202102661,-0.10356918722391129,0.09412261098623276,-0.8120157718658447,-0.14431527256965637,0.08417151868343353,-0.9254796504974365,-0.17363202571868896,0.02731856144964695,-0.5015931725502014,-0.052363473922014236,0.02438301406800747,-0.7164109945297241,-0.09373520314693451,0.01888906955718994,-0.8609809279441833,-0.1330668032169342,0.015178862027823925,-0.9866050481796265,-0.16241921484470367,-0.048660796135663986,-0.47074317932128906,-0.05777938663959503,-0.051668472588062286,-0.6694160103797913,-0.09736095368862152,-0.04747409000992775,-0.8063198924064636,-0.1273999959230423,-0.040906473994255066,-0.9279674887657166,-0.14862874150276184,-0.12636728584766388,-0.4087832570075989,-0.07096685469150543,-0.12815456092357635,-0.5658407211303711,-0.10822436213493347,-0.1194513663649559,-0.6725782752037048,-0.1269165426492691,-0.10733521729707718,-0.7749127149581909,-0.13933910429477692,STOP
0.0,0.0,0.0,0.12650088965892792,-0.08759307861328125,-0.07562364637851715,0.21586188673973083,-0.2512311637401581,-0.10462229698896408,0.2261163592338562,-0.416381299495697,-0.12615437805652618,0.16600234806537628,-0.523830235004425,-0.1474120020866394,0.111662857234478,-0.4910728335380554,-0.05818527564406395,0.10517535358667374,-0.6876403093338013,-0.10540781915187836,0.09291637688875198,-0.8127918243408203,-0.14571738243103027,0.08210431039333344,-0.926093339920044,-0.17478083074092865,0.029287712648510933,-0.5001039505004883,-0.053656384348869324,0.0247102789580822,-0.7160437703132629,-0.09502486139535904,0.018438559025526047,-0.8615210652351379,-0.1340976357460022,0.014571614563465118,-0.986483097076416,-0.16321396827697754,-0.047121960669755936,-0.4689456820487976,-0.05821269750595093,-0.05115508288145065,-0.6689046025276184,-0.09801846742630005,-0.048376087099313736,-0.8056901097297668,-0.1280638873577118,-0.04254376143217087,-0.926298975944519,-0.14929510653018951,-0.12488321214914322,-0.40685150027275085,-0.07044713944196701,-0.12708093225955963,-0.5629850029945374,-0.10812113434076309,-0.11876124143600464,-0.6684139370918274,-0.12708622217178345,-0.10676935315132141,-0.7690556049346924,-0.13966481387615204,STOP
0.0,0.0,0.0,0.12579846382141113,-0.08923347294330597,-0.07445194572210312,0.21433472633361816,-0.2514156401157379,-0.1036098375916481,0.22557596862316132,-0.41460761427879333,-0.12564405798912048,0.1682150512933731,-0.5206376910209656,-0.1474960893392563,0.11040805280208588,-0.4917883574962616,-0.057702936232089996,0.10501136630773544,-0.6886672973632812,-0.10527375340461731,0.09273175895214081,-0.8143718838691711,-0.14595545828342438,0.0810239166021347,-0.9272807240486145,-0.17518304288387299,0.028483133763074875,-0.4995037019252777,-0.05420362576842308,0.025396352633833885,-0.7163387537002563,-0.09578119218349457,0.01873605139553547,-0.8621676564216614,-0.1350935846567154,0.013189081102609634,-0.986304759979248,-0.1644047200679779,-0.04773438349366188,-0.4679430425167084,-0.05974024161696434,-0.05052649602293968,-0.6680232286453247,-0.09955637156963348,-0.047834720462560654,-0.8037434816360474,-0.12970945239067078,-0.0430203452706337,-0.9227927923202515,-0.15108202397823334,-0.12591302394866943,-0.4055386483669281,-0.07289177924394608,-0.1277426779270172,-0.5616570115089417,-0.11052091419696808,-0.11868079006671906,-0.6672292351722717,-0.12951643764972687,-0.10629282891750336,-0.7675894498825073,-0.14221619069576263,STOP
0.0,0.0,0.0,0.1257508248090744,-0.08746292442083359,-0.07435185462236404,0.21132898330688477,-0.25043708086013794,-0.10311637818813324,0.22321386635303497,-0.4145604074001312,-0.12478409707546234,0.1681549847126007,-0.5224082469940186,-0.14643846452236176,0.1089973971247673,-0.4915395975112915,-0.05866902321577072,0.10472981631755829,-0.6893479228019714,-0.10626406222581863,0.09434878826141357,-0.815496027469635,-0.1466369330883026,0.08454517275094986,-0.9287347197532654,-0.17565298080444336,0.02756059542298317,-0.49934354424476624,-0.055005647242069244,0.024590427055954933,-0.7162683010101318,-0.09687501192092896,0.019421720877289772,-0.8619116544723511,-0.13587914407253265,0.015684518963098526,-0.9861777424812317,-0.1649467498064041,-0.04762044548988342,-0.4679368734359741,-0.06036015599966049,-0.05116146802902222,-0.6677194833755493,-0.10034532845020294,-0.04751930385828018,-0.8052331209182739,-0.13054537773132324,-0.041200097650289536,-0.9261946082115173,-0.1520034372806549,-0.12450647354125977,-0.4060155749320984,-0.07334820926189423,-0.12711943686008453,-0.5623572468757629,-0.11131714284420013,-0.11863532662391663,-0.6687931418418884,-0.13064150512218475,-0.10637559741735458,-0.770319402217865,-0.1436270922422409,STOP
0.0,0.0,0.0,0.12405973672866821,-0.0908501148223877,-0.07251342386007309,0.2079763114452362,-0.2533222734928131,-0.1011219397187233,0.22113151848316193,-0.41566789150238037,-0.12295179814100266,0.16550762951374054,-0.5242279767990112,-0.1446404606103897,0.1052335798740387,-0.492048054933548,-0.05748746544122696,0.09996667504310608,-0.6900225877761841,-0.1049753800034523,0.0893016830086708,-0.8151061534881592,-0.14509765803813934,0.07958429306745529,-0.9272850751876831,-0.17366723716259003,0.02451309934258461,-0.4992888569831848,-0.05438566952943802,0.02061062678694725,-0.7170400619506836,-0.09600546956062317,0.015344500541687012,-0.8631418943405151,-0.13431847095489502,0.011415298096835613,-0.9866138696670532,-0.1626737415790558,-0.050251565873622894,-0.46745046973228455,-0.060212068259716034,-0.05618615448474884,-0.6678334474563599,-0.09972251951694489,-0.05252894014120102,-0.8045009970664978,-0.12908858060836792,-0.04587467387318611,-0.9235007166862488,-0.14980177581310272,-0.12601834535598755,-0.4058965742588043,-0.07352444529533386,-0.1299620419740677,-0.5611645579338074,-0.11082234233617783,-0.12075713276863098,-0.6665585041046143,-0.1295245736837387,-0.10714364051818848,-0.7660443186759949,-0.14190934598445892,STOP
0.0,0.0,0.0,0.12380275875329971,-0.09070879966020584,-0.07720071822404861,0.2102597951889038,-0.2516217827796936,-0.10792065411806107,0.22381868958473206,-0.4156478941440582,-0.13115978240966797,0.1688210815191269,-0.5278997421264648,-0.15385589003562927,0.10777502506971359,-0.49225154519081116,-0.059275709092617035,0.10279226303100586,-0.6896377801895142,-0.10752692818641663,0.09149576723575592,-0.8148057460784912,-0.1484609991312027,0.08127964287996292,-0.9281815886497498,-0.17780739068984985,0.02647082880139351,-0.5015212297439575,-0.054153066128492355,0.022244684398174286,-0.7180003523826599,-0.09644757211208344,0.016819145530462265,-0.862412691116333,-0.13542120158672333,0.013962149620056152,-0.9862926006317139,-0.16441403329372406,-0.04897408187389374,-0.4710157513618469,-0.05852704495191574,-0.05366260185837746,-0.6707671284675598,-0.09898387640714645,-0.04921810328960419,-0.8064289093017578,-0.1286662518978119,-0.04157751798629761,-0.9262670278549194,-0.1496138870716095,-0.1255367547273636,-0.41028720140457153,-0.07084432989358902,-0.12853515148162842,-0.5652831792831421,-0.10895764827728271,-0.11954450607299805,-0.6703429222106934,-0.12803779542446136,-0.10661334544420242,-0.770639955997467,-0.14068135619163513,STOP
0.0,0.0,0.0,0.12449178099632263,-0.08965811133384705,-0.07688867300748825,0.2096799910068512,-0.2515644431114197,-0.10691504925489426,0.22239504754543304,-0.41589316725730896,-0.12951205670833588,0.16909247636795044,-0.5302512645721436,-0.1515333205461502,0.10635867714881897,-0.49471229314804077,-0.057689182460308075,0.10152751207351685,-0.6912731528282166,-0.10522671788930893,0.09101570397615433,-0.8157079219818115,-0.14583632349967957,0.08176486194133759,-0.928142786026001,-0.17497941851615906,0.024719638749957085,-0.5028592944145203,-0.05252445116639137,0.019812457263469696,-0.7179612517356873,-0.09432632476091385,0.01446925476193428,-0.8626757860183716,-0.13332122564315796,0.011902975849807262,-0.9866742491722107,-0.1622723937034607,-0.05077695474028587,-0.47101640701293945,-0.0569123812019825,-0.05676178261637688,-0.6699857711791992,-0.09727517515420914,-0.05264928191900253,-0.8061944842338562,-0.12732630968093872,-0.044909872114658356,-0.9270163178443909,-0.14844177663326263,-0.12716270983219147,-0.40883100032806396,-0.06919007003307343,-0.13003550469875336,-0.564001202583313,-0.10760068148374557,-0.12122996151447296,-0.6699897646903992,-0.1272304356098175,-0.1081954762339592,-0.7716599106788635,-0.14015904068946838,STOP
0.0,0.0,0.0,0.12460403144359589,-0.08976955711841583,-0.07834333181381226,0.21235007047653198,-0.25158965587615967,-0.10935355722904205,0.22267305850982666,-0.4167936444282532,-0.13256114721298218,0.1639728993177414,-0.525789737701416,-0.1554548144340515,0.10768705606460571,-0.49248531460762024,-0.06094937399029732,0.102594293653965,-0.6888298988342285,-0.10947730392217636,0.09207432717084885,-0.8135080337524414,-0.1507796198129654,0.08341539651155472,-0.9265816807746887,-0.18053746223449707,0.02624095417559147,-0.5014133453369141,-0.0554918572306633,0.021282052621245384,-0.7164942026138306,-0.09846276044845581,0.015815362334251404,-0.8616858124732971,-0.13851062953472137,0.013042294420301914,-0.985655665397644,-0.16826406121253967,-0.048508308827877045,-0.4703277349472046,-0.0594744011759758,-0.054934386163949966,-0.6689768433570862,-0.10099359601736069,-0.050828658044338226,-0.804949939250946,-0.13214069604873657,-0.0429256334900856,-0.9251359105110168,-0.15396158397197723,-0.12387699633836746,-0.4088212847709656,-0.07140395790338516,-0.12816692888736725,-0.5635777115821838,-0.11066382378339767,-0.11898734420537949,-0.6688224673271179,-0.13102607429027557,-0.10529834777116776,-0.7694012522697449,-0.14453501999378204,STOP
0.0,0.0,0.0,0.126056969165802,-0.090829998254776,-0.07457689195871353,0.2134852260351181,-0.2548089325428009,-0.10344201326370239,0.2242632806301117,-0.4218007028102875,-0.12508384883403778,0.1665458083152771,-0.5293846130371094,-0.14636743068695068,0.10888025909662247,-0.4950452148914337,-0.056570105254650116,0.10384683310985565,-0.692812979221344,-0.10325153172016144,0.0926724448800087,-0.8177022337913513,-0.14328713715076447,0.08254975825548172,-0.9304408431053162,-0.17223261296749115,0.026979945600032806,-0.5028308629989624,-0.052418287843465805,0.022529250010848045,-0.7195768356323242,-0.09347186982631683,0.01729046367108822,-0.8639326095581055,-0.13191519677639008,0.014082212932407856,-0.9869354963302612,-0.1604991853237152,-0.04809508100152016,-0.4715713858604431,-0.05744541808962822,-0.05323880538344383,-0.6723348498344421,-0.09714073687791824,-0.049072351306676865,-0.809296727180481,-0.12669481337070465,-0.04193059727549553,-0.9292045831680298,-0.14745990931987762,-0.12363103777170181,-0.41001760959625244,-0.07017038762569427,-0.12705519795417786,-0.5670585036277771,-0.10787207633256912,-0.11811661720275879,-0.6730961799621582,-0.1267828792333603,-0.10532156378030777,-0.7734312415122986,-0.1392013281583786,STOP
0.0,0.0,0.0,0.125079944729805,-0.09104122966527939,-0.07459808140993118,0.20999445021152496,-0.25336459279060364,-0.10374225676059723,0.22238267958164215,-0.41700389981269836,-0.12580843269824982,0.1676376461982727,-0.5268319845199585,-0.14757339656352997,0.10810696333646774,-0.4954623281955719,-0.05637475103139877,0.10323259234428406,-0.6920005083084106,-0.10325111448764801,0.09219065308570862,-0.8169925808906555,-0.14363624155521393,0.08179424703121185,-0.9299289584159851,-0.17278170585632324,0.026974352076649666,-0.5030816197395325,-0.052397068589925766,0.023420870304107666,-0.7181597948074341,-0.09350638836622238,0.0181503277271986,-0.8631955981254578,-0.13216397166252136,0.0146644813939929,-0.9868532419204712,-0.1609523892402649,-0.048138927668333054,-0.47123417258262634,-0.05771207809448242,-0.05256003513932228,-0.6707019209861755,-0.09737696498632431,-0.048743657767772675,-0.8069461584091187,-0.12717339396476746,-0.04165935143828392,-0.9270369410514832,-0.148179829120636,-0.12403125315904617,-0.40926027297973633,-0.07075772434473038,-0.1264253407716751,-0.5650522708892822,-0.10866094380617142,-0.11671069264411926,-0.6706030964851379,-0.12788239121437073,-0.10248014330863953,-0.771162748336792,-0.14055359363555908,STOP
0.0,0.0,0.0,0.12537430226802826,-0.08946733921766281,-0.07700489461421967,0.2117927074432373,-0.25213858485221863,-0.10754859447479248,0.22407221794128418,-0.4187842905521393,-0.13058426976203918,0.16470393538475037,-0.5238879323005676,-0.15324272215366364,0.10967064648866653,-0.49176859855651855,-0.05876905098557472,0.104270339012146,-0.6884891986846924,-0.10600090026855469,0.09226971864700317,-0.8136746883392334,-0.14643219113349915,0.08126240968704224,-0.9270550608634949,-0.1757129579782486,0.028684549033641815,-0.5017946362495422,-0.053673483431339264,0.024687813594937325,-0.7172588109970093,-0.09529465436935425,0.019952304661273956,-0.8626569509506226,-0.13373693823814392,0.01705355755984783,-0.9866011738777161,-0.16225704550743103,-0.04621943458914757,-0.4716774821281433,-0.057973794639110565,-0.051864251494407654,-0.6710849404335022,-0.09822093695402145,-0.0471222959458828,-0.8068342208862305,-0.12777744233608246,-0.039010629057884216,-0.9258349537849426,-0.14845874905586243,-0.12156892567873001,-0.4113698899745941,-0.0702047273516655,-0.12542372941970825,-0.5656586289405823,-0.10821091383695602,-0.11585347354412079,-0.6697703003883362,-0.12717396020889282,-0.10167373716831207,-0.7682065367698669,-0.1396609991788864,STOP
0.0,0.0,0.0,0.12781643867492676,-0.09188789129257202,-0.07726079970598221,0.21433408558368683,-0.2548421621322632,-0.1073751226067543,0.22437378764152527,-0.41817253828048706,-0.13014303147792816,0.16862356662750244,-0.5256919264793396,-0.152399480342865,0.1120196282863617,-0.49715954065322876,-0.05640808865427971,0.10478181391954422,-0.6930065155029297,-0.10377826541662216,0.09227908402681351,-0.8182864189147949,-0.14460799098014832,0.08112557232379913,-0.9309661388397217,-0.17410147190093994,0.028774525970220566,-0.505280077457428,-0.05140488222241402,0.023909011855721474,-0.7200106382369995,-0.09318719804286957,0.01890861988067627,-0.8644618391990662,-0.132046639919281,0.016155017539858818,-0.9868528842926025,-0.16081184148788452,-0.04796411097049713,-0.4734532833099365,-0.05618739500641823,-0.05307012423872948,-0.6732291579246521,-0.09687940776348114,-0.04838043823838234,-0.8087196946144104,-0.12691214680671692,-0.04039816930890083,-0.9274078607559204,-0.1477915346622467,-0.12480681389570236,-0.4111934006214142,-0.06898403912782669,-0.12828463315963745,-0.5671385526657104,-0.10743492096662521,-0.1186857670545578,-0.6723260283470154,-0.12685677409172058,-0.10482674092054367,-0.7724173069000244,-0.13964074850082397,STOP
0.0,0.0,0.0,0.12690773606300354,-0.0889066532254219,-0.07688778638839722,0.21200689673423767,-0.24865290522575378,-0.10694923251867294,0.22593626379966736,-0.41226375102996826,-0.12964141368865967,0.17254765331745148,-0.5237395167350769,-0.1520378440618515,0.1109461709856987,-0.4930005967617035,-0.057481057941913605,0.10618823021650314,-0.689325749874115,-0.10427352041006088,0.09506802260875702,-0.8136698603630066,-0.14479760825634003,0.0848676860332489,-0.9268475770950317,-0.1742282658815384,0.029313111677765846,-0.5016869306564331,-0.052285172045230865,0.0257275253534317,-0.7171124815940857,-0.09334821254014969,0.020660290494561195,-0.8621554374694824,-0.13246150314807892,0.017595596611499786,-0.9866823554039001,-0.1617046445608139,-0.04618224874138832,-0.4700671136379242,-0.056491635739803314,-0.050984807312488556,-0.6694477200508118,-0.09627165645360947,-0.0470518134534359,-0.8051055073738098,-0.12635663151741028,-0.03964114189147949,-0.9250270128250122,-0.14757780730724335,-0.12176121026277542,-0.40811264514923096,-0.06862026453018188,-0.12502165138721466,-0.5632143020629883,-0.10654779523611069,-0.11509707570075989,-0.6681724190711975,-0.1258912980556488,-0.1005522757768631,-0.7680391073226929,-0.1387220323085785,STOP
0.0,0.0,0.0,0.12704718112945557,-0.08956561237573624,-0.07524055987596512,0.21149037778377533,-0.2519863247871399,-0.10462632030248642,0.22680245339870453,-0.41615477204322815,-0.12683451175689697,0.17148850858211517,-0.5248669385910034,-0.14884069561958313,0.11208388954401016,-0.49352142214775085,-0.057240236550569534,0.10661540180444717,-0.6913585662841797,-0.10426662117242813,0.09479684382677078,-0.8176321983337402,-0.14496870338916779,0.08352984488010406,-0.931341290473938,-0.1744014322757721,0.03018856979906559,-0.5022376179695129,-0.0526750385761261,0.027141936123371124,-0.7185078263282776,-0.09375264495611191,0.022227004170417786,-0.8636752367019653,-0.13242597877979279,0.018396807834506035,-0.9867411255836487,-0.1612558662891388,-0.04546777531504631,-0.471643328666687,-0.057349082082509995,-0.04912889748811722,-0.6717223525047302,-0.09661560505628586,-0.04470821097493172,-0.8072038888931274,-0.12609532475471497,-0.037724606692790985,-0.9258528351783752,-0.14697058498859406,-0.12101210653781891,-0.4110572636127472,-0.06985685229301453,-0.12331940233707428,-0.5661849975585938,-0.10718686133623123,-0.11290649324655533,-0.6706019639968872,-0.12601740658283234,-0.09820528328418732,-0.7693572044372559,-0.13853482902050018,STOP
0.0,0.0,0.0,0.12648822367191315,-0.08867133408784866,-0.07534283399581909,0.2106993943452835,-0.25035935640335083,-0.10469240695238113,0.22564829885959625,-0.4141767621040344,-0.12692946195602417,0.17290982604026794,-0.5233992338180542,-0.14879702031612396,0.11238183081150055,-0.49482664465904236,-0.056772518903017044,0.10691177845001221,-0.6927160024642944,-0.10333970934152603,0.09544799476861954,-0.8184301257133484,-0.14365670084953308,0.08446867018938065,-0.9316380620002747,-0.17279596626758575,0.030216533690690994,-0.5034386515617371,-0.05245572701096535,0.027392499148845673,-0.7197446227073669,-0.09294160455465317,0.02202943153679371,-0.8640258312225342,-0.13139870762825012,0.01817558892071247,-0.986926257610321,-0.1601443588733673,-0.04588000848889351,-0.4726199507713318,-0.05743066966533661,-0.049137916415929794,-0.672437846660614,-0.09597031772136688,-0.04482387378811836,-0.8083725571632385,-0.12538616359233856,-0.03760523349046707,-0.9278090596199036,-0.14636768400669098,-0.1227230355143547,-0.411292165517807,-0.07030905783176422,-0.12517809867858887,-0.5676031112670898,-0.10682360827922821,-0.1157870814204216,-0.6732950210571289,-0.12537747621536255,-0.10203360766172409,-0.7736588716506958,-0.13782073557376862,STOP
0.0,0.0,0.0,0.12572643160820007,-0.08809486776590347,-0.07402125746011734,0.20770150423049927,-0.24885453283786774,-0.1028250977396965,0.2241896688938141,-0.40951475501060486,-0.12487375736236572,0.17416250705718994,-0.5203195214271545,-0.1467662900686264,0.11086070537567139,-0.49298426508903503,-0.05727154389023781,0.10562188923358917,-0.6898065805435181,-0.1046970784664154,0.0947241261601448,-0.8153612613677979,-0.14546999335289001,0.08478779345750809,-0.9283207654953003,-0.17503215372562408,0.029736943542957306,-0.5018300414085388,-0.053950611501932144,0.025968434289097786,-0.7175217270851135,-0.09601593762636185,0.020574089139699936,-0.862822413444519,-0.13549228012561798,0.017175691202282906,-0.9861698746681213,-0.16484512388706207,-0.045766424387693405,-0.47041651606559753,-0.05982381850481033,-0.05059989541769028,-0.6708572506904602,-0.10032807290554047,-0.046396635472774506,-0.8073878288269043,-0.13113172352313995,-0.038962215185165405,-0.9275080561637878,-0.15286579728126526,-0.12184218317270279,-0.40820175409317017,-0.07336418330669403,-0.12501651048660278,-0.5636597275733948,-0.11216788738965988,-0.1162707656621933,-0.6698996424674988,-0.13250550627708435,-0.10321787744760513,-0.7710447311401367,-0.14605332911014557,STOP
0.0,0.0,0.0,0.12623131275177002,-0.0888381153345108,-0.07707145810127258,0.21032464504241943,-0.25043365359306335,-0.10714460909366608,0.2234666645526886,-0.4125099778175354,-0.12982605397701263,0.1713935136795044,-0.521637499332428,-0.15217550098896027,0.11113150417804718,-0.4925324618816376,-0.05876850709319115,0.10606461018323898,-0.6867029666900635,-0.10637009143829346,0.09525216370820999,-0.8105741143226624,-0.1474170982837677,0.08577382564544678,-0.9229819774627686,-0.1773633360862732,0.0294245146214962,-0.5020811557769775,-0.053895652294158936,0.02544352039694786,-0.716004490852356,-0.09647459536790848,0.020143866539001465,-0.8611882328987122,-0.13660438358783722,0.017511995509266853,-0.9858852624893188,-0.16650404036045074,-0.046103667467832565,-0.47068268060684204,-0.05844823643565178,-0.05155811086297035,-0.6694177389144897,-0.09990321099758148,-0.047356054186820984,-0.8047759532928467,-0.13152723014354706,-0.03915051370859146,-0.9244331121444702,-0.15372730791568756,-0.12189070880413055,-0.4083983600139618,-0.07085500657558441,-0.1257220208644867,-0.5621557235717773,-0.11027824133634567,-0.11675723642110825,-0.6674599051475525,-0.13130547106266022,-0.10282893478870392,-0.7684828042984009,-0.14544665813446045,STOP
0.0,0.0,0.0,0.12846235930919647,-0.08723365515470505,-0.07950827479362488,0.2110176682472229,-0.248895525932312,-0.11010551452636719,0.22234739363193512,-0.41149792075157166,-0.1328195333480835,0.17366518080234528,-0.5259118676185608,-0.15494389832019806,0.11083129793405533,-0.4933167099952698,-0.06060902029275894,0.10522612929344177,-0.6889199614524841,-0.10870654135942459,0.09360546618700027,-0.8139837384223938,-0.14974571764469147,0.08303748816251755,-0.9265343546867371,-0.17950402200222015,0.028510726988315582,-0.5026716589927673,-0.05447953939437866,0.02479434385895729,-0.7175180315971375,-0.0973142683506012,0.01951596327126026,-0.8624124526977539,-0.13713794946670532,0.016848674044013023,-0.9858730435371399,-0.1666448563337326,-0.04780397564172745,-0.47165754437446594,-0.05809985101222992,-0.052446573972702026,-0.6721897721290588,-0.09993798285722733,-0.04820701852440834,-0.8079005479812622,-0.1314103752374649,-0.04017272964119911,-0.9271644949913025,-0.1532876044511795,-0.12417737394571304,-0.40985792875289917,-0.06976411491632462,-0.12712617218494415,-0.5655032992362976,-0.10981060564517975,-0.11744371801614761,-0.671886146068573,-0.1311606615781784,-0.10289819538593292,-0.7734497785568237,-0.14528043568134308,STOP
0.0,0.0,0.0,0.127282053232193,-0.08504162728786469,-0.07935696095228195,0.21016499400138855,-0.24529021978378296,-0.10976430773735046,0.22250214219093323,-0.4091932773590088,-0.13218793272972107,0.17532946169376373,-0.525288999080658,-0.15410730242729187,0.11225078999996185,-0.49266403913497925,-0.060444530099630356,0.10702554881572723,-0.6889469027519226,-0.10816916078329086,0.09538093209266663,-0.8144963979721069,-0.14929862320423126,0.08452986180782318,-0.9276949763298035,-0.17915306985378265,0.030786890536546707,-0.5022885203361511,-0.05395258590579033,0.027187639847397804,-0.7176514863967896,-0.09619518369436264,0.02130701206624508,-0.8625771999359131,-0.13594581186771393,0.017660854384303093,-0.9860506057739258,-0.16550596058368683,-0.044678740203380585,-0.4720103442668915,-0.057097405195236206,-0.04881938919425011,-0.6725017428398132,-0.09810438752174377,-0.044815804809331894,-0.8079291582107544,-0.12914890050888062,-0.03751693293452263,-0.9269856214523315,-0.15088802576065063,-0.12084536254405975,-0.41104260087013245,-0.06830691546201706,-0.12289155274629593,-0.5660706758499146,-0.10774524509906769,-0.11299222707748413,-0.670792818069458,-0.12847498059272766,-0.09856243431568146,-0.7706283330917358,-0.14207948744297028,STOP
0.0,0.0,0.0,0.1251383274793625,-0.08986380696296692,-0.07368326932191849,0.2070530652999878,-0.24933870136737823,-0.10276613384485245,0.22085492312908173,-0.41109004616737366,-0.1250872164964676,0.17127832770347595,-0.5244774222373962,-0.14702969789505005,0.10813799500465393,-0.49551838636398315,-0.05480760335922241,0.1037156730890274,-0.6910043954849243,-0.1014697477221489,0.09289916604757309,-0.8151976466178894,-0.14189296960830688,0.08235414326190948,-0.9272246360778809,-0.17111285030841827,0.027733214199543,-0.503783106803894,-0.05115354061126709,0.024739595130085945,-0.7191457152366638,-0.09228532761335373,0.019760625436902046,-0.8641366958618164,-0.13083665072917938,0.01616594009101391,-0.9870694875717163,-0.15947595238685608,-0.047217004001140594,-0.4722334146499634,-0.056820087134838104,-0.05225476995110512,-0.6724686622619629,-0.09654653072357178,-0.04792638123035431,-0.8075001239776611,-0.12597665190696716,-0.04056581109762192,-0.9259777069091797,-0.14664718508720398,-0.1227935254573822,-0.4102189242839813,-0.07017044723033905,-0.126251682639122,-0.5649299025535583,-0.1081298291683197,-0.11613611876964569,-0.6695864200592041,-0.1272028237581253,-0.10147327184677124,-0.7686135172843933,-0.13966986536979675,STOP
0.0,0.0,0.0,0.12724415957927704,-0.08800458908081055,-0.07695157080888748,0.21146894991397858,-0.2519587278366089,-0.10607027262449265,0.22495205700397491,-0.41801974177360535,-0.1277647763490677,0.16887310147285461,-0.5258605480194092,-0.14909517765045166,0.10950840264558792,-0.49631378054618835,-0.056129090487957,0.10498618334531784,-0.6900277137756348,-0.1027718186378479,0.09347891807556152,-0.8142722845077515,-0.1434025913476944,0.08251430094242096,-0.9269179701805115,-0.17321401834487915,0.028340771794319153,-0.505562961101532,-0.05089244246482849,0.02530895173549652,-0.719066858291626,-0.09224007278680801,0.020500080659985542,-0.8634710907936096,-0.1313263475894928,0.01764998957514763,-0.9868675470352173,-0.1605640947818756,-0.04701516404747963,-0.47398641705513,-0.05529006943106651,-0.05127875134348869,-0.6734181642532349,-0.09594696760177612,-0.04612891748547554,-0.8088133931159973,-0.12652447819709778,-0.0377383828163147,-0.9276939034461975,-0.14793428778648376,-0.12274038791656494,-0.4120001792907715,-0.06763264536857605,-0.12489760667085648,-0.5670579075813293,-0.10655723512172699,-0.11488616466522217,-0.6721428036689758,-0.1268165111541748,-0.1003393828868866,-0.7718982100486755,-0.14031177759170532,STOP
0.0,0.0,0.0,0.12577849626541138,-0.089350625872612,-0.07457374781370163,0.20848235487937927,-0.2478684037923813,-0.10333211719989777,0.22480395436286926,-0.4097246825695038,-0.12541237473487854,0.17378905415534973,-0.5215612053871155,-0.1471097320318222,0.10909104347229004,-0.49530526995658875,-0.0532732792198658,0.10503439605236053,-0.6887141466140747,-0.0994873121380806,0.09449836611747742,-0.8128865361213684,-0.14012806117534637,0.08421674370765686,-0.9260329008102417,-0.16985860466957092,0.027989791706204414,-0.50523442029953,-0.04937351495027542,0.025487471371889114,-0.7190943360328674,-0.09008029103279114,0.021373741328716278,-0.8631769418716431,-0.12893347442150116,0.019306225702166557,-0.9872490763664246,-0.15800800919532776,-0.04770350828766823,-0.474143922328949,-0.05502954497933388,-0.05174609646201134,-0.6740537881851196,-0.09454267472028732,-0.04646483436226845,-0.8085402846336365,-0.12431389093399048,-0.03768336772918701,-0.9277310967445374,-0.1453002393245697,-0.12392839044332504,-0.4121168255805969,-0.06855899840593338,-0.12706080079078674,-0.5667903423309326,-0.10623542219400406,-0.11736273765563965,-0.6723491549491882,-0.1254836469888687,-0.10288605093955994,-0.7732983231544495,-0.13829956948757172,STOP
0.0,0.0,0.0,0.13045991957187653,-0.0903140977025032,-0.07242264598608017,0.2154732346534729,-0.2545563876628876,-0.09913083910942078,0.2282893806695938,-0.4194110333919525,-0.11923811584711075,0.17086172103881836,-0.5230045318603516,-0.13907501101493835,0.11049953103065491,-0.49795985221862793,-0.050189074128866196,0.10537049919366837,-0.692022442817688,-0.09453844279050827,0.0945109948515892,-0.8157128095626831,-0.13389821350574493,0.0837886855006218,-0.9269665479660034,-0.16259537637233734,0.028321921825408936,-0.5064006447792053,-0.04628985375165939,0.025196457281708717,-0.7214667797088623,-0.08516476303339005,0.02031293325126171,-0.8655776381492615,-0.1227940022945404,0.01700606755912304,-0.9884222149848938,-0.15077242255210876,-0.04792673885822296,-0.47525203227996826,-0.05163848027586937,-0.05208399146795273,-0.675218403339386,-0.08942481130361557,-0.04723990708589554,-0.8097944855690002,-0.11818739026784897,-0.03959013149142265,-0.9271731376647949,-0.1382785588502884,-0.12490351498126984,-0.41395291686058044,-0.0646314024925232,-0.12783676385879517,-0.5694910287857056,-0.1004284992814064,-0.11818228662014008,-0.6741992831230164,-0.11827252805233002,-0.10396016389131546,-0.7730140089988708,-0.12996254861354828,STOP
0.0,0.0,0.0,0.12937620282173157,-0.09035522490739822,-0.07120583206415176,0.2136739045381546,-0.2557855248451233,-0.09704457223415375,0.226524218916893,-0.4194849729537964,-0.11642765253782272,0.16802816092967987,-0.5200429558753967,-0.1355120837688446,0.10927677899599075,-0.4972916841506958,-0.05004584416747093,0.10363765805959702,-0.6926566958427429,-0.09432530403137207,0.09253627061843872,-0.8174124956130981,-0.13334789872169495,0.08133061975240707,-0.9292175769805908,-0.16160517930984497,0.027010206133127213,-0.5062127709388733,-0.04663771390914917,0.023786457255482674,-0.7221261262893677,-0.08513472229242325,0.01895720697939396,-0.8665775656700134,-0.12193190306425095,0.015274354256689548,-0.9886931777000427,-0.14917269349098206,-0.049219537526369095,-0.4756357669830322,-0.05235666781663895,-0.05315864086151123,-0.6764362454414368,-0.08921011537313461,-0.04810120537877083,-0.8114907741546631,-0.11697132885456085,-0.04060100018978119,-0.9287112355232239,-0.1363784223794937,-0.1261914074420929,-0.41469600796699524,-0.06573345512151718,-0.12883217632770538,-0.5716242790222168,-0.10031897574663162,-0.11956246942281723,-0.6772430539131165,-0.11718343943357468,-0.10582912713289261,-0.7767559885978699,-0.1282329112291336,STOP
0.0,0.0,0.0,0.1300819367170334,-0.08962699770927429,-0.07179287075996399,0.21692222356796265,-0.2541986405849457,-0.09813836216926575,0.23040282726287842,-0.41961047053337097,-0.11788873374462128,0.17025409638881683,-0.5218361020088196,-0.13724097609519958,0.11139971762895584,-0.497451514005661,-0.049757521599531174,0.10541977733373642,-0.6926999688148499,-0.09411081671714783,0.09455007314682007,-0.8175473809242249,-0.13316917419433594,0.08406725525856018,-0.9290372133255005,-0.16130590438842773,0.02871333621442318,-0.5068432688713074,-0.045941948890686035,0.025682030245661736,-0.7232009768486023,-0.08412759006023407,0.021362263709306717,-0.8675141334533691,-0.12057975679636002,0.018403219059109688,-0.9888973832130432,-0.147455632686615,-0.04758813977241516,-0.4764503538608551,-0.05136319249868393,-0.051901739090681076,-0.6775282025337219,-0.08810516446828842,-0.04680638015270233,-0.8119949102401733,-0.11548172682523727,-0.038992688059806824,-0.9278684854507446,-0.1344742625951767,-0.12456735968589783,-0.41532406210899353,-0.06448034942150116,-0.12773841619491577,-0.5727498531341553,-0.0990372970700264,-0.11853613704442978,-0.6779282689094543,-0.11562801897525787,-0.10479161143302917,-0.7767137289047241,-0.12630236148834229,STOP
0.0,0.0,0.0,0.12871219217777252,-0.09059407562017441,-0.07195129990577698,0.21683494746685028,-0.2553514838218689,-0.09868227690458298,0.2318296581506729,-0.4208543002605438,-0.11871697008609772,0.1702871024608612,-0.5218848586082458,-0.13825705647468567,0.11063370853662491,-0.5008678436279297,-0.0496048703789711,0.10449372977018356,-0.6962589025497437,-0.0936698168516159,0.09287693351507187,-0.8211020827293396,-0.13270695507526398,0.08212058246135712,-0.9324374198913574,-0.16107584536075592,0.028065050020813942,-0.5096986293792725,-0.046009380370378494,0.024286191910505295,-0.7252416014671326,-0.08410321921110153,0.01993650384247303,-0.8688217997550964,-0.12057866156101227,0.017471469938755035,-0.9888928532600403,-0.14760015904903412,-0.04809684678912163,-0.4786132276058197,-0.05170580744743347,-0.05296146869659424,-0.6798754334449768,-0.0885717049241066,-0.04778439179062843,-0.8139151930809021,-0.11595672369003296,-0.039359115064144135,-0.9302424192428589,-0.13513721525669098,-0.12502078711986542,-0.4164291322231293,-0.06514187902212143,-0.12849590182304382,-0.5731353163719177,-0.10014617443084717,-0.11871850490570068,-0.6780893206596375,-0.11710618436336517,-0.10383643209934235,-0.7774916887283325,-0.12814918160438538,STOP
0.0,0.0,0.0,0.1280500292778015,-0.0874248668551445,-0.07318387925624847,0.2138218879699707,-0.2510165572166443,-0.10019047558307648,0.22963111102581024,-0.41919973492622375,-0.1204405352473259,0.17099979519844055,-0.520637571811676,-0.14044097065925598,0.1099679172039032,-0.4990863800048828,-0.05097497999668121,0.1049756184220314,-0.6949118971824646,-0.09543600678443909,0.09352733939886093,-0.8205248713493347,-0.13482441008090973,0.0824502557516098,-0.9329819083213806,-0.1636677235364914,0.027557944878935814,-0.5091385841369629,-0.04685676842927933,0.024356046691536903,-0.7242258191108704,-0.08538578450679779,0.019375067204236984,-0.8675863146781921,-0.12225594371557236,0.016192004084587097,-0.9885776042938232,-0.14984078705310822,-0.048624590039253235,-0.47867900133132935,-0.052093394100666046,-0.05255383625626564,-0.6795550584793091,-0.08934355527162552,-0.04762868955731392,-0.8136645555496216,-0.1170627623796463,-0.039686139672994614,-0.9307716488838196,-0.13671843707561493,-0.1256086677312851,-0.4168795347213745,-0.06519967317581177,-0.12803657352924347,-0.5732402205467224,-0.1005769744515419,-0.11805056035518646,-0.6783738732337952,-0.11796286702156067,-0.10344620048999786,-0.7783644199371338,-0.12953048944473267,STOP
0.0,0.0,0.0,0.12687242031097412,-0.08797374367713928,-0.07323434203863144,0.21139590442180634,-0.25025656819343567,-0.10045680403709412,0.2286510169506073,-0.41525527834892273,-0.12102346867322922,0.17237292230129242,-0.5204144716262817,-0.14109806716442108,0.10852565616369247,-0.49930134415626526,-0.05065783113241196,0.10380637645721436,-0.6952528357505798,-0.09496978670358658,0.09392992407083511,-0.8200871348381042,-0.13409817218780518,0.084439717233181,-0.9322253465652466,-0.1625758409500122,0.027118947356939316,-0.5092167854309082,-0.04664289951324463,0.023509496822953224,-0.7249022126197815,-0.08463265001773834,0.01946314238011837,-0.8680506348609924,-0.12095242738723755,0.0171376820653677,-0.9888233542442322,-0.14810383319854736,-0.048570383340120316,-0.47845757007598877,-0.0521443672478199,-0.053141847252845764,-0.6794062256813049,-0.0890054851770401,-0.04809173569083214,-0.8132283687591553,-0.11649210005998611,-0.040106143802404404,-0.9306278228759766,-0.1359187811613083,-0.12538902461528778,-0.41654717922210693,-0.06555456668138504,-0.12881943583488464,-0.5730136036872864,-0.10084619373083115,-0.119376540184021,-0.6779977083206177,-0.11814413964748383,-0.10562438517808914,-0.7778925895690918,-0.12953723967075348,STOP
0.0,0.0,0.0,0.12943772971630096,-0.09263026714324951,-0.07010793685913086,0.21330209076404572,-0.2620953917503357,-0.09492523968219757,0.2243363857269287,-0.42558321356773376,-0.11348269879817963,0.165021151304245,-0.5226432681083679,-0.13163059949874878,0.10448197275400162,-0.5052434206008911,-0.046651892364025116,0.09883664548397064,-0.699240505695343,-0.08932371437549591,0.08847632259130478,-0.8228683471679688,-0.12750978767871857,0.07859420776367188,-0.9333943128585815,-0.1554272472858429,0.02261538989841938,-0.5125948190689087,-0.04371017590165138,0.017903389409184456,-0.7269716858863831,-0.0805191919207573,0.013659785501658916,-0.8696798086166382,-0.1159629225730896,0.011087407357990742,-0.9897554516792297,-0.14234206080436707,-0.0526936911046505,-0.480508953332901,-0.050103265792131424,-0.05864374339580536,-0.6812836527824402,-0.08620447665452957,-0.05359505116939545,-0.8148452639579773,-0.11316217482089996,-0.04558904841542244,-0.9313802123069763,-0.13198643922805786,-0.1289525330066681,-0.41753852367401123,-0.06416600197553635,-0.1337777078151703,-0.5746508240699768,-0.0986790806055069,-0.12395969033241272,-0.6799214482307434,-0.11551665514707565,-0.1091337651014328,-0.77995765209198,-0.12656033039093018,STOP
0.0,0.0,0.0,0.12566648423671722,-0.09065752476453781,-0.07025068253278732,0.20971505343914032,-0.25484320521354675,-0.09665947407484055,0.22687247395515442,-0.42017388343811035,-0.11706787347793579,0.16599041223526,-0.5192246437072754,-0.13729886710643768,0.10460841655731201,-0.5009151697158813,-0.048341915011405945,0.10057470947504044,-0.6940770745277405,-0.09262047708034515,0.09104760736227036,-0.8174218535423279,-0.13207636773586273,0.08168356865644455,-0.9292835593223572,-0.16076995432376862,0.02352908067405224,-0.5109657645225525,-0.04585389792919159,0.02012854442000389,-0.7252394556999207,-0.08316957205533981,0.016083549708127975,-0.8672328591346741,-0.1188436895608902,0.013634727336466312,-0.9892343282699585,-0.14570356905460358,-0.05180159583687782,-0.4802413880825043,-0.052615705877542496,-0.055471695959568024,-0.6802384853363037,-0.08843684941530228,-0.05042606219649315,-0.813157856464386,-0.11458110064268112,-0.04295891523361206,-0.9301097989082336,-0.13321088254451752,-0.12857386469841003,-0.41741374135017395,-0.06714142113924026,-0.1312621533870697,-0.5736881494522095,-0.10087881982326508,-0.12199786305427551,-0.6781432032585144,-0.11645123362541199,-0.1089203879237175,-0.7772701978683472,-0.1267801821231842,STOP
0.0,0.0,0.0,0.12742556631565094,-0.09258213639259338,-0.06979627162218094,0.21158796548843384,-0.2588483393192291,-0.09515362977981567,0.2232847958803177,-0.42157724499702454,-0.11446984857320786,0.1645401567220688,-0.5187841653823853,-0.13354721665382385,0.10380134731531143,-0.5035977959632874,-0.046573836356401443,0.09831718355417252,-0.6951276063919067,-0.09029576927423477,0.08862339705228806,-0.8176884055137634,-0.1294841766357422,0.08031047880649567,-0.9279788732528687,-0.15804345905780792,0.021370436996221542,-0.5120634436607361,-0.04425214231014252,0.01680099032819271,-0.7253440022468567,-0.08163200318813324,0.013207143172621727,-0.8678764700889587,-0.1175355464220047,0.012211988680064678,-0.989446759223938,-0.1443813294172287,-0.05439474433660507,-0.47993627190589905,-0.05132507532835007,-0.060016583651304245,-0.6797354221343994,-0.08807948231697083,-0.055291593074798584,-0.8134419918060303,-0.11535618454217911,-0.04711149260401726,-0.93105548620224,-0.13449358940124512,-0.13119091093540192,-0.41502779722213745,-0.066017284989357,-0.13528336584568024,-0.5705264210700989,-0.10100354254245758,-0.12550517916679382,-0.6747369766235352,-0.11774168163537979,-0.11136196553707123,-0.7738185524940491,-0.12874913215637207,STOP
0.0,0.0,0.0,0.12700840830802917,-0.09723759442567825,-0.0677005723118782,0.21214132010936737,-0.2686464786529541,-0.09158088266849518,0.22014445066452026,-0.4328976273536682,-0.10952936112880707,0.15926630795001984,-0.527712881565094,-0.12712104618549347,0.10084450244903564,-0.5066824555397034,-0.04413994774222374,0.09407550096511841,-0.6989761590957642,-0.08734425157308578,0.08365900069475174,-0.8226013779640198,-0.12594357132911682,0.07563624531030655,-0.9332510232925415,-0.15400058031082153,0.01833348348736763,-0.5141745805740356,-0.04235938563942909,0.011986644938588142,-0.7274219393730164,-0.07944895327091217,0.008644390851259232,-0.8696339130401611,-0.11489896476268768,0.008734759874641895,-0.9899533987045288,-0.14112438261508942,-0.05665694922208786,-0.481628954410553,-0.049792539328336716,-0.06537472456693649,-0.6810600161552429,-0.08644869923591614,-0.05920751392841339,-0.8144561052322388,-0.11336271464824677,-0.04907752573490143,-0.9309141039848328,-0.13197115063667297,-0.1321675330400467,-0.4167616367340088,-0.06462176144123077,-0.13896484673023224,-0.5721007585525513,-0.09940128028392792,-0.12845110893249512,-0.6760568618774414,-0.11588966101408005,-0.11294300109148026,-0.7741839289665222,-0.1264951080083847,STOP
0.0,0.0,0.0,0.12654483318328857,-0.09282255172729492,-0.06934422254562378,0.21156857907772064,-0.2613869905471802,-0.09393557906150818,0.22455835342407227,-0.42754673957824707,-0.11243745684623718,0.16767393052577972,-0.5254198908805847,-0.13064181804656982,0.10520507395267487,-0.5068566799163818,-0.04541785269975662,0.10017810016870499,-0.6981208920478821,-0.08870339393615723,0.0902477279305458,-0.82017982006073,-0.12776847183704376,0.08147567510604858,-0.9314186573028564,-0.15644271671772003,0.02281658537685871,-0.5158300995826721,-0.043157078325748444,0.017838221043348312,-0.7287279367446899,-0.07995348423719406,0.014383379369974136,-0.8688252568244934,-0.11537887156009674,0.013805948197841644,-0.9897772669792175,-0.14195221662521362,-0.05301491171121597,-0.48353415727615356,-0.050212059170007706,-0.05875504016876221,-0.6836236119270325,-0.08673898130655289,-0.05237657204270363,-0.8164514303207397,-0.11303947120904922,-0.04258047789335251,-0.9337813258171082,-0.1314305067062378,-0.1301175057888031,-0.4173215329647064,-0.06489214301109314,-0.13483811914920807,-0.5746040344238281,-0.09947346895933151,-0.12414374202489853,-0.6785122752189636,-0.11518146842718124,-0.1088797077536583,-0.7776240110397339,-0.12535765767097473,STOP
0.0,0.0,0.0,0.12792101502418518,-0.09689312428236008,-0.0702705979347229,0.2160155475139618,-0.2642829716205597,-0.09621033817529678,0.22397629916667938,-0.4311300814151764,-0.11609318107366562,0.16331443190574646,-0.5213009119033813,-0.13560181856155396,0.10511423647403717,-0.5094339847564697,-0.04406782612204552,0.0982603132724762,-0.7009061574935913,-0.08766362071037292,0.08737727999687195,-0.8229607939720154,-0.1272149533033371,0.07871188223361969,-0.9330443143844604,-0.1560739129781723,0.02210308611392975,-0.5165609121322632,-0.041580680757761,0.016925791278481483,-0.7287715077400208,-0.07886973023414612,0.012853989377617836,-0.8693245053291321,-0.11472659558057785,0.011522362940013409,-0.9899078607559204,-0.14124345779418945,-0.05371786653995514,-0.4836694598197937,-0.048606276512145996,-0.060927920043468475,-0.6816157698631287,-0.08579345047473907,-0.054937224835157394,-0.8129285573959351,-0.1117558479309082,-0.04544927179813385,-0.9275152087211609,-0.12940751016139984,-0.13119351863861084,-0.4170847237110138,-0.06335608661174774,-0.13648679852485657,-0.5715746879577637,-0.09804891049861908,-0.125266432762146,-0.673832893371582,-0.11313409358263016,-0.10985639691352844,-0.7698619961738586,-0.12252259999513626,STOP
0.0,0.0,0.0,0.12436474859714508,-0.09923627227544785,-0.06639590859413147,0.2113322764635086,-0.2716260552406311,-0.09021977335214615,0.2224579006433487,-0.4359106123447418,-0.10862864553928375,0.16658329963684082,-0.5224917531013489,-0.1265159547328949,0.09676443040370941,-0.5111975073814392,-0.04093416780233383,0.08952904492616653,-0.7057109475135803,-0.0833515077829361,0.08003688603639603,-0.8293265104293823,-0.12157073616981506,0.07370030134916306,-0.9391947984695435,-0.14943136274814606,0.014355512335896492,-0.5178552865982056,-0.04002957418560982,0.006387507542967796,-0.7315689921379089,-0.07609734684228897,0.002666196785867214,-0.8715919852256775,-0.11056988686323166,0.0026672701351344585,-0.9906808137893677,-0.13617806136608124,-0.05989018455147743,-0.4853512942790985,-0.048405978828668594,-0.06848499178886414,-0.6842069625854492,-0.08403747528791428,-0.06016245484352112,-0.8155601620674133,-0.10923285037279129,-0.04816121608018875,-0.9306855201721191,-0.12677089869976044,-0.13597384095191956,-0.418938547372818,-0.06432503461837769,-0.14311817288398743,-0.5731533169746399,-0.09757233411073685,-0.13165417313575745,-0.6758136749267578,-0.11225602775812149,-0.11513037234544754,-0.7727454900741577,-0.12175019830465317,STOP
0.0,0.0,0.0,0.11972664296627045,-0.094405397772789,-0.06441068649291992,0.19963452219963074,-0.26305100321769714,-0.08762051910161972,0.21892648935317993,-0.42000412940979004,-0.10627550631761551,0.1825723499059677,-0.5161234736442566,-0.12433529645204544,0.09969668835401535,-0.5107811093330383,-0.03994711488485336,0.09408152848482132,-0.701866626739502,-0.08200085908174515,0.0856747031211853,-0.8231526613235474,-0.12067005038261414,0.07890082895755768,-0.9324061870574951,-0.14910276234149933,0.01876992918550968,-0.5194132328033447,-0.04013265296816826,0.010642686858773232,-0.7310928106307983,-0.07561112195253372,0.0063856663182377815,-0.8703880906105042,-0.11025700718164444,0.005886339116841555,-0.9906167387962341,-0.13654306530952454,-0.055062443017959595,-0.487790048122406,-0.04962911084294319,-0.06314350664615631,-0.6853727102279663,-0.08461183309555054,-0.056682709604501724,-0.8165460824966431,-0.11023344099521637,-0.047121282666921616,-0.9332513213157654,-0.12858672440052032,-0.13141123950481415,-0.4219806492328644,-0.06663409620523453,-0.13861306011676788,-0.5747475028038025,-0.10007558763027191,-0.1300235092639923,-0.6777955293655396,-0.11532401293516159,-0.1169629916548729,-0.7763391733169556,-0.12543204426765442,STOP
0.0,0.0,0.0,0.12221818417310715,-0.09265787154436111,-0.06777117401361465,0.20274148881435394,-0.26034682989120483,-0.09257513284683228,0.22122004628181458,-0.4203466773033142,-0.11172694712877274,0.19213135540485382,-0.5290944576263428,-0.1300162822008133,0.10454295575618744,-0.5042874813079834,-0.0462879054248333,0.0984441265463829,-0.6994824409484863,-0.09098352491855621,0.0895816832780838,-0.8232758641242981,-0.12992990016937256,0.08287503570318222,-0.9332316517829895,-0.1577923744916916,0.02339903637766838,-0.5135607719421387,-0.04468725249171257,0.01713889092206955,-0.7292860746383667,-0.0831872895359993,0.0127535630017519,-0.8704085350036621,-0.11844698339700699,0.012409921735525131,-0.9894962906837463,-0.14402474462985992,-0.05134725198149681,-0.483322411775589,-0.05243933945894241,-0.05899098142981529,-0.6852117776870728,-0.09008684009313583,-0.05361524969339371,-0.8179499506950378,-0.11591728031635284,-0.044060125946998596,-0.9341793060302734,-0.13349507749080658,-0.1275394707918167,-0.4189000427722931,-0.067656010389328,-0.13301968574523926,-0.5736144781112671,-0.10320167988538742,-0.1237877756357193,-0.6765258312225342,-0.11883663386106491,-0.11011198163032532,-0.7737845778465271,-0.1282956898212433,STOP
0.0,0.0,0.0,0.11899328231811523,-0.10117204487323761,-0.06000056490302086,0.18891583383083344,-0.2732250690460205,-0.08019771426916122,0.20460273325443268,-0.42543289065361023,-0.09655770659446716,0.19290810823440552,-0.5292621850967407,-0.11194377392530441,0.09088978171348572,-0.5120119452476501,-0.034204933792352676,0.0866737961769104,-0.7062005400657654,-0.07556947320699692,0.07965733110904694,-0.8294810056686401,-0.11263091117143631,0.07336658239364624,-0.938846230506897,-0.13935120403766632,0.012524960562586784,-0.5201838612556458,-0.0353834442794323,0.0067208255641162395,-0.7348076701164246,-0.07042217254638672,0.004549465142190456,-0.8740559220314026,-0.10313542932271957,0.005186449270695448,-0.9918766617774963,-0.1270976960659027,-0.059372127056121826,-0.4898179769515991,-0.0459500215947628,-0.0673331469297409,-0.6900965571403503,-0.08027846366167068,-0.059289298951625824,-0.8183623552322388,-0.10403624176979065,-0.04832218587398529,-0.9300369620323181,-0.12046521157026291,-0.1340710073709488,-0.42520686984062195,-0.06364661455154419,-0.1424177587032318,-0.5775532126426697,-0.09595046937465668,-0.13160377740859985,-0.6787680387496948,-0.10986148566007614,-0.1161252036690712,-0.7735180854797363,-0.11849775165319443,STOP
0.0,0.0,0.0,0.1160949096083641,-0.09349830448627472,-0.06052316725254059,0.18106979131698608,-0.2661569118499756,-0.08040408045053482,0.19591069221496582,-0.4218730032444,-0.09630300849676132,0.18971943855285645,-0.5310108661651611,-0.1113981157541275,0.09591665863990784,-0.5086356997489929,-0.03638517111539841,0.09124205261468887,-0.6989900469779968,-0.0776807889342308,0.08316919952630997,-0.821785032749176,-0.11486051231622696,0.07476384192705154,-0.9320696592330933,-0.1422594040632248,0.017408693209290504,-0.5191904306411743,-0.03742038458585739,0.011010714806616306,-0.7305815815925598,-0.07326677441596985,0.006238623522222042,-0.8699367642402649,-0.1070847138762474,0.0045351870357990265,-0.9912431836128235,-0.1319710612297058,-0.05525076016783714,-0.4895768463611603,-0.04753405973315239,-0.06478535383939743,-0.6885495185852051,-0.08281725645065308,-0.060223378241062164,-0.8190094232559204,-0.10787560790777206,-0.05246805027127266,-0.9354693293571472,-0.12544314563274384,-0.13033783435821533,-0.4254356026649475,-0.06471285223960876,-0.13812518119812012,-0.5775904655456543,-0.09808449447154999,-0.12947417795658112,-0.6794700026512146,-0.11290387809276581,-0.11547209322452545,-0.7774997353553772,-0.12232716381549835,STOP
0.0,0.0,0.0,0.11447227746248245,-0.09572234004735947,-0.054285675287246704,0.1762641966342926,-0.2644648551940918,-0.07132085412740707,0.18728803098201752,-0.41405507922172546,-0.0853390023112297,0.1734665334224701,-0.5243154168128967,-0.09861092269420624,0.09101475775241852,-0.5107584595680237,-0.032520461827516556,0.08485060185194016,-0.7055315375328064,-0.07250820100307465,0.07695698738098145,-0.8304787278175354,-0.10840222984552383,0.06924603879451752,-0.9398201704025269,-0.13416306674480438,0.013790675438940525,-0.5205932855606079,-0.03537794575095177,0.005399025045335293,-0.7343624830245972,-0.0691051259636879,0.0005461595137603581,-0.8741171360015869,-0.10120966285467148,-0.0008423069957643747,-0.99220210313797,-0.12463698536157608,-0.05728031322360039,-0.49218034744262695,-0.04671015590429306,-0.06896304339170456,-0.6913188695907593,-0.07880926877260208,-0.06454849243164062,-0.8206235766410828,-0.10201701521873474,-0.056548431515693665,-0.9331801533699036,-0.11843911558389664,-0.13027428090572357,-0.4297831356525421,-0.06465824693441391,-0.13983021676540375,-0.5808265209197998,-0.09528478235006332,-0.13174378871917725,-0.6810853481292725,-0.10846365243196487,-0.11864106357097626,-0.7756161093711853,-0.11650822311639786,STOP
0.0,0.0,0.0,0.11359408497810364,-0.09571245312690735,-0.05721884220838547,0.17578545212745667,-0.26305657625198364,-0.07638178765773773,0.19134707748889923,-0.4130169749259949,-0.09212943911552429,0.17429687082767487,-0.5213215351104736,-0.10697049647569656,0.08819495141506195,-0.5115989446640015,-0.03498049080371857,0.08206438273191452,-0.7052792906761169,-0.07596278935670853,0.0741775780916214,-0.8296358585357666,-0.11281917244195938,0.06575650721788406,-0.9390696883201599,-0.13917474448680878,0.009904206730425358,-0.5190724730491638,-0.036761462688446045,0.0004666993918363005,-0.7327607274055481,-0.07106192409992218,-0.0049409507773816586,-0.8727160692214966,-0.10292460769414902,-0.007368830032646656,-0.9919774532318115,-0.12619994580745697,-0.061406418681144714,-0.4877375662326813,-0.04733714833855629,-0.0738571286201477,-0.6842443943023682,-0.07932381331920624,-0.06839078664779663,-0.8117943406105042,-0.1012650728225708,-0.059583209455013275,-0.9237716197967529,-0.11679769307374954,-0.13319051265716553,-0.42315438389778137,-0.06501451879739761,-0.14365758001804352,-0.5722503066062927,-0.09500747174024582,-0.13640908896923065,-0.6725462079048157,-0.10735616087913513,-0.12388802319765091,-0.7682191133499146,-0.11488863080739975,STOP
0.0,0.0,0.0,0.11333155632019043,-0.09412703663110733,-0.060348935425281525,0.17748954892158508,-0.2645895779132843,-0.0795133113861084,0.193231001496315,-0.4185073971748352,-0.09494480490684509,0.17473839223384857,-0.524613618850708,-0.10959886014461517,0.09024781733751297,-0.5094146728515625,-0.03557160496711731,0.08663023263216019,-0.7011919617652893,-0.0773465558886528,0.07874588668346405,-0.826472818851471,-0.11573857814073563,0.06866273283958435,-0.9376771450042725,-0.14367687702178955,0.012320238165557384,-0.518934428691864,-0.036371003836393356,0.005921402480453253,-0.7303280234336853,-0.07176344841718674,-0.0014283503405749798,-0.870381236076355,-0.10548356175422668,-0.007444687187671661,-0.9914290308952332,-0.13043397665023804,-0.05854184925556183,-0.48996245861053467,-0.04635869711637497,-0.0670517086982727,-0.6848920583724976,-0.07958003878593445,-0.06261516362428665,-0.8133488893508911,-0.1029248833656311,-0.05639142170548439,-0.9277773499488831,-0.11961308121681213,-0.13073459267616272,-0.42788049578666687,-0.06385495513677597,-0.13863424956798553,-0.5767243504524231,-0.09474178403615952,-0.1313377022743225,-0.6771641373634338,-0.1076493188738823,-0.11973759531974792,-0.7738081812858582,-0.11587917804718018,STOP
0.0,0.0,0.0,0.11698129773139954,-0.09713320434093475,-0.05849019065499306,0.1806253045797348,-0.2711886763572693,-0.07561903446912766,0.18563584983348846,-0.4226323068141937,-0.08865327388048172,0.15546639263629913,-0.5187427401542664,-0.10089956969022751,0.088462695479393,-0.5148775577545166,-0.03318260610103607,0.08332066982984543,-0.707292914390564,-0.0726710632443428,0.0761222168803215,-0.8323916792869568,-0.10925101488828659,0.06820929050445557,-0.9420220851898193,-0.13574032485485077,0.010711058042943478,-0.5213891267776489,-0.03374859690666199,0.003596537047997117,-0.7330565452575684,-0.06711138784885406,-0.0013699682895094156,-0.8740781545639038,-0.09938988089561462,-0.00356600945815444,-0.9924119710922241,-0.12290576100349426,-0.05995788052678108,-0.4901721477508545,-0.04330029338598251,-0.07062242180109024,-0.6860929131507874,-0.0753924697637558,-0.06474369764328003,-0.8162803649902344,-0.09901686757802963,-0.05520501360297203,-0.9282252788543701,-0.11543846130371094,-0.1315864473581314,-0.4259907603263855,-0.05997059866786003,-0.13993686437606812,-0.5757741332054138,-0.09011752903461456,-0.13215123116970062,-0.675815999507904,-0.10309817641973495,-0.11917297542095184,-0.7704359292984009,-0.11117991805076599,STOP
0.0,0.0,0.0,0.11536557972431183,-0.0989365428686142,-0.060156356543302536,0.17634977400302887,-0.2726311981678009,-0.07845550775527954,0.18463034927845,-0.42442163825035095,-0.09270892292261124,0.16075962781906128,-0.5283900499343872,-0.10546665638685226,0.08271748572587967,-0.5166369080543518,-0.031068619340658188,0.0777665302157402,-0.7087181210517883,-0.07006071507930756,0.06995058804750443,-0.8318300247192383,-0.10661204159259796,0.06104546785354614,-0.9415956735610962,-0.13342249393463135,0.00521547207608819,-0.5239104628562927,-0.03087805025279522,-0.0033443737775087357,-0.7349883317947388,-0.06372661888599396,-0.008152547292411327,-0.873482882976532,-0.09585277736186981,-0.010217146016657352,-0.9927825331687927,-0.11949260532855988,-0.06474852561950684,-0.4929524064064026,-0.04013790562748909,-0.07705406844615936,-0.6882659196853638,-0.07189913839101791,-0.0715780109167099,-0.8162230849266052,-0.09521084278821945,-0.06288286298513412,-0.9290776252746582,-0.11161168664693832,-0.13369165360927582,-0.4292528033256531,-0.05684275925159454,-0.14455647766590118,-0.5780757665634155,-0.08676284551620483,-0.13843142986297607,-0.6777111887931824,-0.09985816478729248,-0.1266966164112091,-0.7724754214286804,-0.10810116678476334,STOP
0.0,0.0,0.0,0.1131291463971138,-0.10001183301210403,-0.05781366676092148,0.16715946793556213,-0.277426540851593,-0.07479165494441986,0.18259303271770477,-0.4296349585056305,-0.08878812938928604,0.16158032417297363,-0.5323116183280945,-0.10163906216621399,0.07862817496061325,-0.5166440010070801,-0.027653267607092857,0.0750642940402031,-0.7076637744903564,-0.0664076879620552,0.06811801344156265,-0.8298074007034302,-0.10310904681682587,0.05896632745862007,-0.9393970370292664,-0.1303320974111557,0.0027198882307857275,-0.5243105292320251,-0.0292995385825634,-0.004965714644640684,-0.7351210713386536,-0.06198069825768471,-0.009920659475028515,-0.8731313347816467,-0.09416111558675766,-0.013497582636773586,-0.9928789734840393,-0.11836061626672745,-0.06732445955276489,-0.4934375584125519,-0.04058269411325455,-0.07738340646028519,-0.6883567571640015,-0.07243213802576065,-0.0710524395108223,-0.8163053393363953,-0.09543211758136749,-0.062358420342206955,-0.9307226538658142,-0.11191444844007492,-0.13709719479084015,-0.43080922961235046,-0.059347283095121384,-0.14645610749721527,-0.5808051824569702,-0.08958767354488373,-0.13923388719558716,-0.6834052801132202,-0.10294902324676514,-0.125807523727417,-0.7823821306228638,-0.11184535175561905,STOP
0.0,0.0,0.0,0.11737655848264694,-0.09835802018642426,-0.05928878113627434,0.1779436618089676,-0.2734195590019226,-0.07778225094079971,0.188606858253479,-0.4279991388320923,-0.09238092601299286,0.15978096425533295,-0.5273050665855408,-0.10568191111087799,0.08282947540283203,-0.5158000588417053,-0.032144270837306976,0.07707596570253372,-0.7091206908226013,-0.07121176272630692,0.06932804733514786,-0.8318193554878235,-0.10740047693252563,0.060992658138275146,-0.9399011135101318,-0.1338043361902237,0.006302358582615852,-0.5222469568252563,-0.03248736634850502,-0.0015884863678365946,-0.7342986464500427,-0.06532539427280426,-0.006237700581550598,-0.8740682005882263,-0.09769938886165619,-0.008499881252646446,-0.9925280213356018,-0.12172055244445801,-0.06387382745742798,-0.491318017244339,-0.04204086586833,-0.07317376136779785,-0.687506377696991,-0.07383188605308533,-0.06734289228916168,-0.8173527717590332,-0.09824052453041077,-0.0582563541829586,-0.9294295907020569,-0.11553111672401428,-0.13355259597301483,-0.428541898727417,-0.058819469064474106,-0.1432296186685562,-0.5787254571914673,-0.08928298950195312,-0.13691945374011993,-0.6800254583358765,-0.10351251065731049,-0.12501275539398193,-0.7752090096473694,-0.11272817850112915,STOP
0.0,0.0,0.0,0.11208873987197876,-0.10044730454683304,-0.06413944065570831,0.17287646234035492,-0.26732683181762695,-0.08683745563030243,0.19240634143352509,-0.4215458035469055,-0.10575835406780243,0.172338604927063,-0.5289549231529236,-0.12295519560575485,0.08501771092414856,-0.5191974639892578,-0.03178338706493378,0.07703004032373428,-0.7124050259590149,-0.07266471534967422,0.06833789497613907,-0.835468590259552,-0.11148536205291748,0.05903393030166626,-0.9461463689804077,-0.13943971693515778,0.006554483436048031,-0.5254889726638794,-0.030567822977900505,-0.0033731532748788595,-0.7356132864952087,-0.06373747438192368,-0.009640282019972801,-0.8736279010772705,-0.09645621478557587,-0.012886875309050083,-0.9926071166992188,-0.12068544328212738,-0.0654350072145462,-0.4941040873527527,-0.03945879265666008,-0.07780081033706665,-0.6844481825828552,-0.07045599818229675,-0.07325346022844315,-0.8084076642990112,-0.09151038527488708,-0.065097875893116,-0.9175500869750977,-0.10627060383558273,-0.13753938674926758,-0.43059125542640686,-0.05656101182103157,-0.1486394703388214,-0.5789861083030701,-0.08488187938928604,-0.1418028473854065,-0.6776601076126099,-0.09542917460203171,-0.12907688319683075,-0.7711174488067627,-0.10173741728067398,STOP
0.0,0.0,0.0,0.11442658305168152,-0.09478983283042908,-0.06414490938186646,0.17798013985157013,-0.26779377460479736,-0.08413061499595642,0.19921691715717316,-0.42677438259124756,-0.09993194043636322,0.17407460510730743,-0.5339823365211487,-0.11436975002288818,0.0844036415219307,-0.5203033685684204,-0.032810162752866745,0.07751462608575821,-0.7145599126815796,-0.07285176217556,0.06894658505916595,-0.8394567370414734,-0.11066592484712601,0.059873081743717194,-0.9498253464698792,-0.13804106414318085,0.006109173409640789,-0.5273726582527161,-0.031185435131192207,-0.005943767726421356,-0.736706018447876,-0.06432771682739258,-0.013516852632164955,-0.8752794861793518,-0.09716825187206268,-0.017796983942389488,-0.9924049377441406,-0.12171993404626846,-0.06619418412446976,-0.4957990050315857,-0.03954906016588211,-0.07965406030416489,-0.6856257319450378,-0.07150806486606598,-0.07517513632774353,-0.8096972703933716,-0.09404060989618301,-0.06746795028448105,-0.9171088933944702,-0.10986312478780746,-0.1387968808412552,-0.4318941831588745,-0.055970124900341034,-0.14878252148628235,-0.5804345011711121,-0.08636899292469025,-0.1419263482093811,-0.6810531616210938,-0.09932446479797363,-0.12936580181121826,-0.7763805985450745,-0.10737808048725128,STOP
0.0,0.0,0.0,0.11452735960483551,-0.09516071528196335,-0.06149204447865486,0.18114326894283295,-0.26514163613319397,-0.08076037466526031,0.19712772965431213,-0.420830100774765,-0.09595035761594772,0.1559135913848877,-0.5280331969261169,-0.11007585376501083,0.08802085369825363,-0.5183848738670349,-0.033040765672922134,0.07946044951677322,-0.7137926816940308,-0.0734584704041481,0.07063274830579758,-0.8374841809272766,-0.1112644374370575,0.06202305480837822,-0.9467582702636719,-0.13801102340221405,0.0100807324051857,-0.525182843208313,-0.03235570713877678,-0.0006417194381356239,-0.7361876368522644,-0.0651303082704544,-0.007852916605770588,-0.8754794597625732,-0.09795485436916351,-0.011775500141084194,-0.9924326539039612,-0.1222240999341011,-0.06270892918109894,-0.49362465739250183,-0.04119938239455223,-0.07477579265832901,-0.6855854988098145,-0.07231815904378891,-0.0706007108092308,-0.8124073147773743,-0.09455365687608719,-0.06282349675893784,-0.9206140041351318,-0.11008166521787643,-0.1372692883014679,-0.42923274636268616,-0.05770622938871384,-0.1460503786802292,-0.5787078142166138,-0.08700575679540634,-0.13733145594596863,-0.6781335473060608,-0.0985955074429512,-0.12313268333673477,-0.7699931859970093,-0.10541462153196335,STOP
0.0,0.0,0.0,0.10959850251674652,-0.09684586524963379,-0.06203006953001022,0.17451763153076172,-0.25973278284072876,-0.08465322852134705,0.19649310410022736,-0.4107641577720642,-0.1035979688167572,0.16584016382694244,-0.5156649351119995,-0.12160611897706985,0.08129756897687912,-0.5153664946556091,-0.036702193319797516,0.07504412531852722,-0.7117680311203003,-0.07934554666280746,0.0665876641869545,-0.8369389176368713,-0.11851765215396881,0.05857937037944794,-0.948328971862793,-0.14643417298793793,0.004433738067746162,-0.5224590301513672,-0.03748808801174164,-0.006253491621464491,-0.7335556745529175,-0.07245553284883499,-0.013280925340950489,-0.8731284737586975,-0.10622572153806686,-0.016771061345934868,-0.9912130236625671,-0.13120754063129425,-0.06655921787023544,-0.49107134342193604,-0.04770214855670929,-0.078858382999897,-0.6841289401054382,-0.08027709275484085,-0.07462484389543533,-0.8127702474594116,-0.10280629992485046,-0.06635153293609619,-0.9236487746238708,-0.118661068379879,-0.13884809613227844,-0.42577701807022095,-0.06566215306520462,-0.15071003139019012,-0.5745760202407837,-0.09601008147001266,-0.14317263662815094,-0.6750266551971436,-0.10806570947170258,-0.1293194442987442,-0.7686567306518555,-0.115296870470047,STOP
0.0,0.0,0.0,0.11047127842903137,-0.09353524446487427,-0.061087656766176224,0.17176967859268188,-0.2651539742946625,-0.08019367605447769,0.193478062748909,-0.4212661683559418,-0.09551436454057693,0.16320891678333282,-0.520963191986084,-0.10983448475599289,0.0804629772901535,-0.5172057151794434,-0.03274377062916756,0.0728609561920166,-0.7094718217849731,-0.07266904413700104,0.0634060874581337,-0.833288311958313,-0.1103840246796608,0.0539531335234642,-0.9436896443367004,-0.13794352114200592,0.002436823444440961,-0.5262951850891113,-0.03279629349708557,-0.010286466218531132,-0.7357577681541443,-0.06550484895706177,-0.017759377136826515,-0.8740907907485962,-0.09788726270198822,-0.02140250988304615,-0.992260217666626,-0.12231753766536713,-0.06926850229501724,-0.4954911768436432,-0.04236022010445595,-0.0836419016122818,-0.6854561567306519,-0.07374257594347,-0.07878617942333221,-0.8099497556686401,-0.09550454467535019,-0.06997683644294739,-0.9184888601303101,-0.11113308370113373,-0.14125369489192963,-0.4311348795890808,-0.0597444623708725,-0.15323728322982788,-0.5782274603843689,-0.08928627520799637,-0.14521165192127228,-0.6768959760665894,-0.10109731554985046,-0.13039666414260864,-0.7697659730911255,-0.10864228755235672,STOP
0.0,0.0,0.0,0.10760539025068283,-0.09375730156898499,-0.05429140850901604,0.16641129553318024,-0.26710569858551025,-0.07042434066534042,0.18390263617038727,-0.4211161136627197,-0.08354263752698898,0.14967085421085358,-0.5185041427612305,-0.09585167467594147,0.07755439728498459,-0.518069863319397,-0.028753049671649933,0.07157962024211884,-0.7132872939109802,-0.06706255674362183,0.06464387476444244,-0.83879154920578,-0.10311591625213623,0.0571979358792305,-0.9478155374526978,-0.12917830049991608,0.0017244741320610046,-0.5254312753677368,-0.03134096413850784,-0.008106322027742863,-0.7379626631736755,-0.06303176283836365,-0.013110887259244919,-0.8773294687271118,-0.0945093110203743,-0.014850519597530365,-0.9929259419441223,-0.11780305206775665,-0.06817609071731567,-0.4936157166957855,-0.04271860793232918,-0.08171020448207855,-0.6879028081893921,-0.07296191155910492,-0.07590899616479874,-0.8154363036155701,-0.09518646448850632,-0.06594239175319672,-0.9234287738800049,-0.11119478195905685,-0.13907462358474731,-0.4284972548484802,-0.061089497059583664,-0.15058308839797974,-0.5755780935287476,-0.08958850055932999,-0.14277127385139465,-0.6735752820968628,-0.10141945630311966,-0.12776724994182587,-0.7647919058799744,-0.10899358987808228,STOP
0.0,0.0,0.0,0.10598994046449661,-0.0982312485575676,-0.05158499255776405,0.164686918258667,-0.2656719982624054,-0.06806059926748276,0.18251311779022217,-0.40852442383766174,-0.08243943005800247,0.15465204417705536,-0.5065826773643494,-0.09588686376810074,0.07287690788507462,-0.5204616785049438,-0.026892052963376045,0.06698665022850037,-0.7141633629798889,-0.06578228622674942,0.060828808695077896,-0.8375406861305237,-0.10249719023704529,0.05294721946120262,-0.9460519552230835,-0.12873122096061707,-0.0028555970638990402,-0.5275537967681885,-0.03101923130452633,-0.013834547251462936,-0.7401126623153687,-0.061957474797964096,-0.020943496376276016,-0.8767576813697815,-0.09282795339822769,-0.02576863206923008,-0.9929079413414001,-0.11605937778949738,-0.07252300530672073,-0.49612656235694885,-0.043776411563158035,-0.0850871354341507,-0.6904302835464478,-0.0720129907131195,-0.08149856328964233,-0.8134583830833435,-0.0920439288020134,-0.07543863356113434,-0.9203864932060242,-0.10688270628452301,-0.14354243874549866,-0.4308810830116272,-0.06353384256362915,-0.15546929836273193,-0.5790449380874634,-0.08960369229316711,-0.14957790076732635,-0.677579402923584,-0.09930175542831421,-0.1377142071723938,-0.7709035277366638,-0.10550941526889801,STOP
0.0,0.0,0.0,0.10902265459299088,-0.10019112378358841,-0.05109797790646553,0.16554786264896393,-0.283854216337204,-0.06310509145259857,0.1759950816631317,-0.4388638436794281,-0.07274141162633896,0.1314050406217575,-0.5353850722312927,-0.08145473152399063,0.07171299308538437,-0.5208393335342407,-0.02156348153948784,0.06559282541275024,-0.7139310836791992,-0.0576421320438385,0.05880540981888771,-0.8373718857765198,-0.09237216413021088,0.05002495273947716,-0.9453038573265076,-0.11754029244184494,-0.0027432432398200035,-0.5283107757568359,-0.024661429226398468,-0.012268790043890476,-0.7385957837104797,-0.05373260751366615,-0.019470231607556343,-0.876332700252533,-0.08417414128780365,-0.02612954191863537,-0.9939072728157043,-0.1070779487490654,-0.07100380957126617,-0.49792638421058655,-0.036626458168029785,-0.08185933530330658,-0.6896988749504089,-0.0641605481505394,-0.07835286110639572,-0.8144660592079163,-0.0852409079670906,-0.07422839105129242,-0.9239512085914612,-0.1008068174123764,-0.14051485061645508,-0.43554773926734924,-0.05547900125384331,-0.15136806666851044,-0.5830543637275696,-0.08163802325725555,-0.146431103348732,-0.6807454824447632,-0.0922108143568039,-0.13690200448036194,-0.7732980847358704,-0.09924481809139252,STOP
0.0,0.0,0.0,0.10869008302688599,-0.10112422704696655,-0.05111407861113548,0.16223576664924622,-0.28374624252319336,-0.06433548778295517,0.17675930261611938,-0.4452050030231476,-0.07520521432161331,0.1304360032081604,-0.541709840297699,-0.08552325516939163,0.06272273510694504,-0.5158897042274475,-0.02378465235233307,0.057276804000139236,-0.7089095115661621,-0.06043166294693947,0.051852043718099594,-0.8328964114189148,-0.09550374746322632,0.04471009597182274,-0.9414728879928589,-0.12106787413358688,-0.009506103582680225,-0.5238076448440552,-0.026669707149267197,-0.017346715554594994,-0.7353317737579346,-0.05597766861319542,-0.021916795521974564,-0.8748074769973755,-0.08592037856578827,-0.02646588906645775,-0.9937260150909424,-0.10866586118936539,-0.07564585655927658,-0.4926777184009552,-0.03820406273007393,-0.08759655058383942,-0.6851151585578918,-0.06606011837720871,-0.08314847946166992,-0.8092339038848877,-0.08663913607597351,-0.07740218192338943,-0.916337788105011,-0.10188950598239899,-0.14267142117023468,-0.429066002368927,-0.056558284908533096,-0.15500926971435547,-0.57419353723526,-0.08299922943115234,-0.14754730463027954,-0.6700294613838196,-0.0936674103140831,-0.13496892154216766,-0.7579561471939087,-0.10080369561910629,STOP
0.0,0.0,0.0,0.10922832041978836,-0.09858175367116928,-0.05598055571317673,0.16859477758407593,-0.283348947763443,-0.07094049453735352,0.1824726164340973,-0.44950881600379944,-0.08232042193412781,0.12461011856794357,-0.5337951183319092,-0.09235794842243195,0.06632911413908005,-0.5240865349769592,-0.026244234293699265,0.056597836315631866,-0.720289409160614,-0.06172936037182808,0.04774696007370949,-0.8446585536003113,-0.0959862694144249,0.03865084797143936,-0.9524937272071838,-0.12073870003223419,-0.009006810374557972,-0.5291880369186401,-0.025964541360735893,-0.02277141995728016,-0.7408557534217834,-0.05271424353122711,-0.02972615323960781,-0.8783044815063477,-0.08045351505279541,-0.03473879396915436,-0.994210958480835,-0.10167509317398071,-0.07699108123779297,-0.4962082505226135,-0.034637439996004105,-0.09163989871740341,-0.6854344010353088,-0.059085868299007416,-0.08888754993677139,-0.8051110506057739,-0.0761660635471344,-0.08429483324289322,-0.9083005785942078,-0.08916334807872772,-0.14520493149757385,-0.4319803714752197,-0.05090693384408951,-0.15838190913200378,-0.5775423645973206,-0.0737919807434082,-0.15427137911319733,-0.6734257936477661,-0.08158803731203079,-0.14597684144973755,-0.7632673978805542,-0.08676479756832123,STOP
0.0,0.0,0.0,0.10922345519065857,-0.10044489055871964,-0.05631621554493904,0.1703120619058609,-0.28363773226737976,-0.0718776062130928,0.183191180229187,-0.4492381513118744,-0.08414576202630997,0.12115210294723511,-0.5313574075698853,-0.0957815945148468,0.06509539484977722,-0.5212417840957642,-0.02593698725104332,0.0572170615196228,-0.7139551043510437,-0.06233988702297211,0.04797663539648056,-0.8364952206611633,-0.09802792221307755,0.037796348333358765,-0.9438027739524841,-0.12429088354110718,-0.009565187618136406,-0.5270000696182251,-0.026817630976438522,-0.021659942343831062,-0.7368257641792297,-0.05625871196389198,-0.029440555721521378,-0.8747304081916809,-0.08741488307714462,-0.03616059944033623,-0.9931477904319763,-0.11113045364618301,-0.07772897928953171,-0.49367183446884155,-0.03665710240602493,-0.09071990847587585,-0.684751033782959,-0.06469949334859848,-0.08744361251592636,-0.8101794719696045,-0.08579808473587036,-0.0828615054488182,-0.9203651547431946,-0.10147605091333389,-0.14702308177947998,-0.42870044708251953,-0.05378063768148422,-0.15872368216514587,-0.5747073292732239,-0.0798012986779213,-0.15255948901176453,-0.671480655670166,-0.08995947986841202,-0.1419210135936737,-0.7625616788864136,-0.09695666283369064,STOP
0.0,0.0,0.0,0.10825144499540329,-0.10120419412851334,-0.053381726145744324,0.16389521956443787,-0.28462710976600647,-0.06796842813491821,0.17937904596328735,-0.4471457898616791,-0.07999049872159958,0.12612293660640717,-0.5340245366096497,-0.09104787558317184,0.05752505734562874,-0.523256778717041,-0.023987311869859695,0.05024184286594391,-0.7163683176040649,-0.06079983711242676,0.042907264083623886,-0.8402684926986694,-0.09629807621240616,0.03415438160300255,-0.9483118653297424,-0.12221310287714005,-0.015482635237276554,-0.5282511115074158,-0.026294156908988953,-0.02775529772043228,-0.7381658554077148,-0.05601012334227562,-0.033993951976299286,-0.8764653205871582,-0.08605079352855682,-0.03867518901824951,-0.9933023452758789,-0.10887967050075531,-0.08231306076049805,-0.49358612298965454,-0.037613894790410995,-0.09898825734853745,-0.6821770668029785,-0.06635640561580658,-0.09481694549322128,-0.8004573583602905,-0.0863819271326065,-0.08774802088737488,-0.901896059513092,-0.10086909681558609,-0.149410679936409,-0.427972674369812,-0.05612717196345329,-0.1643885374069214,-0.572407066822052,-0.08292756229639053,-0.15861766040325165,-0.6681216359138489,-0.09363918006420135,-0.14668555557727814,-0.7564568519592285,-0.10078123211860657,STOP
0.0,0.0,0.0,0.11055807769298553,-0.1029142439365387,-0.05418244004249573,0.16879913210868835,-0.2894567549228668,-0.06855488568544388,0.18310537934303284,-0.454151451587677,-0.08001779019832611,0.12110830843448639,-0.53101646900177,-0.09048664569854736,0.059860166162252426,-0.5238209366798401,-0.023312119767069817,0.04924353212118149,-0.716864287853241,-0.05937017500400543,0.04181095212697983,-0.8402001261711121,-0.09499885886907578,0.034358471632003784,-0.9492875933647156,-0.12133373320102692,-0.01600179448723793,-0.5292295813560486,-0.024822935461997986,-0.03146926313638687,-0.7385931611061096,-0.05340825393795967,-0.036776356399059296,-0.8758559226989746,-0.08330615609884262,-0.03969212993979454,-0.9935287833213806,-0.10641870647668839,-0.08427862823009491,-0.49535006284713745,-0.03539890795946121,-0.10149336606264114,-0.684478759765625,-0.06270748376846313,-0.09631197899580002,-0.8053016662597656,-0.08261342346668243,-0.08848027139902115,-0.9094582200050354,-0.09739891439676285,-0.15140895545482635,-0.4312015771865845,-0.05339230224490166,-0.1667240858078003,-0.577115535736084,-0.07867863774299622,-0.16140222549438477,-0.6731817126274109,-0.08882477134466171,-0.15034383535385132,-0.7627621293067932,-0.09595280140638351,STOP
0.0,0.0,0.0,0.10857277363538742,-0.09809237718582153,-0.05531635880470276,0.1680956929922104,-0.28355085849761963,-0.07034621387720108,0.1840672343969345,-0.45022398233413696,-0.08214101195335388,0.12159387022256851,-0.5267376899719238,-0.09289602935314178,0.06318402290344238,-0.5233866572380066,-0.02589871548116207,0.054487694054841995,-0.7166823148727417,-0.06177905574440956,0.04596073925495148,-0.8404739499092102,-0.09725247323513031,0.036043886095285416,-0.9488550424575806,-0.12322849780321121,-0.012998335994780064,-0.5298917889595032,-0.026706770062446594,-0.02591501921415329,-0.7405118942260742,-0.05433177202939987,-0.03408190608024597,-0.8774248957633972,-0.08321425318717957,-0.0419141948223114,-0.9935409426689148,-0.10544981062412262,-0.08160444349050522,-0.49633288383483887,-0.03637601062655449,-0.09813741594552994,-0.6825152635574341,-0.061826858669519424,-0.09621133655309677,-0.7999081611633301,-0.07953741401433945,-0.09260689467191696,-0.9016221761703491,-0.092995785176754,-0.14975473284721375,-0.4315864145755768,-0.053709547966718674,-0.16404098272323608,-0.576757550239563,-0.07680279016494751,-0.15852154791355133,-0.6713792085647583,-0.08473397046327591,-0.14776955544948578,-0.7591914534568787,-0.09029688686132431,STOP
0.0,0.0,0.0,0.1075863465666771,-0.09837184846401215,-0.050882235169410706,0.16295315325260162,-0.2841367721557617,-0.06358503550291061,0.18034960329532623,-0.44672536849975586,-0.07369771599769592,0.12639641761779785,-0.529991865158081,-0.0829600840806961,0.05884089693427086,-0.5231195688247681,-0.022723712027072906,0.048392295837402344,-0.7157792448997498,-0.057253167033195496,0.03892207890748978,-0.8389697074890137,-0.09151291102170944,0.028192318975925446,-0.9467823505401611,-0.11676927655935287,-0.0152432881295681,-0.5294269323348999,-0.025096772238612175,-0.028940880671143532,-0.7398195266723633,-0.051728811115026474,-0.036843329668045044,-0.8771036863327026,-0.08001505583524704,-0.04413144662976265,-0.9938243627548218,-0.10181154310703278,-0.0825798511505127,-0.4953213334083557,-0.03590703755617142,-0.10038163512945175,-0.6845044493675232,-0.06090378016233444,-0.09779004007577896,-0.8010212779045105,-0.07843600958585739,-0.09350380301475525,-0.9014583826065063,-0.09179152548313141,-0.149748295545578,-0.429185152053833,-0.053825654089450836,-0.1651567667722702,-0.5724217891693115,-0.07691654562950134,-0.15945029258728027,-0.666467010974884,-0.08493021130561829,-0.14851994812488556,-0.7538164258003235,-0.0904906764626503,STOP
0.0,0.0,0.0,0.10817673057317734,-0.09645248204469681,-0.050960950553417206,0.16213230788707733,-0.287115216255188,-0.06196187809109688,0.18020875751972198,-0.45299649238586426,-0.07044590264558792,0.12560033798217773,-0.5317190289497375,-0.07776613533496857,0.05956416204571724,-0.5287841558456421,-0.018224665895104408,0.048423174768686295,-0.7224487662315369,-0.05097273364663124,0.039543382823467255,-0.8457801342010498,-0.08445791155099869,0.030003419145941734,-0.9536643624305725,-0.10961306095123291,-0.015527901239693165,-0.5341895222663879,-0.02016296051442623,-0.031667955219745636,-0.7427859306335449,-0.04580578953027725,-0.03929837420582771,-0.8786094188690186,-0.07399891316890717,-0.04472934082150459,-0.9943647384643555,-0.09611406922340393,-0.08382823318243027,-0.5004255771636963,-0.030989592894911766,-0.10210420191287994,-0.6882091164588928,-0.05582528933882713,-0.09930643439292908,-0.8033068776130676,-0.0744265541434288,-0.093772292137146,-0.9019680619239807,-0.08871173858642578,-0.15142178535461426,-0.4366454780101776,-0.04909973964095116,-0.1666041612625122,-0.5809813737869263,-0.07282300293445587,-0.16259795427322388,-0.6754286289215088,-0.08243755996227264,-0.15236368775367737,-0.7644261121749878,-0.08937661349773407,STOP
0.0,0.0,0.0,0.10818174481391907,-0.09654556214809418,-0.05126421898603439,0.1636216789484024,-0.28687161207199097,-0.06231408566236496,0.18106229603290558,-0.45448988676071167,-0.07055189460515976,0.12220266461372375,-0.5306816697120667,-0.07792570441961288,0.05993565171957016,-0.5239733457565308,-0.018818946555256844,0.05037887021899223,-0.7176353335380554,-0.051149532198905945,0.04252989590167999,-0.8404238224029541,-0.08463593572378159,0.03350118547677994,-0.9481760859489441,-0.11000333726406097,-0.014581006951630116,-0.5311627984046936,-0.0208334531635046,-0.02829904481768608,-0.7412104606628418,-0.04682200774550438,-0.03500678017735481,-0.8773304224014282,-0.07615497708320618,-0.040990617126226425,-0.9942408204078674,-0.09901975095272064,-0.08237653225660324,-0.49936550855636597,-0.03162845969200134,-0.09841279685497284,-0.6916112899780273,-0.05723559111356735,-0.09408721327781677,-0.8156875371932983,-0.0786762535572052,-0.08845660090446472,-0.9222580194473267,-0.09504767507314682,-0.14993754029273987,-0.4380345940589905,-0.04943067207932472,-0.16246846318244934,-0.5863426327705383,-0.07379830628633499,-0.15574081242084503,-0.6830020546913147,-0.08454302698373795,-0.1432066559791565,-0.7729068994522095,-0.09247814118862152,STOP
0.0,0.0,0.0,0.10758426785469055,-0.09702937304973602,-0.049433667212724686,0.16136102378368378,-0.28560981154441833,-0.05986256152391434,0.17964977025985718,-0.4510992169380188,-0.06778966635465622,0.12722571194171906,-0.5344387888908386,-0.07467638701200485,0.06018000468611717,-0.5254119634628296,-0.017275050282478333,0.05057889595627785,-0.7181074023246765,-0.04934852570295334,0.0434909462928772,-0.839958131313324,-0.08219483494758606,0.035475630313158035,-0.9460716247558594,-0.10666912794113159,-0.01162615604698658,-0.5320427417755127,-0.01964871771633625,-0.024890152737498283,-0.7420271039009094,-0.044560421258211136,-0.03131244331598282,-0.8784477114677429,-0.07266771048307419,-0.036216821521520615,-0.9948660731315613,-0.09449800848960876,-0.077756866812706,-0.4995702803134918,-0.030732324346899986,-0.09304454922676086,-0.6914588809013367,-0.0551440492272377,-0.08879761397838593,-0.8124155402183533,-0.0745503157377243,-0.08247093111276627,-0.9164513945579529,-0.08936049044132233,-0.14451387524604797,-0.43656134605407715,-0.048726946115493774,-0.15738533437252045,-0.5831188559532166,-0.07208898663520813,-0.15135575830936432,-0.6791644096374512,-0.08136291801929474,-0.13965672254562378,-0.7686355710029602,-0.08794659376144409,STOP
0.0,0.0,0.0,0.10966140031814575,-0.09947750717401505,-0.05119471997022629,0.16558997333049774,-0.2860400676727295,-0.06241787597537041,0.18461041152477264,-0.4519313871860504,-0.07120077311992645,0.1333836168050766,-0.5414541363716125,-0.07884009182453156,0.06162611022591591,-0.5268715620040894,-0.017756719142198563,0.05086224526166916,-0.7191516160964966,-0.051512692123651505,0.04321693256497383,-0.8417567610740662,-0.08558858931064606,0.035602014511823654,-0.9497197866439819,-0.1107318326830864,-0.014203982427716255,-0.5329415202140808,-0.019379714503884315,-0.0307688619941473,-0.7417905330657959,-0.04615630954504013,-0.037938784807920456,-0.8779611587524414,-0.07495294511318207,-0.041158150881528854,-0.9944162368774414,-0.09717171639204025,-0.08274201303720474,-0.4988240897655487,-0.03006875142455101,-0.10182037949562073,-0.6870515942573547,-0.05627954751253128,-0.09852959960699081,-0.8052316308021545,-0.07523191720247269,-0.0907251313328743,-0.907696008682251,-0.08928434550762177,-0.14993807673454285,-0.43486344814300537,-0.048020023852586746,-0.16472414135932922,-0.5812579989433289,-0.07274816930294037,-0.15927951037883759,-0.6772581338882446,-0.08254432678222656,-0.1463920772075653,-0.7668357491493225,-0.08914975076913834,STOP
0.0,0.0,0.0,0.10674363374710083,-0.09299370646476746,-0.05347064882516861,0.16486869752407074,-0.28031980991363525,-0.0660991221666336,0.187027707695961,-0.4477697014808655,-0.07561355829238892,0.13081851601600647,-0.5241959691047668,-0.08418738096952438,0.06363972276449203,-0.5226534008979797,-0.021410305052995682,0.05566858500242233,-0.7146658897399902,-0.05506249517202377,0.04909249022603035,-0.8369860649108887,-0.08922340720891953,0.04235432669520378,-0.9454229474067688,-0.11516599357128143,-0.010702000930905342,-0.530596137046814,-0.022859126329421997,-0.023834632709622383,-0.7386340498924255,-0.04985664412379265,-0.028489191085100174,-0.8752607107162476,-0.07964049279689789,-0.031220795586705208,-0.9941970705986023,-0.10294384509325027,-0.07839398831129074,-0.49820151925086975,-0.0333070233464241,-0.09299461543560028,-0.6886194348335266,-0.060043491423130035,-0.08758802711963654,-0.8128571510314941,-0.08218050003051758,-0.07991630584001541,-0.9223825335502625,-0.09902815520763397,-0.14491967856884003,-0.4359112083911896,-0.0510014146566391,-0.15671256184577942,-0.5819514989852905,-0.07658246904611588,-0.15192893147468567,-0.678241491317749,-0.08843007683753967,-0.1414846032857895,-0.7708463072776794,-0.09716963022947311,STOP
0.0,0.0,0.0,0.10719003528356552,-0.09385699778795242,-0.05378704145550728,0.16504767537117004,-0.27961429953575134,-0.06690406054258347,0.18731987476348877,-0.44851434230804443,-0.07685095816850662,0.13134044408798218,-0.5308247208595276,-0.08560125529766083,0.06475967168807983,-0.5245262980461121,-0.02159210294485092,0.056523315608501434,-0.7177833318710327,-0.05536017566919327,0.04978429898619652,-0.8403822779655457,-0.08976055681705475,0.042976975440979004,-0.948861300945282,-0.11562516540288925,-0.009715702384710312,-0.5324734449386597,-0.022334640845656395,-0.024432526901364326,-0.7418729662895203,-0.04883521422743797,-0.030072804540395737,-0.8777594566345215,-0.07811149954795837,-0.032270681113004684,-0.9943634271621704,-0.10099499672651291,-0.07718826085329056,-0.4997336268424988,-0.0320294164121151,-0.09562224894762039,-0.6891013383865356,-0.05803409591317177,-0.09131298959255219,-0.8080558180809021,-0.07816478610038757,-0.08304213732481003,-0.9104905128479004,-0.09341313689947128,-0.14356668293476105,-0.43723660707473755,-0.0490640327334404,-0.15822429955005646,-0.5815858840942383,-0.07345955073833466,-0.15381193161010742,-0.6754580140113831,-0.08354092389345169,-0.14253266155719757,-0.7626513242721558,-0.09069912135601044,STOP
0.0,0.0,0.0,0.10915111005306244,-0.09445437043905258,-0.0564255453646183,0.16997963190078735,-0.2785033881664276,-0.07073298841714859,0.1895022839307785,-0.4464532732963562,-0.08145904541015625,0.13194230198860168,-0.5297910571098328,-0.09088673442602158,0.06887649744749069,-0.5238101482391357,-0.022841881960630417,0.06065421178936958,-0.7151368856430054,-0.057834967970848083,0.05360277742147446,-0.8370668888092041,-0.09288544207811356,0.047352422028779984,-0.9459893703460693,-0.11929067969322205,-0.006152932997792959,-0.5330410599708557,-0.022706862539052963,-0.020496895536780357,-0.7409218549728394,-0.05102403834462166,-0.025738095864653587,-0.876561164855957,-0.08148739486932755,-0.02620594948530197,-0.9941089153289795,-0.10516991466283798,-0.07440871000289917,-0.5006694793701172,-0.03189816698431969,-0.0904405266046524,-0.6904229521751404,-0.06029834970831871,-0.08439237624406815,-0.8117369413375854,-0.08215924352407455,-0.07364659011363983,-0.9176114201545715,-0.09837499260902405,-0.1417432427406311,-0.4378120005130768,-0.0485333651304245,-0.15414299070835114,-0.5833101272583008,-0.07543382048606873,-0.14862924814224243,-0.6794306039810181,-0.08743945509195328,-0.13589073717594147,-0.7708359956741333,-0.095862478017807,STOP
0.0,0.0,0.0,0.10894200205802917,-0.09235428273677826,-0.053719982504844666,0.1688861846923828,-0.2794799506664276,-0.06620009243488312,0.19046583771705627,-0.44868698716163635,-0.07555771619081497,0.13258510828018188,-0.5259162783622742,-0.083903469145298,0.0698644295334816,-0.5217586755752563,-0.020315444096922874,0.062262848019599915,-0.713118851184845,-0.05388180539011955,0.056313902139663696,-0.8358093500137329,-0.08819832652807236,0.05116770416498184,-0.9447420835494995,-0.11442799866199493,-0.004819407127797604,-0.531313955783844,-0.021461527794599533,-0.017860878258943558,-0.7393584251403809,-0.048724450170993805,-0.021914135664701462,-0.8762481808662415,-0.07895094156265259,-0.02205461636185646,-0.9944726824760437,-0.10265279561281204,-0.07300642877817154,-0.49943801760673523,-0.03173629567027092,-0.08886604011058807,-0.6896782517433167,-0.05941089987754822,-0.08280117064714432,-0.8135457038879395,-0.08208747208118439,-0.07259123027324677,-0.9211637377738953,-0.09917286783456802,-0.14028511941432953,-0.437967985868454,-0.04924914240837097,-0.15209345519542694,-0.583374559879303,-0.07567021995782852,-0.14613795280456543,-0.679594099521637,-0.08814439177513123,-0.13300541043281555,-0.7708560228347778,-0.0973261222243309,STOP
0.0,0.0,0.0,0.10829420387744904,-0.09250754117965698,-0.05454232916235924,0.16651540994644165,-0.2753625214099884,-0.06764351576566696,0.1884743571281433,-0.44372692704200745,-0.07743209600448608,0.1347474306821823,-0.5332335233688354,-0.08588352799415588,0.06816692650318146,-0.5188247561454773,-0.021098220720887184,0.062120139598846436,-0.712256669998169,-0.0551086962223053,0.05769403651356697,-0.8350606560707092,-0.08915349096059799,0.05386647954583168,-0.9435481429100037,-0.114638552069664,-0.004946180619299412,-0.5288688540458679,-0.02115338109433651,-0.015833143144845963,-0.7385345101356506,-0.048756081610918045,-0.01831168308854103,-0.876583993434906,-0.07885408401489258,-0.016972610726952553,-0.9946248531341553,-0.10214299708604813,-0.07235350459814072,-0.4979814291000366,-0.03038237988948822,-0.08633545786142349,-0.6882895231246948,-0.058062952011823654,-0.07850217074155807,-0.8107138276100159,-0.08011071383953094,-0.06641729921102524,-0.9157930612564087,-0.09644479304552078,-0.13937892019748688,-0.43688568472862244,-0.046827543526887894,-0.15005621314048767,-0.5807983875274658,-0.07329817116260529,-0.14310741424560547,-0.6768845915794373,-0.08551914244890213,-0.12880513072013855,-0.7674912810325623,-0.09409429132938385,STOP
0.0,0.0,0.0,0.10871260613203049,-0.09586478769779205,-0.05340012162923813,0.16486027836799622,-0.2790149748325348,-0.0658159852027893,0.18490861356258392,-0.443256676197052,-0.07539103925228119,0.13195008039474487,-0.5317122340202332,-0.08378966897726059,0.06336092948913574,-0.521115243434906,-0.018949540331959724,0.05665697157382965,-0.7119202613830566,-0.053238965570926666,0.05203844979405403,-0.8338097333908081,-0.08781112730503082,0.04777625575661659,-0.9426895976066589,-0.1138671413064003,-0.009431909769773483,-0.5304155349731445,-0.020076178014278412,-0.02063957042992115,-0.7381846308708191,-0.048268310725688934,-0.02333841286599636,-0.8756181597709656,-0.07907787710428238,-0.022310735657811165,-0.9944295287132263,-0.10301529616117477,-0.07611354440450668,-0.4986298382282257,-0.030509714037179947,-0.08894115686416626,-0.6880813241004944,-0.05916602909564972,-0.08094239979982376,-0.8099913001060486,-0.08205395191907883,-0.06946039944887161,-0.9161224961280823,-0.09884142875671387,-0.1418900042772293,-0.43605512380599976,-0.048095788806676865,-0.15286168456077576,-0.5815222263336182,-0.0757601335644722,-0.1463259607553482,-0.6788688898086548,-0.0888213962316513,-0.13261371850967407,-0.7712715268135071,-0.09798260033130646,STOP
0.0,0.0,0.0,0.108676478266716,-0.09541094303131104,-0.05240035429596901,0.1683056354522705,-0.28058165311813354,-0.06492254137992859,0.18649077415466309,-0.4464420974254608,-0.07463780790567398,0.12510469555854797,-0.5234862565994263,-0.08337585628032684,0.06600673496723175,-0.5207202434539795,-0.019625529646873474,0.06115094944834709,-0.7115588188171387,-0.053727272897958755,0.05722139775753021,-0.8321824073791504,-0.08793420344591141,0.05321836844086647,-0.9391863346099854,-0.11375000327825546,-0.006444928701967001,-0.5303517580032349,-0.02161172777414322,-0.017670683562755585,-0.7394645810127258,-0.04956609755754471,-0.020059918984770775,-0.8765217065811157,-0.0797194242477417,-0.019804509356617928,-0.9944660663604736,-0.1031750813126564,-0.07331490516662598,-0.4989064633846283,-0.03270049765706062,-0.08678267896175385,-0.6904242634773254,-0.06112778186798096,-0.07847577333450317,-0.8136127591133118,-0.08376776427030563,-0.06729704141616821,-0.920780599117279,-0.10054360330104828,-0.14012262225151062,-0.4367368817329407,-0.05079563334584236,-0.1520657241344452,-0.5829704403877258,-0.07798706740140915,-0.14481405913829803,-0.6802901029586792,-0.09073637425899506,-0.13065412640571594,-0.7731725573539734,-0.09995169937610626,STOP
0.0,0.0,0.0,0.11078694462776184,-0.09327458590269089,-0.05425303801894188,0.17080147564411163,-0.27692291140556335,-0.06707064062356949,0.18993249535560608,-0.44572240114212036,-0.0765632912516594,0.13388600945472717,-0.5343976020812988,-0.08490090817213058,0.07168124616146088,-0.5186099410057068,-0.021106934174895287,0.06515711545944214,-0.7122480869293213,-0.05514432117342949,0.05958688631653786,-0.8348110914230347,-0.08891171216964722,0.054528336971998215,-0.9422838091850281,-0.11427179723978043,-0.0013982884120196104,-0.528214156627655,-0.021333979442715645,-0.013198697939515114,-0.7384534478187561,-0.049559976905584335,-0.016086338087916374,-0.8769041895866394,-0.08027154952287674,-0.015390786342322826,-0.994452714920044,-0.10405255109071732,-0.06826264411211014,-0.4975934624671936,-0.030673256143927574,-0.0808824747800827,-0.6897262930870056,-0.059488750994205475,-0.07300066947937012,-0.8130154609680176,-0.08280353248119354,-0.06180881708860397,-0.9183511734008789,-0.09990619122982025,-0.13471631705760956,-0.4366469383239746,-0.04698788747191429,-0.1463485062122345,-0.5825746655464172,-0.07501213252544403,-0.13887400925159454,-0.6795335412025452,-0.08849237114191055,-0.12419085204601288,-0.7702764868736267,-0.0978354811668396,STOP
0.0,0.0,0.0,0.11131508648395538,-0.09537553787231445,-0.05375467985868454,0.16983476281166077,-0.2757291793823242,-0.06670251488685608,0.18889516592025757,-0.441203236579895,-0.07660302519798279,0.13561959564685822,-0.5308026075363159,-0.08540257066488266,0.06953183561563492,-0.5187759399414062,-0.02019311860203743,0.06287718564271927,-0.7117154002189636,-0.0544133298099041,0.05779755860567093,-0.8341206908226013,-0.08853807300329208,0.053379885852336884,-0.9422932863235474,-0.11416040360927582,-0.0046246834099292755,-0.5284327864646912,-0.02069372497498989,-0.016550898551940918,-0.7386338710784912,-0.04889762029051781,-0.019297590479254723,-0.8765536546707153,-0.07959973812103271,-0.01776457391679287,-0.9944726228713989,-0.10348177701234818,-0.0725736916065216,-0.49742090702056885,-0.03034207783639431,-0.08529427647590637,-0.6891663670539856,-0.059105340391397476,-0.07657603919506073,-0.8116529583930969,-0.0820252001285553,-0.06384648382663727,-0.9169173836708069,-0.09880430996417999,-0.140203058719635,-0.43578022718429565,-0.047007765620946884,-0.15198202431201935,-0.5817645788192749,-0.07495182752609253,-0.1453128606081009,-0.6793574094772339,-0.08823565393686295,-0.1311454325914383,-0.7714836001396179,-0.09742742776870728,STOP
0.0,0.0,0.0,0.11077290028333664,-0.0936531126499176,-0.05580327287316322,0.17350807785987854,-0.2755236327648163,-0.06926916539669037,0.19568277895450592,-0.4433167278766632,-0.07921405881643295,0.1375594586133957,-0.5304827094078064,-0.08771966397762299,0.07330255210399628,-0.5188062191009521,-0.020756065845489502,0.06934574991464615,-0.7135449647903442,-0.055382631719112396,0.06520459055900574,-0.8357917070388794,-0.09002261608839035,0.061509162187576294,-0.9436815977096558,-0.11586771160364151,-0.0015089943772181869,-0.5294156074523926,-0.020505690947175026,-0.012313120067119598,-0.7397912740707397,-0.0492885448038578,-0.014411144889891148,-0.8771469593048096,-0.08075926452875137,-0.01233268715441227,-0.9944018721580505,-0.10494211316108704,-0.07099487632513046,-0.49936795234680176,-0.029703279957175255,-0.08335509151220322,-0.6908413767814636,-0.05914045497775078,-0.07421958446502686,-0.8141741752624512,-0.08321749418973923,-0.06090511754155159,-0.9202542304992676,-0.10065983235836029,-0.1399449110031128,-0.4395987391471863,-0.04609886184334755,-0.14986030757427216,-0.5857112407684326,-0.07444307208061218,-0.14391350746154785,-0.6832935810089111,-0.08839815855026245,-0.13079001009464264,-0.7761522531509399,-0.098046213388443,STOP
0.0,0.0,0.0,0.11156334728002548,-0.0933954194188118,-0.05765150114893913,0.1736908257007599,-0.27440378069877625,-0.07197211682796478,0.19416335225105286,-0.44230321049690247,-0.08225511014461517,0.13779155910015106,-0.5306705832481384,-0.09112701565027237,0.0737181231379509,-0.5189905166625977,-0.02306094579398632,0.06871223449707031,-0.7136905789375305,-0.057581983506679535,0.06387939304113388,-0.8370574116706848,-0.09209956973791122,0.059634365141391754,-0.9459533095359802,-0.11799883842468262,-0.0013319685822352767,-0.5296016335487366,-0.021600404754281044,-0.011825635097920895,-0.7397791743278503,-0.050064489245414734,-0.013976535759866238,-0.877220630645752,-0.08147301524877548,-0.011839788407087326,-0.9943340420722961,-0.10563938319683075,-0.07018803805112839,-0.49841880798339844,-0.029495777562260628,-0.0832805261015892,-0.6898032426834106,-0.058773305267095566,-0.07384064048528671,-0.8131319284439087,-0.08309945464134216,-0.059998463839292526,-0.918853223323822,-0.10077111423015594,-0.13829763233661652,-0.4369083046913147,-0.04463968425989151,-0.14964264631271362,-0.5821065306663513,-0.07303498685359955,-0.1424376368522644,-0.6787787675857544,-0.08728733658790588,-0.1273747682571411,-0.7699805498123169,-0.09711755067110062,STOP
0.0,0.0,0.0,0.11111532151699066,-0.09098777920007706,-0.05901332572102547,0.17411555349826813,-0.2739621698856354,-0.07351350784301758,0.19646064937114716,-0.4451330304145813,-0.0838325172662735,0.13845889270305634,-0.5300920009613037,-0.09269135445356369,0.07583443075418472,-0.5183736681938171,-0.02373848296701908,0.07287033647298813,-0.7126806378364563,-0.05870264023542404,0.06790333986282349,-0.8363112211227417,-0.09383604675531387,0.06285271793603897,-0.9459390044212341,-0.12021685391664505,0.0001810443791327998,-0.5300999283790588,-0.02179190143942833,-0.009174440056085587,-0.7393609881401062,-0.0505375936627388,-0.01147397980093956,-0.8766999840736389,-0.08180736750364304,-0.00980551540851593,-0.9943278431892395,-0.10590574890375137,-0.06950590759515762,-0.5000718235969543,-0.029405737295746803,-0.08205129206180573,-0.6887792348861694,-0.05854044482111931,-0.0731353834271431,-0.8103551268577576,-0.08190375566482544,-0.059910848736763,-0.9155552387237549,-0.09890110790729523,-0.13814914226531982,-0.44030269980430603,-0.04460250586271286,-0.14871612191200256,-0.5857276916503906,-0.0723801776766777,-0.14272461831569672,-0.6822161674499512,-0.08571290969848633,-0.1291840374469757,-0.7735322117805481,-0.09496715664863586,STOP
0.0,0.0,0.0,0.11046619713306427,-0.09082622826099396,-0.0587434284389019,0.1744944304227829,-0.271102637052536,-0.07386777549982071,0.1982344090938568,-0.4403263032436371,-0.08487695455551147,0.14050309360027313,-0.5275365114212036,-0.09451594203710556,0.0748259499669075,-0.5171029567718506,-0.02433624491095543,0.07157239317893982,-0.7103327512741089,-0.05983061343431473,0.06788452714681625,-0.833217978477478,-0.09523658454418182,0.06470055878162384,-0.9423637986183167,-0.12166839838027954,-0.0005234159179963171,-0.5289415121078491,-0.022749315947294235,-0.01003790833055973,-0.738268256187439,-0.05170264095067978,-0.011753500439226627,-0.8760182857513428,-0.08324789255857468,-0.009268263354897499,-0.9941617250442505,-0.1075022965669632,-0.06994124501943588,-0.49871087074279785,-0.030633054673671722,-0.0823717936873436,-0.6883739233016968,-0.05989181995391846,-0.07326602190732956,-0.8098106384277344,-0.08345789462327957,-0.05959513410925865,-0.9146246314048767,-0.10056067258119583,-0.13833126425743103,-0.4384545087814331,-0.046007923781871796,-0.1491117626428604,-0.5836886167526245,-0.07371517270803452,-0.14215251803398132,-0.6795768141746521,-0.08695415407419205,-0.12729403376579285,-0.7702823281288147,-0.09610344469547272,STOP
0.0,0.0,0.0,0.11160632222890854,-0.0897831842303276,-0.05804013833403587,0.17520743608474731,-0.27315011620521545,-0.07148373126983643,0.1982589215040207,-0.4432411193847656,-0.0807846412062645,0.1400349736213684,-0.5291939973831177,-0.0887143686413765,0.07667168229818344,-0.5181601643562317,-0.022454146295785904,0.07411440461874008,-0.7121745944023132,-0.05624882131814957,0.07018235325813293,-0.8344942927360535,-0.09050648659467697,0.06671978533267975,-0.9430985450744629,-0.11649170517921448,0.0020841117948293686,-0.5297701954841614,-0.020785734057426453,-0.006500519812107086,-0.7383312582969666,-0.04867400974035263,-0.007759353145956993,-0.8759737610816956,-0.08014873415231705,-0.0052459463477134705,-0.9944964647293091,-0.10463882982730865,-0.06713828444480896,-0.49964508414268494,-0.028597287833690643,-0.07848572731018066,-0.6893652081489563,-0.057709701359272,-0.06842603534460068,-0.8121157884597778,-0.08262736350297928,-0.054621338844299316,-0.9182320237159729,-0.10088649392127991,-0.13587811589241028,-0.43962621688842773,-0.04374009743332863,-0.14610078930854797,-0.5849973559379578,-0.07222401350736618,-0.13895614445209503,-0.6808503866195679,-0.0868455246090889,-0.12429744750261307,-0.7722184062004089,-0.09717417508363724,STOP
0.0,0.0,0.0,0.1120990663766861,-0.08974523097276688,-0.057965803891420364,0.17535856366157532,-0.2718948721885681,-0.07161293923854828,0.20018410682678223,-0.44057443737983704,-0.08126237243413925,0.14382700622081757,-0.528203547000885,-0.08965113759040833,0.07816335558891296,-0.5175347924232483,-0.022214751690626144,0.07520554959774017,-0.7107082605361938,-0.05652495101094246,0.07106026262044907,-0.8329277038574219,-0.09133770316839218,0.06754904985427856,-0.9412267208099365,-0.11775746196508408,0.0038673034869134426,-0.5299128890037537,-0.020640160888433456,-0.004562836606055498,-0.7385965585708618,-0.049267664551734924,-0.005957735702395439,-0.8761821985244751,-0.08150238543748856,-0.003328497987240553,-0.9943069219589233,-0.10650181770324707,-0.06540241837501526,-0.5002225637435913,-0.02856752648949623,-0.07609069347381592,-0.6906229257583618,-0.05829807370901108,-0.06617064774036407,-0.8142699003219604,-0.08401262015104294,-0.052338890731334686,-0.921333909034729,-0.102851502597332,-0.1343001127243042,-0.4402954876422882,-0.04378000274300575,-0.1440599411725998,-0.5851358771324158,-0.07296426594257355,-0.13722814619541168,-0.6819082498550415,-0.08841947466135025,-0.1229911595582962,-0.7744556069374084,-0.09937264025211334,STOP
0.0,0.0,0.0,0.11459263414144516,-0.09054558724164963,-0.057061925530433655,0.1773623526096344,-0.2735656797885895,-0.06980356574058533,0.2001338005065918,-0.44302549958229065,-0.07850588113069534,0.1431482583284378,-0.5299451947212219,-0.08596070110797882,0.07894579321146011,-0.517871081829071,-0.02090761996805668,0.0756041407585144,-0.7114233374595642,-0.05431842431426048,0.07185404747724533,-0.833342969417572,-0.08849973976612091,0.06875495612621307,-0.9409688711166382,-0.11457601189613342,0.004464706405997276,-0.529949426651001,-0.01924995891749859,-0.0039637209847569466,-0.7394929528236389,-0.047216132283210754,-0.004446735139936209,-0.8772978186607361,-0.07919126749038696,-0.0008314274600706995,-0.9945697784423828,-0.1040690690279007,-0.06475605815649033,-0.5000270009040833,-0.02704579569399357,-0.07463141530752182,-0.6924762725830078,-0.0565289631485939,-0.06380335986614227,-0.8177241683006287,-0.08292524516582489,-0.04926389455795288,-0.9248476028442383,-0.10228350013494492,-0.13330592215061188,-0.43999409675598145,-0.04193368926644325,-0.14198680222034454,-0.5855925679206848,-0.07136430591344833,-0.13499794900417328,-0.6834260821342468,-0.0875663086771965,-0.12076003104448318,-0.7765350937843323,-0.09910310804843903,STOP
0.0,0.0,0.0,0.11467698961496353,-0.09010377526283264,-0.05800899863243103,0.17815712094306946,-0.2738608419895172,-0.07093765586614609,0.2004660665988922,-0.44466090202331543,-0.07974845170974731,0.1424996703863144,-0.5312046408653259,-0.08719495683908463,0.07949835062026978,-0.518097460269928,-0.020429987460374832,0.07680290937423706,-0.7106726169586182,-0.05364620313048363,0.07277335226535797,-0.8321413397789001,-0.08799681067466736,0.06915272027254105,-0.9403185844421387,-0.11434067040681839,0.00448605278506875,-0.5305156707763672,-0.018348731100559235,-0.0036888516042381525,-0.7392809391021729,-0.046261850744485855,-0.0042771026492118835,-0.87673020362854,-0.07828974723815918,-0.0006863016169518232,-0.9946485161781311,-0.10331440716981888,-0.06535249948501587,-0.5006983876228333,-0.0258864164352417,-0.0753706693649292,-0.6913192868232727,-0.05540446937084198,-0.06472735852003098,-0.8146409392356873,-0.08141981065273285,-0.05021315813064575,-0.9205136895179749,-0.10047144442796707,-0.13440455496311188,-0.4413261413574219,-0.040693193674087524,-0.1426197737455368,-0.5869060158729553,-0.06984063237905502,-0.13595612347126007,-0.6842681765556335,-0.08571035414934158,-0.12197227776050568,-0.7773033380508423,-0.09708298742771149,STOP
0.0,0.0,0.0,0.11582738906145096,-0.09151069074869156,-0.05559200048446655,0.18037112057209015,-0.27670809626579285,-0.06747528165578842,0.2027871459722519,-0.44537436962127686,-0.07574331015348434,0.14379487931728363,-0.5269774198532104,-0.08276281505823135,0.08013372123241425,-0.5196503400802612,-0.019092410802841187,0.07761695235967636,-0.7126407623291016,-0.05230915918946266,0.07410509139299393,-0.8339495658874512,-0.08669392019510269,0.07089218497276306,-0.9417888522148132,-0.11299216002225876,0.004292916040867567,-0.5314655303955078,-0.018491769209504128,-0.004303956404328346,-0.7403584718704224,-0.04647701978683472,-0.004342914093285799,-0.8773259520530701,-0.07853028923273087,-0.0005013776826672256,-0.9946364760398865,-0.1034313216805458,-0.06593582779169083,-0.5016739368438721,-0.027260344475507736,-0.07613152265548706,-0.6924986839294434,-0.056567661464214325,-0.0646156296133995,-0.81663578748703,-0.08244521915912628,-0.04959508404135704,-0.9230641722679138,-0.10132557898759842,-0.13478834927082062,-0.44250011444091797,-0.043163198977708817,-0.1432776302099228,-0.5902326107025146,-0.07188788801431656,-0.13663022220134735,-0.6886992454528809,-0.08730104565620422,-0.12262478470802307,-0.782446026802063,-0.09831910580396652,STOP
0.0,0.0,0.0,0.11473020911216736,-0.09160183370113373,-0.05512312054634094,0.1789044439792633,-0.2759350538253784,-0.06734751909971237,0.20149721205234528,-0.44428062438964844,-0.07611942291259766,0.14288440346717834,-0.5260481238365173,-0.08367741852998734,0.08020850270986557,-0.5197003483772278,-0.01967928744852543,0.07796352356672287,-0.7130202651023865,-0.052822746336460114,0.07423843443393707,-0.8340369462966919,-0.08677072077989578,0.07072874158620834,-0.9413743615150452,-0.11266816407442093,0.004377680830657482,-0.531074047088623,-0.01947656087577343,-0.004264042247086763,-0.740332305431366,-0.047187093645334244,-0.004844192881137133,-0.8775324821472168,-0.07862159609794617,-0.0017706936923786998,-0.9946684241294861,-0.10310955345630646,-0.06564851850271225,-0.500973105430603,-0.028539499267935753,-0.07612123340368271,-0.6913948655128479,-0.05744144693017006,-0.06561009585857391,-0.814484715461731,-0.08269774168729782,-0.05156758055090904,-0.9201700687408447,-0.1012355163693428,-0.1342608481645584,-0.4413088262081146,-0.044702086597681046,-0.1432311236858368,-0.5882642269134521,-0.07313764095306396,-0.1363234519958496,-0.6856762766838074,-0.08815765380859375,-0.1221054345369339,-0.7783931493759155,-0.09888201951980591,STOP
0.0,0.0,0.0,0.11567198485136032,-0.09026540070772171,-0.057356663048267365,0.18122656643390656,-0.27467596530914307,-0.07087098807096481,0.2032526284456253,-0.44388625025749207,-0.08045895397663116,0.14479203522205353,-0.5258257985115051,-0.0888228565454483,0.08380493521690369,-0.5188440084457397,-0.022369127720594406,0.08079786598682404,-0.7112486362457275,-0.05648927390575409,0.07602611929178238,-0.8330385684967041,-0.09102228283882141,0.07155105471611023,-0.9404962658882141,-0.11734390258789062,0.007444155868142843,-0.5300830602645874,-0.021239615976810455,-0.0006521688192151487,-0.7389082908630371,-0.05006025731563568,-0.001237336895428598,-0.8768234848976135,-0.0820113867521286,0.0016966575058177114,-0.9942862391471863,-0.10673301666975021,-0.06311048567295074,-0.4993220269680023,-0.029484985396265984,-0.07271167635917664,-0.6897168159484863,-0.059328842908144,-0.06260482966899872,-0.8128553628921509,-0.08492633700370789,-0.04918229952454567,-0.9185317158699036,-0.1036309152841568,-0.13250122964382172,-0.43839898705482483,-0.04495186358690262,-0.14094200730323792,-0.5837907791137695,-0.07419421523809433,-0.13431325554847717,-0.6811363101005554,-0.08980187028646469,-0.12096016108989716,-0.7742594480514526,-0.10090693831443787,STOP
0.0,0.0,0.0,0.11583999544382095,-0.08987250179052353,-0.055759984999895096,0.18268141150474548,-0.2764948010444641,-0.06820963323116302,0.20502912998199463,-0.4455588757991791,-0.07685503363609314,0.1463342308998108,-0.5231088995933533,-0.08442491292953491,0.0858241617679596,-0.5199421048164368,-0.021480852738022804,0.0843508392572403,-0.7107096910476685,-0.05434747412800789,0.07979702949523926,-0.8315344452857971,-0.08795155584812164,0.0752953514456749,-0.9381211400032043,-0.11385900527238846,0.008948856964707375,-0.5315500497817993,-0.02119174785912037,0.0028240939136594534,-0.7396289110183716,-0.048965245485305786,0.0028177874628454447,-0.8774807453155518,-0.07988140732049942,0.005730304401367903,-0.9945615530014038,-0.10399316251277924,-0.06192203238606453,-0.5009126663208008,-0.030105575919151306,-0.07009650766849518,-0.6914268732070923,-0.05901183933019638,-0.05898969992995262,-0.8157490491867065,-0.08396220952272415,-0.044515009969472885,-0.9229715466499329,-0.10251668095588684,-0.13188417255878448,-0.43993961811065674,-0.04616063833236694,-0.14040786027908325,-0.5856704115867615,-0.07451456040143967,-0.13184885680675507,-0.6824076771736145,-0.0892719179391861,-0.11548585444688797,-0.7753211855888367,-0.10006076842546463,STOP
0.0,0.0,0.0,0.11690804362297058,-0.09155059605836868,-0.05440631881356239,0.18121762573719025,-0.2755153775215149,-0.06625793129205704,0.20310568809509277,-0.44032639265060425,-0.07461601495742798,0.14956319332122803,-0.5255690217018127,-0.08196199685335159,0.084088034927845,-0.5172746777534485,-0.02078396826982498,0.08258756995201111,-0.708378255367279,-0.05387580394744873,0.0787680372595787,-0.8293033242225647,-0.08743409812450409,0.07466831803321838,-0.9356910586357117,-0.1131824478507042,0.007801902946084738,-0.5296456813812256,-0.020974865183234215,0.001406415132805705,-0.7387754917144775,-0.04933271184563637,0.0013210454490035772,-0.8768451809883118,-0.08082187920808792,0.004260009154677391,-0.9944398403167725,-0.1052200123667717,-0.06295667588710785,-0.4995185136795044,-0.030289985239505768,-0.07112719118595123,-0.6924623847007751,-0.05993255600333214,-0.059842079877853394,-0.8177574872970581,-0.08603201806545258,-0.04539252817630768,-0.9262256622314453,-0.1052926778793335,-0.13289609551429749,-0.4389924705028534,-0.0464547798037529,-0.14050182700157166,-0.5856010317802429,-0.07587652653455734,-0.13241596519947052,-0.6830272078514099,-0.0918230190873146,-0.11714405566453934,-0.7766924500465393,-0.1033296138048172,STOP
0.0,0.0,0.0,0.11732912063598633,-0.0903829038143158,-0.056008704006671906,0.1828813999891281,-0.2736857533454895,-0.06862985342741013,0.20485618710517883,-0.44089657068252563,-0.07743614166975021,0.14965616166591644,-0.5261876583099365,-0.08510909229516983,0.0855925902724266,-0.5184412598609924,-0.021971894428133965,0.08297659456729889,-0.7113939523696899,-0.05482317879796028,0.07756698876619339,-0.8326261043548584,-0.08835078775882721,0.0721852257847786,-0.9394597411155701,-0.1142246276140213,0.008054752834141254,-0.5298233032226562,-0.021125800907611847,-2.1879246560274623e-05,-0.7396658658981323,-0.04929918423295021,-0.0006641801446676254,-0.8773710131645203,-0.08087503165006638,0.002562376204878092,-0.9944137930870056,-0.1055208072066307,-0.06342218816280365,-0.49864837527275085,-0.029469216242432594,-0.07302786409854889,-0.6914066672325134,-0.05891341716051102,-0.06181846931576729,-0.8174536824226379,-0.08530790358781815,-0.04708356037735939,-0.9258460402488708,-0.10488796979188919,-0.13363312184810638,-0.4372810423374176,-0.04479670897126198,-0.14170637726783752,-0.5839540958404541,-0.0741003006696701,-0.13572002947330475,-0.6816369891166687,-0.09030207246541977,-0.12299920618534088,-0.7746440768241882,-0.10204759985208511,STOP
0.0,0.0,0.0,0.11780528724193573,-0.09137130528688431,-0.05533695966005325,0.1823846995830536,-0.27422067523002625,-0.0678132176399231,0.20321312546730042,-0.44001132249832153,-0.07670651376247406,0.1481887400150299,-0.5268253684043884,-0.08460070937871933,0.08501499891281128,-0.517216145992279,-0.02172037959098816,0.08267408609390259,-0.7080737352371216,-0.05504217743873596,0.0768657848238945,-0.828687846660614,-0.08869363367557526,0.0708426684141159,-0.9352041482925415,-0.11469317227602005,0.00777955399826169,-0.5288545489311218,-0.021741531789302826,0.0010320096043869853,-0.738287091255188,-0.05070727318525314,0.0008043398847803473,-0.8766589760780334,-0.08252141624689102,0.003919180948287249,-0.9942187070846558,-0.10730267316102982,-0.06368294358253479,-0.4975597858428955,-0.031005674973130226,-0.0726202130317688,-0.6907644271850586,-0.061362724751234055,-0.061228979378938675,-0.8170364499092102,-0.08802222460508347,-0.04643144831061363,-0.9262896180152893,-0.1077393889427185,-0.13399860262870789,-0.43564373254776,-0.04718326777219772,-0.14217418432235718,-0.5825235843658447,-0.07765033096075058,-0.13493755459785461,-0.681567370891571,-0.09456908702850342,-0.120472252368927,-0.776965320110321,-0.10683220624923706,STOP
0.0,0.0,0.0,0.1178605705499649,-0.089818574488163,-0.05739931762218475,0.18273815512657166,-0.2730695903301239,-0.07059380412101746,0.20395776629447937,-0.44028106331825256,-0.07977486401796341,0.14899638295173645,-0.527952253818512,-0.08798523247241974,0.08453057706356049,-0.5158905982971191,-0.024295981973409653,0.08247723430395126,-0.7067021131515503,-0.05830264836549759,0.0768328607082367,-0.8273701071739197,-0.0924520492553711,0.07063405960798264,-0.935053825378418,-0.11880730092525482,0.007472823839634657,-0.5280914902687073,-0.023587938398122787,0.0018625903176143765,-0.7372347712516785,-0.0530959777534008,0.0016798299038782716,-0.8752534985542297,-0.08523401618003845,0.004442908335477114,-0.9938960075378418,-0.11023075878620148,-0.06392325460910797,-0.49739891290664673,-0.0322151705622673,-0.07260440289974213,-0.6896989345550537,-0.06310619413852692,-0.06114841625094414,-0.8163368701934814,-0.08987387269735336,-0.04650934040546417,-0.9266879558563232,-0.10954312235116959,-0.13454784452915192,-0.4367513358592987,-0.047941502183675766,-0.14224325120449066,-0.5851117968559265,-0.07870502024888992,-0.13433010876178741,-0.6837063431739807,-0.09542062133550644,-0.11925534904003143,-0.7779478430747986,-0.10745099931955338,STOP
0.0,0.0,0.0,0.11851885169744492,-0.08897705376148224,-0.058011263608932495,0.18384310603141785,-0.27140742540359497,-0.07137849926948547,0.20595721900463104,-0.4393863379955292,-0.08059976994991302,0.15208350121974945,-0.5282078981399536,-0.08875248581171036,0.08692736178636551,-0.5162678360939026,-0.024037715047597885,0.08417496085166931,-0.7093579173088074,-0.057651251554489136,0.0779862329363823,-0.8311629891395569,-0.09149730205535889,0.07168104499578476,-0.9389858245849609,-0.11768276989459991,0.00989989098161459,-0.528222918510437,-0.022671952843666077,0.003863339312374592,-0.7376436591148376,-0.05191713571548462,0.003086871700361371,-0.8758838176727295,-0.08436621725559235,0.005674112122505903,-0.993954062461853,-0.10964984446763992,-0.06160562485456467,-0.49740177392959595,-0.03066883608698845,-0.06947179138660431,-0.6900860667228699,-0.061294976621866226,-0.05840839818120003,-0.8171089291572571,-0.08852702379226685,-0.04389355704188347,-0.9273688793182373,-0.10865612328052521,-0.13251669704914093,-0.4363595247268677,-0.04577682912349701,-0.1398078352212906,-0.5834222435951233,-0.07668248564004898,-0.13197673857212067,-0.6821972727775574,-0.09408482909202576,-0.1168159767985344,-0.7774041295051575,-0.10662750899791718,STOP
0.0,0.0,0.0,0.11822275072336197,-0.09087029099464417,-0.05789581313729286,0.18460151553153992,-0.27309077978134155,-0.07189836353063583,0.2043655812740326,-0.4408303201198578,-0.08180027455091476,0.1510605663061142,-0.5300244092941284,-0.09084367752075195,0.08626500517129898,-0.5184401869773865,-0.025777611881494522,0.08276760578155518,-0.7088767886161804,-0.06001833826303482,0.07731943577528,-0.8291083574295044,-0.09419319033622742,0.07187121361494064,-0.9359644055366516,-0.1205061748623848,0.0089900316670537,-0.5298281908035278,-0.024838266894221306,0.0029751204419881105,-0.7380762696266174,-0.054329730570316315,0.002373647876083851,-0.875669538974762,-0.08642634749412537,0.00485997274518013,-0.9937662482261658,-0.11137831211090088,-0.062210120260715485,-0.4981648027896881,-0.03313957154750824,-0.06984642893075943,-0.6905310153961182,-0.0638708546757698,-0.05943172425031662,-0.8179782032966614,-0.09047748148441315,-0.04600551351904869,-0.930117130279541,-0.11014436185359955,-0.1333550065755844,-0.4353688359260559,-0.048499830067157745,-0.14102566242218018,-0.5835490226745605,-0.07946354895830154,-0.1328117549419403,-0.6826666593551636,-0.0962575376033783,-0.11798213422298431,-0.7782706618309021,-0.1082625538110733,STOP
0.0,0.0,0.0,0.11941566318273544,-0.09569909423589706,-0.05680350214242935,0.18435138463974,-0.2746555507183075,-0.07147674262523651,0.20368504524230957,-0.4402633011341095,-0.08236907422542572,0.15125828981399536,-0.5344640612602234,-0.09261412173509598,0.0849231407046318,-0.5176075100898743,-0.026872234418988228,0.08120279014110565,-0.7092739939689636,-0.06228120997548103,0.0753360465168953,-0.8310404419898987,-0.09726152569055557,0.0692763701081276,-0.9392454624176025,-0.12384884804487228,0.007004961837083101,-0.5275237560272217,-0.026530856266617775,-0.0007723482558503747,-0.7367123365402222,-0.05694139748811722,-0.0028795693069696426,-0.8748265504837036,-0.0894826278090477,-0.0017145272577181458,-0.9934020638465881,-0.11467079073190689,-0.06457232683897018,-0.4947640299797058,-0.035132043063640594,-0.07401079684495926,-0.686620831489563,-0.06607457250356674,-0.06457708030939102,-0.8139141798019409,-0.09173430502414703,-0.05180330574512482,-0.9257079362869263,-0.11072096228599548,-0.13586343824863434,-0.43096598982810974,-0.05067034065723419,-0.1445888727903366,-0.577691912651062,-0.08131998777389526,-0.13597092032432556,-0.6760846376419067,-0.09691115468740463,-0.12031714618206024,-0.7701069712638855,-0.10788029432296753,STOP
0.0,0.0,0.0,0.1199420690536499,-0.0919286459684372,-0.05745091289281845,0.18471139669418335,-0.2730396091938019,-0.07079005241394043,0.20293429493904114,-0.4399033784866333,-0.07981987297534943,0.15370509028434753,-0.5339558720588684,-0.0879875048995018,0.08615187555551529,-0.5154154300689697,-0.0267484150826931,0.0832989290356636,-0.7087584733963013,-0.06068266183137894,0.0760820284485817,-0.8314250111579895,-0.09419601410627365,0.06852846592664719,-0.9392676949501038,-0.11990830302238464,0.008075559511780739,-0.5265437960624695,-0.025368908420205116,0.0012846405152231455,-0.7372815012931824,-0.05468553677201271,-0.0009050750522874296,-0.876196026802063,-0.08646075427532196,4.803086631000042e-05,-0.9938062429428101,-0.11112632602453232,-0.06348167359828949,-0.495574027299881,-0.032969649881124496,-0.07231724262237549,-0.6892017126083374,-0.06328678131103516,-0.06261608749628067,-0.8173701167106628,-0.0897127240896225,-0.04960453882813454,-0.9282243251800537,-0.10929372161626816,-0.1344531774520874,-0.433578759431839,-0.0474851056933403,-0.14338679611682892,-0.5811180472373962,-0.0782221183180809,-0.13495385646820068,-0.6803110241889954,-0.0949392169713974,-0.11935488879680634,-0.774712085723877,-0.10674482583999634,STOP
0.0,0.0,0.0,0.12048224359750748,-0.09272804111242294,-0.05824378877878189,0.1869203746318817,-0.27476197481155396,-0.07208873331546783,0.20387931168079376,-0.44224536418914795,-0.08140452951192856,0.15244877338409424,-0.5350112318992615,-0.08988640457391739,0.08804557472467422,-0.5145928263664246,-0.028290074318647385,0.08591239154338837,-0.7090461850166321,-0.06292830407619476,0.07799595594406128,-0.8322949409484863,-0.09679924696683884,0.06965045630931854,-0.9402342438697815,-0.12275652587413788,0.009257669560611248,-0.5253188610076904,-0.026751704514026642,0.0031184102408587933,-0.7369225025177002,-0.056892260909080505,0.0010017567547038198,-0.8760411739349365,-0.08916369825601578,0.002035462064668536,-0.9934649467468262,-0.11411935836076736,-0.06301998347043991,-0.49464520812034607,-0.034202251583337784,-0.07048191875219345,-0.689682126045227,-0.06524604558944702,-0.06083211675286293,-0.8188568949699402,-0.09217655658721924,-0.047978341579437256,-0.930203378200531,-0.11209210753440857,-0.13445961475372314,-0.43298739194869995,-0.04855942353606224,-0.14173443615436554,-0.5814462304115295,-0.07995425909757614,-0.13352181017398834,-0.6814023852348328,-0.09708873927593231,-0.11857966333627701,-0.7768738865852356,-0.10919374227523804,STOP
0.0,0.0,0.0,0.12149326503276825,-0.09287584573030472,-0.05763007700443268,0.18650564551353455,-0.27476105093955994,-0.07090877741575241,0.20278126001358032,-0.441947877407074,-0.0798894390463829,0.15284746885299683,-0.5363775491714478,-0.08790930360555649,0.08760877698659897,-0.5172877907752991,-0.025227388367056847,0.08467750996351242,-0.7108551859855652,-0.058904651552438736,0.07658731937408447,-0.8332890272140503,-0.09242158383131027,0.06810934841632843,-0.940402626991272,-0.11824637651443481,0.008758078329265118,-0.5276978611946106,-0.023697901517152786,0.0018659987254068255,-0.7380794286727905,-0.05320719629526138,-0.00036425862344913185,-0.876594066619873,-0.08550703525543213,0.000631090602837503,-0.9938715696334839,-0.11053956300020218,-0.06356712430715561,-0.4965274930000305,-0.031291089951992035,-0.0710596889257431,-0.6910699605941772,-0.06197832524776459,-0.061170317232608795,-0.8205461502075195,-0.08913737535476685,-0.04823347553610802,-0.9329540729522705,-0.10921322554349899,-0.1350124329328537,-0.43424421548843384,-0.045758217573165894,-0.1418401449918747,-0.5828231573104858,-0.07700739800930023,-0.13434012234210968,-0.6840986609458923,-0.09451021254062653,-0.12035718560218811,-0.7815760374069214,-0.10690806806087494,STOP
0.0,0.0,0.0,0.12177058309316635,-0.09250446408987045,-0.05669686198234558,0.1876784712076187,-0.27562573552131653,-0.06904523074626923,0.20475921034812927,-0.4425821602344513,-0.07713177055120468,0.15424884855747223,-0.5362613201141357,-0.0843881294131279,0.08873273432254791,-0.5179641246795654,-0.024778243154287338,0.08635655045509338,-0.7115927338600159,-0.05775239318609238,0.07886537164449692,-0.8332482576370239,-0.09065265208482742,0.07132072001695633,-0.9398016929626465,-0.11602768301963806,0.009992108680307865,-0.5275161862373352,-0.023674029856920242,0.00355922756716609,-0.7388978004455566,-0.052149735391139984,0.0017434473847970366,-0.8771519660949707,-0.08387915790081024,0.0033539494033902884,-0.9940817356109619,-0.10858342051506042,-0.06225637346506119,-0.49570193886756897,-0.03158722445368767,-0.06835195422172546,-0.6919862031936646,-0.06169084087014198,-0.0586441271007061,-0.821943998336792,-0.0887858048081398,-0.04586194083094597,-0.9347851276397705,-0.10889739543199539,-0.13388296961784363,-0.4326423704624176,-0.04625900089740753,-0.1403510421514511,-0.5827254056930542,-0.0771428719162941,-0.1326986700296402,-0.6839609146118164,-0.0943225771188736,-0.1185515895485878,-0.7815333008766174,-0.10656549781560898,STOP
0.0,0.0,0.0,0.1222013458609581,-0.09307359904050827,-0.05763386934995651,0.18895061314105988,-0.2761596441268921,-0.0710102990269661,0.20631179213523865,-0.44337108731269836,-0.07998225837945938,0.15507277846336365,-0.5364348292350769,-0.08800245076417923,0.08952956646680832,-0.5184230208396912,-0.02611001953482628,0.08718910813331604,-0.7120969891548157,-0.05954231321811676,0.07941918075084686,-0.8335468173027039,-0.09283880144357681,0.07141295075416565,-0.940335750579834,-0.11857233941555023,0.010449103079736233,-0.5279940962791443,-0.02461155503988266,0.00434891227632761,-0.7383866310119629,-0.05356113612651825,0.0020037235226482153,-0.8764217495918274,-0.0855199545621872,0.0028115143068134785,-0.9938827753067017,-0.11040405929088593,-0.06205033138394356,-0.49599456787109375,-0.03212188184261322,-0.06803160905838013,-0.6912304759025574,-0.06230718269944191,-0.058487419039011,-0.8210813403129578,-0.08911511301994324,-0.04614616930484772,-0.9344251155853271,-0.10908661037683487,-0.13364920020103455,-0.4323844611644745,-0.04648293927311897,-0.13933713734149933,-0.5812641978263855,-0.07722339779138565,-0.1318054348230362,-0.682279646396637,-0.09421512484550476,-0.11816015839576721,-0.7798521518707275,-0.10634150356054306,STOP
0.0,0.0,0.0,0.12231700867414474,-0.09360551089048386,-0.056950852274894714,0.18809036910533905,-0.2753829061985016,-0.0704769641160965,0.20477090775966644,-0.4418708384037018,-0.07984789460897446,0.15551896393299103,-0.5382001399993896,-0.08850887417793274,0.08934229612350464,-0.5183533430099487,-0.026092950254678726,0.08646143972873688,-0.7106960415840149,-0.06017415225505829,0.07912063598632812,-0.8317664861679077,-0.09389234334230423,0.07150517404079437,-0.9383924603462219,-0.11988154798746109,0.011089212261140347,-0.5279358625411987,-0.025167273357510567,0.005264279432594776,-0.7377728819847107,-0.054672352969646454,0.0033341844100505114,-0.8759445548057556,-0.08701025694608688,0.004355455748736858,-0.9936791658401489,-0.11217238008975983,-0.060905128717422485,-0.49552613496780396,-0.033235784620046616,-0.0671147033572197,-0.690928041934967,-0.06404269486665726,-0.058010172098875046,-0.8205956816673279,-0.09115888178348541,-0.04609321057796478,-0.9339842200279236,-0.11126910150051117,-0.13248196244239807,-0.4311939775943756,-0.04803788289427757,-0.13893376290798187,-0.5803202390670776,-0.07969965785741806,-0.13148660957813263,-0.6817166209220886,-0.09724192321300507,-0.11818647384643555,-0.7795907258987427,-0.1096310093998909,STOP
0.0,0.0,0.0,0.12347346544265747,-0.09274111688137054,-0.05831669270992279,0.19015657901763916,-0.27433836460113525,-0.07198222726583481,0.20571348071098328,-0.44070249795913696,-0.08114166557788849,0.15562887489795685,-0.5337607264518738,-0.08970041573047638,0.0900178849697113,-0.5140081644058228,-0.02858603373169899,0.08740261942148209,-0.7075237035751343,-0.06292067468166351,0.07945698499679565,-0.8299230337142944,-0.09657829999923706,0.0712212398648262,-0.937395453453064,-0.12260077893733978,0.01167888194322586,-0.524090588092804,-0.027012182399630547,0.0061215623281896114,-0.7350067496299744,-0.05708298832178116,0.004025788512080908,-0.8744480609893799,-0.08982868492603302,0.005127504467964172,-0.9933182001113892,-0.11529398709535599,-0.06036543473601341,-0.49217545986175537,-0.03438247740268707,-0.06590437144041061,-0.6885531544685364,-0.06575265526771545,-0.05667736381292343,-0.8189571499824524,-0.09371888637542725,-0.044696975499391556,-0.9328157305717468,-0.11445541679859161,-0.13191233575344086,-0.4287686347961426,-0.048541706055402756,-0.13774047791957855,-0.5783349275588989,-0.0806567519903183,-0.13044804334640503,-0.6797147393226624,-0.09885795414447784,-0.11734412610530853,-0.7776747345924377,-0.11184562742710114,STOP
0.0,0.0,0.0,0.1239207461476326,-0.09183471649885178,-0.059211354702711105,0.19225621223449707,-0.2751213610172272,-0.0730755478143692,0.20780286192893982,-0.4426151514053345,-0.0822596475481987,0.1557675302028656,-0.5340316891670227,-0.09076238423585892,0.09070992469787598,-0.5164154767990112,-0.02817055769264698,0.08824622631072998,-0.708892822265625,-0.06209447234869003,0.08074508607387543,-0.8307024836540222,-0.09576278924942017,0.0727766677737236,-0.9379686117172241,-0.12184831500053406,0.01183604821562767,-0.5263136029243469,-0.026144759729504585,0.00631203968077898,-0.735988974571228,-0.05566342547535896,0.004092153161764145,-0.8750355243682861,-0.08821233361959457,0.004835400264710188,-0.9935210347175598,-0.11354491114616394,-0.06059703975915909,-0.49423447251319885,-0.03315114974975586,-0.06636390835046768,-0.6895157098770142,-0.06410662084817886,-0.057404253631830215,-0.8199892044067383,-0.09169898927211761,-0.045747920870780945,-0.9340805411338806,-0.11212632060050964,-0.13258317112922668,-0.43099692463874817,-0.0470610149204731,-0.13887019455432892,-0.5811816453933716,-0.07885284721851349,-0.1313432902097702,-0.6824784278869629,-0.09663499146699905,-0.11769738793373108,-0.7803785800933838,-0.1092577576637268,STOP
0.0,0.0,0.0,0.1241648867726326,-0.09249581396579742,-0.05904506519436836,0.1926288604736328,-0.27450135350227356,-0.07303319126367569,0.20913982391357422,-0.44102129340171814,-0.08240341395139694,0.15578576922416687,-0.5306516885757446,-0.09113479405641556,0.0907282680273056,-0.5158238410949707,-0.0285785011947155,0.08815949410200119,-0.7095044255256653,-0.062841035425663,0.08034777641296387,-0.8322155475616455,-0.09681371599435806,0.07201548665761948,-0.9401199817657471,-0.12308286130428314,0.01176251471042633,-0.5258299112319946,-0.026655061170458794,0.006115035153925419,-0.735849142074585,-0.05662992224097252,0.003261857433244586,-0.8751756548881531,-0.08959230780601501,0.00328466878272593,-0.9933379888534546,-0.11519045382738113,-0.06071549654006958,-0.4937734603881836,-0.03368478640913963,-0.0666145458817482,-0.688629150390625,-0.06483310461044312,-0.057415541261434555,-0.8183109760284424,-0.09244447201490402,-0.045622412115335464,-0.9311054348945618,-0.11284433305263519,-0.1325255185365677,-0.4307269752025604,-0.04762408882379532,-0.13817915320396423,-0.5804083943367004,-0.0792294442653656,-0.13026569783687592,-0.6810621619224548,-0.0968022271990776,-0.11624569445848465,-0.7781054377555847,-0.10929785668849945,STOP
0.0,0.0,0.0,0.12345913052558899,-0.09255386143922806,-0.05795492231845856,0.19084642827510834,-0.2740197479724884,-0.07140901684761047,0.20714472234249115,-0.43939968943595886,-0.08050873130559921,0.1565973162651062,-0.5286663770675659,-0.08897653222084045,0.0907890796661377,-0.5161775946617126,-0.026920227333903313,0.08772800117731094,-0.7080456614494324,-0.060549601912498474,0.0798036977648735,-0.8298097252845764,-0.0942021831870079,0.07118812948465347,-0.9370648860931396,-0.12030307948589325,0.011553631164133549,-0.5269902944564819,-0.02544235624372959,0.005813766270875931,-0.7362231016159058,-0.055051617324352264,0.0031602138187736273,-0.8751540184020996,-0.08775651454925537,0.0033411227632313967,-0.9935739636421204,-0.11313537508249283,-0.06133531406521797,-0.49561354517936707,-0.03288448601961136,-0.06796614080667496,-0.6902053356170654,-0.06368838995695114,-0.058671511709690094,-0.819175124168396,-0.09125159680843353,-0.046429358422756195,-0.9315350651741028,-0.11161661893129349,-0.13367395102977753,-0.4331777095794678,-0.04717184230685234,-0.13992314040660858,-0.5829676985740662,-0.07832507789134979,-0.131581112742424,-0.6834660172462463,-0.09581843763589859,-0.11655867099761963,-0.7807195782661438,-0.10833235830068588,STOP
0.0,0.0,0.0,0.12354586273431778,-0.09293460100889206,-0.05691196769475937,0.1906791776418686,-0.2753787338733673,-0.06995890289545059,0.20741121470928192,-0.4416124224662781,-0.07874863594770432,0.15624578297138214,-0.5318320989608765,-0.08684869110584259,0.09057517349720001,-0.5171286463737488,-0.02616921253502369,0.08794315159320831,-0.7096544504165649,-0.05936780944466591,0.08025068789720535,-0.8313661217689514,-0.092493437230587,0.07181866466999054,-0.9384521842002869,-0.11825316399335861,0.01127349492162466,-0.5275415182113647,-0.02522771619260311,0.005682708695530891,-0.7373668551445007,-0.05431118234992027,0.0037659606896340847,-0.8760454654693604,-0.08646261692047119,0.004576674196869135,-0.99375981092453,-0.11144772171974182,-0.061515845358371735,-0.49579331278800964,-0.03313881903886795,-0.06798696517944336,-0.691703736782074,-0.06370818614959717,-0.058214955031871796,-0.8213103413581848,-0.09098545461893082,-0.04564255475997925,-0.9340977668762207,-0.11115051060914993,-0.13328368961811066,-0.43301886320114136,-0.047773126512765884,-0.13939110934734344,-0.5839031338691711,-0.07900197803974152,-0.1307736486196518,-0.6850895881652832,-0.09638186544179916,-0.11550273001194,-0.782595157623291,-0.10873590409755707,STOP
0.0,0.0,0.0,0.12322653830051422,-0.09454330056905746,-0.056923702359199524,0.18935491144657135,-0.2755368947982788,-0.07059501856565475,0.20497310161590576,-0.4404687285423279,-0.0800706148147583,0.1534951776266098,-0.5322195291519165,-0.08880094438791275,0.08911899477243423,-0.5163527727127075,-0.026468347758054733,0.0866093784570694,-0.7085350155830383,-0.060206338763237,0.07905992865562439,-0.8292484879493713,-0.09356916695833206,0.07115981727838516,-0.9361159801483154,-0.11942785978317261,0.009888958185911179,-0.5263891220092773,-0.025736724957823753,0.00465806620195508,-0.736197292804718,-0.055427297949790955,0.0035825520753860474,-0.874996542930603,-0.08778145164251328,0.005565631203353405,-0.9935911297798157,-0.11289708316326141,-0.06289725750684738,-0.49440431594848633,-0.033925626426935196,-0.0690353587269783,-0.6898737549781799,-0.06519056111574173,-0.05853131040930748,-0.8194963335990906,-0.09284830838441849,-0.04515351355075836,-0.9330778121948242,-0.11322633177042007,-0.13437780737876892,-0.4314493238925934,-0.04877660423517227,-0.14020544290542603,-0.5813136696815491,-0.08078527450561523,-0.13155671954154968,-0.6824160814285278,-0.09870480746030807,-0.11647068709135056,-0.7802184224128723,-0.11141207069158554,STOP
0.0,0.0,0.0,0.12496069818735123,-0.09593772143125534,-0.056256938725709915,0.19085685908794403,-0.27692848443984985,-0.0694899782538414,0.205473855137825,-0.44179296493530273,-0.07866213470697403,0.15548305213451385,-0.5357722043991089,-0.08710463345050812,0.08949661999940872,-0.5174586176872253,-0.025068437680602074,0.08745992928743362,-0.7097846865653992,-0.0582813024520874,0.0799514502286911,-0.8303463459014893,-0.09131570160388947,0.07176179438829422,-0.9368962645530701,-0.11689396947622299,0.010488632135093212,-0.527275562286377,-0.024258770048618317,0.005804198328405619,-0.7378740906715393,-0.05322856456041336,0.004693737719208002,-0.8761327862739563,-0.08527544885873795,0.00639053899794817,-0.9938836693763733,-0.11024720966815948,-0.06215560436248779,-0.495629221200943,-0.03233867511153221,-0.06756312400102615,-0.6914496421813965,-0.0628553032875061,-0.057340413331985474,-0.8212013244628906,-0.09027247130870819,-0.044404931366443634,-0.9343740344047546,-0.1105826124548912,-0.13392359018325806,-0.4326103925704956,-0.046999141573905945,-0.1397729516029358,-0.5831811428070068,-0.07831557095050812,-0.1311306655406952,-0.6845721006393433,-0.0958964079618454,-0.11620256304740906,-0.7823765277862549,-0.10839708149433136,STOP
0.0,0.0,0.0,0.12538105249404907,-0.09554504603147507,-0.057607874274253845,0.19295503199100494,-0.27608105540275574,-0.07160577178001404,0.20805178582668304,-0.4423067569732666,-0.08129169046878815,0.15489396452903748,-0.5336324572563171,-0.09030389040708542,0.08925970643758774,-0.5166965126991272,-0.026958001777529716,0.08674288541078568,-0.7097240090370178,-0.06090232729911804,0.07912542670965195,-0.8310991525650024,-0.09440604597330093,0.0713273137807846,-0.9383471012115479,-0.12035739421844482,0.009953177534043789,-0.5266246795654297,-0.025813743472099304,0.004793212749063969,-0.7368695735931396,-0.05550385266542435,0.003342588897794485,-0.8753884434700012,-0.08807522058486938,0.0050474195741117,-0.9935333728790283,-0.1134282648563385,-0.06288556009531021,-0.4950321316719055,-0.03359737619757652,-0.06864640861749649,-0.6908131241798401,-0.06486774981021881,-0.058482203632593155,-0.8210217356681824,-0.09279145300388336,-0.04519972577691078,-0.9347791075706482,-0.11342352628707886,-0.13481134176254272,-0.43196454644203186,-0.04807030409574509,-0.1408112347126007,-0.5823109745979309,-0.0801033154129982,-0.1318708062171936,-0.6834560632705688,-0.09814085066318512,-0.11642201244831085,-0.7810447812080383,-0.11095699667930603,STOP
0.0,0.0,0.0,0.1251814216375351,-0.09466616809368134,-0.059495292603969574,0.19199711084365845,-0.27601924538612366,-0.07387382537126541,0.20509672164916992,-0.44228529930114746,-0.08349481970071793,0.15367983281612396,-0.534611701965332,-0.09226474165916443,0.08858024328947067,-0.5171418190002441,-0.028041968122124672,0.08555997908115387,-0.7097536325454712,-0.06214883178472519,0.07768218219280243,-0.8311196565628052,-0.09593713283538818,0.06955567002296448,-0.9385656714439392,-0.12204958498477936,0.008985853753983974,-0.5268875956535339,-0.02586502581834793,0.003763815388083458,-0.7366127371788025,-0.05590386316180229,0.002143051940947771,-0.8750963807106018,-0.08879881352186203,0.0037557953037321568,-0.9934483766555786,-0.1142200380563736,-0.06381331384181976,-0.4948306083679199,-0.03281441703438759,-0.07005240023136139,-0.6896592974662781,-0.0645272508263588,-0.059409964829683304,-0.819416344165802,-0.09287872165441513,-0.04592514410614967,-0.932759165763855,-0.11360184103250504,-0.1356433480978012,-0.4315130412578583,-0.04659876972436905,-0.14119505882263184,-0.5814293026924133,-0.07882402837276459,-0.1326906681060791,-0.6822472810745239,-0.09714458137750626,-0.11823224276304245,-0.77956223487854,-0.11007378250360489,STOP
0.0,0.0,0.0,0.12524762749671936,-0.09469057619571686,-0.05869297310709953,0.19316478073596954,-0.27560314536094666,-0.07322641462087631,0.20635664463043213,-0.4435371160507202,-0.0830981656908989,0.15370811522006989,-0.535578191280365,-0.09221585839986801,0.08866838365793228,-0.5160741806030273,-0.02916642464697361,0.08633559197187424,-0.7089506387710571,-0.06349801272153854,0.07847233861684799,-0.8302689790725708,-0.09704693406820297,0.06988595426082611,-0.9376474618911743,-0.12285860627889633,0.009606000036001205,-0.5249916315078735,-0.027374757453799248,0.005245886743068695,-0.7362785935401917,-0.057196978479623795,0.003609654027968645,-0.875241219997406,-0.08928501605987549,0.0045480383560061455,-0.9934492707252502,-0.11418283730745316,-0.06258652359247208,-0.4930996894836426,-0.03445104882121086,-0.06723928451538086,-0.6887484192848206,-0.06567063182592392,-0.057263001799583435,-0.8184503316879272,-0.09269971400499344,-0.044754792004823685,-0.9308114051818848,-0.11251786351203918,-0.1342116743326187,-0.4300652742385864,-0.04832209274172783,-0.13991859555244446,-0.5809383392333984,-0.08013034611940384,-0.13139313459396362,-0.6820657253265381,-0.09743846952915192,-0.11706305295228958,-0.7785803079605103,-0.10951770097017288,STOP
0.0,0.0,0.0,0.1241714283823967,-0.09509892016649246,-0.05780963972210884,0.19148807227611542,-0.2764158546924591,-0.07151015847921371,0.2059287577867508,-0.4422152042388916,-0.08097168058156967,0.1540636569261551,-0.533282458782196,-0.08969547599554062,0.09006261825561523,-0.5170052647590637,-0.026397379115223885,0.0873837098479271,-0.7090403437614441,-0.06034347042441368,0.07918209582567215,-0.8298784494400024,-0.09398872405290604,0.06993608921766281,-0.9372021555900574,-0.1199810802936554,0.011694665998220444,-0.5265904664993286,-0.02546316757798195,0.007573883980512619,-0.7362773418426514,-0.05526139214634895,0.004891210235655308,-0.8750193119049072,-0.0878472849726677,0.004313296638429165,-0.9935801029205322,-0.11304821074008942,-0.06070561707019806,-0.4949834942817688,-0.033601049333810806,-0.06547392159700394,-0.6895800828933716,-0.06481993943452835,-0.05627064034342766,-0.8187582492828369,-0.09224722534418106,-0.04469062387943268,-0.9318395853042603,-0.11231699585914612,-0.1330762654542923,-0.4325360059738159,-0.0485827811062336,-0.1387084275484085,-0.5838521122932434,-0.08031728118658066,-0.13088826835155487,-0.684897243976593,-0.09771475940942764,-0.11719109117984772,-0.7821689248085022,-0.10994317382574081,STOP
0.0,0.0,0.0,0.12431279569864273,-0.09563157707452774,-0.056838009506464005,0.18964043259620667,-0.27952054142951965,-0.06971468776464462,0.20306698977947235,-0.44468796253204346,-0.07857375591993332,0.15201807022094727,-0.5342733860015869,-0.08670330792665482,0.08813454210758209,-0.5191870331764221,-0.02467937208712101,0.08505577594041824,-0.7105536460876465,-0.05825470760464668,0.07674746215343475,-0.8316820859909058,-0.09171298146247864,0.06746962666511536,-0.9387656450271606,-0.11762858927249908,0.009171679615974426,-0.5283490419387817,-0.02407490462064743,0.005214934702962637,-0.7370523810386658,-0.05369246006011963,0.00345170428045094,-0.8757848143577576,-0.08582258224487305,0.0038143706042319536,-0.9938556551933289,-0.11061794310808182,-0.0632733628153801,-0.49628931283950806,-0.03261091187596321,-0.06881379336118698,-0.690720796585083,-0.06388705968856812,-0.05899675190448761,-0.8200896978378296,-0.09113843739032745,-0.04671472683548927,-0.9330654144287109,-0.11098822206258774,-0.13512495160102844,-0.43334826827049255,-0.04794488847255707,-0.14111913740634918,-0.5841675996780396,-0.07967353612184525,-0.13295626640319824,-0.6850399374961853,-0.0971141904592514,-0.11874575912952423,-0.7819087505340576,-0.1093938797712326,STOP
0.0,0.0,0.0,0.12585073709487915,-0.09789734333753586,-0.054299116134643555,0.19040969014167786,-0.27862855792045593,-0.06634358316659927,0.20455192029476166,-0.44242385029792786,-0.07493750751018524,0.1563596874475479,-0.5348326563835144,-0.08297467976808548,0.0891771912574768,-0.5177342891693115,-0.021893877536058426,0.08649904280900955,-0.7098329067230225,-0.055064648389816284,0.0791729986667633,-0.8309583067893982,-0.08821946382522583,0.07103898376226425,-0.9374959468841553,-0.11376340687274933,0.010821713134646416,-0.5267958641052246,-0.022249681875109673,0.005989357829093933,-0.7375226020812988,-0.05139506980776787,0.004029951989650726,-0.8763179183006287,-0.08350318670272827,0.004587842151522636,-0.9941107034683228,-0.1082729771733284,-0.061680831015110016,-0.4952971339225769,-0.03161226212978363,-0.06722862273454666,-0.6916203498840332,-0.0625176876783371,-0.05827115476131439,-0.8216044902801514,-0.09001515060663223,-0.04676991328597069,-0.9346669912338257,-0.1100487932562828,-0.13388821482658386,-0.4327445924282074,-0.047474462538957596,-0.14039602875709534,-0.5842969417572021,-0.07908307760953903,-0.13300436735153198,-0.6854923367500305,-0.0965571254491806,-0.11977136135101318,-0.7824450731277466,-0.10873232781887054,STOP
0.0,0.0,0.0,0.1246151551604271,-0.09650582075119019,-0.055254023522138596,0.1890602856874466,-0.27793917059898376,-0.06768326461315155,0.2026018351316452,-0.43981000781059265,-0.07645183801651001,0.15585608780384064,-0.5304340720176697,-0.08456254750490189,0.08828942477703094,-0.5175116658210754,-0.02375122345983982,0.08556398749351501,-0.7083483934402466,-0.05733117461204529,0.07821563631296158,-0.8295994997024536,-0.09078937768936157,0.07013747096061707,-0.9365596771240234,-0.1165764331817627,0.009036535397171974,-0.5264707207679749,-0.0238210279494524,0.004691573325544596,-0.7357765436172485,-0.05334456264972687,0.0031331784557551146,-0.8749444484710693,-0.08558271080255508,0.004416602663695812,-0.9938730597496033,-0.11043942719697952,-0.06370458751916885,-0.4945909082889557,-0.03288114815950394,-0.0686102956533432,-0.6895202994346619,-0.06379853934049606,-0.05923695117235184,-0.8198268413543701,-0.09128455817699432,-0.047244034707546234,-0.9339615106582642,-0.11139512062072754,-0.13587935268878937,-0.4314912259578705,-0.048565465956926346,-0.1411598026752472,-0.5821038484573364,-0.07995209097862244,-0.13362154364585876,-0.6834657192230225,-0.09733938425779343,-0.12041378021240234,-0.7811992168426514,-0.10957897454500198,STOP
0.0,0.0,0.0,0.12566019594669342,-0.09446338564157486,-0.057200539857149124,0.19168977439403534,-0.2763976752758026,-0.07052279263734818,0.2052174210548401,-0.43969401717185974,-0.07968048751354218,0.1584363877773285,-0.5322979092597961,-0.08823639899492264,0.09000716358423233,-0.5185337662696838,-0.02704903483390808,0.08731578290462494,-0.7103073000907898,-0.06096801906824112,0.07942207157611847,-0.8322055339813232,-0.0942569300532341,0.07040462642908096,-0.9393203854560852,-0.1199469193816185,0.010833222419023514,-0.5268114805221558,-0.02623538300395012,0.007180142216384411,-0.7363630533218384,-0.05592245236039162,0.005249489098787308,-0.8751664757728577,-0.08798851817846298,0.005464897956699133,-0.9935982823371887,-0.11283854395151138,-0.0617390051484108,-0.49424225091934204,-0.03442661091685295,-0.06588713824748993,-0.6898615956306458,-0.06548948585987091,-0.05704348534345627,-0.8197408318519592,-0.09287511557340622,-0.04597201198339462,-0.9338193535804749,-0.11301571130752563,-0.13385604321956635,-0.430644690990448,-0.04935271292924881,-0.13907915353775024,-0.5821080803871155,-0.08110793679952621,-0.13118577003479004,-0.6837189197540283,-0.09881895035505295,-0.11789798736572266,-0.7817735075950623,-0.11130231618881226,STOP
0.0,0.0,0.0,0.12479699403047562,-0.09379277378320694,-0.056925345212221146,0.1900269240140915,-0.2758010923862457,-0.07030298560857773,0.20339295268058777,-0.4382099211215973,-0.07963183522224426,0.15674886107444763,-0.5290375351905823,-0.08844643831253052,0.08903438597917557,-0.5180708765983582,-0.027382774278521538,0.08582237362861633,-0.709343671798706,-0.06168234720826149,0.078460693359375,-0.831507682800293,-0.09530093520879745,0.0703042522072792,-0.9390749335289001,-0.12121261656284332,0.009725247509777546,-0.5266650319099426,-0.026784921064972878,0.005950243212282658,-0.7354829907417297,-0.0568225234746933,0.004520493559539318,-0.8746442198753357,-0.088967464864254,0.005539058707654476,-0.9934905171394348,-0.11378051340579987,-0.06293699890375137,-0.493964821100235,-0.03515443578362465,-0.06817818433046341,-0.6888481378555298,-0.06640177965164185,-0.059409137815237045,-0.8190972208976746,-0.09379128366708755,-0.04810851067304611,-0.9336068630218506,-0.11385731399059296,-0.13495194911956787,-0.43007057905197144,-0.05025208741426468,-0.140080526471138,-0.5809560418128967,-0.08197928965091705,-0.13234524428844452,-0.6824961304664612,-0.09968608617782593,-0.11935114860534668,-0.7806142568588257,-0.1121736615896225,STOP
0.0,0.0,0.0,0.12608878314495087,-0.09524744749069214,-0.05790426954627037,0.19210565090179443,-0.2768893539905548,-0.07173140347003937,0.20493893325328827,-0.44079434871673584,-0.08127257972955704,0.15647189319133759,-0.5332834124565125,-0.09017029404640198,0.08951602131128311,-0.518308162689209,-0.027851345017552376,0.0864671841263771,-0.7108768820762634,-0.06211753562092781,0.07855501025915146,-0.832977831363678,-0.09566440433263779,0.06976114213466644,-0.9399277567863464,-0.1214827448129654,0.00985272228717804,-0.5262373685836792,-0.02674437128007412,0.0050972034223377705,-0.7361499071121216,-0.0567590557038784,0.002910362323746085,-0.8753501176834106,-0.08910210430622101,0.0032545269932597876,-0.9934645891189575,-0.11409459263086319,-0.0626799613237381,-0.4930674731731415,-0.03465857729315758,-0.06784414499998093,-0.6882349848747253,-0.06605460494756699,-0.05862760171294212,-0.8183695673942566,-0.09375026822090149,-0.04693088307976723,-0.9321324825286865,-0.114043690264225,-0.13442303240299225,-0.428887277841568,-0.04932767525315285,-0.1405441015958786,-0.5793464779853821,-0.08135617524385452,-0.13268141448497772,-0.6807020306587219,-0.0992862731218338,-0.11924629658460617,-0.7782415747642517,-0.11188557744026184,STOP
0.0,0.0,0.0,0.1259937435388565,-0.09678494185209274,-0.055761102586984634,0.19195857644081116,-0.28089314699172974,-0.06875445693731308,0.20598475635051727,-0.4440799355506897,-0.07785885035991669,0.15720805525779724,-0.5333578586578369,-0.08637333661317825,0.09097394347190857,-0.5192223191261292,-0.025871368125081062,0.08800476044416428,-0.7114510536193848,-0.059570103883743286,0.08026570081710815,-0.8331365585327148,-0.09263473004102707,0.0718114823102951,-0.9391778707504272,-0.11818680167198181,0.011267412453889847,-0.5275062322616577,-0.025672603398561478,0.006217162124812603,-0.7371418476104736,-0.055312998592853546,0.004063017200678587,-0.8760614395141602,-0.0874231830239296,0.004630410578101873,-0.9936649203300476,-0.1122884750366211,-0.06154113635420799,-0.49467605352401733,-0.03432577848434448,-0.0663648247718811,-0.6900302767753601,-0.06527296453714371,-0.05752500146627426,-0.8200113773345947,-0.0928458422422409,-0.046069346368312836,-0.9334411025047302,-0.11325951665639877,-0.13378165662288666,-0.4305356442928314,-0.049528900533914566,-0.1402694135904312,-0.5805779695510864,-0.08124186843633652,-0.13222025334835052,-0.681702196598053,-0.0991043671965599,-0.11801004409790039,-0.7792481184005737,-0.1118001788854599,STOP
0.0,0.0,0.0,0.12442357838153839,-0.09600348770618439,-0.055703647434711456,0.19025012850761414,-0.28029656410217285,-0.06851311773061752,0.2039104551076889,-0.4441694915294647,-0.07740198075771332,0.1544492393732071,-0.5331620573997498,-0.08556393533945084,0.08779236674308777,-0.5186892747879028,-0.025502938777208328,0.08530662953853607,-0.7115076780319214,-0.058933552354574203,0.07737741619348526,-0.833413302898407,-0.09171716868877411,0.06847604364156723,-0.9395517110824585,-0.11698208749294281,0.007984721101820469,-0.5271396636962891,-0.02525085024535656,0.0034837592393159866,-0.7372032999992371,-0.054585061967372894,0.0018791856709867716,-0.8763306736946106,-0.08617030829191208,0.002555757761001587,-0.9938620328903198,-0.11059748381376266,-0.06473300606012344,-0.4951031804084778,-0.03386687859892845,-0.069901242852211,-0.6903502345085144,-0.06432303041219711,-0.06009184196591377,-0.8204829096794128,-0.0913238599896431,-0.04787381738424301,-0.9335911870002747,-0.11129849404096603,-0.1366223245859146,-0.4320186972618103,-0.04910346493124962,-0.14282821118831635,-0.5826234221458435,-0.08021827042102814,-0.1342276781797409,-0.6841360330581665,-0.0975760892033577,-0.11943712830543518,-0.7815974354743958,-0.10991276800632477,STOP
0.0,0.0,0.0,0.12451288104057312,-0.09568474441766739,-0.056843969970941544,0.18907630443572998,-0.2777145802974701,-0.07024969905614853,0.20406419038772583,-0.441609650850296,-0.0796116292476654,0.1570231169462204,-0.5358497500419617,-0.088272325694561,0.08912643790245056,-0.5178529024124146,-0.026714984327554703,0.08608163893222809,-0.7108747959136963,-0.060640085488557816,0.0775839313864708,-0.8330442905426025,-0.09382148832082748,0.06810498982667923,-0.9398084878921509,-0.1193515881896019,0.00934180710464716,-0.5269783139228821,-0.02595970407128334,0.004847612231969833,-0.737237274646759,-0.05554160103201866,0.002732532564550638,-0.8761113882064819,-0.08754715323448181,0.0029262749012559652,-0.9936584234237671,-0.11240307986736298,-0.06357422471046448,-0.4952494502067566,-0.03420620039105415,-0.06867644935846329,-0.6897372007369995,-0.06490176171064377,-0.05958561971783638,-0.8190212845802307,-0.09229335188865662,-0.04806707426905632,-0.931412935256958,-0.11260662972927094,-0.1356344372034073,-0.432291179895401,-0.04916906729340553,-0.14185817539691925,-0.5822643041610718,-0.08061665296554565,-0.13336825370788574,-0.6830962300300598,-0.09839370101690292,-0.11883469671010971,-0.7799356579780579,-0.11104514449834824,STOP
0.0,0.0,0.0,0.12442515045404434,-0.09633704274892807,-0.05385502427816391,0.1883630007505417,-0.2818503975868225,-0.06504438072443008,0.20299367606639862,-0.44389230012893677,-0.07269022613763809,0.1569875329732895,-0.5354006886482239,-0.079645536839962,0.08801236748695374,-0.518528938293457,-0.02311023324728012,0.08562039583921432,-0.7106822729110718,-0.055864300578832626,0.07765571027994156,-0.8324824571609497,-0.08812455087900162,0.06835577636957169,-0.9386205077171326,-0.11300549656152725,0.009290367364883423,-0.5273715853691101,-0.02351924404501915,0.004800307098776102,-0.7375627160072327,-0.051950402557849884,0.0028235167264938354,-0.8765196800231934,-0.08267679065465927,0.0027850447222590446,-0.9943156838417053,-0.10643497109413147,-0.06290683150291443,-0.4954528212547302,-0.03282242268323898,-0.06792087852954865,-0.6914972066879272,-0.0626474916934967,-0.05901080369949341,-0.8209598064422607,-0.08872610330581665,-0.04819338023662567,-0.9340531229972839,-0.10806414484977722,-0.13488544523715973,-0.4322507381439209,-0.04864910989999771,-0.14179067313671112,-0.5820310115814209,-0.07935753464698792,-0.1337372064590454,-0.6830875873565674,-0.09602611511945724,-0.11981412023305893,-0.7804166078567505,-0.10781529545783997,STOP
0.0,0.0,0.0,0.1245066300034523,-0.09776075184345245,-0.05398527905344963,0.18911081552505493,-0.2832271158695221,-0.06581686437129974,0.20314772427082062,-0.4448140263557434,-0.07426054030656815,0.1549409180879593,-0.5310876369476318,-0.08213051408529282,0.08822661638259888,-0.5200847387313843,-0.023208776488900185,0.08579255640506744,-0.710936427116394,-0.05617709085345268,0.07779083400964737,-0.8322467803955078,-0.08896084874868393,0.06861650943756104,-0.9386131167411804,-0.11447317153215408,0.008750571869313717,-0.5283764004707336,-0.023867253214120865,0.003696913830935955,-0.7371534705162048,-0.05288337916135788,0.001458713784813881,-0.8758314847946167,-0.08439882099628448,0.0013372661778703332,-0.9940540790557861,-0.10887987166643143,-0.0636589527130127,-0.4955587089061737,-0.03336873650550842,-0.068939708173275,-0.6899732947349548,-0.06382736563682556,-0.059736959636211395,-0.8190018534660339,-0.09064041078090668,-0.048438910394907,-0.9320470094680786,-0.11049428582191467,-0.1351274847984314,-0.43133676052093506,-0.049443911761045456,-0.14222782850265503,-0.5804557800292969,-0.0805668830871582,-0.13483816385269165,-0.6812131404876709,-0.09784014523029327,-0.12162626534700394,-0.7784201502799988,-0.11019660532474518,STOP
0.0,0.0,0.0,0.12452128529548645,-0.09856719523668289,-0.05239886790513992,0.18826310336589813,-0.28235891461372375,-0.06382788717746735,0.20167243480682373,-0.44254806637763977,-0.07203947752714157,0.1545128971338272,-0.5305171012878418,-0.07975023984909058,0.08635465800762177,-0.5215466022491455,-0.022510837763547897,0.08355836570262909,-0.7124775648117065,-0.055084917694330215,0.07627693563699722,-0.8333610892295837,-0.08756201714277267,0.06767597794532776,-0.939124345779419,-0.11260178685188293,0.007183227688074112,-0.528441846370697,-0.023702695965766907,0.001670939032919705,-0.7374352812767029,-0.051712892949581146,-0.0012785119470208883,-0.8761045336723328,-0.08258873969316483,-0.0025068556424230337,-0.9942985773086548,-0.10660281777381897,-0.06483980268239975,-0.49463939666748047,-0.033500928431749344,-0.07076117396354675,-0.6887258291244507,-0.06251327693462372,-0.06290647387504578,-0.8180071711540222,-0.0884290337562561,-0.052987754344940186,-0.9316239953041077,-0.10776548832654953,-0.13618062436580658,-0.4295446574687958,-0.049739591777324677,-0.1438855528831482,-0.5791982412338257,-0.07949264347553253,-0.13612116873264313,-0.6801016330718994,-0.0956595316529274,-0.12250923365354538,-0.7771499156951904,-0.10713411122560501,STOP
0.0,0.0,0.0,0.12491829693317413,-0.10042043775320053,-0.050849638879299164,0.18838883936405182,-0.2840953767299652,-0.06109686195850372,0.20119984447956085,-0.44563597440719604,-0.06850121915340424,0.15284135937690735,-0.5345550179481506,-0.07528939098119736,0.08635025471448898,-0.5234156250953674,-0.01738589257001877,0.08429471403360367,-0.7146063446998596,-0.04910390451550484,0.07692094147205353,-0.8345719575881958,-0.08150595426559448,0.06821012496948242,-0.9389173984527588,-0.10644467175006866,0.0069738649763166904,-0.530547022819519,-0.018959417939186096,0.0012744115665555,-0.7400228977203369,-0.0460929237306118,-0.0014214529655873775,-0.8778554201126099,-0.07699467241764069,-0.0025207737926393747,-0.9948838353157043,-0.10099299252033234,-0.06541234999895096,-0.4977644383907318,-0.02933180332183838,-0.07174102216959,-0.6921076774597168,-0.058057285845279694,-0.06375531852245331,-0.8208542466163635,-0.08392830938100815,-0.053784050047397614,-0.933426022529602,-0.10305421054363251,-0.13674229383468628,-0.4337978959083557,-0.04604838788509369,-0.1441427767276764,-0.5843419432640076,-0.07565528154373169,-0.1363072544336319,-0.6851301789283752,-0.09157145768404007,-0.12267930060625076,-0.7818167209625244,-0.10271549969911575,STOP
0.0,0.0,0.0,0.12518350780010223,-0.09916990250349045,-0.05071038007736206,0.18893401324748993,-0.28225141763687134,-0.060734547674655914,0.2026897817850113,-0.4425598084926605,-0.06804148852825165,0.15548136830329895,-0.5291495323181152,-0.07472053915262222,0.08680389076471329,-0.52206951379776,-0.017471343278884888,0.08421008288860321,-0.7139599323272705,-0.04920438677072525,0.07694274932146072,-0.8343351483345032,-0.08152634650468826,0.06796783208847046,-0.9386336803436279,-0.10636992752552032,0.007523937150835991,-0.5294297933578491,-0.019195783883333206,0.0007714001694694161,-0.7394527196884155,-0.046839963644742966,-0.002911602146923542,-0.8779286742210388,-0.07820846885442734,-0.004948659799993038,-0.9947236180305481,-0.10247207432985306,-0.0652012974023819,-0.4974057972431183,-0.0296611525118351,-0.0723101943731308,-0.6918288469314575,-0.058658622205257416,-0.0642678365111351,-0.8188835382461548,-0.08475633710622787,-0.054140377789735794,-0.928921103477478,-0.10387591272592545,-0.13698582351207733,-0.4347878396511078,-0.04647516459226608,-0.1438259333372116,-0.5859817266464233,-0.07631447911262512,-0.13571298122406006,-0.6866943836212158,-0.09247651696205139,-0.12144575268030167,-0.7829009294509888,-0.10366962850093842,STOP
0.0,0.0,0.0,0.12473365664482117,-0.09937034547328949,-0.05226773023605347,0.18723641335964203,-0.2832149565219879,-0.06292470544576645,0.20042651891708374,-0.44531160593032837,-0.07052119821310043,0.15241198241710663,-0.5354791879653931,-0.07756485044956207,0.08820004016160965,-0.5185796022415161,-0.020397327840328217,0.0860225260257721,-0.7105486989021301,-0.053045086562633514,0.07824549823999405,-0.832163393497467,-0.08584464341402054,0.06834811717271805,-0.938524603843689,-0.11100172251462936,0.008504499681293964,-0.5276305675506592,-0.021397313103079796,0.003579990705475211,-0.7374168038368225,-0.049859993159770966,8.546943718101829e-05,-0.8765228986740112,-0.0810958743095398,-0.0021488135680556297,-0.9944554567337036,-0.1051374301314354,-0.06443417817354202,-0.49653586745262146,-0.031160781159996986,-0.07051825523376465,-0.6910676956176758,-0.060298506170511246,-0.0628010556101799,-0.819644033908844,-0.08553772419691086,-0.053099457174539566,-0.9316656589508057,-0.10415057837963104,-0.13659442961215973,-0.43442481756210327,-0.0474359393119812,-0.1426147222518921,-0.5845791101455688,-0.07688138633966446,-0.13465197384357452,-0.6856821179389954,-0.09227272868156433,-0.12065672129392624,-0.7828945517539978,-0.10302489995956421,STOP
0.0,0.0,0.0,0.12697362899780273,-0.09714435786008835,-0.05398637056350708,0.19312845170497894,-0.282672643661499,-0.06524495780467987,0.20704664289951324,-0.447049081325531,-0.07283295691013336,0.15676109492778778,-0.5324710011482239,-0.07984457910060883,0.08964622765779495,-0.5212156772613525,-0.022410085424780846,0.08776771277189255,-0.7141772508621216,-0.05455220863223076,0.08015528321266174,-0.8361718058586121,-0.08685106039047241,0.07088550925254822,-0.94200599193573,-0.11180683225393295,0.009613658301532269,-0.5282285809516907,-0.02240929938852787,0.004151823464781046,-0.7381671667098999,-0.05039701238274574,0.001177075901068747,-0.8770132064819336,-0.08162755519151688,-0.0001294471585424617,-0.9943855404853821,-0.1058184951543808,-0.06337381899356842,-0.4952619969844818,-0.031098194420337677,-0.06917518377304077,-0.6897832751274109,-0.060231827199459076,-0.06088972091674805,-0.8191313147544861,-0.08639455586671829,-0.05035151168704033,-0.9315014481544495,-0.1057356670498848,-0.1355656385421753,-0.4318678677082062,-0.04631993547081947,-0.1421341896057129,-0.5826411247253418,-0.07610499113798141,-0.1340985745191574,-0.6837495565414429,-0.09228306263685226,-0.11983026564121246,-0.7806420922279358,-0.10366137325763702,STOP
0.0,0.0,0.0,0.12561871111392975,-0.09752537310123444,-0.05417418107390404,0.19010867178440094,-0.28394564986228943,-0.06537104398012161,0.20224140584468842,-0.4476618468761444,-0.07291344553232193,0.15453553199768066,-0.5350659489631653,-0.07970170676708221,0.08958957344293594,-0.5202263593673706,-0.021970288828015327,0.08646087348461151,-0.7114518284797668,-0.054085712879896164,0.0789104774594307,-0.832125723361969,-0.08643714338541031,0.07032686471939087,-0.9382706880569458,-0.1115722805261612,0.009823796339333057,-0.5288243293762207,-0.022040950134396553,0.003989501390606165,-0.7377184629440308,-0.050258517265319824,0.0015792230842635036,-0.8762586712837219,-0.0813678726553917,0.0015772244660183787,-0.9944301247596741,-0.10538569837808609,-0.06293154507875443,-0.49695727229118347,-0.03094632178544998,-0.06914196163415909,-0.6919680237770081,-0.06052854657173157,-0.06033426895737648,-0.8217332363128662,-0.0866105929017067,-0.04880118370056152,-0.9354657530784607,-0.10579814016819,-0.13513630628585815,-0.4340202808380127,-0.046424053609371185,-0.14143788814544678,-0.5844717621803284,-0.07650095224380493,-0.1332375556230545,-0.6855574250221252,-0.09273713082075119,-0.11873585730791092,-0.7833665609359741,-0.1041918620467186,STOP
0.0,0.0,0.0,0.12635888159275055,-0.09896738082170486,-0.05349423363804817,0.19161324203014374,-0.28369277715682983,-0.06497666239738464,0.20366932451725006,-0.4464775025844574,-0.07292420417070389,0.15452535450458527,-0.5340787172317505,-0.08026722818613052,0.08865205198526382,-0.5193469524383545,-0.023219605907797813,0.08566879481077194,-0.7107519507408142,-0.05598387494683266,0.07781890034675598,-0.831749677658081,-0.08847667276859283,0.06866631656885147,-0.9379065036773682,-0.11363115906715393,0.008745980449020863,-0.5274370908737183,-0.023762473836541176,0.0037495014257729053,-0.7374382615089417,-0.052446480840444565,0.0013274927623569965,-0.876198947429657,-0.08370023220777512,0.0008728420361876488,-0.9941627383232117,-0.10788778215646744,-0.06399789452552795,-0.4954412877559662,-0.032932501286268234,-0.06896411627531052,-0.6910693645477295,-0.06281052529811859,-0.05997887998819351,-0.8210095763206482,-0.08907195925712585,-0.04874656721949577,-0.9346324801445007,-0.10848390311002731,-0.13622742891311646,-0.4322104752063751,-0.04855271056294441,-0.14268018305301666,-0.5834149718284607,-0.07892859727144241,-0.13379190862178802,-0.6845895648002625,-0.09535767883062363,-0.11877108365297318,-0.7818263173103333,-0.10697491466999054,STOP
0.0,0.0,0.0,0.12603111565113068,-0.0986548662185669,-0.053220562636852264,0.19002601504325867,-0.283241331577301,-0.06419418752193451,0.2020455300807953,-0.44584858417510986,-0.0716981589794159,0.1542021483182907,-0.5341727137565613,-0.07855447381734848,0.08949806541204453,-0.519739031791687,-0.02197667583823204,0.08607535809278488,-0.711514413356781,-0.054138779640197754,0.07782531529664993,-0.832730233669281,-0.08637846261262894,0.06818520277738571,-0.9391409754753113,-0.11141713708639145,0.009381139650940895,-0.5281671285629272,-0.02238728478550911,0.0043564531952142715,-0.7379493713378906,-0.05049102008342743,0.0015706840204074979,-0.8765276074409485,-0.08160591870546341,0.0007830426911823452,-0.9943930506706238,-0.10574445128440857,-0.06363437324762344,-0.4962795078754425,-0.031470976769924164,-0.06875184923410416,-0.6916219592094421,-0.06073495373129845,-0.060187675058841705,-0.8212618231773376,-0.08682764321565628,-0.04933350160717964,-0.9346553683280945,-0.10620545595884323,-0.13599486649036407,-0.4332544207572937,-0.04703163355588913,-0.14179176092147827,-0.5845118761062622,-0.07678594440221786,-0.13320417702198029,-0.685612678527832,-0.09300567954778671,-0.11863487958908081,-0.7831640243530273,-0.10456237196922302,STOP
0.0,0.0,0.0,0.12747350335121155,-0.09741514921188354,-0.05193440988659859,0.19213135540485382,-0.2834952473640442,-0.06202113628387451,0.20420514047145844,-0.4457491636276245,-0.06886539608240128,0.15553243458271027,-0.5325437784194946,-0.07522080093622208,0.08969075232744217,-0.5188191533088684,-0.02126358635723591,0.08615491539239883,-0.7116848826408386,-0.05323530361056328,0.07794761657714844,-0.8333691954612732,-0.08504001796245575,0.06861121207475662,-0.9396899342536926,-0.1097647175192833,0.009734303690493107,-0.5265987515449524,-0.022367658093571663,0.004601766355335712,-0.7375628352165222,-0.05038444325327873,0.0023340219631791115,-0.8766852617263794,-0.08120231330394745,0.0019875357393175364,-0.994472086429596,-0.10498283803462982,-0.06326048821210861,-0.49430838227272034,-0.03206319734454155,-0.06822530925273895,-0.691537082195282,-0.06165097653865814,-0.05972522869706154,-0.8225803971290588,-0.08792256563901901,-0.04928261786699295,-0.9373106956481934,-0.10731572657823563,-0.1353888362646103,-0.43120816349983215,-0.04806416481733322,-0.14157092571258545,-0.5836489200592041,-0.0784517228603363,-0.13306903839111328,-0.6851502656936646,-0.09489599615335464,-0.11873981356620789,-0.7826257348060608,-0.10649934411048889,STOP
0.0,0.0,0.0,0.1264585256576538,-0.09704237431287766,-0.05370718240737915,0.1901990920305252,-0.28035613894462585,-0.0647597387433052,0.20230260491371155,-0.4439866244792938,-0.07223141938447952,0.15516720712184906,-0.5387360453605652,-0.07898631691932678,0.08903869241476059,-0.5193181037902832,-0.02225816808640957,0.08582600951194763,-0.7123200297355652,-0.05464520305395126,0.07778705656528473,-0.8341473937034607,-0.08699401468038559,0.06850555539131165,-0.9413790106773376,-0.11203461140394211,0.009019866585731506,-0.5280319452285767,-0.02238413691520691,0.0036659021861851215,-0.7381336688995361,-0.05044379457831383,0.0012899787398055196,-0.8767208456993103,-0.08158891648054123,0.0010008825920522213,-0.9944013953208923,-0.10566403716802597,-0.06397349387407303,-0.4960615634918213,-0.03124552220106125,-0.06961864978075027,-0.6919395923614502,-0.06087964400649071,-0.060543306171894073,-0.8226024508476257,-0.08712378144264221,-0.049496255815029144,-0.9374342560768127,-0.10649458318948746,-0.13596755266189575,-0.4329741597175598,-0.046564437448978424,-0.14232802391052246,-0.5841346383094788,-0.0772271528840065,-0.1338803619146347,-0.6853442192077637,-0.09368852525949478,-0.11966795474290848,-0.7824296951293945,-0.10510972142219543,STOP
0.0,0.0,0.0,0.12663692235946655,-0.09378847479820251,-0.05425161123275757,0.19219321012496948,-0.2767385244369507,-0.06547536700963974,0.20457889139652252,-0.442895770072937,-0.072886623442173,0.15557798743247986,-0.5367588400840759,-0.07950450479984283,0.08949409425258636,-0.5197808742523193,-0.0220302976667881,0.08706988394260406,-0.7135179042816162,-0.0539289191365242,0.07918542623519897,-0.8350021839141846,-0.08589223027229309,0.06991651654243469,-0.9413349032402039,-0.11062983423471451,0.009110449813306332,-0.5277673006057739,-0.02175726927816868,0.0033699097111821175,-0.7392070889472961,-0.04920696094632149,0.0011379466159269214,-0.8775737881660461,-0.07999353110790253,0.001070325612090528,-0.9945901036262512,-0.10387269407510757,-0.06405919045209885,-0.4954351484775543,-0.030274856835603714,-0.06979656964540482,-0.6920686960220337,-0.05971638113260269,-0.06034097820520401,-0.8222495317459106,-0.08586688339710236,-0.048796724528074265,-0.9356367588043213,-0.10508845746517181,-0.1361435502767563,-0.43214890360832214,-0.04525913670659065,-0.14262448251247406,-0.5839350819587708,-0.07590635120868683,-0.13378041982650757,-0.685042142868042,-0.09231789410114288,-0.11900666356086731,-0.7812325954437256,-0.10360575467348099,STOP
0.0,0.0,0.0,0.12388132512569427,-0.09287487715482712,-0.05664249137043953,0.18861977756023407,-0.2740342319011688,-0.0696297213435173,0.20207612216472626,-0.4402601420879364,-0.07853154838085175,0.15296970307826996,-0.5365447998046875,-0.08659893274307251,0.08795781433582306,-0.5176871418952942,-0.02489377371966839,0.08588681370019913,-0.7108180522918701,-0.05870950222015381,0.07799588888883591,-0.8329893350601196,-0.0919770747423172,0.06861069053411484,-0.9403558969497681,-0.11752071976661682,0.008506936952471733,-0.5269879698753357,-0.024457350373268127,0.0037756627425551414,-0.7376605868339539,-0.053701251745224,0.0015431091887876391,-0.876334547996521,-0.08545774966478348,0.0013442493509501219,-0.9939429759979248,-0.10988912731409073,-0.06433366984128952,-0.49534159898757935,-0.03306390717625618,-0.06982823461294174,-0.6915506720542908,-0.06395421922206879,-0.06034303829073906,-0.8218618631362915,-0.090469591319561,-0.04854549467563629,-0.935890257358551,-0.10980743169784546,-0.13635434210300446,-0.43222448229789734,-0.048374928534030914,-0.14260467886924744,-0.5842505693435669,-0.08007720857858658,-0.1334403157234192,-0.6857151389122009,-0.09674959629774094,-0.11801694333553314,-0.7825981974601746,-0.1081492081284523,STOP
0.0,0.0,0.0,0.12312138080596924,-0.09360998123884201,-0.055124517530202866,0.18740448355674744,-0.27569466829299927,-0.06748737394809723,0.20191551744937897,-0.4431518316268921,-0.07597333192825317,0.14985258877277374,-0.5384112000465393,-0.08375686407089233,0.08622480928897858,-0.5163188576698303,-0.024162178859114647,0.08464085310697556,-0.7096901535987854,-0.05753571167588234,0.07762020826339722,-0.8303647041320801,-0.09026941657066345,0.06910870969295502,-0.9366337060928345,-0.11538675427436829,0.007319101598113775,-0.5258604884147644,-0.024397311732172966,0.002756427275016904,-0.7383385896682739,-0.05298004671931267,0.001263897167518735,-0.8767818808555603,-0.0840408205986023,0.001610856386832893,-0.9941420555114746,-0.1080690324306488,-0.06545449048280716,-0.4944470524787903,-0.03357688710093498,-0.07033297419548035,-0.6922513246536255,-0.06403844803571701,-0.06052211672067642,-0.8229661583900452,-0.09022796899080276,-0.048577528446912766,-0.9372535347938538,-0.10945422202348709,-0.13758406043052673,-0.43168383836746216,-0.04931160435080528,-0.14327077567577362,-0.5847886800765991,-0.08077812939882278,-0.13405907154083252,-0.6869643926620483,-0.09731777757406235,-0.1189173087477684,-0.78447026014328,-0.10876146703958511,STOP
0.0,0.0,0.0,0.12228283286094666,-0.09656088799238205,-0.05296143889427185,0.18370594084262848,-0.27855169773101807,-0.06463027000427246,0.19787658751010895,-0.44247883558273315,-0.07297028601169586,0.15049941837787628,-0.5389634966850281,-0.08069983869791031,0.08460699766874313,-0.518621563911438,-0.022189155220985413,0.08219373226165771,-0.7111073136329651,-0.05516321584582329,0.07500063627958298,-0.8316961526870728,-0.08772633224725723,0.0661834105849266,-0.9382893443107605,-0.11275136470794678,0.006061533000320196,-0.5277097225189209,-0.023436948657035828,0.0014935272047296166,-0.7390277981758118,-0.051565032452344894,-0.00022666779113933444,-0.8768966197967529,-0.08223109692335129,-0.000306640868075192,-0.994367241859436,-0.10598958283662796,-0.06634521484375,-0.4959762394428253,-0.033517543226480484,-0.07190736383199692,-0.6928005218505859,-0.06322421133518219,-0.06279932707548141,-0.8226182460784912,-0.08860170841217041,-0.05153028666973114,-0.9366152286529541,-0.1073353961110115,-0.13817840814590454,-0.4328143000602722,-0.05004888400435448,-0.14422711730003357,-0.5850732922554016,-0.08058715611696243,-0.1351124793291092,-0.686862051486969,-0.09634532779455185,-0.1200457438826561,-0.784598171710968,-0.10731572657823563,STOP
0.0,0.0,0.0,0.1241195946931839,-0.09578222036361694,-0.05273869261145592,0.18629030883312225,-0.2781922221183777,-0.06368689984083176,0.19972294569015503,-0.4436131715774536,-0.07128565013408661,0.1517535150051117,-0.5425204634666443,-0.0782553032040596,0.08505826443433762,-0.5164990425109863,-0.022024989128112793,0.08284846693277359,-0.7095960974693298,-0.05518475919961929,0.0758531242609024,-0.8303583860397339,-0.08749677985906601,0.06742554157972336,-0.9366956949234009,-0.11220521479845047,0.006482865661382675,-0.5259587168693542,-0.023227762430906296,0.000927803514059633,-0.7385155558586121,-0.05160950869321823,-0.0007336126873269677,-0.876785397529602,-0.08222153782844543,-0.000587461341638118,-0.9943832755088806,-0.10583755373954773,-0.06600973010063171,-0.4947252869606018,-0.03329884260892868,-0.07163789123296738,-0.6924775242805481,-0.06334492564201355,-0.06249690055847168,-0.8232024312019348,-0.08885350078344345,-0.051269493997097015,-0.9380336999893188,-0.10761598497629166,-0.13799463212490082,-0.4322713315486908,-0.04977167025208473,-0.1448197066783905,-0.5859790444374084,-0.08084248006343842,-0.1360100954771042,-0.6890808939933777,-0.09694027900695801,-0.12115010619163513,-0.7877126336097717,-0.1080145388841629,STOP
0.0,0.0,0.0,0.12427462637424469,-0.09466841071844101,-0.053751565515995026,0.18837502598762512,-0.2776525616645813,-0.06571443378925323,0.20112815499305725,-0.4423927366733551,-0.07411320507526398,0.1515195369720459,-0.5370883345603943,-0.08169499039649963,0.08438357710838318,-0.5173398852348328,-0.023790737614035606,0.08095330744981766,-0.7103397250175476,-0.057278260588645935,0.0732889473438263,-0.8313214778900146,-0.08960779011249542,0.06443311274051666,-0.9373044371604919,-0.11430992186069489,0.005682672373950481,-0.525743842124939,-0.02481084316968918,9.645567843108438e-06,-0.7382073998451233,-0.05342455208301544,-0.001907980302348733,-0.8767222762107849,-0.08384884148836136,-0.0018154392018914223,-0.9942281246185303,-0.10727142542600632,-0.06663956493139267,-0.4941086173057556,-0.034683212637901306,-0.07202256470918655,-0.6924943923950195,-0.06466437876224518,-0.06325983256101608,-0.8231089115142822,-0.08981706947088242,-0.052287932485342026,-0.9373593926429749,-0.10830935835838318,-0.1383327841758728,-0.4311758279800415,-0.0510762482881546,-0.14503827691078186,-0.5849893093109131,-0.08185476809740067,-0.13652341067790985,-0.6881983280181885,-0.09770607948303223,-0.12209644168615341,-0.7869176864624023,-0.10864944756031036,STOP
0.0,0.0,0.0,0.12335194647312164,-0.09392428398132324,-0.05332918465137482,0.18711063265800476,-0.27435028553009033,-0.0656416192650795,0.20136794447898865,-0.43941766023635864,-0.07446644455194473,0.15336909890174866,-0.5342400670051575,-0.08268199115991592,0.0847405418753624,-0.5151417255401611,-0.02479921467602253,0.08028233796358109,-0.7085423469543457,-0.05860477313399315,0.07189981639385223,-0.8299705386161804,-0.09119223058223724,0.06277887523174286,-0.9365318417549133,-0.11613504588603973,0.005503498483449221,-0.5240485072135925,-0.02603033185005188,-0.0011351699940860271,-0.7371641397476196,-0.055176347494125366,-0.0033147463109344244,-0.8761135935783386,-0.08597054332494736,-0.0028500701300799847,-0.9939622282981873,-0.1096857562661171,-0.0672369971871376,-0.4920639395713806,-0.03592963144183159,-0.07410049438476562,-0.6909987926483154,-0.06621374189853668,-0.06557615846395493,-0.822822630405426,-0.09184043854475021,-0.05436907708644867,-0.9383132457733154,-0.11078409850597382,-0.13926802575588226,-0.42840203642845154,-0.0522509329020977,-0.14642475545406342,-0.5819032788276672,-0.08327184617519379,-0.13856902718544006,-0.6855617165565491,-0.09958197176456451,-0.12484802305698395,-0.7850997447967529,-0.1109294667840004,STOP
0.0,0.0,0.0,0.12258868664503098,-0.09288837760686874,-0.05278320610523224,0.1862049102783203,-0.27471432089805603,-0.06474069505929947,0.2021208107471466,-0.4406227171421051,-0.07316182553768158,0.15409637987613678,-0.5351662039756775,-0.0810350775718689,0.0849502831697464,-0.515526294708252,-0.025435738265514374,0.0806751623749733,-0.7094333171844482,-0.05899267643690109,0.07178917527198792,-0.8313719630241394,-0.09132754057645798,0.06211775168776512,-0.9383050203323364,-0.11617115885019302,0.006042737513780594,-0.5245171785354614,-0.026890428736805916,-0.0003314967325422913,-0.7374023199081421,-0.05567489564418793,-0.002686617663130164,-0.8762944340705872,-0.0861622542142868,-0.0028363356832414865,-0.9939579963684082,-0.10972491651773453,-0.06643116474151611,-0.4927400052547455,-0.03683282434940338,-0.07368727028369904,-0.692202091217041,-0.06669439375400543,-0.06596504151821136,-0.8239051103591919,-0.0921037569642067,-0.05568096786737442,-0.938981294631958,-0.11102128028869629,-0.13785168528556824,-0.4292296767234802,-0.053142447024583817,-0.14587707817554474,-0.5824966430664062,-0.08394588530063629,-0.1385635882616043,-0.6855393052101135,-0.1000773161649704,-0.125221848487854,-0.7840003371238708,-0.11135163903236389,STOP
0.0,0.0,0.0,0.1233813613653183,-0.09551578015089035,-0.05367770418524742,0.18649156391620636,-0.27719953656196594,-0.0661524087190628,0.2010151445865631,-0.443302184343338,-0.07510171085596085,0.15390485525131226,-0.5383399128913879,-0.08357265591621399,0.08488798141479492,-0.5166570544242859,-0.02546878345310688,0.07993299514055252,-0.7097757458686829,-0.059287179261446,0.07060504704713821,-0.8313108086585999,-0.09196552634239197,0.060568466782569885,-0.9383522272109985,-0.11706287413835526,0.005848435685038567,-0.5249266028404236,-0.026461338624358177,-0.0010970247676596045,-0.7372036576271057,-0.055799372494220734,-0.004213277716189623,-0.8760242462158203,-0.0866287499666214,-0.004855048377066851,-0.9938708543777466,-0.11044010519981384,-0.06666546314954758,-0.4926135241985321,-0.03607354313135147,-0.0751764178276062,-0.6909986138343811,-0.06647820770740509,-0.06782438606023788,-0.8223378658294678,-0.0918387696146965,-0.057593341916799545,-0.9371055960655212,-0.11059088259935379,-0.13843193650245667,-0.4289199709892273,-0.05214768648147583,-0.14640027284622192,-0.5820706486701965,-0.08314869552850723,-0.13900458812713623,-0.6855103373527527,-0.09928348660469055,-0.12556709349155426,-0.7848545908927917,-0.11057161539793015,STOP
0.0,0.0,0.0,0.12269343435764313,-0.09457241743803024,-0.05205603316426277,0.18707944452762604,-0.2755518853664398,-0.06409924477338791,0.20381422340869904,-0.43967577815055847,-0.07270270586013794,0.15630395710468292,-0.5319273471832275,-0.08075875788927078,0.08496471494436264,-0.5167012810707092,-0.02497018128633499,0.07968693226575851,-0.7096120715141296,-0.05823203921318054,0.07071225345134735,-0.8309957385063171,-0.09041450172662735,0.06130131706595421,-0.9376513957977295,-0.11515432596206665,0.005419098772108555,-0.5249495506286621,-0.02667694166302681,-0.0012959896121174097,-0.7375422120094299,-0.0552111454308033,-0.003622662276029587,-0.8765649199485779,-0.08555030077695847,-0.0034223725087940693,-0.9940370321273804,-0.10898874700069427,-0.06736713647842407,-0.49214649200439453,-0.03675401210784912,-0.0748806893825531,-0.6911072731018066,-0.06628573685884476,-0.06706894189119339,-0.8231993913650513,-0.09161150455474854,-0.056526068598032,-0.9385651350021362,-0.11045536398887634,-0.1387997567653656,-0.42751315236091614,-0.05311238393187523,-0.14644496142864227,-0.5808894038200378,-0.08341199904680252,-0.13913457095623016,-0.684269905090332,-0.09924013167619705,-0.12578219175338745,-0.7835094928741455,-0.11032943427562714,STOP
0.0,0.0,0.0,0.12237995862960815,-0.09498777240514755,-0.05096138268709183,0.18667079508304596,-0.2753225564956665,-0.0629797950387001,0.203436017036438,-0.438852995634079,-0.07192642986774445,0.15729109942913055,-0.5305615663528442,-0.08056709170341492,0.08542805910110474,-0.5167133808135986,-0.0247927475720644,0.07986310869455338,-0.7076534032821655,-0.05856245756149292,0.07014808803796768,-0.8279263377189636,-0.09124180674552917,0.05977320298552513,-0.9343522191047668,-0.1164456307888031,0.005889564752578735,-0.5251154899597168,-0.027455341070890427,-0.001101010711863637,-0.7365652918815613,-0.0568116158246994,-0.003971345257014036,-0.8752025365829468,-0.08767906576395035,-0.004474617075175047,-0.9937512278556824,-0.1115281879901886,-0.06702499091625214,-0.49253395199775696,-0.03835581615567207,-0.07546200603246689,-0.690483570098877,-0.06865852326154709,-0.06803888082504272,-0.8219423890113831,-0.094093456864357,-0.057761043310165405,-0.9377492070198059,-0.11297982931137085,-0.1388564109802246,-0.42763370275497437,-0.05545492097735405,-0.14715135097503662,-0.5805591344833374,-0.08628234267234802,-0.1399083137512207,-0.683781087398529,-0.1021968349814415,-0.12661617994308472,-0.7831339836120605,-0.11335676908493042,STOP
0.0,0.0,0.0,0.12310880422592163,-0.09624192118644714,-0.050160493701696396,0.1881968080997467,-0.27842557430267334,-0.06218365952372551,0.2035125195980072,-0.44037923216819763,-0.07127899676561356,0.15673747658729553,-0.5274624228477478,-0.08022727072238922,0.08534335345029831,-0.5164305567741394,-0.026157232001423836,0.07856645435094833,-0.7082576155662537,-0.060708146542310715,0.06844522804021835,-0.829494297504425,-0.0937197208404541,0.057659439742565155,-0.9365087151527405,-0.11910051852464676,0.0054499683901667595,-0.5238791704177856,-0.029461031779646873,-0.0026107868179678917,-0.7350598573684692,-0.059823621064424515,-0.006141941528767347,-0.8741585612297058,-0.09114935994148254,-0.007453574799001217,-0.9933180809020996,-0.11516730487346649,-0.06709258258342743,-0.49104806780815125,-0.040762532502412796,-0.07655108720064163,-0.6881686449050903,-0.07144945114850998,-0.06962232291698456,-0.8207512497901917,-0.09706297516822815,-0.0603894405066967,-0.9381232261657715,-0.11601836234331131,-0.1380123496055603,-0.4262025058269501,-0.05818828567862511,-0.14629127085208893,-0.5800681114196777,-0.08912613242864609,-0.1402975618839264,-0.6841520667076111,-0.10508585721254349,-0.12908680737018585,-0.7843397259712219,-0.11624542623758316,STOP
0.0,0.0,0.0,0.12223003059625626,-0.09792271256446838,-0.0508311502635479,0.1846819370985031,-0.2786707580089569,-0.06339147686958313,0.19978176057338715,-0.4392603635787964,-0.0731654241681099,0.15722393989562988,-0.5319710373878479,-0.08286992460489273,0.08326254785060883,-0.5158166885375977,-0.02584575116634369,0.07668270915746689,-0.7065216302871704,-0.060879044234752655,0.06701207906007767,-0.8276220560073853,-0.0944489911198616,0.055954571813344955,-0.9348032474517822,-0.1200338676571846,0.003864954225718975,-0.5228801369667053,-0.028688186779618263,-0.0034321858547627926,-0.7340274453163147,-0.05953730642795563,-0.007263140752911568,-0.8739193677902222,-0.09103193879127502,-0.009407141245901585,-0.9933245778083801,-0.11496888101100922,-0.0686182901263237,-0.48969191312789917,-0.039707012474536896,-0.07814236730337143,-0.6872234344482422,-0.07072839140892029,-0.07167629152536392,-0.8189058303833008,-0.09587851166725159,-0.06299517303705215,-0.9345226287841797,-0.11420110613107681,-0.14001110196113586,-0.4246785640716553,-0.056924980133771896,-0.1480409950017929,-0.5773329138755798,-0.08794034272432327,-0.141663059592247,-0.6810367107391357,-0.103604756295681,-0.1301420032978058,-0.7806957364082336,-0.11435186862945557,STOP
0.0,0.0,0.0,0.12158113718032837,-0.09639021009206772,-0.04910637065768242,0.18503209948539734,-0.27969658374786377,-0.06031624227762222,0.2001527100801468,-0.44131648540496826,-0.06862719357013702,0.15379992127418518,-0.5300410985946655,-0.07651946693658829,0.08181486278772354,-0.5197983384132385,-0.023360643535852432,0.0744837075471878,-0.7116221785545349,-0.056314822286367416,0.06428541988134384,-0.832170307636261,-0.08847130835056305,0.053210996091365814,-0.9383555054664612,-0.11329101771116257,0.001974851358681917,-0.5264917016029358,-0.026651818305253983,-0.0069943820126354694,-0.7373200058937073,-0.055290933698415756,-0.010365299880504608,-0.8759434819221497,-0.08586843311786652,-0.011607291176915169,-0.9939323663711548,-0.10937953740358353,-0.07036716490983963,-0.49321842193603516,-0.03793485835194588,-0.08122611045837402,-0.6902889609336853,-0.06688123941421509,-0.07428310066461563,-0.8226533532142639,-0.09186304360628128,-0.06470249593257904,-0.9389021396636963,-0.11050912737846375,-0.14044560492038727,-0.42833712697029114,-0.05531156808137894,-0.1496349424123764,-0.5820387005805969,-0.08475420624017715,-0.1437440812587738,-0.6859900951385498,-0.1000458374619484,-0.13199257850646973,-0.7859817147254944,-0.11079506576061249,STOP
0.0,0.0,0.0,0.12310771644115448,-0.09863035380840302,-0.050140369683504105,0.1866760551929474,-0.2827915847301483,-0.061319489032030106,0.20086738467216492,-0.4437063932418823,-0.0695309266448021,0.15449383854866028,-0.5298592448234558,-0.07732735574245453,0.08138822764158249,-0.5199351906776428,-0.023512639105319977,0.07342177629470825,-0.7113027572631836,-0.05666248872876167,0.061876069754362106,-0.8318561911582947,-0.08897369354963303,0.049229126423597336,-0.9377560019493103,-0.11391511559486389,0.0013212742051109672,-0.5252324342727661,-0.026310622692108154,-0.008402208797633648,-0.7359139919281006,-0.0555138923227787,-0.013410416431725025,-0.8749201893806458,-0.08646328002214432,-0.016440317034721375,-0.9937624931335449,-0.11029870808124542,-0.07102521508932114,-0.4912247657775879,-0.03724079951643944,-0.08119086921215057,-0.6877720952033997,-0.06695392727851868,-0.07526456564664841,-0.8203566074371338,-0.0923796072602272,-0.06707809865474701,-0.9372779130935669,-0.11124590784311295,-0.14134977757930756,-0.42567136883735657,-0.054365165531635284,-0.14995087683200836,-0.5793552398681641,-0.08431656658649445,-0.14458534121513367,-0.6832152009010315,-0.09993387013673782,-0.13369406759738922,-0.7836588025093079,-0.11097083240747452,STOP
0.0,0.0,0.0,0.12277036160230637,-0.0981939360499382,-0.052161768078804016,0.18669940531253815,-0.28040480613708496,-0.06454601138830185,0.2010602504014969,-0.444754958152771,-0.07362772524356842,0.15349788963794708,-0.5352367758750916,-0.0823378786444664,0.0815148875117302,-0.515550434589386,-0.02537914738059044,0.07398821413516998,-0.7068803906440735,-0.05965422838926315,0.06238335371017456,-0.8278849720954895,-0.09282243251800537,0.04950455203652382,-0.9347611665725708,-0.11833851039409637,0.0018041185103356838,-0.522538423538208,-0.027233276516199112,-0.007210227660834789,-0.7345668077468872,-0.05752203240990639,-0.011944148689508438,-0.8743502497673035,-0.08903638273477554,-0.014898812398314476,-0.9934712052345276,-0.11310666799545288,-0.07048311084508896,-0.4897509217262268,-0.037386152893304825,-0.0807223916053772,-0.6874385476112366,-0.06819033622741699,-0.07476211339235306,-0.8203528523445129,-0.09406249225139618,-0.06683223694562912,-0.9373775124549866,-0.11303725093603134,-0.14089925587177277,-0.4250842034816742,-0.053833477199077606,-0.1484905332326889,-0.578228771686554,-0.0846954956650734,-0.14339028298854828,-0.6813140511512756,-0.10071742534637451,-0.13358162343502045,-0.7807456254959106,-0.11188890039920807,STOP
0.0,0.0,0.0,0.12174045294523239,-0.0991811752319336,-0.05244329199194908,0.1848742812871933,-0.28047147393226624,-0.06563561409711838,0.19980832934379578,-0.44335904717445374,-0.07561712712049484,0.15194708108901978,-0.5325976610183716,-0.08541139215230942,0.08015219122171402,-0.513944685459137,-0.027049502357840538,0.0712084099650383,-0.7035987973213196,-0.06253436952829361,0.05935092270374298,-0.8237873315811157,-0.09656568616628647,0.04612695798277855,-0.9311010241508484,-0.1226799488067627,0.0004513842286542058,-0.5213571190834045,-0.02957003563642502,-0.009154757484793663,-0.7321885824203491,-0.06138379126787186,-0.014620818197727203,-0.8721763491630554,-0.09382298588752747,-0.018407290801405907,-0.9927946925163269,-0.11840558797121048,-0.07198373973369598,-0.48844826221466064,-0.040330756455659866,-0.08306093513965607,-0.6858057379722595,-0.07247771322727203,-0.07771067321300507,-0.8183473348617554,-0.09870699048042297,-0.07021985203027725,-0.9353571534156799,-0.11763210594654083,-0.14267677068710327,-0.4236193299293518,-0.05737878754734993,-0.15007837116718292,-0.5775427222251892,-0.08909273892641068,-0.14397110044956207,-0.6811017394065857,-0.10528045892715454,-0.13274158537387848,-0.7808689475059509,-0.11642520129680634,STOP
0.0,0.0,0.0,0.12124564498662949,-0.09866021573543549,-0.05450259521603584,0.18507878482341766,-0.27966758608818054,-0.06900324672460556,0.19984029233455658,-0.4444133937358856,-0.07985422015190125,0.15104033052921295,-0.5358332991600037,-0.09048554301261902,0.08069684356451035,-0.5146400332450867,-0.03066203184425831,0.07058219611644745,-0.7060206532478333,-0.06689132004976273,0.05777527019381523,-0.8272821307182312,-0.10101836919784546,0.0443684458732605,-0.9354673624038696,-0.127105712890625,0.0003569845575839281,-0.5207402110099792,-0.03218498080968857,-0.009860994294285774,-0.7317019701004028,-0.0644402951002121,-0.016164978966116905,-0.8718881607055664,-0.09687789529561996,-0.020054468885064125,-0.9923871159553528,-0.12151391804218292,-0.07234576344490051,-0.4865080416202545,-0.041961438953876495,-0.08394093811511993,-0.6837132573127747,-0.0743226632475853,-0.07959352433681488,-0.8165602684020996,-0.10051744431257248,-0.07270855456590652,-0.9339606761932373,-0.1195499375462532,-0.14320218563079834,-0.42073267698287964,-0.05815811827778816,-0.15061365067958832,-0.5738906264305115,-0.09021987020969391,-0.14504747092723846,-0.6775240302085876,-0.10675819963216782,-0.13454771041870117,-0.7778386473655701,-0.11816423386335373,STOP
0.0,0.0,0.0,0.12141311168670654,-0.09928026795387268,-0.054210253059864044,0.18470101058483124,-0.2810136079788208,-0.0685415267944336,0.19937144219875336,-0.44495874643325806,-0.07935744524002075,0.1515885293483734,-0.5363984704017639,-0.08997200429439545,0.08067866414785385,-0.516146719455719,-0.030083537101745605,0.07019150257110596,-0.7071528434753418,-0.06620023399591446,0.05724123865365982,-0.8286957144737244,-0.1002986803650856,0.04369496554136276,-0.9368082880973816,-0.12638314068317413,-4.5957516704220325e-05,-0.521672785282135,-0.03178740292787552,-0.010879904963076115,-0.7322115898132324,-0.06410093605518341,-0.01720605418086052,-0.8722915053367615,-0.09644073992967606,-0.020998699590563774,-0.9924317002296448,-0.1209893748164177,-0.07307039946317673,-0.48691463470458984,-0.04179654270410538,-0.08518106490373611,-0.683838427066803,-0.074216827750206,-0.08081130683422089,-0.8164123296737671,-0.10014881193637848,-0.0737307220697403,-0.9336279630661011,-0.1189662516117096,-0.144266277551651,-0.4206189513206482,-0.05824613571166992,-0.1521870642900467,-0.5736654996871948,-0.09025891125202179,-0.14675481617450714,-0.6775184273719788,-0.10670290887355804,-0.1361171305179596,-0.7783620357513428,-0.11806932836771011,STOP
0.0,0.0,0.0,0.11965659260749817,-0.09570585936307907,-0.05352771282196045,0.18231722712516785,-0.2786206007003784,-0.06717835366725922,0.19805863499641418,-0.4415030777454376,-0.07737138867378235,0.15107718110084534,-0.5320317149162292,-0.08733440935611725,0.08089546859264374,-0.5136252641677856,-0.029929712414741516,0.07034210860729218,-0.7038160562515259,-0.0663294568657875,0.05657894164323807,-0.825812816619873,-0.10076658427715302,0.04215467348694801,-0.9346590638160706,-0.12726691365242004,0.0007651426712982357,-0.5208307504653931,-0.03215091675519943,-0.009095434099435806,-0.730171263217926,-0.0648028701543808,-0.015645718201994896,-0.8707814812660217,-0.09798330813646317,-0.020000843331217766,-0.9921945929527283,-0.1230851486325264,-0.07158726453781128,-0.4871080815792084,-0.04255680367350578,-0.08311878144741058,-0.682983934879303,-0.07521882653236389,-0.07892606407403946,-0.8161037564277649,-0.10228454321622849,-0.07233865559101105,-0.934599757194519,-0.12197636812925339,-0.14139705896377563,-0.42136237025260925,-0.05932323634624481,-0.149420827627182,-0.5738365054130554,-0.09183420985937119,-0.14388306438922882,-0.6770315170288086,-0.1090669184923172,-0.1326695680618286,-0.7771310210227966,-0.12099612504243851,STOP
0.0,0.0,0.0,0.12013313174247742,-0.09483320266008377,-0.056015387177467346,0.18475152552127838,-0.27526581287384033,-0.0710635781288147,0.20098553597927094,-0.44170764088630676,-0.08220287412405014,0.1536993384361267,-0.5375028848648071,-0.09322330355644226,0.08345033973455429,-0.5124354362487793,-0.03212770074605942,0.0740998238325119,-0.70248943567276,-0.0687558650970459,0.05992788448929787,-0.8237442374229431,-0.10336568206548691,0.044811177998781204,-0.9324901103973389,-0.13007445633411407,0.00347445928491652,-0.5202205181121826,-0.03317416459321976,-0.006019147578626871,-0.7303105592727661,-0.06604272127151489,-0.012913854792714119,-0.870401918888092,-0.09948674589395523,-0.01761363446712494,-0.9919854402542114,-0.12511879205703735,-0.0690840557217598,-0.48682570457458496,-0.042527489364147186,-0.07971260696649551,-0.6834352016448975,-0.07558559626340866,-0.07568463683128357,-0.8157342672348022,-0.10258055478334427,-0.06920220702886581,-0.9334408044815063,-0.12239746749401093,-0.13963034749031067,-0.42138317227363586,-0.05840754881501198,-0.14717330038547516,-0.5741183161735535,-0.09139663726091385,-0.14104114472866058,-0.6776249408721924,-0.10883442312479019,-0.12933841347694397,-0.7783690094947815,-0.1210373044013977,STOP
0.0,0.0,0.0,0.1196163147687912,-0.09547588974237442,-0.05543835088610649,0.18436159193515778,-0.27610036730766296,-0.070550836622715,0.19993998110294342,-0.44075268507003784,-0.08185405284166336,0.15399962663650513,-0.5351557731628418,-0.09284797310829163,0.08233054727315903,-0.5128698945045471,-0.032156579196453094,0.07249370962381363,-0.7035858035087585,-0.06917791068553925,0.059046052396297455,-0.8258196711540222,-0.10378687083721161,0.04489651322364807,-0.9346827268600464,-0.13031621277332306,0.002275091828778386,-0.5201400518417358,-0.03356020152568817,-0.008072460070252419,-0.7296777367591858,-0.06700742244720459,-0.014345254749059677,-0.8705530762672424,-0.10015520453453064,-0.01816350407898426,-0.9919636249542236,-0.1252128779888153,-0.07028394937515259,-0.4869415760040283,-0.043263353407382965,-0.08174557238817215,-0.6832936406135559,-0.07674123346805573,-0.07719084620475769,-0.8159091472625732,-0.10322963446378708,-0.07000119239091873,-0.9339872002601624,-0.1224103644490242,-0.1410205364227295,-0.42175421118736267,-0.059471495449543,-0.14871254563331604,-0.5734372138977051,-0.09284302592277527,-0.14274367690086365,-0.6769351959228516,-0.11012525111436844,-0.1311856210231781,-0.7776150107383728,-0.1219353973865509,STOP
0.0,0.0,0.0,0.11987834423780441,-0.09622292965650558,-0.053957052528858185,0.183828666806221,-0.2766018807888031,-0.0687866061925888,0.19866661727428436,-0.43955981731414795,-0.08010788261890411,0.15481479465961456,-0.5338938236236572,-0.09120473265647888,0.08152206242084503,-0.5131507515907288,-0.03186680004000664,0.07137396931648254,-0.7041786909103394,-0.0687025859951973,0.0584835521876812,-0.8264292478561401,-0.10295045375823975,0.044793274253606796,-0.9350060820579529,-0.129111185669899,0.001621406408958137,-0.5197450518608093,-0.0339539498090744,-0.009309191256761551,-0.7302036881446838,-0.06710077822208405,-0.015744715929031372,-0.8710347414016724,-0.09964004904031754,-0.019708387553691864,-0.9920521974563599,-0.12427345663309097,-0.07081868499517441,-0.4861886203289032,-0.04418136551976204,-0.08305589854717255,-0.6834160089492798,-0.07707080990076065,-0.07867684960365295,-0.8158243298530579,-0.10287541151046753,-0.07149261236190796,-0.9334684610366821,-0.12165942788124084,-0.1415805071592331,-0.42079147696495056,-0.06082070618867874,-0.15021373331546783,-0.5731232762336731,-0.09352917224168777,-0.14473450183868408,-0.6771116852760315,-0.11032576858997345,-0.1335882544517517,-0.7783879041671753,-0.12186139076948166,STOP
0.0,0.0,0.0,0.11949067562818527,-0.09436739236116409,-0.05378489941358566,0.18426130712032318,-0.27469176054000854,-0.06840813905000687,0.20110295712947845,-0.4373784363269806,-0.07926840335130692,0.15671151876449585,-0.5281178951263428,-0.08988507091999054,0.08327982574701309,-0.5119960308074951,-0.032609738409519196,0.07349739968776703,-0.7031844854354858,-0.06901035457849503,0.05977597087621689,-0.8255701661109924,-0.10308925807476044,0.044942181557416916,-0.9344205856323242,-0.12917093932628632,0.003621807089075446,-0.5189805030822754,-0.034475814551115036,-0.005188052076846361,-0.7301095724105835,-0.06657103449106216,-0.011494629085063934,-0.8712536692619324,-0.09895915538072586,-0.016151241958141327,-0.9922080039978027,-0.12354086339473724,-0.0685649961233139,-0.48566851019859314,-0.04423081502318382,-0.0790550634264946,-0.6822431683540344,-0.07579227536916733,-0.07509861886501312,-0.8151640892028809,-0.10185578465461731,-0.06907688826322556,-0.9323858022689819,-0.12103484570980072,-0.13861961662769318,-0.42054736614227295,-0.06033485010266304,-0.14565803110599518,-0.5730782151222229,-0.0917428657412529,-0.13979513943195343,-0.6758390665054321,-0.10798662155866623,-0.12891146540641785,-0.774784505367279,-0.11922386288642883,STOP
0.0,0.0,0.0,0.12000837922096252,-0.09563953429460526,-0.05581341311335564,0.18560068309307098,-0.2748394310474396,-0.07127758115530014,0.2013748288154602,-0.4396885335445404,-0.08285468071699142,0.15639135241508484,-0.535733163356781,-0.09410049766302109,0.08370168507099152,-0.5116258263587952,-0.03212426230311394,0.07536127418279648,-0.7027681469917297,-0.06892715394496918,0.06203421577811241,-0.8253061175346375,-0.1035432517528534,0.04768666252493858,-0.9342737197875977,-0.13003204762935638,0.0034285038709640503,-0.5183995366096497,-0.03314633667469025,-0.0061233933083713055,-0.7291010618209839,-0.06604312360286713,-0.013023403473198414,-0.8704877495765686,-0.0991978868842125,-0.017785843461751938,-0.9920678734779358,-0.12443871796131134,-0.06894654780626297,-0.485339879989624,-0.04242449253797531,-0.07972878962755203,-0.6815547943115234,-0.07513000816106796,-0.07569070160388947,-0.8144317269325256,-0.1013394370675087,-0.06901513785123825,-0.9320864677429199,-0.12051550298929214,-0.13937366008758545,-0.42069220542907715,-0.058260366320610046,-0.1466904878616333,-0.572540819644928,-0.09074488282203674,-0.14037854969501495,-0.6757877469062805,-0.10739346593618393,-0.12834392488002777,-0.7754206657409668,-0.1188497543334961,STOP
0.0,0.0,0.0,0.12081801891326904,-0.09402766823768616,-0.05481904372572899,0.1872243583202362,-0.27280816435813904,-0.07026191800832748,0.20477353036403656,-0.43583446741104126,-0.0818636491894722,0.15957334637641907,-0.5278828144073486,-0.09329207986593246,0.08594843745231628,-0.5094267725944519,-0.03423791006207466,0.07700642198324203,-0.7009047865867615,-0.07166192680597305,0.06340078264474869,-0.823949933052063,-0.10646641254425049,0.04898129776120186,-0.9331714510917664,-0.13306577503681183,0.005201151128858328,-0.5163096189498901,-0.036003243178129196,-0.00447525829076767,-0.7278085947036743,-0.06948283314704895,-0.011369070969522,-0.8697524070739746,-0.10287978500127792,-0.016575343906879425,-0.9916132688522339,-0.12817305326461792,-0.06709425896406174,-0.4831576347351074,-0.04567108303308487,-0.07852465659379959,-0.679258406162262,-0.07850468158721924,-0.07468070834875107,-0.8121204972267151,-0.10498186945915222,-0.06871173530817032,-0.9299218058586121,-0.12433020770549774,-0.1366642564535141,-0.41837531328201294,-0.061763737350702286,-0.14469462633132935,-0.5703631043434143,-0.09446518868207932,-0.13930335640907288,-0.673302948474884,-0.11135075241327286,-0.12866930663585663,-0.7725925445556641,-0.12289563566446304,STOP
0.0,0.0,0.0,0.12054460495710373,-0.09348568320274353,-0.05432130768895149,0.18687473237514496,-0.27257290482521057,-0.06906507909297943,0.20380057394504547,-0.4345701336860657,-0.08007042109966278,0.16055700182914734,-0.5249184966087341,-0.09077522903680801,0.08623337745666504,-0.5103420615196228,-0.032499730587005615,0.07706872373819351,-0.702452540397644,-0.06940110772848129,0.06447999179363251,-0.8262367844581604,-0.10378140211105347,0.05176999047398567,-0.9353511929512024,-0.12998956441879272,0.005504788365215063,-0.517020583152771,-0.034281469881534576,-0.00356949120759964,-0.7281302213668823,-0.06718804687261581,-0.009160302579402924,-0.8704934120178223,-0.10005804896354675,-0.012441427446901798,-0.9921004772186279,-0.1248277872800827,-0.06686971336603165,-0.48405125737190247,-0.044109176844358444,-0.07755435258150101,-0.68011075258255,-0.07655733823776245,-0.07336694747209549,-0.8140667080879211,-0.10301554948091507,-0.06652504950761795,-0.9326688051223755,-0.12227462232112885,-0.1366720050573349,-0.4192942976951599,-0.06036243587732315,-0.14404185116291046,-0.5711911916732788,-0.09270361810922623,-0.13826820254325867,-0.6741254329681396,-0.1095610111951828,-0.12723597884178162,-0.7733045816421509,-0.1210666373372078,STOP
0.0,0.0,0.0,0.12150698155164719,-0.09305650740861893,-0.05508292093873024,0.18909475207328796,-0.2707805037498474,-0.07037810236215591,0.20560671389102936,-0.43258360028266907,-0.0818665474653244,0.16248518228530884,-0.5227311849594116,-0.09320176392793655,0.08870942145586014,-0.5090469717979431,-0.034141987562179565,0.07962557673454285,-0.7010956406593323,-0.07162443548440933,0.0661267638206482,-0.8250446319580078,-0.10643283277750015,0.05234963819384575,-0.9346536993980408,-0.13309229910373688,0.007584508508443832,-0.5156108140945435,-0.03599855303764343,-0.001960453810170293,-0.7272118330001831,-0.06994057446718216,-0.008526012301445007,-0.8696306347846985,-0.10379748046398163,-0.012585458345711231,-0.9915148019790649,-0.1293831169605255,-0.06516534835100174,-0.4828357994556427,-0.045828983187675476,-0.07556534558534622,-0.6796128153800964,-0.07943679392337799,-0.07129238545894623,-0.8139310479164124,-0.10675659030675888,-0.06446857005357742,-0.9323844909667969,-0.1265534907579422,-0.13543199002742767,-0.41833439469337463,-0.06208597496151924,-0.1426326036453247,-0.5709484815597534,-0.0954478457570076,-0.13637979328632355,-0.674131453037262,-0.1129218339920044,-0.12466488778591156,-0.7731752395629883,-0.12486504763364792,STOP
0.0,0.0,0.0,0.12151718884706497,-0.09429173171520233,-0.05556847155094147,0.18968474864959717,-0.2741083800792694,-0.07093635946512222,0.20527531206607819,-0.43685537576675415,-0.08241316676139832,0.16115838289260864,-0.5261324644088745,-0.09380638599395752,0.08865988999605179,-0.5108237266540527,-0.0347103476524353,0.07932620495557785,-0.7025408148765564,-0.0724632740020752,0.0664905235171318,-0.8268089890480042,-0.10725921392440796,0.053921934217214584,-0.9365246891975403,-0.13377177715301514,0.007570548914372921,-0.517239511013031,-0.03653088957071304,-0.002545079914852977,-0.7281039357185364,-0.07061032205820084,-0.00915113091468811,-0.8701521754264832,-0.1039682999253273,-0.01288228202611208,-0.9915565252304077,-0.12903332710266113,-0.06552060693502426,-0.4841682016849518,-0.04643271118402481,-0.0769496038556099,-0.6812463998794556,-0.08021999895572662,-0.07387986779212952,-0.816368579864502,-0.10690254718065262,-0.06769340485334396,-0.9366433620452881,-0.12618623673915863,-0.13721208274364471,-0.4188738763332367,-0.06281955540180206,-0.1448015570640564,-0.5723105669021606,-0.09613803029060364,-0.1387995332479477,-0.6761695742607117,-0.11318418383598328,-0.12721148133277893,-0.7767715454101562,-0.12482372671365738,STOP
0.0,0.0,0.0,0.12017789483070374,-0.0924110934138298,-0.05483289062976837,0.18903295695781708,-0.2694031298160553,-0.07067390531301498,0.2087857872247696,-0.4315081238746643,-0.08266699314117432,0.1627291887998581,-0.5213112831115723,-0.09458702802658081,0.08884699642658234,-0.5085076093673706,-0.03548148274421692,0.08144835382699966,-0.7006970643997192,-0.0734366774559021,0.0684109479188919,-0.8245975375175476,-0.10849575698375702,0.05446670949459076,-0.9340055584907532,-0.13516288995742798,0.008803385309875011,-0.5154415965080261,-0.03786413371562958,0.000977658317424357,-0.7269997000694275,-0.071866974234581,-0.005561185535043478,-0.8697181344032288,-0.10563663393259048,-0.011088788509368896,-0.9913080930709839,-0.13109245896339417,-0.06333956867456436,-0.48282334208488464,-0.048087507486343384,-0.07302383333444595,-0.678925633430481,-0.08129233866930008,-0.06898286193609238,-0.8131345510482788,-0.10829737782478333,-0.06323570758104324,-0.9312434792518616,-0.12788252532482147,-0.13330787420272827,-0.4183788597583771,-0.0647292211651802,-0.14069829881191254,-0.5716114640235901,-0.09761111438274384,-0.13487420976161957,-0.6752128005027771,-0.11459328234195709,-0.12387480586767197,-0.7736895680427551,-0.12609900534152985,STOP
0.0,0.0,0.0,0.12232023477554321,-0.09129628539085388,-0.054551251232624054,0.19075742363929749,-0.26862868666648865,-0.0696476474404335,0.2115769386291504,-0.4310230016708374,-0.0810568779706955,0.1683538258075714,-0.5233216285705566,-0.09256149083375931,0.09242609143257141,-0.5051149129867554,-0.03494691103696823,0.08605264872312546,-0.6973519325256348,-0.07303251326084137,0.0739838257431984,-0.8217740058898926,-0.10818982124328613,0.06067028269171715,-0.9320902228355408,-0.1349753886461258,0.012012513354420662,-0.5132399797439575,-0.03726307675242424,0.005902796518057585,-0.7249202132225037,-0.0717822015285492,0.000850314216222614,-0.8683584928512573,-0.10605570673942566,-0.0031132984440773726,-0.9912534952163696,-0.13193438947200775,-0.060877859592437744,-0.4814539849758148,-0.04746367037296295,-0.06897256523370743,-0.6781830191612244,-0.08129813522100449,-0.06403350830078125,-0.8132122755050659,-0.10913849622011185,-0.05739135667681694,-0.93207848072052,-0.12932993471622467,-0.1317504197359085,-0.41831493377685547,-0.06401561200618744,-0.13742990791797638,-0.5719415545463562,-0.09751354902982712,-0.13093432784080505,-0.6760139465332031,-0.11531434953212738,-0.11945339292287827,-0.7750856280326843,-0.1275252401828766,STOP
0.0,0.0,0.0,0.12165683507919312,-0.090450219810009,-0.055552493780851364,0.19231058657169342,-0.2669861912727356,-0.07141831517219543,0.21356844902038574,-0.4288012385368347,-0.08337882161140442,0.1687522977590561,-0.5160658955574036,-0.09539816528558731,0.0941184014081955,-0.5037649869918823,-0.0361599326133728,0.08749386668205261,-0.6958965063095093,-0.07442139834165573,0.07561594992876053,-0.8212169408798218,-0.10985066741704941,0.06350944191217422,-0.9318796992301941,-0.1369524896144867,0.013369418680667877,-0.5122095942497253,-0.038087110966444016,0.007181189488619566,-0.7235689163208008,-0.07253192365169525,0.002489737467840314,-0.8675622940063477,-0.10708247125148773,-0.0002238824963569641,-0.9910788536071777,-0.1332765519618988,-0.05964450165629387,-0.4805271327495575,-0.04782569408416748,-0.06714540719985962,-0.676453709602356,-0.08150245994329453,-0.06182760372757912,-0.8106703162193298,-0.10944689810276031,-0.054222770035266876,-0.9291629195213318,-0.12990553677082062,-0.13077130913734436,-0.41690701246261597,-0.06402035057544708,-0.13576051592826843,-0.5681376457214355,-0.09735932946205139,-0.1289595663547516,-0.6708361506462097,-0.11515133827924728,-0.11698184162378311,-0.7694244384765625,-0.1275174766778946,STOP
0.0,0.0,0.0,0.12289560586214066,-0.09352485090494156,-0.05397477373480797,0.1915927678346634,-0.2723953425884247,-0.06910473108291626,0.21081489324569702,-0.4335494339466095,-0.08072414249181747,0.16880188882350922,-0.5229576826095581,-0.09259706735610962,0.09339652955532074,-0.5076174736022949,-0.03482088819146156,0.08668719232082367,-0.7000352144241333,-0.07289456576108932,0.07628189027309418,-0.824696958065033,-0.10776197165250778,0.06612399965524673,-0.9349309802055359,-0.13438576459884644,0.012394007295370102,-0.5149908661842346,-0.037709105759859085,0.00461661396548152,-0.726193904876709,-0.07226958870887756,9.612975554773584e-05,-0.8687131404876709,-0.10611507296562195,-0.0017388385022059083,-0.9912887215614319,-0.13169528543949127,-0.06112761050462723,-0.48249438405036926,-0.0484633706510067,-0.06986906379461288,-0.6795806884765625,-0.08254091441631317,-0.06530259549617767,-0.8159587383270264,-0.10985062271356583,-0.05767012760043144,-0.9378600120544434,-0.12982115149497986,-0.13338130712509155,-0.41766369342803955,-0.0655134990811348,-0.13930611312389374,-0.5707598328590393,-0.09920493513345718,-0.13195651769638062,-0.6753645539283752,-0.11683981120586395,-0.11911144852638245,-0.7770296931266785,-0.1291181445121765,STOP
0.0,0.0,0.0,0.12267672270536423,-0.09218700230121613,-0.055537041276693344,0.19206029176712036,-0.2661765217781067,-0.07178033143281937,0.2117851972579956,-0.4256780743598938,-0.08415393531322479,0.169401153922081,-0.5156992077827454,-0.09652194380760193,0.09260355681180954,-0.5033207535743713,-0.03620641678571701,0.08612793684005737,-0.6955554485321045,-0.07471339404582977,0.07486823201179504,-0.820000410079956,-0.11015225946903229,0.0632047951221466,-0.9306786060333252,-0.13711152970790863,0.012114053592085838,-0.5121109485626221,-0.0382021926343441,0.0057884627021849155,-0.7231788635253906,-0.07281462848186493,0.00152256665751338,-0.8671442270278931,-0.10748396813869476,-0.0008182722958736122,-0.9910330772399902,-0.1336144059896469,-0.06062695384025574,-0.48082903027534485,-0.048005085438489914,-0.06839972734451294,-0.6761157512664795,-0.08194389194250107,-0.06284747272729874,-0.8104806542396545,-0.10998500883579254,-0.054783858358860016,-0.9292742609977722,-0.13022463023662567,-0.1312069296836853,-0.41725394129753113,-0.0641891211271286,-0.1370212286710739,-0.5697171092033386,-0.09783241152763367,-0.13005316257476807,-0.6727612614631653,-0.11555156856775284,-0.11764238029718399,-0.7711038589477539,-0.1275283396244049,STOP
0.0,0.0,0.0,0.12303613871335983,-0.0907188206911087,-0.05434935912489891,0.19225843250751495,-0.2663511633872986,-0.07010126858949661,0.21218785643577576,-0.4245140850543976,-0.08216512948274612,0.1725701093673706,-0.5127031207084656,-0.09433664381504059,0.0937080979347229,-0.5031294226646423,-0.03686235472559929,0.08747711032629013,-0.6944934129714966,-0.07552468031644821,0.07596127688884735,-0.8195136785507202,-0.11086126416921616,0.06395036727190018,-0.9299654960632324,-0.1378941535949707,0.013418060727417469,-0.5117605328559875,-0.03959811106324196,0.00741051509976387,-0.7230456471443176,-0.07447761297225952,0.002539439359679818,-0.8672150373458862,-0.10895957052707672,-0.0002649882226251066,-0.9908395409584045,-0.1350439041852951,-0.059040602296590805,-0.4798785150051117,-0.049975182861089706,-0.06683345139026642,-0.6766518354415894,-0.08412187546491623,-0.06195772439241409,-0.8107532262802124,-0.11222568154335022,-0.05465179681777954,-0.929478645324707,-0.13275928795337677,-0.12896691262722015,-0.4154679775238037,-0.06661146134138107,-0.13542896509170532,-0.5665076375007629,-0.10051292181015015,-0.12938369810581207,-0.6687292456626892,-0.11864756792783737,-0.11822336167097092,-0.7666476368904114,-0.13117344677448273,STOP
0.0,0.0,0.0,0.12343370914459229,-0.09024624526500702,-0.05472476780414581,0.19287386536598206,-0.2648678123950958,-0.07034163922071457,0.21339868009090424,-0.4244058132171631,-0.08229389041662216,0.17167627811431885,-0.5150415897369385,-0.09423678368330002,0.0947662889957428,-0.5028814077377319,-0.034947097301483154,0.08989662677049637,-0.6930789351463318,-0.0731140673160553,0.07934048771858215,-0.8170399069786072,-0.10847146809101105,0.06797435879707336,-0.9275004863739014,-0.13562150299549103,0.014464529231190681,-0.5130188465118408,-0.037410616874694824,0.009192168712615967,-0.7237274646759033,-0.07194992154836655,0.005230610724538565,-0.8671684861183167,-0.10652514547109604,0.0030214935541152954,-0.9911442399024963,-0.13275517523288727,-0.058435194194316864,-0.4824615716934204,-0.047718629240989685,-0.06505727767944336,-0.678385853767395,-0.08181878179311752,-0.058354150503873825,-0.8119080066680908,-0.10983522236347198,-0.04955223947763443,-0.9304630756378174,-0.13019640743732452,-0.1289813369512558,-0.41958701610565186,-0.06435921788215637,-0.1342749446630478,-0.5716793537139893,-0.09815836697816849,-0.12681210041046143,-0.6743308901786804,-0.11611125618219376,-0.11415763944387436,-0.7724922895431519,-0.1284569650888443,STOP
0.0,0.0,0.0,0.12402191013097763,-0.08981209248304367,-0.05570066347718239,0.19618217647075653,-0.2655872702598572,-0.0717444121837616,0.21762393414974213,-0.42554038763046265,-0.08376486599445343,0.17447061836719513,-0.5128745436668396,-0.09571874886751175,0.09691335260868073,-0.5044942498207092,-0.03685475513339043,0.09301652014255524,-0.6968597173690796,-0.07505008578300476,0.0824357271194458,-0.8209150433540344,-0.11017930507659912,0.07053319364786148,-0.9306803941726685,-0.13691088557243347,0.016687598079442978,-0.5129452347755432,-0.03873066604137421,0.011720593087375164,-0.7251601815223694,-0.07321390509605408,0.007286918815225363,-0.868822455406189,-0.1071932315826416,0.0041098869405686855,-0.9911256432533264,-0.13286533951759338,-0.056202203035354614,-0.4811324179172516,-0.048436570912599564,-0.06312975287437439,-0.6774492263793945,-0.0822329893708229,-0.05627026781439781,-0.8108265995979309,-0.10966793447732925,-0.04759534075856209,-0.9277182817459106,-0.1295081079006195,-0.1274464875459671,-0.41755348443984985,-0.0645691454410553,-0.13236303627490997,-0.5698611736297607,-0.09778796136379242,-0.12513630092144012,-0.6725890636444092,-0.11513807624578476,-0.1128927692770958,-0.7702131867408752,-0.1269877552986145,STOP
0.0,0.0,0.0,0.12293151021003723,-0.09206492453813553,-0.056432586163282394,0.19436964392662048,-0.26826226711273193,-0.07280568033456802,0.21376611292362213,-0.43043869733810425,-0.08533210307359695,0.16952739655971527,-0.5236554741859436,-0.09798827767372131,0.09720873087644577,-0.5068336725234985,-0.035795602947473526,0.09207099676132202,-0.6978024840354919,-0.07516014575958252,0.08157681673765182,-0.821865975856781,-0.11117924749851227,0.07090236246585846,-0.9321864247322083,-0.13855625689029694,0.016398796811699867,-0.515335738658905,-0.03801637887954712,0.01025011483579874,-0.7264128923416138,-0.0739814043045044,0.006551957689225674,-0.868724524974823,-0.10868623852729797,0.005334868095815182,-0.9908664226531982,-0.134741872549057,-0.05756187438964844,-0.4834165573120117,-0.04849971458315849,-0.06543205678462982,-0.680498480796814,-0.0843505784869194,-0.05924388766288757,-0.8155423998832703,-0.1121116429567337,-0.050004251301288605,-0.9358180165290833,-0.13200807571411133,-0.1305909901857376,-0.4190730154514313,-0.06549135595560074,-0.1353341042995453,-0.5718067288398743,-0.10058537125587463,-0.1269117295742035,-0.6761740446090698,-0.11874064803123474,-0.11311998218297958,-0.7768872380256653,-0.13113826513290405,STOP
0.0,0.0,0.0,0.1255476176738739,-0.08960676938295364,-0.05597436800599098,0.1985863447189331,-0.26616960763931274,-0.07212814688682556,0.22010748088359833,-0.4245862364768982,-0.08420896530151367,0.17760829627513885,-0.5082870721817017,-0.09636292606592178,0.09864319115877151,-0.5035417675971985,-0.038666706532239914,0.09512222558259964,-0.6978189945220947,-0.07749921828508377,0.08508189767599106,-0.8235551118850708,-0.11282358318567276,0.07378887385129929,-0.9338730573654175,-0.1396840661764145,0.017038969323039055,-0.5126705765724182,-0.04065827280282974,0.012076137587428093,-0.7241544723510742,-0.07568368315696716,0.00784191396087408,-0.8682917356491089,-0.11021380871534348,0.004984578583389521,-0.9906572699546814,-0.1362839639186859,-0.056609898805618286,-0.48166653513908386,-0.050388485193252563,-0.06318453699350357,-0.6770466566085815,-0.08439938724040985,-0.05490747094154358,-0.8111014366149902,-0.11277226358652115,-0.04449567198753357,-0.9284955263137817,-0.13336467742919922,-0.12785661220550537,-0.4186927080154419,-0.0665646344423294,-0.13319532573223114,-0.5713832974433899,-0.10012403130531311,-0.1250487118959427,-0.6739247441291809,-0.1181592047214508,-0.11099179834127426,-0.7705880999565125,-0.130498468875885,STOP
0.0,0.0,0.0,0.12464430183172226,-0.08748479932546616,-0.055618319660425186,0.19698555767536163,-0.260416179895401,-0.07198147475719452,0.21980781853199005,-0.4160638153553009,-0.08444777131080627,0.1824631690979004,-0.5026235580444336,-0.09696700423955917,0.09902221709489822,-0.5015994906425476,-0.03865402191877365,0.09543007612228394,-0.6947060823440552,-0.0768895298242569,0.08614857494831085,-0.8190591931343079,-0.1117970198392868,0.07589811831712723,-0.9290681481361389,-0.1383715271949768,0.01779070496559143,-0.51056307554245,-0.040787629783153534,0.012489672750234604,-0.7225187420845032,-0.07538782805204391,0.00911483820527792,-0.8670365214347839,-0.10982070863246918,0.0077592418529093266,-0.9906827807426453,-0.13596881926059723,-0.0557599738240242,-0.4789479970932007,-0.05053737387061119,-0.06310999393463135,-0.6752563714981079,-0.08436862379312515,-0.05487680062651634,-0.8086604475975037,-0.11279797554016113,-0.04404749348759651,-0.9258906245231628,-0.13346032798290253,-0.12719225883483887,-0.41565942764282227,-0.06663709878921509,-0.1334916353225708,-0.5686318874359131,-0.10011366009712219,-0.12627457082271576,-0.6712536215782166,-0.11822076886892319,-0.11292913556098938,-0.7687492966651917,-0.1306830644607544,STOP
0.0,0.0,0.0,0.12466318905353546,-0.08763077855110168,-0.055532701313495636,0.19506889581680298,-0.2601519823074341,-0.0723477303981781,0.21705715358257294,-0.41671010851860046,-0.08519934117794037,0.17849047482013702,-0.5073272585868835,-0.0980406180024147,0.09857317060232162,-0.5014256834983826,-0.039355821907520294,0.095307357609272,-0.6952206492424011,-0.07837845385074615,0.0862211063504219,-0.8196882009506226,-0.11338935047388077,0.07594149559736252,-0.929316520690918,-0.13979655504226685,0.01769905909895897,-0.5106785297393799,-0.041711561381816864,0.012999049387872219,-0.7240496873855591,-0.07675692439079285,0.01001681573688984,-0.8682885766029358,-0.11072893440723419,0.008682077750563622,-0.9906140565872192,-0.1364126354455948,-0.056143589317798615,-0.48005273938179016,-0.051806602627038956,-0.061975397169589996,-0.6780020594596863,-0.08600465953350067,-0.053646210581064224,-0.8124943375587463,-0.11400332301855087,-0.042691148817539215,-0.9293882846832275,-0.13424980640411377,-0.12792514264583588,-0.41789335012435913,-0.06819628924131393,-0.13316017389297485,-0.5716805458068848,-0.10212473571300507,-0.12449481338262558,-0.6752985715866089,-0.1202574297785759,-0.10975826531648636,-0.7727089524269104,-0.13256049156188965,STOP
0.0,0.0,0.0,0.12576629221439362,-0.08802776783704758,-0.05584343522787094,0.19779276847839355,-0.26223498582839966,-0.07181739062070847,0.21968646347522736,-0.4195839762687683,-0.08373640477657318,0.1776299923658371,-0.5091391801834106,-0.09557335078716278,0.10151169449090958,-0.5039597153663635,-0.037315111607313156,0.09908721596002579,-0.6988455057144165,-0.07570338994264603,0.08950403332710266,-0.8235350847244263,-0.1105535477399826,0.07822003215551376,-0.9327065944671631,-0.13687430322170258,0.020803751423954964,-0.5133529901504517,-0.039365705102682114,0.017275551334023476,-0.7264060378074646,-0.07384414970874786,0.013849793933331966,-0.8697357773780823,-0.10794419050216675,0.011514002457261086,-0.9909566640853882,-0.13368761539459229,-0.05334823206067085,-0.48268240690231323,-0.049328096210956573,-0.058156948536634445,-0.6799749135971069,-0.08307716250419617,-0.04945242777466774,-0.8137959837913513,-0.1110910102725029,-0.038571346551179886,-0.9305306077003479,-0.13140752911567688,-0.12606632709503174,-0.420232892036438,-0.0656573548913002,-0.13049784302711487,-0.5734632015228271,-0.09916441887617111,-0.121775783598423,-0.6765192747116089,-0.11693314462900162,-0.10710004717111588,-0.7737230658531189,-0.12901242077350616,STOP
0.0,0.0,0.0,0.1235835924744606,-0.09094669669866562,-0.05505875498056412,0.19366100430488586,-0.26243555545806885,-0.07116137444972992,0.21428710222244263,-0.41930410265922546,-0.08384294807910919,0.1771462857723236,-0.5179533958435059,-0.09654439240694046,0.1002272516489029,-0.505384624004364,-0.03401191905140877,0.0975402370095253,-0.6968663334846497,-0.07315979897975922,0.08826152980327606,-0.820641279220581,-0.10882201045751572,0.07781358808279037,-0.9304860830307007,-0.13566632568836212,0.0205069612711668,-0.5148389935493469,-0.03700946643948555,0.017072048038244247,-0.7262957692146301,-0.07259208709001541,0.014366889372467995,-0.8687489628791809,-0.1069689467549324,0.01309790275990963,-0.9910790920257568,-0.132629856467247,-0.053341880440711975,-0.4843187630176544,-0.04830110818147659,-0.05820567160844803,-0.6821523308753967,-0.083572156727314,-0.05016007646918297,-0.8156673908233643,-0.11064789444208145,-0.03983926400542259,-0.9345756769180298,-0.1299055814743042,-0.12671177089214325,-0.42149150371551514,-0.06597524136304855,-0.13013635575771332,-0.5747804641723633,-0.1007193922996521,-0.12031971663236618,-0.678898274898529,-0.11808539927005768,-0.10515372455120087,-0.7788055539131165,-0.12958966195583344,STOP
0.0,0.0,0.0,0.12806065380573273,-0.08597884327173233,-0.05582071840763092,0.2022121548652649,-0.2589779496192932,-0.07176871597766876,0.22546671330928802,-0.41587021946907043,-0.08370630443096161,0.18766233325004578,-0.5049177408218384,-0.09554056823253632,0.1045721247792244,-0.5049750208854675,-0.03692483529448509,0.10391463339328766,-0.7009742856025696,-0.07505356520414352,0.09633267670869827,-0.8262289762496948,-0.10955990105867386,0.08712366223335266,-0.9353580474853516,-0.1356656700372696,0.023570213466882706,-0.5146171450614929,-0.03886567801237106,0.020577462390065193,-0.7282673716545105,-0.0730072483420372,0.018501566722989082,-0.8705920577049255,-0.10671906918287277,0.017568549141287804,-0.9910604357719421,-0.13225235044956207,-0.05075303092598915,-0.48450279235839844,-0.048740629106760025,-0.054757244884967804,-0.6825717687606812,-0.0822562426328659,-0.04529966413974762,-0.816581130027771,-0.1101565957069397,-0.03378257900476456,-0.9341006875038147,-0.13047847151756287,-0.12367668747901917,-0.4224666953086853,-0.06499000638723373,-0.12806342542171478,-0.5765379071235657,-0.09858669340610504,-0.11926919221878052,-0.6805421710014343,-0.1165815070271492,-0.1046304851770401,-0.7793854475021362,-0.12882886826992035,STOP
0.0,0.0,0.0,0.12542495131492615,-0.08443176746368408,-0.055877845734357834,0.19693998992443085,-0.25424495339393616,-0.07255858927965164,0.22162550687789917,-0.4106111228466034,-0.0852731391787529,0.1852860301733017,-0.5054511427879333,-0.09805469959974289,0.10673936456441879,-0.5022340416908264,-0.038226693868637085,0.1045687347650528,-0.6955348253250122,-0.0771901085972786,0.09565432369709015,-0.8195947408676147,-0.11244653910398483,0.08492904901504517,-0.9290409684181213,-0.13894659280776978,0.02611313946545124,-0.5130128264427185,-0.040382687002420425,0.02458859421312809,-0.7261496782302856,-0.07519219815731049,0.022630885243415833,-0.8690146803855896,-0.10918063670396805,0.021356206387281418,-0.9906538724899292,-0.1347178816795349,-0.04862111806869507,-0.4834710359573364,-0.05040837079286575,-0.051908742636442184,-0.6807776093482971,-0.084282286465168,-0.043027475476264954,-0.8145080208778381,-0.11173214763402939,-0.03227343037724495,-0.9320515394210815,-0.13152338564395905,-0.1225251704454422,-0.4216737747192383,-0.06681010872125626,-0.1250852346420288,-0.5761042833328247,-0.10025208443403244,-0.11476296186447144,-0.6793185472488403,-0.11750766634941101,-0.09910764545202255,-0.7768840789794922,-0.12907716631889343,STOP
0.0,0.0,0.0,0.12586861848831177,-0.08615962415933609,-0.0559106320142746,0.19873371720314026,-0.255270779132843,-0.07264507561922073,0.22368299961090088,-0.41290000081062317,-0.08556950092315674,0.18667104840278625,-0.5109516382217407,-0.09859493374824524,0.10636518150568008,-0.49820923805236816,-0.037244778126478195,0.10565373301506042,-0.6909655928611755,-0.07709233462810516,0.09824595600366592,-0.815618097782135,-0.11305416375398636,0.08957978338003159,-0.9263092875480652,-0.1403026133775711,0.02679385617375374,-0.5110889673233032,-0.0399024598300457,0.02716507948935032,-0.7242752909660339,-0.07623304426670074,0.027982426807284355,-0.8673133850097656,-0.11147278547286987,0.02996065653860569,-0.9900050163269043,-0.13781318068504333,-0.0470944419503212,-0.4830002188682556,-0.05060536041855812,-0.04903817176818848,-0.683070719242096,-0.08668593317270279,-0.03828433156013489,-0.8177698254585266,-0.11558053642511368,-0.02534293569624424,-0.9365330934524536,-0.13619382679462433,-0.1198451891541481,-0.42236465215682983,-0.06757277250289917,-0.12126126885414124,-0.577133059501648,-0.10332392901182175,-0.11056122183799744,-0.681191623210907,-0.12222589552402496,-0.09464801102876663,-0.7801556587219238,-0.1349254548549652,STOP
0.0,0.0,0.0,0.12487750500440598,-0.08689743280410767,-0.054688047617673874,0.19680701196193695,-0.2581947445869446,-0.07113252580165863,0.22055698931217194,-0.41388222575187683,-0.08391116559505463,0.18676821887493134,-0.5160526633262634,-0.0966779887676239,0.10706303268671036,-0.5030005574226379,-0.03701481223106384,0.10470565408468246,-0.6965522170066833,-0.0763985887169838,0.09741430729627609,-0.821132481098175,-0.111625075340271,0.08905597031116486,-0.931572675704956,-0.1379345804452896,0.026723291724920273,-0.5142472386360168,-0.03985586762428284,0.026085935533046722,-0.7271880507469177,-0.07490122318267822,0.026536991819739342,-0.8694885969161987,-0.10839536786079407,0.02855694852769375,-0.9906557202339172,-0.13336312770843506,-0.04790527746081352,-0.48483777046203613,-0.050674159079790115,-0.05023286119103432,-0.6849697232246399,-0.0849352553486824,-0.04169256612658501,-0.8199628591537476,-0.11159901320934296,-0.030271830037236214,-0.9391965866088867,-0.13080748915672302,-0.12192174792289734,-0.42281508445739746,-0.06774086505174637,-0.12354674190282822,-0.5782185792922974,-0.10157930105924606,-0.11303787678480148,-0.6823359727859497,-0.11858736723661423,-0.09683874994516373,-0.7818995118141174,-0.12992148101329803,STOP
0.0,0.0,0.0,0.12447979301214218,-0.08765909075737,-0.05433480814099312,0.1957172006368637,-0.2579779326915741,-0.07067041099071503,0.21964885294437408,-0.41445282101631165,-0.0835915133357048,0.18767985701560974,-0.5197024941444397,-0.0966096892952919,0.10647616535425186,-0.5036206245422363,-0.03546633571386337,0.10495224595069885,-0.6966084241867065,-0.07484180480241776,0.09708935767412186,-0.8207954168319702,-0.11031769216060638,0.08759133517742157,-0.9313283562660217,-0.13703611493110657,0.027082614600658417,-0.5155025720596313,-0.03861301392316818,0.02663927525281906,-0.7283186912536621,-0.07414480298757553,0.026506219059228897,-0.8696194291114807,-0.10811743140220642,0.027545254677534103,-0.9906577467918396,-0.13356061279773712,-0.04701982066035271,-0.48681092262268066,-0.04987398162484169,-0.049585334956645966,-0.6863057613372803,-0.08489187806844711,-0.04042006656527519,-0.8208085298538208,-0.11193674802780151,-0.0289271492511034,-0.9404060244560242,-0.13148510456085205,-0.12107010930776596,-0.4256957173347473,-0.0673624724149704,-0.12322200834751129,-0.5798435211181641,-0.10201603919267654,-0.11185718327760696,-0.6833425760269165,-0.11940092593431473,-0.09497237205505371,-0.7821242809295654,-0.131052628159523,STOP
0.0,0.0,0.0,0.1236010268330574,-0.08751664310693741,-0.05108491703867912,0.194087952375412,-0.25997549295425415,-0.06637833267450333,0.21882157027721405,-0.4145505428314209,-0.07854213565587997,0.18651601672172546,-0.5135354995727539,-0.09084305912256241,0.1056123822927475,-0.5050836205482483,-0.03544151410460472,0.10295282304286957,-0.7003657817840576,-0.07359487563371658,0.09591274708509445,-0.8244785070419312,-0.10759232193231583,0.08739391714334488,-0.9338089227676392,-0.1328856348991394,0.026030762121081352,-0.5162509083747864,-0.03963806852698326,0.024885093793272972,-0.731008768081665,-0.07324563711881638,0.02517203986644745,-0.8724492788314819,-0.10508155822753906,0.026276979595422745,-0.9913285374641418,-0.12875255942344666,-0.04852157086133957,-0.4871581494808197,-0.051382407546043396,-0.051572803407907486,-0.6884577870368958,-0.08364179730415344,-0.043224774301052094,-0.8233994841575623,-0.10865111649036407,-0.032202836126089096,-0.941521406173706,-0.12691695988178253,-0.12276095896959305,-0.4254416227340698,-0.06909714639186859,-0.1251773238182068,-0.5813506841659546,-0.10092459619045258,-0.11452031880617142,-0.6853605508804321,-0.11634266376495361,-0.09802465885877609,-0.7839452028274536,-0.12663976848125458,STOP
0.0,0.0,0.0,0.12292193621397018,-0.08892687410116196,-0.05244091525673866,0.19171679019927979,-0.2574315071105957,-0.06867183744907379,0.2161397784948349,-0.4112917482852936,-0.081818588078022,0.18618465960025787,-0.5165430307388306,-0.09525728225708008,0.10475422441959381,-0.5021805763244629,-0.03636949509382248,0.1020737960934639,-0.6955858469009399,-0.07597022503614426,0.09463173151016235,-0.8189552426338196,-0.11125599592924118,0.08594192564487457,-0.9292805194854736,-0.1376253068447113,0.025835486128926277,-0.514044463634491,-0.04058881476521492,0.024357015267014503,-0.7279592752456665,-0.07611995190382004,0.02361355535686016,-0.8693584203720093,-0.10976272821426392,0.023839974775910378,-0.9905713796615601,-0.13490715622901917,-0.04857335984706879,-0.4850015938282013,-0.05261089280247688,-0.05252391844987869,-0.6854361295700073,-0.08737776428461075,-0.04542578384280205,-0.8206827044487,-0.11410454660654068,-0.0359598807990551,-0.9409893155097961,-0.13339592516422272,-0.12359440326690674,-0.42298656702041626,-0.07062644511461258,-0.12633752822875977,-0.5785782933235168,-0.10499518364667892,-0.11639533936977386,-0.6832404136657715,-0.12207897007465363,-0.10140779614448547,-0.7829530239105225,-0.13346470892429352,STOP
0.0,0.0,0.0,0.12368985265493393,-0.08354096859693527,-0.05513451248407364,0.19498930871486664,-0.25731655955314636,-0.07068642228841782,0.22035518288612366,-0.41725921630859375,-0.08238249272108078,0.18421036005020142,-0.519805371761322,-0.09419894963502884,0.10537667572498322,-0.5030969977378845,-0.03635304421186447,0.10385030508041382,-0.6963058710098267,-0.07495681196451187,0.09526275843381882,-0.8204467296600342,-0.10998259484767914,0.08509877324104309,-0.9302859902381897,-0.13647478818893433,0.02633083425462246,-0.5154461860656738,-0.03855029121041298,0.02711334638297558,-0.7284284830093384,-0.07315799593925476,0.02687886357307434,-0.8701930046081543,-0.10663652420043945,0.027135271579027176,-0.9909124374389648,-0.13174326717853546,-0.04775210842490196,-0.48636719584465027,-0.04879108443856239,-0.05008513852953911,-0.6858629584312439,-0.08293476700782776,-0.041847728192806244,-0.8191323280334473,-0.10960999876260757,-0.031790997833013535,-0.9372195601463318,-0.12905028462409973,-0.12197127938270569,-0.42446497082710266,-0.0653262659907341,-0.1231265589594841,-0.5778049230575562,-0.09948594123125076,-0.11205124109983444,-0.6806322336196899,-0.11675198376178741,-0.09575793892145157,-0.7790422439575195,-0.12844812870025635,STOP
0.0,0.0,0.0,0.12318243086338043,-0.0838429406285286,-0.05405161902308464,0.19327200949192047,-0.25705835223197937,-0.06905694305896759,0.2190522700548172,-0.4154150187969208,-0.08055293560028076,0.1824139505624771,-0.5173839926719666,-0.09208136796951294,0.10349877923727036,-0.503883421421051,-0.03417983651161194,0.1019197627902031,-0.6954252123832703,-0.07255394011735916,0.09335098415613174,-0.8192944526672363,-0.10771144181489944,0.08292519301176071,-0.92901211977005,-0.13443827629089355,0.02463999018073082,-0.5169525742530823,-0.03713022917509079,0.02475942298769951,-0.7285741567611694,-0.07176468521356583,0.024948179721832275,-0.870326817035675,-0.10537605732679367,0.02562124840915203,-0.9911068677902222,-0.13057799637317657,-0.04917065054178238,-0.4882265329360962,-0.048256341367959976,-0.052402980625629425,-0.6875523924827576,-0.08267299830913544,-0.043352533131837845,-0.8209749460220337,-0.10979609936475754,-0.03256763145327568,-0.9394496083259583,-0.12949691712856293,-0.12222397327423096,-0.4268798232078552,-0.06563115119934082,-0.12370304018259048,-0.5800167322158813,-0.10015043616294861,-0.1126544401049614,-0.6832137107849121,-0.11793258041143417,-0.09626513719558716,-0.7820634245872498,-0.1300096958875656,STOP
0.0,0.0,0.0,0.1232588067650795,-0.08401564508676529,-0.05503212660551071,0.19446322321891785,-0.2569273114204407,-0.07053692638874054,0.2206191122531891,-0.41619664430618286,-0.08241912722587585,0.18251892924308777,-0.514772355556488,-0.09410245716571808,0.10417558252811432,-0.5026863813400269,-0.03424188867211342,0.10367601364850998,-0.6949800848960876,-0.07241452485322952,0.09527076780796051,-0.8193854689598083,-0.10774505138397217,0.08461153507232666,-0.9295337200164795,-0.13461163640022278,0.024922331795096397,-0.5157561302185059,-0.036566779017448425,0.025835787877440453,-0.7275229096412659,-0.07071412354707718,0.025338616222143173,-0.8697052597999573,-0.10478639602661133,0.024814000353217125,-0.9911332726478577,-0.13053418695926666,-0.048739850521087646,-0.4880239963531494,-0.047030217945575714,-0.05014824867248535,-0.6845385432243347,-0.08042629808187485,-0.04059809073805809,-0.8172668814659119,-0.10790248960256577,-0.03007620945572853,-0.9341655373573303,-0.12799207866191864,-0.12148110568523407,-0.42823198437690735,-0.06392142921686172,-0.12251289933919907,-0.5805718302726746,-0.09723759442567825,-0.1123412698507309,-0.6836406588554382,-0.11483113467693329,-0.09743038564920425,-0.7816472053527832,-0.12689141929149628,STOP
0.0,0.0,0.0,0.12293065339326859,-0.08701866120100021,-0.05284518748521805,0.19188682734966278,-0.25690796971321106,-0.06804586201906204,0.2179458886384964,-0.41361376643180847,-0.08027612417936325,0.18617217242717743,-0.5194956660270691,-0.09247789531946182,0.10318798571825027,-0.5035136342048645,-0.03193368390202522,0.10222452878952026,-0.6945597529411316,-0.06991760432720184,0.09430962055921555,-0.8176925182342529,-0.10505826771259308,0.08460821956396103,-0.9274413585662842,-0.13171391189098358,0.023886840790510178,-0.5163905024528503,-0.03523479402065277,0.023134198039770126,-0.7285442352294922,-0.06936366856098175,0.022730685770511627,-0.8698853254318237,-0.10289560258388519,0.023286551237106323,-0.9914637207984924,-0.1282859593629837,-0.05014031007885933,-0.4882749021053314,-0.046677909791469574,-0.05311617627739906,-0.6863226294517517,-0.0803358405828476,-0.04396948218345642,-0.8196337819099426,-0.10696927458047867,-0.032958388328552246,-0.9383978247642517,-0.1264851689338684,-0.12358377128839493,-0.42761385440826416,-0.06435152143239975,-0.12517358362674713,-0.5797836780548096,-0.09782978892326355,-0.11444045603275299,-0.6830971837043762,-0.11494129151105881,-0.09864791482686996,-0.7822727560997009,-0.12665124237537384,STOP
0.0,0.0,0.0,0.1246885359287262,-0.08694202452898026,-0.05304815247654915,0.19488877058029175,-0.2600644826889038,-0.06778009235858917,0.21949025988578796,-0.4164004325866699,-0.07901135087013245,0.1818705052137375,-0.5103745460510254,-0.09008774906396866,0.10166587680578232,-0.5058230757713318,-0.03292344510555267,0.10054414719343185,-0.6983752846717834,-0.06975910812616348,0.09218837320804596,-0.8223955035209656,-0.10401614010334015,0.08239908516407013,-0.9318587779998779,-0.1302626132965088,0.02106555551290512,-0.5171862840652466,-0.035801857709884644,0.01987580955028534,-0.7289779782295227,-0.06864313781261444,0.019468585029244423,-0.8709808588027954,-0.1019287034869194,0.020055942237377167,-0.9916678667068481,-0.1272508203983307,-0.052819132804870605,-0.488057404756546,-0.04652612656354904,-0.054848045110702515,-0.6856496930122375,-0.07891642302274704,-0.044350918382406235,-0.8192735314369202,-0.10648311674594879,-0.03202977403998375,-0.9363690614700317,-0.12673094868659973,-0.124576635658741,-0.42697155475616455,-0.06342598795890808,-0.12668493390083313,-0.5799774527549744,-0.09606467932462692,-0.11593030393123627,-0.6829525232315063,-0.11368632316589355,-0.09950819611549377,-0.7806304097175598,-0.12578701972961426,STOP
0.0,0.0,0.0,0.12271391600370407,-0.08816428482532501,-0.050491563975811005,0.1906137615442276,-0.25926902890205383,-0.06411216408014297,0.21684576570987701,-0.4128260612487793,-0.07487688958644867,0.18606466054916382,-0.5140199065208435,-0.0853995829820633,0.10158862173557281,-0.5066646933555603,-0.029225917533040047,0.10118059813976288,-0.7000276446342468,-0.06586606800556183,0.09286476671695709,-0.8248089551925659,-0.10004314035177231,0.0828857272863388,-0.9349350929260254,-0.12607157230377197,0.022493740543723106,-0.5184592604637146,-0.033331625163555145,0.022084131836891174,-0.729684591293335,-0.06561657786369324,0.02146686241030693,-0.871144711971283,-0.09868296980857849,0.021534308791160583,-0.9920639991760254,-0.12387599796056747,-0.05071739852428436,-0.4903925359249115,-0.045313842594623566,-0.05235040560364723,-0.6868565678596497,-0.07714882493019104,-0.0424540713429451,-0.8199763894081116,-0.10389499366283417,-0.031191961839795113,-0.9377299547195435,-0.12372396141290665,-0.12225940078496933,-0.42988720536231995,-0.06335409730672836,-0.12494944781064987,-0.5813734531402588,-0.09567569941282272,-0.11493048071861267,-0.6838235855102539,-0.11240392923355103,-0.09954233467578888,-0.7811378240585327,-0.1237800121307373,STOP
0.0,0.0,0.0,0.12477598339319229,-0.08841107785701752,-0.05062562972307205,0.19476959109306335,-0.25964802503585815,-0.06439249217510223,0.21899060904979706,-0.4149564504623413,-0.07532880455255508,0.18384741246700287,-0.5157354474067688,-0.08606258034706116,0.1020626574754715,-0.5080990791320801,-0.028870180249214172,0.10226539522409439,-0.700931966304779,-0.06561607122421265,0.09469877183437347,-0.8249489665031433,-0.09988060593605042,0.08533356338739395,-0.9349598288536072,-0.1260259449481964,0.023313838988542557,-0.5202339887619019,-0.03314453363418579,0.022913923487067223,-0.7314754724502563,-0.06533042341470718,0.022160718217492104,-0.8716434836387634,-0.09826342761516571,0.021747000515460968,-0.9921020269393921,-0.12353376299142838,-0.04976696893572807,-0.49232375621795654,-0.04537704586982727,-0.05117318779230118,-0.6890537142753601,-0.07718311250209808,-0.04179428145289421,-0.8217338919639587,-0.1037679985165596,-0.03157174214720726,-0.9396082162857056,-0.12359078228473663,-0.12108487635850906,-0.4312676191329956,-0.06371564418077469,-0.124033123254776,-0.583393394947052,-0.09609505534172058,-0.11468730866909027,-0.6861887574195862,-0.11282890290021896,-0.10064402222633362,-0.7837830781936646,-0.12430190294981003,STOP
0.0,0.0,0.0,0.12251941859722137,-0.09004496037960052,-0.0504915751516819,0.19222763180732727,-0.2597924470901489,-0.06459173560142517,0.21554523706436157,-0.4147668480873108,-0.07624509930610657,0.18501457571983337,-0.5198171138763428,-0.0876084640622139,0.10283064097166061,-0.5086511373519897,-0.0262459609657526,0.1023440733551979,-0.6993879079818726,-0.063376784324646,0.09411443024873734,-0.8228940963745117,-0.09842035919427872,0.08392324298620224,-0.933092474937439,-0.12488678097724915,0.024614574387669563,-0.5206467509269714,-0.030464189127087593,0.02415725216269493,-0.7306857705116272,-0.06321755051612854,0.022290391847491264,-0.8712139129638672,-0.09632605314254761,0.020663142204284668,-0.9923956990242004,-0.12134182453155518,-0.04845593124628067,-0.4931859076023102,-0.04287917912006378,-0.0504901297390461,-0.6896058917045593,-0.07501857727766037,-0.04273334518074989,-0.8210468888282776,-0.10034389793872833,-0.0345020554959774,-0.937530517578125,-0.11885728687047958,-0.12101976573467255,-0.4330459535121918,-0.061494868248701096,-0.12266750633716583,-0.5842308402061462,-0.09342290461063385,-0.11377238482236862,-0.6863489747047424,-0.10891185700893402,-0.10108984261751175,-0.7837458848953247,-0.11921729892492294,STOP
0.0,0.0,0.0,0.1246432214975357,-0.08699748665094376,-0.05218389630317688,0.1988726258277893,-0.26041528582572937,-0.06533890962600708,0.22360441088676453,-0.41810524463653564,-0.07526548206806183,0.18243958055973053,-0.5150790214538574,-0.08473201096057892,0.10484910756349564,-0.5101072192192078,-0.026473332196474075,0.10600567609071732,-0.7036611437797546,-0.06176328659057617,0.09961391240358353,-0.8265866041183472,-0.0955948755145073,0.09095272421836853,-0.9350894093513489,-0.12124042958021164,0.026383351534605026,-0.522334098815918,-0.029477886855602264,0.025834497064352036,-0.7332416772842407,-0.05983322113752365,0.02473771758377552,-0.872792661190033,-0.09255228191614151,0.022488703951239586,-0.9927942156791687,-0.11770224571228027,-0.046510618180036545,-0.49606430530548096,-0.040667444467544556,-0.046443067491054535,-0.6896070241928101,-0.07055951654911041,-0.03654959425330162,-0.8203252553939819,-0.09634576737880707,-0.027197789400815964,-0.9362207055091858,-0.1155690923333168,-0.11868104338645935,-0.43750303983688354,-0.05827636271715164,-0.11970233172178268,-0.5906463861465454,-0.08863574266433716,-0.10883889347314835,-0.6928668022155762,-0.1038745567202568,-0.09371507912874222,-0.7896875143051147,-0.11427399516105652,STOP
0.0,0.0,0.0,0.1268371343612671,-0.08785561472177505,-0.05543456971645355,0.20266443490982056,-0.261768639087677,-0.07049394398927689,0.22227777540683746,-0.42402270436286926,-0.08159153163433075,0.17746548354625702,-0.5227536559104919,-0.09198108315467834,0.10482228547334671,-0.5093080997467041,-0.029394496232271194,0.10700225830078125,-0.7048227787017822,-0.06543269008398056,0.10143140703439713,-0.8278757333755493,-0.09946353733539581,0.09431435167789459,-0.9372198581695557,-0.12509454786777496,0.026528527960181236,-0.5215411186218262,-0.030834192410111427,0.026295974850654602,-0.7334280014038086,-0.06145307049155235,0.025659138336777687,-0.8725904822349548,-0.09413014352321625,0.024363482370972633,-0.9925729632377625,-0.11918673664331436,-0.045722585171461105,-0.49543580412864685,-0.04062560945749283,-0.045831505209207535,-0.6898741126060486,-0.07110342383384705,-0.035649918019771576,-0.8208335041999817,-0.09681416302919388,-0.025757087394595146,-0.9364330172538757,-0.11569041758775711,-0.11686630547046661,-0.4369616210460663,-0.05700264498591423,-0.1184360533952713,-0.5921708941459656,-0.08799996972084045,-0.1071811243891716,-0.6951548457145691,-0.10331624001264572,-0.09151629358530045,-0.7915720343589783,-0.1134539470076561,STOP
0.0,0.0,0.0,0.1262342631816864,-0.08609390258789062,-0.05713025853037834,0.19946251809597015,-0.25815898180007935,-0.07249103486537933,0.21553251147270203,-0.4148608148097992,-0.08369925618171692,0.1800004541873932,-0.5161083936691284,-0.0939030796289444,0.10236164927482605,-0.507286787033081,-0.03056764416396618,0.10355930775403976,-0.7012790441513062,-0.0673748180270195,0.0975261703133583,-0.8241510391235352,-0.10186318308115005,0.08957348018884659,-0.933768630027771,-0.12774737179279327,0.02369336225092411,-0.5201059579849243,-0.03137727081775665,0.022895731031894684,-0.7323611378669739,-0.06292187422513962,0.021929394453763962,-0.8718060255050659,-0.09604313969612122,0.02073819562792778,-0.9924094080924988,-0.12121639400720596,-0.04836249724030495,-0.4947819411754608,-0.040830645710229874,-0.04915785789489746,-0.6896736025810242,-0.0720907673239708,-0.03906210884451866,-0.8209905624389648,-0.09848731011152267,-0.02951967529952526,-0.9371677041053772,-0.1176433265209198,-0.11871258169412613,-0.4361710846424103,-0.05706420913338661,-0.11962776631116867,-0.5916513800621033,-0.08865832537412643,-0.10915426164865494,-0.694490373134613,-0.10447051376104355,-0.09484026581048965,-0.791226863861084,-0.11483980715274811,STOP
0.0,0.0,0.0,0.12077294290065765,-0.08960672467947006,-0.05305240675806999,0.1869865208864212,-0.25909164547920227,-0.0682721734046936,0.20568148791790009,-0.41337716579437256,-0.08086341619491577,0.17444293200969696,-0.5132802724838257,-0.09294604510068893,0.10025247931480408,-0.5078726410865784,-0.027489259839057922,0.09981406480073929,-0.6995326280593872,-0.06492257863283157,0.09272972494363785,-0.8221756815910339,-0.10042872279882431,0.08284304291009903,-0.9320636987686157,-0.12717120349407196,0.02215590327978134,-0.51961350440979,-0.030946264043450356,0.02100146748125553,-0.7307063937187195,-0.06410691142082214,0.018117228522896767,-0.8708693981170654,-0.0976172611117363,0.014844190329313278,-0.9923321008682251,-0.12270546704530716,-0.050454288721084595,-0.4932340681552887,-0.04286569729447365,-0.0528339222073555,-0.6893823742866516,-0.07499705255031586,-0.046269480139017105,-0.8221210837364197,-0.1006125882267952,-0.03996242955327034,-0.940040111541748,-0.11903242766857147,-0.122708261013031,-0.4339979290962219,-0.061299897730350494,-0.12406542897224426,-0.5875504612922668,-0.09270214289426804,-0.11601926386356354,-0.6896485090255737,-0.10769040137529373,-0.10461301356554031,-0.7863438725471497,-0.11752006411552429,STOP
0.0,0.0,0.0,0.12575171887874603,-0.081258624792099,-0.05893847346305847,0.19650106132030487,-0.2573107182979584,-0.07258772104978561,0.21061234176158905,-0.4130856990814209,-0.0814049020409584,0.19109249114990234,-0.5186324715614319,-0.08877052366733551,0.10755745321512222,-0.5065218210220337,-0.029979657381772995,0.11183349043130875,-0.6991283893585205,-0.0646439716219902,0.10453537851572037,-0.8216214776039124,-0.09720668941736221,0.092169389128685,-0.9303928017616272,-0.12169531732797623,0.029829969629645348,-0.5220144987106323,-0.028974127024412155,0.033803313970565796,-0.7372444868087769,-0.05895437300205231,0.0330234095454216,-0.8757408857345581,-0.09009885787963867,0.029382415115833282,-0.9931462407112122,-0.11312495172023773,-0.043319493532180786,-0.498116135597229,-0.03689519688487053,-0.04229235649108887,-0.6964221000671387,-0.0678357481956482,-0.03281962871551514,-0.8264394402503967,-0.09360457956790924,-0.026038309559226036,-0.9392940402030945,-0.11159522086381912,-0.11716019362211227,-0.44017887115478516,-0.0516984686255455,-0.11594672501087189,-0.5989834666252136,-0.0830172449350357,-0.10450784862041473,-0.7017788290977478,-0.09849584847688675,-0.08955594152212143,-0.7969459891319275,-0.10818128287792206,STOP
