f0,f1,f2,f3,f4,f5,f6,f7,f8,f9,f10,f11,f12,f13,f14,f15,f16,f17,f18,f19,f20,f21,f22,f23,f24,f25,f26,f27,f28,f29,f30,f31,f32,f33,f34,f35,f36,f37,f38,f39,f40,f41,f42,f43,f44,f45,f46,f47,f48,f49,f50,f51,f52,f53,f54,f55,f56,f57,f58,f59,f60,f61,f62,f63,f64,f65,f66,f67,f68,f69,f70,f71,f72,f73,f74,f75,f76,f77,f78,f79,f80,f81,f82,f83,f84,f85,f86,f87,f88,f89,f90,f91,f92,f93,f94,f95,f96,f97,f98,f99,f100,f101,f102,f103,f104,f105,f106,f107,f108,f109,f110,f111,f112,f113,f114,f115,f116,f117,f118,f119,f120,f121,f122,f123,f124,f125,label
0.0,0.0,0.0,0.15089653432369232,-0.0395040400326252,-0.058392882347106934,0.2787732183933258,-0.2317398488521576,-0.06829304248094559,0.36001044511795044,-0.3803499937057495,-0.07977060228586197,0.44527947902679443,-0.4401448369026184,-0.09015931934118271,0.22284914553165436,-0.4615635871887207,-0.04363808408379555,0.2747625410556793,-0.6816869378089905,-0.08290109038352966,0.2971402108669281,-0.8215116262435913,-0.09431933611631393,0.3162999749183655,-0.94350266456604,-0.09877753257751465,0.12923617660999298,-0.4805147647857666,-0.043206002563238144,0.12046198546886444,-0.5563400387763977,-0.15875430405139923,0.08579926192760468,-0.37799614667892456,-0.18725471198558807,0.0702727735042572,-0.24106520414352417,-0.1698637157678604,0.03701188042759895,-0.474682092666626,-0.04915777966380119,0.023342950269579887,-0.5349594354629517,-0.164833664894104,0.01874525099992752,-0.35381999611854553,-0.16645386815071106,0.027404265478253365,-0.2234518826007843,-0.12552471458911896,-0.05176017805933952,-0.46188241243362427,-0.05838960036635399,-0.043103255331516266,-0.6350881457328796,-0.12373031675815582,-0.03689737245440483,-0.7458954453468323,-0.1299719363451004,-0.02168360725045204,-0.861886739730835,-0.11451590061187744,0.0,0.0,0.0,0.0,0.0,0.0,0.0,0.0,0.0,0.0,0.0,0.0,0.0,0.0,0.0,0.0,0.0,0.0,0.0,0.0,0.0,0.0,0.0,0.0,0.0,0.0,0.0,0.0,0.0,0.0,0.0,0.0,0.0,0.0,0.0,0.0,0.0,0.0,0.0,0.0,0.0,0.0,0.0,0.0,0.0,0.0,0.0,0.0,0.0,0.0,0.0,0.0,0.0,0.0,0.0,0.0,0.0,0.0,0.0,0.0,0.0,0.0,0.0,WATER
0.0,0.0,0.0,0.15063443779945374,-0.041076384484767914,-0.05667464807629585,0.2778382897377014,-0.23422372341156006,-0.06630975008010864,0.3586273789405823,-0.38284486532211304,-0.07787073403596878,0.4439370334148407,-0.4411020874977112,-0.08840790390968323,0.22112999856472015,-0.46171683073043823,-0.04262711480259895,0.2732991874217987,-0.6819228529930115,-0.08157289773225784,0.29587769508361816,-0.8217660188674927,-0.09285766631364822,0.31532883644104004,-0.9439743161201477,-0.09736619144678116,0.12752914428710938,-0.4801962673664093,-0.04309463128447533,0.1218700110912323,-0.5578818321228027,-0.15800517797470093,0.08689375966787338,-0.38020527362823486,-0.18637433648109436,0.07014677673578262,-0.2427147626876831,-0.1691543608903885,0.03569786995649338,-0.4743581712245941,-0.049708496779203415,0.025463031604886055,-0.5356971025466919,-0.16476671397686005,0.020127685740590096,-0.35530006885528564,-0.1660098284482956,0.026999862864613533,-0.22473715245723724,-0.12512284517288208,-0.05268369987607002,-0.4615056812763214,-0.059454161673784256,-0.04323101416230202,-0.636299192905426,-0.12425054609775543,-0.036159612238407135,-0.7476894855499268,-0.13004982471466064,-0.02037101611495018,-0.8637292981147766,-0.11451881378889084,0.0,0.0,0.0,0.0,0.0,0.0,0.0,0.0,0.0,0.0,0.0,0.0,0.0,0.0,0.0,0.0,0.0,0.0,0.0,0.0,0.0,0.0,0.0,0.0,0.0,0.0,0.0,0.0,0.0,0.0,0.0,0.0,0.0,0.0,0.0,0.0,0.0,0.0,0.0,0.0,0.0,0.0,0.0,0.0,0.0,0.0,0.0,0.0,0.0,0.0,0.0,0.0,0.0,0.0,0.0,0.0,0.0,0.0,0.0,0.0,0.0,0.0,0.0,WATER
0.0,0.0,0.0,0.15138664841651917,-0.04198424518108368,-0.055442679673433304,0.2778751850128174,-0.23466373980045319,-0.06469833105802536,0.35824352502822876,-0.3826618492603302,-0.07627055794000626,0.4429727792739868,-0.4408758580684662,-0.0869164690375328,0.22229692339897156,-0.4612496495246887,-0.04108663648366928,0.27383142709732056,-0.6816686987876892,-0.08044300973415375,0.2964377701282501,-0.8216814398765564,-0.09200406819581985,0.3155862092971802,-0.9439805150032043,-0.09646832942962646,0.1286388337612152,-0.4798237681388855,-0.0421886183321476,0.12176887691020966,-0.5568998456001282,-0.15809613466262817,0.0872010588645935,-0.3776586353778839,-0.1870071291923523,0.07067219913005829,-0.23934173583984375,-0.1697450876235962,0.03635699301958084,-0.4744277596473694,-0.04932446777820587,0.024601884186267853,-0.5364874601364136,-0.1647711992263794,0.01958327926695347,-0.3557495176792145,-0.16607792675495148,0.026840878650546074,-0.22501620650291443,-0.12490078061819077,-0.052595775574445724,-0.4618498682975769,-0.05950923636555672,-0.043664198368787766,-0.6367301940917969,-0.12401611357927322,-0.03658808767795563,-0.7478189468383789,-0.1293717324733734,-0.021053647622466087,-0.8631123900413513,-0.11332380026578903,0.0,0.0,0.0,0.0,0.0,0.0,0.0,0.0,0.0,0.0,0.0,0.0,0.0,0.0,0.0,0.0,0.0,0.0,0.0,0.0,0.0,0.0,0.0,0.0,0.0,0.0,0.0,0.0,0.0,0.0,0.0,0.0,0.0,0.0,0.0,0.0,0.0,0.0,0.0,0.0,0.0,0.0,0.0,0.0,0.0,0.0,0.0,0.0,0.0,0.0,0.0,0.0,0.0,0.0,0.0,0.0,0.0,0.0,0.0,0.0,0.0,0.0,0.0,WATER
0.0,0.0,0.0,0.15086765587329865,-0.042754121124744415,-0.05770299583673477,0.2765451669692993,-0.2331373244524002,-0.06846684962511063,0.35558611154556274,-0.38117918372154236,-0.08083126693964005,0.4421508312225342,-0.4406341016292572,-0.09201294928789139,0.22008250653743744,-0.46225079894065857,-0.04333298280835152,0.271724134683609,-0.6831785440444946,-0.08327950537204742,0.29266899824142456,-0.8231909871101379,-0.09534480422735214,0.3113350570201874,-0.9449890851974487,-0.10032998025417328,0.12539033591747284,-0.4783121347427368,-0.043671708554029465,0.12039905041456223,-0.5566574335098267,-0.15930208563804626,0.08602055162191391,-0.380649596452713,-0.18783718347549438,0.07065019011497498,-0.2440313994884491,-0.1707129329442978,0.03300919011235237,-0.4699602425098419,-0.050422344356775284,0.023860597983002663,-0.5304113626480103,-0.16675427556037903,0.0193588025867939,-0.34853121638298035,-0.16749663650989532,0.027802282944321632,-0.21717573702335358,-0.12600167095661163,-0.05539020523428917,-0.45473650097846985,-0.06037740409374237,-0.04601961374282837,-0.6283726096153259,-0.12659704685211182,-0.03804889693856239,-0.7398447394371033,-0.13250017166137695,-0.020454183220863342,-0.8575260043144226,-0.11686071008443832,0.0,0.0,0.0,0.0,0.0,0.0,0.0,0.0,0.0,0.0,0.0,0.0,0.0,0.0,0.0,0.0,0.0,0.0,0.0,0.0,0.0,0.0,0.0,0.0,0.0,0.0,0.0,0.0,0.0,0.0,0.0,0.0,0.0,0.0,0.0,0.0,0.0,0.0,0.0,0.0,0.0,0.0,0.0,0.0,0.0,0.0,0.0,0.0,0.0,0.0,0.0,0.0,0.0,0.0,0.0,0.0,0.0,0.0,0.0,0.0,0.0,0.0,0.0,WATER
0.0,0.0,0.0,0.1507587879896164,-0.04356472194194794,-0.058186426758766174,0.2763242721557617,-0.23302461206912994,-0.06947138905525208,0.35606780648231506,-0.3806394040584564,-0.08232871443033218,0.44146937131881714,-0.4418945908546448,-0.094183549284935,0.22060343623161316,-0.4621151387691498,-0.04378008469939232,0.271064430475235,-0.6829010248184204,-0.08415622264146805,0.2926727533340454,-0.8227809071540833,-0.09687044471502304,0.3112642765045166,-0.944811999797821,-0.10220018774271011,0.12687674164772034,-0.4778216779232025,-0.04395436495542526,0.12000075727701187,-0.5556409955024719,-0.1599891632795334,0.08543310314416885,-0.37784507870674133,-0.1890697479248047,0.06935619562864304,-0.24094311892986298,-0.17229142785072327,0.03459874913096428,-0.4692510664463043,-0.05051285773515701,0.022957930341362953,-0.5308870077133179,-0.16683128476142883,0.018836405128240585,-0.34986191987991333,-0.16790561378002167,0.02754175290465355,-0.21974804997444153,-0.12662836909294128,-0.05438876897096634,-0.45405805110931396,-0.06034054234623909,-0.045932650566101074,-0.6283902525901794,-0.12622714042663574,-0.038711436092853546,-0.7400127649307251,-0.13196566700935364,-0.022033918648958206,-0.8578639030456543,-0.1161627545952797,0.0,0.0,0.0,0.0,0.0,0.0,0.0,0.0,0.0,0.0,0.0,0.0,0.0,0.0,0.0,0.0,0.0,0.0,0.0,0.0,0.0,0.0,0.0,0.0,0.0,0.0,0.0,0.0,0.0,0.0,0.0,0.0,0.0,0.0,0.0,0.0,0.0,0.0,0.0,0.0,0.0,0.0,0.0,0.0,0.0,0.0,0.0,0.0,0.0,0.0,0.0,0.0,0.0,0.0,0.0,0.0,0.0,0.0,0.0,0.0,0.0,0.0,0.0,WATER
0.0,0.0,0.0,0.1517147570848465,-0.044412851333618164,-0.05633984133601189,0.27729350328445435,-0.2355223000049591,-0.06668204814195633,0.3566226661205292,-0.38330402970314026,-0.0790926069021225,0.4423866271972656,-0.4414903223514557,-0.09054726362228394,0.22072280943393707,-0.4614906907081604,-0.041668158024549484,0.27190476655960083,-0.6822289228439331,-0.08159248530864716,0.29333946108818054,-0.8225477337837219,-0.0938587486743927,0.31208086013793945,-0.9448898434638977,-0.09893833100795746,0.126974418759346,-0.47747504711151123,-0.042712002992630005,0.12073607742786407,-0.5555785894393921,-0.1591515690088272,0.0865771621465683,-0.3775862455368042,-0.18837076425552368,0.07074481248855591,-0.2397100031375885,-0.17144905030727386,0.03475889191031456,-0.4696652293205261,-0.04998448118567467,0.023662976920604706,-0.5308679342269897,-0.16626623272895813,0.019634509459137917,-0.3501283824443817,-0.16749250888824463,0.02796475775539875,-0.21994353830814362,-0.12627790868282318,-0.05436667427420616,-0.455212265253067,-0.06039463356137276,-0.046257466077804565,-0.6288784742355347,-0.12567198276519775,-0.03870389983057976,-0.7400566935539246,-0.13120558857917786,-0.022064892575144768,-0.8573108315467834,-0.11539774388074875,0.0,0.0,0.0,0.0,0.0,0.0,0.0,0.0,0.0,0.0,0.0,0.0,0.0,0.0,0.0,0.0,0.0,0.0,0.0,0.0,0.0,0.0,0.0,0.0,0.0,0.0,0.0,0.0,0.0,0.0,0.0,0.0,0.0,0.0,0.0,0.0,0.0,0.0,0.0,0.0,0.0,0.0,0.0,0.0,0.0,0.0,0.0,0.0,0.0,0.0,0.0,0.0,0.0,0.0,0.0,0.0,0.0,0.0,0.0,0.0,0.0,0.0,0.0,WATER
0.0,0.0,0.0,0.15160289406776428,-0.04438602179288864,-0.056973036378622055,0.277179092168808,-0.23712262511253357,-0.06700023263692856,0.35654789209365845,-0.38522231578826904,-0.07883643358945847,0.44232067465782166,-0.44183722138404846,-0.0897456482052803,0.21999333798885345,-0.4599820375442505,-0.042151760309934616,0.27122852206230164,-0.6818711161613464,-0.08190341293811798,0.2930354177951813,-0.8223350644111633,-0.09442134946584702,0.31188806891441345,-0.9448572993278503,-0.09985265135765076,0.12660644948482513,-0.4759233295917511,-0.042540293186903,0.11951150000095367,-0.5547273755073547,-0.15829694271087646,0.08577495813369751,-0.3777487576007843,-0.1873755156993866,0.07069723308086395,-0.2410646229982376,-0.17076347768306732,0.03440174460411072,-0.4683365821838379,-0.04923718795180321,0.02250594086945057,-0.5304919481277466,-0.16452136635780334,0.0186562892049551,-0.351245641708374,-0.1656368374824524,0.027373669669032097,-0.22142714262008667,-0.12477468699216843,-0.05499030649662018,-0.45455455780029297,-0.059221744537353516,-0.04616638645529747,-0.6285207867622375,-0.12427940219640732,-0.038917940109968185,-0.741291880607605,-0.13014891743659973,-0.022977592423558235,-0.8596747517585754,-0.11479722708463669,0.0,0.0,0.0,0.0,0.0,0.0,0.0,0.0,0.0,0.0,0.0,0.0,0.0,0.0,0.0,0.0,0.0,0.0,0.0,0.0,0.0,0.0,0.0,0.0,0.0,0.0,0.0,0.0,0.0,0.0,0.0,0.0,0.0,0.0,0.0,0.0,0.0,0.0,0.0,0.0,0.0,0.0,0.0,0.0,0.0,0.0,0.0,0.0,0.0,0.0,0.0,0.0,0.0,0.0,0.0,0.0,0.0,0.0,0.0,0.0,0.0,0.0,0.0,WATER
0.0,0.0,0.0,0.15182441473007202,-0.04255687817931175,-0.05817075073719025,0.27770015597343445,-0.23367011547088623,-0.0685756653547287,0.3567112684249878,-0.38240694999694824,-0.08049839735031128,0.44165438413619995,-0.4416511058807373,-0.09137429296970367,0.2207183539867401,-0.4614647626876831,-0.04296690598130226,0.27173811197280884,-0.6824148297309875,-0.08303208649158478,0.2935451865196228,-0.8226824998855591,-0.09558791667222977,0.31219246983528137,-0.9446342587471008,-0.10100492089986801,0.1267760992050171,-0.4767961800098419,-0.042890772223472595,0.11948028951883316,-0.5549218058586121,-0.1598636507987976,0.08644475042819977,-0.3770117163658142,-0.18930137157440186,0.0715591162443161,-0.23936867713928223,-0.17250597476959229,0.03433804214000702,-0.46833404898643494,-0.04926006495952606,0.021395239979028702,-0.5300607681274414,-0.1660098433494568,0.01838604360818863,-0.3498843312263489,-0.167685404419899,0.027896398678421974,-0.21962808072566986,-0.12678802013397217,-0.055102769285440445,-0.4535360634326935,-0.058906469494104385,-0.04691976308822632,-0.6263351440429688,-0.12550345063209534,-0.039675720036029816,-0.7383721470832825,-0.13235579431056976,-0.023579971864819527,-0.8570020198822021,-0.1174248605966568,0.0,0.0,0.0,0.0,0.0,0.0,0.0,0.0,0.0,0.0,0.0,0.0,0.0,0.0,0.0,0.0,0.0,0.0,0.0,0.0,0.0,0.0,0.0,0.0,0.0,0.0,0.0,0.0,0.0,0.0,0.0,0.0,0.0,0.0,0.0,0.0,0.0,0.0,0.0,0.0,0.0,0.0,0.0,0.0,0.0,0.0,0.0,0.0,0.0,0.0,0.0,0.0,0.0,0.0,0.0,0.0,0.0,0.0,0.0,0.0,0.0,0.0,0.0,WATER
0.0,0.0,0.0,0.15240098536014557,-0.04292447492480278,-0.05695498734712601,0.2782543897628784,-0.23354175686836243,-0.06707090884447098,0.3571915030479431,-0.38155505061149597,-0.07917028665542603,0.4427098333835602,-0.4420453608036041,-0.09030678123235703,0.22129546105861664,-0.4617973864078522,-0.04106280952692032,0.2721062898635864,-0.6823705434799194,-0.08082859218120575,0.29363831877708435,-0.8229817152023315,-0.09311851859092712,0.3123324513435364,-0.9448986649513245,-0.09805568307638168,0.1273350864648819,-0.4771798253059387,-0.041670624166727066,0.12037316709756851,-0.5540540814399719,-0.15834829211235046,0.08690720051527023,-0.37743255496025085,-0.1880326271057129,0.07182017713785172,-0.2401188760995865,-0.17125806212425232,0.0346723347902298,-0.46899357438087463,-0.04865477234125137,0.022994639351963997,-0.527532160282135,-0.16563116014003754,0.01894289255142212,-0.3470439314842224,-0.16773906350135803,0.027286194264888763,-0.2167666256427765,-0.1267813742160797,-0.05497251823544502,-0.4545344114303589,-0.058739278465509415,-0.04633701220154762,-0.6276060342788696,-0.12472517788410187,-0.039168450981378555,-0.7398337721824646,-0.13081826269626617,-0.023615384474396706,-0.8578488826751709,-0.11515863239765167,0.0,0.0,0.0,0.0,0.0,0.0,0.0,0.0,0.0,0.0,0.0,0.0,0.0,0.0,0.0,0.0,0.0,0.0,0.0,0.0,0.0,0.0,0.0,0.0,0.0,0.0,0.0,0.0,0.0,0.0,0.0,0.0,0.0,0.0,0.0,0.0,0.0,0.0,0.0,0.0,0.0,0.0,0.0,0.0,0.0,0.0,0.0,0.0,0.0,0.0,0.0,0.0,0.0,0.0,0.0,0.0,0.0,0.0,0.0,0.0,0.0,0.0,0.0,WATER
0.0,0.0,0.0,0.15127983689308167,-0.043541256338357925,-0.05422016605734825,0.2769947350025177,-0.23700110614299774,-0.062259625643491745,0.3552238643169403,-0.38655272126197815,-0.07255679368972778,0.44181644916534424,-0.44434550404548645,-0.08204923570156097,0.22035378217697144,-0.46466803550720215,-0.03832397237420082,0.27080386877059937,-0.68458491563797,-0.07659607380628586,0.2914315164089203,-0.8248594403266907,-0.0875936970114708,0.30983296036720276,-0.946355938911438,-0.09172746539115906,0.125996932387352,-0.4794147312641144,-0.03975057229399681,0.11843200773000717,-0.5572144389152527,-0.15523643791675568,0.08524979650974274,-0.3788626194000244,-0.18415741622447968,0.07082591205835342,-0.24047216773033142,-0.16671620309352875,0.033697906881570816,-0.4706227481365204,-0.04722948744893074,0.020732998847961426,-0.5306430459022522,-0.16330517828464508,0.01768641173839569,-0.3482784628868103,-0.16484829783439636,0.027109069749712944,-0.2165226936340332,-0.12350725382566452,-0.05571505427360535,-0.4554092288017273,-0.05753070116043091,-0.048073627054691315,-0.6296762824058533,-0.12302711606025696,-0.04116211459040642,-0.7418437600135803,-0.12881726026535034,-0.025368954986333847,-0.8603209853172302,-0.11294940859079361,0.0,0.0,0.0,0.0,0.0,0.0,0.0,0.0,0.0,0.0,0.0,0.0,0.0,0.0,0.0,0.0,0.0,0.0,0.0,0.0,0.0,0.0,0.0,0.0,0.0,0.0,0.0,0.0,0.0,0.0,0.0,0.0,0.0,0.0,0.0,0.0,0.0,0.0,0.0,0.0,0.0,0.0,0.0,0.0,0.0,0.0,0.0,0.0,0.0,0.0,0.0,0.0,0.0,0.0,0.0,0.0,0.0,0.0,0.0,0.0,0.0,0.0,0.0,WATER
0.0,0.0,0.0,0.15156403183937073,-0.043389201164245605,-0.05511940270662308,0.2777787446975708,-0.23602472245693207,-0.06371274590492249,0.35665467381477356,-0.38487643003463745,-0.0743316188454628,0.4418256878852844,-0.44199609756469727,-0.0841875970363617,0.22001101076602936,-0.46323731541633606,-0.040114689618349075,0.2702520191669464,-0.6838167905807495,-0.07858772575855255,0.29138728976249695,-0.8242090344429016,-0.08994317054748535,0.3097485899925232,-0.9461198449134827,-0.09440944343805313,0.12588438391685486,-0.47796687483787537,-0.04129795357584953,0.11829853057861328,-0.5565974116325378,-0.15665565431118011,0.08502931892871857,-0.3782050907611847,-0.18560095131397247,0.07010328024625778,-0.24021542072296143,-0.16837884485721588,0.03355574235320091,-0.46942904591560364,-0.0485040657222271,0.02027573436498642,-0.5294398665428162,-0.16395075619220734,0.017584295943379402,-0.3482719659805298,-0.165516197681427,0.02703496627509594,-0.21830901503562927,-0.12454410642385483,-0.05601299926638603,-0.4546966552734375,-0.058664966374635696,-0.048817552626132965,-0.6288531422615051,-0.12340296059846878,-0.0418647900223732,-0.7402770519256592,-0.12883666157722473,-0.026058603078126907,-0.8581037521362305,-0.11298073083162308,0.0,0.0,0.0,0.0,0.0,0.0,0.0,0.0,0.0,0.0,0.0,0.0,0.0,0.0,0.0,0.0,0.0,0.0,0.0,0.0,0.0,0.0,0.0,0.0,0.0,0.0,0.0,0.0,0.0,0.0,0.0,0.0,0.0,0.0,0.0,0.0,0.0,0.0,0.0,0.0,0.0,0.0,0.0,0.0,0.0,0.0,0.0,0.0,0.0,0.0,0.0,0.0,0.0,0.0,0.0,0.0,0.0,0.0,0.0,0.0,0.0,0.0,0.0,WATER
0.0,0.0,0.0,0.15086615085601807,-0.043125007301568985,-0.05422290414571762,0.2770819365978241,-0.23754920065402985,-0.06216499209403992,0.35695192217826843,-0.38733774423599243,-0.0721702054142952,0.44331875443458557,-0.443184494972229,-0.0814269408583641,0.2203701138496399,-0.4634181559085846,-0.03920019418001175,0.27065834403038025,-0.6840619444847107,-0.07736723870038986,0.2914774417877197,-0.8244047164916992,-0.08834167569875717,0.3097255229949951,-0.9462991952896118,-0.09267078340053558,0.12630943953990936,-0.47819820046424866,-0.0407104566693306,0.1184997409582138,-0.5591542720794678,-0.15610291063785553,0.08549827337265015,-0.3796490728855133,-0.1845649778842926,0.0713479071855545,-0.24099121987819672,-0.16685134172439575,0.03426675125956535,-0.46941089630126953,-0.0482109896838665,0.020982075482606888,-0.5311135053634644,-0.16359882056713104,0.018491510301828384,-0.34951964020729065,-0.16462770104408264,0.028331568464636803,-0.21913772821426392,-0.12327060848474503,-0.05488269776105881,-0.45427829027175903,-0.05860475078225136,-0.04754761606454849,-0.62847900390625,-0.12367381155490875,-0.04037622734904289,-0.7400510311126709,-0.1293267011642456,-0.024160856381058693,-0.858330249786377,-0.11362093687057495,0.0,0.0,0.0,0.0,0.0,0.0,0.0,0.0,0.0,0.0,0.0,0.0,0.0,0.0,0.0,0.0,0.0,0.0,0.0,0.0,0.0,0.0,0.0,0.0,0.0,0.0,0.0,0.0,0.0,0.0,0.0,0.0,0.0,0.0,0.0,0.0,0.0,0.0,0.0,0.0,0.0,0.0,0.0,0.0,0.0,0.0,0.0,0.0,0.0,0.0,0.0,0.0,0.0,0.0,0.0,0.0,0.0,0.0,0.0,0.0,0.0,0.0,0.0,WATER
0.0,0.0,0.0,0.15086422860622406,-0.04345043748617172,-0.053836263716220856,0.276766836643219,-0.23954938352108002,-0.06137508153915405,0.3567507266998291,-0.3885355293750763,-0.07134606689214706,0.443620502948761,-0.4409887194633484,-0.08061616122722626,0.2208813726902008,-0.46460726857185364,-0.03826399892568588,0.27108636498451233,-0.6847602725028992,-0.0762375220656395,0.29205214977264404,-0.8250967264175415,-0.08683674037456512,0.31032243371009827,-0.9463102221488953,-0.09053678065538406,0.12660793960094452,-0.47994205355644226,-0.039938490837812424,0.11845957487821579,-0.5572980642318726,-0.1559561789035797,0.08486343175172806,-0.377634197473526,-0.1848963052034378,0.0698382705450058,-0.23813027143478394,-0.16690991818904877,0.03420305624604225,-0.47207754850387573,-0.04751124233007431,0.019716322422027588,-0.5313342213630676,-0.16306790709495544,0.016989383846521378,-0.35030218958854675,-0.16496533155441284,0.026594296097755432,-0.21962955594062805,-0.12372902035713196,-0.055280569940805435,-0.4580254554748535,-0.057888954877853394,-0.048012539744377136,-0.6322371363639832,-0.1217537522315979,-0.04096125811338425,-0.7432188987731934,-0.1266661137342453,-0.025095956400036812,-0.8597551584243774,-0.11023779213428497,0.0,0.0,0.0,0.0,0.0,0.0,0.0,0.0,0.0,0.0,0.0,0.0,0.0,0.0,0.0,0.0,0.0,0.0,0.0,0.0,0.0,0.0,0.0,0.0,0.0,0.0,0.0,0.0,0.0,0.0,0.0,0.0,0.0,0.0,0.0,0.0,0.0,0.0,0.0,0.0,0.0,0.0,0.0,0.0,0.0,0.0,0.0,0.0,0.0,0.0,0.0,0.0,0.0,0.0,0.0,0.0,0.0,0.0,0.0,0.0,0.0,0.0,0.0,WATER
0.0,0.0,0.0,0.1508423089981079,-0.04447627440094948,-0.054122865200042725,0.2764894962310791,-0.2386048138141632,-0.06259362399578094,0.3564767837524414,-0.3865481913089752,-0.07345055788755417,0.44411373138427734,-0.440830260515213,-0.08354514092206955,0.2212945967912674,-0.46573755145072937,-0.039213888347148895,0.27082380652427673,-0.6851117014884949,-0.07814839482307434,0.2918492257595062,-0.8249066472053528,-0.08933256566524506,0.3106914162635803,-0.9459084272384644,-0.093423992395401,0.12671764194965363,-0.48113852739334106,-0.04120541736483574,0.11910398304462433,-0.55699622631073,-0.1579113006591797,0.08494672179222107,-0.3772733211517334,-0.18689420819282532,0.06947579234838486,-0.2385561615228653,-0.16895611584186554,0.03398754820227623,-0.47259318828582764,-0.04922056198120117,0.020325029268860817,-0.5309883952140808,-0.16576027870178223,0.01713470183312893,-0.3485269844532013,-0.16726097464561462,0.026648277416825294,-0.21764320135116577,-0.1256011426448822,-0.05561437830328941,-0.4575319290161133,-0.06005585193634033,-0.04811103269457817,-0.6312586069107056,-0.12501667439937592,-0.040724750608205795,-0.7416853904724121,-0.13010668754577637,-0.024023916572332382,-0.8587566614151001,-0.11364337801933289,0.0,0.0,0.0,0.0,0.0,0.0,0.0,0.0,0.0,0.0,0.0,0.0,0.0,0.0,0.0,0.0,0.0,0.0,0.0,0.0,0.0,0.0,0.0,0.0,0.0,0.0,0.0,0.0,0.0,0.0,0.0,0.0,0.0,0.0,0.0,0.0,0.0,0.0,0.0,0.0,0.0,0.0,0.0,0.0,0.0,0.0,0.0,0.0,0.0,0.0,0.0,0.0,0.0,0.0,0.0,0.0,0.0,0.0,0.0,0.0,0.0,0.0,0.0,WATER
0.0,0.0,0.0,0.14986038208007812,-0.04360644519329071,-0.051554124802351,0.2755407989025116,-0.2375488132238388,-0.05912564694881439,0.35650503635406494,-0.38551807403564453,-0.06926269084215164,0.4417780935764313,-0.44200074672698975,-0.07871303707361221,0.21987871825695038,-0.46213144063949585,-0.04001064971089363,0.27063578367233276,-0.6843314170837402,-0.07839619368314743,0.2919884920120239,-0.8241879343986511,-0.088939368724823,0.309548020362854,-0.9463446140289307,-0.0927998274564743,0.12618374824523926,-0.4790703356266022,-0.04251430556178093,0.11688122153282166,-0.5558837056159973,-0.1587062031030655,0.08422563970088959,-0.3725868761539459,-0.18687567114830017,0.06853879243135452,-0.2330159842967987,-0.1688450276851654,0.03425155580043793,-0.47222819924354553,-0.050496168434619904,0.018121199682354927,-0.5354598760604858,-0.16521824896335602,0.01756599172949791,-0.35279950499534607,-0.16546760499477386,0.028268873691558838,-0.2210301011800766,-0.12390489876270294,-0.05512027442455292,-0.45784085988998413,-0.06114774942398071,-0.04888016730546951,-0.6310955286026001,-0.12527404725551605,-0.04143861308693886,-0.7407664656639099,-0.13031809031963348,-0.025180554017424583,-0.8567015528678894,-0.11429812759160995,0.0,0.0,0.0,0.0,0.0,0.0,0.0,0.0,0.0,0.0,0.0,0.0,0.0,0.0,0.0,0.0,0.0,0.0,0.0,0.0,0.0,0.0,0.0,0.0,0.0,0.0,0.0,0.0,0.0,0.0,0.0,0.0,0.0,0.0,0.0,0.0,0.0,0.0,0.0,0.0,0.0,0.0,0.0,0.0,0.0,0.0,0.0,0.0,0.0,0.0,0.0,0.0,0.0,0.0,0.0,0.0,0.0,0.0,0.0,0.0,0.0,0.0,0.0,WATER
0.0,0.0,0.0,0.14958041906356812,-0.04193934053182602,-0.052876148372888565,0.2768101990222931,-0.232819601893425,-0.06109858676791191,0.35773229598999023,-0.38173675537109375,-0.07184772938489914,0.44338011741638184,-0.43956395983695984,-0.08178270608186722,0.2202821522951126,-0.46399879455566406,-0.03806889429688454,0.27098625898361206,-0.6855610013008118,-0.076186902821064,0.29152053594589233,-0.8256766200065613,-0.0862499326467514,0.3089856207370758,-0.9468697309494019,-0.0892498642206192,0.12639228999614716,-0.48087069392204285,-0.040358033031225204,0.1182606890797615,-0.5573363304138184,-0.15724843740463257,0.08387395739555359,-0.375166118144989,-0.18636547029018402,0.0663904920220375,-0.23541970551013947,-0.16803358495235443,0.03486205264925957,-0.4744583070278168,-0.04831460863351822,0.018111079931259155,-0.5352054238319397,-0.1644175946712494,0.016518423333764076,-0.3522641360759735,-0.16616950929164886,0.026582567021250725,-0.22098776698112488,-0.1245022639632225,-0.053874071687459946,-0.4605923891067505,-0.058842629194259644,-0.048450082540512085,-0.6339357495307922,-0.12226628512144089,-0.04222264140844345,-0.742680013179779,-0.12634143233299255,-0.02766592986881733,-0.8571426272392273,-0.10906148701906204,0.0,0.0,0.0,0.0,0.0,0.0,0.0,0.0,0.0,0.0,0.0,0.0,0.0,0.0,0.0,0.0,0.0,0.0,0.0,0.0,0.0,0.0,0.0,0.0,0.0,0.0,0.0,0.0,0.0,0.0,0.0,0.0,0.0,0.0,0.0,0.0,0.0,0.0,0.0,0.0,0.0,0.0,0.0,0.0,0.0,0.0,0.0,0.0,0.0,0.0,0.0,0.0,0.0,0.0,0.0,0.0,0.0,0.0,0.0,0.0,0.0,0.0,0.0,WATER
0.0,0.0,0.0,0.1495390683412552,-0.044544804841279984,-0.05179346352815628,0.2757377624511719,-0.2315426915884018,-0.0606042742729187,0.3560406565666199,-0.37937799096107483,-0.07217081636190414,0.4404917359352112,-0.4395991861820221,-0.08281178772449493,0.218620166182518,-0.46417680382728577,-0.03861583024263382,0.2694256007671356,-0.6865410208702087,-0.07711208611726761,0.2895713746547699,-0.8259102702140808,-0.08752035349607468,0.30604088306427,-0.9476739168167114,-0.09084649384021759,0.12492720782756805,-0.48229333758354187,-0.04145388305187225,0.11239208281040192,-0.5559669137001038,-0.15689292550086975,0.08037591725587845,-0.37433573603630066,-0.1851123571395874,0.06503898650407791,-0.23708520829677582,-0.1672057956457138,0.03349084034562111,-0.47578784823417664,-0.04988779500126839,0.013519445434212685,-0.5387305021286011,-0.16411815583705902,0.014629934914410114,-0.35551244020462036,-0.1643579751253128,0.027144616469740868,-0.22415481507778168,-0.12278333306312561,-0.054932933300733566,-0.4600399136543274,-0.06105119735002518,-0.050034601241350174,-0.6322701573371887,-0.12387620657682419,-0.0444316603243351,-0.7407748699188232,-0.12756486237049103,-0.030666409060359,-0.855656087398529,-0.11037910729646683,0.0,0.0,0.0,0.0,0.0,0.0,0.0,0.0,0.0,0.0,0.0,0.0,0.0,0.0,0.0,0.0,0.0,0.0,0.0,0.0,0.0,0.0,0.0,0.0,0.0,0.0,0.0,0.0,0.0,0.0,0.0,0.0,0.0,0.0,0.0,0.0,0.0,0.0,0.0,0.0,0.0,0.0,0.0,0.0,0.0,0.0,0.0,0.0,0.0,0.0,0.0,0.0,0.0,0.0,0.0,0.0,0.0,0.0,0.0,0.0,0.0,0.0,0.0,WATER
0.0,0.0,0.0,0.15068095922470093,-0.042828626930713654,-0.05178532004356384,0.27740782499313354,-0.23121057450771332,-0.05985502898693085,0.3571993410587311,-0.37932705879211426,-0.07076156884431839,0.44141829013824463,-0.4381842017173767,-0.08079054206609726,0.21978828310966492,-0.4639267325401306,-0.03763628751039505,0.2704768776893616,-0.6862179636955261,-0.07563743740320206,0.29082605242729187,-0.8260765671730042,-0.08580975979566574,0.30756643414497375,-0.9473551511764526,-0.08900036662817001,0.125985786318779,-0.4811890423297882,-0.04049262776970863,0.11399080604314804,-0.5584467053413391,-0.15539990365505219,0.08090588450431824,-0.3786410987377167,-0.18384738266468048,0.06529009342193604,-0.24068127572536469,-0.1661389321088791,0.03434406965970993,-0.4746870994567871,-0.04894069582223892,0.015434975735843182,-0.5371595025062561,-0.16267593204975128,0.015343917533755302,-0.3564799427986145,-0.16344217956066132,0.02667585201561451,-0.2263936847448349,-0.12235360592603683,-0.05428767949342728,-0.45992976427078247,-0.060102224349975586,-0.04956251010298729,-0.6329767107963562,-0.1221306174993515,-0.0444384440779686,-0.7422506213188171,-0.12557727098464966,-0.031335990875959396,-0.8569868206977844,-0.10841336101293564,0.0,0.0,0.0,0.0,0.0,0.0,0.0,0.0,0.0,0.0,0.0,0.0,0.0,0.0,0.0,0.0,0.0,0.0,0.0,0.0,0.0,0.0,0.0,0.0,0.0,0.0,0.0,0.0,0.0,0.0,0.0,0.0,0.0,0.0,0.0,0.0,0.0,0.0,0.0,0.0,0.0,0.0,0.0,0.0,0.0,0.0,0.0,0.0,0.0,0.0,0.0,0.0,0.0,0.0,0.0,0.0,0.0,0.0,0.0,0.0,0.0,0.0,0.0,WATER
0.0,0.0,0.0,0.1506442427635193,-0.04389044642448425,-0.05209028720855713,0.2772652804851532,-0.23075580596923828,-0.06073172390460968,0.3566367030143738,-0.3805958926677704,-0.07213206589221954,0.4404485821723938,-0.44221487641334534,-0.0828351378440857,0.21901768445968628,-0.465358704328537,-0.037276316434144974,0.2700032889842987,-0.6872228980064392,-0.07462012022733688,0.2898316979408264,-0.8265978693962097,-0.08470659703016281,0.3057989478111267,-0.9480301737785339,-0.08789600431919098,0.125224307179451,-0.48328861594200134,-0.0400502048432827,0.11191894114017487,-0.5584812760353088,-0.15408389270305634,0.07822535187005997,-0.3782746493816376,-0.18304972350597382,0.061545904725790024,-0.24011437594890594,-0.16596780717372894,0.033516209572553635,-0.47678524255752563,-0.04831220954656601,0.014407864771783352,-0.5397069454193115,-0.16155493259429932,0.01482551358640194,-0.358036607503891,-0.162344291806221,0.02637667767703533,-0.22685380280017853,-0.12148448079824448,-0.055836018174886703,-0.46092793345451355,-0.059310030192136765,-0.052851833403110504,-0.6356317400932312,-0.12101717293262482,-0.04753498733043671,-0.7451907396316528,-0.12402605265378952,-0.03330816701054573,-0.8596250414848328,-0.10655996203422546,0.0,0.0,0.0,0.0,0.0,0.0,0.0,0.0,0.0,0.0,0.0,0.0,0.0,0.0,0.0,0.0,0.0,0.0,0.0,0.0,0.0,0.0,0.0,0.0,0.0,0.0,0.0,0.0,0.0,0.0,0.0,0.0,0.0,0.0,0.0,0.0,0.0,0.0,0.0,0.0,0.0,0.0,0.0,0.0,0.0,0.0,0.0,0.0,0.0,0.0,0.0,0.0,0.0,0.0,0.0,0.0,0.0,0.0,0.0,0.0,0.0,0.0,0.0,WATER
0.0,0.0,0.0,0.1511123776435852,-0.047117769718170166,-0.049152571707963943,0.27665257453918457,-0.23398223519325256,-0.055884990841150284,0.3543989360332489,-0.3838886618614197,-0.06591235846281052,0.4368430972099304,-0.4431690573692322,-0.07549335807561874,0.21754783391952515,-0.46727442741394043,-0.03347976133227348,0.26708322763442993,-0.6883513331413269,-0.06917416304349899,0.2861989438533783,-0.8285576701164246,-0.0784364566206932,0.3016453981399536,-0.9499902129173279,-0.08079975843429565,0.12469574809074402,-0.48515135049819946,-0.036874402314424515,0.10893389582633972,-0.5567771792411804,-0.1481657177209854,0.07662463933229446,-0.37856000661849976,-0.1771218627691269,0.061240993440151215,-0.2413051724433899,-0.16046428680419922,0.03356403112411499,-0.47905346751213074,-0.04541224613785744,0.010805373080074787,-0.536824643611908,-0.15616165101528168,0.01313101314008236,-0.3589184582233429,-0.15800489485263824,0.026028839871287346,-0.22975237667560577,-0.11830387264490128,-0.055760059505701065,-0.4637596309185028,-0.05638056993484497,-0.05342584475874901,-0.6387512683868408,-0.11539550870656967,-0.049682192504405975,-0.7480003237724304,-0.11718658357858658,-0.038499798625707626,-0.8600925803184509,-0.09902716428041458,0.0,0.0,0.0,0.0,0.0,0.0,0.0,0.0,0.0,0.0,0.0,0.0,0.0,0.0,0.0,0.0,0.0,0.0,0.0,0.0,0.0,0.0,0.0,0.0,0.0,0.0,0.0,0.0,0.0,0.0,0.0,0.0,0.0,0.0,0.0,0.0,0.0,0.0,0.0,0.0,0.0,0.0,0.0,0.0,0.0,0.0,0.0,0.0,0.0,0.0,0.0,0.0,0.0,0.0,0.0,0.0,0.0,0.0,0.0,0.0,0.0,0.0,0.0,WATER
0.0,0.0,0.0,0.1464664340019226,-0.04546879231929779,-0.052657995373010635,0.2705305814743042,-0.2352549135684967,-0.059273283928632736,0.3483124077320099,-0.3866543769836426,-0.06736961752176285,0.42895036935806274,-0.44659310579299927,-0.07472105324268341,0.21314164996147156,-0.46561646461486816,-0.03915965184569359,0.261802613735199,-0.685226559638977,-0.07420536875724792,0.28430992364883423,-0.8279314637184143,-0.0823681429028511,0.3018171191215515,-0.9496603608131409,-0.08397481590509415,0.12058740854263306,-0.485059916973114,-0.040096215903759,0.10525025427341461,-0.5575256943702698,-0.15150460600852966,0.0779278501868248,-0.3768674433231354,-0.17986878752708435,0.06399548053741455,-0.23568560183048248,-0.16242597997188568,0.030884945765137672,-0.4809747338294983,-0.04623853415250778,0.0055646528489887714,-0.5290235280990601,-0.15787942707538605,0.011954843997955322,-0.3537488579750061,-0.16225245594978333,0.026650527492165565,-0.22726909816265106,-0.12376628071069717,-0.05743434280157089,-0.46709516644477844,-0.05480363592505455,-0.057926297187805176,-0.6409857273101807,-0.11587958037853241,-0.05424799025058746,-0.7505844235420227,-0.12071871012449265,-0.04432522878050804,-0.8603225946426392,-0.10453911870718002,0.0,0.0,0.0,0.0,0.0,0.0,0.0,0.0,0.0,0.0,0.0,0.0,0.0,0.0,0.0,0.0,0.0,0.0,0.0,0.0,0.0,0.0,0.0,0.0,0.0,0.0,0.0,0.0,0.0,0.0,0.0,0.0,0.0,0.0,0.0,0.0,0.0,0.0,0.0,0.0,0.0,0.0,0.0,0.0,0.0,0.0,0.0,0.0,0.0,0.0,0.0,0.0,0.0,0.0,0.0,0.0,0.0,0.0,0.0,0.0,0.0,0.0,0.0,WATER
0.0,0.0,0.0,0.1494135856628418,-0.04377849027514458,-0.048180580139160156,0.2731369733810425,-0.2345796823501587,-0.05467253923416138,0.35049208998680115,-0.3819115459918976,-0.06498575210571289,0.4314785897731781,-0.4430996775627136,-0.0745524987578392,0.21558520197868347,-0.4694235622882843,-0.0333721823990345,0.26362475752830505,-0.6902454495429993,-0.07020514458417892,0.28387656807899475,-0.8290750980377197,-0.0797918289899826,0.29950112104415894,-0.9505327343940735,-0.08238069713115692,0.1209968775510788,-0.4891068637371063,-0.03748675063252449,0.10969249904155731,-0.5566267967224121,-0.1519533097743988,0.07981660217046738,-0.37049952149391174,-0.18105937540531158,0.0628441646695137,-0.22984059154987335,-0.16353674232959747,0.028864018619060516,-0.4837263226509094,-0.04674985632300377,0.010223252698779106,-0.5437935590744019,-0.15959826111793518,0.014542981050908566,-0.3613015413284302,-0.16090933978557587,0.026453325524926186,-0.22787439823150635,-0.12008365243673325,-0.06018482893705368,-0.46748220920562744,-0.05837783217430115,-0.0573081448674202,-0.6418114900588989,-0.1196129247546196,-0.05301952734589577,-0.7498670220375061,-0.12289536744356155,-0.04180047661066055,-0.8607423901557922,-0.1052933931350708,0.0,0.0,0.0,0.0,0.0,0.0,0.0,0.0,0.0,0.0,0.0,0.0,0.0,0.0,0.0,0.0,0.0,0.0,0.0,0.0,0.0,0.0,0.0,0.0,0.0,0.0,0.0,0.0,0.0,0.0,0.0,0.0,0.0,0.0,0.0,0.0,0.0,0.0,0.0,0.0,0.0,0.0,0.0,0.0,0.0,0.0,0.0,0.0,0.0,0.0,0.0,0.0,0.0,0.0,0.0,0.0,0.0,0.0,0.0,0.0,0.0,0.0,0.0,WATER
0.0,0.0,0.0,0.14840799570083618,-0.044857438653707504,-0.05266014486551285,0.27287665009498596,-0.23321156203746796,-0.061248779296875,0.35215049982070923,-0.3804537355899811,-0.07219702750444412,0.4332042634487152,-0.44655078649520874,-0.08219476044178009,0.2130451500415802,-0.46671128273010254,-0.03971915319561958,0.26229509711265564,-0.6890646815299988,-0.07740826159715652,0.28241729736328125,-0.8277459144592285,-0.08737077564001083,0.29767635464668274,-0.9503749012947083,-0.09042283147573471,0.11941034346818924,-0.4841609001159668,-0.04182872548699379,0.10411342233419418,-0.5595508217811584,-0.15620063245296478,0.0753038302063942,-0.37452346086502075,-0.18475814163684845,0.06089748442173004,-0.2344108670949936,-0.16723710298538208,0.028331544250249863,-0.4772540032863617,-0.049370985478162766,0.007499981205910444,-0.5408620238304138,-0.16253231465816498,0.013278525322675705,-0.35867711901664734,-0.1634579747915268,0.0277741439640522,-0.22789990901947021,-0.12256012856960297,-0.05978457257151604,-0.4605328440666199,-0.059673067182302475,-0.0572732649743557,-0.6347901821136475,-0.12218476086854935,-0.0532987043261528,-0.7439181208610535,-0.12635314464569092,-0.04185590520501137,-0.8578621745109558,-0.10947837680578232,0.0,0.0,0.0,0.0,0.0,0.0,0.0,0.0,0.0,0.0,0.0,0.0,0.0,0.0,0.0,0.0,0.0,0.0,0.0,0.0,0.0,0.0,0.0,0.0,0.0,0.0,0.0,0.0,0.0,0.0,0.0,0.0,0.0,0.0,0.0,0.0,0.0,0.0,0.0,0.0,0.0,0.0,0.0,0.0,0.0,0.0,0.0,0.0,0.0,0.0,0.0,0.0,0.0,0.0,0.0,0.0,0.0,0.0,0.0,0.0,0.0,0.0,0.0,WATER
0.0,0.0,0.0,0.14817917346954346,-0.045930806547403336,-0.05293939635157585,0.2713337540626526,-0.2313460260629654,-0.062264975160360336,0.3498061001300812,-0.37793204188346863,-0.07404384016990662,0.43133267760276794,-0.4458577036857605,-0.08486887067556381,0.21297568082809448,-0.4691920280456543,-0.039751388132572174,0.2614854574203491,-0.6898278594017029,-0.0779336541891098,0.28143948316574097,-0.8281985521316528,-0.08817888051271439,0.29693010449409485,-0.9505124092102051,-0.0914260521531105,0.11870601773262024,-0.4874878525733948,-0.04210839420557022,0.104398213326931,-0.5583890676498413,-0.15615205466747284,0.07595612108707428,-0.3737179934978485,-0.18424171209335327,0.061630748212337494,-0.23484165966510773,-0.1667034775018692,0.026957787573337555,-0.47993233799934387,-0.050139304250478745,0.007481206674128771,-0.539672315120697,-0.16395117342472076,0.013141809031367302,-0.3569882810115814,-0.16475357115268707,0.027815964072942734,-0.2265392392873764,-0.12380412966012955,-0.061622098088264465,-0.46156588196754456,-0.06095628812909126,-0.058458469808101654,-0.6357415318489075,-0.12492164224386215,-0.05407760292291641,-0.744319498538971,-0.12966173887252808,-0.04189775884151459,-0.8577185273170471,-0.11301925033330917,0.0,0.0,0.0,0.0,0.0,0.0,0.0,0.0,0.0,0.0,0.0,0.0,0.0,0.0,0.0,0.0,0.0,0.0,0.0,0.0,0.0,0.0,0.0,0.0,0.0,0.0,0.0,0.0,0.0,0.0,0.0,0.0,0.0,0.0,0.0,0.0,0.0,0.0,0.0,0.0,0.0,0.0,0.0,0.0,0.0,0.0,0.0,0.0,0.0,0.0,0.0,0.0,0.0,0.0,0.0,0.0,0.0,0.0,0.0,0.0,0.0,0.0,0.0,WATER
0.0,0.0,0.0,0.1492338627576828,-0.04589926078915596,-0.052639659494161606,0.2722916305065155,-0.2335997074842453,-0.061947792768478394,0.35055574774742126,-0.38065242767333984,-0.07401856780052185,0.4329241216182709,-0.4455600678920746,-0.08526051044464111,0.2134399265050888,-0.4703463017940521,-0.038373034447431564,0.26180458068847656,-0.6903243064880371,-0.07706782966852188,0.28184089064598083,-0.8287655711174011,-0.08758581429719925,0.29739755392074585,-0.9504187107086182,-0.09087919443845749,0.11837974935770035,-0.4878099858760834,-0.04140985757112503,0.10362641513347626,-0.5658406019210815,-0.15620014071464539,0.0759582668542862,-0.3834291100502014,-0.1849779486656189,0.06239978224039078,-0.24420461058616638,-0.1675654649734497,0.025854909792542458,-0.4790779948234558,-0.05010329186916351,0.007306534796953201,-0.5433208346366882,-0.16476088762283325,0.012005452066659927,-0.3588029444217682,-0.1651451140642166,0.025362417101860046,-0.22679701447486877,-0.12344648689031601,-0.0629345178604126,-0.45966821908950806,-0.0615580789744854,-0.06011614203453064,-0.6340040564537048,-0.12493648380041122,-0.054584380239248276,-0.7429247498512268,-0.1286911815404892,-0.0412113294005394,-0.8578711748123169,-0.1114213839173317,0.0,0.0,0.0,0.0,0.0,0.0,0.0,0.0,0.0,0.0,0.0,0.0,0.0,0.0,0.0,0.0,0.0,0.0,0.0,0.0,0.0,0.0,0.0,0.0,0.0,0.0,0.0,0.0,0.0,0.0,0.0,0.0,0.0,0.0,0.0,0.0,0.0,0.0,0.0,0.0,0.0,0.0,0.0,0.0,0.0,0.0,0.0,0.0,0.0,0.0,0.0,0.0,0.0,0.0,0.0,0.0,0.0,0.0,0.0,0.0,0.0,0.0,0.0,WATER
0.0,0.0,0.0,0.14880304038524628,-0.04629792273044586,-0.05275912955403328,0.2715192139148712,-0.23342648148536682,-0.061330556869506836,0.349338561296463,-0.3827292323112488,-0.07255375385284424,0.4311986565589905,-0.44743046164512634,-0.08276208490133286,0.2139151245355606,-0.4668006896972656,-0.03808124363422394,0.2625143527984619,-0.6880857944488525,-0.07615474611520767,0.2825799882411957,-0.827385425567627,-0.08644748479127884,0.297855406999588,-0.9503921866416931,-0.08964884281158447,0.1197568029165268,-0.48711973428726196,-0.04009472206234932,0.10570187866687775,-0.5594443082809448,-0.15461856126785278,0.07629314810037613,-0.37388134002685547,-0.18316932022571564,0.061885587871074677,-0.23322780430316925,-0.1655065417289734,0.028076352551579475,-0.4829650819301605,-0.047749895602464676,0.00848497822880745,-0.5438436269760132,-0.16094498336315155,0.012521862052381039,-0.3634759485721588,-0.16204947233200073,0.025853196159005165,-0.23237024247646332,-0.1210184097290039,-0.06012751907110214,-0.4681653380393982,-0.05823118984699249,-0.056494537740945816,-0.6438637971878052,-0.12076978385448456,-0.052565135061740875,-0.7523878812789917,-0.12479054182767868,-0.041462160646915436,-0.8636618256568909,-0.10742548108100891,0.0,0.0,0.0,0.0,0.0,0.0,0.0,0.0,0.0,0.0,0.0,0.0,0.0,0.0,0.0,0.0,0.0,0.0,0.0,0.0,0.0,0.0,0.0,0.0,0.0,0.0,0.0,0.0,0.0,0.0,0.0,0.0,0.0,0.0,0.0,0.0,0.0,0.0,0.0,0.0,0.0,0.0,0.0,0.0,0.0,0.0,0.0,0.0,0.0,0.0,0.0,0.0,0.0,0.0,0.0,0.0,0.0,0.0,0.0,0.0,0.0,0.0,0.0,WATER
0.0,0.0,0.0,0.14644016325473785,-0.04322221502661705,-0.056319210678339005,0.2677118480205536,-0.228184312582016,-0.0653185248374939,0.3448164761066437,-0.37849923968315125,-0.07475598156452179,0.42479464411735535,-0.44366058707237244,-0.08308237791061401,0.21038460731506348,-0.46396365761756897,-0.04371931403875351,0.25883349776268005,-0.6836517453193665,-0.08135619759559631,0.28192174434661865,-0.8258474469184875,-0.09198102355003357,0.29868143796920776,-0.9495285749435425,-0.09583814442157745,0.11671987920999527,-0.48324042558670044,-0.04340166598558426,0.10238466411828995,-0.5572026968002319,-0.15661412477493286,0.0760699212551117,-0.37412866950035095,-0.18499186635017395,0.061931055039167404,-0.23486177623271942,-0.16783523559570312,0.02636832371354103,-0.47778943181037903,-0.04879363626241684,0.003709960961714387,-0.5346420407295227,-0.1619543433189392,0.011641990393400192,-0.3576173782348633,-0.16473501920700073,0.02635345235466957,-0.23061637580394745,-0.1254366785287857,-0.06153227761387825,-0.4623144268989563,-0.0570603609085083,-0.061051491647958755,-0.6375914216041565,-0.12262659519910812,-0.055689677596092224,-0.7488066554069519,-0.12991410493850708,-0.04342113435268402,-0.8641504049301147,-0.11515694856643677,0.0,0.0,0.0,0.0,0.0,0.0,0.0,0.0,0.0,0.0,0.0,0.0,0.0,0.0,0.0,0.0,0.0,0.0,0.0,0.0,0.0,0.0,0.0,0.0,0.0,0.0,0.0,0.0,0.0,0.0,0.0,0.0,0.0,0.0,0.0,0.0,0.0,0.0,0.0,0.0,0.0,0.0,0.0,0.0,0.0,0.0,0.0,0.0,0.0,0.0,0.0,0.0,0.0,0.0,0.0,0.0,0.0,0.0,0.0,0.0,0.0,0.0,0.0,WATER
0.0,0.0,0.0,0.14761227369308472,-0.042707838118076324,-0.05466019734740257,0.27067336440086365,-0.2328401356935501,-0.06343095004558563,0.3493597209453583,-0.3838379979133606,-0.07403411716222763,0.4312421381473541,-0.4464374780654907,-0.08317047357559204,0.21401505172252655,-0.46703842282295227,-0.042006611824035645,0.2614932954311371,-0.686976432800293,-0.08055263012647629,0.2825314402580261,-0.8269962072372437,-0.09029541164636612,0.2982059121131897,-0.9499487280845642,-0.09311618655920029,0.11887656897306442,-0.4904935359954834,-0.04282401129603386,0.10722929984331131,-0.5596041679382324,-0.16035841405391693,0.07643762230873108,-0.37328991293907166,-0.18940027058124542,0.05776786431670189,-0.23182310163974762,-0.1709473729133606,0.026668839156627655,-0.48867708444595337,-0.04919794201850891,0.0051018306985497475,-0.5479401350021362,-0.16539281606674194,0.010792730376124382,-0.3661697506904602,-0.1680496484041214,0.024552876129746437,-0.23296783864498138,-0.12684836983680725,-0.061921875923871994,-0.47613757848739624,-0.05824041739106178,-0.058849502354860306,-0.6509698033332825,-0.12306617200374603,-0.054077934473752975,-0.7595852613449097,-0.12912367284297943,-0.04242907837033272,-0.8701531291007996,-0.11265315115451813,0.0,0.0,0.0,0.0,0.0,0.0,0.0,0.0,0.0,0.0,0.0,0.0,0.0,0.0,0.0,0.0,0.0,0.0,0.0,0.0,0.0,0.0,0.0,0.0,0.0,0.0,0.0,0.0,0.0,0.0,0.0,0.0,0.0,0.0,0.0,0.0,0.0,0.0,0.0,0.0,0.0,0.0,0.0,0.0,0.0,0.0,0.0,0.0,0.0,0.0,0.0,0.0,0.0,0.0,0.0,0.0,0.0,0.0,0.0,0.0,0.0,0.0,0.0,WATER
0.0,0.0,0.0,0.1483912467956543,-0.04536862671375275,-0.05236644297838211,0.2714151442050934,-0.2346099615097046,-0.059715867042541504,0.35004496574401855,-0.3838578164577484,-0.06929740309715271,0.4314630329608917,-0.4470188319683075,-0.07751090824604034,0.21374598145484924,-0.4697345495223999,-0.03893161192536354,0.2616509199142456,-0.6882767081260681,-0.07659882307052612,0.2822369933128357,-0.8281360268592834,-0.08573625981807709,0.29807713627815247,-0.9504719972610474,-0.08805101364850998,0.1186184212565422,-0.4922318458557129,-0.04108370840549469,0.10635536164045334,-0.5616055130958557,-0.1575549989938736,0.0767597183585167,-0.3751373887062073,-0.18597181141376495,0.059931352734565735,-0.23328527808189392,-0.1671053171157837,0.026168303564190865,-0.489357590675354,-0.048844143748283386,0.003564470913261175,-0.5443645715713501,-0.16487474739551544,0.010141192935407162,-0.36120256781578064,-0.16770048439502716,0.025066666305065155,-0.2292688935995102,-0.12655997276306152,-0.06308459490537643,-0.47580093145370483,-0.059087082743644714,-0.06224772334098816,-0.6507363319396973,-0.12392362952232361,-0.05714908987283707,-0.7592392563819885,-0.12995901703834534,-0.04453166946768761,-0.8706439137458801,-0.11360049992799759,0.0,0.0,0.0,0.0,0.0,0.0,0.0,0.0,0.0,0.0,0.0,0.0,0.0,0.0,0.0,0.0,0.0,0.0,0.0,0.0,0.0,0.0,0.0,0.0,0.0,0.0,0.0,0.0,0.0,0.0,0.0,0.0,0.0,0.0,0.0,0.0,0.0,0.0,0.0,0.0,0.0,0.0,0.0,0.0,0.0,0.0,0.0,0.0,0.0,0.0,0.0,0.0,0.0,0.0,0.0,0.0,0.0,0.0,0.0,0.0,0.0,0.0,0.0,WATER
0.0,0.0,0.0,0.14844565093517303,-0.04667440056800842,-0.058954641222953796,0.2714759111404419,-0.2382117658853531,-0.06781154125928879,0.35019823908805847,-0.3840045630931854,-0.07674988359212875,0.43164005875587463,-0.4440544843673706,-0.08410319685935974,0.2116232067346573,-0.4691846966743469,-0.04762270674109459,0.25998011231422424,-0.684779703617096,-0.087093785405159,0.28100040555000305,-0.8262425065040588,-0.0978986993432045,0.2967497706413269,-0.9495055079460144,-0.1018771380186081,0.11624494940042496,-0.49070870876312256,-0.046151891350746155,0.10446403920650482,-0.5625784993171692,-0.16369371116161346,0.07595346868038177,-0.3769216239452362,-0.19169065356254578,0.06115507706999779,-0.23540671169757843,-0.17293530702590942,0.02331938035786152,-0.4855833053588867,-0.050985343754291534,0.0024715892504900694,-0.536636233329773,-0.16811498999595642,0.0092799486592412,-0.3557804822921753,-0.17186084389686584,0.024966176599264145,-0.22696223855018616,-0.13169309496879578,-0.06615357846021652,-0.4709091782569885,-0.05888543650507927,-0.06293005496263504,-0.6432580947875977,-0.12749919295310974,-0.0568334236741066,-0.7518354654312134,-0.13704605400562286,-0.04342469945549965,-0.8647080063819885,-0.1232566386461258,0.0,0.0,0.0,0.0,0.0,0.0,0.0,0.0,0.0,0.0,0.0,0.0,0.0,0.0,0.0,0.0,0.0,0.0,0.0,0.0,0.0,0.0,0.0,0.0,0.0,0.0,0.0,0.0,0.0,0.0,0.0,0.0,0.0,0.0,0.0,0.0,0.0,0.0,0.0,0.0,0.0,0.0,0.0,0.0,0.0,0.0,0.0,0.0,0.0,0.0,0.0,0.0,0.0,0.0,0.0,0.0,0.0,0.0,0.0,0.0,0.0,0.0,0.0,WATER
0.0,0.0,0.0,0.14935214817523956,-0.045281171798706055,-0.05647468939423561,0.27249109745025635,-0.23454752564430237,-0.06666092574596405,0.35249385237693787,-0.37963321805000305,-0.07894448935985565,0.4342319965362549,-0.4449009895324707,-0.08990911394357681,0.21456526219844818,-0.4686548411846161,-0.04339771717786789,0.26243913173675537,-0.6874210238456726,-0.08464080095291138,0.2824503183364868,-0.8269087076187134,-0.09678841382265091,0.29740604758262634,-0.9493768215179443,-0.10115958005189896,0.11821773648262024,-0.4899374544620514,-0.0443725511431694,0.10594009608030319,-0.5617456436157227,-0.16413511335849762,0.07591896504163742,-0.3733329474925995,-0.19406329095363617,0.06086772307753563,-0.23087576031684875,-0.17628182470798492,0.02394375018775463,-0.48495548963546753,-0.051512327045202255,0.0062241330742836,-0.5438400506973267,-0.1696886420249939,0.009888921864330769,-0.35908323526382446,-0.17142176628112793,0.02313988469541073,-0.22602131962776184,-0.12949325144290924,-0.06623724102973938,-0.4698452353477478,-0.06175018101930618,-0.062210600823163986,-0.6445805430412292,-0.12863276898860931,-0.05586506798863411,-0.7532215714454651,-0.13490810990333557,-0.04116663336753845,-0.865803599357605,-0.1185380145907402,0.0,0.0,0.0,0.0,0.0,0.0,0.0,0.0,0.0,0.0,0.0,0.0,0.0,0.0,0.0,0.0,0.0,0.0,0.0,0.0,0.0,0.0,0.0,0.0,0.0,0.0,0.0,0.0,0.0,0.0,0.0,0.0,0.0,0.0,0.0,0.0,0.0,0.0,0.0,0.0,0.0,0.0,0.0,0.0,0.0,0.0,0.0,0.0,0.0,0.0,0.0,0.0,0.0,0.0,0.0,0.0,0.0,0.0,0.0,0.0,0.0,0.0,0.0,WATER
0.0,0.0,0.0,0.14969220757484436,-0.04511498287320137,-0.05501338839530945,0.2735549211502075,-0.2351919561624527,-0.06421539187431335,0.3528609573841095,-0.38067570328712463,-0.07595255225896835,0.4342562258243561,-0.4457862079143524,-0.08637367188930511,0.2155722975730896,-0.46695345640182495,-0.04109271243214607,0.26354333758354187,-0.6867730021476746,-0.08178160339593887,0.2831261456012726,-0.8267927765846252,-0.09345632046461105,0.2985270917415619,-0.9494155049324036,-0.09742602705955505,0.1187092661857605,-0.4879966974258423,-0.04278929531574249,0.10777828097343445,-0.5610280632972717,-0.1626802533864975,0.07666964828968048,-0.3740398585796356,-0.19281940162181854,0.06152544915676117,-0.2314707636833191,-0.17493575811386108,0.024090124294161797,-0.48401927947998047,-0.050598181784152985,0.008737453259527683,-0.5446836352348328,-0.16872239112854004,0.010919041931629181,-0.35994020104408264,-0.17036932706832886,0.02310877852141857,-0.22542354464530945,-0.12822511792182922,-0.0661749467253685,-0.47089171409606934,-0.061428844928741455,-0.061188843101263046,-0.6458497643470764,-0.12779249250888824,-0.05449371039867401,-0.7551247477531433,-0.1337433159351349,-0.03924810513854027,-0.8675658106803894,-0.11717257648706436,0.0,0.0,0.0,0.0,0.0,0.0,0.0,0.0,0.0,0.0,0.0,0.0,0.0,0.0,0.0,0.0,0.0,0.0,0.0,0.0,0.0,0.0,0.0,0.0,0.0,0.0,0.0,0.0,0.0,0.0,0.0,0.0,0.0,0.0,0.0,0.0,0.0,0.0,0.0,0.0,0.0,0.0,0.0,0.0,0.0,0.0,0.0,0.0,0.0,0.0,0.0,0.0,0.0,0.0,0.0,0.0,0.0,0.0,0.0,0.0,0.0,0.0,0.0,WATER
0.0,0.0,0.0,0.15025778114795685,-0.04273597151041031,-0.05733266472816467,0.2748454213142395,-0.23306311666965485,-0.06701187044382095,0.35496580600738525,-0.37925395369529724,-0.0781133696436882,0.43691763281822205,-0.4460104703903198,-0.08782312273979187,0.2151951789855957,-0.46670857071876526,-0.046336058527231216,0.2630312442779541,-0.686442494392395,-0.08825462311506271,0.2834066152572632,-0.8259128332138062,-0.1008838340640068,0.2991446554660797,-0.948326826095581,-0.10577607154846191,0.11845213174819946,-0.4868830442428589,-0.04621828347444534,0.10606594383716583,-0.5594799518585205,-0.16673460602760315,0.07482919096946716,-0.37033066153526306,-0.19595791399478912,0.05997554585337639,-0.227466881275177,-0.17768941819667816,0.023719729855656624,-0.4812813103199005,-0.05234450846910477,0.004387319087982178,-0.5431115031242371,-0.17080466449260712,0.007626914884895086,-0.3582019507884979,-0.17183257639408112,0.02161780185997486,-0.22355835139751434,-0.1296156495809555,-0.06676468998193741,-0.4666789174079895,-0.06162452697753906,-0.06173771619796753,-0.6415883898735046,-0.13030312955379486,-0.055035170167684555,-0.7511841654777527,-0.1379934847354889,-0.0397564172744751,-0.8655275702476501,-0.12260779738426208,0.0,0.0,0.0,0.0,0.0,0.0,0.0,0.0,0.0,0.0,0.0,0.0,0.0,0.0,0.0,0.0,0.0,0.0,0.0,0.0,0.0,0.0,0.0,0.0,0.0,0.0,0.0,0.0,0.0,0.0,0.0,0.0,0.0,0.0,0.0,0.0,0.0,0.0,0.0,0.0,0.0,0.0,0.0,0.0,0.0,0.0,0.0,0.0,0.0,0.0,0.0,0.0,0.0,0.0,0.0,0.0,0.0,0.0,0.0,0.0,0.0,0.0,0.0,WATER
0.0,0.0,0.0,0.15079542994499207,-0.04060477763414383,-0.05708776041865349,0.2769262492656708,-0.23303304612636566,-0.06578825414180756,0.35593828558921814,-0.38272324204444885,-0.07561817765235901,0.43758806586265564,-0.44799235463142395,-0.08403332531452179,0.21678020060062408,-0.46428897976875305,-0.0459529347717762,0.2664102017879486,-0.6843388676643372,-0.08663856238126755,0.2863517105579376,-0.8248767256736755,-0.0984378457069397,0.30173394083976746,-0.9478159546852112,-0.10296376049518585,0.12028368562459946,-0.4851910471916199,-0.045487575232982635,0.10969969630241394,-0.5626649260520935,-0.1638367772102356,0.07676288485527039,-0.37469011545181274,-0.1920165866613388,0.06210704520344734,-0.23137153685092926,-0.17338916659355164,0.025948641821742058,-0.48105818033218384,-0.05110148340463638,0.00839801412075758,-0.5437657237052917,-0.16756466031074524,0.010268010199069977,-0.3595733940601349,-0.16772142052650452,0.024094652384519577,-0.22492486238479614,-0.1253821700811386,-0.06474034488201141,-0.4681984484195709,-0.05986782908439636,-0.05969725921750069,-0.6438779234886169,-0.12633273005485535,-0.053698357194662094,-0.7536854147911072,-0.13261756300926208,-0.038315124809741974,-0.8672479391098022,-0.11669036000967026,0.0,0.0,0.0,0.0,0.0,0.0,0.0,0.0,0.0,0.0,0.0,0.0,0.0,0.0,0.0,0.0,0.0,0.0,0.0,0.0,0.0,0.0,0.0,0.0,0.0,0.0,0.0,0.0,0.0,0.0,0.0,0.0,0.0,0.0,0.0,0.0,0.0,0.0,0.0,0.0,0.0,0.0,0.0,0.0,0.0,0.0,0.0,0.0,0.0,0.0,0.0,0.0,0.0,0.0,0.0,0.0,0.0,0.0,0.0,0.0,0.0,0.0,0.0,WATER
0.0,0.0,0.0,0.14988139271736145,-0.043269410729408264,-0.05486954748630524,0.2762017548084259,-0.23511169850826263,-0.06314920634031296,0.3529622554779053,-0.38347288966178894,-0.07332717627286911,0.43377918004989624,-0.4490441381931305,-0.08212251961231232,0.21635639667510986,-0.46785181760787964,-0.042768824845552444,0.26489564776420593,-0.6869789361953735,-0.08273572474718094,0.2839638292789459,-0.8276117444038391,-0.0940084382891655,0.2990121841430664,-0.9492529630661011,-0.09752216190099716,0.11991884559392929,-0.4880177080631256,-0.043445464223623276,0.1061776876449585,-0.5628958344459534,-0.16018810868263245,0.07465949654579163,-0.37747520208358765,-0.18916530907154083,0.06221608445048332,-0.23418651521205902,-0.1711627095937729,0.025864770635962486,-0.48342961072921753,-0.04988070949912071,0.006050571799278259,-0.5428122282028198,-0.16453999280929565,0.007928367704153061,-0.3617665469646454,-0.16565100848674774,0.022411802783608437,-0.22833459079265594,-0.12411793321371078,-0.06458806991577148,-0.46914100646972656,-0.059290606528520584,-0.06067110225558281,-0.6462263464927673,-0.12233556807041168,-0.05613985285162926,-0.7573726773262024,-0.12648843228816986,-0.04253154993057251,-0.8696495294570923,-0.10916399210691452,0.0,0.0,0.0,0.0,0.0,0.0,0.0,0.0,0.0,0.0,0.0,0.0,0.0,0.0,0.0,0.0,0.0,0.0,0.0,0.0,0.0,0.0,0.0,0.0,0.0,0.0,0.0,0.0,0.0,0.0,0.0,0.0,0.0,0.0,0.0,0.0,0.0,0.0,0.0,0.0,0.0,0.0,0.0,0.0,0.0,0.0,0.0,0.0,0.0,0.0,0.0,0.0,0.0,0.0,0.0,0.0,0.0,0.0,0.0,0.0,0.0,0.0,0.0,WATER
0.0,0.0,0.0,0.15242032706737518,-0.04498757794499397,-0.05165709927678108,0.27737078070640564,-0.23627455532550812,-0.05852430313825607,0.35389450192451477,-0.38339656591415405,-0.06826212257146835,0.43438923358917236,-0.4475947618484497,-0.07690464705228806,0.21638011932373047,-0.47358763217926025,-0.03647967800498009,0.26462242007255554,-0.689806342124939,-0.074746273458004,0.2835560441017151,-0.8301013112068176,-0.0852792039513588,0.29841849207878113,-0.950342059135437,-0.08829749375581741,0.11994127929210663,-0.49155646562576294,-0.039101071655750275,0.10842444747686386,-0.5660560131072998,-0.1542787402868271,0.07724323868751526,-0.383223295211792,-0.18353307247161865,0.06448106467723846,-0.24047771096229553,-0.16580872237682343,0.025309834629297256,-0.48442649841308594,-0.047375477850437164,0.007975239306688309,-0.5395706295967102,-0.1621163934469223,0.008715742267668247,-0.358820378780365,-0.16375669836997986,0.021189792081713676,-0.22653211653232574,-0.12233828753232956,-0.06533897668123245,-0.4679097831249237,-0.05828350409865379,-0.061939600855112076,-0.6458905935287476,-0.12161314487457275,-0.056650497019290924,-0.7581307291984558,-0.12548986077308655,-0.042702093720436096,-0.8708508014678955,-0.10784201323986053,0.0,0.0,0.0,0.0,0.0,0.0,0.0,0.0,0.0,0.0,0.0,0.0,0.0,0.0,0.0,0.0,0.0,0.0,0.0,0.0,0.0,0.0,0.0,0.0,0.0,0.0,0.0,0.0,0.0,0.0,0.0,0.0,0.0,0.0,0.0,0.0,0.0,0.0,0.0,0.0,0.0,0.0,0.0,0.0,0.0,0.0,0.0,0.0,0.0,0.0,0.0,0.0,0.0,0.0,0.0,0.0,0.0,0.0,0.0,0.0,0.0,0.0,0.0,WATER
0.0,0.0,0.0,0.15131855010986328,-0.043809715658426285,-0.053964246064424515,0.2775496244430542,-0.236882284283638,-0.0615646168589592,0.3572230041027069,-0.38645827770233154,-0.07127774506807327,0.4379020929336548,-0.44744473695755005,-0.07996650785207748,0.2162056863307953,-0.46841394901275635,-0.04149133339524269,0.2663273215293884,-0.6857981085777283,-0.08073518425226212,0.28607746958732605,-0.8264510631561279,-0.09192579984664917,0.3011813163757324,-0.9487303495407104,-0.09591911733150482,0.12025083601474762,-0.4884856045246124,-0.042691174894571304,0.10970087349414825,-0.5647863745689392,-0.15852156281471252,0.07717705518007278,-0.37967073917388916,-0.18640950322151184,0.061881162226200104,-0.2372264415025711,-0.16800081729888916,0.0261148139834404,-0.48294079303741455,-0.04971061274409294,0.0073546296916902065,-0.5427572131156921,-0.1639481484889984,0.010235640220344067,-0.3600063621997833,-0.16419389843940735,0.024374477565288544,-0.22607001662254333,-0.12238775193691254,-0.0642235204577446,-0.46751704812049866,-0.05970636382699013,-0.059920765459537506,-0.6442526578903198,-0.12320788204669952,-0.053904853761196136,-0.7544348835945129,-0.12786056101322174,-0.039217133074998856,-0.8668311238288879,-0.11129546165466309,0.0,0.0,0.0,0.0,0.0,0.0,0.0,0.0,0.0,0.0,0.0,0.0,0.0,0.0,0.0,0.0,0.0,0.0,0.0,0.0,0.0,0.0,0.0,0.0,0.0,0.0,0.0,0.0,0.0,0.0,0.0,0.0,0.0,0.0,0.0,0.0,0.0,0.0,0.0,0.0,0.0,0.0,0.0,0.0,0.0,0.0,0.0,0.0,0.0,0.0,0.0,0.0,0.0,0.0,0.0,0.0,0.0,0.0,0.0,0.0,0.0,0.0,0.0,WATER
0.0,0.0,0.0,0.15204036235809326,-0.04434971138834953,-0.05338922142982483,0.2771771252155304,-0.23467840254306793,-0.061243534088134766,0.3558370769023895,-0.38480815291404724,-0.07162374258041382,0.4358052909374237,-0.4505147337913513,-0.08101462572813034,0.2169853001832962,-0.469899445772171,-0.03758681192994118,0.2651323080062866,-0.6875964999198914,-0.07653123140335083,0.2847873866558075,-0.8283510804176331,-0.08838813006877899,0.2995207607746124,-0.9496096968650818,-0.0923508033156395,0.12162716686725616,-0.48823878169059753,-0.0392044298350811,0.10925430059432983,-0.5667672753334045,-0.1538735330104828,0.07907450199127197,-0.3835124969482422,-0.18342983722686768,0.06649533659219742,-0.24128074944019318,-0.16623236238956451,0.027764637023210526,-0.48271504044532776,-0.04658074304461479,0.008877546526491642,-0.5425834655761719,-0.15998157858848572,0.010677936486899853,-0.3640878200531006,-0.1616111695766449,0.024004004895687103,-0.2332354336977005,-0.12066486477851868,-0.06266656517982483,-0.4677787721157074,-0.05683884769678116,-0.05863351747393608,-0.6468019485473633,-0.11864611506462097,-0.05441247299313545,-0.7582073211669922,-0.12184629589319229,-0.04228600114583969,-0.869672954082489,-0.1040065735578537,0.0,0.0,0.0,0.0,0.0,0.0,0.0,0.0,0.0,0.0,0.0,0.0,0.0,0.0,0.0,0.0,0.0,0.0,0.0,0.0,0.0,0.0,0.0,0.0,0.0,0.0,0.0,0.0,0.0,0.0,0.0,0.0,0.0,0.0,0.0,0.0,0.0,0.0,0.0,0.0,0.0,0.0,0.0,0.0,0.0,0.0,0.0,0.0,0.0,0.0,0.0,0.0,0.0,0.0,0.0,0.0,0.0,0.0,0.0,0.0,0.0,0.0,0.0,WATER
0.0,0.0,0.0,0.15260078012943268,-0.0459255613386631,-0.052475590258836746,0.2762862741947174,-0.2328191101551056,-0.05956783518195152,0.3505914807319641,-0.38078853487968445,-0.06907226890325546,0.42816194891929626,-0.4482479691505432,-0.07732047140598297,0.21651355922222137,-0.47149962186813354,-0.035075776278972626,0.26170116662979126,-0.6896535754203796,-0.07367873936891556,0.2797679305076599,-0.8308576941490173,-0.08535132557153702,0.29382410645484924,-0.9517029523849487,-0.08904371410608292,0.12014538794755936,-0.486889123916626,-0.03709181398153305,0.10785147547721863,-0.5712276697158813,-0.15189087390899658,0.07857967913150787,-0.38703298568725586,-0.18179500102996826,0.06800288707017899,-0.24252820014953613,-0.1643461287021637,0.026032812893390656,-0.47964560985565186,-0.044872868806123734,0.007928159087896347,-0.5412980914115906,-0.15908662974834442,0.009029711596667767,-0.36341241002082825,-0.16112186014652252,0.02203952893614769,-0.23370181024074554,-0.11984191834926605,-0.0643557459115982,-0.4647645354270935,-0.055323004722595215,-0.0600888654589653,-0.6450783610343933,-0.11853762716054916,-0.055444538593292236,-0.757561981678009,-0.12225275486707687,-0.0431973822414875,-0.8711360096931458,-0.10429565608501434,0.0,0.0,0.0,0.0,0.0,0.0,0.0,0.0,0.0,0.0,0.0,0.0,0.0,0.0,0.0,0.0,0.0,0.0,0.0,0.0,0.0,0.0,0.0,0.0,0.0,0.0,0.0,0.0,0.0,0.0,0.0,0.0,0.0,0.0,0.0,0.0,0.0,0.0,0.0,0.0,0.0,0.0,0.0,0.0,0.0,0.0,0.0,0.0,0.0,0.0,0.0,0.0,0.0,0.0,0.0,0.0,0.0,0.0,0.0,0.0,0.0,0.0,0.0,WATER
0.0,0.0,0.0,0.15332667529582977,-0.04316001385450363,-0.05241863429546356,0.27767127752304077,-0.2352849543094635,-0.058893777430057526,0.35301440954208374,-0.38692179322242737,-0.06761425733566284,0.4314552843570709,-0.4512820839881897,-0.07527540624141693,0.21580402553081512,-0.4654116928577423,-0.03832511603832245,0.2639297544956207,-0.68639075756073,-0.07618939131498337,0.28308382630348206,-0.8274197578430176,-0.08651300519704819,0.2980841398239136,-0.9502926468849182,-0.08994307368993759,0.11929205060005188,-0.4830610156059265,-0.04041416943073273,0.1101764440536499,-0.5669721364974976,-0.15611732006072998,0.07984752207994461,-0.38006460666656494,-0.18496765196323395,0.06677056103944778,-0.23460808396339417,-0.16694317758083344,0.025449590757489204,-0.4779259264469147,-0.04805517941713333,0.011248448863625526,-0.5436801910400391,-0.16199354827404022,0.013032647781074047,-0.36195504665374756,-0.16259095072746277,0.025240477174520493,-0.22874118387699127,-0.1209806427359581,-0.06450625509023666,-0.4641481935977936,-0.05851833149790764,-0.06084854528307915,-0.643723726272583,-0.12162819504737854,-0.05475311353802681,-0.7557069063186646,-0.1260959953069687,-0.04021674022078514,-0.8698633909225464,-0.10948251187801361,0.0,0.0,0.0,0.0,0.0,0.0,0.0,0.0,0.0,0.0,0.0,0.0,0.0,0.0,0.0,0.0,0.0,0.0,0.0,0.0,0.0,0.0,0.0,0.0,0.0,0.0,0.0,0.0,0.0,0.0,0.0,0.0,0.0,0.0,0.0,0.0,0.0,0.0,0.0,0.0,0.0,0.0,0.0,0.0,0.0,0.0,0.0,0.0,0.0,0.0,0.0,0.0,0.0,0.0,0.0,0.0,0.0,0.0,0.0,0.0,0.0,0.0,0.0,WATER
0.0,0.0,0.0,0.1525435596704483,-0.041389066725969315,-0.05449320375919342,0.27601274847984314,-0.2323702722787857,-0.061770498752593994,0.34998956322669983,-0.3850129544734955,-0.07098262012004852,0.4284212291240692,-0.45352354645729065,-0.07899706065654755,0.21645784378051758,-0.4678477942943573,-0.038717709481716156,0.2636139988899231,-0.687582790851593,-0.07724865525960922,0.2818104028701782,-0.8285064101219177,-0.08785299956798553,0.2962324917316437,-0.9507657289505005,-0.09105368703603745,0.11960738897323608,-0.48537832498550415,-0.03981925919651985,0.10957711935043335,-0.5682259798049927,-0.15613020956516266,0.07990758121013641,-0.38181042671203613,-0.1852615773677826,0.0675000473856926,-0.23630724847316742,-0.1669553518295288,0.025321945548057556,-0.47965601086616516,-0.04680345579981804,0.009825955145061016,-0.5434015989303589,-0.16213059425354004,0.012295306660234928,-0.3607524037361145,-0.16335612535476685,0.025340933352708817,-0.2268289029598236,-0.12139377743005753,-0.06502845138311386,-0.46568793058395386,-0.05665526166558266,-0.06045522540807724,-0.6455504894256592,-0.12053694576025009,-0.054454125463962555,-0.7568798661231995,-0.12497791647911072,-0.040278833359479904,-0.8706010580062866,-0.10781093686819077,0.0,0.0,0.0,0.0,0.0,0.0,0.0,0.0,0.0,0.0,0.0,0.0,0.0,0.0,0.0,0.0,0.0,0.0,0.0,0.0,0.0,0.0,0.0,0.0,0.0,0.0,0.0,0.0,0.0,0.0,0.0,0.0,0.0,0.0,0.0,0.0,0.0,0.0,0.0,0.0,0.0,0.0,0.0,0.0,0.0,0.0,0.0,0.0,0.0,0.0,0.0,0.0,0.0,0.0,0.0,0.0,0.0,0.0,0.0,0.0,0.0,0.0,0.0,WATER
0.0,0.0,0.0,0.15298353135585785,-0.04142823442816734,-0.05632128193974495,0.2770540714263916,-0.23085510730743408,-0.06489422172307968,0.3513030409812927,-0.3832252323627472,-0.07512214779853821,0.4294404685497284,-0.4547867178916931,-0.0839758813381195,0.21683992445468903,-0.4666613042354584,-0.040357090532779694,0.26467442512512207,-0.6862596869468689,-0.07934302091598511,0.28365254402160645,-0.8270066380500793,-0.09047266840934753,0.29815924167633057,-0.9498636722564697,-0.09412859380245209,0.1203143447637558,-0.48523545265197754,-0.0407990999519825,0.11038178950548172,-0.5669162273406982,-0.15720252692699432,0.08120635151863098,-0.3804430067539215,-0.1867423951625824,0.06834087520837784,-0.2351895123720169,-0.16904832422733307,0.026253310963511467,-0.4802117943763733,-0.04727604612708092,0.012135960161685944,-0.5443875789642334,-0.1623498499393463,0.014771702699363232,-0.36181050539016724,-0.16358396410942078,0.02709520421922207,-0.22831062972545624,-0.12198258191347122,-0.06397472321987152,-0.4665011465549469,-0.05685628950595856,-0.05967662110924721,-0.6458442211151123,-0.12046875059604645,-0.05354781821370125,-0.756445586681366,-0.12493737787008286,-0.039427101612091064,-0.8699995875358582,-0.1079886183142662,0.0,0.0,0.0,0.0,0.0,0.0,0.0,0.0,0.0,0.0,0.0,0.0,0.0,0.0,0.0,0.0,0.0,0.0,0.0,0.0,0.0,0.0,0.0,0.0,0.0,0.0,0.0,0.0,0.0,0.0,0.0,0.0,0.0,0.0,0.0,0.0,0.0,0.0,0.0,0.0,0.0,0.0,0.0,0.0,0.0,0.0,0.0,0.0,0.0,0.0,0.0,0.0,0.0,0.0,0.0,0.0,0.0,0.0,0.0,0.0,0.0,0.0,0.0,WATER
0.0,0.0,0.0,0.1530257761478424,-0.04288187995553017,-0.055229637771844864,0.27674251794815063,-0.23420627415180206,-0.06252884864807129,0.3480755686759949,-0.386406809091568,-0.07121867686510086,0.42742669582366943,-0.45259347558021545,-0.07850167155265808,0.21593818068504333,-0.4741215705871582,-0.038122501224279404,0.25966963171958923,-0.6904370188713074,-0.07664794474840164,0.2770634591579437,-0.8318760395050049,-0.08798786252737045,0.2904924750328064,-0.9525051712989807,-0.09136734902858734,0.11944711953401566,-0.4903436601161957,-0.038432247936725616,0.10718058049678802,-0.5723623037338257,-0.15311747789382935,0.08153259009122849,-0.38892245292663574,-0.18268908560276031,0.07220042496919632,-0.24422450363636017,-0.16472889482975006,0.02552366815507412,-0.4832000732421875,-0.04460003226995468,0.00626183720305562,-0.5392038226127625,-0.15895429253578186,0.009873290546238422,-0.35979828238487244,-0.16145837306976318,0.02305176481604576,-0.23003730177879333,-0.12017709761857986,-0.06477636098861694,-0.46859169006347656,-0.05352820083498955,-0.06057385727763176,-0.6480815410614014,-0.11622209846973419,-0.0539335198700428,-0.7570880055427551,-0.1196574941277504,-0.04060979560017586,-0.8695655465126038,-0.10148343443870544,0.0,0.0,0.0,0.0,0.0,0.0,0.0,0.0,0.0,0.0,0.0,0.0,0.0,0.0,0.0,0.0,0.0,0.0,0.0,0.0,0.0,0.0,0.0,0.0,0.0,0.0,0.0,0.0,0.0,0.0,0.0,0.0,0.0,0.0,0.0,0.0,0.0,0.0,0.0,0.0,0.0,0.0,0.0,0.0,0.0,0.0,0.0,0.0,0.0,0.0,0.0,0.0,0.0,0.0,0.0,0.0,0.0,0.0,0.0,0.0,0.0,0.0,0.0,WATER
0.0,0.0,0.0,0.15439999103546143,-0.04255017265677452,-0.05569201335310936,0.2775353491306305,-0.23082353174686432,-0.06415285170078278,0.349420428276062,-0.38422608375549316,-0.07411377876996994,0.4265899360179901,-0.4552445411682129,-0.08283156156539917,0.21499432623386383,-0.4673922657966614,-0.041177213191986084,0.2612820267677307,-0.6868627667427063,-0.08016785979270935,0.2797696590423584,-0.8278295397758484,-0.09159822016954422,0.2934139370918274,-0.9511863589286804,-0.0956701785326004,0.11851121485233307,-0.48537153005599976,-0.04167185351252556,0.10634922236204147,-0.5673889517784119,-0.15714721381664276,0.0797804445028305,-0.3822802007198334,-0.186354398727417,0.06849328428506851,-0.23864883184432983,-0.16893735527992249,0.02430827170610428,-0.47966304421424866,-0.047939483076334,0.007208007853478193,-0.5448482632637024,-0.16212554275989532,0.012005114927887917,-0.3635939657688141,-0.16278904676437378,0.026133757084608078,-0.23091533780097961,-0.12123708426952362,-0.06635171920061111,-0.46510958671569824,-0.05722843110561371,-0.06102162227034569,-0.6432945132255554,-0.12087921798229218,-0.05440632998943329,-0.7527003884315491,-0.12512686848640442,-0.040517862886190414,-0.8656244874000549,-0.10808604210615158,0.0,0.0,0.0,0.0,0.0,0.0,0.0,0.0,0.0,0.0,0.0,0.0,0.0,0.0,0.0,0.0,0.0,0.0,0.0,0.0,0.0,0.0,0.0,0.0,0.0,0.0,0.0,0.0,0.0,0.0,0.0,0.0,0.0,0.0,0.0,0.0,0.0,0.0,0.0,0.0,0.0,0.0,0.0,0.0,0.0,0.0,0.0,0.0,0.0,0.0,0.0,0.0,0.0,0.0,0.0,0.0,0.0,0.0,0.0,0.0,0.0,0.0,0.0,WATER
0.0,0.0,0.0,0.1554494947195053,-0.04211767017841339,-0.05453602224588394,0.27914559841156006,-0.23421840369701385,-0.061533067375421524,0.35109004378318787,-0.38817739486694336,-0.07015828043222427,0.43133190274238586,-0.4576862156391144,-0.07758807390928268,0.21482743322849274,-0.4707210063934326,-0.0379532091319561,0.26156044006347656,-0.6888043284416199,-0.07559813559055328,0.27962392568588257,-0.8298344612121582,-0.08601830899715424,0.2933197021484375,-0.9518334269523621,-0.08931203931570053,0.1182788759469986,-0.4868568181991577,-0.038424327969551086,0.10681752860546112,-0.5682116746902466,-0.15228486061096191,0.08075941354036331,-0.3840411305427551,-0.18117612600326538,0.070995032787323,-0.24032288789749146,-0.16355860233306885,0.024230102077126503,-0.479769229888916,-0.044693928211927414,0.006604188121855259,-0.5414717793464661,-0.1583862602710724,0.01117683108896017,-0.36039453744888306,-0.15969766676425934,0.025870095938444138,-0.22887824475765228,-0.11846704035997391,-0.066032774746418,-0.4642641544342041,-0.05377859249711037,-0.061520885676145554,-0.6428230404853821,-0.11709268391132355,-0.056033555418252945,-0.7527413368225098,-0.12137232720851898,-0.04321487993001938,-0.8659968972206116,-0.10430233925580978,0.0,0.0,0.0,0.0,0.0,0.0,0.0,0.0,0.0,0.0,0.0,0.0,0.0,0.0,0.0,0.0,0.0,0.0,0.0,0.0,0.0,0.0,0.0,0.0,0.0,0.0,0.0,0.0,0.0,0.0,0.0,0.0,0.0,0.0,0.0,0.0,0.0,0.0,0.0,0.0,0.0,0.0,0.0,0.0,0.0,0.0,0.0,0.0,0.0,0.0,0.0,0.0,0.0,0.0,0.0,0.0,0.0,0.0,0.0,0.0,0.0,0.0,0.0,WATER
0.0,0.0,0.0,0.1503007411956787,-0.0457274429500103,-0.05465191230177879,0.2726577818393707,-0.2321721911430359,-0.06323608756065369,0.3418560028076172,-0.3864772617816925,-0.07305163145065308,0.42168620228767395,-0.4566938281059265,-0.0820433646440506,0.20787569880485535,-0.4801480174064636,-0.03491232916712761,0.2525467276573181,-0.6925972700119019,-0.07191213220357895,0.2739887237548828,-0.8342838883399963,-0.08397083729505539,0.29006457328796387,-0.9530550837516785,-0.08688238263130188,0.1121755838394165,-0.4899531304836273,-0.03530852869153023,0.1076422929763794,-0.5690170526504517,-0.14271841943264008,0.08838331699371338,-0.3964693546295166,-0.17296551167964935,0.08123400062322617,-0.2562536895275116,-0.1569032371044159,0.020301947370171547,-0.47794458270072937,-0.04110666736960411,0.009396246634423733,-0.5270175337791443,-0.15127898752689362,0.016951724886894226,-0.35633939504623413,-0.15557563304901123,0.029546204954385757,-0.23423632979393005,-0.11632180213928223,-0.06779942661523819,-0.45946773886680603,-0.049246806651353836,-0.06398075819015503,-0.6414816379547119,-0.1076362282037735,-0.05486910417675972,-0.7518072128295898,-0.10749700665473938,-0.03950945660471916,-0.863438069820404,-0.08683925867080688,0.0,0.0,0.0,0.0,0.0,0.0,0.0,0.0,0.0,0.0,0.0,0.0,0.0,0.0,0.0,0.0,0.0,0.0,0.0,0.0,0.0,0.0,0.0,0.0,0.0,0.0,0.0,0.0,0.0,0.0,0.0,0.0,0.0,0.0,0.0,0.0,0.0,0.0,0.0,0.0,0.0,0.0,0.0,0.0,0.0,0.0,0.0,0.0,0.0,0.0,0.0,0.0,0.0,0.0,0.0,0.0,0.0,0.0,0.0,0.0,0.0,0.0,0.0,WATER
0.0,0.0,0.0,0.15385553240776062,-0.042549993842840195,-0.05728178098797798,0.2778480648994446,-0.22722291946411133,-0.06809921562671661,0.3489903211593628,-0.3831767737865448,-0.07988870143890381,0.4290373921394348,-0.45740169286727905,-0.09068702906370163,0.2137249857187271,-0.4725363850593567,-0.04047197103500366,0.2598320543766022,-0.6877855658531189,-0.08028654754161835,0.2831707298755646,-0.8293265104293823,-0.09321608394384384,0.3001292943954468,-0.9489975571632385,-0.09657181054353714,0.11927322298288345,-0.4872213304042816,-0.03982067108154297,0.11283937096595764,-0.5656560063362122,-0.1508025974035263,0.09099040925502777,-0.38766828179359436,-0.18008428812026978,0.08162311464548111,-0.2442592829465866,-0.16272708773612976,0.027570944279432297,-0.47905516624450684,-0.044870756566524506,0.01837889291346073,-0.5294063091278076,-0.15671682357788086,0.02326055057346821,-0.35582712292671204,-0.1586374193429947,0.03413750231266022,-0.2302350252866745,-0.11729537695646286,-0.06101670488715172,-0.46235185861587524,-0.05265428498387337,-0.05457732081413269,-0.6436843276023865,-0.11219508200883865,-0.04669344797730446,-0.7543333172798157,-0.11187752336263657,-0.03308948874473572,-0.8653414845466614,-0.09068101644515991,0.0,0.0,0.0,0.0,0.0,0.0,0.0,0.0,0.0,0.0,0.0,0.0,0.0,0.0,0.0,0.0,0.0,0.0,0.0,0.0,0.0,0.0,0.0,0.0,0.0,0.0,0.0,0.0,0.0,0.0,0.0,0.0,0.0,0.0,0.0,0.0,0.0,0.0,0.0,0.0,0.0,0.0,0.0,0.0,0.0,0.0,0.0,0.0,0.0,0.0,0.0,0.0,0.0,0.0,0.0,0.0,0.0,0.0,0.0,0.0,0.0,0.0,0.0,WATER
0.0,0.0,0.0,0.15498994290828705,-0.04410547763109207,-0.05357831344008446,0.2788023352622986,-0.23529060184955597,-0.062432803213596344,0.349979043006897,-0.39212319254875183,-0.0726187527179718,0.4326159358024597,-0.4577675461769104,-0.08216392993927002,0.21416081488132477,-0.47539639472961426,-0.03888001665472984,0.2607796788215637,-0.6902467012405396,-0.07575693726539612,0.2829517424106598,-0.8313086628913879,-0.08692298829555511,0.29851222038269043,-0.95017409324646,-0.08977541327476501,0.12041570991277695,-0.489784836769104,-0.03952530398964882,0.11371053010225296,-0.565635621547699,-0.14559462666511536,0.0908147543668747,-0.39203739166259766,-0.173447385430336,0.0799962729215622,-0.25298938155174255,-0.15701349079608917,0.02914779633283615,-0.4802095592021942,-0.04528513923287392,0.019476113840937614,-0.529758095741272,-0.15264087915420532,0.02383757382631302,-0.35744979977607727,-0.15407489240169525,0.03330930322408676,-0.23334944248199463,-0.11458472162485123,-0.059144314378499985,-0.4609081745147705,-0.05356092378497124,-0.05487743020057678,-0.6437652707099915,-0.11013738065958023,-0.0469583161175251,-0.7551406621932983,-0.10927774757146835,-0.033226341009140015,-0.8663286566734314,-0.08918622881174088,0.0,0.0,0.0,0.0,0.0,0.0,0.0,0.0,0.0,0.0,0.0,0.0,0.0,0.0,0.0,0.0,0.0,0.0,0.0,0.0,0.0,0.0,0.0,0.0,0.0,0.0,0.0,0.0,0.0,0.0,0.0,0.0,0.0,0.0,0.0,0.0,0.0,0.0,0.0,0.0,0.0,0.0,0.0,0.0,0.0,0.0,0.0,0.0,0.0,0.0,0.0,0.0,0.0,0.0,0.0,0.0,0.0,0.0,0.0,0.0,0.0,0.0,0.0,WATER
0.0,0.0,0.0,0.15441444516181946,-0.04728463664650917,-0.04999111592769623,0.2776511609554291,-0.2374199777841568,-0.057040728628635406,0.34942448139190674,-0.38997048139572144,-0.06575368344783783,0.4286315441131592,-0.45613887906074524,-0.07404521852731705,0.21056042611598969,-0.4790032207965851,-0.03609685227274895,0.25675827264785767,-0.6952764391899109,-0.07090946286916733,0.279144823551178,-0.8353074193000793,-0.08123260736465454,0.29443809390068054,-0.9520654678344727,-0.08293069899082184,0.11579101532697678,-0.48992449045181274,-0.037489328533411026,0.10924693197011948,-0.5662209987640381,-0.13952015340328217,0.09012554585933685,-0.3965878486633301,-0.16756552457809448,0.0820222795009613,-0.25991854071617126,-0.15208037197589874,0.024391716346144676,-0.47871682047843933,-0.043340519070625305,0.016048314049839973,-0.5278464555740356,-0.14701960980892181,0.023834731429815292,-0.3610646724700928,-0.14968551695346832,0.034611232578754425,-0.2399737685918808,-0.11187353730201721,-0.06349880248308182,-0.45819634199142456,-0.05124248191714287,-0.059490177780389786,-0.643520712852478,-0.10482290387153625,-0.051021676510572433,-0.756197988986969,-0.1025579422712326,-0.03768051415681839,-0.8650355339050293,-0.08162980526685715,0.0,0.0,0.0,0.0,0.0,0.0,0.0,0.0,0.0,0.0,0.0,0.0,0.0,0.0,0.0,0.0,0.0,0.0,0.0,0.0,0.0,0.0,0.0,0.0,0.0,0.0,0.0,0.0,0.0,0.0,0.0,0.0,0.0,0.0,0.0,0.0,0.0,0.0,0.0,0.0,0.0,0.0,0.0,0.0,0.0,0.0,0.0,0.0,0.0,0.0,0.0,0.0,0.0,0.0,0.0,0.0,0.0,0.0,0.0,0.0,0.0,0.0,0.0,WATER
0.0,0.0,0.0,0.15496964752674103,-0.04369426518678665,-0.05252886191010475,0.278728187084198,-0.22905614972114563,-0.06138091906905174,0.35244864225387573,-0.3874228894710541,-0.07177390903234482,0.43311697244644165,-0.45519793033599854,-0.08176002651453018,0.21694804728031158,-0.47289884090423584,-0.03675651177763939,0.264174222946167,-0.6894366145133972,-0.07207756489515305,0.285017192363739,-0.830646276473999,-0.08227212727069855,0.29859793186187744,-0.9506435990333557,-0.08435601741075516,0.12338677793741226,-0.4884994924068451,-0.03739684820175171,0.11477872729301453,-0.5626683235168457,-0.14256659150123596,0.09013798087835312,-0.3874555826187134,-0.1711122691631317,0.07595548033714294,-0.24879029393196106,-0.15511204302310944,0.032148849219083786,-0.4806351363658905,-0.04270618036389351,0.018680326640605927,-0.5339629650115967,-0.14818061888217926,0.02557067573070526,-0.36425331234931946,-0.14963707327842712,0.036947667598724365,-0.24140676856040955,-0.11069634556770325,-0.05773407593369484,-0.4613516330718994,-0.05041738972067833,-0.05400009825825691,-0.6427345871925354,-0.10463593900203705,-0.047632716596126556,-0.7522479295730591,-0.10228708386421204,-0.03588581457734108,-0.8610047101974487,-0.08122309297323227,0.0,0.0,0.0,0.0,0.0,0.0,0.0,0.0,0.0,0.0,0.0,0.0,0.0,0.0,0.0,0.0,0.0,0.0,0.0,0.0,0.0,0.0,0.0,0.0,0.0,0.0,0.0,0.0,0.0,0.0,0.0,0.0,0.0,0.0,0.0,0.0,0.0,0.0,0.0,0.0,0.0,0.0,0.0,0.0,0.0,0.0,0.0,0.0,0.0,0.0,0.0,0.0,0.0,0.0,0.0,0.0,0.0,0.0,0.0,0.0,0.0,0.0,0.0,WATER
0.0,0.0,0.0,0.1538330763578415,-0.05373421311378479,-0.04421538859605789,0.27777767181396484,-0.23899659514427185,-0.050004150718450546,0.3491673767566681,-0.38838818669319153,-0.0587473101913929,0.42602410912513733,-0.4511657953262329,-0.0674637109041214,0.20785702764987946,-0.48002734780311584,-0.03370146453380585,0.25494056940078735,-0.6961926817893982,-0.06736166775226593,0.2773692011833191,-0.8354208469390869,-0.07694752514362335,0.2927955090999603,-0.9529998898506165,-0.0778588056564331,0.11395788192749023,-0.4925687313079834,-0.03683091700077057,0.10594531148672104,-0.5588882565498352,-0.13624277710914612,0.08680834621191025,-0.39026087522506714,-0.16479770839214325,0.07671283185482025,-0.258319616317749,-0.1507396101951599,0.02419511415064335,-0.48397374153137207,-0.04330606386065483,0.010167455300688744,-0.5327957272529602,-0.1444171965122223,0.02007235959172249,-0.3701404631137848,-0.14800293743610382,0.03221473842859268,-0.2512917220592499,-0.11188197135925293,-0.06360951066017151,-0.46520113945007324,-0.05119719356298447,-0.059109367430210114,-0.6490685939788818,-0.10233275592327118,-0.05088658258318901,-0.7611614465713501,-0.09874408692121506,-0.03870260715484619,-0.8681846857070923,-0.07712949067354202,0.0,0.0,0.0,0.0,0.0,0.0,0.0,0.0,0.0,0.0,0.0,0.0,0.0,0.0,0.0,0.0,0.0,0.0,0.0,0.0,0.0,0.0,0.0,0.0,0.0,0.0,0.0,0.0,0.0,0.0,0.0,0.0,0.0,0.0,0.0,0.0,0.0,0.0,0.0,0.0,0.0,0.0,0.0,0.0,0.0,0.0,0.0,0.0,0.0,0.0,0.0,0.0,0.0,0.0,0.0,0.0,0.0,0.0,0.0,0.0,0.0,0.0,0.0,WATER
0.0,0.0,0.0,0.15155275166034698,-0.05130777508020401,-0.04740132391452789,0.27682140469551086,-0.23411838710308075,-0.05270638316869736,0.350955605506897,-0.37597039341926575,-0.060977526009082794,0.42821255326271057,-0.4442010223865509,-0.06920484453439713,0.21262283623218536,-0.48625409603118896,-0.02866736426949501,0.26171189546585083,-0.697272539138794,-0.0606236532330513,0.28970274329185486,-0.8347824215888977,-0.07092483341693878,0.3074473440647125,-0.9488584995269775,-0.07171934098005295,0.12220247089862823,-0.4999711513519287,-0.029818372800946236,0.10968789458274841,-0.5471590757369995,-0.1298726201057434,0.0900009423494339,-0.3728168308734894,-0.16108475625514984,0.07988704741001129,-0.23773649334907532,-0.14777597784996033,0.033433061093091965,-0.49229463934898376,-0.03518950566649437,0.014360541477799416,-0.527786135673523,-0.13686425983905792,0.021287759765982628,-0.3660709857940674,-0.14537960290908813,0.032457977533340454,-0.25420093536376953,-0.11209776252508163,-0.053748734295368195,-0.47542476654052734,-0.042341213673353195,-0.051135722547769547,-0.6527984142303467,-0.09313395619392395,-0.044782720506191254,-0.7637924551963806,-0.0918949767947197,-0.03222041204571724,-0.871411144733429,-0.0717424750328064,0.0,0.0,0.0,0.0,0.0,0.0,0.0,0.0,0.0,0.0,0.0,0.0,0.0,0.0,0.0,0.0,0.0,0.0,0.0,0.0,0.0,0.0,0.0,0.0,0.0,0.0,0.0,0.0,0.0,0.0,0.0,0.0,0.0,0.0,0.0,0.0,0.0,0.0,0.0,0.0,0.0,0.0,0.0,0.0,0.0,0.0,0.0,0.0,0.0,0.0,0.0,0.0,0.0,0.0,0.0,0.0,0.0,0.0,0.0,0.0,0.0,0.0,0.0,WATER
0.0,0.0,0.0,0.15387386083602905,-0.0448293462395668,-0.04853001609444618,0.2840626835823059,-0.2237846553325653,-0.055115945637226105,0.3573812246322632,-0.3723233640193939,-0.0645478367805481,0.4310510754585266,-0.4409152567386627,-0.07429908215999603,0.21534575521945953,-0.4819365441799164,-0.032185520976781845,0.2648884654045105,-0.6960727572441101,-0.06647276133298874,0.28966405987739563,-0.8331730961799622,-0.07711196690797806,0.30641669034957886,-0.9486901164054871,-0.07807641476392746,0.12338037043809891,-0.4920543432235718,-0.03365365043282509,0.11901481449604034,-0.5560567378997803,-0.13367481529712677,0.09950889647006989,-0.38915595412254333,-0.16413630545139313,0.08734836429357529,-0.25988781452178955,-0.150968998670578,0.03431481868028641,-0.48182135820388794,-0.03919561952352524,0.02292628400027752,-0.5291566252708435,-0.14343507587909698,0.028381148353219032,-0.36181139945983887,-0.14885219931602478,0.036207281053066254,-0.24368144571781158,-0.11262492090463638,-0.05397887900471687,-0.4647945463657379,-0.04628582298755646,-0.04461031034588814,-0.6464629769325256,-0.0989719033241272,-0.032074686139822006,-0.7560065984725952,-0.09546680003404617,-0.016113508492708206,-0.8644061088562012,-0.07321763038635254,0.0,0.0,0.0,0.0,0.0,0.0,0.0,0.0,0.0,0.0,0.0,0.0,0.0,0.0,0.0,0.0,0.0,0.0,0.0,0.0,0.0,0.0,0.0,0.0,0.0,0.0,0.0,0.0,0.0,0.0,0.0,0.0,0.0,0.0,0.0,0.0,0.0,0.0,0.0,0.0,0.0,0.0,0.0,0.0,0.0,0.0,0.0,0.0,0.0,0.0,0.0,0.0,0.0,0.0,0.0,0.0,0.0,0.0,0.0,0.0,0.0,0.0,0.0,WATER
0.0,0.0,0.0,0.1566208302974701,-0.042360443621873856,-0.048476558178663254,0.2875950336456299,-0.2211313098669052,-0.05539775267243385,0.36222925782203674,-0.36928677558898926,-0.06514940410852432,0.4363451600074768,-0.43602174520492554,-0.07523217797279358,0.22465577721595764,-0.4767325520515442,-0.03288661316037178,0.2721801698207855,-0.6923708915710449,-0.068482406437397,0.29487159848213196,-0.8303695321083069,-0.08022934198379517,0.30907708406448364,-0.9474403858184814,-0.08263255655765533,0.13233084976673126,-0.4871314764022827,-0.03491911664605141,0.12834139168262482,-0.5591376423835754,-0.13824473321437836,0.10790806263685226,-0.38954341411590576,-0.16919377446174622,0.09446635097265244,-0.2575630843639374,-0.1557658165693283,0.04182886704802513,-0.47676047682762146,-0.04112580046057701,0.031145235523581505,-0.5323086380958557,-0.14683863520622253,0.03642606362700462,-0.3623960018157959,-0.15060997009277344,0.04340710490942001,-0.24055998027324677,-0.11320734769105911,-0.04876469820737839,-0.45963001251220703,-0.049080848693847656,-0.03934425115585327,-0.6404135823249817,-0.10444547235965729,-0.026442458853125572,-0.7517375349998474,-0.10258659720420837,-0.010628148913383484,-0.8652242422103882,-0.081556536257267,0.0,0.0,0.0,0.0,0.0,0.0,0.0,0.0,0.0,0.0,0.0,0.0,0.0,0.0,0.0,0.0,0.0,0.0,0.0,0.0,0.0,0.0,0.0,0.0,0.0,0.0,0.0,0.0,0.0,0.0,0.0,0.0,0.0,0.0,0.0,0.0,0.0,0.0,0.0,0.0,0.0,0.0,0.0,0.0,0.0,0.0,0.0,0.0,0.0,0.0,0.0,0.0,0.0,0.0,0.0,0.0,0.0,0.0,0.0,0.0,0.0,0.0,0.0,WATER
0.0,0.0,0.0,0.15321055054664612,-0.03982600197196007,-0.04889342188835144,0.2869254946708679,-0.21717749536037445,-0.05652135983109474,0.3638576567173004,-0.367683470249176,-0.06651383638381958,0.43718400597572327,-0.43734171986579895,-0.0764586329460144,0.23073633015155792,-0.47430965304374695,-0.0364430695772171,0.2785135805606842,-0.6909525394439697,-0.07070465385913849,0.2986946403980255,-0.829355001449585,-0.081254743039608,0.312118798494339,-0.9463915824890137,-0.08321504294872284,0.13849982619285583,-0.49020418524742126,-0.037996359169483185,0.137590691447258,-0.5529523491859436,-0.1396743655204773,0.1118881106376648,-0.3826479911804199,-0.1699303686618805,0.09509900957345963,-0.2514010965824127,-0.15692783892154694,0.0485830083489418,-0.48279044032096863,-0.043456561863422394,0.040357742458581924,-0.5314690470695496,-0.14672236144542694,0.043771181255578995,-0.36285650730133057,-0.15056335926055908,0.04938432201743126,-0.24178175628185272,-0.1146298497915268,-0.04166539013385773,-0.4662538766860962,-0.05077272281050682,-0.031748246401548386,-0.6474233865737915,-0.10427146404981613,-0.019522568210959435,-0.7585969567298889,-0.10219833254814148,-0.003581327386200428,-0.8708396553993225,-0.0817091315984726,0.0,0.0,0.0,0.0,0.0,0.0,0.0,0.0,0.0,0.0,0.0,0.0,0.0,0.0,0.0,0.0,0.0,0.0,0.0,0.0,0.0,0.0,0.0,0.0,0.0,0.0,0.0,0.0,0.0,0.0,0.0,0.0,0.0,0.0,0.0,0.0,0.0,0.0,0.0,0.0,0.0,0.0,0.0,0.0,0.0,0.0,0.0,0.0,0.0,0.0,0.0,0.0,0.0,0.0,0.0,0.0,0.0,0.0,0.0,0.0,0.0,0.0,0.0,WATER
0.0,0.0,0.0,0.15174445509910583,-0.041700299829244614,-0.051012858748435974,0.2841660976409912,-0.21403753757476807,-0.061330366879701614,0.36026933789253235,-0.3647003471851349,-0.07398705184459686,0.4340026080608368,-0.43457716703414917,-0.08630960434675217,0.22776426374912262,-0.4757578670978546,-0.03762626275420189,0.2755065858364105,-0.6956511735916138,-0.07251959294080734,0.2950100302696228,-0.8323414921760559,-0.08280674368143082,0.30806979537010193,-0.947648823261261,-0.083992600440979,0.13457871973514557,-0.48889654874801636,-0.03867058455944061,0.13272510468959808,-0.5555806159973145,-0.14174418151378632,0.11013339459896088,-0.3886597752571106,-0.1731988936662674,0.09453681856393814,-0.25718817114830017,-0.16072675585746765,0.04499414190649986,-0.48157042264938354,-0.043747007846832275,0.03691759705543518,-0.5394441485404968,-0.14720933139324188,0.043654680252075195,-0.3732660412788391,-0.1516938954591751,0.05077504739165306,-0.2502705752849579,-0.11632336676120758,-0.04469502344727516,-0.46615034341812134,-0.05084499716758728,-0.03252322971820831,-0.6473904252052307,-0.10330171138048172,-0.019703034311532974,-0.7589314579963684,-0.100869320333004,-0.00512819504365325,-0.872671902179718,-0.08039594441652298,0.0,0.0,0.0,0.0,0.0,0.0,0.0,0.0,0.0,0.0,0.0,0.0,0.0,0.0,0.0,0.0,0.0,0.0,0.0,0.0,0.0,0.0,0.0,0.0,0.0,0.0,0.0,0.0,0.0,0.0,0.0,0.0,0.0,0.0,0.0,0.0,0.0,0.0,0.0,0.0,0.0,0.0,0.0,0.0,0.0,0.0,0.0,0.0,0.0,0.0,0.0,0.0,0.0,0.0,0.0,0.0,0.0,0.0,0.0,0.0,0.0,0.0,0.0,WATER
0.0,0.0,0.0,0.1530115306377411,-0.037970516830682755,-0.047913409769535065,0.28792741894721985,-0.2137182056903839,-0.0564475879073143,0.36666932702064514,-0.3652886748313904,-0.06815016269683838,0.44141829013824463,-0.4301653206348419,-0.08002031594514847,0.22898700833320618,-0.47457316517829895,-0.03409048542380333,0.27695703506469727,-0.697257399559021,-0.0659174770116806,0.2981184720993042,-0.8326708078384399,-0.0746147409081459,0.3126625418663025,-0.9468741416931152,-0.07530944049358368,0.13729596138000488,-0.489440381526947,-0.03572165220975876,0.13354554772377014,-0.5410018563270569,-0.13650360703468323,0.10639192163944244,-0.37016090750694275,-0.16732649505138397,0.08633779734373093,-0.23960016667842865,-0.15503668785095215,0.04870747774839401,-0.48376715183258057,-0.04091809689998627,0.0374097116291523,-0.5393141508102417,-0.14134782552719116,0.04333220049738884,-0.3715696632862091,-0.1447933167219162,0.0507991760969162,-0.24813565611839294,-0.10979118943214417,-0.04139192774891853,-0.4688456654548645,-0.048078425228595734,-0.03007311001420021,-0.6468705534934998,-0.09860439598560333,-0.021004972979426384,-0.757904589176178,-0.09561380743980408,-0.00884227268397808,-0.8709463477134705,-0.07503528147935867,0.0,0.0,0.0,0.0,0.0,0.0,0.0,0.0,0.0,0.0,0.0,0.0,0.0,0.0,0.0,0.0,0.0,0.0,0.0,0.0,0.0,0.0,0.0,0.0,0.0,0.0,0.0,0.0,0.0,0.0,0.0,0.0,0.0,0.0,0.0,0.0,0.0,0.0,0.0,0.0,0.0,0.0,0.0,0.0,0.0,0.0,0.0,0.0,0.0,0.0,0.0,0.0,0.0,0.0,0.0,0.0,0.0,0.0,0.0,0.0,0.0,0.0,0.0,WATER
0.0,0.0,0.0,0.1572028249502182,-0.038786061108112335,-0.04530941694974899,0.2905518710613251,-0.213359534740448,-0.05228729173541069,0.36780205368995667,-0.3606371581554413,-0.06245395168662071,0.4413759112358093,-0.42476212978363037,-0.07278644293546677,0.2326669543981552,-0.47199133038520813,-0.034436050802469254,0.27924859523773193,-0.6947459578514099,-0.06708585470914841,0.29794713854789734,-0.8317826390266418,-0.07571202516555786,0.3101426064968109,-0.947627604007721,-0.07624752074480057,0.13891375064849854,-0.48619094491004944,-0.037383783608675,0.13718652725219727,-0.5562655329704285,-0.13666337728500366,0.1155022531747818,-0.38868653774261475,-0.1659284234046936,0.10041017830371857,-0.2591167986392975,-0.1531502604484558,0.04933454096317291,-0.48048877716064453,-0.04378117248415947,0.04444536939263344,-0.5420219898223877,-0.14418834447860718,0.049433521926403046,-0.3718160390853882,-0.1466849446296692,0.05401597172021866,-0.24871158599853516,-0.11113297939300537,-0.04010101780295372,-0.46617019176483154,-0.05184555426239967,-0.0277700237929821,-0.6487547755241394,-0.10299334675073624,-0.016000833362340927,-0.7588105797767639,-0.09984201937913895,-0.002205646364018321,-0.8725216388702393,-0.07956922799348831,0.0,0.0,0.0,0.0,0.0,0.0,0.0,0.0,0.0,0.0,0.0,0.0,0.0,0.0,0.0,0.0,0.0,0.0,0.0,0.0,0.0,0.0,0.0,0.0,0.0,0.0,0.0,0.0,0.0,0.0,0.0,0.0,0.0,0.0,0.0,0.0,0.0,0.0,0.0,0.0,0.0,0.0,0.0,0.0,0.0,0.0,0.0,0.0,0.0,0.0,0.0,0.0,0.0,0.0,0.0,0.0,0.0,0.0,0.0,0.0,0.0,0.0,0.0,WATER
0.0,0.0,0.0,0.1571914404630661,-0.03943169116973877,-0.048705484718084335,0.29389628767967224,-0.20784156024456024,-0.0575268529355526,0.3721962869167328,-0.3549260199069977,-0.06996402889490128,0.4475238025188446,-0.42176875472068787,-0.08221238106489182,0.2346578687429428,-0.47417402267456055,-0.030154090374708176,0.281920462846756,-0.6926661729812622,-0.06517793238162994,0.30106818675994873,-0.8297607898712158,-0.07594934105873108,0.31417232751846313,-0.9461979269981384,-0.077492356300354,0.14141564071178436,-0.4885667562484741,-0.03297293931245804,0.13703086972236633,-0.5585669279098511,-0.13624802231788635,0.11762259155511856,-0.39026716351509094,-0.16797882318496704,0.10562213510274887,-0.2584085464477539,-0.1554042249917984,0.0518687479197979,-0.4835182726383209,-0.040429018437862396,0.04359763115644455,-0.5407958626747131,-0.1450400948524475,0.05055601894855499,-0.3680116832256317,-0.14943136274814606,0.058440711349248886,-0.24318180978298187,-0.11332501471042633,-0.038154855370521545,-0.4709527790546417,-0.04998379200696945,-0.02664811536669731,-0.6507861614227295,-0.10251707583665848,-0.015517269261181355,-0.7596093416213989,-0.09988374263048172,-0.0022291068453341722,-0.8733320236206055,-0.07922915369272232,0.0,0.0,0.0,0.0,0.0,0.0,0.0,0.0,0.0,0.0,0.0,0.0,0.0,0.0,0.0,0.0,0.0,0.0,0.0,0.0,0.0,0.0,0.0,0.0,0.0,0.0,0.0,0.0,0.0,0.0,0.0,0.0,0.0,0.0,0.0,0.0,0.0,0.0,0.0,0.0,0.0,0.0,0.0,0.0,0.0,0.0,0.0,0.0,0.0,0.0,0.0,0.0,0.0,0.0,0.0,0.0,0.0,0.0,0.0,0.0,0.0,0.0,0.0,WATER
0.0,0.0,0.0,0.15727487206459045,-0.042307522147893906,-0.05357935279607773,0.29139211773872375,-0.21173124015331268,-0.06328386068344116,0.36955735087394714,-0.3528795838356018,-0.07441608607769012,0.4455595910549164,-0.418153315782547,-0.08443000912666321,0.22910518944263458,-0.4747961461544037,-0.03487114608287811,0.2745974361896515,-0.6924863457679749,-0.07087306678295135,0.2917657792568207,-0.830764889717102,-0.08270705491304398,0.3035997748374939,-0.9489007592201233,-0.08610773086547852,0.13442480564117432,-0.4868193566799164,-0.0358940064907074,0.13390639424324036,-0.5742917060852051,-0.1416277140378952,0.11721006780862808,-0.4029574692249298,-0.1723857969045639,0.10960204899311066,-0.2671220898628235,-0.1585610955953598,0.04384579136967659,-0.4774908721446991,-0.04224872216582298,0.042716410011053085,-0.5430157780647278,-0.14884357154369354,0.05263391509652138,-0.37185314297676086,-0.15269510447978973,0.06291113048791885,-0.250024676322937,-0.11610360443592072,-0.04497522860765457,-0.46117380261421204,-0.051280274987220764,-0.032755933701992035,-0.6433635354042053,-0.10910652577877045,-0.01930413581430912,-0.754809558391571,-0.11070796102285385,-0.0027561073657125235,-0.8735771775245667,-0.09319975972175598,0.0,0.0,0.0,0.0,0.0,0.0,0.0,0.0,0.0,0.0,0.0,0.0,0.0,0.0,0.0,0.0,0.0,0.0,0.0,0.0,0.0,0.0,0.0,0.0,0.0,0.0,0.0,0.0,0.0,0.0,0.0,0.0,0.0,0.0,0.0,0.0,0.0,0.0,0.0,0.0,0.0,0.0,0.0,0.0,0.0,0.0,0.0,0.0,0.0,0.0,0.0,0.0,0.0,0.0,0.0,0.0,0.0,0.0,0.0,0.0,0.0,0.0,0.0,WATER
0.0,0.0,0.0,0.15864403545856476,-0.03468049317598343,-0.05277666822075844,0.29458072781562805,-0.20542308688163757,-0.06260097026824951,0.37366917729377747,-0.3460528552532196,-0.0752272829413414,0.45007944107055664,-0.4098816514015198,-0.08737946301698685,0.23071777820587158,-0.47577789425849915,-0.031024882569909096,0.2750979959964752,-0.6967306733131409,-0.06620282679796219,0.2940244674682617,-0.8326143622398376,-0.07714688032865524,0.3087036907672882,-0.9478195905685425,-0.0796244740486145,0.13747243583202362,-0.4870302081108093,-0.0329521968960762,0.13906380534172058,-0.5706464648246765,-0.14020197093486786,0.11669359356164932,-0.3974035382270813,-0.1717044711112976,0.1039617508649826,-0.26012474298477173,-0.15750475227832794,0.04662489891052246,-0.4783322513103485,-0.040447577834129333,0.04517648369073868,-0.5464213490486145,-0.14875805377960205,0.05002856254577637,-0.370505690574646,-0.1527988463640213,0.05775034427642822,-0.24508315324783325,-0.11518053710460663,-0.04371575638651848,-0.46343523263931274,-0.050513144582509995,-0.029629839584231377,-0.6440953612327576,-0.10775405168533325,-0.01774132065474987,-0.7541064023971558,-0.10894627124071121,-0.0019223522394895554,-0.8724657297134399,-0.09078089147806168,0.0,0.0,0.0,0.0,0.0,0.0,0.0,0.0,0.0,0.0,0.0,0.0,0.0,0.0,0.0,0.0,0.0,0.0,0.0,0.0,0.0,0.0,0.0,0.0,0.0,0.0,0.0,0.0,0.0,0.0,0.0,0.0,0.0,0.0,0.0,0.0,0.0,0.0,0.0,0.0,0.0,0.0,0.0,0.0,0.0,0.0,0.0,0.0,0.0,0.0,0.0,0.0,0.0,0.0,0.0,0.0,0.0,0.0,0.0,0.0,0.0,0.0,0.0,WATER
0.0,0.0,0.0,0.16113637387752533,-0.03388005495071411,-0.05084056034684181,0.2981688678264618,-0.20658451318740845,-0.05872868746519089,0.37700778245925903,-0.347092866897583,-0.06981868296861649,0.45213571190834045,-0.40752914547920227,-0.0806417465209961,0.23106832802295685,-0.4747273325920105,-0.029446642845869064,0.2765399217605591,-0.6952542066574097,-0.0639239251613617,0.2954178750514984,-0.8314116597175598,-0.07457157224416733,0.3097977340221405,-0.9476556777954102,-0.07729270309209824,0.1371820718050003,-0.4854534864425659,-0.03245530277490616,0.14062893390655518,-0.5702953934669495,-0.13925056159496307,0.11795426905155182,-0.3950877785682678,-0.17037901282310486,0.10442506521940231,-0.25804802775382996,-0.1561894565820694,0.04661238566040993,-0.4762903153896332,-0.04093208536505699,0.04698638617992401,-0.5430643558502197,-0.14976131916046143,0.050986092537641525,-0.36389026045799255,-0.15347270667552948,0.057551898062229156,-0.23739127814769745,-0.11551385372877121,-0.042830951511859894,-0.46107837557792664,-0.051934342831373215,-0.02732273004949093,-0.643004298210144,-0.11051332205533981,-0.01540528703480959,-0.754400908946991,-0.11254725605249405,0.0004469325940590352,-0.8733522891998291,-0.09500366449356079,0.0,0.0,0.0,0.0,0.0,0.0,0.0,0.0,0.0,0.0,0.0,0.0,0.0,0.0,0.0,0.0,0.0,0.0,0.0,0.0,0.0,0.0,0.0,0.0,0.0,0.0,0.0,0.0,0.0,0.0,0.0,0.0,0.0,0.0,0.0,0.0,0.0,0.0,0.0,0.0,0.0,0.0,0.0,0.0,0.0,0.0,0.0,0.0,0.0,0.0,0.0,0.0,0.0,0.0,0.0,0.0,0.0,0.0,0.0,0.0,0.0,0.0,0.0,WATER
0.0,0.0,0.0,0.16228890419006348,-0.03618704155087471,-0.04830102249979973,0.29791659116744995,-0.205994114279747,-0.05546845123171806,0.3750854730606079,-0.34396037459373474,-0.06636021286249161,0.44957661628723145,-0.40386563539505005,-0.07724866271018982,0.23138558864593506,-0.4730237126350403,-0.027600206434726715,0.27715709805488586,-0.6939728856086731,-0.06230167672038078,0.2959428131580353,-0.8304965496063232,-0.07308585941791534,0.310684472322464,-0.9474681615829468,-0.07602138817310333,0.1375267654657364,-0.48302289843559265,-0.032448384910821915,0.1400669813156128,-0.5753384828567505,-0.13833041489124298,0.11913170665502548,-0.4028298556804657,-0.16953477263450623,0.1077367514371872,-0.267232209444046,-0.15599845349788666,0.04684260115027428,-0.4727734625339508,-0.04255073145031929,0.04717104136943817,-0.5435419678688049,-0.15067745745182037,0.050820257514715195,-0.36583808064460754,-0.15386196970939636,0.057397183030843735,-0.24126572906970978,-0.11606881767511368,-0.042876917868852615,-0.45657625794410706,-0.055037721991539,-0.02840738371014595,-0.6390760540962219,-0.11369859427213669,-0.015870684757828712,-0.7504483461380005,-0.11542303115129471,0.0003556559677235782,-0.869988203048706,-0.09799163788557053,0.0,0.0,0.0,0.0,0.0,0.0,0.0,0.0,0.0,0.0,0.0,0.0,0.0,0.0,0.0,0.0,0.0,0.0,0.0,0.0,0.0,0.0,0.0,0.0,0.0,0.0,0.0,0.0,0.0,0.0,0.0,0.0,0.0,0.0,0.0,0.0,0.0,0.0,0.0,0.0,0.0,0.0,0.0,0.0,0.0,0.0,0.0,0.0,0.0,0.0,0.0,0.0,0.0,0.0,0.0,0.0,0.0,0.0,0.0,0.0,0.0,0.0,0.0,WATER
0.0,0.0,0.0,0.1604970097541809,-0.03446691483259201,-0.04696127027273178,0.29656219482421875,-0.20618045330047607,-0.05339962616562843,0.3758960962295532,-0.3446088135242462,-0.06374327093362808,0.44980302453041077,-0.4071926474571228,-0.07419314235448837,0.2284519076347351,-0.4767914414405823,-0.02554091438651085,0.2746327221393585,-0.697449803352356,-0.05679764226078987,0.2942386865615845,-0.8322808146476746,-0.06582958996295929,0.3095700740814209,-0.9484404921531677,-0.06802228838205338,0.1357118934392929,-0.4868938624858856,-0.03007529117166996,0.13859708607196808,-0.5671388506889343,-0.13393720984458923,0.11282527446746826,-0.3896044194698334,-0.16454751789569855,0.09640704095363617,-0.2516080439090729,-0.15079928934574127,0.0455167181789875,-0.47706618905067444,-0.03956786170601845,0.04477541148662567,-0.5471164584159851,-0.14506500959396362,0.04859670251607895,-0.36871516704559326,-0.14827021956443787,0.05560804158449173,-0.24189525842666626,-0.11135309934616089,-0.04415561631321907,-0.46077030897140503,-0.05131956562399864,-0.031578365713357925,-0.643689751625061,-0.10817485302686691,-0.02138085663318634,-0.7558593153953552,-0.1100786030292511,-0.005955148953944445,-0.8755811452865601,-0.09314855933189392,0.0,0.0,0.0,0.0,0.0,0.0,0.0,0.0,0.0,0.0,0.0,0.0,0.0,0.0,0.0,0.0,0.0,0.0,0.0,0.0,0.0,0.0,0.0,0.0,0.0,0.0,0.0,0.0,0.0,0.0,0.0,0.0,0.0,0.0,0.0,0.0,0.0,0.0,0.0,0.0,0.0,0.0,0.0,0.0,0.0,0.0,0.0,0.0,0.0,0.0,0.0,0.0,0.0,0.0,0.0,0.0,0.0,0.0,0.0,0.0,0.0,0.0,0.0,WATER
0.0,0.0,0.0,0.16165588796138763,-0.037102919071912766,-0.051605790853500366,0.2977282702922821,-0.20563839375972748,-0.060390181839466095,0.37502527236938477,-0.34278619289398193,-0.07219289243221283,0.4493325650691986,-0.40478426218032837,-0.08374330401420593,0.2337232530117035,-0.4755193293094635,-0.029638726264238358,0.27930977940559387,-0.6927909851074219,-0.06446020305156708,0.29810041189193726,-0.8291665315628052,-0.07524129003286362,0.31424766778945923,-0.9461172819137573,-0.07817033678293228,0.13880953192710876,-0.48449239134788513,-0.03382930904626846,0.14324301481246948,-0.5829936861991882,-0.13929571211338043,0.12345344573259354,-0.41166314482688904,-0.17067356407642365,0.11331783980131149,-0.2737986445426941,-0.1569281667470932,0.04817759990692139,-0.47219595313072205,-0.04358183965086937,0.05032659322023392,-0.5435351133346558,-0.15248127281665802,0.05438045784831047,-0.3659929931163788,-0.15685433149337769,0.06103983148932457,-0.24256263673305511,-0.1192375123500824,-0.04010385274887085,-0.45485174655914307,-0.05578697845339775,-0.024744348600506783,-0.6380429267883301,-0.11410415917634964,-0.012390131130814552,-0.7481754422187805,-0.11535268276929855,0.0027801136020570993,-0.8690159320831299,-0.09749286621809006,0.0,0.0,0.0,0.0,0.0,0.0,0.0,0.0,0.0,0.0,0.0,0.0,0.0,0.0,0.0,0.0,0.0,0.0,0.0,0.0,0.0,0.0,0.0,0.0,0.0,0.0,0.0,0.0,0.0,0.0,0.0,0.0,0.0,0.0,0.0,0.0,0.0,0.0,0.0,0.0,0.0,0.0,0.0,0.0,0.0,0.0,0.0,0.0,0.0,0.0,0.0,0.0,0.0,0.0,0.0,0.0,0.0,0.0,0.0,0.0,0.0,0.0,0.0,WATER
0.0,0.0,0.0,0.15827679634094238,-0.03827498108148575,-0.05001627653837204,0.293357789516449,-0.20832327008247375,-0.05914407595992088,0.3729201555252075,-0.34730955958366394,-0.07159208506345749,0.4466935694217682,-0.41363099217414856,-0.08343730121850967,0.2268209010362625,-0.47660642862319946,-0.027491647750139236,0.27436456084251404,-0.6980938911437988,-0.06051328033208847,0.294127494096756,-0.8323718905448914,-0.07032384723424911,0.31001153588294983,-0.9479288458824158,-0.0729648545384407,0.1347610205411911,-0.48657211661338806,-0.031899020075798035,0.1444055140018463,-0.5777320861816406,-0.1373373568058014,0.12107594311237335,-0.40482383966445923,-0.16850200295448303,0.10587938874959946,-0.26685458421707153,-0.1550867259502411,0.045436978340148926,-0.4770438075065613,-0.04180695861577988,0.05176720768213272,-0.5528294444084167,-0.14817726612091064,0.05503739044070244,-0.37715694308280945,-0.1516469568014145,0.05999600887298584,-0.2520420551300049,-0.11493409425020218,-0.04263406619429588,-0.46114322543144226,-0.05433444306254387,-0.027589747682213783,-0.6426051259040833,-0.11113110929727554,-0.016033358871936798,-0.7539532780647278,-0.11322718858718872,-0.001159230712801218,-0.8741635084152222,-0.09682443737983704,0.0,0.0,0.0,0.0,0.0,0.0,0.0,0.0,0.0,0.0,0.0,0.0,0.0,0.0,0.0,0.0,0.0,0.0,0.0,0.0,0.0,0.0,0.0,0.0,0.0,0.0,0.0,0.0,0.0,0.0,0.0,0.0,0.0,0.0,0.0,0.0,0.0,0.0,0.0,0.0,0.0,0.0,0.0,0.0,0.0,0.0,0.0,0.0,0.0,0.0,0.0,0.0,0.0,0.0,0.0,0.0,0.0,0.0,0.0,0.0,0.0,0.0,0.0,WATER
0.0,0.0,0.0,0.15727244317531586,-0.039603132754564285,-0.04869075119495392,0.2918805181980133,-0.21063122153282166,-0.05691296607255936,0.37119272351264954,-0.34817472100257874,-0.06906542181968689,0.443834513425827,-0.4139408767223358,-0.08101801574230194,0.22484953701496124,-0.47950518131256104,-0.023579465225338936,0.2723655104637146,-0.7006750106811523,-0.05557674542069435,0.2928372323513031,-0.8332012891769409,-0.06547223031520844,0.3098563253879547,-0.9483263492584229,-0.06830864399671555,0.13327376544475555,-0.4885936677455902,-0.028668830171227455,0.14503562450408936,-0.5812097191810608,-0.1330963522195816,0.12076035887002945,-0.40689077973365784,-0.1643214374780655,0.10374639928340912,-0.2689325511455536,-0.15083171427249908,0.04412822052836418,-0.4781610667705536,-0.039294835180044174,0.05326065793633461,-0.5568543672561646,-0.14465706050395966,0.055158644914627075,-0.37953242659568787,-0.14751558005809784,0.05836460366845131,-0.2538577616214752,-0.11030247062444687,-0.04421320557594299,-0.46159565448760986,-0.052549779415130615,-0.02797628566622734,-0.6420243978500366,-0.10854434221982956,-0.01558514405041933,-0.751232922077179,-0.10993506014347076,-3.71099122276064e-05,-0.8698150515556335,-0.09295294433832169,0.0,0.0,0.0,0.0,0.0,0.0,0.0,0.0,0.0,0.0,0.0,0.0,0.0,0.0,0.0,0.0,0.0,0.0,0.0,0.0,0.0,0.0,0.0,0.0,0.0,0.0,0.0,0.0,0.0,0.0,0.0,0.0,0.0,0.0,0.0,0.0,0.0,0.0,0.0,0.0,0.0,0.0,0.0,0.0,0.0,0.0,0.0,0.0,0.0,0.0,0.0,0.0,0.0,0.0,0.0,0.0,0.0,0.0,0.0,0.0,0.0,0.0,0.0,WATER
0.0,0.0,0.0,0.15696939826011658,-0.038885828107595444,-0.0461922213435173,0.29150789976119995,-0.20944121479988098,-0.0541304275393486,0.37145671248435974,-0.34742388129234314,-0.0669357031583786,0.44335225224494934,-0.4112820625305176,-0.07993930578231812,0.22549931704998016,-0.4742409884929657,-0.023840414360165596,0.2734684348106384,-0.698790967464447,-0.05630841106176376,0.2953307330608368,-0.8309899568557739,-0.06655098497867584,0.312597393989563,-0.9473119378089905,-0.069877490401268,0.13413116335868835,-0.4842180609703064,-0.030318737030029297,0.14303834736347198,-0.5715104937553406,-0.13550880551338196,0.11941738426685333,-0.39672455191612244,-0.16749712824821472,0.1013716533780098,-0.26158636808395386,-0.15530914068222046,0.0451747365295887,-0.47528353333473206,-0.04187936335802078,0.05056721717119217,-0.5564090013504028,-0.14674578607082367,0.05408404767513275,-0.3813769519329071,-0.14958442747592926,0.05786389485001564,-0.2555619180202484,-0.11321303993463516,-0.04387734830379486,-0.460082083940506,-0.05599699541926384,-0.02873876504600048,-0.639715313911438,-0.11197292059659958,-0.01634175144135952,-0.7506645321846008,-0.1138439029455185,-0.0011997203109785914,-0.8699640035629272,-0.09753857553005219,0.0,0.0,0.0,0.0,0.0,0.0,0.0,0.0,0.0,0.0,0.0,0.0,0.0,0.0,0.0,0.0,0.0,0.0,0.0,0.0,0.0,0.0,0.0,0.0,0.0,0.0,0.0,0.0,0.0,0.0,0.0,0.0,0.0,0.0,0.0,0.0,0.0,0.0,0.0,0.0,0.0,0.0,0.0,0.0,0.0,0.0,0.0,0.0,0.0,0.0,0.0,0.0,0.0,0.0,0.0,0.0,0.0,0.0,0.0,0.0,0.0,0.0,0.0,WATER
0.0,0.0,0.0,0.1566445678472519,-0.04287362098693848,-0.04388611018657684,0.28889042139053345,-0.21214042603969574,-0.05147867649793625,0.3698566257953644,-0.3489834666252136,-0.0643540769815445,0.44214877486228943,-0.41466906666755676,-0.07749936729669571,0.22537095844745636,-0.4745923578739166,-0.022413115948438644,0.27377018332481384,-0.6990793943405151,-0.05448627844452858,0.2947399318218231,-0.8315997123718262,-0.06463177502155304,0.3101613521575928,-0.9482728838920593,-0.06766441464424133,0.13359378278255463,-0.4848730266094208,-0.029723646119236946,0.14122319221496582,-0.5721301436424255,-0.13311070203781128,0.12016361951828003,-0.3986692428588867,-0.16490453481674194,0.10391499847173691,-0.2646190822124481,-0.15313732624053955,0.044082529842853546,-0.47689127922058105,-0.04182520508766174,0.0484035424888134,-0.5592600107192993,-0.14441372454166412,0.054553285241127014,-0.3856680393218994,-0.14703039824962616,0.06016727164387703,-0.2599967420101166,-0.111327163875103,-0.04543185606598854,-0.46208304166793823,-0.056315697729587555,-0.030926454812288284,-0.6410210132598877,-0.11009523272514343,-0.01836627535521984,-0.7510565519332886,-0.11094506084918976,-0.0033336705528199673,-0.8685448169708252,-0.09435923397541046,0.0,0.0,0.0,0.0,0.0,0.0,0.0,0.0,0.0,0.0,0.0,0.0,0.0,0.0,0.0,0.0,0.0,0.0,0.0,0.0,0.0,0.0,0.0,0.0,0.0,0.0,0.0,0.0,0.0,0.0,0.0,0.0,0.0,0.0,0.0,0.0,0.0,0.0,0.0,0.0,0.0,0.0,0.0,0.0,0.0,0.0,0.0,0.0,0.0,0.0,0.0,0.0,0.0,0.0,0.0,0.0,0.0,0.0,0.0,0.0,0.0,0.0,0.0,WATER
0.0,0.0,0.0,0.15616768598556519,-0.043796248733997345,-0.04261355847120285,0.28733521699905396,-0.21315224468708038,-0.050193820148706436,0.3696945905685425,-0.3498791754245758,-0.06355669349431992,0.4432674050331116,-0.4119451642036438,-0.07743265479803085,0.22507338225841522,-0.4753749966621399,-0.020174887031316757,0.2740938365459442,-0.6999098062515259,-0.05195508897304535,0.2960813343524933,-0.8322064280509949,-0.06200611591339111,0.31134575605392456,-0.948089599609375,-0.06472932547330856,0.13400712609291077,-0.48518824577331543,-0.027686459943652153,0.14126507937908173,-0.5700212717056274,-0.13064567744731903,0.12060465663671494,-0.39682263135910034,-0.16271528601646423,0.1030256524682045,-0.26255708932876587,-0.1511012464761734,0.04543118178844452,-0.477672815322876,-0.03982280567288399,0.04800492525100708,-0.5603337287902832,-0.1412457972764969,0.05577368661761284,-0.3884766101837158,-0.1439359486103058,0.061608098447322845,-0.2624935209751129,-0.10854846239089966,-0.044106923043727875,-0.4631294012069702,-0.054207198321819305,-0.029281146824359894,-0.6394481062889099,-0.10622378438711166,-0.01690322905778885,-0.7477753162384033,-0.10596472769975662,-0.0034617320634424686,-0.8638641238212585,-0.08872050791978836,0.0,0.0,0.0,0.0,0.0,0.0,0.0,0.0,0.0,0.0,0.0,0.0,0.0,0.0,0.0,0.0,0.0,0.0,0.0,0.0,0.0,0.0,0.0,0.0,0.0,0.0,0.0,0.0,0.0,0.0,0.0,0.0,0.0,0.0,0.0,0.0,0.0,0.0,0.0,0.0,0.0,0.0,0.0,0.0,0.0,0.0,0.0,0.0,0.0,0.0,0.0,0.0,0.0,0.0,0.0,0.0,0.0,0.0,0.0,0.0,0.0,0.0,0.0,WATER
0.0,0.0,0.0,0.15749698877334595,-0.0431666225194931,-0.04610888659954071,0.2903255820274353,-0.21339751780033112,-0.05448007583618164,0.37456294894218445,-0.3510591983795166,-0.06765615940093994,0.44911161065101624,-0.4164853096008301,-0.08103873580694199,0.22532358765602112,-0.47870054841041565,-0.02219235897064209,0.2734259366989136,-0.6999338269233704,-0.05463503301143646,0.29663363099098206,-0.832245945930481,-0.0652795135974884,0.3131644129753113,-0.9472455978393555,-0.06821918487548828,0.13385863602161407,-0.4889002740383148,-0.027743933722376823,0.1405261605978012,-0.5728790760040283,-0.13169248402118683,0.1179962083697319,-0.398225337266922,-0.1638254076242447,0.09924166649580002,-0.26226580142974854,-0.15145570039749146,0.044900089502334595,-0.48055216670036316,-0.038321323692798615,0.04580580070614815,-0.561564564704895,-0.1409497857093811,0.05161388963460922,-0.391268789768219,-0.14408054947853088,0.057009052485227585,-0.26679161190986633,-0.10805945098400116,-0.04412524402141571,-0.4649331569671631,-0.051362112164497375,-0.028736261650919914,-0.6441946625709534,-0.10497313737869263,-0.016584472730755806,-0.7548894882202148,-0.10563811659812927,-0.0033796201460063457,-0.872883677482605,-0.08827150613069534,0.0,0.0,0.0,0.0,0.0,0.0,0.0,0.0,0.0,0.0,0.0,0.0,0.0,0.0,0.0,0.0,0.0,0.0,0.0,0.0,0.0,0.0,0.0,0.0,0.0,0.0,0.0,0.0,0.0,0.0,0.0,0.0,0.0,0.0,0.0,0.0,0.0,0.0,0.0,0.0,0.0,0.0,0.0,0.0,0.0,0.0,0.0,0.0,0.0,0.0,0.0,0.0,0.0,0.0,0.0,0.0,0.0,0.0,0.0,0.0,0.0,0.0,0.0,WATER
0.0,0.0,0.0,0.15795238316059113,-0.04093345254659653,-0.043454769998788834,0.29103928804397583,-0.20910772681236267,-0.051261916756629944,0.37736156582832336,-0.3473585247993469,-0.06462320685386658,0.4528801739215851,-0.41073623299598694,-0.07835457473993301,0.2289980947971344,-0.4723251760005951,-0.02042778953909874,0.2805480360984802,-0.6956400871276855,-0.05039917305111885,0.302278995513916,-0.8286641240119934,-0.05935480818152428,0.3178430497646332,-0.9461026191711426,-0.06217413395643234,0.13907845318317413,-0.4830521047115326,-0.02718484401702881,0.14674809575080872,-0.5651035904884338,-0.12744297087192535,0.11824014782905579,-0.3932187259197235,-0.15809839963912964,0.09643733501434326,-0.2594042420387268,-0.1463509202003479,0.05108856037259102,-0.47592824697494507,-0.03845959156751633,0.05552823469042778,-0.5581911206245422,-0.13869819045066833,0.055296484380960464,-0.3876480460166931,-0.14019820094108582,0.0565989650785923,-0.2638416588306427,-0.10464093089103699,-0.03815962001681328,-0.46295273303985596,-0.05199163034558296,-0.023195873945951462,-0.6351358890533447,-0.1040487140417099,-0.013020738959312439,-0.7409046292304993,-0.10343583673238754,0.0003987921809311956,-0.8554443717002869,-0.08601407706737518,0.0,0.0,0.0,0.0,0.0,0.0,0.0,0.0,0.0,0.0,0.0,0.0,0.0,0.0,0.0,0.0,0.0,0.0,0.0,0.0,0.0,0.0,0.0,0.0,0.0,0.0,0.0,0.0,0.0,0.0,0.0,0.0,0.0,0.0,0.0,0.0,0.0,0.0,0.0,0.0,0.0,0.0,0.0,0.0,0.0,0.0,0.0,0.0,0.0,0.0,0.0,0.0,0.0,0.0,0.0,0.0,0.0,0.0,0.0,0.0,0.0,0.0,0.0,WATER
0.0,0.0,0.0,0.15849846601486206,-0.039533019065856934,-0.04606122523546219,0.2954583466053009,-0.20549727976322174,-0.05458572506904602,0.38404232263565063,-0.3465390205383301,-0.06781066954135895,0.46183517575263977,-0.41618630290031433,-0.08126955479383469,0.22948694229125977,-0.4744289815425873,-0.020905563607811928,0.2820813059806824,-0.6960931420326233,-0.05086987093091011,0.3058622181415558,-0.829505443572998,-0.06001623347401619,0.32208362221717834,-0.9446665644645691,-0.06218654289841652,0.1395844966173172,-0.4862017035484314,-0.025574304163455963,0.14591680467128754,-0.5686909556388855,-0.1256021410226822,0.11678919941186905,-0.39862707257270813,-0.1573079377412796,0.09324753284454346,-0.26345959305763245,-0.14578260481357574,0.05240224301815033,-0.48031094670295715,-0.03491471707820892,0.05530356615781784,-0.5614300966262817,-0.13456346094608307,0.05444462597370148,-0.3948736786842346,-0.1375904232263565,0.055061791092157364,-0.2725948393344879,-0.10279478132724762,-0.035932738333940506,-0.4680350422859192,-0.04659534990787506,-0.02074720710515976,-0.641972005367279,-0.09797248244285583,-0.012022633105516434,-0.7494395971298218,-0.09746803343296051,-0.0014600325375795364,-0.863972544670105,-0.07969797402620316,0.0,0.0,0.0,0.0,0.0,0.0,0.0,0.0,0.0,0.0,0.0,0.0,0.0,0.0,0.0,0.0,0.0,0.0,0.0,0.0,0.0,0.0,0.0,0.0,0.0,0.0,0.0,0.0,0.0,0.0,0.0,0.0,0.0,0.0,0.0,0.0,0.0,0.0,0.0,0.0,0.0,0.0,0.0,0.0,0.0,0.0,0.0,0.0,0.0,0.0,0.0,0.0,0.0,0.0,0.0,0.0,0.0,0.0,0.0,0.0,0.0,0.0,0.0,WATER
0.0,0.0,0.0,0.15923723578453064,-0.03954701870679855,-0.046763475984334946,0.2947699725627899,-0.20699787139892578,-0.05557897314429283,0.3845841884613037,-0.3480084240436554,-0.06888214498758316,0.46361854672431946,-0.4173053801059723,-0.08238119632005692,0.22932928800582886,-0.47344475984573364,-0.02165074646472931,0.2804044485092163,-0.6965424418449402,-0.05199441686272621,0.3043431043624878,-0.8298420310020447,-0.0616401769220829,0.3209843635559082,-0.9449110627174377,-0.06412548571825027,0.1392376720905304,-0.48492008447647095,-0.02595687285065651,0.14649663865566254,-0.5697113275527954,-0.1259457916021347,0.11895067244768143,-0.4011046886444092,-0.15795128047466278,0.09575947374105453,-0.26622435450553894,-0.14667484164237976,0.051841918379068375,-0.47891753911972046,-0.0350116565823555,0.05668799206614494,-0.5630776286125183,-0.1342434138059616,0.05603257566690445,-0.397840291261673,-0.13749797642230988,0.05593123659491539,-0.27571621537208557,-0.10306364297866821,-0.036922525614500046,-0.4665728211402893,-0.046498652547597885,-0.022368159145116806,-0.6411879062652588,-0.09773837774991989,-0.01368112675845623,-0.7499895095825195,-0.09754963219165802,-0.002957290271297097,-0.8654444813728333,-0.08015710115432739,0.0,0.0,0.0,0.0,0.0,0.0,0.0,0.0,0.0,0.0,0.0,0.0,0.0,0.0,0.0,0.0,0.0,0.0,0.0,0.0,0.0,0.0,0.0,0.0,0.0,0.0,0.0,0.0,0.0,0.0,0.0,0.0,0.0,0.0,0.0,0.0,0.0,0.0,0.0,0.0,0.0,0.0,0.0,0.0,0.0,0.0,0.0,0.0,0.0,0.0,0.0,0.0,0.0,0.0,0.0,0.0,0.0,0.0,0.0,0.0,0.0,0.0,0.0,WATER
0.0,0.0,0.0,0.15937824547290802,-0.04068359360098839,-0.04624302685260773,0.2967105507850647,-0.20870637893676758,-0.05477010831236839,0.38699623942375183,-0.3482166528701782,-0.06770061701536179,0.46647909283638,-0.4180840253829956,-0.0807001143693924,0.22823499143123627,-0.4794560670852661,-0.019877005368471146,0.2792242765426636,-0.6988940834999084,-0.049286823719739914,0.3034490942955017,-0.831418514251709,-0.05860079824924469,0.3197750449180603,-0.9455291032791138,-0.0609809011220932,0.13766679167747498,-0.4901035726070404,-0.02419991046190262,0.14668187499046326,-0.5729935765266418,-0.12270462512969971,0.11927931755781174,-0.400116890668869,-0.15380918979644775,0.09547840803861618,-0.26302430033683777,-0.14201663434505463,0.050213225185871124,-0.48325401544570923,-0.03328247368335724,0.05607479438185692,-0.5661933422088623,-0.13189579546451569,0.05470871552824974,-0.3992055356502533,-0.13444672524929047,0.053371019661426544,-0.2780075669288635,-0.09956733882427216,-0.03844578564167023,-0.4703347980976105,-0.04464547708630562,-0.024038299918174744,-0.6470754146575928,-0.09558770805597305,-0.015203407034277916,-0.7540376782417297,-0.09451780468225479,-0.004397120792418718,-0.8688250184059143,-0.07644015550613403,0.0,0.0,0.0,0.0,0.0,0.0,0.0,0.0,0.0,0.0,0.0,0.0,0.0,0.0,0.0,0.0,0.0,0.0,0.0,0.0,0.0,0.0,0.0,0.0,0.0,0.0,0.0,0.0,0.0,0.0,0.0,0.0,0.0,0.0,0.0,0.0,0.0,0.0,0.0,0.0,0.0,0.0,0.0,0.0,0.0,0.0,0.0,0.0,0.0,0.0,0.0,0.0,0.0,0.0,0.0,0.0,0.0,0.0,0.0,0.0,0.0,0.0,0.0,WATER
0.0,0.0,0.0,0.16327454149723053,-0.042993150651454926,-0.04422035440802574,0.3003619909286499,-0.21289078891277313,-0.050489045679569244,0.38984009623527527,-0.3505474627017975,-0.06160198524594307,0.4686964452266693,-0.4094740152359009,-0.07327888906002045,0.23234467208385468,-0.4823228418827057,-0.017733436077833176,0.28157129883766174,-0.6975266337394714,-0.046336013823747635,0.30353304743766785,-0.8306876420974731,-0.05588607117533684,0.3202826976776123,-0.9454988837242126,-0.05874362587928772,0.14135204255580902,-0.4943787455558777,-0.02297297865152359,0.14627227187156677,-0.5783907771110535,-0.11976514756679535,0.11638235300779343,-0.40801745653152466,-0.15071554481983185,0.0941230058670044,-0.27258262038230896,-0.13880518078804016,0.05274677276611328,-0.4868663549423218,-0.03271781653165817,0.05301673337817192,-0.5599624514579773,-0.131486177444458,0.04971851035952568,-0.3910175561904907,-0.1351158767938614,0.049660056829452515,-0.2717931866645813,-0.10040423274040222,-0.03808830305933952,-0.4725465178489685,-0.04446840286254883,-0.02657664753496647,-0.6478399038314819,-0.09431196004152298,-0.018042128533124924,-0.7515462636947632,-0.09220828860998154,-0.005145978648215532,-0.8619403839111328,-0.07339849323034286,0.0,0.0,0.0,0.0,0.0,0.0,0.0,0.0,0.0,0.0,0.0,0.0,0.0,0.0,0.0,0.0,0.0,0.0,0.0,0.0,0.0,0.0,0.0,0.0,0.0,0.0,0.0,0.0,0.0,0.0,0.0,0.0,0.0,0.0,0.0,0.0,0.0,0.0,0.0,0.0,0.0,0.0,0.0,0.0,0.0,0.0,0.0,0.0,0.0,0.0,0.0,0.0,0.0,0.0,0.0,0.0,0.0,0.0,0.0,0.0,0.0,0.0,0.0,WATER
0.0,0.0,0.0,0.15985098481178284,-0.04157153517007828,-0.04395320266485214,0.2984240651130676,-0.2151831090450287,-0.05017290264368057,0.39115139842033386,-0.35238415002822876,-0.06129732355475426,0.4703879952430725,-0.41240566968917847,-0.0729578360915184,0.22577659785747528,-0.48129239678382874,-0.017760412767529488,0.2751871645450592,-0.7002070546150208,-0.04627130925655365,0.2977200448513031,-0.8335373997688293,-0.05597897246479988,0.3137306869029999,-0.9476851224899292,-0.05887199193239212,0.13491807878017426,-0.49375033378601074,-0.02264174073934555,0.14077381789684296,-0.5786983370780945,-0.12016948312520981,0.11180784553289413,-0.41073504090309143,-0.151872918009758,0.0883670300245285,-0.2773420214653015,-0.14065676927566528,0.04695058986544609,-0.48736971616744995,-0.031988415867090225,0.0489933118224144,-0.5690554976463318,-0.12939290702342987,0.0465722382068634,-0.40295201539993286,-0.13287454843521118,0.045949049293994904,-0.28159162402153015,-0.09871168434619904,-0.042282264679670334,-0.4732177257537842,-0.0435430072247982,-0.029146390035748482,-0.6489288210868835,-0.09338194131851196,-0.021202558651566505,-0.7567625641822815,-0.09266521781682968,-0.010550979524850845,-0.8700816035270691,-0.0750330463051796,0.0,0.0,0.0,0.0,0.0,0.0,0.0,0.0,0.0,0.0,0.0,0.0,0.0,0.0,0.0,0.0,0.0,0.0,0.0,0.0,0.0,0.0,0.0,0.0,0.0,0.0,0.0,0.0,0.0,0.0,0.0,0.0,0.0,0.0,0.0,0.0,0.0,0.0,0.0,0.0,0.0,0.0,0.0,0.0,0.0,0.0,0.0,0.0,0.0,0.0,0.0,0.0,0.0,0.0,0.0,0.0,0.0,0.0,0.0,0.0,0.0,0.0,0.0,WATER
0.0,0.0,0.0,0.15789324045181274,-0.039359934628009796,-0.04847373440861702,0.2961365282535553,-0.20603743195533752,-0.05738865211606026,0.38870322704315186,-0.34172695875167847,-0.07021262496709824,0.4666895270347595,-0.3998171091079712,-0.08363181352615356,0.22832436859607697,-0.4788685739040375,-0.02461911179125309,0.2777670621871948,-0.6956084370613098,-0.0553203709423542,0.2998350262641907,-0.8313819766044617,-0.06645788997411728,0.31575292348861694,-0.946260392665863,-0.06993807107210159,0.13725169003009796,-0.49097180366516113,-0.028003821149468422,0.13828113675117493,-0.5801461338996887,-0.12627987563610077,0.10786998271942139,-0.4162762761116028,-0.15780724585056305,0.08574112504720688,-0.28262805938720703,-0.14592134952545166,0.04902246966958046,-0.48388853669166565,-0.036074452102184296,0.04484306275844574,-0.5588737726211548,-0.13458555936813354,0.042621590197086334,-0.3959799110889435,-0.13868018984794617,0.04451696574687958,-0.2780889868736267,-0.10428955405950546,-0.04010020196437836,-0.46909043192863464,-0.04657076299190521,-0.02948460914194584,-0.643803596496582,-0.09624901413917542,-0.021870560944080353,-0.7484036684036255,-0.09437323361635208,-0.010446500964462757,-0.8576807975769043,-0.07552868872880936,0.0,0.0,0.0,0.0,0.0,0.0,0.0,0.0,0.0,0.0,0.0,0.0,0.0,0.0,0.0,0.0,0.0,0.0,0.0,0.0,0.0,0.0,0.0,0.0,0.0,0.0,0.0,0.0,0.0,0.0,0.0,0.0,0.0,0.0,0.0,0.0,0.0,0.0,0.0,0.0,0.0,0.0,0.0,0.0,0.0,0.0,0.0,0.0,0.0,0.0,0.0,0.0,0.0,0.0,0.0,0.0,0.0,0.0,0.0,0.0,0.0,0.0,0.0,WATER
0.0,0.0,0.0,0.15804870426654816,-0.04140589386224747,-0.04816177487373352,0.2978093922138214,-0.2099083960056305,-0.05651402845978737,0.3905947506427765,-0.34534409642219543,-0.06875009834766388,0.4694957137107849,-0.402217835187912,-0.08150631189346313,0.22675268352031708,-0.47875458002090454,-0.023161742836236954,0.27551892399787903,-0.6961588263511658,-0.052480295300483704,0.2966340184211731,-0.8318020701408386,-0.06252321600914001,0.31256502866744995,-0.9476374983787537,-0.06546995788812637,0.1356777846813202,-0.4920884072780609,-0.026360074058175087,0.1349169760942459,-0.5831719040870667,-0.12376102805137634,0.10368198901414871,-0.42055657505989075,-0.15494383871555328,0.08196887373924255,-0.28737369179725647,-0.14277903735637665,0.04690428450703621,-0.48663464188575745,-0.034162815660238266,0.04274865984916687,-0.5645176768302917,-0.13250663876533508,0.03768344223499298,-0.39728447794914246,-0.1359643191099167,0.038117289543151855,-0.27631092071533203,-0.10080870240926743,-0.04274200648069382,-0.47348496317863464,-0.0443916991353035,-0.032082512974739075,-0.6476350426673889,-0.09394355118274689,-0.02436143346130848,-0.751882791519165,-0.09212629497051239,-0.012034040875732899,-0.86133873462677,-0.07321162521839142,0.0,0.0,0.0,0.0,0.0,0.0,0.0,0.0,0.0,0.0,0.0,0.0,0.0,0.0,0.0,0.0,0.0,0.0,0.0,0.0,0.0,0.0,0.0,0.0,0.0,0.0,0.0,0.0,0.0,0.0,0.0,0.0,0.0,0.0,0.0,0.0,0.0,0.0,0.0,0.0,0.0,0.0,0.0,0.0,0.0,0.0,0.0,0.0,0.0,0.0,0.0,0.0,0.0,0.0,0.0,0.0,0.0,0.0,0.0,0.0,0.0,0.0,0.0,WATER
0.0,0.0,0.0,0.1585293710231781,-0.0391947403550148,-0.05033339560031891,0.29906073212623596,-0.2090715914964676,-0.05926426500082016,0.3912871778011322,-0.34559357166290283,-0.07152803242206573,0.47239840030670166,-0.4022400379180908,-0.08428388088941574,0.22609055042266846,-0.4792688190937042,-0.025651715695858,0.2747591435909271,-0.6962646245956421,-0.05567139387130737,0.29563578963279724,-0.8320223093032837,-0.06595735996961594,0.3116046190261841,-0.9477161765098572,-0.0688231959939003,0.13510793447494507,-0.4930435121059418,-0.027506079524755478,0.13523094356060028,-0.5831547975540161,-0.12600861489772797,0.10176995396614075,-0.41975167393684387,-0.1569214016199112,0.07906785607337952,-0.28569650650024414,-0.1439744234085083,0.04661133885383606,-0.48747456073760986,-0.03413957729935646,0.04301029443740845,-0.5637819170951843,-0.13364285230636597,0.03677084669470787,-0.39693573117256165,-0.1370605230331421,0.037029922008514404,-0.2753192186355591,-0.10115648061037064,-0.042543504387140274,-0.4740135073661804,-0.04329853877425194,-0.031608324497938156,-0.6510503888130188,-0.0936812311410904,-0.0234255138784647,-0.7570191621780396,-0.09199826419353485,-0.010104265064001083,-0.8662700057029724,-0.07266154885292053,0.0,0.0,0.0,0.0,0.0,0.0,0.0,0.0,0.0,0.0,0.0,0.0,0.0,0.0,0.0,0.0,0.0,0.0,0.0,0.0,0.0,0.0,0.0,0.0,0.0,0.0,0.0,0.0,0.0,0.0,0.0,0.0,0.0,0.0,0.0,0.0,0.0,0.0,0.0,0.0,0.0,0.0,0.0,0.0,0.0,0.0,0.0,0.0,0.0,0.0,0.0,0.0,0.0,0.0,0.0,0.0,0.0,0.0,0.0,0.0,0.0,0.0,0.0,WATER
0.0,0.0,0.0,0.16306667029857635,-0.04541107267141342,-0.050966423004865646,0.30833542346954346,-0.1991971731185913,-0.06227763742208481,0.40234583616256714,-0.3290470540523529,-0.07651270180940628,0.4787749946117401,-0.38752979040145874,-0.09089216589927673,0.2355654090642929,-0.4790377616882324,-0.027020398527383804,0.28167441487312317,-0.694795548915863,-0.05773239955306053,0.3033115863800049,-0.8302121162414551,-0.06917230039834976,0.31994184851646423,-0.9446699619293213,-0.0723588839173317,0.14447340369224548,-0.49251842498779297,-0.02946869470179081,0.13983705639839172,-0.5842912197113037,-0.12593556940555573,0.11071891337633133,-0.4213232398033142,-0.15807680785655975,0.09188954532146454,-0.2844657301902771,-0.1468173861503601,0.05530386045575142,-0.48615604639053345,-0.036482296884059906,0.048159994184970856,-0.5585696697235107,-0.13487201929092407,0.04568906128406525,-0.3957148790359497,-0.14004112780094147,0.04904461279511452,-0.27712777256965637,-0.10603994876146317,-0.03624488040804863,-0.4726250469684601,-0.04592252895236015,-0.026869382709264755,-0.6472250819206238,-0.09440132975578308,-0.020832248032093048,-0.7500939965248108,-0.09111647307872772,-0.009944140911102295,-0.8569360375404358,-0.07103940099477768,0.0,0.0,0.0,0.0,0.0,0.0,0.0,0.0,0.0,0.0,0.0,0.0,0.0,0.0,0.0,0.0,0.0,0.0,0.0,0.0,0.0,0.0,0.0,0.0,0.0,0.0,0.0,0.0,0.0,0.0,0.0,0.0,0.0,0.0,0.0,0.0,0.0,0.0,0.0,0.0,0.0,0.0,0.0,0.0,0.0,0.0,0.0,0.0,0.0,0.0,0.0,0.0,0.0,0.0,0.0,0.0,0.0,0.0,0.0,0.0,0.0,0.0,0.0,WATER
0.0,0.0,0.0,0.16118082404136658,-0.04452427849173546,-0.04986722394824028,0.30816328525543213,-0.1986539214849472,-0.061110496520996094,0.40563058853149414,-0.3279787600040436,-0.07488848268985748,0.4846009314060211,-0.3868606686592102,-0.0887390747666359,0.23775477707386017,-0.4750734269618988,-0.027722805738449097,0.28421154618263245,-0.6940059065818787,-0.056681789457798004,0.30505791306495667,-0.8299761414527893,-0.0668930932879448,0.3220682442188263,-0.9441604614257812,-0.0695202574133873,0.14712396264076233,-0.49030935764312744,-0.029369158670306206,0.13870170712471008,-0.5788032412528992,-0.12176159769296646,0.10402588546276093,-0.4178805947303772,-0.15230298042297363,0.08324368298053741,-0.28299281001091003,-0.14136840403079987,0.05789365619421005,-0.48658615350723267,-0.03526610508561134,0.046778373420238495,-0.5619713664054871,-0.12993991374969482,0.040786080062389374,-0.4017711281776428,-0.1338982731103897,0.04358895495533943,-0.2803988754749298,-0.10050924867391586,-0.03388400748372078,-0.47545817494392395,-0.04346427321434021,-0.02696399949491024,-0.6526607871055603,-0.08975282311439514,-0.02410501055419445,-0.7566918730735779,-0.08550985157489777,-0.01454335730522871,-0.8615542650222778,-0.06524159014225006,0.0,0.0,0.0,0.0,0.0,0.0,0.0,0.0,0.0,0.0,0.0,0.0,0.0,0.0,0.0,0.0,0.0,0.0,0.0,0.0,0.0,0.0,0.0,0.0,0.0,0.0,0.0,0.0,0.0,0.0,0.0,0.0,0.0,0.0,0.0,0.0,0.0,0.0,0.0,0.0,0.0,0.0,0.0,0.0,0.0,0.0,0.0,0.0,0.0,0.0,0.0,0.0,0.0,0.0,0.0,0.0,0.0,0.0,0.0,0.0,0.0,0.0,0.0,WATER
0.0,0.0,0.0,0.16243211925029755,-0.04595052823424339,-0.050851233303546906,0.31045326590538025,-0.2004641592502594,-0.06315381079912186,0.41042545437812805,-0.3287487328052521,-0.0781242698431015,0.4928450882434845,-0.3814288079738617,-0.09320706874132156,0.23977424204349518,-0.47165822982788086,-0.02862061932682991,0.28736162185668945,-0.6908265352249146,-0.059425026178359985,0.30767881870269775,-0.8276432752609253,-0.07045064866542816,0.3253594636917114,-0.9427249431610107,-0.07355938106775284,0.14891912043094635,-0.4876829981803894,-0.030609367415308952,0.13880866765975952,-0.5829824805259705,-0.1261058896780014,0.10373032838106155,-0.4242721498012543,-0.15711814165115356,0.08509044349193573,-0.2883147597312927,-0.14572292566299438,0.058238685131073,-0.48486241698265076,-0.037166692316532135,0.046577468514442444,-0.5628142952919006,-0.13438399136066437,0.03901436924934387,-0.40100038051605225,-0.13811850547790527,0.04259762540459633,-0.2763012945652008,-0.10364960879087448,-0.035066183656454086,-0.47453150153160095,-0.04623370245099068,-0.027733799070119858,-0.651111364364624,-0.09337938576936722,-0.0226775873452425,-0.7561116218566895,-0.08961427956819534,-0.009449383243918419,-0.860558807849884,-0.06959115713834763,0.0,0.0,0.0,0.0,0.0,0.0,0.0,0.0,0.0,0.0,0.0,0.0,0.0,0.0,0.0,0.0,0.0,0.0,0.0,0.0,0.0,0.0,0.0,0.0,0.0,0.0,0.0,0.0,0.0,0.0,0.0,0.0,0.0,0.0,0.0,0.0,0.0,0.0,0.0,0.0,0.0,0.0,0.0,0.0,0.0,0.0,0.0,0.0,0.0,0.0,0.0,0.0,0.0,0.0,0.0,0.0,0.0,0.0,0.0,0.0,0.0,0.0,0.0,WATER
0.0,0.0,0.0,0.16159489750862122,-0.04743761569261551,-0.05015987530350685,0.3081725537776947,-0.19894683361053467,-0.06345765292644501,0.4095468819141388,-0.3233936131000519,-0.07973573356866837,0.490670770406723,-0.37860795855522156,-0.09612637758255005,0.238138347864151,-0.4727214276790619,-0.027725376188755035,0.2822219431400299,-0.6932423114776611,-0.058310408145189285,0.3025692403316498,-0.8297379016876221,-0.07010269165039062,0.3188605308532715,-0.944929301738739,-0.07373324781656265,0.14646270871162415,-0.4871438443660736,-0.030096212401986122,0.13474859297275543,-0.5765074491500854,-0.12198525667190552,0.1041976809501648,-0.41688820719718933,-0.1529557853937149,0.08710440993309021,-0.2827099859714508,-0.1433747112751007,0.05570337921380997,-0.48288679122924805,-0.03702709451317787,0.042795389890670776,-0.5609466433525085,-0.13098452985286713,0.03814749792218208,-0.40338778495788574,-0.13395914435386658,0.04180962219834328,-0.2810533344745636,-0.1008870005607605,-0.03703020513057709,-0.47122281789779663,-0.04658457264304161,-0.032038476318120956,-0.6506057381629944,-0.09189262241125107,-0.027610180899500847,-0.7561280727386475,-0.0866052582859993,-0.01567441038787365,-0.8600955605506897,-0.06626206636428833,0.0,0.0,0.0,0.0,0.0,0.0,0.0,0.0,0.0,0.0,0.0,0.0,0.0,0.0,0.0,0.0,0.0,0.0,0.0,0.0,0.0,0.0,0.0,0.0,0.0,0.0,0.0,0.0,0.0,0.0,0.0,0.0,0.0,0.0,0.0,0.0,0.0,0.0,0.0,0.0,0.0,0.0,0.0,0.0,0.0,0.0,0.0,0.0,0.0,0.0,0.0,0.0,0.0,0.0,0.0,0.0,0.0,0.0,0.0,0.0,0.0,0.0,0.0,WATER
0.0,0.0,0.0,0.16068732738494873,-0.04500172659754753,-0.04947953298687935,0.30608442425727844,-0.20169904828071594,-0.06069852411746979,0.40214812755584717,-0.3325776159763336,-0.07451359182596207,0.48004353046417236,-0.3796353340148926,-0.08872562646865845,0.23550044000148773,-0.4735376536846161,-0.02782321348786354,0.28045275807380676,-0.6916142702102661,-0.05644989758729935,0.3008008599281311,-0.8298219442367554,-0.06624801456928253,0.31724563241004944,-0.9458572268486023,-0.06862430274486542,0.14433585107326508,-0.48925331234931946,-0.029399871826171875,0.1337583363056183,-0.5774016976356506,-0.11920155584812164,0.09938324987888336,-0.42143514752388,-0.148947611451149,0.07873379439115524,-0.2873668968677521,-0.13825301826000214,0.05355186015367508,-0.48583105206489563,-0.0349978506565094,0.03860040381550789,-0.5595857501029968,-0.1279214769601822,0.030989428982138634,-0.4033796191215515,-0.13164196908473969,0.0325452983379364,-0.28080156445503235,-0.09871342778205872,-0.04010558873414993,-0.47474899888038635,-0.04286450520157814,-0.03654290363192558,-0.6525810956954956,-0.0867103859782219,-0.0315830335021019,-0.7572429776191711,-0.081210657954216,-0.018960539251565933,-0.8583354353904724,-0.06071087345480919,0.0,0.0,0.0,0.0,0.0,0.0,0.0,0.0,0.0,0.0,0.0,0.0,0.0,0.0,0.0,0.0,0.0,0.0,0.0,0.0,0.0,0.0,0.0,0.0,0.0,0.0,0.0,0.0,0.0,0.0,0.0,0.0,0.0,0.0,0.0,0.0,0.0,0.0,0.0,0.0,0.0,0.0,0.0,0.0,0.0,0.0,0.0,0.0,0.0,0.0,0.0,0.0,0.0,0.0,0.0,0.0,0.0,0.0,0.0,0.0,0.0,0.0,0.0,WATER
0.0,0.0,0.0,0.16868002712726593,-0.0467224083840847,-0.046163491904735565,0.31524458527565,-0.20126532018184662,-0.05359973385930061,0.40907275676727295,-0.33276093006134033,-0.06373776495456696,0.48719996213912964,-0.36463767290115356,-0.07526188343763351,0.24664749205112457,-0.46384790539741516,-0.027032969519495964,0.2938838005065918,-0.6836561560630798,-0.05537128075957298,0.3154542148113251,-0.8242126703262329,-0.06480109691619873,0.33127138018608093,-0.9411742091178894,-0.06671097129583359,0.15519224107265472,-0.4804046154022217,-0.028318554162979126,0.12980423867702484,-0.5759595632553101,-0.11919886618852615,0.09845516085624695,-0.42438840866088867,-0.14961500465869904,0.08562324941158295,-0.2944853901863098,-0.13922065496444702,0.06404230743646622,-0.47832661867141724,-0.03288676589727402,0.03845076635479927,-0.5511584877967834,-0.12898613512516022,0.02755356766283512,-0.39670154452323914,-0.13525934517383575,0.029105784371495247,-0.27667778730392456,-0.10273335874080658,-0.029765840619802475,-0.470063179731369,-0.039107393473386765,-0.028478700667619705,-0.6442912817001343,-0.08670752495527267,-0.021200986579060555,-0.7487332224845886,-0.08432374149560928,-0.004134767688810825,-0.8497019410133362,-0.06512631475925446,0.0,0.0,0.0,0.0,0.0,0.0,0.0,0.0,0.0,0.0,0.0,0.0,0.0,0.0,0.0,0.0,0.0,0.0,0.0,0.0,0.0,0.0,0.0,0.0,0.0,0.0,0.0,0.0,0.0,0.0,0.0,0.0,0.0,0.0,0.0,0.0,0.0,0.0,0.0,0.0,0.0,0.0,0.0,0.0,0.0,0.0,0.0,0.0,0.0,0.0,0.0,0.0,0.0,0.0,0.0,0.0,0.0,0.0,0.0,0.0,0.0,0.0,0.0,WATER
0.0,0.0,0.0,0.16585886478424072,-0.0361102893948555,-0.05016777291893959,0.32013261318206787,-0.2001589685678482,-0.05594823881983757,0.4212562143802643,-0.33401942253112793,-0.06257957965135574,0.5008153915405273,-0.362862229347229,-0.06992198526859283,0.25406190752983093,-0.4598900079727173,-0.03110256977379322,0.2999119460582733,-0.6798633933067322,-0.05636404827237129,0.3199887275695801,-0.8233349323272705,-0.06340339779853821,0.3358246684074402,-0.9397160410881042,-0.06446286290884018,0.163106307387352,-0.48001909255981445,-0.02901025488972664,0.13042502105236053,-0.5768210291862488,-0.11462210863828659,0.0958968997001648,-0.4307969808578491,-0.14206790924072266,0.08085525780916214,-0.3013574182987213,-0.13096635043621063,0.0732022151350975,-0.48180392384529114,-0.030622508376836777,0.03221675753593445,-0.5502507090568542,-0.12065403163433075,0.021473685279488564,-0.39794784784317017,-0.12792691588401794,0.025796858593821526,-0.277641624212265,-0.09830494970083237,-0.020081281661987305,-0.4757692515850067,-0.03429459035396576,-0.021891700103878975,-0.6470951437950134,-0.07682258635759354,-0.020109549164772034,-0.7487990856170654,-0.07474387437105179,-0.009538077749311924,-0.8469599485397339,-0.05759060010313988,0.0,0.0,0.0,0.0,0.0,0.0,0.0,0.0,0.0,0.0,0.0,0.0,0.0,0.0,0.0,0.0,0.0,0.0,0.0,0.0,0.0,0.0,0.0,0.0,0.0,0.0,0.0,0.0,0.0,0.0,0.0,0.0,0.0,0.0,0.0,0.0,0.0,0.0,0.0,0.0,0.0,0.0,0.0,0.0,0.0,0.0,0.0,0.0,0.0,0.0,0.0,0.0,0.0,0.0,0.0,0.0,0.0,0.0,0.0,0.0,0.0,0.0,0.0,WATER
0.0,0.0,0.0,0.16474078595638275,-0.03706454113125801,-0.04549892619252205,0.3176128566265106,-0.2005159556865692,-0.04953737184405327,0.4160562753677368,-0.3295993208885193,-0.05500325188040733,0.4928640127182007,-0.35774707794189453,-0.060772430151700974,0.24952612817287445,-0.4694547653198242,-0.028854506090283394,0.29568788409233093,-0.687627375125885,-0.053844746202230453,0.31507205963134766,-0.8280490636825562,-0.059960026293992996,0.33095797896385193,-0.9416981339454651,-0.06059281900525093,0.15639422833919525,-0.48783421516418457,-0.02819938398897648,0.12524665892124176,-0.5809064507484436,-0.11269927024841309,0.09204109013080597,-0.429317444562912,-0.13763269782066345,0.07783324271440506,-0.299093633890152,-0.12557856738567352,0.06581354886293411,-0.4874827563762665,-0.031012428924441338,0.02634098008275032,-0.5632677674293518,-0.11930883675813675,0.016843508929014206,-0.4093157947063446,-0.12346794456243515,0.0219364445656538,-0.28567805886268616,-0.09302950650453568,-0.02648807130753994,-0.47849228978157043,-0.03562363609671593,-0.02636297605931759,-0.6500743627548218,-0.07971012592315674,-0.02579072117805481,-0.7520524263381958,-0.07814968377351761,-0.017149901017546654,-0.8510924577713013,-0.06168230250477791,0.0,0.0,0.0,0.0,0.0,0.0,0.0,0.0,0.0,0.0,0.0,0.0,0.0,0.0,0.0,0.0,0.0,0.0,0.0,0.0,0.0,0.0,0.0,0.0,0.0,0.0,0.0,0.0,0.0,0.0,0.0,0.0,0.0,0.0,0.0,0.0,0.0,0.0,0.0,0.0,0.0,0.0,0.0,0.0,0.0,0.0,0.0,0.0,0.0,0.0,0.0,0.0,0.0,0.0,0.0,0.0,0.0,0.0,0.0,0.0,0.0,0.0,0.0,WATER
0.0,0.0,0.0,0.16622088849544525,-0.03723595663905144,-0.0497366264462471,0.3185446858406067,-0.1949228197336197,-0.057382047176361084,0.41873618960380554,-0.3228512704372406,-0.06651943922042847,0.49728405475616455,-0.3516111671924591,-0.07677875459194183,0.2519168555736542,-0.45793256163597107,-0.030968310311436653,0.3011942505836487,-0.6774540543556213,-0.0603114478290081,0.3246942460536957,-0.8201360106468201,-0.07053880393505096,0.3426257371902466,-0.9365993738174438,-0.07341067492961884,0.16057564318180084,-0.4772891700267792,-0.030486535280942917,0.13110065460205078,-0.5773754715919495,-0.1224088966846466,0.08957550674676895,-0.42856544256210327,-0.15151916444301605,0.06847570091485977,-0.2964547276496887,-0.13965554535388947,0.07014436274766922,-0.4765743017196655,-0.03388134017586708,0.03178849816322327,-0.5487227439880371,-0.1287754327058792,0.01721080206334591,-0.3972110450267792,-0.1351681798696518,0.019350139424204826,-0.27650487422943115,-0.10297764837741852,-0.022722477093338966,-0.4674396216869354,-0.039286140352487564,-0.02432539314031601,-0.6379148364067078,-0.0857638344168663,-0.02138020098209381,-0.7404283881187439,-0.08372899889945984,-0.008828391321003437,-0.8395751714706421,-0.06521274149417877,0.0,0.0,0.0,0.0,0.0,0.0,0.0,0.0,0.0,0.0,0.0,0.0,0.0,0.0,0.0,0.0,0.0,0.0,0.0,0.0,0.0,0.0,0.0,0.0,0.0,0.0,0.0,0.0,0.0,0.0,0.0,0.0,0.0,0.0,0.0,0.0,0.0,0.0,0.0,0.0,0.0,0.0,0.0,0.0,0.0,0.0,0.0,0.0,0.0,0.0,0.0,0.0,0.0,0.0,0.0,0.0,0.0,0.0,0.0,0.0,0.0,0.0,0.0,WATER
0.0,0.0,0.0,0.16278138756752014,-0.031865835189819336,-0.05209494009613991,0.3187331557273865,-0.19029486179351807,-0.05912894383072853,0.41823092103004456,-0.3219945728778839,-0.0662759393453598,0.4966832995414734,-0.35265469551086426,-0.07389277219772339,0.25228652358055115,-0.46050289273262024,-0.03563539311289787,0.30002880096435547,-0.6798154711723328,-0.06451883167028427,0.32553794980049133,-0.8221312165260315,-0.07367648929357529,0.3440290093421936,-0.9358984231948853,-0.07575111836194992,0.15951292216777802,-0.4811764061450958,-0.03332751989364624,0.13045233488082886,-0.5751864314079285,-0.12662552297115326,0.09170956909656525,-0.4235164225101471,-0.15600912272930145,0.0706997811794281,-0.29125842452049255,-0.14420726895332336,0.06813070923089981,-0.481677770614624,-0.034984052181243896,0.02328193001449108,-0.5470941662788391,-0.1321975439786911,0.012363594956696033,-0.3942137360572815,-0.14076818525791168,0.016533587127923965,-0.27268704771995544,-0.10963597148656845,-0.026225822046399117,-0.4743770360946655,-0.03857474401593208,-0.027215901762247086,-0.6457014083862305,-0.08808744698762894,-0.024005310609936714,-0.7494323253631592,-0.0888582095503807,-0.012653919868171215,-0.8504379391670227,-0.07204385101795197,0.0,0.0,0.0,0.0,0.0,0.0,0.0,0.0,0.0,0.0,0.0,0.0,0.0,0.0,0.0,0.0,0.0,0.0,0.0,0.0,0.0,0.0,0.0,0.0,0.0,0.0,0.0,0.0,0.0,0.0,0.0,0.0,0.0,0.0,0.0,0.0,0.0,0.0,0.0,0.0,0.0,0.0,0.0,0.0,0.0,0.0,0.0,0.0,0.0,0.0,0.0,0.0,0.0,0.0,0.0,0.0,0.0,0.0,0.0,0.0,0.0,0.0,0.0,WATER
0.0,0.0,0.0,0.16491158306598663,-0.03380298241972923,-0.06158076599240303,0.3224415183067322,-0.19062399864196777,-0.0739520862698555,0.42837873101234436,-0.3206983506679535,-0.08509492874145508,0.5182159543037415,-0.3506758511066437,-0.09739972651004791,0.25838226079940796,-0.45460835099220276,-0.0463644340634346,0.31152963638305664,-0.6690391898155212,-0.07918392866849899,0.33888310194015503,-0.8117268085479736,-0.09026362746953964,0.3586225211620331,-0.9288248419761658,-0.09313548356294632,0.16696177423000336,-0.47791439294815063,-0.04056801646947861,0.12133029848337173,-0.5668896436691284,-0.13953767716884613,0.06966377794742584,-0.4102475643157959,-0.16901792585849762,0.0456363745033741,-0.2769315540790558,-0.1553451269865036,0.0741385743021965,-0.47710493206977844,-0.039441462606191635,0.021422678604722023,-0.5389679074287415,-0.1433997005224228,-0.00026402712683193386,-0.3817007839679718,-0.15170329809188843,0.0021291114389896393,-0.2589220702648163,-0.11740436404943466,-0.01958330348134041,-0.46673810482025146,-0.04082583636045456,-0.01717180199921131,-0.6394369602203369,-0.09301787614822388,-0.014786375686526299,-0.7449678182601929,-0.09254689514636993,-0.0003200971696060151,-0.8457415699958801,-0.07283476740121841,0.0,0.0,0.0,0.0,0.0,0.0,0.0,0.0,0.0,0.0,0.0,0.0,0.0,0.0,0.0,0.0,0.0,0.0,0.0,0.0,0.0,0.0,0.0,0.0,0.0,0.0,0.0,0.0,0.0,0.0,0.0,0.0,0.0,0.0,0.0,0.0,0.0,0.0,0.0,0.0,0.0,0.0,0.0,0.0,0.0,0.0,0.0,0.0,0.0,0.0,0.0,0.0,0.0,0.0,0.0,0.0,0.0,0.0,0.0,0.0,0.0,0.0,0.0,WATER
0.0,0.0,0.0,0.1649312674999237,-0.0276962760835886,-0.05802750959992409,0.32314854860305786,-0.18710780143737793,-0.06846289336681366,0.42976251244544983,-0.3151049017906189,-0.07794516533613205,0.5191214084625244,-0.339021235704422,-0.0878937691450119,0.25524595379829407,-0.45341408252716064,-0.043863631784915924,0.3064471483230591,-0.6733145117759705,-0.0752478539943695,0.33199796080589294,-0.8167064189910889,-0.08541036397218704,0.3529333770275116,-0.9314438104629517,-0.08860279619693756,0.16456446051597595,-0.47379299998283386,-0.03879499435424805,0.12056339532136917,-0.5662917494773865,-0.1357405185699463,0.07866975665092468,-0.4067629277706146,-0.163411945104599,0.06276944279670715,-0.27274298667907715,-0.1500048190355301,0.07403622567653656,-0.4721039831638336,-0.03814999386668205,0.018274566158652306,-0.5369712114334106,-0.13729926943778992,0.004986164625734091,-0.3811705410480499,-0.14339658617973328,0.01288347877562046,-0.2606998085975647,-0.110157310962677,-0.01831905171275139,-0.46203190088272095,-0.040145374834537506,-0.01943983882665634,-0.6328250169754028,-0.09125284850597382,-0.017206313088536263,-0.7379083037376404,-0.0919901579618454,-0.00401357701048255,-0.8416011333465576,-0.07466492801904678,0.0,0.0,0.0,0.0,0.0,0.0,0.0,0.0,0.0,0.0,0.0,0.0,0.0,0.0,0.0,0.0,0.0,0.0,0.0,0.0,0.0,0.0,0.0,0.0,0.0,0.0,0.0,0.0,0.0,0.0,0.0,0.0,0.0,0.0,0.0,0.0,0.0,0.0,0.0,0.0,0.0,0.0,0.0,0.0,0.0,0.0,0.0,0.0,0.0,0.0,0.0,0.0,0.0,0.0,0.0,0.0,0.0,0.0,0.0,0.0,0.0,0.0,0.0,WATER
0.0,0.0,0.0,0.16659094393253326,-0.028747597709298134,-0.0582784004509449,0.3237624168395996,-0.1867038607597351,-0.06953978538513184,0.4307097792625427,-0.3159067630767822,-0.08044750243425369,0.5210005044937134,-0.3398364782333374,-0.09196940064430237,0.25519296526908875,-0.45132866501808167,-0.04245249181985855,0.3083488941192627,-0.6716834306716919,-0.07400588691234589,0.3334241509437561,-0.8145166039466858,-0.08454110473394394,0.3556070625782013,-0.9304452538490295,-0.08840381354093552,0.16474425792694092,-0.4727661907672882,-0.037678517401218414,0.12364319711923599,-0.567462682723999,-0.13417738676071167,0.08017506450414658,-0.41176438331604004,-0.1621750146150589,0.0635092705488205,-0.28000569343566895,-0.14971698820590973,0.07401131093502045,-0.4721571207046509,-0.037530332803726196,0.023195726796984673,-0.5443949103355408,-0.13614106178283691,0.008920089341700077,-0.3895176947116852,-0.14139829576015472,0.015921998769044876,-0.267281174659729,-0.10832063853740692,-0.018650606274604797,-0.462577223777771,-0.04022962972521782,-0.01832624524831772,-0.6335538625717163,-0.09024965763092041,-0.01495654322206974,-0.7388783097267151,-0.09045472741127014,-0.0004940609796904027,-0.8418338894844055,-0.07340756058692932,0.0,0.0,0.0,0.0,0.0,0.0,0.0,0.0,0.0,0.0,0.0,0.0,0.0,0.0,0.0,0.0,0.0,0.0,0.0,0.0,0.0,0.0,0.0,0.0,0.0,0.0,0.0,0.0,0.0,0.0,0.0,0.0,0.0,0.0,0.0,0.0,0.0,0.0,0.0,0.0,0.0,0.0,0.0,0.0,0.0,0.0,0.0,0.0,0.0,0.0,0.0,0.0,0.0,0.0,0.0,0.0,0.0,0.0,0.0,0.0,0.0,0.0,0.0,WATER
0.0,0.0,0.0,0.1683080941438675,-0.026533154770731926,-0.06268861889839172,0.3242769241333008,-0.18276846408843994,-0.07571765780448914,0.43264809250831604,-0.3123229742050171,-0.08750664442777634,0.5246655941009521,-0.336897075176239,-0.09970440715551376,0.258344829082489,-0.4486217200756073,-0.045389000326395035,0.31252989172935486,-0.6685278415679932,-0.07614300400018692,0.33821219205856323,-0.8115231394767761,-0.0858420580625534,0.3606610894203186,-0.9284169673919678,-0.08924958109855652,0.1665918231010437,-0.4709705710411072,-0.03856517747044563,0.12497171759605408,-0.5657746195793152,-0.13486012816429138,0.08031003922224045,-0.4114033579826355,-0.1625930666923523,0.06281796842813492,-0.27867186069488525,-0.14974437654018402,0.07540695369243622,-0.4714620113372803,-0.036739058792591095,0.02735714800655842,-0.5445903539657593,-0.13610577583312988,0.01198318600654602,-0.38938820362091064,-0.14240464568138123,0.01814904995262623,-0.2674584686756134,-0.10970745980739594,-0.016232797876000404,-0.4631038010120392,-0.03796524554491043,-0.014926317147910595,-0.6341561675071716,-0.08836595714092255,-0.011649790219962597,-0.7392572164535522,-0.08925919979810715,0.003572970861569047,-0.84409499168396,-0.07266184687614441,0.0,0.0,0.0,0.0,0.0,0.0,0.0,0.0,0.0,0.0,0.0,0.0,0.0,0.0,0.0,0.0,0.0,0.0,0.0,0.0,0.0,0.0,0.0,0.0,0.0,0.0,0.0,0.0,0.0,0.0,0.0,0.0,0.0,0.0,0.0,0.0,0.0,0.0,0.0,0.0,0.0,0.0,0.0,0.0,0.0,0.0,0.0,0.0,0.0,0.0,0.0,0.0,0.0,0.0,0.0,0.0,0.0,0.0,0.0,0.0,0.0,0.0,0.0,WATER
0.0,0.0,0.0,0.1641680896282196,-0.03158143162727356,-0.06250268965959549,0.32170939445495605,-0.17881427705287933,-0.07948417216539383,0.4332168996334076,-0.30935919284820557,-0.09562485665082932,0.5274061560630798,-0.32729461789131165,-0.11271550506353378,0.26344919204711914,-0.43622827529907227,-0.05013715848326683,0.32142534852027893,-0.6590576767921448,-0.0872165784239769,0.35086655616760254,-0.8023670315742493,-0.10046523809432983,0.3757845461368561,-0.920682430267334,-0.10549770295619965,0.17370818555355072,-0.46456778049468994,-0.0445551835000515,0.13297781348228455,-0.5692187547683716,-0.1489509493112564,0.07820206135511398,-0.4120580554008484,-0.17874908447265625,0.05230338126420975,-0.27728143334388733,-0.16505390405654907,0.0825694128870964,-0.46889644861221313,-0.04359706863760948,0.03606283292174339,-0.551408588886261,-0.14923672378063202,0.013851692900061607,-0.39561721682548523,-0.15403960645198822,0.01584681123495102,-0.2693618834018707,-0.11794131249189377,-0.010524210520088673,-0.46175041794776917,-0.045656364411115646,-0.007722244132310152,-0.6322535276412964,-0.09915082156658173,-0.00289034191519022,-0.7375544309616089,-0.09949082136154175,0.015057310461997986,-0.838261604309082,-0.08104703575372696,0.0,0.0,0.0,0.0,0.0,0.0,0.0,0.0,0.0,0.0,0.0,0.0,0.0,0.0,0.0,0.0,0.0,0.0,0.0,0.0,0.0,0.0,0.0,0.0,0.0,0.0,0.0,0.0,0.0,0.0,0.0,0.0,0.0,0.0,0.0,0.0,0.0,0.0,0.0,0.0,0.0,0.0,0.0,0.0,0.0,0.0,0.0,0.0,0.0,0.0,0.0,0.0,0.0,0.0,0.0,0.0,0.0,0.0,0.0,0.0,0.0,0.0,0.0,WATER
0.0,0.0,0.0,0.16535614430904388,-0.02915957011282444,-0.06326472759246826,0.32412979006767273,-0.17905205488204956,-0.07813869416713715,0.4314124882221222,-0.30906015634536743,-0.09187968820333481,0.5273041129112244,-0.33126866817474365,-0.10607550293207169,0.25867322087287903,-0.44525283575057983,-0.04697035998106003,0.3149133324623108,-0.6631482243537903,-0.0822654440999031,0.3426322937011719,-0.8072003722190857,-0.09555868804454803,0.36684465408325195,-0.9247562289237976,-0.10124725848436356,0.16676679253578186,-0.4725041091442108,-0.0399806909263134,0.12372945249080658,-0.571557879447937,-0.14185714721679688,0.07613555341959,-0.41291943192481995,-0.17061841487884521,0.0546710304915905,-0.27722832560539246,-0.15693406760692596,0.07599925994873047,-0.47567811608314514,-0.03833572939038277,0.023073887452483177,-0.5506420731544495,-0.14155437052249908,0.006779251620173454,-0.3919009268283844,-0.1472437083721161,0.01226115133613348,-0.26712125539779663,-0.11276139318943024,-0.015401672571897507,-0.46896398067474365,-0.03993457183241844,-0.012439710088074207,-0.6371755599975586,-0.093422532081604,-0.008068243972957134,-0.740588366985321,-0.09542080760002136,0.007159961853176355,-0.843561589717865,-0.0787648931145668,0.0,0.0,0.0,0.0,0.0,0.0,0.0,0.0,0.0,0.0,0.0,0.0,0.0,0.0,0.0,0.0,0.0,0.0,0.0,0.0,0.0,0.0,0.0,0.0,0.0,0.0,0.0,0.0,0.0,0.0,0.0,0.0,0.0,0.0,0.0,0.0,0.0,0.0,0.0,0.0,0.0,0.0,0.0,0.0,0.0,0.0,0.0,0.0,0.0,0.0,0.0,0.0,0.0,0.0,0.0,0.0,0.0,0.0,0.0,0.0,0.0,0.0,0.0,WATER
0.0,0.0,0.0,0.16791275143623352,-0.03365498036146164,-0.05718027427792549,0.3211248517036438,-0.18954594433307648,-0.06914084404706955,0.4293256103992462,-0.3169271945953369,-0.0813683569431305,0.5221081972122192,-0.3378911018371582,-0.09450811892747879,0.26256921887397766,-0.44925248622894287,-0.03838908672332764,0.31791818141937256,-0.667397141456604,-0.06993795931339264,0.34552666544914246,-0.8087486624717712,-0.08098986744880676,0.369269996881485,-0.9253858327865601,-0.08544418960809708,0.17287003993988037,-0.4735490083694458,-0.03481043130159378,0.13457895815372467,-0.5730862021446228,-0.13303951919078827,0.08113472163677216,-0.4209669530391693,-0.163074791431427,0.05552943795919418,-0.2882838547229767,-0.15107086300849915,0.08187194913625717,-0.4739879071712494,-0.035816628485918045,0.037447795271873474,-0.5549334287643433,-0.13656477630138397,0.014421357773244381,-0.4029136598110199,-0.14324672520160675,0.01445377804338932,-0.2789885103702545,-0.11018314957618713,-0.010794569738209248,-0.46352577209472656,-0.03944581747055054,-0.010179735720157623,-0.635338544845581,-0.09079974889755249,-0.005503838416188955,-0.7416685223579407,-0.09215717017650604,0.012372028082609177,-0.8437122106552124,-0.07555387914180756,0.0,0.0,0.0,0.0,0.0,0.0,0.0,0.0,0.0,0.0,0.0,0.0,0.0,0.0,0.0,0.0,0.0,0.0,0.0,0.0,0.0,0.0,0.0,0.0,0.0,0.0,0.0,0.0,0.0,0.0,0.0,0.0,0.0,0.0,0.0,0.0,0.0,0.0,0.0,0.0,0.0,0.0,0.0,0.0,0.0,0.0,0.0,0.0,0.0,0.0,0.0,0.0,0.0,0.0,0.0,0.0,0.0,0.0,0.0,0.0,0.0,0.0,0.0,WATER
0.0,0.0,0.0,0.16692686080932617,-0.03186160326004028,-0.06383983045816422,0.3233940303325653,-0.1857987344264984,-0.07729890942573547,0.43167901039123535,-0.3115690350532532,-0.08916545659303665,0.5271642804145813,-0.33245423436164856,-0.1013767421245575,0.25978201627731323,-0.4515807628631592,-0.04595070704817772,0.31636977195739746,-0.6658792495727539,-0.07829928398132324,0.3428000509738922,-0.8089689612388611,-0.08957036584615707,0.36601871252059937,-0.9258314371109009,-0.09416193515062332,0.16782474517822266,-0.4765373170375824,-0.038396891206502914,0.12531550228595734,-0.5742399096488953,-0.13658784329891205,0.07521209120750427,-0.4211488664150238,-0.1648145169019699,0.05360367149114609,-0.28719404339790344,-0.15168559551239014,0.07686492055654526,-0.4776242673397064,-0.03619018942117691,0.023860761895775795,-0.5502007603645325,-0.13724017143249512,0.004263157956302166,-0.397052526473999,-0.14458398520946503,0.00861688144505024,-0.27579718828201294,-0.1120154857635498,-0.014514223672449589,-0.4696585237979889,-0.03715629503130913,-0.012464899569749832,-0.6378056406974792,-0.08960724622011185,-0.00847473181784153,-0.7427042126655579,-0.09237641841173172,0.007709763944149017,-0.847661018371582,-0.07684981822967529,0.0,0.0,0.0,0.0,0.0,0.0,0.0,0.0,0.0,0.0,0.0,0.0,0.0,0.0,0.0,0.0,0.0,0.0,0.0,0.0,0.0,0.0,0.0,0.0,0.0,0.0,0.0,0.0,0.0,0.0,0.0,0.0,0.0,0.0,0.0,0.0,0.0,0.0,0.0,0.0,0.0,0.0,0.0,0.0,0.0,0.0,0.0,0.0,0.0,0.0,0.0,0.0,0.0,0.0,0.0,0.0,0.0,0.0,0.0,0.0,0.0,0.0,0.0,WATER
0.0,0.0,0.0,0.1638946831226349,-0.030599405989050865,-0.06335040181875229,0.31874364614486694,-0.1854245662689209,-0.07693355530500412,0.43080979585647583,-0.31290456652641296,-0.08949770778417587,0.5266305208206177,-0.33672022819519043,-0.1023482158780098,0.2615267038345337,-0.4474838376045227,-0.043173812329769135,0.3186587393283844,-0.6674233078956604,-0.07597021758556366,0.3487955927848816,-0.8086211085319519,-0.08659788966178894,0.37491029500961304,-0.9227142930030823,-0.08966923505067825,0.17331461608409882,-0.4713539481163025,-0.03663622960448265,0.1345077008008957,-0.571304976940155,-0.13775204122066498,0.08185625821352005,-0.4168699085712433,-0.16746538877487183,0.05853602662682533,-0.2830755114555359,-0.15348877012729645,0.08367374539375305,-0.47203585505485535,-0.03535180911421776,0.034942418336868286,-0.5467869639396667,-0.13982804119586945,0.011299002915620804,-0.3905545473098755,-0.14773467183113098,0.013577677309513092,-0.26679521799087524,-0.1131373792886734,-0.007746404968202114,-0.4642704427242279,-0.036983560770750046,-0.004882809706032276,-0.6367666721343994,-0.08952324837446213,0.00017389209824614227,-0.7424474954605103,-0.09092052280902863,0.018336797133088112,-0.8446223735809326,-0.07312941551208496,0.0,0.0,0.0,0.0,0.0,0.0,0.0,0.0,0.0,0.0,0.0,0.0,0.0,0.0,0.0,0.0,0.0,0.0,0.0,0.0,0.0,0.0,0.0,0.0,0.0,0.0,0.0,0.0,0.0,0.0,0.0,0.0,0.0,0.0,0.0,0.0,0.0,0.0,0.0,0.0,0.0,0.0,0.0,0.0,0.0,0.0,0.0,0.0,0.0,0.0,0.0,0.0,0.0,0.0,0.0,0.0,0.0,0.0,0.0,0.0,0.0,0.0,0.0,WATER
0.0,0.0,0.0,0.16609621047973633,-0.02224939689040184,-0.07041577994823456,0.32331040501594543,-0.17322875559329987,-0.08583265542984009,0.43399330973625183,-0.30285146832466125,-0.09844546020030975,0.5313527584075928,-0.32804104685783386,-0.11087033897638321,0.2643038034439087,-0.44493234157562256,-0.05078882351517677,0.322196364402771,-0.6619135141372681,-0.08494197577238083,0.35100865364074707,-0.8050264120101929,-0.09644323587417603,0.3766498565673828,-0.9208912253379822,-0.1004704162478447,0.17405013740062714,-0.471363365650177,-0.04065096378326416,0.13021063804626465,-0.5723034143447876,-0.14368295669555664,0.08123651891946793,-0.41402795910835266,-0.17269016802310944,0.06163841485977173,-0.27785933017730713,-0.15805424749851227,0.08388440310955048,-0.4736587405204773,-0.0365205779671669,0.027072405442595482,-0.5416576266288757,-0.1429903507232666,0.007941444404423237,-0.38170325756073,-0.15159659087657928,0.014416425488889217,-0.25964832305908203,-0.11733568459749222,-0.006607539486140013,-0.4684421420097351,-0.035866159945726395,-0.003322010859847069,-0.6384425759315491,-0.09073672443628311,0.0014464950654655695,-0.7419122457504272,-0.0937390998005867,0.018580362200737,-0.8476123809814453,-0.07708171010017395,0.0,0.0,0.0,0.0,0.0,0.0,0.0,0.0,0.0,0.0,0.0,0.0,0.0,0.0,0.0,0.0,0.0,0.0,0.0,0.0,0.0,0.0,0.0,0.0,0.0,0.0,0.0,0.0,0.0,0.0,0.0,0.0,0.0,0.0,0.0,0.0,0.0,0.0,0.0,0.0,0.0,0.0,0.0,0.0,0.0,0.0,0.0,0.0,0.0,0.0,0.0,0.0,0.0,0.0,0.0,0.0,0.0,0.0,0.0,0.0,0.0,0.0,0.0,WATER
0.0,0.0,0.0,0.16262595355510712,-0.02791069820523262,-0.06822443008422852,0.32056835293769836,-0.17142802476882935,-0.08580277115106583,0.4361557364463806,-0.29754185676574707,-0.10171687602996826,0.5370419025421143,-0.3241102993488312,-0.11768553406000137,0.26616302132606506,-0.4376809895038605,-0.04886199161410332,0.3250540792942047,-0.6570441722869873,-0.08552935719490051,0.3540024757385254,-0.801679253578186,-0.09904789924621582,0.3797213137149811,-0.9192382097244263,-0.10398487001657486,0.17605239152908325,-0.4652688205242157,-0.040885500609874725,0.13462160527706146,-0.5698343515396118,-0.14597578346729279,0.0835469588637352,-0.4138302206993103,-0.17609930038452148,0.061671461910009384,-0.2783289849758148,-0.16171330213546753,0.08585052937269211,-0.46992722153663635,-0.03885533660650253,0.031965769827365875,-0.5441533327102661,-0.14535626769065857,0.010651810094714165,-0.38772085309028625,-0.15222185850143433,0.015664413571357727,-0.2650016248226166,-0.1166381761431694,-0.005035200156271458,-0.4658931493759155,-0.04038150981068611,-0.00020029554434586316,-0.6346160173416138,-0.09411218762397766,0.004758824594318867,-0.7379412055015564,-0.09495501220226288,0.02193419076502323,-0.8414486646652222,-0.07650038599967957,0.0,0.0,0.0,0.0,0.0,0.0,0.0,0.0,0.0,0.0,0.0,0.0,0.0,0.0,0.0,0.0,0.0,0.0,0.0,0.0,0.0,0.0,0.0,0.0,0.0,0.0,0.0,0.0,0.0,0.0,0.0,0.0,0.0,0.0,0.0,0.0,0.0,0.0,0.0,0.0,0.0,0.0,0.0,0.0,0.0,0.0,0.0,0.0,0.0,0.0,0.0,0.0,0.0,0.0,0.0,0.0,0.0,0.0,0.0,0.0,0.0,0.0,0.0,WATER
0.0,0.0,0.0,0.1654815822839737,-0.03241564705967903,-0.06429198384284973,0.32381105422973633,-0.17888243496418,-0.07953839749097824,0.43638136982917786,-0.3049700856208801,-0.09292673319578171,0.5356308817863464,-0.3322451412677765,-0.10636425763368607,0.2711631953716278,-0.43377602100372314,-0.04670589789748192,0.32980820536613464,-0.6546128988265991,-0.08340523391962051,0.35738104581832886,-0.8009516596794128,-0.09724615514278412,0.3824581503868103,-0.9182575345039368,-0.10261000692844391,0.18090128898620605,-0.46004894375801086,-0.03954057767987251,0.13936759531497955,-0.5776600241661072,-0.13999228179454803,0.09011468291282654,-0.42622658610343933,-0.1682228147983551,0.07388290017843246,-0.29268190264701843,-0.15443111956119537,0.08980812132358551,-0.46402180194854736,-0.03789045661687851,0.0386287122964859,-0.5474872589111328,-0.14040043950080872,0.017393499612808228,-0.39513522386550903,-0.14467427134513855,0.024326367303729057,-0.2728068232536316,-0.10909063369035721,-0.004461230710148811,-0.4595320224761963,-0.039583414793014526,0.0004940918297506869,-0.6303722262382507,-0.09200143069028854,0.0041565680876374245,-0.7375974655151367,-0.0919174924492836,0.02107885107398033,-0.8435314297676086,-0.07364003360271454,0.0,0.0,0.0,0.0,0.0,0.0,0.0,0.0,0.0,0.0,0.0,0.0,0.0,0.0,0.0,0.0,0.0,0.0,0.0,0.0,0.0,0.0,0.0,0.0,0.0,0.0,0.0,0.0,0.0,0.0,0.0,0.0,0.0,0.0,0.0,0.0,0.0,0.0,0.0,0.0,0.0,0.0,0.0,0.0,0.0,0.0,0.0,0.0,0.0,0.0,0.0,0.0,0.0,0.0,0.0,0.0,0.0,0.0,0.0,0.0,0.0,0.0,0.0,WATER
0.0,0.0,0.0,0.16720998287200928,-0.029545987024903297,-0.06181257963180542,0.324970543384552,-0.17834120988845825,-0.07635769993066788,0.4338603615760803,-0.30632442235946655,-0.08943545818328857,0.5336996912956238,-0.32807081937789917,-0.10234598815441132,0.27040359377861023,-0.43818292021751404,-0.04604991152882576,0.327911913394928,-0.6588418483734131,-0.08229505270719528,0.35546189546585083,-0.8038531541824341,-0.0961306095123291,0.38033807277679443,-0.9192134141921997,-0.1019289568066597,0.17806541919708252,-0.4632936418056488,-0.03985195234417915,0.13845863938331604,-0.5756703615188599,-0.1404600590467453,0.09115041792392731,-0.41960492730140686,-0.16841723024845123,0.0756717324256897,-0.2848398983478546,-0.15478242933750153,0.08671893179416656,-0.46569955348968506,-0.038933105766773224,0.0353553481400013,-0.5466442704200745,-0.14123186469078064,0.01670900732278824,-0.3923521339893341,-0.14498883485794067,0.024295678362250328,-0.26887720823287964,-0.10979156941175461,-0.00650967750698328,-0.4594842493534088,-0.04118967801332474,-0.0005672920378856361,-0.6301422715187073,-0.09475047886371613,0.002432740991935134,-0.7380041480064392,-0.09550188481807709,0.017621563747525215,-0.8446553945541382,-0.07810225337743759,0.0,0.0,0.0,0.0,0.0,0.0,0.0,0.0,0.0,0.0,0.0,0.0,0.0,0.0,0.0,0.0,0.0,0.0,0.0,0.0,0.0,0.0,0.0,0.0,0.0,0.0,0.0,0.0,0.0,0.0,0.0,0.0,0.0,0.0,0.0,0.0,0.0,0.0,0.0,0.0,0.0,0.0,0.0,0.0,0.0,0.0,0.0,0.0,0.0,0.0,0.0,0.0,0.0,0.0,0.0,0.0,0.0,0.0,0.0,0.0,0.0,0.0,0.0,WATER
0.0,0.0,0.0,0.16604360938072205,-0.03395921364426613,-0.06027277186512947,0.3232910633087158,-0.1817486584186554,-0.07361795753240585,0.4307819902896881,-0.3080454170703888,-0.08653514087200165,0.5287237167358398,-0.3282930552959442,-0.09967533499002457,0.26761361956596375,-0.4456769526004791,-0.04129905253648758,0.3244836628437042,-0.6617059111595154,-0.07679754495620728,0.35100728273391724,-0.8053532838821411,-0.09019885957241058,0.37517106533050537,-0.9220000505447388,-0.09572098404169083,0.1749604493379593,-0.4710904359817505,-0.036198027431964874,0.13476765155792236,-0.5784250497817993,-0.13715045154094696,0.08676834404468536,-0.42117494344711304,-0.165307879447937,0.0681520327925682,-0.28556838631629944,-0.1511455476284027,0.08276050537824631,-0.4739731550216675,-0.036682188510894775,0.028516994789242744,-0.5527836680412292,-0.14014093577861786,0.010465823113918304,-0.3960939645767212,-0.14545205235481262,0.018074672669172287,-0.27241045236587524,-0.11049120128154755,-0.011609487235546112,-0.4692952036857605,-0.040146294981241226,-0.006397276185452938,-0.6379099488258362,-0.09419567883014679,-0.002962003229185939,-0.7430578470230103,-0.09583093225955963,0.012379216961562634,-0.8505428433418274,-0.07886123657226562,0.0,0.0,0.0,0.0,0.0,0.0,0.0,0.0,0.0,0.0,0.0,0.0,0.0,0.0,0.0,0.0,0.0,0.0,0.0,0.0,0.0,0.0,0.0,0.0,0.0,0.0,0.0,0.0,0.0,0.0,0.0,0.0,0.0,0.0,0.0,0.0,0.0,0.0,0.0,0.0,0.0,0.0,0.0,0.0,0.0,0.0,0.0,0.0,0.0,0.0,0.0,0.0,0.0,0.0,0.0,0.0,0.0,0.0,0.0,0.0,0.0,0.0,0.0,WATER
0.0,0.0,0.0,0.17065264284610748,-0.02778257243335247,-0.05386156961321831,0.3287031352519989,-0.17762930691242218,-0.0640907883644104,0.4373176693916321,-0.30514979362487793,-0.07580149173736572,0.5312103033065796,-0.3275570571422577,-0.08877424895763397,0.2693644165992737,-0.4388029873371124,-0.03555816411972046,0.3279972970485687,-0.6602418422698975,-0.06969637423753738,0.3581394851207733,-0.8026500940322876,-0.08219609409570694,0.38428404927253723,-0.9191159009933472,-0.0869007557630539,0.17903535068035126,-0.4653913974761963,-0.03359918296337128,0.1439688801765442,-0.572147011756897,-0.13474774360656738,0.09404866397380829,-0.41488489508628845,-0.164698988199234,0.07038480043411255,-0.27943992614746094,-0.15145285427570343,0.08835040032863617,-0.4698091745376587,-0.03629523888230324,0.0404362827539444,-0.5490429997444153,-0.13866811990737915,0.019105730578303337,-0.3928844630718231,-0.14427457749843597,0.020679598674178123,-0.2688135504722595,-0.10952015966176987,-0.005067924968898296,-0.4643975794315338,-0.04140646010637283,-0.0017558940453454852,-0.636170506477356,-0.09354550391435623,0.004203653894364834,-0.7424419522285461,-0.0942140594124794,0.02110563963651657,-0.8477187752723694,-0.07657381147146225,0.0,0.0,0.0,0.0,0.0,0.0,0.0,0.0,0.0,0.0,0.0,0.0,0.0,0.0,0.0,0.0,0.0,0.0,0.0,0.0,0.0,0.0,0.0,0.0,0.0,0.0,0.0,0.0,0.0,0.0,0.0,0.0,0.0,0.0,0.0,0.0,0.0,0.0,0.0,0.0,0.0,0.0,0.0,0.0,0.0,0.0,0.0,0.0,0.0,0.0,0.0,0.0,0.0,0.0,0.0,0.0,0.0,0.0,0.0,0.0,0.0,0.0,0.0,WATER
0.0,0.0,0.0,0.1696336716413498,-0.03308435529470444,-0.05441049486398697,0.3257170021533966,-0.17863158881664276,-0.0668574720621109,0.433356374502182,-0.3036554157733917,-0.08099399507045746,0.5264778733253479,-0.32526275515556335,-0.0961194783449173,0.2652202844619751,-0.43659430742263794,-0.03761015459895134,0.32440322637557983,-0.6590285897254944,-0.07362807542085648,0.3551052212715149,-0.8026009798049927,-0.0875077024102211,0.38230422139167786,-0.9193827509880066,-0.09262248873710632,0.17524701356887817,-0.4647410809993744,-0.0359124019742012,0.13994160294532776,-0.5754266977310181,-0.1372557133436203,0.08937224000692368,-0.4248103201389313,-0.16739588975906372,0.06518200784921646,-0.2915657162666321,-0.15448321402072906,0.08526992797851562,-0.4711158871650696,-0.03897002339363098,0.03757229074835777,-0.5535345673561096,-0.14036348462104797,0.014800169505178928,-0.401699423789978,-0.14565764367580414,0.015755636617541313,-0.2791963815689087,-0.11118701100349426,-0.006415131036192179,-0.467176616191864,-0.044705986976623535,-0.0017086622538045049,-0.6379223465919495,-0.09476079791784286,0.003586114849895239,-0.7444276213645935,-0.09414178133010864,0.019389472901821136,-0.8481453657150269,-0.07595612853765488,0.0,0.0,0.0,0.0,0.0,0.0,0.0,0.0,0.0,0.0,0.0,0.0,0.0,0.0,0.0,0.0,0.0,0.0,0.0,0.0,0.0,0.0,0.0,0.0,0.0,0.0,0.0,0.0,0.0,0.0,0.0,0.0,0.0,0.0,0.0,0.0,0.0,0.0,0.0,0.0,0.0,0.0,0.0,0.0,0.0,0.0,0.0,0.0,0.0,0.0,0.0,0.0,0.0,0.0,0.0,0.0,0.0,0.0,0.0,0.0,0.0,0.0,0.0,WATER
0.0,0.0,0.0,0.16467253863811493,-0.03739281743764877,-0.05483998358249664,0.32079771161079407,-0.18680451810359955,-0.06958452612161636,0.43684157729148865,-0.3100394010543823,-0.08557925373315811,0.5357636213302612,-0.32696810364723206,-0.10303249955177307,0.26999250054359436,-0.4359399676322937,-0.04420968145132065,0.3285506069660187,-0.6576908826828003,-0.08179804682731628,0.3590097725391388,-0.8001159429550171,-0.09673519432544708,0.3847765624523163,-0.9172790050506592,-0.1026943102478981,0.18119344115257263,-0.4640592932701111,-0.042764898389577866,0.13897733390331268,-0.57082200050354,-0.1437561959028244,0.08518030494451523,-0.4221506714820862,-0.17393599450588226,0.06247441843152046,-0.2968471348285675,-0.16226480901241302,0.09013880789279938,-0.4686964154243469,-0.04559597373008728,0.03874783217906952,-0.552247941493988,-0.14848175644874573,0.013313538394868374,-0.40032970905303955,-0.153347909450531,0.015097672119736671,-0.2771259844303131,-0.11855103820562363,-0.0028734742663800716,-0.46144023537635803,-0.050923604518175125,0.0011825173860415816,-0.6333507299423218,-0.10272154957056046,0.00483999727293849,-0.7421173453330994,-0.10159673541784286,0.0209067240357399,-0.8454763889312744,-0.08259694278240204,0.0,0.0,0.0,0.0,0.0,0.0,0.0,0.0,0.0,0.0,0.0,0.0,0.0,0.0,0.0,0.0,0.0,0.0,0.0,0.0,0.0,0.0,0.0,0.0,0.0,0.0,0.0,0.0,0.0,0.0,0.0,0.0,0.0,0.0,0.0,0.0,0.0,0.0,0.0,0.0,0.0,0.0,0.0,0.0,0.0,0.0,0.0,0.0,0.0,0.0,0.0,0.0,0.0,0.0,0.0,0.0,0.0,0.0,0.0,0.0,0.0,0.0,0.0,WATER
0.0,0.0,0.0,0.1626492142677307,-0.03694193437695503,-0.051968205720186234,0.31979474425315857,-0.18724940717220306,-0.064525306224823,0.435616672039032,-0.3104473352432251,-0.07913796603679657,0.5345763564109802,-0.3286043107509613,-0.0951869785785675,0.2667485773563385,-0.43904945254325867,-0.03639170899987221,0.3258470594882965,-0.6601861119270325,-0.07219914346933365,0.35551774501800537,-0.8030103445053101,-0.08679275959730148,0.3824233114719391,-0.919295072555542,-0.09299968928098679,0.17777283489704132,-0.46825310587882996,-0.035711828619241714,0.1409938782453537,-0.5808096528053284,-0.1355694830417633,0.08476097881793976,-0.4318860173225403,-0.16550801694393158,0.05812399834394455,-0.30175691843032837,-0.15338274836540222,0.08772602677345276,-0.4748010039329529,-0.03947390988469124,0.03926379978656769,-0.5650873184204102,-0.13872016966342926,0.01306732464581728,-0.41528597474098206,-0.14252980053424835,0.012966744601726532,-0.2913389801979065,-0.10805702209472656,-0.005050810985267162,-0.46921050548553467,-0.045854732394218445,-0.0009856009855866432,-0.6397523880004883,-0.09448891878128052,0.002781729446724057,-0.7456086277961731,-0.09282871335744858,0.018357060849666595,-0.8464935421943665,-0.07429066300392151,0.0,0.0,0.0,0.0,0.0,0.0,0.0,0.0,0.0,0.0,0.0,0.0,0.0,0.0,0.0,0.0,0.0,0.0,0.0,0.0,0.0,0.0,0.0,0.0,0.0,0.0,0.0,0.0,0.0,0.0,0.0,0.0,0.0,0.0,0.0,0.0,0.0,0.0,0.0,0.0,0.0,0.0,0.0,0.0,0.0,0.0,0.0,0.0,0.0,0.0,0.0,0.0,0.0,0.0,0.0,0.0,0.0,0.0,0.0,0.0,0.0,0.0,0.0,WATER
0.0,0.0,0.0,0.16220195591449738,-0.03508660942316055,-0.05602790415287018,0.3178003132343292,-0.17980283498764038,-0.07004167884588242,0.43353065848350525,-0.30061963200569153,-0.08542749285697937,0.5305867195129395,-0.324675053358078,-0.10186845064163208,0.26575562357902527,-0.4367574155330658,-0.03907409682869911,0.32446104288101196,-0.6584933996200562,-0.07614922523498535,0.3553873896598816,-0.8010730147361755,-0.09139274060726166,0.3826189339160919,-0.9187275171279907,-0.09768576174974442,0.17639176547527313,-0.4659650921821594,-0.0363975390791893,0.13650688529014587,-0.5738179683685303,-0.13983707129955292,0.08082395046949387,-0.41965875029563904,-0.1704498678445816,0.05523393303155899,-0.28654006123542786,-0.15740425884723663,0.08697035908699036,-0.47269344329833984,-0.03872283548116684,0.03633590787649155,-0.5571247339248657,-0.14152130484580994,0.010932857170701027,-0.403506338596344,-0.1461295783519745,0.01138796005398035,-0.27795860171318054,-0.11060421168804169,-0.0035137950908392668,-0.46806061267852783,-0.043922748416662216,0.0001091546073439531,-0.6370608806610107,-0.09503508359193802,0.004218596033751965,-0.7414872050285339,-0.094295434653759,0.019846897572278976,-0.8420329093933105,-0.07540872693061829,0.0,0.0,0.0,0.0,0.0,0.0,0.0,0.0,0.0,0.0,0.0,0.0,0.0,0.0,0.0,0.0,0.0,0.0,0.0,0.0,0.0,0.0,0.0,0.0,0.0,0.0,0.0,0.0,0.0,0.0,0.0,0.0,0.0,0.0,0.0,0.0,0.0,0.0,0.0,0.0,0.0,0.0,0.0,0.0,0.0,0.0,0.0,0.0,0.0,0.0,0.0,0.0,0.0,0.0,0.0,0.0,0.0,0.0,0.0,0.0,0.0,0.0,0.0,WATER
0.0,0.0,0.0,0.15986011922359467,-0.037951283156871796,-0.05834745615720749,0.31527334451675415,-0.17970632016658783,-0.07474271208047867,0.4315471053123474,-0.29873186349868774,-0.09243284165859222,0.5278536677360535,-0.3237355053424835,-0.111000657081604,0.26666563749313354,-0.4390333592891693,-0.04015286639332771,0.32477453351020813,-0.6601380705833435,-0.0773763656616211,0.3542938530445099,-0.8016813397407532,-0.09285586327314377,0.3806498944759369,-0.919356644153595,-0.09944301843643188,0.17791254818439484,-0.46849143505096436,-0.036758244037628174,0.13566811382770538,-0.5761808753013611,-0.1383276879787445,0.08294292539358139,-0.4214443862438202,-0.16884829103946686,0.059985753148794174,-0.2900710999965668,-0.15656624734401703,0.08880343288183212,-0.47415947914123535,-0.03845158964395523,0.04095350578427315,-0.5632197856903076,-0.1396397203207016,0.016957474872469902,-0.40691861510276794,-0.1432185024023056,0.017922725528478622,-0.28095901012420654,-0.107883520424366,-0.001681282534264028,-0.4673180878162384,-0.04330859333276749,0.0003259610093664378,-0.6374070644378662,-0.0930834636092186,0.004899387713521719,-0.7410032749176025,-0.09138251096010208,0.021786769852042198,-0.8429512977600098,-0.07226082682609558,0.0,0.0,0.0,0.0,0.0,0.0,0.0,0.0,0.0,0.0,0.0,0.0,0.0,0.0,0.0,0.0,0.0,0.0,0.0,0.0,0.0,0.0,0.0,0.0,0.0,0.0,0.0,0.0,0.0,0.0,0.0,0.0,0.0,0.0,0.0,0.0,0.0,0.0,0.0,0.0,0.0,0.0,0.0,0.0,0.0,0.0,0.0,0.0,0.0,0.0,0.0,0.0,0.0,0.0,0.0,0.0,0.0,0.0,0.0,0.0,0.0,0.0,0.0,WATER
0.0,0.0,0.0,0.15773345530033112,-0.03743373975157738,-0.058558277785778046,0.3107761740684509,-0.18093790113925934,-0.07433497905731201,0.42492881417274475,-0.3053933382034302,-0.09141387790441513,0.5237617492675781,-0.3293893337249756,-0.10903530567884445,0.2628580927848816,-0.43735605478286743,-0.039143793284893036,0.322378933429718,-0.6614368557929993,-0.07710125297307968,0.35279083251953125,-0.8032445311546326,-0.09185705333948135,0.38112813234329224,-0.9193653464317322,-0.09751315414905548,0.1758979856967926,-0.46578261256217957,-0.035082168877124786,0.13037322461605072,-0.5745995044708252,-0.13911382853984833,0.07827191054821014,-0.41940268874168396,-0.1692521572113037,0.0601440891623497,-0.28885945677757263,-0.15581533312797546,0.08819961547851562,-0.47137200832366943,-0.03629448264837265,0.03546120971441269,-0.5614189505577087,-0.14060600101947784,0.010212880559265614,-0.4050476551055908,-0.14409886300563812,0.013485236093401909,-0.2784091532230377,-0.10718755424022675,-0.0014024520060047507,-0.46592503786087036,-0.040568266063928604,0.0026061402168124914,-0.6347471475601196,-0.09311467409133911,0.0062404656782746315,-0.74010169506073,-0.09242459386587143,0.0217971820384264,-0.8434966206550598,-0.07292505353689194,0.0,0.0,0.0,0.0,0.0,0.0,0.0,0.0,0.0,0.0,0.0,0.0,0.0,0.0,0.0,0.0,0.0,0.0,0.0,0.0,0.0,0.0,0.0,0.0,0.0,0.0,0.0,0.0,0.0,0.0,0.0,0.0,0.0,0.0,0.0,0.0,0.0,0.0,0.0,0.0,0.0,0.0,0.0,0.0,0.0,0.0,0.0,0.0,0.0,0.0,0.0,0.0,0.0,0.0,0.0,0.0,0.0,0.0,0.0,0.0,0.0,0.0,0.0,WATER
0.0,0.0,0.0,0.15475735068321228,-0.03330809995532036,-0.06726393103599548,0.3105539083480835,-0.17113615572452545,-0.08580265194177628,0.4266851842403412,-0.2973114550113678,-0.10361967980861664,0.5271643996238708,-0.3255500793457031,-0.12129518389701843,0.26606157422065735,-0.436129093170166,-0.04443059489130974,0.32631823420524597,-0.6583786606788635,-0.08283080160617828,0.3555099666118622,-0.8011086583137512,-0.09714126586914062,0.3823726177215576,-0.918326735496521,-0.10230907052755356,0.17912094295024872,-0.4655344784259796,-0.03585800528526306,0.12995633482933044,-0.5784125924110413,-0.14148907363414764,0.0765933245420456,-0.4187527596950531,-0.17133976519107819,0.059086620807647705,-0.28458234667778015,-0.15667977929115295,0.09127345681190491,-0.4721519947052002,-0.03332662954926491,0.034136805683374405,-0.5618155598640442,-0.13957127928733826,0.007496972568333149,-0.4030918478965759,-0.14397719502449036,0.011897755786776543,-0.27833783626556396,-0.10663121193647385,0.0013395111309364438,-0.4692642390727997,-0.03434589132666588,0.005900062620639801,-0.6364901661872864,-0.08745690435171127,0.00894060730934143,-0.7389450073242188,-0.0871589332818985,0.023876838386058807,-0.8433037400245667,-0.06737648695707321,0.0,0.0,0.0,0.0,0.0,0.0,0.0,0.0,0.0,0.0,0.0,0.0,0.0,0.0,0.0,0.0,0.0,0.0,0.0,0.0,0.0,0.0,0.0,0.0,0.0,0.0,0.0,0.0,0.0,0.0,0.0,0.0,0.0,0.0,0.0,0.0,0.0,0.0,0.0,0.0,0.0,0.0,0.0,0.0,0.0,0.0,0.0,0.0,0.0,0.0,0.0,0.0,0.0,0.0,0.0,0.0,0.0,0.0,0.0,0.0,0.0,0.0,0.0,WATER
0.0,0.0,0.0,0.15312537550926208,-0.03510173037648201,-0.06950391829013824,0.30762574076652527,-0.17080603539943695,-0.08942143619060516,0.4228229224681854,-0.29628419876098633,-0.10817361623048782,0.5267554521560669,-0.32723382115364075,-0.12652258574962616,0.2659427225589752,-0.43709325790405273,-0.04721183702349663,0.3259321451187134,-0.6573963165283203,-0.0870177298784256,0.3551778495311737,-0.8007785677909851,-0.1015903502702713,0.3821404278278351,-0.9179607033729553,-0.10638052970170975,0.17857961356639862,-0.46619582176208496,-0.038229405879974365,0.12682674825191498,-0.5758411288261414,-0.14595180749893188,0.06946863234043121,-0.4171529710292816,-0.1759444773197174,0.04987231269478798,-0.28241387009620667,-0.16042280197143555,0.09006670862436295,-0.47176191210746765,-0.03557761013507843,0.02840864472091198,-0.5564571619033813,-0.1446915715932846,-0.00023472464818041772,-0.3994864523410797,-0.15025372803211212,0.0047430433332920074,-0.2757400572299957,-0.11251512914896011,0.0005997712723910809,-0.4678817391395569,-0.03650598227977753,0.005414140876382589,-0.6353182792663574,-0.09216466546058655,0.008237993344664574,-0.7398011088371277,-0.0927787646651268,0.023770585656166077,-0.8447868824005127,-0.07273562252521515,0.0,0.0,0.0,0.0,0.0,0.0,0.0,0.0,0.0,0.0,0.0,0.0,0.0,0.0,0.0,0.0,0.0,0.0,0.0,0.0,0.0,0.0,0.0,0.0,0.0,0.0,0.0,0.0,0.0,0.0,0.0,0.0,0.0,0.0,0.0,0.0,0.0,0.0,0.0,0.0,0.0,0.0,0.0,0.0,0.0,0.0,0.0,0.0,0.0,0.0,0.0,0.0,0.0,0.0,0.0,0.0,0.0,0.0,0.0,0.0,0.0,0.0,0.0,WATER
0.0,0.0,0.0,0.15329180657863617,-0.03509142994880676,-0.0691709965467453,0.3081507384777069,-0.1706659495830536,-0.08922843635082245,0.4235069453716278,-0.296174019575119,-0.10836435109376907,0.5281028151512146,-0.32691141963005066,-0.12719175219535828,0.26588526368141174,-0.4365428388118744,-0.04666401818394661,0.3260098397731781,-0.6566171646118164,-0.08695834875106812,0.355452299118042,-0.8001987934112549,-0.10185839980840683,0.3827798068523407,-0.9176440834999084,-0.10681281983852386,0.17879506945610046,-0.46618005633354187,-0.03796069696545601,0.12711098790168762,-0.57524573802948,-0.14638209342956543,0.0693613588809967,-0.4166896641254425,-0.17653906345367432,0.04954076185822487,-0.2817345857620239,-0.16088831424713135,0.09038503468036652,-0.4724576771259308,-0.03562776371836662,0.029675666242837906,-0.5576686263084412,-0.14497476816177368,0.0004519835056271404,-0.4012123942375183,-0.15023796260356903,0.004934290423989296,-0.27727556228637695,-0.11216267198324203,0.0011053597554564476,-0.46879473328590393,-0.03690306842327118,0.005775597877800465,-0.6360780000686646,-0.09255531430244446,0.008341841399669647,-0.7400292158126831,-0.09293443709611893,0.023624490946531296,-0.8439391851425171,-0.07259025424718857,0.0,0.0,0.0,0.0,0.0,0.0,0.0,0.0,0.0,0.0,0.0,0.0,0.0,0.0,0.0,0.0,0.0,0.0,0.0,0.0,0.0,0.0,0.0,0.0,0.0,0.0,0.0,0.0,0.0,0.0,0.0,0.0,0.0,0.0,0.0,0.0,0.0,0.0,0.0,0.0,0.0,0.0,0.0,0.0,0.0,0.0,0.0,0.0,0.0,0.0,0.0,0.0,0.0,0.0,0.0,0.0,0.0,0.0,0.0,0.0,0.0,0.0,0.0,WATER
0.0,0.0,0.0,0.15177728235721588,-0.03980477899312973,-0.07214634865522385,0.30472007393836975,-0.17267173528671265,-0.09430062770843506,0.4196593761444092,-0.297099232673645,-0.11473216116428375,0.5225377678871155,-0.3287530541419983,-0.13454289734363556,0.25980669260025024,-0.44053077697753906,-0.04928312823176384,0.3214575946331024,-0.6583844423294067,-0.08924920111894608,0.35284504294395447,-0.800599992275238,-0.1042483001947403,0.3808830976486206,-0.9181573390960693,-0.10915721952915192,0.17158037424087524,-0.47093936800956726,-0.03855617716908455,0.12003325670957565,-0.5817692279815674,-0.14626310765743256,0.06451651453971863,-0.4180980920791626,-0.17706997692584991,0.04389661177992821,-0.27976885437965393,-0.16184161603450775,0.0846410021185875,-0.4771544933319092,-0.034179020673036575,0.022785143926739693,-0.5637595057487488,-0.14211715757846832,-0.004036752972751856,-0.406316339969635,-0.14814768731594086,-2.4205303361668484e-06,-0.28312280774116516,-0.11089172959327698,-0.0017934647621586919,-0.47336286306381226,-0.03361273556947708,0.0060111647471785545,-0.6392260789871216,-0.08660192042589188,0.01063600741326809,-0.7419784069061279,-0.08598533272743225,0.024966632947325706,-0.8463922739028931,-0.06553969532251358,0.0,0.0,0.0,0.0,0.0,0.0,0.0,0.0,0.0,0.0,0.0,0.0,0.0,0.0,0.0,0.0,0.0,0.0,0.0,0.0,0.0,0.0,0.0,0.0,0.0,0.0,0.0,0.0,0.0,0.0,0.0,0.0,0.0,0.0,0.0,0.0,0.0,0.0,0.0,0.0,0.0,0.0,0.0,0.0,0.0,0.0,0.0,0.0,0.0,0.0,0.0,0.0,0.0,0.0,0.0,0.0,0.0,0.0,0.0,0.0,0.0,0.0,0.0,WATER
0.0,0.0,0.0,0.1466151475906372,-0.03823424503207207,-0.0761232078075409,0.29886922240257263,-0.1690075397491455,-0.09913922846317291,0.41532737016677856,-0.292382150888443,-0.11967447400093079,0.5157977938652039,-0.33205029368400574,-0.13963212072849274,0.257489949464798,-0.4410225450992584,-0.04852047935128212,0.31842896342277527,-0.6587456464767456,-0.0887679010629654,0.35028210282325745,-0.8011569976806641,-0.10431447625160217,0.3780760169029236,-0.9193671941757202,-0.10873109102249146,0.17001377046108246,-0.4703332185745239,-0.035079922527074814,0.11763446778059006,-0.5839973092079163,-0.1424073427915573,0.06087682023644447,-0.42290353775024414,-0.17403949797153473,0.039261627942323685,-0.28610295057296753,-0.15831269323825836,0.08382690697908401,-0.4768589735031128,-0.02851281315088272,0.024375343695282936,-0.5652811527252197,-0.13803455233573914,-0.005716649349778891,-0.40749654173851013,-0.145981103181839,-0.004186201840639114,-0.28436514735221863,-0.10807251930236816,-0.0005711310659535229,-0.4737653434276581,-0.02571384608745575,0.00882667861878872,-0.6427743434906006,-0.07909608632326126,0.012526771984994411,-0.7453775405883789,-0.07827199250459671,0.0260061863809824,-0.8486288189888,-0.05623845010995865,0.0,0.0,0.0,0.0,0.0,0.0,0.0,0.0,0.0,0.0,0.0,0.0,0.0,0.0,0.0,0.0,0.0,0.0,0.0,0.0,0.0,0.0,0.0,0.0,0.0,0.0,0.0,0.0,0.0,0.0,0.0,0.0,0.0,0.0,0.0,0.0,0.0,0.0,0.0,0.0,0.0,0.0,0.0,0.0,0.0,0.0,0.0,0.0,0.0,0.0,0.0,0.0,0.0,0.0,0.0,0.0,0.0,0.0,0.0,0.0,0.0,0.0,0.0,WATER
0.0,0.0,0.0,0.14739932119846344,-0.037461649626493454,-0.0717432051897049,0.2999241054058075,-0.1669798344373703,-0.09393688291311264,0.4180368483066559,-0.2875102460384369,-0.11480974406003952,0.51888108253479,-0.32545581459999084,-0.13550621271133423,0.260389506816864,-0.4350404739379883,-0.04785703495144844,0.3216720223426819,-0.6577978730201721,-0.0878685861825943,0.35314586758613586,-0.8004343509674072,-0.10285426676273346,0.3820984661579132,-0.9178845882415771,-0.10718519985675812,0.1742275059223175,-0.464513897895813,-0.03694172948598862,0.12421965599060059,-0.579410195350647,-0.14159320294857025,0.0649837851524353,-0.42682933807373047,-0.17211505770683289,0.04304777458310127,-0.29596081376075745,-0.15765219926834106,0.0877995640039444,-0.4714033901691437,-0.0324513204395771,0.03263257443904877,-0.5652979612350464,-0.13910536468029022,-0.0001549012231407687,-0.4128298759460449,-0.14497527480125427,0.000830729550216347,-0.2914322018623352,-0.10784764587879181,0.0015484135365113616,-0.4686022996902466,-0.03160921856760979,0.009589907713234425,-0.6374321579933167,-0.08381440490484238,0.012684040702879429,-0.7409932613372803,-0.08236118406057358,0.027753610163927078,-0.8438472151756287,-0.06100480258464813,0.0,0.0,0.0,0.0,0.0,0.0,0.0,0.0,0.0,0.0,0.0,0.0,0.0,0.0,0.0,0.0,0.0,0.0,0.0,0.0,0.0,0.0,0.0,0.0,0.0,0.0,0.0,0.0,0.0,0.0,0.0,0.0,0.0,0.0,0.0,0.0,0.0,0.0,0.0,0.0,0.0,0.0,0.0,0.0,0.0,0.0,0.0,0.0,0.0,0.0,0.0,0.0,0.0,0.0,0.0,0.0,0.0,0.0,0.0,0.0,0.0,0.0,0.0,WATER
0.0,0.0,0.0,0.14696109294891357,-0.042434368282556534,-0.06984409689903259,0.29538536071777344,-0.17403949797153473,-0.0920935645699501,0.41247284412384033,-0.2942327558994293,-0.11373695731163025,0.5161306858062744,-0.33058834075927734,-0.1351935863494873,0.25840985774993896,-0.43902572989463806,-0.044952958822250366,0.3192903697490692,-0.6605311632156372,-0.085166335105896,0.3496260344982147,-0.8023722171783447,-0.10086289048194885,0.37758806347846985,-0.9199066758155823,-0.10582500696182251,0.1727284938097,-0.46862202882766724,-0.035523731261491776,0.1247093603014946,-0.5789042711257935,-0.1405153125524521,0.06742770969867706,-0.42420169711112976,-0.17083700001239777,0.04692862927913666,-0.29431676864624023,-0.15613123774528503,0.08584912866353989,-0.475722074508667,-0.03279991075396538,0.03318853676319122,-0.5663161873817444,-0.13998472690582275,0.0020953549537807703,-0.40778201818466187,-0.14529144763946533,0.004351709503680468,-0.28353002667427063,-0.10756857693195343,-0.0006684678373858333,-0.4726121723651886,-0.03369702026247978,0.00626014219596982,-0.6403937935829163,-0.08701810240745544,0.009331022389233112,-0.7421087026596069,-0.08587232232093811,0.025699909776449203,-0.844539225101471,-0.06455022841691971,0.0,0.0,0.0,0.0,0.0,0.0,0.0,0.0,0.0,0.0,0.0,0.0,0.0,0.0,0.0,0.0,0.0,0.0,0.0,0.0,0.0,0.0,0.0,0.0,0.0,0.0,0.0,0.0,0.0,0.0,0.0,0.0,0.0,0.0,0.0,0.0,0.0,0.0,0.0,0.0,0.0,0.0,0.0,0.0,0.0,0.0,0.0,0.0,0.0,0.0,0.0,0.0,0.0,0.0,0.0,0.0,0.0,0.0,0.0,0.0,0.0,0.0,0.0,WATER
0.0,0.0,0.0,0.14719127118587494,-0.04084954038262367,-0.07207845896482468,0.29716527462005615,-0.1692647486925125,-0.09554456919431686,0.4147963225841522,-0.289413720369339,-0.1183238998055458,0.5189148187637329,-0.32744863629341125,-0.14081218838691711,0.25974100828170776,-0.4383337199687958,-0.04604389891028404,0.3213652968406677,-0.6595782041549683,-0.08741667866706848,0.3527359664440155,-0.8006688356399536,-0.10390163213014603,0.3817794620990753,-0.9177648425102234,-0.10932581126689911,0.17408737540245056,-0.4685656428337097,-0.03592751920223236,0.12579041719436646,-0.5787846446037292,-0.142862007021904,0.06850843876600266,-0.4230629503726959,-0.1739894449710846,0.04744647070765495,-0.29229453206062317,-0.1594676822423935,0.08719015121459961,-0.47629719972610474,-0.03290634974837303,0.03382118046283722,-0.5665141940116882,-0.14172041416168213,0.003156121354550123,-0.407531201839447,-0.14773467183113098,0.005476991645991802,-0.2834542989730835,-0.11010339856147766,0.0005306793027557433,-0.47407135367393494,-0.03371397778391838,0.007382683921605349,-0.6409981846809387,-0.08796954154968262,0.010330560617148876,-0.7428232431411743,-0.08766337484121323,0.02609441429376602,-0.8462010025978088,-0.06681627035140991,0.0,0.0,0.0,0.0,0.0,0.0,0.0,0.0,0.0,0.0,0.0,0.0,0.0,0.0,0.0,0.0,0.0,0.0,0.0,0.0,0.0,0.0,0.0,0.0,0.0,0.0,0.0,0.0,0.0,0.0,0.0,0.0,0.0,0.0,0.0,0.0,0.0,0.0,0.0,0.0,0.0,0.0,0.0,0.0,0.0,0.0,0.0,0.0,0.0,0.0,0.0,0.0,0.0,0.0,0.0,0.0,0.0,0.0,0.0,0.0,0.0,0.0,0.0,WATER
0.0,0.0,0.0,0.15293845534324646,-0.042530275881290436,-0.0635775551199913,0.3047627806663513,-0.1823461353778839,-0.08117131143808365,0.41945695877075195,-0.305064857006073,-0.09847380220890045,0.5207390189170837,-0.3295570909976959,-0.11564980447292328,0.2593344748020172,-0.4288563132286072,-0.04611264914274216,0.3204973340034485,-0.656460165977478,-0.08592978864908218,0.35090550780296326,-0.8007431030273438,-0.0995662584900856,0.38092824816703796,-0.9188251495361328,-0.10321830958127975,0.1759413778781891,-0.46220022439956665,-0.03828494995832443,0.12244843691587448,-0.5758111476898193,-0.14152175188064575,0.061698831617832184,-0.4241647720336914,-0.16915389895439148,0.04303872585296631,-0.29450714588165283,-0.15344049036502838,0.0897153839468956,-0.47172167897224426,-0.03612106665968895,0.03050673007965088,-0.5623711943626404,-0.14054273068904877,-0.0021316399797797203,-0.4099579155445099,-0.14429576694965363,0.0018919375725090504,-0.28714993596076965,-0.10659024119377136,0.001598475268110633,-0.47008228302001953,-0.0371779166162014,0.009915703907608986,-0.6362631916999817,-0.08786170184612274,0.012624586001038551,-0.7395036220550537,-0.08613906800746918,0.028188128024339676,-0.8376682996749878,-0.06525764614343643,0.0,0.0,0.0,0.0,0.0,0.0,0.0,0.0,0.0,0.0,0.0,0.0,0.0,0.0,0.0,0.0,0.0,0.0,0.0,0.0,0.0,0.0,0.0,0.0,0.0,0.0,0.0,0.0,0.0,0.0,0.0,0.0,0.0,0.0,0.0,0.0,0.0,0.0,0.0,0.0,0.0,0.0,0.0,0.0,0.0,0.0,0.0,0.0,0.0,0.0,0.0,0.0,0.0,0.0,0.0,0.0,0.0,0.0,0.0,0.0,0.0,0.0,0.0,WATER
0.0,0.0,0.0,0.15017716586589813,-0.041417695581912994,-0.061008427292108536,0.30283045768737793,-0.1816214770078659,-0.07674771547317505,0.4179207384586334,-0.3038923442363739,-0.09346018731594086,0.5169047117233276,-0.3282223343849182,-0.11074800044298172,0.25772684812545776,-0.43568918108940125,-0.039987653493881226,0.3184318244457245,-0.6595257520675659,-0.07767940312623978,0.3493672013282776,-0.8026247620582581,-0.09213549643754959,0.3792997896671295,-0.9201606512069702,-0.09713950008153915,0.17453010380268097,-0.46802687644958496,-0.03284737467765808,0.1214713454246521,-0.5770082473754883,-0.13410049676895142,0.0648004338145256,-0.42299768328666687,-0.16275905072689056,0.04631100967526436,-0.2931869626045227,-0.14861764013767242,0.08970046043395996,-0.47723865509033203,-0.03136304020881653,0.03074299730360508,-0.5690901875495911,-0.13289524614810944,0.00158482207916677,-0.4138752818107605,-0.13714316487312317,0.005608616396784782,-0.28819435834884644,-0.10100969672203064,0.0027472572401165962,-0.47502464056015015,-0.033138178288936615,0.009617500938475132,-0.641810953617096,-0.08241528272628784,0.010851512663066387,-0.7445765733718872,-0.0809994712471962,0.023673292249441147,-0.8441854119300842,-0.06098850071430206,0.0,0.0,0.0,0.0,0.0,0.0,0.0,0.0,0.0,0.0,0.0,0.0,0.0,0.0,0.0,0.0,0.0,0.0,0.0,0.0,0.0,0.0,0.0,0.0,0.0,0.0,0.0,0.0,0.0,0.0,0.0,0.0,0.0,0.0,0.0,0.0,0.0,0.0,0.0,0.0,0.0,0.0,0.0,0.0,0.0,0.0,0.0,0.0,0.0,0.0,0.0,0.0,0.0,0.0,0.0,0.0,0.0,0.0,0.0,0.0,0.0,0.0,0.0,WATER
0.0,0.0,0.0,0.1506287008523941,-0.042393267154693604,-0.05926933512091637,0.3035091757774353,-0.182387575507164,-0.0744965448975563,0.4185320734977722,-0.3038593530654907,-0.09135177731513977,0.5170444250106812,-0.3281742036342621,-0.1088566780090332,0.2567385137081146,-0.43651217222213745,-0.03775274381041527,0.3174003064632416,-0.6608031988143921,-0.0753210186958313,0.3486369848251343,-0.8035638928413391,-0.08928699791431427,0.37906375527381897,-0.9206216931343079,-0.09362834692001343,0.17371705174446106,-0.46969711780548096,-0.031750913709402084,0.12028749287128448,-0.5770139098167419,-0.13383524119853973,0.06303390860557556,-0.4230140447616577,-0.16300347447395325,0.0441242977976799,-0.29270362854003906,-0.14860939979553223,0.08901984989643097,-0.4794227182865143,-0.03130830079317093,0.02978651598095894,-0.5693970322608948,-0.13386370241641998,5.556284304475412e-05,-0.41365769505500793,-0.13866005837917328,0.003684263676404953,-0.2870860695838928,-0.10213878005743027,0.0024858845863491297,-0.47776684165000916,-0.03391094133257866,0.008914212696254253,-0.644458532333374,-0.08299366384744644,0.010372004471719265,-0.7468959093093872,-0.0811668112874031,0.023325856775045395,-0.8451438546180725,-0.06051876023411751,0.0,0.0,0.0,0.0,0.0,0.0,0.0,0.0,0.0,0.0,0.0,0.0,0.0,0.0,0.0,0.0,0.0,0.0,0.0,0.0,0.0,0.0,0.0,0.0,0.0,0.0,0.0,0.0,0.0,0.0,0.0,0.0,0.0,0.0,0.0,0.0,0.0,0.0,0.0,0.0,0.0,0.0,0.0,0.0,0.0,0.0,0.0,0.0,0.0,0.0,0.0,0.0,0.0,0.0,0.0,0.0,0.0,0.0,0.0,0.0,0.0,0.0,0.0,WATER
0.0,0.0,0.0,0.1475989669561386,-0.041151825338602066,-0.06203974783420563,0.29952478408813477,-0.18281948566436768,-0.07849305123090744,0.41550156474113464,-0.3051699697971344,-0.09589319676160812,0.5152284502983093,-0.33145225048065186,-0.11347535252571106,0.25568512082099915,-0.43720412254333496,-0.040597088634967804,0.3156229853630066,-0.6626917719841003,-0.07790875434875488,0.3463466167449951,-0.8047836422920227,-0.09123844653367996,0.3769415616989136,-0.9213423728942871,-0.09509621560573578,0.1723528355360031,-0.46929019689559937,-0.03361794352531433,0.11835475265979767,-0.575771152973175,-0.13549944758415222,0.06205148622393608,-0.4249020218849182,-0.16473984718322754,0.04458846524357796,-0.2986028790473938,-0.15049883723258972,0.08756233751773834,-0.4785858690738678,-0.03240867704153061,0.02796252816915512,-0.5685498118400574,-0.13559368252754211,-0.0018261412624269724,-0.4142245352268219,-0.14121010899543762,0.00234843697398901,-0.2892828583717346,-0.10507892817258835,0.001957124564796686,-0.47736623883247375,-0.03438170999288559,0.009026390500366688,-0.645351767539978,-0.08403250575065613,0.010866095311939716,-0.7481173276901245,-0.0827280804514885,0.024801984429359436,-0.8451454639434814,-0.06234735995531082,0.0,0.0,0.0,0.0,0.0,0.0,0.0,0.0,0.0,0.0,0.0,0.0,0.0,0.0,0.0,0.0,0.0,0.0,0.0,0.0,0.0,0.0,0.0,0.0,0.0,0.0,0.0,0.0,0.0,0.0,0.0,0.0,0.0,0.0,0.0,0.0,0.0,0.0,0.0,0.0,0.0,0.0,0.0,0.0,0.0,0.0,0.0,0.0,0.0,0.0,0.0,0.0,0.0,0.0,0.0,0.0,0.0,0.0,0.0,0.0,0.0,0.0,0.0,WATER
0.0,0.0,0.0,0.1475433111190796,-0.0411173440515995,-0.06551875919103622,0.29922065138816833,-0.18021777272224426,-0.08348467946052551,0.4144954979419708,-0.3046497702598572,-0.10174708068370819,0.5140202641487122,-0.33308398723602295,-0.1200442984700203,0.2556966245174408,-0.43679413199424744,-0.04277246072888374,0.3161180019378662,-0.661937415599823,-0.08274026215076447,0.34760668873786926,-0.8034562468528748,-0.09793572127819061,0.378048837184906,-0.9200741052627563,-0.10267789661884308,0.17257194221019745,-0.4694902002811432,-0.034106187522411346,0.1182255819439888,-0.5803443193435669,-0.13985787332057953,0.06023440882563591,-0.4243057370185852,-0.17018966376781464,0.04114537686109543,-0.29356035590171814,-0.1552545577287674,0.08806286752223969,-0.4794660210609436,-0.03158194199204445,0.027696948498487473,-0.5708926916122437,-0.13734930753707886,-0.0020176232792437077,-0.41426369547843933,-0.14306317269802094,0.0021442659199237823,-0.28820231556892395,-0.10568571835756302,0.0023236467968672514,-0.4784969687461853,-0.0325019396841526,0.009057240560650826,-0.6458219885826111,-0.08341320604085922,0.010838900692760944,-0.747852623462677,-0.0823553204536438,0.024425607174634933,-0.8461083769798279,-0.06137978658080101,0.0,0.0,0.0,0.0,0.0,0.0,0.0,0.0,0.0,0.0,0.0,0.0,0.0,0.0,0.0,0.0,0.0,0.0,0.0,0.0,0.0,0.0,0.0,0.0,0.0,0.0,0.0,0.0,0.0,0.0,0.0,0.0,0.0,0.0,0.0,0.0,0.0,0.0,0.0,0.0,0.0,0.0,0.0,0.0,0.0,0.0,0.0,0.0,0.0,0.0,0.0,0.0,0.0,0.0,0.0,0.0,0.0,0.0,0.0,0.0,0.0,0.0,0.0,WATER
0.0,0.0,0.0,0.15018150210380554,-0.039804209023714066,-0.06335369497537613,0.30279141664505005,-0.18165719509124756,-0.07996507734060287,0.4182898700237274,-0.30707767605781555,-0.09681515395641327,0.5181618928909302,-0.3375833332538605,-0.11366519331932068,0.257971853017807,-0.43686094880104065,-0.041863273829221725,0.3175497055053711,-0.6613008975982666,-0.07966049015522003,0.34767448902130127,-0.8039290308952332,-0.09356678277254105,0.37644821405410767,-0.92120361328125,-0.09833944588899612,0.173989936709404,-0.46881479024887085,-0.03445655480027199,0.12250132113695145,-0.5794435739517212,-0.13716746866703033,0.0667603611946106,-0.426371306180954,-0.16688674688339233,0.04796087369322777,-0.29753273725509644,-0.15307757258415222,0.08813067525625229,-0.47636327147483826,-0.03270269185304642,0.030679890885949135,-0.5701611638069153,-0.135315403342247,0.002173692686483264,-0.4188433885574341,-0.1399330347776413,0.006032086908817291,-0.2968418300151825,-0.10402597486972809,0.0004215864173602313,-0.4715210199356079,-0.034391798079013824,0.005388764198869467,-0.6371114253997803,-0.08472830057144165,0.007446296978741884,-0.7384815216064453,-0.08395842462778091,0.02166946977376938,-0.8363228440284729,-0.06431727856397629,0.0,0.0,0.0,0.0,0.0,0.0,0.0,0.0,0.0,0.0,0.0,0.0,0.0,0.0,0.0,0.0,0.0,0.0,0.0,0.0,0.0,0.0,0.0,0.0,0.0,0.0,0.0,0.0,0.0,0.0,0.0,0.0,0.0,0.0,0.0,0.0,0.0,0.0,0.0,0.0,0.0,0.0,0.0,0.0,0.0,0.0,0.0,0.0,0.0,0.0,0.0,0.0,0.0,0.0,0.0,0.0,0.0,0.0,0.0,0.0,0.0,0.0,0.0,WATER
0.0,0.0,0.0,0.14895375072956085,-0.034769054502248764,-0.06707079708576202,0.3026784658432007,-0.17525529861450195,-0.08467720448970795,0.41854244470596313,-0.304637610912323,-0.10175564140081406,0.5197010636329651,-0.33504295349121094,-0.11870252341032028,0.25766339898109436,-0.4369361996650696,-0.04259805008769035,0.3179633915424347,-0.6619837880134583,-0.08060548454523087,0.3475443422794342,-0.8045604825019836,-0.09539314359426498,0.3762661814689636,-0.9210118651390076,-0.1008014902472496,0.17415094375610352,-0.46830040216445923,-0.03270016610622406,0.12098076939582825,-0.5785801410675049,-0.13591475784778595,0.06587842851877213,-0.4235277771949768,-0.16625487804412842,0.04905111342668533,-0.2941032946109772,-0.15274691581726074,0.08928755670785904,-0.47616809606552124,-0.02887745574116707,0.030543629080057144,-0.56927090883255,-0.13158132135868073,0.0029991918709129095,-0.4159025251865387,-0.13661892712116241,0.008482313714921474,-0.29226064682006836,-0.100876085460186,0.00172905542422086,-0.4725504219532013,-0.028839625418186188,0.004914292600005865,-0.6375117897987366,-0.07923424243927002,0.0060149370692670345,-0.7390982508659363,-0.07903803139925003,0.01970035396516323,-0.8372183442115784,-0.059665877372026443,0.0,0.0,0.0,0.0,0.0,0.0,0.0,0.0,0.0,0.0,0.0,0.0,0.0,0.0,0.0,0.0,0.0,0.0,0.0,0.0,0.0,0.0,0.0,0.0,0.0,0.0,0.0,0.0,0.0,0.0,0.0,0.0,0.0,0.0,0.0,0.0,0.0,0.0,0.0,0.0,0.0,0.0,0.0,0.0,0.0,0.0,0.0,0.0,0.0,0.0,0.0,0.0,0.0,0.0,0.0,0.0,0.0,0.0,0.0,0.0,0.0,0.0,0.0,WATER
0.0,0.0,0.0,0.14910465478897095,-0.03497811406850815,-0.06643830984830856,0.3027699589729309,-0.17868772149085999,-0.08358801901340485,0.41870757937431335,-0.30754080414772034,-0.10021055489778519,0.5206980109214783,-0.33433789014816284,-0.11693987995386124,0.25723743438720703,-0.43681779503822327,-0.04341389238834381,0.31702500581741333,-0.6620097160339355,-0.08068356662988663,0.34647896885871887,-0.804938018321991,-0.09475443512201309,0.37530824542045593,-0.9215285181999207,-0.09964413940906525,0.17283566296100616,-0.467650443315506,-0.03366841375827789,0.12102227658033371,-0.5776214003562927,-0.13541927933692932,0.06704172492027283,-0.42270514369010925,-0.16496650874614716,0.05007519572973251,-0.2928418517112732,-0.15108594298362732,0.08768483996391296,-0.4755488932132721,-0.029790470376610756,0.02910909242928028,-0.5655214786529541,-0.1315767914056778,0.003007692750543356,-0.4103128910064697,-0.1366393268108368,0.009057293646037579,-0.2854834496974945,-0.10098156332969666,-0.0005310534033924341,-0.47235095500946045,-0.02954283356666565,0.002304741879925132,-0.638552725315094,-0.07870905101299286,0.00386271090246737,-0.7404303550720215,-0.07784208655357361,0.01805555820465088,-0.8390477299690247,-0.058270927518606186,0.0,0.0,0.0,0.0,0.0,0.0,0.0,0.0,0.0,0.0,0.0,0.0,0.0,0.0,0.0,0.0,0.0,0.0,0.0,0.0,0.0,0.0,0.0,0.0,0.0,0.0,0.0,0.0,0.0,0.0,0.0,0.0,0.0,0.0,0.0,0.0,0.0,0.0,0.0,0.0,0.0,0.0,0.0,0.0,0.0,0.0,0.0,0.0,0.0,0.0,0.0,0.0,0.0,0.0,0.0,0.0,0.0,0.0,0.0,0.0,0.0,0.0,0.0,WATER
0.0,0.0,0.0,0.15206855535507202,-0.03697241470217705,-0.0652356669306755,0.30598539113998413,-0.17832039296627045,-0.08211439847946167,0.42161205410957336,-0.30670952796936035,-0.09926537424325943,0.5240027904510498,-0.33464595675468445,-0.11673776805400848,0.2582954168319702,-0.4416179060935974,-0.039200183004140854,0.31770429015159607,-0.6644051671028137,-0.07663367688655853,0.34671393036842346,-0.8058885931968689,-0.09127388149499893,0.37489813566207886,-0.921984076499939,-0.09693672508001328,0.17339646816253662,-0.4709008038043976,-0.030688175931572914,0.12174230068922043,-0.5789999961853027,-0.13393566012382507,0.0669953003525734,-0.4219576418399811,-0.1641656756401062,0.04890751466155052,-0.29026833176612854,-0.1505354791879654,0.08761581033468246,-0.47661250829696655,-0.028336962684988976,0.03033124841749668,-0.5687208771705627,-0.13171225786209106,0.004093779716640711,-0.41223496198654175,-0.13640370965003967,0.009620117023587227,-0.2862299680709839,-0.10023557394742966,-0.0005796205950900912,-0.47097840905189514,-0.029673196375370026,0.0025599952787160873,-0.636394202709198,-0.08135879784822464,0.003783204359933734,-0.7387651205062866,-0.08165094256401062,0.01744846999645233,-0.8397508263587952,-0.06255719065666199,0.0,0.0,0.0,0.0,0.0,0.0,0.0,0.0,0.0,0.0,0.0,0.0,0.0,0.0,0.0,0.0,0.0,0.0,0.0,0.0,0.0,0.0,0.0,0.0,0.0,0.0,0.0,0.0,0.0,0.0,0.0,0.0,0.0,0.0,0.0,0.0,0.0,0.0,0.0,0.0,0.0,0.0,0.0,0.0,0.0,0.0,0.0,0.0,0.0,0.0,0.0,0.0,0.0,0.0,0.0,0.0,0.0,0.0,0.0,0.0,0.0,0.0,0.0,WATER
0.0,0.0,0.0,0.15330372750759125,-0.03776361793279648,-0.06359516084194183,0.3075968325138092,-0.17936000227928162,-0.07951121032238007,0.4229537546634674,-0.30735480785369873,-0.09603812545537949,0.5242870450019836,-0.33475008606910706,-0.11298052221536636,0.2580448389053345,-0.4419043958187103,-0.037603456526994705,0.31763413548469543,-0.6648194789886475,-0.07460426539182663,0.3468235433101654,-0.8062032461166382,-0.08895794302225113,0.37509024143218994,-0.9221717119216919,-0.09437434375286102,0.1729089468717575,-0.471095472574234,-0.02973557636141777,0.12100060284137726,-0.5794084072113037,-0.13294987380504608,0.06666269898414612,-0.4220448136329651,-0.16326846182346344,0.04884625971317291,-0.2898799777030945,-0.14957386255264282,0.08717188239097595,-0.4766121208667755,-0.027856377884745598,0.02963201515376568,-0.5687253475189209,-0.13119085133075714,0.003698847023770213,-0.4123636782169342,-0.13602186739444733,0.009141935035586357,-0.2860565185546875,-0.09979995340108871,-0.0007277323165908456,-0.47085368633270264,-0.02950822003185749,0.002507549012079835,-0.6363955736160278,-0.08103730529546738,0.003944324795156717,-0.7390459179878235,-0.08125951886177063,0.017335165292024612,-0.8398627638816833,-0.062037162482738495,0.0,0.0,0.0,0.0,0.0,0.0,0.0,0.0,0.0,0.0,0.0,0.0,0.0,0.0,0.0,0.0,0.0,0.0,0.0,0.0,0.0,0.0,0.0,0.0,0.0,0.0,0.0,0.0,0.0,0.0,0.0,0.0,0.0,0.0,0.0,0.0,0.0,0.0,0.0,0.0,0.0,0.0,0.0,0.0,0.0,0.0,0.0,0.0,0.0,0.0,0.0,0.0,0.0,0.0,0.0,0.0,0.0,0.0,0.0,0.0,0.0,0.0,0.0,WATER
0.0,0.0,0.0,0.15003325045108795,-0.0417434424161911,-0.06441686302423477,0.30198895931243896,-0.17970570921897888,-0.08265306055545807,0.4183346927165985,-0.30305275321006775,-0.1018097847700119,0.520550549030304,-0.33661821484565735,-0.12165212631225586,0.26115211844444275,-0.44087937474250793,-0.03742378205060959,0.31837984919548035,-0.6637188196182251,-0.0757543072104454,0.34607353806495667,-0.8058832287788391,-0.09151332080364227,0.37334656715393066,-0.9225838780403137,-0.09721765667200089,0.1748403012752533,-0.46872735023498535,-0.02979184314608574,0.1222303956747055,-0.576087474822998,-0.13273052871227264,0.06627091020345688,-0.42424482107162476,-0.163975790143013,0.04720024764537811,-0.2966224253177643,-0.15083350241184235,0.0873810201883316,-0.4734354615211487,-0.02842806465923786,0.03170452639460564,-0.5659701824188232,-0.13312441110610962,0.002140267752110958,-0.40811246633529663,-0.13832223415374756,0.0055360812693834305,-0.2799151539802551,-0.10162590444087982,-0.0004071778676006943,-0.4661652445793152,-0.03050382062792778,0.004015007056295872,-0.6331459283828735,-0.0822732225060463,0.005111337173730135,-0.7360963821411133,-0.08120627701282501,0.019299272447824478,-0.8358364105224609,-0.060533326119184494,0.0,0.0,0.0,0.0,0.0,0.0,0.0,0.0,0.0,0.0,0.0,0.0,0.0,0.0,0.0,0.0,0.0,0.0,0.0,0.0,0.0,0.0,0.0,0.0,0.0,0.0,0.0,0.0,0.0,0.0,0.0,0.0,0.0,0.0,0.0,0.0,0.0,0.0,0.0,0.0,0.0,0.0,0.0,0.0,0.0,0.0,0.0,0.0,0.0,0.0,0.0,0.0,0.0,0.0,0.0,0.0,0.0,0.0,0.0,0.0,0.0,0.0,0.0,WATER
0.0,0.0,0.0,0.1583821028470993,-0.03684458136558533,-0.06919042766094208,0.3110307455062866,-0.16305488348007202,-0.08936985582113266,0.42189285159111023,-0.2818765938282013,-0.10955293476581573,0.5193582773208618,-0.3285039961338043,-0.12999655306339264,0.26298630237579346,-0.4435729682445526,-0.04005244001746178,0.3182806968688965,-0.6605478525161743,-0.08161043375730515,0.3479613959789276,-0.803123950958252,-0.10007215291261673,0.37569788098335266,-0.920519232749939,-0.10721678286790848,0.17401619255542755,-0.4715873599052429,-0.032555121928453445,0.12478338181972504,-0.5791935324668884,-0.14105986058712006,0.07218831777572632,-0.4207972586154938,-0.1742796152830124,0.05040879175066948,-0.28309738636016846,-0.16065771877765656,0.08400282263755798,-0.47402021288871765,-0.03232042118906975,0.029028400778770447,-0.5553687810897827,-0.14235225319862366,0.0037263440899550915,-0.39512312412261963,-0.14905762672424316,0.006878603249788284,-0.26891908049583435,-0.11168821156024933,-0.005207011941820383,-0.46573910117149353,-0.03589582443237305,-0.002019106410443783,-0.6347373723983765,-0.0925094410777092,0.00106919149402529,-0.73868328332901,-0.09311790764331818,0.01515419315546751,-0.8436504006385803,-0.0727883130311966,0.0,0.0,0.0,0.0,0.0,0.0,0.0,0.0,0.0,0.0,0.0,0.0,0.0,0.0,0.0,0.0,0.0,0.0,0.0,0.0,0.0,0.0,0.0,0.0,0.0,0.0,0.0,0.0,0.0,0.0,0.0,0.0,0.0,0.0,0.0,0.0,0.0,0.0,0.0,0.0,0.0,0.0,0.0,0.0,0.0,0.0,0.0,0.0,0.0,0.0,0.0,0.0,0.0,0.0,0.0,0.0,0.0,0.0,0.0,0.0,0.0,0.0,0.0,WATER
0.0,0.0,0.0,0.16576780378818512,-0.03467002138495445,-0.0646437406539917,0.32214367389678955,-0.16669929027557373,-0.08136451989412308,0.43381059169769287,-0.28551623225212097,-0.09833153337240219,0.5304332375526428,-0.322075754404068,-0.11590728163719177,0.2701947093009949,-0.44102656841278076,-0.03656720742583275,0.32776325941085815,-0.65732342004776,-0.07434909045696259,0.35726314783096313,-0.8001526594161987,-0.09022429585456848,0.3837830424308777,-0.9183749556541443,-0.09642591327428818,0.17968280613422394,-0.4683210551738739,-0.03069658949971199,0.1353679746389389,-0.5812531113624573,-0.13552720844745636,0.0817844569683075,-0.4233044981956482,-0.1672586053609848,0.05949530750513077,-0.2848864793777466,-0.15333250164985657,0.0886443704366684,-0.4712059795856476,-0.0312829315662384,0.03736425191164017,-0.5565598011016846,-0.13827642798423767,0.010918847285211086,-0.39811962842941284,-0.14426448941230774,0.012411762028932571,-0.2730100750923157,-0.10727404803037643,-0.0020108467433601618,-0.46418142318725586,-0.035250429064035416,0.001688607269898057,-0.6355442404747009,-0.0899745523929596,0.0061851427890360355,-0.739762544631958,-0.09008946269750595,0.022374626249074936,-0.845425546169281,-0.0702223852276802,0.0,0.0,0.0,0.0,0.0,0.0,0.0,0.0,0.0,0.0,0.0,0.0,0.0,0.0,0.0,0.0,0.0,0.0,0.0,0.0,0.0,0.0,0.0,0.0,0.0,0.0,0.0,0.0,0.0,0.0,0.0,0.0,0.0,0.0,0.0,0.0,0.0,0.0,0.0,0.0,0.0,0.0,0.0,0.0,0.0,0.0,0.0,0.0,0.0,0.0,0.0,0.0,0.0,0.0,0.0,0.0,0.0,0.0,0.0,0.0,0.0,0.0,0.0,WATER
0.0,0.0,0.0,0.16829605400562286,-0.030888712033629417,-0.06867139041423798,0.3278261423110962,-0.161105215549469,-0.08664728701114655,0.43916967511177063,-0.2841656506061554,-0.10386887937784195,0.5379394292831421,-0.32171282172203064,-0.12134965509176254,0.2734135091304779,-0.4368714690208435,-0.04021153226494789,0.33316177129745483,-0.6525172591209412,-0.07913759350776672,0.36349716782569885,-0.7967821359634399,-0.09546906501054764,0.39123570919036865,-0.9146680235862732,-0.10157313942909241,0.18147596716880798,-0.4662446677684784,-0.032454561442136765,0.14149031043052673,-0.5828734040260315,-0.1391400396823883,0.08829136937856674,-0.4263496994972229,-0.1718730628490448,0.06542941182851791,-0.28752973675727844,-0.15783895552158356,0.08985737711191177,-0.4714865982532501,-0.03135776147246361,0.040006402879953384,-0.5554859638214111,-0.14029140770435333,0.014033814892172813,-0.3970806896686554,-0.1473909616470337,0.015342196449637413,-0.2718552350997925,-0.11022040992975235,-0.0015432131476700306,-0.4678315222263336,-0.03381973132491112,0.0033939566928893328,-0.642196536064148,-0.08887513726949692,0.010203514248132706,-0.7463857531547546,-0.08881893754005432,0.028391243889927864,-0.850541353225708,-0.06846658885478973,0.0,0.0,0.0,0.0,0.0,0.0,0.0,0.0,0.0,0.0,0.0,0.0,0.0,0.0,0.0,0.0,0.0,0.0,0.0,0.0,0.0,0.0,0.0,0.0,0.0,0.0,0.0,0.0,0.0,0.0,0.0,0.0,0.0,0.0,0.0,0.0,0.0,0.0,0.0,0.0,0.0,0.0,0.0,0.0,0.0,0.0,0.0,0.0,0.0,0.0,0.0,0.0,0.0,0.0,0.0,0.0,0.0,0.0,0.0,0.0,0.0,0.0,0.0,WATER
0.0,0.0,0.0,0.17301087081432343,-0.022188885137438774,-0.069071464240551,0.3339569866657257,-0.15472111105918884,-0.08546426147222519,0.4416657090187073,-0.2829209268093109,-0.10055635124444962,0.5363049507141113,-0.3231350779533386,-0.11571421474218369,0.2769821286201477,-0.4364876449108124,-0.0406314991414547,0.3376590311527252,-0.651199460029602,-0.07742322236299515,0.3670719563961029,-0.7958268523216248,-0.09238632768392563,0.3932710587978363,-0.9141647219657898,-0.09818698465824127,0.1827777922153473,-0.4671071171760559,-0.03230470418930054,0.1494859755039215,-0.5829508900642395,-0.13569378852844238,0.0998419001698494,-0.4272814691066742,-0.1676994413137436,0.07886838912963867,-0.29002854228019714,-0.15458504855632782,0.09001122415065765,-0.4732552766799927,-0.030554257333278656,0.046545304358005524,-0.5566551089286804,-0.13660307228565216,0.023565787822008133,-0.3995385468006134,-0.14350660145282745,0.02573104202747345,-0.27649176120758057,-0.10784459859132767,-0.003278793767094612,-0.47097405791282654,-0.032502539455890656,0.0033515754621475935,-0.6454459428787231,-0.08685025572776794,0.012452107854187489,-0.7499712109565735,-0.08767637610435486,0.033010147511959076,-0.8550176620483398,-0.06901070475578308,0.0,0.0,0.0,0.0,0.0,0.0,0.0,0.0,0.0,0.0,0.0,0.0,0.0,0.0,0.0,0.0,0.0,0.0,0.0,0.0,0.0,0.0,0.0,0.0,0.0,0.0,0.0,0.0,0.0,0.0,0.0,0.0,0.0,0.0,0.0,0.0,0.0,0.0,0.0,0.0,0.0,0.0,0.0,0.0,0.0,0.0,0.0,0.0,0.0,0.0,0.0,0.0,0.0,0.0,0.0,0.0,0.0,0.0,0.0,0.0,0.0,0.0,0.0,WATER
0.0,0.0,0.0,0.17453591525554657,-0.026594318449497223,-0.06684301048517227,0.3338119387626648,-0.1590365320444107,-0.08303660154342651,0.442329078912735,-0.2852329909801483,-0.0986587405204773,0.537854790687561,-0.32118356227874756,-0.11439110338687897,0.27594566345214844,-0.43677496910095215,-0.03858385607600212,0.33694660663604736,-0.6523338556289673,-0.07552200555801392,0.36597704887390137,-0.79680335521698,-0.09070160984992981,0.3918587565422058,-0.9149375557899475,-0.09662262350320816,0.1812698245048523,-0.4670564830303192,-0.031607721000909805,0.14892099797725677,-0.5841087102890015,-0.1354295313358307,0.09874755144119263,-0.42964449524879456,-0.16759037971496582,0.07780790328979492,-0.29240089654922485,-0.15448418259620667,0.08835100382566452,-0.47364571690559387,-0.03112160414457321,0.04593610018491745,-0.5577091574668884,-0.1370522677898407,0.022210268303751945,-0.4021216928958893,-0.1439545899629593,0.02389860711991787,-0.27908623218536377,-0.10827579349279404,-0.004664028063416481,-0.47209087014198303,-0.03423309326171875,0.002117389580234885,-0.6455817818641663,-0.08793750405311584,0.010737157426774502,-0.7503140568733215,-0.0883825495839119,0.030597224831581116,-0.8547776341438293,-0.06952984631061554,0.0,0.0,0.0,0.0,0.0,0.0,0.0,0.0,0.0,0.0,0.0,0.0,0.0,0.0,0.0,0.0,0.0,0.0,0.0,0.0,0.0,0.0,0.0,0.0,0.0,0.0,0.0,0.0,0.0,0.0,0.0,0.0,0.0,0.0,0.0,0.0,0.0,0.0,0.0,0.0,0.0,0.0,0.0,0.0,0.0,0.0,0.0,0.0,0.0,0.0,0.0,0.0,0.0,0.0,0.0,0.0,0.0,0.0,0.0,0.0,0.0,0.0,0.0,WATER
0.0,0.0,0.0,0.17256122827529907,-0.004807718563824892,-0.07396768033504486,0.34041425585746765,-0.13982237875461578,-0.09054592251777649,0.45424413681030273,-0.2686014473438263,-0.10436112433671951,0.5531465411186218,-0.31094080209732056,-0.11804139614105225,0.29118332266807556,-0.4312950670719147,-0.04755377769470215,0.35968396067619324,-0.6393609046936035,-0.08600640296936035,0.39544692635536194,-0.7825957536697388,-0.09980472177267075,0.4245683550834656,-0.8994242548942566,-0.10381611436605453,0.1961723417043686,-0.4669460356235504,-0.03788786008954048,0.1816505640745163,-0.577339768409729,-0.1478702276945114,0.1328781396150589,-0.4120516777038574,-0.1809990257024765,0.10723421722650528,-0.26979613304138184,-0.16534468531608582,0.10230278223752975,-0.4779868721961975,-0.03516068682074547,0.07370202988386154,-0.5449294447898865,-0.14869321882724762,0.05236855521798134,-0.37918341159820557,-0.15829958021640778,0.05075428634881973,-0.25657323002815247,-0.12069853395223618,0.008377604186534882,-0.48187753558158875,-0.03597507253289223,0.027620110660791397,-0.6602038741111755,-0.09517134726047516,0.04545728117227554,-0.7647803425788879,-0.09805021435022354,0.07115017622709274,-0.8715851306915283,-0.07898910343647003,0.0,0.0,0.0,0.0,0.0,0.0,0.0,0.0,0.0,0.0,0.0,0.0,0.0,0.0,0.0,0.0,0.0,0.0,0.0,0.0,0.0,0.0,0.0,0.0,0.0,0.0,0.0,0.0,0.0,0.0,0.0,0.0,0.0,0.0,0.0,0.0,0.0,0.0,0.0,0.0,0.0,0.0,0.0,0.0,0.0,0.0,0.0,0.0,0.0,0.0,0.0,0.0,0.0,0.0,0.0,0.0,0.0,0.0,0.0,0.0,0.0,0.0,0.0,WATER
0.0,0.0,0.0,0.1740594506263733,-0.008973692543804646,-0.06591372936964035,0.33964112401008606,-0.14541853964328766,-0.07967424392700195,0.4504518508911133,-0.27291157841682434,-0.09193918853998184,0.5484760403633118,-0.31205248832702637,-0.10399051755666733,0.294204980134964,-0.429485023021698,-0.042371101677417755,0.36350658535957336,-0.6383748650550842,-0.07717349380254745,0.3977256119251251,-0.7819501757621765,-0.08838203549385071,0.426259845495224,-0.8999508619308472,-0.09160193055868149,0.19902056455612183,-0.46859079599380493,-0.03643306344747543,0.19029341638088226,-0.5782386064529419,-0.14291821420192719,0.13893863558769226,-0.415971040725708,-0.17403613030910492,0.10876547545194626,-0.27412718534469604,-0.15810132026672363,0.10474887490272522,-0.48214271664619446,-0.036559607833623886,0.08153266459703445,-0.5520669221878052,-0.14614635705947876,0.05847052112221718,-0.38469794392585754,-0.15358464419841766,0.05415068194270134,-0.2607412338256836,-0.11647143959999084,0.010646937415003777,-0.485802561044693,-0.039719849824905396,0.028014514595270157,-0.6611217856407166,-0.09711242467164993,0.04517529159784317,-0.7640417814254761,-0.09962594509124756,0.0710434839129448,-0.8710165023803711,-0.08162570744752884,0.0,0.0,0.0,0.0,0.0,0.0,0.0,0.0,0.0,0.0,0.0,0.0,0.0,0.0,0.0,0.0,0.0,0.0,0.0,0.0,0.0,0.0,0.0,0.0,0.0,0.0,0.0,0.0,0.0,0.0,0.0,0.0,0.0,0.0,0.0,0.0,0.0,0.0,0.0,0.0,0.0,0.0,0.0,0.0,0.0,0.0,0.0,0.0,0.0,0.0,0.0,0.0,0.0,0.0,0.0,0.0,0.0,0.0,0.0,0.0,0.0,0.0,0.0,WATER
0.0,0.0,0.0,0.1744394749403,-0.015472615137696266,-0.06191198527812958,0.33830979466438293,-0.15156207978725433,-0.07382451742887497,0.44789832830429077,-0.27728739380836487,-0.08532046526670456,0.5452168583869934,-0.31674879789352417,-0.09667804837226868,0.2927141487598419,-0.4338786005973816,-0.03803771734237671,0.36236900091171265,-0.6424075365066528,-0.07132189720869064,0.3950703740119934,-0.7840387225151062,-0.08137332648038864,0.42341578006744385,-0.9020148515701294,-0.08419241011142731,0.1978217214345932,-0.4743342995643616,-0.03397514671087265,0.18950988352298737,-0.5815916657447815,-0.1392897665500641,0.13726642727851868,-0.418708473443985,-0.16928952932357788,0.10636579245328903,-0.2779175341129303,-0.1530260443687439,0.10378242284059525,-0.48794394731521606,-0.035904645919799805,0.08120129257440567,-0.5579930543899536,-0.14513415098190308,0.05817721411585808,-0.38660088181495667,-0.15202322602272034,0.054159607738256454,-0.26116037368774414,-0.11495694518089294,0.00988076999783516,-0.49180397391319275,-0.04063902050256729,0.027512982487678528,-0.6650407910346985,-0.09918217360973358,0.043636564165353775,-0.7669991254806519,-0.10270173847675323,0.06821777671575546,-0.875199019908905,-0.08557255566120148,0.0,0.0,0.0,0.0,0.0,0.0,0.0,0.0,0.0,0.0,0.0,0.0,0.0,0.0,0.0,0.0,0.0,0.0,0.0,0.0,0.0,0.0,0.0,0.0,0.0,0.0,0.0,0.0,0.0,0.0,0.0,0.0,0.0,0.0,0.0,0.0,0.0,0.0,0.0,0.0,0.0,0.0,0.0,0.0,0.0,0.0,0.0,0.0,0.0,0.0,0.0,0.0,0.0,0.0,0.0,0.0,0.0,0.0,0.0,0.0,0.0,0.0,0.0,WATER
0.0,0.0,0.0,0.1758318394422531,-0.014784935861825943,-0.05750621110200882,0.33750662207603455,-0.15440359711647034,-0.06806806474924088,0.44535285234451294,-0.27933329343795776,-0.07940525561571121,0.5401601791381836,-0.31487977504730225,-0.09078443050384521,0.28875529766082764,-0.4364240765571594,-0.03352851793169975,0.35802221298217773,-0.6452015042304993,-0.06682538986206055,0.39075732231140137,-0.7865092158317566,-0.07753738015890121,0.4183424115180969,-0.9046855568885803,-0.08083173632621765,0.1932823807001114,-0.4742046594619751,-0.03170609474182129,0.18812429904937744,-0.5832926034927368,-0.13664226233959198,0.1399807631969452,-0.418769508600235,-0.16712409257888794,0.11079378426074982,-0.27700674533843994,-0.15135039389133453,0.09924987703561783,-0.4871073365211487,-0.035489290952682495,0.08034884184598923,-0.5625336766242981,-0.14196868240833282,0.06115595996379852,-0.3932265639305115,-0.1474340558052063,0.058205705136060715,-0.2663241922855377,-0.11017142236232758,0.005182262975722551,-0.490468293428421,-0.04206911846995354,0.022860867902636528,-0.6647166609764099,-0.09773316234350204,0.040740419179201126,-0.7682463526725769,-0.09986642003059387,0.0662214607000351,-0.876318097114563,-0.08229623734951019,0.0,0.0,0.0,0.0,0.0,0.0,0.0,0.0,0.0,0.0,0.0,0.0,0.0,0.0,0.0,0.0,0.0,0.0,0.0,0.0,0.0,0.0,0.0,0.0,0.0,0.0,0.0,0.0,0.0,0.0,0.0,0.0,0.0,0.0,0.0,0.0,0.0,0.0,0.0,0.0,0.0,0.0,0.0,0.0,0.0,0.0,0.0,0.0,0.0,0.0,0.0,0.0,0.0,0.0,0.0,0.0,0.0,0.0,0.0,0.0,0.0,0.0,0.0,WATER
0.0,0.0,0.0,0.17305374145507812,-0.010323958471417427,-0.05976998805999756,0.33762630820274353,-0.15176866948604584,-0.06909199059009552,0.44102388620376587,-0.2831515371799469,-0.07818055897951126,0.5307309031486511,-0.3250287175178528,-0.08735159784555435,0.2864842414855957,-0.43653604388237,-0.03179379180073738,0.35464903712272644,-0.6502050161361694,-0.0637264996767044,0.3867379426956177,-0.7904883027076721,-0.07398448139429092,0.4131545126438141,-0.9074442982673645,-0.07647429406642914,0.19336313009262085,-0.46815887093544006,-0.02646891586482525,0.19571886956691742,-0.5873268842697144,-0.12760403752326965,0.14562223851680756,-0.4244919419288635,-0.15701812505722046,0.114536352455616,-0.2834870517253876,-0.14093096554279327,0.10047207027673721,-0.4804151952266693,-0.02688419260084629,0.09289845824241638,-0.5724538564682007,-0.13032451272010803,0.0680229663848877,-0.40568289160728455,-0.1339040994644165,0.0596456304192543,-0.2780460715293884,-0.09595642238855362,0.003937213681638241,-0.48806944489479065,-0.030144155025482178,0.02788546495139599,-0.6678816676139832,-0.08446165174245834,0.045678287744522095,-0.7772079706192017,-0.08610812574625015,0.07036218047142029,-0.8896122574806213,-0.06844017654657364,0.0,0.0,0.0,0.0,0.0,0.0,0.0,0.0,0.0,0.0,0.0,0.0,0.0,0.0,0.0,0.0,0.0,0.0,0.0,0.0,0.0,0.0,0.0,0.0,0.0,0.0,0.0,0.0,0.0,0.0,0.0,0.0,0.0,0.0,0.0,0.0,0.0,0.0,0.0,0.0,0.0,0.0,0.0,0.0,0.0,0.0,0.0,0.0,0.0,0.0,0.0,0.0,0.0,0.0,0.0,0.0,0.0,0.0,0.0,0.0,0.0,0.0,0.0,WATER
0.0,0.0,0.0,0.17861798405647278,-0.011356448754668236,-0.05676330253481865,0.34296318888664246,-0.151479110121727,-0.0633617490530014,0.44547274708747864,-0.2848288118839264,-0.07049990445375443,0.5353084802627563,-0.3226122260093689,-0.07765631377696991,0.28980278968811035,-0.43631666898727417,-0.025066396221518517,0.35844743251800537,-0.6500986814498901,-0.05558256432414055,0.3902778625488281,-0.7899589538574219,-0.06533540785312653,0.4170204997062683,-0.9063735008239746,-0.06768225878477097,0.19701287150382996,-0.4698450267314911,-0.020094329491257668,0.1973002403974533,-0.5903592109680176,-0.12059523910284042,0.14636443555355072,-0.4274972677230835,-0.1507953554391861,0.11655764281749725,-0.2861468493938446,-0.1351330429315567,0.10491309314966202,-0.4842468500137329,-0.020794153213500977,0.09706838428974152,-0.5793717503547668,-0.12293272465467453,0.07298099249601364,-0.4131702482700348,-0.12762928009033203,0.06657330691814423,-0.28585711121559143,-0.09066609293222427,0.008993502706289291,-0.49250373244285583,-0.024168269708752632,0.03392278775572777,-0.6715155243873596,-0.0773373693227768,0.05050811916589737,-0.7808218002319336,-0.07965316623449326,0.0739450454711914,-0.8929939866065979,-0.06252709776163101,0.0,0.0,0.0,0.0,0.0,0.0,0.0,0.0,0.0,0.0,0.0,0.0,0.0,0.0,0.0,0.0,0.0,0.0,0.0,0.0,0.0,0.0,0.0,0.0,0.0,0.0,0.0,0.0,0.0,0.0,0.0,0.0,0.0,0.0,0.0,0.0,0.0,0.0,0.0,0.0,0.0,0.0,0.0,0.0,0.0,0.0,0.0,0.0,0.0,0.0,0.0,0.0,0.0,0.0,0.0,0.0,0.0,0.0,0.0,0.0,0.0,0.0,0.0,WATER
0.0,0.0,0.0,0.1754433959722519,-0.01821523904800415,-0.05153287202119827,0.3352154493331909,-0.16207827627658844,-0.05745967850089073,0.4342700242996216,-0.2923329770565033,-0.06520795822143555,0.5218548774719238,-0.331925630569458,-0.07305853068828583,0.2807859778404236,-0.44012534618377686,-0.021860580891370773,0.34829404950141907,-0.655381441116333,-0.05153055861592293,0.3793463408946991,-0.7941633462905884,-0.0610492005944252,0.40677303075790405,-0.9113036394119263,-0.06372889876365662,0.18895037472248077,-0.47252053022384644,-0.020112566649913788,0.1957598477602005,-0.5959133505821228,-0.11825387924909592,0.14542339742183685,-0.4365263283252716,-0.14782112836837769,0.11330550909042358,-0.2964074909687042,-0.13300003111362457,0.0977211520075798,-0.48593422770500183,-0.023610711097717285,0.09919437766075134,-0.5900740623474121,-0.12212436646223068,0.0740918442606926,-0.4257016181945801,-0.12510550022125244,0.06428750604391098,-0.29752224683761597,-0.0888366624712944,0.0027765268459916115,-0.49276143312454224,-0.029689712449908257,0.028431041166186333,-0.6703349947929382,-0.08116525411605835,0.04547378048300743,-0.7796306610107422,-0.08341486752033234,0.06890023499727249,-0.8927484154701233,-0.06741279363632202,0.0,0.0,0.0,0.0,0.0,0.0,0.0,0.0,0.0,0.0,0.0,0.0,0.0,0.0,0.0,0.0,0.0,0.0,0.0,0.0,0.0,0.0,0.0,0.0,0.0,0.0,0.0,0.0,0.0,0.0,0.0,0.0,0.0,0.0,0.0,0.0,0.0,0.0,0.0,0.0,0.0,0.0,0.0,0.0,0.0,0.0,0.0,0.0,0.0,0.0,0.0,0.0,0.0,0.0,0.0,0.0,0.0,0.0,0.0,0.0,0.0,0.0,0.0,WATER
0.0,0.0,0.0,0.1804383397102356,-0.021103082224726677,-0.050095535814762115,0.3373209834098816,-0.16705000400543213,-0.0549212209880352,0.43410545587539673,-0.2959636449813843,-0.0625757947564125,0.5199869871139526,-0.33569592237472534,-0.0705251693725586,0.28009703755378723,-0.4455128312110901,-0.01694440469145775,0.34648096561431885,-0.6599621176719666,-0.046439334750175476,0.3781920373439789,-0.7964914441108704,-0.05608154833316803,0.40687328577041626,-0.9115965962409973,-0.05870097130537033,0.1869579702615738,-0.47725898027420044,-0.017432933673262596,0.19606953859329224,-0.5978292226791382,-0.11674630641937256,0.15156491100788116,-0.43950918316841125,-0.1476876437664032,0.12275264412164688,-0.300935298204422,-0.13353025913238525,0.09437663108110428,-0.4883570373058319,-0.02359854429960251,0.09927003085613251,-0.5888417363166809,-0.12395817786455154,0.08018425107002258,-0.42179495096206665,-0.12845563888549805,0.07401904463768005,-0.2933158278465271,-0.09261514246463776,-0.001179737038910389,-0.4917595088481903,-0.03244009613990784,0.025962112471461296,-0.6702218651771545,-0.0852174162864685,0.04594091698527336,-0.7807478308677673,-0.08867460489273071,0.07187946885824203,-0.8947849273681641,-0.0735175684094429,0.0,0.0,0.0,0.0,0.0,0.0,0.0,0.0,0.0,0.0,0.0,0.0,0.0,0.0,0.0,0.0,0.0,0.0,0.0,0.0,0.0,0.0,0.0,0.0,0.0,0.0,0.0,0.0,0.0,0.0,0.0,0.0,0.0,0.0,0.0,0.0,0.0,0.0,0.0,0.0,0.0,0.0,0.0,0.0,0.0,0.0,0.0,0.0,0.0,0.0,0.0,0.0,0.0,0.0,0.0,0.0,0.0,0.0,0.0,0.0,0.0,0.0,0.0,WATER
0.0,0.0,0.0,0.1776222139596939,-0.020871387794613838,-0.049099113792181015,0.3323649764060974,-0.16821913421154022,-0.053965870290994644,0.4293181002140045,-0.29744330048561096,-0.06133110821247101,0.5125725865364075,-0.3367696702480316,-0.06863109022378922,0.2764667868614197,-0.4464637041091919,-0.02005256526172161,0.3427143096923828,-0.6609369516372681,-0.0517599917948246,0.3735080361366272,-0.7972187399864197,-0.06259167939424515,0.4013582766056061,-0.9135207533836365,-0.0662679672241211,0.18293656408786774,-0.4798581600189209,-0.020961930975317955,0.19601793587207794,-0.6013861298561096,-0.12299980968236923,0.1512296348810196,-0.4373012185096741,-0.15374386310577393,0.12079104036092758,-0.2957797050476074,-0.13922050595283508,0.09042879194021225,-0.4918689429759979,-0.027246544137597084,0.09800547361373901,-0.5948286652565002,-0.12819774448871613,0.08098151534795761,-0.4264006018638611,-0.1314859688282013,0.07526763528585434,-0.2965558171272278,-0.09519778937101364,-0.00501705938950181,-0.49444150924682617,-0.03618112578988075,0.022001489996910095,-0.6715945601463318,-0.08985847234725952,0.04288604110479355,-0.7803395390510559,-0.0939084067940712,0.0693974420428276,-0.8935985565185547,-0.07938738912343979,0.0,0.0,0.0,0.0,0.0,0.0,0.0,0.0,0.0,0.0,0.0,0.0,0.0,0.0,0.0,0.0,0.0,0.0,0.0,0.0,0.0,0.0,0.0,0.0,0.0,0.0,0.0,0.0,0.0,0.0,0.0,0.0,0.0,0.0,0.0,0.0,0.0,0.0,0.0,0.0,0.0,0.0,0.0,0.0,0.0,0.0,0.0,0.0,0.0,0.0,0.0,0.0,0.0,0.0,0.0,0.0,0.0,0.0,0.0,0.0,0.0,0.0,0.0,WATER
0.0,0.0,0.0,0.17784784734249115,-0.022060098126530647,-0.047925934195518494,0.3325982689857483,-0.1716221123933792,-0.051978643983602524,0.4290004074573517,-0.3015584945678711,-0.05892200395464897,0.5119495391845703,-0.34032371640205383,-0.06581076234579086,0.27679839730262756,-0.4495343267917633,-0.017096707597374916,0.3428432047367096,-0.6631910800933838,-0.04743606224656105,0.3737625181674957,-0.7980233430862427,-0.05732949823141098,0.40192893147468567,-0.9136607646942139,-0.06064020097255707,0.18351641297340393,-0.48282742500305176,-0.018519684672355652,0.19846148788928986,-0.603410542011261,-0.11938947439193726,0.15441785752773285,-0.4386432468891144,-0.14990989863872528,0.12337548285722733,-0.297420859336853,-0.13551472127437592,0.09141900390386581,-0.4942369759082794,-0.025281185284256935,0.10120096802711487,-0.5985172986984253,-0.1253501921892166,0.08451210707426071,-0.4287293255329132,-0.12829385697841644,0.07814957201480865,-0.2983147203922272,-0.09203377366065979,-0.003967396914958954,-0.4956994354724884,-0.03465846925973892,0.02296653762459755,-0.6724491119384766,-0.08787382394075394,0.04414926469326019,-0.7808403968811035,-0.09201014786958694,0.07065027207136154,-0.8944948315620422,-0.07777682691812515,0.0,0.0,0.0,0.0,0.0,0.0,0.0,0.0,0.0,0.0,0.0,0.0,0.0,0.0,0.0,0.0,0.0,0.0,0.0,0.0,0.0,0.0,0.0,0.0,0.0,0.0,0.0,0.0,0.0,0.0,0.0,0.0,0.0,0.0,0.0,0.0,0.0,0.0,0.0,0.0,0.0,0.0,0.0,0.0,0.0,0.0,0.0,0.0,0.0,0.0,0.0,0.0,0.0,0.0,0.0,0.0,0.0,0.0,0.0,0.0,0.0,0.0,0.0,WATER
0.0,0.0,0.0,0.17642176151275635,-0.022821975871920586,-0.045312896370887756,0.3282499313354492,-0.175736665725708,-0.048850055783987045,0.4222852885723114,-0.30755484104156494,-0.05591755360364914,0.5037570595741272,-0.34726133942604065,-0.06287382543087006,0.27362605929374695,-0.454112708568573,-0.013663417659699917,0.33714041113853455,-0.668461799621582,-0.044639524072408676,0.3670164942741394,-0.8030608892440796,-0.05466991662979126,0.3936847746372223,-0.9174423813819885,-0.05754825845360756,0.17875176668167114,-0.4863186478614807,-0.018117817118763924,0.19639325141906738,-0.6161828637123108,-0.12148315459489822,0.1578298807144165,-0.4502006769180298,-0.15378615260124207,0.1293293982744217,-0.30722150206565857,-0.13952940702438354,0.08522647619247437,-0.4967198073863983,-0.027768243104219437,0.09390745311975479,-0.6029884219169617,-0.13052158057689667,0.08156408369541168,-0.4314601421356201,-0.13467766344547272,0.07729993760585785,-0.30012246966362,-0.09799426048994064,-0.01088855229318142,-0.4982815086841583,-0.03969315066933632,0.0165566373616457,-0.6782051920890808,-0.0931103304028511,0.04076758027076721,-0.7871836423873901,-0.09629876911640167,0.06865133345127106,-0.9019701480865479,-0.08116549998521805,0.0,0.0,0.0,0.0,0.0,0.0,0.0,0.0,0.0,0.0,0.0,0.0,0.0,0.0,0.0,0.0,0.0,0.0,0.0,0.0,0.0,0.0,0.0,0.0,0.0,0.0,0.0,0.0,0.0,0.0,0.0,0.0,0.0,0.0,0.0,0.0,0.0,0.0,0.0,0.0,0.0,0.0,0.0,0.0,0.0,0.0,0.0,0.0,0.0,0.0,0.0,0.0,0.0,0.0,0.0,0.0,0.0,0.0,0.0,0.0,0.0,0.0,0.0,WATER
0.0,0.0,0.0,0.17489933967590332,-0.02638828381896019,-0.04290056973695755,0.3258993327617645,-0.18072207272052765,-0.04596643149852753,0.41950148344039917,-0.31177178025245667,-0.05346100777387619,0.49917173385620117,-0.3525197505950928,-0.0607740618288517,0.27095654606819153,-0.4582456052303314,-0.010371708311140537,0.33422696590423584,-0.6731647253036499,-0.040965039283037186,0.36416032910346985,-0.8047510981559753,-0.05081040412187576,0.39139458537101746,-0.9186355471611023,-0.0540274940431118,0.17725391685962677,-0.4886903762817383,-0.016448291018605232,0.19649222493171692,-0.6186435222625732,-0.11901454627513885,0.1596265286207199,-0.45473623275756836,-0.1510874181985855,0.13129271566867828,-0.3154875636100769,-0.1374165117740631,0.08541268855333328,-0.49727511405944824,-0.02774590067565441,0.09871301054954529,-0.6097557544708252,-0.13020049035549164,0.08683311194181442,-0.4351450502872467,-0.13310042023658752,0.08137223869562149,-0.3012903034687042,-0.0959857925772667,-0.009377015754580498,-0.4967174828052521,-0.041383177042007446,0.01786542497575283,-0.6749712228775024,-0.09623634815216064,0.0422809012234211,-0.7837353348731995,-0.10068399459123611,0.07099293172359467,-0.9002227187156677,-0.08659908920526505,0.0,0.0,0.0,0.0,0.0,0.0,0.0,0.0,0.0,0.0,0.0,0.0,0.0,0.0,0.0,0.0,0.0,0.0,0.0,0.0,0.0,0.0,0.0,0.0,0.0,0.0,0.0,0.0,0.0,0.0,0.0,0.0,0.0,0.0,0.0,0.0,0.0,0.0,0.0,0.0,0.0,0.0,0.0,0.0,0.0,0.0,0.0,0.0,0.0,0.0,0.0,0.0,0.0,0.0,0.0,0.0,0.0,0.0,0.0,0.0,0.0,0.0,0.0,WATER
0.0,0.0,0.0,0.1751890331506729,-0.02543983981013298,-0.04320836812257767,0.32522451877593994,-0.17915189266204834,-0.04625113308429718,0.4171287417411804,-0.3134124279022217,-0.05419093742966652,0.49435004591941833,-0.35662516951560974,-0.06206778064370155,0.2674461603164673,-0.4583442807197571,-0.00869447086006403,0.33135437965393066,-0.6729228496551514,-0.040065962821245193,0.3615764081478119,-0.8046826124191284,-0.050826068967580795,0.3891870975494385,-0.9195374250411987,-0.054629404097795486,0.17419633269309998,-0.48811280727386475,-0.015222832560539246,0.19471457600593567,-0.6173003911972046,-0.11945312470197678,0.1573740839958191,-0.4518029987812042,-0.15263202786445618,0.12870250642299652,-0.3113189935684204,-0.13947758078575134,0.08237167447805405,-0.49636250734329224,-0.027159743010997772,0.09684289991855621,-0.6080141067504883,-0.13055679202079773,0.0851631611585617,-0.433565616607666,-0.13392634689807892,0.08002723008394241,-0.29950404167175293,-0.09689901024103165,-0.011983707547187805,-0.4949791729450226,-0.041603002697229385,0.016279112547636032,-0.6734784245491028,-0.09608091413974762,0.040703464299440384,-0.7835875153541565,-0.10027065128087997,0.06869236379861832,-0.8994308114051819,-0.08604797720909119,0.0,0.0,0.0,0.0,0.0,0.0,0.0,0.0,0.0,0.0,0.0,0.0,0.0,0.0,0.0,0.0,0.0,0.0,0.0,0.0,0.0,0.0,0.0,0.0,0.0,0.0,0.0,0.0,0.0,0.0,0.0,0.0,0.0,0.0,0.0,0.0,0.0,0.0,0.0,0.0,0.0,0.0,0.0,0.0,0.0,0.0,0.0,0.0,0.0,0.0,0.0,0.0,0.0,0.0,0.0,0.0,0.0,0.0,0.0,0.0,0.0,0.0,0.0,WATER
0.0,0.0,0.0,0.17486883699893951,-0.026931459084153175,-0.04388026148080826,0.32300856709480286,-0.18095292150974274,-0.04739988222718239,0.41503581404685974,-0.31564801931381226,-0.05545857921242714,0.493156760931015,-0.3581419885158539,-0.06338987499475479,0.26786378026008606,-0.4587249755859375,-0.009417839348316193,0.33019936084747314,-0.6726990342140198,-0.04064362868666649,0.3611169755458832,-0.8040674924850464,-0.05151984095573425,0.38810020685195923,-0.9199333786964417,-0.055684253573417664,0.17462730407714844,-0.48867133259773254,-0.015566695481538773,0.19527609646320343,-0.6153148412704468,-0.11957293003797531,0.1615704894065857,-0.44820526242256165,-0.1531018316745758,0.13429555296897888,-0.3093041479587555,-0.14056798815727234,0.08304712176322937,-0.49642419815063477,-0.027153458446264267,0.09815970808267593,-0.6086786985397339,-0.1306251734495163,0.0893283411860466,-0.4348828196525574,-0.13454000651836395,0.08491314202547073,-0.3018992245197296,-0.0981217697262764,-0.01140348520129919,-0.4944021999835968,-0.04124819487333298,0.017651967704296112,-0.6741793155670166,-0.09693790972232819,0.04318613559007645,-0.7854980826377869,-0.10230980813503265,0.07160425931215286,-0.9042068719863892,-0.08897427469491959,0.0,0.0,0.0,0.0,0.0,0.0,0.0,0.0,0.0,0.0,0.0,0.0,0.0,0.0,0.0,0.0,0.0,0.0,0.0,0.0,0.0,0.0,0.0,0.0,0.0,0.0,0.0,0.0,0.0,0.0,0.0,0.0,0.0,0.0,0.0,0.0,0.0,0.0,0.0,0.0,0.0,0.0,0.0,0.0,0.0,0.0,0.0,0.0,0.0,0.0,0.0,0.0,0.0,0.0,0.0,0.0,0.0,0.0,0.0,0.0,0.0,0.0,0.0,WATER
0.0,0.0,0.0,0.17603208124637604,-0.026629025116562843,-0.043631501495838165,0.3240211606025696,-0.17889057099819183,-0.04746629297733307,0.4146464765071869,-0.31262558698654175,-0.055644743144512177,0.4931591749191284,-0.3547964096069336,-0.06357441842556,0.27003028988838196,-0.45932140946388245,-0.009898416697978973,0.33071887493133545,-0.6733980178833008,-0.04002402722835541,0.36111652851104736,-0.8051568269729614,-0.0502464659512043,0.38780447840690613,-0.9201646447181702,-0.053896088153123856,0.17612984776496887,-0.4889185428619385,-0.015701282769441605,0.19416771829128265,-0.6152442693710327,-0.11735516786575317,0.1609814614057541,-0.4504259526729584,-0.1500786542892456,0.13496840000152588,-0.3124346137046814,-0.13741981983184814,0.08399619907140732,-0.49641987681388855,-0.026698436588048935,0.09718083590269089,-0.607843816280365,-0.1280897855758667,0.08738262206315994,-0.43501514196395874,-0.1314159333705902,0.08288901299238205,-0.30318233370780945,-0.09511986374855042,-0.010773571208119392,-0.49474263191223145,-0.040129613131284714,0.01805003359913826,-0.6731945872306824,-0.09406115859746933,0.04298931732773781,-0.7830213904380798,-0.09806167334318161,0.07096371799707413,-0.9013418555259705,-0.08389955013990402,0.0,0.0,0.0,0.0,0.0,0.0,0.0,0.0,0.0,0.0,0.0,0.0,0.0,0.0,0.0,0.0,0.0,0.0,0.0,0.0,0.0,0.0,0.0,0.0,0.0,0.0,0.0,0.0,0.0,0.0,0.0,0.0,0.0,0.0,0.0,0.0,0.0,0.0,0.0,0.0,0.0,0.0,0.0,0.0,0.0,0.0,0.0,0.0,0.0,0.0,0.0,0.0,0.0,0.0,0.0,0.0,0.0,0.0,0.0,0.0,0.0,0.0,0.0,WATER
0.0,0.0,0.0,0.17971374094486237,-0.02993694134056568,-0.0408000685274601,0.3325726091861725,-0.1789821982383728,-0.04163718968629837,0.42312294244766235,-0.3100869059562683,-0.046851035207509995,0.49783855676651,-0.34911972284317017,-0.05201216787099838,0.27041736245155334,-0.4593406617641449,-0.007380915805697441,0.3336140513420105,-0.6712554097175598,-0.03667369484901428,0.36317357420921326,-0.8045837879180908,-0.04648307338356972,0.3885834217071533,-0.9200796484947205,-0.04956154152750969,0.1761215627193451,-0.48664331436157227,-0.013347211293876171,0.18997763097286224,-0.6214940547943115,-0.11345071345567703,0.15555411577224731,-0.45573151111602783,-0.14556406438350677,0.13096071779727936,-0.31377488374710083,-0.1324562281370163,0.08378124982118607,-0.49425527453422546,-0.024184370413422585,0.09184805303812027,-0.6069605946540833,-0.12538643181324005,0.08263162523508072,-0.4355129897594452,-0.1295865774154663,0.07962080091238022,-0.30257290601730347,-0.09354985505342484,-0.01114391628652811,-0.4951370358467102,-0.036904025822877884,0.01626034826040268,-0.6758919954299927,-0.09098031371831894,0.04051938280463219,-0.7877621054649353,-0.09514744579792023,0.06708280742168427,-0.9053044319152832,-0.0808328166604042,0.0,0.0,0.0,0.0,0.0,0.0,0.0,0.0,0.0,0.0,0.0,0.0,0.0,0.0,0.0,0.0,0.0,0.0,0.0,0.0,0.0,0.0,0.0,0.0,0.0,0.0,0.0,0.0,0.0,0.0,0.0,0.0,0.0,0.0,0.0,0.0,0.0,0.0,0.0,0.0,0.0,0.0,0.0,0.0,0.0,0.0,0.0,0.0,0.0,0.0,0.0,0.0,0.0,0.0,0.0,0.0,0.0,0.0,0.0,0.0,0.0,0.0,0.0,WATER
0.0,0.0,0.0,0.17737071216106415,-0.028342673555016518,-0.04416825622320175,0.3305412828922272,-0.17832079529762268,-0.04625022038817406,0.42141351103782654,-0.3103495240211487,-0.05231206491589546,0.49721628427505493,-0.35001829266548157,-0.05827392265200615,0.2694269120693207,-0.4617149829864502,-0.008887902833521366,0.33332306146621704,-0.6719242334365845,-0.0388261117041111,0.3631647527217865,-0.8053516745567322,-0.04876299574971199,0.38940057158470154,-0.9196243286132812,-0.05155935883522034,0.17491993308067322,-0.4885915517807007,-0.014201884157955647,0.19071628153324127,-0.6219825744628906,-0.11637939512729645,0.1554730236530304,-0.45711398124694824,-0.14912864565849304,0.12984803318977356,-0.31363245844841003,-0.13525927066802979,0.08260861039161682,-0.4953802227973938,-0.024871530011296272,0.09069763869047165,-0.6044526100158691,-0.12853707373142242,0.08095445483922958,-0.4316265285015106,-0.13372483849525452,0.07837236672639847,-0.2986759841442108,-0.09714575111865997,-0.01190313883125782,-0.49554243683815,-0.03763197362422943,0.014305136166512966,-0.6773096323013306,-0.09254040569067001,0.037149615585803986,-0.788336455821991,-0.09665002673864365,0.06394226849079132,-0.9048476815223694,-0.08180197328329086,0.0,0.0,0.0,0.0,0.0,0.0,0.0,0.0,0.0,0.0,0.0,0.0,0.0,0.0,0.0,0.0,0.0,0.0,0.0,0.0,0.0,0.0,0.0,0.0,0.0,0.0,0.0,0.0,0.0,0.0,0.0,0.0,0.0,0.0,0.0,0.0,0.0,0.0,0.0,0.0,0.0,0.0,0.0,0.0,0.0,0.0,0.0,0.0,0.0,0.0,0.0,0.0,0.0,0.0,0.0,0.0,0.0,0.0,0.0,0.0,0.0,0.0,0.0,WATER
0.0,0.0,0.0,0.17624571919441223,-0.0200639758259058,-0.050123438239097595,0.33903366327285767,-0.15941102802753448,-0.05381598696112633,0.43385031819343567,-0.28593191504478455,-0.059442393481731415,0.5074781179428101,-0.3296256363391876,-0.06511255353689194,0.28398022055625916,-0.46357470750808716,-0.011949029751121998,0.3464038074016571,-0.6684578061103821,-0.038974303752183914,0.37639421224594116,-0.8029588460922241,-0.049464691430330276,0.40079259872436523,-0.9147524833679199,-0.05092351883649826,0.18953819572925568,-0.4938462972640991,-0.009754474274814129,0.1867501437664032,-0.6115589737892151,-0.10206320881843567,0.15390700101852417,-0.4510143995285034,-0.1341230869293213,0.13442587852478027,-0.30786001682281494,-0.12057577818632126,0.09487250447273254,-0.5059659481048584,-0.012499423697590828,0.08731628954410553,-0.6038257479667664,-0.10699624568223953,0.0746755301952362,-0.4404149353504181,-0.11434333026409149,0.07144855707883835,-0.3099798262119293,-0.08007241785526276,-0.0014480201061815023,-0.5101251006126404,-0.017451955005526543,0.024560343474149704,-0.6913673281669617,-0.061874743551015854,0.04776914790272713,-0.7954947352409363,-0.05969565361738205,0.07449010014533997,-0.8985021114349365,-0.03989555686712265,0.0,0.0,0.0,0.0,0.0,0.0,0.0,0.0,0.0,0.0,0.0,0.0,0.0,0.0,0.0,0.0,0.0,0.0,0.0,0.0,0.0,0.0,0.0,0.0,0.0,0.0,0.0,0.0,0.0,0.0,0.0,0.0,0.0,0.0,0.0,0.0,0.0,0.0,0.0,0.0,0.0,0.0,0.0,0.0,0.0,0.0,0.0,0.0,0.0,0.0,0.0,0.0,0.0,0.0,0.0,0.0,0.0,0.0,0.0,0.0,0.0,0.0,0.0,WATER
0.0,0.0,0.0,0.1788150519132614,-0.013931985944509506,-0.04348960891366005,0.34875619411468506,-0.15747034549713135,-0.040308624505996704,0.44712942838668823,-0.28417834639549255,-0.040092676877975464,0.522182047367096,-0.320263147354126,-0.040305811911821365,0.2935319244861603,-0.45966121554374695,-0.00924769602715969,0.357397198677063,-0.6666739583015442,-0.03395300731062889,0.3854686915874481,-0.8015763163566589,-0.04186780005693436,0.40906569361686707,-0.9115406274795532,-0.041938263922929764,0.20075884461402893,-0.4943583607673645,-0.006889167241752148,0.17943689227104187,-0.605150580406189,-0.09558290243148804,0.144368514418602,-0.4494681656360626,-0.12702220678329468,0.1276390254497528,-0.31157925724983215,-0.11559189110994339,0.10644195228815079,-0.5107433199882507,-0.008562353439629078,0.0805794894695282,-0.6097681522369385,-0.10112781822681427,0.060227036476135254,-0.4478083848953247,-0.10956370830535889,0.05618996545672417,-0.3131941258907318,-0.07752760499715805,0.007487059570848942,-0.5190961956977844,-0.011638609692454338,0.03163417428731918,-0.697811484336853,-0.05691981688141823,0.050199080258607864,-0.8060885667800903,-0.057685840874910355,0.07318215817213058,-0.9081546664237976,-0.04015160724520683,0.0,0.0,0.0,0.0,0.0,0.0,0.0,0.0,0.0,0.0,0.0,0.0,0.0,0.0,0.0,0.0,0.0,0.0,0.0,0.0,0.0,0.0,0.0,0.0,0.0,0.0,0.0,0.0,0.0,0.0,0.0,0.0,0.0,0.0,0.0,0.0,0.0,0.0,0.0,0.0,0.0,0.0,0.0,0.0,0.0,0.0,0.0,0.0,0.0,0.0,0.0,0.0,0.0,0.0,0.0,0.0,0.0,0.0,0.0,0.0,0.0,0.0,0.0,WATER
0.0,0.0,0.0,0.17729303240776062,-0.0178191140294075,-0.04237772896885872,0.345878005027771,-0.16418956220149994,-0.040399353951215744,0.4445880055427551,-0.2927243709564209,-0.041470061987638474,0.5205992460250854,-0.31776735186576843,-0.042434655129909515,0.2860426604747772,-0.46544572710990906,-0.00893785897642374,0.35339540243148804,-0.6717904210090637,-0.03290150687098503,0.3814387619495392,-0.8041741251945496,-0.04092147946357727,0.40412288904190063,-0.9137344360351562,-0.04211786389350891,0.1908458173274994,-0.500788152217865,-0.008543272502720356,0.18179289996623993,-0.6135969161987305,-0.09706876426935196,0.15035414695739746,-0.4555041790008545,-0.12861329317092896,0.13304519653320312,-0.3193202018737793,-0.11819293349981308,0.09717883169651031,-0.5175780653953552,-0.012064063921570778,0.08133319765329361,-0.6217827796936035,-0.1015641912817955,0.06797121465206146,-0.46018606424331665,-0.10877947509288788,0.06545531749725342,-0.32729074358940125,-0.07805648446083069,0.0009750567842274904,-0.5244743227958679,-0.017435375601053238,0.026003558188676834,-0.7083696126937866,-0.06123052164912224,0.04542430862784386,-0.8177298307418823,-0.06213908642530441,0.06834789365530014,-0.9207180142402649,-0.046216804534196854,0.0,0.0,0.0,0.0,0.0,0.0,0.0,0.0,0.0,0.0,0.0,0.0,0.0,0.0,0.0,0.0,0.0,0.0,0.0,0.0,0.0,0.0,0.0,0.0,0.0,0.0,0.0,0.0,0.0,0.0,0.0,0.0,0.0,0.0,0.0,0.0,0.0,0.0,0.0,0.0,0.0,0.0,0.0,0.0,0.0,0.0,0.0,0.0,0.0,0.0,0.0,0.0,0.0,0.0,0.0,0.0,0.0,0.0,0.0,0.0,0.0,0.0,0.0,WATER
0.0,0.0,0.0,0.17547132074832916,-0.0037730704061686993,-0.04833746328949928,0.3504801392555237,-0.14238300919532776,-0.0466909222304821,0.4505632221698761,-0.2711988091468811,-0.04760398343205452,0.5293526649475098,-0.31157025694847107,-0.048285260796546936,0.2989688217639923,-0.4476313889026642,-0.011247191578149796,0.3641290068626404,-0.6568506956100464,-0.038614753633737564,0.39430132508277893,-0.7945070266723633,-0.04968898370862007,0.41798701882362366,-0.906970202922821,-0.051883552223443985,0.20617547631263733,-0.48982176184654236,-0.007090017665177584,0.18516066670417786,-0.5936071276664734,-0.10169370472431183,0.15145666897296906,-0.4415284991264343,-0.13945497572422028,0.13494174182415009,-0.3080875873565674,-0.13129805028438568,0.1130748987197876,-0.5131366848945618,-0.007178922649472952,0.08580446243286133,-0.616264283657074,-0.10259157419204712,0.06461635231971741,-0.46110910177230835,-0.11591248214244843,0.060881469398736954,-0.32778099179267883,-0.0862908735871315,0.017007794231176376,-0.5262666940689087,-0.009169463068246841,0.04281154274940491,-0.7047619223594666,-0.05538712069392204,0.057479847222566605,-0.815276563167572,-0.058142974972724915,0.07682682573795319,-0.9145044088363647,-0.0412270613014698,0.0,0.0,0.0,0.0,0.0,0.0,0.0,0.0,0.0,0.0,0.0,0.0,0.0,0.0,0.0,0.0,0.0,0.0,0.0,0.0,0.0,0.0,0.0,0.0,0.0,0.0,0.0,0.0,0.0,0.0,0.0,0.0,0.0,0.0,0.0,0.0,0.0,0.0,0.0,0.0,0.0,0.0,0.0,0.0,0.0,0.0,0.0,0.0,0.0,0.0,0.0,0.0,0.0,0.0,0.0,0.0,0.0,0.0,0.0,0.0,0.0,0.0,0.0,WATER
0.0,0.0,0.0,0.1729918271303177,-0.0017704044003039598,-0.051660019904375076,0.3468341529369354,-0.12607039511203766,-0.05573729798197746,0.4461674988269806,-0.2526382505893707,-0.06134682148694992,0.5208143591880798,-0.29810380935668945,-0.06612791121006012,0.29719966650009155,-0.450088232755661,-0.0200642142444849,0.36389869451522827,-0.6591466665267944,-0.051368340849876404,0.3942391276359558,-0.7955654859542847,-0.06551419198513031,0.4166029095649719,-0.9063840508460999,-0.07007115334272385,0.20264944434165955,-0.4892005920410156,-0.01621858775615692,0.1862637996673584,-0.5949983596801758,-0.1117079108953476,0.15383683145046234,-0.44077205657958984,-0.1477133184671402,0.1377241164445877,-0.3084813952445984,-0.13981282711029053,0.10805054008960724,-0.5080281496047974,-0.016919180750846863,0.08432026207447052,-0.6122621893882751,-0.11191612482070923,0.06497451663017273,-0.4592239558696747,-0.12020065635442734,0.06083277240395546,-0.3288550078868866,-0.08924321085214615,0.009945185855031013,-0.5152236223220825,-0.020355474203824997,0.03376912325620651,-0.6949257850646973,-0.0690394937992096,0.04717976972460747,-0.8053267598152161,-0.07040301710367203,0.06572403013706207,-0.9072975516319275,-0.05315538868308067,0.0,0.0,0.0,0.0,0.0,0.0,0.0,0.0,0.0,0.0,0.0,0.0,0.0,0.0,0.0,0.0,0.0,0.0,0.0,0.0,0.0,0.0,0.0,0.0,0.0,0.0,0.0,0.0,0.0,0.0,0.0,0.0,0.0,0.0,0.0,0.0,0.0,0.0,0.0,0.0,0.0,0.0,0.0,0.0,0.0,0.0,0.0,0.0,0.0,0.0,0.0,0.0,0.0,0.0,0.0,0.0,0.0,0.0,0.0,0.0,0.0,0.0,0.0,WATER
0.0,0.0,0.0,0.17655034363269806,0.0015970987733453512,-0.05145750567317009,0.3501650393009186,-0.12796735763549805,-0.052501875907182693,0.4507574439048767,-0.25593194365501404,-0.0551939494907856,0.5264564156532288,-0.2961048185825348,-0.05777696892619133,0.2982267737388611,-0.4498179256916046,-0.01540919579565525,0.3671463131904602,-0.6588634848594666,-0.0428815633058548,0.39843228459358215,-0.7951614856719971,-0.05262340232729912,0.4217914044857025,-0.9050732254981995,-0.05417073890566826,0.20507307350635529,-0.48754051327705383,-0.010702541097998619,0.18866877257823944,-0.5978378653526306,-0.10403817892074585,0.152140274643898,-0.44097277522087097,-0.13764214515686035,0.13240393996238708,-0.3032498359680176,-0.12729503214359283,0.11234169453382492,-0.5039762258529663,-0.01081863697618246,0.0863812267780304,-0.6044053435325623,-0.10667666792869568,0.06590747833251953,-0.4522865116596222,-0.11667054891586304,0.06130463257431984,-0.32547709345817566,-0.08587171137332916,0.015303673222661018,-0.5096097588539124,-0.01313767395913601,0.03653785586357117,-0.6882641911506653,-0.06235726550221443,0.048800233751535416,-0.7980450391769409,-0.06490334868431091,0.06642819195985794,-0.9019845128059387,-0.048325587064027786,0.0,0.0,0.0,0.0,0.0,0.0,0.0,0.0,0.0,0.0,0.0,0.0,0.0,0.0,0.0,0.0,0.0,0.0,0.0,0.0,0.0,0.0,0.0,0.0,0.0,0.0,0.0,0.0,0.0,0.0,0.0,0.0,0.0,0.0,0.0,0.0,0.0,0.0,0.0,0.0,0.0,0.0,0.0,0.0,0.0,0.0,0.0,0.0,0.0,0.0,0.0,0.0,0.0,0.0,0.0,0.0,0.0,0.0,0.0,0.0,0.0,0.0,0.0,WATER
0.0,0.0,0.0,0.16821160912513733,-0.005299371201545,-0.05510615184903145,0.3423750400543213,-0.1362861692905426,-0.060975607484579086,0.4454241096973419,-0.27028098702430725,-0.06749869138002396,0.531178891658783,-0.30419108271598816,-0.07296407222747803,0.2958323359489441,-0.4493553042411804,-0.023124229162931442,0.3609626591205597,-0.6576369404792786,-0.0538175143301487,0.38893669843673706,-0.7970379590988159,-0.06800558418035507,0.41215500235557556,-0.9081307053565979,-0.07366747409105301,0.20244598388671875,-0.49177539348602295,-0.017549090087413788,0.1791546642780304,-0.6026970744132996,-0.10760459303855896,0.15154919028282166,-0.46552738547325134,-0.14311936497688293,0.14380961656570435,-0.34322306513786316,-0.13786256313323975,0.107719786465168,-0.5111842155456543,-0.016664080321788788,0.07581572234630585,-0.6183223724365234,-0.10615657269954681,0.053567107766866684,-0.48204413056373596,-0.11514101922512054,0.05164341628551483,-0.3624315559864044,-0.08790533989667892,0.00818970613181591,-0.5153816938400269,-0.019187945872545242,0.0269508957862854,-0.6933396458625793,-0.06335523724555969,0.03803725913167,-0.8043068647384644,-0.0644918754696846,0.05576615035533905,-0.902337908744812,-0.04915449768304825,0.0,0.0,0.0,0.0,0.0,0.0,0.0,0.0,0.0,0.0,0.0,0.0,0.0,0.0,0.0,0.0,0.0,0.0,0.0,0.0,0.0,0.0,0.0,0.0,0.0,0.0,0.0,0.0,0.0,0.0,0.0,0.0,0.0,0.0,0.0,0.0,0.0,0.0,0.0,0.0,0.0,0.0,0.0,0.0,0.0,0.0,0.0,0.0,0.0,0.0,0.0,0.0,0.0,0.0,0.0,0.0,0.0,0.0,0.0,0.0,0.0,0.0,0.0,WATER
0.0,0.0,0.0,0.17187246680259705,-0.014028162695467472,-0.051342882215976715,0.33662307262420654,-0.15047678351402283,-0.055783867835998535,0.43107277154922485,-0.28260448575019836,-0.06128694489598274,0.5091493725776672,-0.30628901720046997,-0.06639067083597183,0.27759915590286255,-0.45508867502212524,-0.023166418075561523,0.3433266282081604,-0.6640321016311646,-0.05303578078746796,0.37481197714805603,-0.8014642000198364,-0.06796800345182419,0.40066128969192505,-0.913162350654602,-0.0748666301369667,0.18164575099945068,-0.49439892172813416,-0.019788073375821114,0.15897370874881744,-0.6086502075195312,-0.10603944212198257,0.139330193400383,-0.4744661748409271,-0.1406414657831192,0.136648491024971,-0.3507077991962433,-0.13677959144115448,0.08651429414749146,-0.5116378664970398,-0.020751401782035828,0.06194143742322922,-0.6263083815574646,-0.10381968319416046,0.052335869520902634,-0.49883806705474854,-0.11296805739402771,0.05621737241744995,-0.38082757592201233,-0.08910594135522842,-0.010998275130987167,-0.5121205449104309,-0.025361578911542892,0.006600907072424889,-0.69403475522995,-0.0657929852604866,0.01920638605952263,-0.8066887855529785,-0.06735579669475555,0.03774669021368027,-0.9014910459518433,-0.05429583415389061,0.0,0.0,0.0,0.0,0.0,0.0,0.0,0.0,0.0,0.0,0.0,0.0,0.0,0.0,0.0,0.0,0.0,0.0,0.0,0.0,0.0,0.0,0.0,0.0,0.0,0.0,0.0,0.0,0.0,0.0,0.0,0.0,0.0,0.0,0.0,0.0,0.0,0.0,0.0,0.0,0.0,0.0,0.0,0.0,0.0,0.0,0.0,0.0,0.0,0.0,0.0,0.0,0.0,0.0,0.0,0.0,0.0,0.0,0.0,0.0,0.0,0.0,0.0,WATER
0.0,0.0,0.0,0.164903461933136,-0.020858531817793846,-0.053060442209243774,0.3240557312965393,-0.16055560111999512,-0.061173878610134125,0.4265064597129822,-0.2900454103946686,-0.06909452378749847,0.5194362998008728,-0.33394917845726013,-0.07579778879880905,0.28177711367607117,-0.47416532039642334,-0.023008689284324646,0.34216755628585815,-0.6764351725578308,-0.04436691105365753,0.3702223300933838,-0.8092945218086243,-0.05569229647517204,0.39538082480430603,-0.9164559245109558,-0.06150314584374428,0.1860472559928894,-0.5137016773223877,-0.02012101747095585,0.16676026582717896,-0.615272581577301,-0.08895570784807205,0.16944479942321777,-0.5066218376159668,-0.12226585298776627,0.1902013123035431,-0.39874354004859924,-0.12433506548404694,0.08578775823116302,-0.5294411778450012,-0.02219148352742195,0.06585011631250381,-0.6200053691864014,-0.09166047722101212,0.06956996023654938,-0.5126972794532776,-0.10516141355037689,0.08857102692127228,-0.40442124009132385,-0.09095374494791031,-0.01665821671485901,-0.5282896161079407,-0.02851439267396927,0.007868745364248753,-0.7129440903663635,-0.05919727683067322,0.024289505556225777,-0.8320916891098022,-0.059816792607307434,0.048535607755184174,-0.927344024181366,-0.050810448825359344,0.0,0.0,0.0,0.0,0.0,0.0,0.0,0.0,0.0,0.0,0.0,0.0,0.0,0.0,0.0,0.0,0.0,0.0,0.0,0.0,0.0,0.0,0.0,0.0,0.0,0.0,0.0,0.0,0.0,0.0,0.0,0.0,0.0,0.0,0.0,0.0,0.0,0.0,0.0,0.0,0.0,0.0,0.0,0.0,0.0,0.0,0.0,0.0,0.0,0.0,0.0,0.0,0.0,0.0,0.0,0.0,0.0,0.0,0.0,0.0,0.0,0.0,0.0,WATER
0.0,0.0,0.0,0.16155987977981567,-0.016766315326094627,-0.0545293465256691,0.31925442814826965,-0.1638978272676468,-0.059836242347955704,0.4198068082332611,-0.2972473204135895,-0.06469432264566422,0.5019827485084534,-0.35128870606422424,-0.06797728687524796,0.27760598063468933,-0.48345819115638733,-0.016590233892202377,0.3300177752971649,-0.6834388375282288,-0.04073435440659523,0.35229921340942383,-0.8182305097579956,-0.05554850399494171,0.369215726852417,-0.9271921515464783,-0.06320119649171829,0.1796148121356964,-0.5197925567626953,-0.013472314924001694,0.16029074788093567,-0.623031497001648,-0.09074912220239639,0.16601552069187164,-0.4965323507785797,-0.12974704802036285,0.18381714820861816,-0.37919679284095764,-0.1322580724954605,0.08001404255628586,-0.5314087271690369,-0.015253071673214436,0.06000449135899544,-0.6271491050720215,-0.09348426014184952,0.07767970860004425,-0.5091971755027771,-0.10987038165330887,0.10438771545886993,-0.3998989462852478,-0.09406772255897522,-0.02210000529885292,-0.5282732844352722,-0.020693473517894745,-0.001536698779091239,-0.7166793346405029,-0.05803685635328293,0.016078012064099312,-0.834054172039032,-0.0594748891890049,0.04029868170619011,-0.9292994737625122,-0.0483076311647892,0.0,0.0,0.0,0.0,0.0,0.0,0.0,0.0,0.0,0.0,0.0,0.0,0.0,0.0,0.0,0.0,0.0,0.0,0.0,0.0,0.0,0.0,0.0,0.0,0.0,0.0,0.0,0.0,0.0,0.0,0.0,0.0,0.0,0.0,0.0,0.0,0.0,0.0,0.0,0.0,0.0,0.0,0.0,0.0,0.0,0.0,0.0,0.0,0.0,0.0,0.0,0.0,0.0,0.0,0.0,0.0,0.0,0.0,0.0,0.0,0.0,0.0,0.0,WATER
0.0,0.0,0.0,0.16959474980831146,-0.021799961104989052,-0.04131322354078293,0.32466772198677063,-0.1827278435230255,-0.039516631513834,0.4177423417568207,-0.31834107637405396,-0.039440106600522995,0.4952421486377716,-0.35454174876213074,-0.03964470326900482,0.28029146790504456,-0.4772227108478546,-0.017688456922769547,0.33640754222869873,-0.6817665100097656,-0.040980663150548935,0.35813093185424805,-0.8167335391044617,-0.05103559046983719,0.37444764375686646,-0.92567378282547,-0.05401020869612694,0.18084770441055298,-0.5132495164871216,-0.017162766307592392,0.1539173126220703,-0.6095730662345886,-0.09614086896181107,0.14054954051971436,-0.4731397330760956,-0.12975499033927917,0.14559771120548248,-0.35329535603523254,-0.12582723796367645,0.08104977011680603,-0.527471125125885,-0.019228903576731682,0.05645858123898506,-0.6210569143295288,-0.10004843026399612,0.06107404828071594,-0.4904506504535675,-0.11316606402397156,0.07806123048067093,-0.37372317910194397,-0.09189167618751526,-0.020225604996085167,-0.5264020562171936,-0.022830909118056297,0.0047927419655025005,-0.7142297029495239,-0.06101776659488678,0.0228156428784132,-0.8311423063278198,-0.0609259232878685,0.047347210347652435,-0.9268932938575745,-0.046548012644052505,0.0,0.0,0.0,0.0,0.0,0.0,0.0,0.0,0.0,0.0,0.0,0.0,0.0,0.0,0.0,0.0,0.0,0.0,0.0,0.0,0.0,0.0,0.0,0.0,0.0,0.0,0.0,0.0,0.0,0.0,0.0,0.0,0.0,0.0,0.0,0.0,0.0,0.0,0.0,0.0,0.0,0.0,0.0,0.0,0.0,0.0,0.0,0.0,0.0,0.0,0.0,0.0,0.0,0.0,0.0,0.0,0.0,0.0,0.0,0.0,0.0,0.0,0.0,WATER
0.0,0.0,0.0,0.1781197190284729,-0.015096448361873627,-0.038706690073013306,0.3388814628124237,-0.1724790632724762,-0.03494313731789589,0.42824602127075195,-0.3078140616416931,-0.033405616879463196,0.5041567087173462,-0.35991132259368896,-0.03174252808094025,0.28948864340782166,-0.47817811369895935,-0.007818364538252354,0.3464187681674957,-0.684474527835846,-0.02641964517533779,0.36499854922294617,-0.8180109262466431,-0.03253708407282829,0.3800123631954193,-0.9244096875190735,-0.03251555562019348,0.19339603185653687,-0.5163967609405518,-0.005905788857489824,0.17418606579303741,-0.6090680360794067,-0.08064568787813187,0.15369467437267303,-0.4684906601905823,-0.11343009769916534,0.15030385553836823,-0.34139883518218994,-0.10841448605060577,0.09732618927955627,-0.5328785181045532,-0.0064978161826729774,0.07891251891851425,-0.6214422583580017,-0.08339343965053558,0.0750858336687088,-0.4866848587989807,-0.09701909124851227,0.08242865651845932,-0.3682515621185303,-0.07613971084356308,-0.0019099441124126315,-0.5343637466430664,-0.008030149154365063,0.021661080420017242,-0.7153509855270386,-0.04194186255335808,0.036796584725379944,-0.8267698884010315,-0.04099610820412636,0.05575031787157059,-0.9216333031654358,-0.02607567235827446,0.0,0.0,0.0,0.0,0.0,0.0,0.0,0.0,0.0,0.0,0.0,0.0,0.0,0.0,0.0,0.0,0.0,0.0,0.0,0.0,0.0,0.0,0.0,0.0,0.0,0.0,0.0,0.0,0.0,0.0,0.0,0.0,0.0,0.0,0.0,0.0,0.0,0.0,0.0,0.0,0.0,0.0,0.0,0.0,0.0,0.0,0.0,0.0,0.0,0.0,0.0,0.0,0.0,0.0,0.0,0.0,0.0,0.0,0.0,0.0,0.0,0.0,0.0,WATER
0.0,0.0,0.0,0.17160557210445404,-0.011104606091976166,-0.041713982820510864,0.33262133598327637,-0.16920755803585052,-0.038189597427845,0.4254358410835266,-0.3064301908016205,-0.03661766275763512,0.5024247765541077,-0.3497241139411926,-0.03496083989739418,0.2804803252220154,-0.46587076783180237,-0.007330883760005236,0.3411184549331665,-0.6781604886054993,-0.022114336490631104,0.36161643266677856,-0.8145437240600586,-0.02505282312631607,0.37901821732521057,-0.9250646829605103,-0.024505186825990677,0.18745066225528717,-0.507034420967102,-0.003342119511216879,0.17675836384296417,-0.6009684205055237,-0.07498130947351456,0.15707291662693024,-0.4595756232738495,-0.10528600960969925,0.15180529654026031,-0.3301645815372467,-0.1000700369477272,0.09642026573419571,-0.526641845703125,-0.0023303430061787367,0.088992178440094,-0.6244205832481384,-0.07380049675703049,0.0840664878487587,-0.49086621403694153,-0.08432115614414215,0.08678334951400757,-0.3702393174171448,-0.06396882981061935,0.001389363082125783,-0.5298182964324951,-0.0032560648396611214,0.02201940305531025,-0.7093126773834229,-0.03475546836853027,0.03659979626536369,-0.8208989500999451,-0.03516155108809471,0.05585155263543129,-0.9154285788536072,-0.02296515554189682,0.0,0.0,0.0,0.0,0.0,0.0,0.0,0.0,0.0,0.0,0.0,0.0,0.0,0.0,0.0,0.0,0.0,0.0,0.0,0.0,0.0,0.0,0.0,0.0,0.0,0.0,0.0,0.0,0.0,0.0,0.0,0.0,0.0,0.0,0.0,0.0,0.0,0.0,0.0,0.0,0.0,0.0,0.0,0.0,0.0,0.0,0.0,0.0,0.0,0.0,0.0,0.0,0.0,0.0,0.0,0.0,0.0,0.0,0.0,0.0,0.0,0.0,0.0,WATER
0.0,0.0,0.0,0.17978344857692719,-0.01467466726899147,-0.0400206595659256,0.34403717517852783,-0.17148354649543762,-0.036842647939920425,0.43416061997413635,-0.3108901381492615,-0.03536275029182434,0.5112456679344177,-0.36160141229629517,-0.033685967326164246,0.28890570998191833,-0.4754904806613922,-0.010467879474163055,0.34329238533973694,-0.6866924166679382,-0.02765491232275963,0.3616787791252136,-0.8187188506126404,-0.03177109360694885,0.37778550386428833,-0.925375759601593,-0.030947037041187286,0.19337642192840576,-0.5065739154815674,-0.008778136223554611,0.19233909249305725,-0.6002861857414246,-0.08268201351165771,0.17476746439933777,-0.453227162361145,-0.11362850666046143,0.16878007352352142,-0.32338011264801025,-0.10820211470127106,0.09954328089952469,-0.5179991722106934,-0.009644651785492897,0.09357006847858429,-0.6138278245925903,-0.08549089729785919,0.09564441442489624,-0.47712159156799316,-0.0960921123623848,0.10297226905822754,-0.3556269705295563,-0.07432059198617935,0.0009753436897881329,-0.5165387392044067,-0.011815981939435005,0.030620353296399117,-0.70632404088974,-0.04651236534118652,0.047499220818281174,-0.8229413628578186,-0.045320674777030945,0.06466459482908249,-0.924612820148468,-0.031180279329419136,0.0,0.0,0.0,0.0,0.0,0.0,0.0,0.0,0.0,0.0,0.0,0.0,0.0,0.0,0.0,0.0,0.0,0.0,0.0,0.0,0.0,0.0,0.0,0.0,0.0,0.0,0.0,0.0,0.0,0.0,0.0,0.0,0.0,0.0,0.0,0.0,0.0,0.0,0.0,0.0,0.0,0.0,0.0,0.0,0.0,0.0,0.0,0.0,0.0,0.0,0.0,0.0,0.0,0.0,0.0,0.0,0.0,0.0,0.0,0.0,0.0,0.0,0.0,WATER
0.0,0.0,0.0,0.17549292743206024,-0.016260556876659393,-0.040067870169878006,0.331686794757843,-0.179243266582489,-0.035589929670095444,0.4164075255393982,-0.31918686628341675,-0.03200406953692436,0.49023348093032837,-0.36460018157958984,-0.027679549530148506,0.2774970531463623,-0.4806538224220276,-0.00683164969086647,0.33065351843833923,-0.6897785663604736,-0.021033763885498047,0.34812644124031067,-0.8233323097229004,-0.024367911741137505,0.36254972219467163,-0.9316564798355103,-0.02395719848573208,0.18239353597164154,-0.5087758898735046,-0.0031781469006091356,0.17559882998466492,-0.6070266366004944,-0.07106675952672958,0.15590062737464905,-0.4637049734592438,-0.09946340322494507,0.15144923329353333,-0.33648455142974854,-0.09387461096048355,0.09111378341913223,-0.5187699198722839,-0.0022680102847516537,0.08446042984724045,-0.6195430755615234,-0.07321687787771225,0.08731653541326523,-0.48406246304512024,-0.08213560283184052,0.09670141339302063,-0.3639640510082245,-0.06113607436418533,-0.0023998399265110493,-0.5167381763458252,-0.0026856244076043367,0.022898223251104355,-0.7054914236068726,-0.03541607782244682,0.036658428609371185,-0.8188977241516113,-0.033627334982156754,0.05409983545541763,-0.918626070022583,-0.019938481971621513,0.0,0.0,0.0,0.0,0.0,0.0,0.0,0.0,0.0,0.0,0.0,0.0,0.0,0.0,0.0,0.0,0.0,0.0,0.0,0.0,0.0,0.0,0.0,0.0,0.0,0.0,0.0,0.0,0.0,0.0,0.0,0.0,0.0,0.0,0.0,0.0,0.0,0.0,0.0,0.0,0.0,0.0,0.0,0.0,0.0,0.0,0.0,0.0,0.0,0.0,0.0,0.0,0.0,0.0,0.0,0.0,0.0,0.0,0.0,0.0,0.0,0.0,0.0,WATER
0.0,0.0,0.0,0.17783725261688232,-0.011882342398166656,-0.03981104865670204,0.3358711898326874,-0.1796671450138092,-0.03384329006075859,0.4189164340496063,-0.3230172097682953,-0.027211615815758705,0.4951647222042084,-0.364410400390625,-0.01973644644021988,0.2815362811088562,-0.4927483797073364,-0.004448554944247007,0.3352087736129761,-0.6965644359588623,-0.01154725719243288,0.35096386075019836,-0.826260507106781,-0.01129984762519598,0.3628907799720764,-0.9317772388458252,-0.010064900852739811,0.18615372478961945,-0.5222412347793579,-0.00026872160378843546,0.1880592256784439,-0.6134891510009766,-0.0637049600481987,0.17615191638469696,-0.4635539948940277,-0.09265455603599548,0.172166109085083,-0.33193811774253845,-0.08786816149950027,0.09476075321435928,-0.5294641256332397,0.001948162796907127,0.09471887350082397,-0.6285911202430725,-0.06276795268058777,0.1094629168510437,-0.4991879463195801,-0.07454437017440796,0.1249256581068039,-0.38469603657722473,-0.05750979855656624,-0.00032680362346582115,-0.5221997499465942,0.0029880087822675705,0.02562023513019085,-0.7109065651893616,-0.026104513555765152,0.04298516362905502,-0.8249136209487915,-0.025926904752850533,0.060517989099025726,-0.9260165095329285,-0.014772215858101845,0.0,0.0,0.0,0.0,0.0,0.0,0.0,0.0,0.0,0.0,0.0,0.0,0.0,0.0,0.0,0.0,0.0,0.0,0.0,0.0,0.0,0.0,0.0,0.0,0.0,0.0,0.0,0.0,0.0,0.0,0.0,0.0,0.0,0.0,0.0,0.0,0.0,0.0,0.0,0.0,0.0,0.0,0.0,0.0,0.0,0.0,0.0,0.0,0.0,0.0,0.0,0.0,0.0,0.0,0.0,0.0,0.0,0.0,0.0,0.0,0.0,0.0,0.0,WATER
0.0,0.0,0.0,0.17528246343135834,-0.02043301612138748,-0.029996752738952637,0.3245057165622711,-0.19074764847755432,-0.019449060782790184,0.40375006198883057,-0.3316626250743866,-0.009485883638262749,0.47272369265556335,-0.374270498752594,0.0014984102454036474,0.2705913186073303,-0.4961000084877014,-0.0004890308482572436,0.3220222294330597,-0.6984632015228271,-0.008138401433825493,0.33577120304107666,-0.8299861550331116,-0.009578309021890163,0.3467927575111389,-0.9378962516784668,-0.009233375079929829,0.176108717918396,-0.5231516361236572,0.0008623991161584854,0.18390412628650665,-0.602924108505249,-0.0591142363846302,0.17022138833999634,-0.4511811137199402,-0.08742982894182205,0.1652216762304306,-0.3229794502258301,-0.08348435908555984,0.08642906695604324,-0.5314695239067078,0.0014732497511431575,0.08830775320529938,-0.6245485544204712,-0.05650109052658081,0.10314810276031494,-0.4950338304042816,-0.06533262133598328,0.11829237639904022,-0.3790186941623688,-0.04859168827533722,-0.006667794659733772,-0.526455283164978,0.001318458584137261,0.01918276585638523,-0.715365469455719,-0.022855931892991066,0.03667745739221573,-0.8293389081954956,-0.019620852544903755,0.05439447984099388,-0.9267075061798096,-0.007116733118891716,0.0,0.0,0.0,0.0,0.0,0.0,0.0,0.0,0.0,0.0,0.0,0.0,0.0,0.0,0.0,0.0,0.0,0.0,0.0,0.0,0.0,0.0,0.0,0.0,0.0,0.0,0.0,0.0,0.0,0.0,0.0,0.0,0.0,0.0,0.0,0.0,0.0,0.0,0.0,0.0,0.0,0.0,0.0,0.0,0.0,0.0,0.0,0.0,0.0,0.0,0.0,0.0,0.0,0.0,0.0,0.0,0.0,0.0,0.0,0.0,0.0,0.0,0.0,WATER
0.0,0.0,0.0,0.17346195876598358,-0.02557867020368576,-0.025333944708108902,0.31907138228416443,-0.1962599903345108,-0.009661944583058357,0.39354488253593445,-0.3357597589492798,0.004143736325204372,0.4599660336971283,-0.3855830430984497,0.01849142275750637,0.26438403129577637,-0.5032522678375244,0.011041323654353619,0.31211671233177185,-0.7067256569862366,0.006707634776830673,0.3279762864112854,-0.835347592830658,0.008707261644303799,0.3395949900150299,-0.9404866099357605,0.012660637497901917,0.17029382288455963,-0.5264884829521179,0.011287808418273926,0.18343986570835114,-0.6101469397544861,-0.04989926144480705,0.16786536574363708,-0.4471878707408905,-0.07749459892511368,0.15708871185779572,-0.31078869104385376,-0.0698961615562439,0.08220234513282776,-0.5315564870834351,0.01062712725251913,0.09182079881429672,-0.6199100017547607,-0.05386320501565933,0.10032887011766434,-0.4714422821998596,-0.06466466933488846,0.106130450963974,-0.34818482398986816,-0.044437918812036514,-0.009393257088959217,-0.5273012518882751,0.010462898761034012,0.01764689013361931,-0.714819610118866,-0.019579462707042694,0.03599514067173004,-0.8246442079544067,-0.019379442557692528,0.05358356609940529,-0.9251847267150879,-0.0063660722225904465,0.0,0.0,0.0,0.0,0.0,0.0,0.0,0.0,0.0,0.0,0.0,0.0,0.0,0.0,0.0,0.0,0.0,0.0,0.0,0.0,0.0,0.0,0.0,0.0,0.0,0.0,0.0,0.0,0.0,0.0,0.0,0.0,0.0,0.0,0.0,0.0,0.0,0.0,0.0,0.0,0.0,0.0,0.0,0.0,0.0,0.0,0.0,0.0,0.0,0.0,0.0,0.0,0.0,0.0,0.0,0.0,0.0,0.0,0.0,0.0,0.0,0.0,0.0,WATER
0.0,0.0,0.0,0.16852585971355438,-0.02254438027739525,-0.03306036815047264,0.3124051094055176,-0.18455387651920319,-0.02645842544734478,0.3824124038219452,-0.3227643072605133,-0.021896397694945335,0.4452681541442871,-0.3805466890335083,-0.01687181554734707,0.26027005910873413,-0.5043911933898926,-0.0005165730835869908,0.30742889642715454,-0.7092444896697998,-0.010867112316191196,0.32498952746391296,-0.8364107608795166,-0.011452225968241692,0.3396402895450592,-0.9405136704444885,-0.00886209774762392,0.1666034609079361,-0.5276708006858826,-0.0005995231331326067,0.19041991233825684,-0.5976340770721436,-0.07084871083498001,0.17570269107818604,-0.4319954216480255,-0.10162883996963501,0.1612287163734436,-0.29389986395835876,-0.09505653381347656,0.07749231904745102,-0.5316009521484375,-0.0020685235504060984,0.09543630480766296,-0.6152994632720947,-0.07404158264398575,0.10618255287408829,-0.4679426848888397,-0.0847107470035553,0.1098264679312706,-0.3440835475921631,-0.06289026141166687,-0.01664605177938938,-0.5240545272827148,-0.0036734871100634336,0.011910626664757729,-0.7133682370185852,-0.037355247884988785,0.031233778223395348,-0.8253704309463501,-0.03616785258054733,0.04891413077712059,-0.929050087928772,-0.02151556871831417,0.0,0.0,0.0,0.0,0.0,0.0,0.0,0.0,0.0,0.0,0.0,0.0,0.0,0.0,0.0,0.0,0.0,0.0,0.0,0.0,0.0,0.0,0.0,0.0,0.0,0.0,0.0,0.0,0.0,0.0,0.0,0.0,0.0,0.0,0.0,0.0,0.0,0.0,0.0,0.0,0.0,0.0,0.0,0.0,0.0,0.0,0.0,0.0,0.0,0.0,0.0,0.0,0.0,0.0,0.0,0.0,0.0,0.0,0.0,0.0,0.0,0.0,0.0,WATER
0.0,0.0,0.0,0.15639355778694153,-0.020125098526477814,-0.04144621267914772,0.2970195710659027,-0.18529647588729858,-0.04210968688130379,0.3619292676448822,-0.3350423276424408,-0.042313799262046814,0.4191427528858185,-0.40311452746391296,-0.0404721163213253,0.24070364236831665,-0.5045366883277893,-0.01286514475941658,0.2826608717441559,-0.702617883682251,-0.03235102444887161,0.300485759973526,-0.8337280750274658,-0.04079810902476311,0.31509071588516235,-0.9480003714561462,-0.0448673777282238,0.15087459981441498,-0.5243258476257324,-0.012285168282687664,0.18811042606830597,-0.6063732504844666,-0.08877941966056824,0.18189848959445953,-0.4328727722167969,-0.11890324205160141,0.1675579696893692,-0.29674232006073,-0.11196478456258774,0.06558369100093842,-0.524524450302124,-0.014148976653814316,0.0955640897154808,-0.6142457127571106,-0.088201604783535,0.11467540264129639,-0.4712744951248169,-0.09454511851072311,0.1162978783249855,-0.35475221276283264,-0.07091698795557022,-0.024559970945119858,-0.5128660798072815,-0.017578737810254097,0.006078628823161125,-0.7044692635536194,-0.05441489443182945,0.029720120131969452,-0.8112703561782837,-0.05322255939245224,0.04627453535795212,-0.9128742218017578,-0.03944816067814827,0.0,0.0,0.0,0.0,0.0,0.0,0.0,0.0,0.0,0.0,0.0,0.0,0.0,0.0,0.0,0.0,0.0,0.0,0.0,0.0,0.0,0.0,0.0,0.0,0.0,0.0,0.0,0.0,0.0,0.0,0.0,0.0,0.0,0.0,0.0,0.0,0.0,0.0,0.0,0.0,0.0,0.0,0.0,0.0,0.0,0.0,0.0,0.0,0.0,0.0,0.0,0.0,0.0,0.0,0.0,0.0,0.0,0.0,0.0,0.0,0.0,0.0,0.0,WATER
0.0,0.0,0.0,0.16207443177700043,-0.02614426240324974,-0.03282512351870537,0.29154276847839355,-0.20169350504875183,-0.024535397067666054,0.3505489230155945,-0.34640005230903625,-0.017350271344184875,0.4070255160331726,-0.4130954146385193,-0.009111093357205391,0.2377404123544693,-0.5179702639579773,0.0009647411643527448,0.27917638421058655,-0.715996503829956,-0.008038997650146484,0.29365983605384827,-0.842510461807251,-0.006856681313365698,0.3041532039642334,-0.9526146054267883,-0.004036903381347656,0.14622990787029266,-0.5336167216300964,-0.0002760487550403923,0.1932315081357956,-0.6179601550102234,-0.07030469924211502,0.1847105771303177,-0.44320204854011536,-0.09637008607387543,0.16588334739208221,-0.30260181427001953,-0.08545142412185669,0.060406435281038284,-0.5304777026176453,-0.0036041177809238434,0.1028444916009903,-0.6144022345542908,-0.07758142054080963,0.11922691762447357,-0.45552173256874084,-0.08664979785680771,0.11881795525550842,-0.33409222960472107,-0.06273042410612106,-0.028804147616028786,-0.5188098549842834,-0.006939552258700132,0.001477997750043869,-0.7081121206283569,-0.044996477663517,0.025614647194743156,-0.8124706745147705,-0.04742353782057762,0.04419815540313721,-0.9190013408660889,-0.03574984520673752,0.0,0.0,0.0,0.0,0.0,0.0,0.0,0.0,0.0,0.0,0.0,0.0,0.0,0.0,0.0,0.0,0.0,0.0,0.0,0.0,0.0,0.0,0.0,0.0,0.0,0.0,0.0,0.0,0.0,0.0,0.0,0.0,0.0,0.0,0.0,0.0,0.0,0.0,0.0,0.0,0.0,0.0,0.0,0.0,0.0,0.0,0.0,0.0,0.0,0.0,0.0,0.0,0.0,0.0,0.0,0.0,0.0,0.0,0.0,0.0,0.0,0.0,0.0,WATER
0.0,0.0,0.0,0.16417472064495087,-0.030912695452570915,-0.03507689759135246,0.2923303246498108,-0.20513950288295746,-0.025888990610837936,0.34484565258026123,-0.34786972403526306,-0.018331050872802734,0.4025118350982666,-0.4137742817401886,-0.009401671588420868,0.22904326021671295,-0.5236435532569885,0.004616417456418276,0.27081888914108276,-0.7203039526939392,-0.0049011074006557465,0.2849259078502655,-0.8454856276512146,-0.002508132718503475,0.2969911992549896,-0.9548785090446472,0.0018172393320128322,0.1391134411096573,-0.5375434160232544,0.003887513652443886,0.18636299669742584,-0.6233606934547424,-0.06934981793165207,0.1872696876525879,-0.44631853699684143,-0.09622710198163986,0.1762418895959854,-0.3029676675796509,-0.08416680246591568,0.055590640753507614,-0.5328795313835144,0.00013315488467924297,0.0949917882680893,-0.6099185347557068,-0.08084196597337723,0.1165115088224411,-0.4364129304885864,-0.0918712392449379,0.12067893892526627,-0.30928462743759155,-0.06592505425214767,-0.031445760279893875,-0.5209313631057739,-0.0036236944142729044,-0.0015526501229032874,-0.711076557636261,-0.04604614898562431,0.024043450132012367,-0.8146563768386841,-0.050467200577259064,0.04340527206659317,-0.9218425750732422,-0.038794536143541336,0.0,0.0,0.0,0.0,0.0,0.0,0.0,0.0,0.0,0.0,0.0,0.0,0.0,0.0,0.0,0.0,0.0,0.0,0.0,0.0,0.0,0.0,0.0,0.0,0.0,0.0,0.0,0.0,0.0,0.0,0.0,0.0,0.0,0.0,0.0,0.0,0.0,0.0,0.0,0.0,0.0,0.0,0.0,0.0,0.0,0.0,0.0,0.0,0.0,0.0,0.0,0.0,0.0,0.0,0.0,0.0,0.0,0.0,0.0,0.0,0.0,0.0,0.0,WATER
0.0,0.0,0.0,0.15829844772815704,-0.04579400271177292,-0.034170717000961304,0.27779266238212585,-0.2158781737089157,-0.03075939416885376,0.3286585807800293,-0.35311800241470337,-0.03139027580618858,0.384732186794281,-0.4211801290512085,-0.030140623450279236,0.21399998664855957,-0.5018057227134705,0.0011563574662432075,0.2523757517337799,-0.7121409773826599,-0.022025583311915398,0.2676796019077301,-0.8426389694213867,-0.02833346091210842,0.2807823717594147,-0.9593254923820496,-0.029254719614982605,0.12643036246299744,-0.5166615843772888,-0.004559764172881842,0.1797541081905365,-0.6311547756195068,-0.09446441382169724,0.1877983808517456,-0.45666319131851196,-0.12520140409469604,0.1788301169872284,-0.31253954768180847,-0.11327289044857025,0.043479952961206436,-0.5143992304801941,-0.014517730101943016,0.08493418991565704,-0.612555742263794,-0.1052519828081131,0.10491637885570526,-0.4358762502670288,-0.11210073530673981,0.10729718208312988,-0.3043375611305237,-0.08096889406442642,-0.042005233466625214,-0.5037228465080261,-0.025396279990673065,-0.013891215436160564,-0.6923332214355469,-0.07261358201503754,0.012816214933991432,-0.79808109998703,-0.07698838412761688,0.03186473622918129,-0.9067180156707764,-0.0647440031170845,0.0,0.0,0.0,0.0,0.0,0.0,0.0,0.0,0.0,0.0,0.0,0.0,0.0,0.0,0.0,0.0,0.0,0.0,0.0,0.0,0.0,0.0,0.0,0.0,0.0,0.0,0.0,0.0,0.0,0.0,0.0,0.0,0.0,0.0,0.0,0.0,0.0,0.0,0.0,0.0,0.0,0.0,0.0,0.0,0.0,0.0,0.0,0.0,0.0,0.0,0.0,0.0,0.0,0.0,0.0,0.0,0.0,0.0,0.0,0.0,0.0,0.0,0.0,WATER
0.0,0.0,0.0,0.15667593479156494,-0.0483984611928463,-0.03527691215276718,0.2718215882778168,-0.216726154088974,-0.0343756303191185,0.32197004556655884,-0.34896320104599,-0.03704818710684776,0.37564265727996826,-0.41458648443222046,-0.03764152526855469,0.2089514136314392,-0.5082348585128784,-0.004546992015093565,0.24941131472587585,-0.7178266048431396,-0.026781583204865456,0.2643868029117584,-0.8446019887924194,-0.03193064406514168,0.27827486395835876,-0.9599676132202148,-0.03201899304986,0.1211341917514801,-0.5189275145530701,-0.010411547496914864,0.17196962237358093,-0.6308103203773499,-0.09766912460327148,0.18200381100177765,-0.46159353852272034,-0.1282287985086441,0.17784130573272705,-0.31850191950798035,-0.11747463047504425,0.03898143023252487,-0.515297532081604,-0.01996222324669361,0.07778846472501755,-0.6131070852279663,-0.10753050446510315,0.1016392931342125,-0.4405498206615448,-0.11489791423082352,0.1089102029800415,-0.3095228672027588,-0.08553243428468704,-0.044119495898485184,-0.5039938688278198,-0.030443064868450165,-0.015758350491523743,-0.6920075416564941,-0.07337917387485504,0.011004649102687836,-0.7983396053314209,-0.07553429901599884,0.031078387051820755,-0.9070020318031311,-0.0627247542142868,0.0,0.0,0.0,0.0,0.0,0.0,0.0,0.0,0.0,0.0,0.0,0.0,0.0,0.0,0.0,0.0,0.0,0.0,0.0,0.0,0.0,0.0,0.0,0.0,0.0,0.0,0.0,0.0,0.0,0.0,0.0,0.0,0.0,0.0,0.0,0.0,0.0,0.0,0.0,0.0,0.0,0.0,0.0,0.0,0.0,0.0,0.0,0.0,0.0,0.0,0.0,0.0,0.0,0.0,0.0,0.0,0.0,0.0,0.0,0.0,0.0,0.0,0.0,WATER
0.0,0.0,0.0,0.15954014658927917,-0.0480051189661026,-0.032872263342142105,0.2742033004760742,-0.22127169370651245,-0.029111940413713455,0.32052814960479736,-0.3543913662433624,-0.02968055196106434,0.37374600768089294,-0.4197826683521271,-0.028236404061317444,0.207391619682312,-0.5032545328140259,-0.00019740869174711406,0.24480150640010834,-0.7165457010269165,-0.021576901897788048,0.2588176727294922,-0.8452115058898926,-0.0264730304479599,0.2708832025527954,-0.9622452259063721,-0.026577066630125046,0.1184409111738205,-0.5121405124664307,-0.006789350416511297,0.16724160313606262,-0.6282874345779419,-0.09400495141744614,0.17804571986198425,-0.4566195607185364,-0.12368635088205338,0.17419745028018951,-0.3151400685310364,-0.11206812411546707,0.03519410267472267,-0.5066906809806824,-0.017218410968780518,0.07512716203927994,-0.6073219776153564,-0.10559768974781036,0.09679768979549408,-0.4297052025794983,-0.11162550747394562,0.10186146944761276,-0.29929348826408386,-0.08066330850124359,-0.04854341968894005,-0.494922399520874,-0.02851940132677555,-0.022393325343728065,-0.6848042011260986,-0.07312662899494171,0.0038610270712524652,-0.7911646366119385,-0.07588208466768265,0.024695929139852524,-0.9019395112991333,-0.06303901970386505,0.0,0.0,0.0,0.0,0.0,0.0,0.0,0.0,0.0,0.0,0.0,0.0,0.0,0.0,0.0,0.0,0.0,0.0,0.0,0.0,0.0,0.0,0.0,0.0,0.0,0.0,0.0,0.0,0.0,0.0,0.0,0.0,0.0,0.0,0.0,0.0,0.0,0.0,0.0,0.0,0.0,0.0,0.0,0.0,0.0,0.0,0.0,0.0,0.0,0.0,0.0,0.0,0.0,0.0,0.0,0.0,0.0,0.0,0.0,0.0,0.0,0.0,0.0,WATER
0.0,0.0,0.0,0.15701979398727417,-0.05155418440699577,-0.035035714507102966,0.26981180906295776,-0.22598733007907867,-0.033669374883174896,0.31787896156311035,-0.36213311553001404,-0.03649750351905823,0.3720920979976654,-0.43176165223121643,-0.03723226487636566,0.20581607520580292,-0.5029193758964539,-0.0028384020552039146,0.24127377569675446,-0.7153035998344421,-0.026547521352767944,0.2549789845943451,-0.8451176285743713,-0.03308133780956268,0.26607567071914673,-0.9633486270904541,-0.03410514444112778,0.11823520064353943,-0.5118101239204407,-0.010112151503562927,0.1593603938817978,-0.6341038346290588,-0.09793993830680847,0.17289815843105316,-0.47046545147895813,-0.12857358157634735,0.1727297306060791,-0.3317711353302002,-0.11783231794834137,0.03613157570362091,-0.5054880380630493,-0.021578937768936157,0.07301399856805801,-0.6059039235115051,-0.1108521893620491,0.09653577953577042,-0.4329432547092438,-0.1173071339726448,0.10304835438728333,-0.3046867847442627,-0.0864957943558693,-0.04633603245019913,-0.49269527196884155,-0.03426150232553482,-0.022287122905254364,-0.6836848258972168,-0.07874783128499985,0.003674670122563839,-0.7924381494522095,-0.08083571493625641,0.02393871732056141,-0.9049904346466064,-0.06754922866821289,0.0,0.0,0.0,0.0,0.0,0.0,0.0,0.0,0.0,0.0,0.0,0.0,0.0,0.0,0.0,0.0,0.0,0.0,0.0,0.0,0.0,0.0,0.0,0.0,0.0,0.0,0.0,0.0,0.0,0.0,0.0,0.0,0.0,0.0,0.0,0.0,0.0,0.0,0.0,0.0,0.0,0.0,0.0,0.0,0.0,0.0,0.0,0.0,0.0,0.0,0.0,0.0,0.0,0.0,0.0,0.0,0.0,0.0,0.0,0.0,0.0,0.0,0.0,WATER
0.0,0.0,0.0,0.14979584515094757,-0.054427389055490494,-0.03177674114704132,0.26055046916007996,-0.24206773936748505,-0.026026394218206406,0.3072242736816406,-0.3849063217639923,-0.024698013439774513,0.3596540689468384,-0.45924925804138184,-0.02202303521335125,0.18504902720451355,-0.5139998197555542,0.005997451953589916,0.21557077765464783,-0.7264208197593689,-0.01247261743992567,0.22784201800823212,-0.8551544547080994,-0.01433455292135477,0.2391466349363327,-0.970912516117096,-0.011735727079212666,0.10138913989067078,-0.5217409133911133,-0.0015972063411027193,0.14449694752693176,-0.6403607726097107,-0.08526325225830078,0.15895548462867737,-0.4730132222175598,-0.11450201272964478,0.15839967131614685,-0.33017536997795105,-0.10218136757612228,0.021052885800600052,-0.511904239654541,-0.013360452838242054,0.05979451537132263,-0.6094982028007507,-0.10189975798130035,0.08702510595321655,-0.43638551235198975,-0.10938325524330139,0.09581203758716583,-0.3057318329811096,-0.07850906997919083,-0.06314651668071747,-0.49384382367134094,-0.02576451748609543,-0.044620268046855927,-0.6899341940879822,-0.07002399116754532,-0.02552143484354019,-0.802786648273468,-0.07241975516080856,-0.011338157579302788,-0.9141449332237244,-0.05900188535451889,0.0,0.0,0.0,0.0,0.0,0.0,0.0,0.0,0.0,0.0,0.0,0.0,0.0,0.0,0.0,0.0,0.0,0.0,0.0,0.0,0.0,0.0,0.0,0.0,0.0,0.0,0.0,0.0,0.0,0.0,0.0,0.0,0.0,0.0,0.0,0.0,0.0,0.0,0.0,0.0,0.0,0.0,0.0,0.0,0.0,0.0,0.0,0.0,0.0,0.0,0.0,0.0,0.0,0.0,0.0,0.0,0.0,0.0,0.0,0.0,0.0,0.0,0.0,WATER
0.0,0.0,0.0,0.15458574891090393,-0.05561576411128044,-0.031149907037615776,0.2659952640533447,-0.24241742491722107,-0.027360400184988976,0.3112875521183014,-0.38674068450927734,-0.028084861114621162,0.36068201065063477,-0.4676758050918579,-0.027223404496908188,0.19285328686237335,-0.5118439793586731,-0.0017791746649891138,0.22492101788520813,-0.7276738882064819,-0.022552192211151123,0.23475989699363708,-0.8549508452415466,-0.024595167487859726,0.24105583131313324,-0.970262348651886,-0.021977046504616737,0.10580667108297348,-0.5190382599830627,-0.009171316400170326,0.1537591516971588,-0.6201200485229492,-0.09687455743551254,0.15962600708007812,-0.44553542137145996,-0.1237124353647232,0.15021559596061707,-0.3043096959590912,-0.10943460464477539,0.023684149608016014,-0.5103141665458679,-0.020138999447226524,0.06278528273105621,-0.6074221134185791,-0.10817105323076248,0.08710049092769623,-0.4378794729709625,-0.11123202741146088,0.09275706112384796,-0.3105279803276062,-0.07831503450870514,-0.06083597615361214,-0.4935760796070099,-0.031773556023836136,-0.04105973243713379,-0.6858415603637695,-0.0763259157538414,-0.018929237499833107,-0.7979522347450256,-0.07728268206119537,-0.0019874831195920706,-0.9130492210388184,-0.06257717311382294,0.0,0.0,0.0,0.0,0.0,0.0,0.0,0.0,0.0,0.0,0.0,0.0,0.0,0.0,0.0,0.0,0.0,0.0,0.0,0.0,0.0,0.0,0.0,0.0,0.0,0.0,0.0,0.0,0.0,0.0,0.0,0.0,0.0,0.0,0.0,0.0,0.0,0.0,0.0,0.0,0.0,0.0,0.0,0.0,0.0,0.0,0.0,0.0,0.0,0.0,0.0,0.0,0.0,0.0,0.0,0.0,0.0,0.0,0.0,0.0,0.0,0.0,0.0,WATER
0.0,0.0,0.0,0.1517259180545807,-0.060496192425489426,-0.03050299361348152,0.26163893938064575,-0.25122758746147156,-0.026252979412674904,0.30587443709373474,-0.39428114891052246,-0.026712218299508095,0.35703960061073303,-0.47564518451690674,-0.0257850531488657,0.18449203670024872,-0.5242769122123718,0.0010518748313188553,0.21801625192165375,-0.7379396557807922,-0.013762899674475193,0.22738872468471527,-0.860802173614502,-0.010746260173618793,0.2350941300392151,-0.9719606041908264,-0.004826145712286234,0.097378209233284,-0.5272142291069031,-0.006749418098479509,0.14417441189289093,-0.6294915676116943,-0.08754582703113556,0.15232650935649872,-0.45673131942749023,-0.11190761625766754,0.14573387801647186,-0.3137882351875305,-0.09688717871904373,0.016377869993448257,-0.5133488774299622,-0.01802114024758339,0.056614164263010025,-0.6076322793960571,-0.10221169888973236,0.08457392454147339,-0.4394833743572235,-0.106936015188694,0.09290735423564911,-0.31390613317489624,-0.07607961446046829,-0.06677611917257309,-0.4930250942707062,-0.029644902795553207,-0.04863449186086655,-0.687219500541687,-0.07096455246210098,-0.02936607226729393,-0.798585832118988,-0.07143000513315201,-0.01613876037299633,-0.9122691750526428,-0.05728936567902565,0.0,0.0,0.0,0.0,0.0,0.0,0.0,0.0,0.0,0.0,0.0,0.0,0.0,0.0,0.0,0.0,0.0,0.0,0.0,0.0,0.0,0.0,0.0,0.0,0.0,0.0,0.0,0.0,0.0,0.0,0.0,0.0,0.0,0.0,0.0,0.0,0.0,0.0,0.0,0.0,0.0,0.0,0.0,0.0,0.0,0.0,0.0,0.0,0.0,0.0,0.0,0.0,0.0,0.0,0.0,0.0,0.0,0.0,0.0,0.0,0.0,0.0,0.0,WATER
0.0,0.0,0.0,0.15024784207344055,-0.061110325157642365,-0.030078133568167686,0.2556290626525879,-0.2488468736410141,-0.02811802551150322,0.29855310916900635,-0.39052441716194153,-0.030994493514299393,0.34855279326438904,-0.4729878604412079,-0.03255820274353027,0.1821276843547821,-0.5235880017280579,-0.003318773116916418,0.21304145455360413,-0.7381107807159424,-0.021476812660694122,0.22062043845653534,-0.8620043992996216,-0.021539626643061638,0.22509153187274933,-0.9741724133491516,-0.017946939915418625,0.09527178853750229,-0.5250288844108582,-0.012263771146535873,0.13995479047298431,-0.6197590827941895,-0.09700263291597366,0.1452488750219345,-0.44480007886886597,-0.12207131832838058,0.13641175627708435,-0.3031717836856842,-0.10756923258304596,0.014337655156850815,-0.50887531042099,-0.024443162605166435,0.05217374861240387,-0.6038524508476257,-0.10987924039363861,0.08016907423734665,-0.43700340390205383,-0.1121266707777977,0.08859256654977798,-0.31217870116233826,-0.08017575740814209,-0.06733568757772446,-0.4851391911506653,-0.03720806911587715,-0.05164054036140442,-0.675441324710846,-0.07961824536323547,-0.032597072422504425,-0.7854626178741455,-0.07890985906124115,-0.018350843340158463,-0.9002304673194885,-0.06394469738006592,0.0,0.0,0.0,0.0,0.0,0.0,0.0,0.0,0.0,0.0,0.0,0.0,0.0,0.0,0.0,0.0,0.0,0.0,0.0,0.0,0.0,0.0,0.0,0.0,0.0,0.0,0.0,0.0,0.0,0.0,0.0,0.0,0.0,0.0,0.0,0.0,0.0,0.0,0.0,0.0,0.0,0.0,0.0,0.0,0.0,0.0,0.0,0.0,0.0,0.0,0.0,0.0,0.0,0.0,0.0,0.0,0.0,0.0,0.0,0.0,0.0,0.0,0.0,WATER
0.0,0.0,0.0,0.14807499945163727,-0.06566640734672546,-0.029971616342663765,0.25303593277931213,-0.2532109320163727,-0.028637707233428955,0.29494327306747437,-0.39643728733062744,-0.03252406418323517,0.3436577618122101,-0.48331183195114136,-0.035337548702955246,0.17876042425632477,-0.5271691083908081,9.205135575029999e-05,0.2084307223558426,-0.7410048842430115,-0.015560840256512165,0.21641208231449127,-0.8640801906585693,-0.015928488224744797,0.2205973118543625,-0.9752769470214844,-0.01310215424746275,0.09158562123775482,-0.5262203812599182,-0.009036130271852016,0.13388800621032715,-0.6178476214408875,-0.08923748880624771,0.14584173262119293,-0.45181840658187866,-0.11636620759963989,0.14100559055805206,-0.314761221408844,-0.10522011667490005,0.01064082607626915,-0.5089860558509827,-0.021321410313248634,0.046242304146289825,-0.6080297827720642,-0.10268140584230423,0.07857885956764221,-0.445968359708786,-0.10670773684978485,0.08998595923185349,-0.32152828574180603,-0.07779265940189362,-0.07140401005744934,-0.48451554775238037,-0.034316446632146835,-0.056994903832674026,-0.6728761792182922,-0.07397013157606125,-0.04009177163243294,-0.7818453311920166,-0.07312244921922684,-0.02820754423737526,-0.8959319591522217,-0.059065431356430054,0.0,0.0,0.0,0.0,0.0,0.0,0.0,0.0,0.0,0.0,0.0,0.0,0.0,0.0,0.0,0.0,0.0,0.0,0.0,0.0,0.0,0.0,0.0,0.0,0.0,0.0,0.0,0.0,0.0,0.0,0.0,0.0,0.0,0.0,0.0,0.0,0.0,0.0,0.0,0.0,0.0,0.0,0.0,0.0,0.0,0.0,0.0,0.0,0.0,0.0,0.0,0.0,0.0,0.0,0.0,0.0,0.0,0.0,0.0,0.0,0.0,0.0,0.0,WATER
0.0,0.0,0.0,0.15090763568878174,-0.06693387776613235,-0.02929462119936943,0.2565355598926544,-0.25132110714912415,-0.026551900431513786,0.29721665382385254,-0.3893294036388397,-0.029367418959736824,0.3425019681453705,-0.4761311411857605,-0.031226838007569313,0.17832131683826447,-0.5315790772438049,0.004782366566359997,0.20957042276859283,-0.7436655163764954,-0.008573268540203571,0.21734867990016937,-0.8661571145057678,-0.007808964233845472,0.22191400825977325,-0.9750586152076721,-0.003842918900772929,0.09046529233455658,-0.5296738147735596,-0.00404726155102253,0.13468538224697113,-0.619331419467926,-0.0813227966427803,0.14478042721748352,-0.45361727476119995,-0.10738380998373032,0.13879337906837463,-0.316323846578598,-0.09531127661466599,0.009825455956161022,-0.5125235319137573,-0.016167854890227318,0.04923972859978676,-0.6063727736473083,-0.09593069553375244,0.07865890860557556,-0.4412789046764374,-0.0999254435300827,0.08708608150482178,-0.317722350358963,-0.07065974175930023,-0.07132557034492493,-0.4884029030799866,-0.028914563357830048,-0.05827350914478302,-0.6755237579345703,-0.06654730439186096,-0.041241273283958435,-0.7817915678024292,-0.06411036849021912,-0.0285362359136343,-0.8944233655929565,-0.04880557954311371,0.0,0.0,0.0,0.0,0.0,0.0,0.0,0.0,0.0,0.0,0.0,0.0,0.0,0.0,0.0,0.0,0.0,0.0,0.0,0.0,0.0,0.0,0.0,0.0,0.0,0.0,0.0,0.0,0.0,0.0,0.0,0.0,0.0,0.0,0.0,0.0,0.0,0.0,0.0,0.0,0.0,0.0,0.0,0.0,0.0,0.0,0.0,0.0,0.0,0.0,0.0,0.0,0.0,0.0,0.0,0.0,0.0,0.0,0.0,0.0,0.0,0.0,0.0,WATER
0.0,0.0,0.0,0.14712326228618622,-0.06920214742422104,-0.031715236604213715,0.24680298566818237,-0.2563413977622986,-0.03161586821079254,0.2867915630340576,-0.39752379059791565,-0.0364825539290905,0.33682680130004883,-0.4792461693286896,-0.04081496223807335,0.17449164390563965,-0.5271620154380798,-0.001756048295646906,0.2003902643918991,-0.739616870880127,-0.019514352083206177,0.2069183886051178,-0.8655553460121155,-0.02160046249628067,0.20876403152942657,-0.9777665734291077,-0.01975100301206112,0.08656419813632965,-0.5262020826339722,-0.010357661172747612,0.12280890345573425,-0.6284199357032776,-0.09182432293891907,0.13413533568382263,-0.46374210715293884,-0.11891019344329834,0.1297827810049057,-0.3248571753501892,-0.10733749717473984,0.004792648833245039,-0.5078110694885254,-0.0223306305706501,0.03742559254169464,-0.6076706051826477,-0.10505407303571701,0.0676380917429924,-0.44913285970687866,-0.10878878086805344,0.07719775289297104,-0.3279477059841156,-0.0791972428560257,-0.07871552556753159,-0.48037710785865784,-0.03512711822986603,-0.06604025512933731,-0.6679996252059937,-0.07515700161457062,-0.048497214913368225,-0.7769839763641357,-0.07343804836273193,-0.03655068203806877,-0.8908267617225647,-0.05865713953971863,0.0,0.0,0.0,0.0,0.0,0.0,0.0,0.0,0.0,0.0,0.0,0.0,0.0,0.0,0.0,0.0,0.0,0.0,0.0,0.0,0.0,0.0,0.0,0.0,0.0,0.0,0.0,0.0,0.0,0.0,0.0,0.0,0.0,0.0,0.0,0.0,0.0,0.0,0.0,0.0,0.0,0.0,0.0,0.0,0.0,0.0,0.0,0.0,0.0,0.0,0.0,0.0,0.0,0.0,0.0,0.0,0.0,0.0,0.0,0.0,0.0,0.0,0.0,WATER
0.0,0.0,0.0,0.1417185664176941,-0.06987568736076355,-0.032898079603910446,0.24493150413036346,-0.2689894139766693,-0.03077315166592598,0.2966219186782837,-0.41694387793540955,-0.033796943724155426,0.34912389516830444,-0.5005565285682678,-0.03623218089342117,0.17374755442142487,-0.5268341898918152,-0.0002304804656887427,0.19619736075401306,-0.7416703701019287,-0.017251210287213326,0.20402631163597107,-0.8658283948898315,-0.017461607232689857,0.2080957144498825,-0.9780144095420837,-0.013565554283559322,0.08717338740825653,-0.5236397981643677,-0.008226372301578522,0.1140100359916687,-0.6208423972129822,-0.09213180094957352,0.12184291332960129,-0.4516465365886688,-0.12048105895519257,0.11740952730178833,-0.3084903061389923,-0.10782962292432785,0.005194350611418486,-0.5037474036216736,-0.019787773489952087,0.030626654624938965,-0.6042418479919434,-0.10540337860584259,0.061042752116918564,-0.4399549663066864,-0.1105731800198555,0.07480256259441376,-0.31178492307662964,-0.07987523823976517,-0.08051185309886932,-0.4766710102558136,-0.03210912272334099,-0.06939643621444702,-0.6665664315223694,-0.07296028733253479,-0.05669355019927025,-0.7779593467712402,-0.07220432162284851,-0.04616263881325722,-0.8937281966209412,-0.05699741467833519,0.0,0.0,0.0,0.0,0.0,0.0,0.0,0.0,0.0,0.0,0.0,0.0,0.0,0.0,0.0,0.0,0.0,0.0,0.0,0.0,0.0,0.0,0.0,0.0,0.0,0.0,0.0,0.0,0.0,0.0,0.0,0.0,0.0,0.0,0.0,0.0,0.0,0.0,0.0,0.0,0.0,0.0,0.0,0.0,0.0,0.0,0.0,0.0,0.0,0.0,0.0,0.0,0.0,0.0,0.0,0.0,0.0,0.0,0.0,0.0,0.0,0.0,0.0,WATER
0.0,0.0,0.0,0.14824648201465607,-0.06930508464574814,-0.03136369213461876,0.2526718080043793,-0.25555044412612915,-0.030994974076747894,0.2983070909976959,-0.4013982117176056,-0.036374036222696304,0.34421443939208984,-0.49504202604293823,-0.04147160425782204,0.1784227192401886,-0.5273749232292175,0.0011359499767422676,0.20140792429447174,-0.7410620450973511,-0.016955656930804253,0.20728807151317596,-0.8666949272155762,-0.01909279078245163,0.20885241031646729,-0.977810800075531,-0.01632763259112835,0.08887717872858047,-0.5246043801307678,-0.007433334831148386,0.11421534419059753,-0.618251383304596,-0.08977444469928741,0.12782178819179535,-0.45457911491394043,-0.11900723725557327,0.1280422806739807,-0.31907984614372253,-0.10836324095726013,0.0050469753332436085,-0.505033016204834,-0.019288010895252228,0.02645823173224926,-0.6023022532463074,-0.10365757346153259,0.057823535054922104,-0.4412725865840912,-0.10860535502433777,0.07172100245952606,-0.3190600574016571,-0.07868925482034683,-0.08079155534505844,-0.4769870638847351,-0.03175826370716095,-0.0728006437420845,-0.6634008288383484,-0.07190264016389847,-0.0582488551735878,-0.7729359269142151,-0.06960150599479675,-0.04843910038471222,-0.889747142791748,-0.053415339440107346,0.0,0.0,0.0,0.0,0.0,0.0,0.0,0.0,0.0,0.0,0.0,0.0,0.0,0.0,0.0,0.0,0.0,0.0,0.0,0.0,0.0,0.0,0.0,0.0,0.0,0.0,0.0,0.0,0.0,0.0,0.0,0.0,0.0,0.0,0.0,0.0,0.0,0.0,0.0,0.0,0.0,0.0,0.0,0.0,0.0,0.0,0.0,0.0,0.0,0.0,0.0,0.0,0.0,0.0,0.0,0.0,0.0,0.0,0.0,0.0,0.0,0.0,0.0,WATER
0.0,0.0,0.0,0.14847035706043243,-0.07400812208652496,-0.028413036838173866,0.25083813071250916,-0.26230916380882263,-0.02629019133746624,0.2966707944869995,-0.40753018856048584,-0.02992667257785797,0.34203681349754333,-0.49858683347702026,-0.033708516508340836,0.17418284714221954,-0.5298713445663452,0.0016211554175242782,0.19577012956142426,-0.7422437071800232,-0.01458248496055603,0.20246919989585876,-0.8678699135780334,-0.01574549451470375,0.20429927110671997,-0.9788262248039246,-0.012692268006503582,0.08457569032907486,-0.5260967016220093,-0.007389495149254799,0.1074974536895752,-0.6121153831481934,-0.08774416148662567,0.12007966637611389,-0.4452912509441376,-0.11646001785993576,0.11818061023950577,-0.307698518037796,-0.10621268302202225,0.0009833306539803743,-0.5050925016403198,-0.019076822325587273,0.019773416221141815,-0.6011450886726379,-0.10051922500133514,0.055117495357990265,-0.4454558193683624,-0.10563917458057404,0.07117825001478195,-0.3238273561000824,-0.07735450565814972,-0.0849665030837059,-0.474869042634964,-0.031093282625079155,-0.07919320464134216,-0.6625676155090332,-0.07034129649400711,-0.06549171358346939,-0.7736221551895142,-0.06860421597957611,-0.056745804846286774,-0.8909581303596497,-0.05345769226551056,0.0,0.0,0.0,0.0,0.0,0.0,0.0,0.0,0.0,0.0,0.0,0.0,0.0,0.0,0.0,0.0,0.0,0.0,0.0,0.0,0.0,0.0,0.0,0.0,0.0,0.0,0.0,0.0,0.0,0.0,0.0,0.0,0.0,0.0,0.0,0.0,0.0,0.0,0.0,0.0,0.0,0.0,0.0,0.0,0.0,0.0,0.0,0.0,0.0,0.0,0.0,0.0,0.0,0.0,0.0,0.0,0.0,0.0,0.0,0.0,0.0,0.0,0.0,WATER
0.0,0.0,0.0,0.14836739003658295,-0.0712975338101387,-0.029778413474559784,0.2515125274658203,-0.26214951276779175,-0.02655436471104622,0.3008772134780884,-0.4091566801071167,-0.029014309868216515,0.34644609689712524,-0.5002396106719971,-0.03149054944515228,0.17263759672641754,-0.5322855710983276,0.005469709634780884,0.1952405571937561,-0.7433284521102905,-0.009686052799224854,0.20223559439182281,-0.8684134483337402,-0.010695409961044788,0.20409829914569855,-0.9789215326309204,-0.007518952712416649,0.08436097949743271,-0.5283896327018738,-0.0027249339036643505,0.10571235418319702,-0.6201561093330383,-0.08293420821428299,0.11911441385746002,-0.4530045986175537,-0.11187611520290375,0.1184222549200058,-0.31363630294799805,-0.1010204404592514,0.000798782508354634,-0.507539689540863,-0.01400687638670206,0.019000062718987465,-0.6057180166244507,-0.0955359935760498,0.0531391017138958,-0.44783833622932434,-0.10100533813238144,0.06868177652359009,-0.32441267371177673,-0.07206999510526657,-0.08558976650238037,-0.47805896401405334,-0.02579672262072563,-0.07931296527385712,-0.6654336452484131,-0.0643712729215622,-0.06532402336597443,-0.7760696411132812,-0.062379926443099976,-0.055925317108631134,-0.8922494649887085,-0.04667234420776367,0.0,0.0,0.0,0.0,0.0,0.0,0.0,0.0,0.0,0.0,0.0,0.0,0.0,0.0,0.0,0.0,0.0,0.0,0.0,0.0,0.0,0.0,0.0,0.0,0.0,0.0,0.0,0.0,0.0,0.0,0.0,0.0,0.0,0.0,0.0,0.0,0.0,0.0,0.0,0.0,0.0,0.0,0.0,0.0,0.0,0.0,0.0,0.0,0.0,0.0,0.0,0.0,0.0,0.0,0.0,0.0,0.0,0.0,0.0,0.0,0.0,0.0,0.0,WATER
0.0,0.0,0.0,0.14881902933120728,-0.07342059910297394,-0.028674008324742317,0.2490280717611313,-0.2695617973804474,-0.023406995460391045,0.29651060700416565,-0.4154551923274994,-0.024684488773345947,0.3427965044975281,-0.5065919160842896,-0.026239385828375816,0.1670740693807602,-0.5278530716896057,0.006808129139244556,0.18823958933353424,-0.7403533458709717,-0.012130467221140862,0.19585013389587402,-0.866854190826416,-0.014821840450167656,0.19939464330673218,-0.9798393249511719,-0.012515210546553135,0.08203645795583725,-0.521663248538971,-0.0031770525965839624,0.09413318336009979,-0.622504472732544,-0.08829906582832336,0.10119736194610596,-0.4569382965564728,-0.11721625924110413,0.10104308277368546,-0.31807973980903625,-0.10516170412302017,-0.0006775367073714733,-0.4974443316459656,-0.016998032107949257,0.012233961373567581,-0.596788763999939,-0.10637816041707993,0.041175004094839096,-0.4305596947669983,-0.11062910407781601,0.05679629370570183,-0.30457305908203125,-0.07834033668041229,-0.08704441785812378,-0.465557724237442,-0.031310006976127625,-0.08477939665317535,-0.6514841318130493,-0.07696633040904999,-0.07524380087852478,-0.7644162178039551,-0.07717978954315186,-0.0666872039437294,-0.8848777413368225,-0.06176355108618736,0.0,0.0,0.0,0.0,0.0,0.0,0.0,0.0,0.0,0.0,0.0,0.0,0.0,0.0,0.0,0.0,0.0,0.0,0.0,0.0,0.0,0.0,0.0,0.0,0.0,0.0,0.0,0.0,0.0,0.0,0.0,0.0,0.0,0.0,0.0,0.0,0.0,0.0,0.0,0.0,0.0,0.0,0.0,0.0,0.0,0.0,0.0,0.0,0.0,0.0,0.0,0.0,0.0,0.0,0.0,0.0,0.0,0.0,0.0,0.0,0.0,0.0,0.0,WATER
0.0,0.0,0.0,0.15394552052021027,-0.0714629590511322,-0.03951657935976982,0.25610828399658203,-0.26462727785110474,-0.03805721178650856,0.29952993988990784,-0.41551101207733154,-0.040878117084503174,0.34312596917152405,-0.5093726515769958,-0.04247736558318138,0.1683088093996048,-0.522072434425354,-0.0009074365952983499,0.19013313949108124,-0.7364049553871155,-0.022057009860873222,0.1965673267841339,-0.8647491335868835,-0.025797829031944275,0.19981883466243744,-0.9795315861701965,-0.0242978036403656,0.07922734320163727,-0.5181432962417603,-0.005368468817323446,0.09802880138158798,-0.6140235066413879,-0.0957530215382576,0.10911335051059723,-0.4449222683906555,-0.12560896575450897,0.11126049607992172,-0.3054437041282654,-0.11286640912294388,-0.004482091870158911,-0.49683019518852234,-0.014642732217907906,0.012962143868207932,-0.5928213000297546,-0.10671485960483551,0.04379783943295479,-0.42709049582481384,-0.11236068606376648,0.05915585532784462,-0.3019566535949707,-0.08004854619503021,-0.08846820145845413,-0.4701450765132904,-0.025414591655135155,-0.084622323513031,-0.6530658602714539,-0.07241712510585785,-0.07173383235931396,-0.7647935152053833,-0.07475297898054123,-0.0620485357940197,-0.8849325776100159,-0.06039806827902794,0.0,0.0,0.0,0.0,0.0,0.0,0.0,0.0,0.0,0.0,0.0,0.0,0.0,0.0,0.0,0.0,0.0,0.0,0.0,0.0,0.0,0.0,0.0,0.0,0.0,0.0,0.0,0.0,0.0,0.0,0.0,0.0,0.0,0.0,0.0,0.0,0.0,0.0,0.0,0.0,0.0,0.0,0.0,0.0,0.0,0.0,0.0,0.0,0.0,0.0,0.0,0.0,0.0,0.0,0.0,0.0,0.0,0.0,0.0,0.0,0.0,0.0,0.0,WATER
0.0,0.0,0.0,0.15399742126464844,-0.07148278504610062,-0.040100838989019394,0.25690001249313354,-0.266364723443985,-0.03770773857831955,0.30110013484954834,-0.418002724647522,-0.039424456655979156,0.3449523448944092,-0.5130705237388611,-0.03982346132397652,0.16854454576969147,-0.5215687155723572,0.0005588493659161031,0.19134192168712616,-0.7356901168823242,-0.01998092792928219,0.19803673028945923,-0.8642718195915222,-0.023150719702243805,0.20188981294631958,-0.9791757464408875,-0.021337924525141716,0.07986605912446976,-0.5176113247871399,-0.00347023899666965,0.09910308569669724,-0.6159778833389282,-0.09367325156927109,0.10904906690120697,-0.4460010230541229,-0.12306854873895645,0.11088937520980835,-0.30518436431884766,-0.10968540608882904,-0.003741385182365775,-0.49652063846588135,-0.012576712295413017,0.014601867645978928,-0.5934011340141296,-0.10495773702859879,0.044802404940128326,-0.4261458218097687,-0.11041998118162155,0.06026041507720947,-0.3002638518810272,-0.07761875540018082,-0.08789467066526413,-0.47083231806755066,-0.023248421028256416,-0.08333620429039001,-0.6538484692573547,-0.07045862078666687,-0.06963188201189041,-0.7651654481887817,-0.07295719534158707,-0.058606747537851334,-0.88541179895401,-0.05864448472857475,0.0,0.0,0.0,0.0,0.0,0.0,0.0,0.0,0.0,0.0,0.0,0.0,0.0,0.0,0.0,0.0,0.0,0.0,0.0,0.0,0.0,0.0,0.0,0.0,0.0,0.0,0.0,0.0,0.0,0.0,0.0,0.0,0.0,0.0,0.0,0.0,0.0,0.0,0.0,0.0,0.0,0.0,0.0,0.0,0.0,0.0,0.0,0.0,0.0,0.0,0.0,0.0,0.0,0.0,0.0,0.0,0.0,0.0,0.0,0.0,0.0,0.0,0.0,WATER
0.0,0.0,0.0,0.15602676570415497,-0.06551814079284668,-0.044404659420251846,0.2681918442249298,-0.25762730836868286,-0.04465363174676895,0.3157680630683899,-0.41415950655937195,-0.047766946256160736,0.36085355281829834,-0.5094322562217712,-0.049783188849687576,0.18167752027511597,-0.5249418020248413,-0.005171297583729029,0.2053888887166977,-0.7353007197380066,-0.027805717661976814,0.2096015065908432,-0.8637187480926514,-0.033150505274534225,0.2103561908006668,-0.9770843386650085,-0.03250393643975258,0.09096433222293854,-0.5224228501319885,-0.00726047670468688,0.10525773465633392,-0.6221486330032349,-0.09751352667808533,0.10879775136709213,-0.4508281350135803,-0.12737169861793518,0.1086418405175209,-0.30958291888237,-0.11418966203927994,0.0047713457606732845,-0.5012999773025513,-0.014389224350452423,0.017479054629802704,-0.5945203900337219,-0.10733580589294434,0.0410023108124733,-0.4287880063056946,-0.11280321329832077,0.05374879390001297,-0.3039088249206543,-0.07959511131048203,-0.0819515809416771,-0.4734564423561096,-0.023304976522922516,-0.07769035547971725,-0.6595183610916138,-0.07040072977542877,-0.06486953049898148,-0.7708650231361389,-0.07124694436788559,-0.054423943161964417,-0.8890909552574158,-0.05505775287747383,0.0,0.0,0.0,0.0,0.0,0.0,0.0,0.0,0.0,0.0,0.0,0.0,0.0,0.0,0.0,0.0,0.0,0.0,0.0,0.0,0.0,0.0,0.0,0.0,0.0,0.0,0.0,0.0,0.0,0.0,0.0,0.0,0.0,0.0,0.0,0.0,0.0,0.0,0.0,0.0,0.0,0.0,0.0,0.0,0.0,0.0,0.0,0.0,0.0,0.0,0.0,0.0,0.0,0.0,0.0,0.0,0.0,0.0,0.0,0.0,0.0,0.0,0.0,WATER
0.0,0.0,0.0,0.1547483652830124,-0.06821973621845245,-0.03934403508901596,0.2646804749965668,-0.2602549195289612,-0.03769999369978905,0.3097178637981415,-0.4123348891735077,-0.03997918218374252,0.35148003697395325,-0.5081093311309814,-0.04161055013537407,0.17491081357002258,-0.5272422432899475,-0.0013047439279034734,0.1993587762117386,-0.7394168972969055,-0.01979253813624382,0.2067093402147293,-0.8659079074859619,-0.02234179899096489,0.21001379191875458,-0.9774942398071289,-0.019981414079666138,0.08621640503406525,-0.5225419998168945,-0.004544062539935112,0.10188563913106918,-0.6091389060020447,-0.08984421193599701,0.10865380614995956,-0.44039228558540344,-0.11944250017404556,0.10744934529066086,-0.30067670345306396,-0.10792343318462372,0.0025285182055085897,-0.5006756782531738,-0.012086610309779644,0.015562339685857296,-0.5935673713684082,-0.09945569187402725,0.043157801032066345,-0.4313252568244934,-0.1052737683057785,0.05693637579679489,-0.30667349696159363,-0.07468853145837784,-0.0829821527004242,-0.47231146693229675,-0.02103034034371376,-0.0787382498383522,-0.6565160751342773,-0.06515204906463623,-0.06691490858793259,-0.7688420414924622,-0.0663033053278923,-0.05790276080369949,-0.8885486125946045,-0.051543768495321274,0.0,0.0,0.0,0.0,0.0,0.0,0.0,0.0,0.0,0.0,0.0,0.0,0.0,0.0,0.0,0.0,0.0,0.0,0.0,0.0,0.0,0.0,0.0,0.0,0.0,0.0,0.0,0.0,0.0,0.0,0.0,0.0,0.0,0.0,0.0,0.0,0.0,0.0,0.0,0.0,0.0,0.0,0.0,0.0,0.0,0.0,0.0,0.0,0.0,0.0,0.0,0.0,0.0,0.0,0.0,0.0,0.0,0.0,0.0,0.0,0.0,0.0,0.0,WATER
0.0,0.0,0.0,0.15796631574630737,-0.05754924565553665,-0.03258710354566574,0.2754807472229004,-0.25102365016937256,-0.02680463157594204,0.33238485455513,-0.399810791015625,-0.025484073907136917,0.39640459418296814,-0.4652387797832489,-0.024591591209173203,0.20323872566223145,-0.5273498296737671,0.004676241427659988,0.24240070581436157,-0.7325122356414795,-0.007519182283431292,0.2589595317840576,-0.8571510910987854,-0.006925841327756643,0.27109062671661377,-0.9625512957572937,-0.0022171190939843655,0.11348278075456619,-0.5287230610847473,0.00043286310392431915,0.1290106177330017,-0.5912144184112549,-0.07645246386528015,0.11671405285596848,-0.4200774133205414,-0.10527215152978897,0.10886628925800323,-0.27907267212867737,-0.09327978640794754,0.029499150812625885,-0.5122684836387634,-0.006505605764687061,0.05276588723063469,-0.5789752006530762,-0.08618848025798798,0.06983336806297302,-0.42752575874328613,-0.0956752747297287,0.07921803742647171,-0.30945852398872375,-0.06891866773366928,-0.05466539040207863,-0.4870167672634125,-0.01387428492307663,-0.03713362291455269,-0.672455906867981,-0.050280094146728516,-0.02402767539024353,-0.7847144603729248,-0.04811009019613266,-0.00861541647464037,-0.8927895426750183,-0.030996238812804222,0.0,0.0,0.0,0.0,0.0,0.0,0.0,0.0,0.0,0.0,0.0,0.0,0.0,0.0,0.0,0.0,0.0,0.0,0.0,0.0,0.0,0.0,0.0,0.0,0.0,0.0,0.0,0.0,0.0,0.0,0.0,0.0,0.0,0.0,0.0,0.0,0.0,0.0,0.0,0.0,0.0,0.0,0.0,0.0,0.0,0.0,0.0,0.0,0.0,0.0,0.0,0.0,0.0,0.0,0.0,0.0,0.0,0.0,0.0,0.0,0.0,0.0,0.0,WATER
0.0,0.0,0.0,0.1591663658618927,-0.04709808528423309,-0.043545838445425034,0.2871714234352112,-0.2223474681377411,-0.04610508307814598,0.34189683198928833,-0.3655959963798523,-0.05078112334012985,0.39939573407173157,-0.4367692768573761,-0.05458371341228485,0.22697356343269348,-0.5180795788764954,-0.01387086883187294,0.2658306956291199,-0.7216405868530273,-0.03151874244213104,0.28074339032173157,-0.8477663397789001,-0.03421304002404213,0.2917523682117462,-0.9559633731842041,-0.031853094696998596,0.13190814852714539,-0.5313246250152588,-0.015608110465109348,0.14775167405605316,-0.5875879526138306,-0.09672392159700394,0.14336927235126495,-0.4241314232349396,-0.1281386911869049,0.13605663180351257,-0.28920963406562805,-0.1192849799990654,0.04285302385687828,-0.5208998322486877,-0.02058001235127449,0.05865411087870598,-0.5823146104812622,-0.10555104911327362,0.0838172435760498,-0.4344877004623413,-0.12043339759111404,0.09780680388212204,-0.3196914792060852,-0.09742656350135803,-0.04579891636967659,-0.5020954012870789,-0.026466069743037224,-0.025528322905302048,-0.6866670846939087,-0.06637677550315857,-0.006820238195359707,-0.7934399247169495,-0.06707101315259933,0.00889589637517929,-0.8977453112602234,-0.05258619412779808,0.0,0.0,0.0,0.0,0.0,0.0,0.0,0.0,0.0,0.0,0.0,0.0,0.0,0.0,0.0,0.0,0.0,0.0,0.0,0.0,0.0,0.0,0.0,0.0,0.0,0.0,0.0,0.0,0.0,0.0,0.0,0.0,0.0,0.0,0.0,0.0,0.0,0.0,0.0,0.0,0.0,0.0,0.0,0.0,0.0,0.0,0.0,0.0,0.0,0.0,0.0,0.0,0.0,0.0,0.0,0.0,0.0,0.0,0.0,0.0,0.0,0.0,0.0,WATER
0.0,0.0,0.0,0.16219617426395416,-0.032718006521463394,-0.04432932287454605,0.30190718173980713,-0.20999960601329803,-0.04147406667470932,0.36539602279663086,-0.3560982048511505,-0.03953170031309128,0.428401380777359,-0.4258697032928467,-0.03626327961683273,0.2508358061313629,-0.5093894600868225,-0.011573877185583115,0.2944311499595642,-0.7105940580368042,-0.027429115027189255,0.3134012222290039,-0.8367421627044678,-0.026955613866448402,0.3288848400115967,-0.9441118836402893,-0.022078607231378555,0.15638665854930878,-0.526604413986206,-0.010883191600441933,0.18006959557533264,-0.5780196785926819,-0.09443723410367966,0.16379320621490479,-0.40116438269615173,-0.12206059694290161,0.14756442606449127,-0.2612873911857605,-0.10781370103359222,0.06698101758956909,-0.5209993720054626,-0.013940845616161823,0.08591946959495544,-0.576301634311676,-0.10408855229616165,0.09761421382427216,-0.40988409519195557,-0.11581107974052429,0.10261878371238708,-0.2888070344924927,-0.08727264404296875,-0.022484367713332176,-0.5095484256744385,-0.017682522535324097,0.005827556364238262,-0.6936623454093933,-0.06344587355852127,0.027518410235643387,-0.7986511588096619,-0.06573545187711716,0.047329749912023544,-0.9074307084083557,-0.05017830803990364,0.0,0.0,0.0,0.0,0.0,0.0,0.0,0.0,0.0,0.0,0.0,0.0,0.0,0.0,0.0,0.0,0.0,0.0,0.0,0.0,0.0,0.0,0.0,0.0,0.0,0.0,0.0,0.0,0.0,0.0,0.0,0.0,0.0,0.0,0.0,0.0,0.0,0.0,0.0,0.0,0.0,0.0,0.0,0.0,0.0,0.0,0.0,0.0,0.0,0.0,0.0,0.0,0.0,0.0,0.0,0.0,0.0,0.0,0.0,0.0,0.0,0.0,0.0,WATER
0.0,0.0,0.0,0.16380006074905396,-0.025415660813450813,-0.04726087301969528,0.31640058755874634,-0.20023691654205322,-0.04221102595329285,0.3875683844089508,-0.34765031933784485,-0.03761309012770653,0.44845688343048096,-0.4301491677761078,-0.031836479902267456,0.2651233375072479,-0.5094034075737,-0.002717370865866542,0.31562501192092896,-0.7071942687034607,-0.012496591545641422,0.3364671468734741,-0.8319700956344604,-0.009802709333598614,0.35341548919677734,-0.9354603290557861,-0.003390123602002859,0.1725572943687439,-0.5278490781784058,0.0013966672122478485,0.2010740339756012,-0.5876522660255432,-0.07333539426326752,0.18176840245723724,-0.42024537920951843,-0.10134542733430862,0.1624533087015152,-0.2816738188266754,-0.08879779279232025,0.08475001156330109,-0.5237178802490234,0.0011371664004400373,0.10772650688886642,-0.5821250081062317,-0.08372491598129272,0.11088699102401733,-0.4167229235172272,-0.09764895588159561,0.10919605195522308,-0.2936725914478302,-0.0715581476688385,-0.005275269504636526,-0.5170453786849976,-6.246128759812564e-05,0.028530141338706017,-0.7012750506401062,-0.04212101548910141,0.05186788737773895,-0.8054786920547485,-0.044538453221321106,0.0740891546010971,-0.9120533466339111,-0.029752543196082115,0.0,0.0,0.0,0.0,0.0,0.0,0.0,0.0,0.0,0.0,0.0,0.0,0.0,0.0,0.0,0.0,0.0,0.0,0.0,0.0,0.0,0.0,0.0,0.0,0.0,0.0,0.0,0.0,0.0,0.0,0.0,0.0,0.0,0.0,0.0,0.0,0.0,0.0,0.0,0.0,0.0,0.0,0.0,0.0,0.0,0.0,0.0,0.0,0.0,0.0,0.0,0.0,0.0,0.0,0.0,0.0,0.0,0.0,0.0,0.0,0.0,0.0,0.0,WATER
0.0,0.0,0.0,0.16222083568572998,-0.03556346148252487,-0.03705918416380882,0.3056708872318268,-0.21013453602790833,-0.03374406322836876,0.3780839443206787,-0.35398340225219727,-0.033956293016672134,0.44016483426094055,-0.43819716572761536,-0.03397879749536514,0.2600371539592743,-0.51346755027771,-0.0017075068317353725,0.3101560175418854,-0.7104076147079468,-0.014743338339030743,0.33101069927215576,-0.8339462876319885,-0.014515092596411705,0.34746453166007996,-0.9376419186592102,-0.009796992875635624,0.16829617321491241,-0.5319286584854126,-0.004363148007541895,0.1950911283493042,-0.5792313814163208,-0.07912170886993408,0.1797625720500946,-0.41483816504478455,-0.10963369905948639,0.1619117558002472,-0.28259485960006714,-0.10118979215621948,0.0798889696598053,-0.5269473195075989,-0.009849047288298607,0.09953218698501587,-0.5846003890037537,-0.09166765958070755,0.10874155163764954,-0.4258037209510803,-0.10336357355117798,0.11009228229522705,-0.30464693903923035,-0.07862891256809235,-0.012541152536869049,-0.5146889090538025,-0.015721295028924942,0.02002161182463169,-0.7008546590805054,-0.05479807406663895,0.045490700751543045,-0.8103439211845398,-0.05337405949831009,0.06871743500232697,-0.9184504747390747,-0.03696727752685547,0.0,0.0,0.0,0.0,0.0,0.0,0.0,0.0,0.0,0.0,0.0,0.0,0.0,0.0,0.0,0.0,0.0,0.0,0.0,0.0,0.0,0.0,0.0,0.0,0.0,0.0,0.0,0.0,0.0,0.0,0.0,0.0,0.0,0.0,0.0,0.0,0.0,0.0,0.0,0.0,0.0,0.0,0.0,0.0,0.0,0.0,0.0,0.0,0.0,0.0,0.0,0.0,0.0,0.0,0.0,0.0,0.0,0.0,0.0,0.0,0.0,0.0,0.0,WATER
0.0,0.0,0.0,0.163109689950943,-0.02338969148695469,-0.043272510170936584,0.31473949551582336,-0.18764621019363403,-0.040840961039066315,0.39078736305236816,-0.33361583948135376,-0.04095318913459778,0.45064055919647217,-0.4144032299518585,-0.040790487080812454,0.2714017927646637,-0.49454131722450256,-0.003409156110137701,0.3257603049278259,-0.694964587688446,-0.019601095467805862,0.35029006004333496,-0.8225169777870178,-0.022059405222535133,0.3688151240348816,-0.9293071627616882,-0.019065871834754944,0.18032559752464294,-0.5183330774307251,-0.004943059291690588,0.21578744053840637,-0.5875042676925659,-0.08561304956674576,0.20084083080291748,-0.4257252514362335,-0.11689171940088272,0.1802980601787567,-0.29114264249801636,-0.10705449432134628,0.09185993671417236,-0.5173665285110474,-0.010706325992941856,0.12009784579277039,-0.5781430602073669,-0.09922104328870773,0.12649008631706238,-0.41733306646347046,-0.11328364163637161,0.12347055226564407,-0.2977880835533142,-0.08775089681148529,0.00017087202286347747,-0.51083904504776,-0.017361843958497047,0.0361391045153141,-0.6963017582893372,-0.059961363673210144,0.06374482065439224,-0.8027194142341614,-0.06062661483883858,0.08724786341190338,-0.9092510342597961,-0.045339688658714294,0.0,0.0,0.0,0.0,0.0,0.0,0.0,0.0,0.0,0.0,0.0,0.0,0.0,0.0,0.0,0.0,0.0,0.0,0.0,0.0,0.0,0.0,0.0,0.0,0.0,0.0,0.0,0.0,0.0,0.0,0.0,0.0,0.0,0.0,0.0,0.0,0.0,0.0,0.0,0.0,0.0,0.0,0.0,0.0,0.0,0.0,0.0,0.0,0.0,0.0,0.0,0.0,0.0,0.0,0.0,0.0,0.0,0.0,0.0,0.0,0.0,0.0,0.0,WATER
0.0,0.0,0.0,0.1622079759836197,-0.01865062490105629,-0.045786336064338684,0.31634488701820374,-0.17713312804698944,-0.04287032410502434,0.39345479011535645,-0.3199315071105957,-0.04170629382133484,0.45432668924331665,-0.39753231406211853,-0.03942565619945526,0.2786676287651062,-0.4852636456489563,-0.005285566207021475,0.3383325934410095,-0.6855204105377197,-0.021342020481824875,0.3658086061477661,-0.8136541247367859,-0.022249862551689148,0.387808620929718,-0.9215613007545471,-0.018141642212867737,0.18804822862148285,-0.5137315392494202,-0.004153294023126364,0.23087237775325775,-0.5849086046218872,-0.0875944048166275,0.20704026520252228,-0.41301968693733215,-0.11616220325231552,0.1786806583404541,-0.27063482999801636,-0.10220243036746979,0.10102813690900803,-0.5189077854156494,-0.007602981757372618,0.13593325018882751,-0.5818426012992859,-0.09676611423492432,0.131782665848732,-0.4105789363384247,-0.10661958158016205,0.12066302448511124,-0.2874451279640198,-0.07645618915557861,0.012440607883036137,-0.5181660652160645,-0.012315494939684868,0.055388279259204865,-0.7009487748146057,-0.055272381752729416,0.08542242646217346,-0.8005979061126709,-0.05501752346754074,0.11108630895614624,-0.9055639505386353,-0.03789679333567619,0.0,0.0,0.0,0.0,0.0,0.0,0.0,0.0,0.0,0.0,0.0,0.0,0.0,0.0,0.0,0.0,0.0,0.0,0.0,0.0,0.0,0.0,0.0,0.0,0.0,0.0,0.0,0.0,0.0,0.0,0.0,0.0,0.0,0.0,0.0,0.0,0.0,0.0,0.0,0.0,0.0,0.0,0.0,0.0,0.0,0.0,0.0,0.0,0.0,0.0,0.0,0.0,0.0,0.0,0.0,0.0,0.0,0.0,0.0,0.0,0.0,0.0,0.0,WATER
0.0,0.0,0.0,0.16357792913913727,-0.0180935338139534,-0.038377054035663605,0.3143827021121979,-0.17771659791469574,-0.033804990351200104,0.3865627646446228,-0.3181737959384918,-0.03310730680823326,0.4471678137779236,-0.38969889283180237,-0.03207448497414589,0.28190961480140686,-0.4848502576351166,0.00029807069222442806,0.34278935194015503,-0.682983934879303,-0.01610235869884491,0.37160927057266235,-0.8089569211006165,-0.017762476578354836,0.3950836956501007,-0.9185288548469543,-0.014614260755479336,0.19123788177967072,-0.5136377811431885,-0.0035719398874789476,0.23660063743591309,-0.5828751921653748,-0.08700913935899734,0.2137453854084015,-0.40954530239105225,-0.11647939682006836,0.18483306467533112,-0.27022886276245117,-0.10374902188777924,0.10472868382930756,-0.5185042023658752,-0.011272606439888477,0.14151571691036224,-0.5863518714904785,-0.09908270835876465,0.1387384533882141,-0.41401124000549316,-0.10761615633964539,0.1265762746334076,-0.2918195128440857,-0.07749909162521362,0.016512731090188026,-0.5156383514404297,-0.01984204724431038,0.06288404017686844,-0.7014846205711365,-0.06174355372786522,0.09703496098518372,-0.8028094172477722,-0.060024332255125046,0.12597854435443878,-0.9108965396881104,-0.04249318689107895,0.0,0.0,0.0,0.0,0.0,0.0,0.0,0.0,0.0,0.0,0.0,0.0,0.0,0.0,0.0,0.0,0.0,0.0,0.0,0.0,0.0,0.0,0.0,0.0,0.0,0.0,0.0,0.0,0.0,0.0,0.0,0.0,0.0,0.0,0.0,0.0,0.0,0.0,0.0,0.0,0.0,0.0,0.0,0.0,0.0,0.0,0.0,0.0,0.0,0.0,0.0,0.0,0.0,0.0,0.0,0.0,0.0,0.0,0.0,0.0,0.0,0.0,0.0,WATER
0.0,0.0,0.0,0.1637643575668335,-0.015201394446194172,-0.03898784518241882,0.3116838037967682,-0.16958169639110565,-0.036920659244060516,0.387733519077301,-0.30479198694229126,-0.03870201110839844,0.4472346305847168,-0.37499526143074036,-0.03971287980675697,0.280306339263916,-0.4715728163719177,-0.005687336437404156,0.3442707657814026,-0.6750865578651428,-0.027213051915168762,0.37261030077934265,-0.8030217289924622,-0.0315522663295269,0.39543816447257996,-0.9179871678352356,-0.030464714393019676,0.19145113229751587,-0.5002784729003906,-0.010640297085046768,0.2398657351732254,-0.5878432393074036,-0.09923402965068817,0.220126673579216,-0.4135201573371887,-0.1281406730413437,0.19495727121829987,-0.2748836874961853,-0.11493515223264694,0.10559865087270737,-0.5059996247291565,-0.019633673131465912,0.1459432691335678,-0.5885702967643738,-0.11040293425321579,0.143690288066864,-0.41304561495780945,-0.1155298724770546,0.13264869153499603,-0.2896404266357422,-0.08306585252285004,0.01899714767932892,-0.5032734274864197,-0.02994968183338642,0.06442458182573318,-0.6894205808639526,-0.07426455616950989,0.09865284711122513,-0.7931572198867798,-0.072956882417202,0.12800736725330353,-0.9051728248596191,-0.05619173124432564,0.0,0.0,0.0,0.0,0.0,0.0,0.0,0.0,0.0,0.0,0.0,0.0,0.0,0.0,0.0,0.0,0.0,0.0,0.0,0.0,0.0,0.0,0.0,0.0,0.0,0.0,0.0,0.0,0.0,0.0,0.0,0.0,0.0,0.0,0.0,0.0,0.0,0.0,0.0,0.0,0.0,0.0,0.0,0.0,0.0,0.0,0.0,0.0,0.0,0.0,0.0,0.0,0.0,0.0,0.0,0.0,0.0,0.0,0.0,0.0,0.0,0.0,0.0,WATER
0.0,0.0,0.0,0.16502031683921814,-0.017612211406230927,-0.03798580542206764,0.3113807141780853,-0.16849561035633087,-0.03654513508081436,0.38726872205734253,-0.2974375784397125,-0.03952472656965256,0.4473920464515686,-0.3705698251724243,-0.04164855554699898,0.2827565371990204,-0.47005823254585266,-0.0032129439059644938,0.3481194078922272,-0.6747822761535645,-0.023181358352303505,0.37735724449157715,-0.8012551665306091,-0.026622144505381584,0.40171635150909424,-0.9154216647148132,-0.025042012333869934,0.1933099925518036,-0.49637937545776367,-0.009486759081482887,0.2428857833147049,-0.5881907343864441,-0.09617013484239578,0.22613777220249176,-0.41890788078308105,-0.12593914568424225,0.20320184528827667,-0.2821155786514282,-0.11404290795326233,0.10611896216869354,-0.5012524127960205,-0.01982088014483452,0.1488620936870575,-0.5902293920516968,-0.10971660166978836,0.14675915241241455,-0.4138795733451843,-0.1157655194401741,0.13670367002487183,-0.2885095179080963,-0.08425857126712799,0.01838768646121025,-0.49957332015037537,-0.03139294683933258,0.06286168098449707,-0.6867508292198181,-0.07519882917404175,0.09707202762365341,-0.7928758263587952,-0.0747331976890564,0.12831036746501923,-0.9082815051078796,-0.05904477462172508,0.0,0.0,0.0,0.0,0.0,0.0,0.0,0.0,0.0,0.0,0.0,0.0,0.0,0.0,0.0,0.0,0.0,0.0,0.0,0.0,0.0,0.0,0.0,0.0,0.0,0.0,0.0,0.0,0.0,0.0,0.0,0.0,0.0,0.0,0.0,0.0,0.0,0.0,0.0,0.0,0.0,0.0,0.0,0.0,0.0,0.0,0.0,0.0,0.0,0.0,0.0,0.0,0.0,0.0,0.0,0.0,0.0,0.0,0.0,0.0,0.0,0.0,0.0,WATER
0.0,0.0,0.0,0.16337384283542633,-0.0180966816842556,-0.037788331508636475,0.31108805537223816,-0.1676502227783203,-0.03606158494949341,0.3871261775493622,-0.2959854006767273,-0.038589056581258774,0.447540283203125,-0.3667321503162384,-0.040028177201747894,0.28292083740234375,-0.4692038595676422,-0.001796823926270008,0.3491806387901306,-0.6741570234298706,-0.021023666486144066,0.3783615827560425,-0.8009175062179565,-0.02383449301123619,0.40218889713287354,-0.9152939319610596,-0.021935751661658287,0.1942673623561859,-0.49686887860298157,-0.008019042201340199,0.2423141449689865,-0.5917064547538757,-0.09463497251272202,0.22558628022670746,-0.4194967448711395,-0.12422218173742294,0.2027502804994583,-0.27930790185928345,-0.11181482672691345,0.10798785835504532,-0.5030965805053711,-0.018368685618042946,0.15022718906402588,-0.5915109515190125,-0.10732448101043701,0.14841660857200623,-0.41556045413017273,-0.11312887072563171,0.1376534104347229,-0.29063689708709717,-0.08145929872989655,0.020505564287304878,-0.502750039100647,-0.030027545988559723,0.06455765664577484,-0.6907575130462646,-0.073000967502594,0.09884236007928848,-0.796036958694458,-0.07231105864048004,0.12926748394966125,-0.9105697274208069,-0.05643467977643013,0.0,0.0,0.0,0.0,0.0,0.0,0.0,0.0,0.0,0.0,0.0,0.0,0.0,0.0,0.0,0.0,0.0,0.0,0.0,0.0,0.0,0.0,0.0,0.0,0.0,0.0,0.0,0.0,0.0,0.0,0.0,0.0,0.0,0.0,0.0,0.0,0.0,0.0,0.0,0.0,0.0,0.0,0.0,0.0,0.0,0.0,0.0,0.0,0.0,0.0,0.0,0.0,0.0,0.0,0.0,0.0,0.0,0.0,0.0,0.0,0.0,0.0,0.0,WATER
0.0,0.0,0.0,0.16261141002178192,-0.031644999980926514,-0.02691458724439144,0.3013136684894562,-0.18501722812652588,-0.026895267888903618,0.3796674907207489,-0.3056049346923828,-0.03453625738620758,0.4514021873474121,-0.3572608530521393,-0.04173334687948227,0.27234289050102234,-0.48199260234832764,0.0017967108869925141,0.33188557624816895,-0.68736332654953,-0.0194966159760952,0.3597222864627838,-0.8123044371604919,-0.024302512407302856,0.38182976841926575,-0.9239197373390198,-0.024047503247857094,0.18366360664367676,-0.5062882304191589,-0.011552988551557064,0.23566657304763794,-0.5871901512145996,-0.09994928538799286,0.21946120262145996,-0.4183672070503235,-0.13057617843151093,0.19307340681552887,-0.28676822781562805,-0.12045831978321075,0.09781933575868607,-0.5102948546409607,-0.02792423777282238,0.14207962155342102,-0.59690922498703,-0.11635392904281616,0.1430140733718872,-0.4269404411315918,-0.12017006427049637,0.13132570683956146,-0.3026132583618164,-0.08851916342973709,0.009531103074550629,-0.5068966746330261,-0.04487115517258644,0.05394637957215309,-0.6958101391792297,-0.08659087121486664,0.08920855075120926,-0.802908718585968,-0.08274411410093307,0.11894263327121735,-0.9151363968849182,-0.0650707483291626,0.0,0.0,0.0,0.0,0.0,0.0,0.0,0.0,0.0,0.0,0.0,0.0,0.0,0.0,0.0,0.0,0.0,0.0,0.0,0.0,0.0,0.0,0.0,0.0,0.0,0.0,0.0,0.0,0.0,0.0,0.0,0.0,0.0,0.0,0.0,0.0,0.0,0.0,0.0,0.0,0.0,0.0,0.0,0.0,0.0,0.0,0.0,0.0,0.0,0.0,0.0,0.0,0.0,0.0,0.0,0.0,0.0,0.0,0.0,0.0,0.0,0.0,0.0,WATER
0.0,0.0,0.0,0.15759830176830292,-0.029946977272629738,-0.028589405119419098,0.29840341210365295,-0.18363921344280243,-0.028829162940382957,0.37629973888397217,-0.3076205849647522,-0.0349566750228405,0.4492296576499939,-0.35685715079307556,-0.04060183838009834,0.2680947482585907,-0.4906659424304962,0.001017355010844767,0.3273901641368866,-0.692736804485321,-0.01631317287683487,0.35507920384407043,-0.8170943260192871,-0.0186582300812006,0.375754714012146,-0.9265567660331726,-0.017351383343338966,0.18106193840503693,-0.5135049223899841,-0.009747185744345188,0.23684318363666534,-0.5919308662414551,-0.09180738776922226,0.217337504029274,-0.42065998911857605,-0.11913034319877625,0.18671786785125732,-0.28770896792411804,-0.10786273330450058,0.09677967429161072,-0.5158523917198181,-0.02329527586698532,0.1414308249950409,-0.6046419739723206,-0.10586651414632797,0.14372141659259796,-0.4422574043273926,-0.10797541588544846,0.13190709054470062,-0.32251107692718506,-0.07739724963903427,0.008308038115501404,-0.5102409720420837,-0.037336330860853195,0.05190964788198471,-0.6991143226623535,-0.076507069170475,0.0847962498664856,-0.8043857216835022,-0.07143762707710266,0.11042345315217972,-0.914620578289032,-0.05365779623389244,0.0,0.0,0.0,0.0,0.0,0.0,0.0,0.0,0.0,0.0,0.0,0.0,0.0,0.0,0.0,0.0,0.0,0.0,0.0,0.0,0.0,0.0,0.0,0.0,0.0,0.0,0.0,0.0,0.0,0.0,0.0,0.0,0.0,0.0,0.0,0.0,0.0,0.0,0.0,0.0,0.0,0.0,0.0,0.0,0.0,0.0,0.0,0.0,0.0,0.0,0.0,0.0,0.0,0.0,0.0,0.0,0.0,0.0,0.0,0.0,0.0,0.0,0.0,WATER
0.0,0.0,0.0,0.161952942609787,-0.030206315219402313,-0.027240093797445297,0.29996922612190247,-0.17904329299926758,-0.027447978034615517,0.37355586886405945,-0.30087020993232727,-0.03345869481563568,0.44506239891052246,-0.3511641323566437,-0.039653513580560684,0.26915180683135986,-0.4875876009464264,-0.0012189967092126608,0.3262222409248352,-0.6921612620353699,-0.02062474936246872,0.3542742431163788,-0.8174024224281311,-0.024278366938233376,0.3746965527534485,-0.9268521070480347,-0.023403199389576912,0.18067629635334015,-0.5084212422370911,-0.01245728600770235,0.23100927472114563,-0.594470202922821,-0.09646102041006088,0.20740672945976257,-0.4250778555870056,-0.1247834637761116,0.17448143661022186,-0.29016366600990295,-0.11405844986438751,0.09527058154344559,-0.5095660090446472,-0.026212608441710472,0.13790611922740936,-0.6041601896286011,-0.1109524816274643,0.141386941075325,-0.44444093108177185,-0.11406238377094269,0.13109976053237915,-0.32336708903312683,-0.08400966972112656,0.0045140390284359455,-0.5030132532119751,-0.04009358212351799,0.04481467604637146,-0.6937671303749084,-0.0822937935590744,0.0758933275938034,-0.8027599453926086,-0.07931751757860184,0.1012064665555954,-0.9166742563247681,-0.0628306046128273,0.0,0.0,0.0,0.0,0.0,0.0,0.0,0.0,0.0,0.0,0.0,0.0,0.0,0.0,0.0,0.0,0.0,0.0,0.0,0.0,0.0,0.0,0.0,0.0,0.0,0.0,0.0,0.0,0.0,0.0,0.0,0.0,0.0,0.0,0.0,0.0,0.0,0.0,0.0,0.0,0.0,0.0,0.0,0.0,0.0,0.0,0.0,0.0,0.0,0.0,0.0,0.0,0.0,0.0,0.0,0.0,0.0,0.0,0.0,0.0,0.0,0.0,0.0,WATER
0.0,0.0,0.0,0.16204020380973816,-0.02892162837088108,-0.02772819623351097,0.30271100997924805,-0.18457233905792236,-0.02633863128721714,0.37677469849586487,-0.30866989493370056,-0.03020283952355385,0.4506485164165497,-0.3540533483028412,-0.03437243029475212,0.2688862085342407,-0.4977666139602661,0.0003000521974172443,0.3261968791484833,-0.6998769640922546,-0.015374725684523582,0.35412341356277466,-0.8216524124145508,-0.016572201624512672,0.3745630383491516,-0.9270892143249512,-0.014424820430576801,0.1802980601787567,-0.514959454536438,-0.009836694225668907,0.23069925606250763,-0.596563994884491,-0.08922751992940903,0.21165356040000916,-0.42618635296821594,-0.11663075536489487,0.18224573135375977,-0.29120633006095886,-0.10640998184680939,0.09467926621437073,-0.5127373337745667,-0.022336594760417938,0.1375892609357834,-0.6052685379981995,-0.10487323999404907,0.14537972211837769,-0.446099191904068,-0.10938116908073425,0.13753581047058105,-0.324737548828125,-0.08116884529590607,0.0029679094441235065,-0.504306972026825,-0.034740086644887924,0.042064595967531204,-0.6982873678207397,-0.07679025828838348,0.07173707336187363,-0.8089828491210938,-0.07468537241220474,0.09591864049434662,-0.924070417881012,-0.05924796685576439,0.0,0.0,0.0,0.0,0.0,0.0,0.0,0.0,0.0,0.0,0.0,0.0,0.0,0.0,0.0,0.0,0.0,0.0,0.0,0.0,0.0,0.0,0.0,0.0,0.0,0.0,0.0,0.0,0.0,0.0,0.0,0.0,0.0,0.0,0.0,0.0,0.0,0.0,0.0,0.0,0.0,0.0,0.0,0.0,0.0,0.0,0.0,0.0,0.0,0.0,0.0,0.0,0.0,0.0,0.0,0.0,0.0,0.0,0.0,0.0,0.0,0.0,0.0,WATER
0.0,0.0,0.0,0.1595996618270874,-0.02897096797823906,-0.02673194371163845,0.2986733615398407,-0.1942387968301773,-0.02566138282418251,0.3689505457878113,-0.3208741247653961,-0.029976824298501015,0.439265638589859,-0.3619365990161896,-0.034598324447870255,0.2612772583961487,-0.5015935301780701,-0.0035540128592401743,0.31819280982017517,-0.7053471207618713,-0.01905640959739685,0.34571409225463867,-0.8260565996170044,-0.019738389179110527,0.3649704158306122,-0.9308604598045349,-0.01718986965715885,0.17053818702697754,-0.5169395208358765,-0.014214683324098587,0.22918841242790222,-0.585076093673706,-0.09214682877063751,0.21051670610904694,-0.41657933592796326,-0.11822297424077988,0.17916670441627502,-0.28581398725509644,-0.10777505487203598,0.08542776107788086,-0.5137906074523926,-0.026580853387713432,0.13329920172691345,-0.601711094379425,-0.10614880919456482,0.14042901992797852,-0.44523435831069946,-0.1086224690079689,0.13026563823223114,-0.32706913352012634,-0.08036516606807709,-0.0032620879355818033,-0.5030507445335388,-0.03892451152205467,0.034593045711517334,-0.6973064541816711,-0.07813328504562378,0.06402569264173508,-0.8073630928993225,-0.07339118421077728,0.08844146877527237,-0.9215595722198486,-0.05678388848900795,0.0,0.0,0.0,0.0,0.0,0.0,0.0,0.0,0.0,0.0,0.0,0.0,0.0,0.0,0.0,0.0,0.0,0.0,0.0,0.0,0.0,0.0,0.0,0.0,0.0,0.0,0.0,0.0,0.0,0.0,0.0,0.0,0.0,0.0,0.0,0.0,0.0,0.0,0.0,0.0,0.0,0.0,0.0,0.0,0.0,0.0,0.0,0.0,0.0,0.0,0.0,0.0,0.0,0.0,0.0,0.0,0.0,0.0,0.0,0.0,0.0,0.0,0.0,WATER
0.0,0.0,0.0,0.16389858722686768,-0.028025848791003227,-0.025480622425675392,0.3073433041572571,-0.18364663422107697,-0.02288004197180271,0.37909799814224243,-0.30858781933784485,-0.025261003524065018,0.4492812752723694,-0.3610594570636749,-0.02764548547565937,0.2667802572250366,-0.5060158371925354,0.000548219308257103,0.32259994745254517,-0.7053834199905396,-0.014300726354122162,0.34830185770988464,-0.8264003396034241,-0.015010795556008816,0.3659408688545227,-0.9305556416511536,-0.012386346235871315,0.17539267241954803,-0.5220113396644592,-0.010109665803611279,0.23841793835163116,-0.5929746627807617,-0.08857425302267075,0.21845103800296783,-0.42049574851989746,-0.11522717773914337,0.1871831715106964,-0.28783416748046875,-0.10462864488363266,0.08933315426111221,-0.5197404026985168,-0.022536469623446465,0.14041656255722046,-0.6093471646308899,-0.10307338833808899,0.1481848508119583,-0.4540696144104004,-0.10632575303316116,0.13956867158412933,-0.33698341250419617,-0.07808781415224075,-0.0013370923697948456,-0.5095880627632141,-0.0346512533724308,0.036426059901714325,-0.7059603929519653,-0.07522089779376984,0.06638544052839279,-0.8158622980117798,-0.07129403203725815,0.09182266145944595,-0.9291382431983948,-0.05471787601709366,0.0,0.0,0.0,0.0,0.0,0.0,0.0,0.0,0.0,0.0,0.0,0.0,0.0,0.0,0.0,0.0,0.0,0.0,0.0,0.0,0.0,0.0,0.0,0.0,0.0,0.0,0.0,0.0,0.0,0.0,0.0,0.0,0.0,0.0,0.0,0.0,0.0,0.0,0.0,0.0,0.0,0.0,0.0,0.0,0.0,0.0,0.0,0.0,0.0,0.0,0.0,0.0,0.0,0.0,0.0,0.0,0.0,0.0,0.0,0.0,0.0,0.0,0.0,WATER
0.0,0.0,0.0,0.16798217594623566,-0.027971597388386726,-0.025840044021606445,0.31787586212158203,-0.18345700204372406,-0.020142696797847748,0.39609384536743164,-0.31398165225982666,-0.021359065547585487,0.46315038204193115,-0.36858972907066345,-0.02283431403338909,0.272254079580307,-0.5017156600952148,0.011748982593417168,0.32609763741493225,-0.705517590045929,-0.004783619195222855,0.3525756001472473,-0.8235949277877808,-0.006767928600311279,0.37277868390083313,-0.927908718585968,-0.004624243825674057,0.18352386355400085,-0.5227943658828735,0.0007933020242489874,0.2350824922323227,-0.6182727217674255,-0.08320490270853043,0.21202705800533295,-0.44338420033454895,-0.11374559253454208,0.1802598237991333,-0.3029862344264984,-0.1033330112695694,0.09824052453041077,-0.527040958404541,-0.012962966226041317,0.1436322033405304,-0.6375383734703064,-0.09756670892238617,0.145310178399086,-0.4772936999797821,-0.10246104747056961,0.13334234058856964,-0.35201579332351685,-0.07301703095436096,0.0031834724359214306,-0.5225332975387573,-0.02693256177008152,0.03856419399380684,-0.718756377696991,-0.06908763200044632,0.06645570695400238,-0.8301674127578735,-0.06791029125452042,0.0904383584856987,-0.9444968104362488,-0.052453212440013885,0.0,0.0,0.0,0.0,0.0,0.0,0.0,0.0,0.0,0.0,0.0,0.0,0.0,0.0,0.0,0.0,0.0,0.0,0.0,0.0,0.0,0.0,0.0,0.0,0.0,0.0,0.0,0.0,0.0,0.0,0.0,0.0,0.0,0.0,0.0,0.0,0.0,0.0,0.0,0.0,0.0,0.0,0.0,0.0,0.0,0.0,0.0,0.0,0.0,0.0,0.0,0.0,0.0,0.0,0.0,0.0,0.0,0.0,0.0,0.0,0.0,0.0,0.0,WATER
0.0,0.0,0.0,0.16303080320358276,-0.028765415772795677,-0.021757429465651512,0.3068241775035858,-0.18098925054073334,-0.01635640300810337,0.38762038946151733,-0.30735310912132263,-0.017014330253005028,0.4495861828327179,-0.36520689725875854,-0.01736815832555294,0.2729431986808777,-0.4936754107475281,0.008681215345859528,0.32771220803260803,-0.7025234699249268,-0.004512336570769548,0.3526615500450134,-0.8232137560844421,-0.00529618002474308,0.3710845410823822,-0.9285928010940552,-0.0034260267857462168,0.1830359548330307,-0.5206007361412048,-0.002031143056228757,0.2269088625907898,-0.6108334064483643,-0.07852811366319656,0.20114286243915558,-0.43749740719795227,-0.10693441331386566,0.16836005449295044,-0.2987934648990631,-0.09818695485591888,0.09630642831325531,-0.5321676135063171,-0.014466417953372002,0.13873407244682312,-0.6419737935066223,-0.08769135177135468,0.14056403934955597,-0.49288517236709595,-0.0907951146364212,0.12862682342529297,-0.37107425928115845,-0.06506845355033875,0.002612183801829815,-0.5328639149665833,-0.02704317681491375,0.035374224185943604,-0.7253803610801697,-0.06178710609674454,0.059705305844545364,-0.8326319456100464,-0.059040240943431854,0.07993480563163757,-0.9392005801200867,-0.04469643905758858,0.0,0.0,0.0,0.0,0.0,0.0,0.0,0.0,0.0,0.0,0.0,0.0,0.0,0.0,0.0,0.0,0.0,0.0,0.0,0.0,0.0,0.0,0.0,0.0,0.0,0.0,0.0,0.0,0.0,0.0,0.0,0.0,0.0,0.0,0.0,0.0,0.0,0.0,0.0,0.0,0.0,0.0,0.0,0.0,0.0,0.0,0.0,0.0,0.0,0.0,0.0,0.0,0.0,0.0,0.0,0.0,0.0,0.0,0.0,0.0,0.0,0.0,0.0,WATER
0.0,0.0,0.0,0.16525262594223022,-0.02215721644461155,-0.023167377337813377,0.31497305631637573,-0.17432692646980286,-0.017769141122698784,0.3948947489261627,-0.30417168140411377,-0.017714209854602814,0.45720553398132324,-0.35923340916633606,-0.01735135167837143,0.27757859230041504,-0.48528751730918884,0.0077629671432077885,0.33295902609825134,-0.6976167559623718,-0.005726636853069067,0.35668784379959106,-0.8209980726242065,-0.00667892349883914,0.3736944794654846,-0.9275379180908203,-0.005084349773824215,0.184957355260849,-0.5140590667724609,-0.0016313425730913877,0.23236428201198578,-0.6104084849357605,-0.07851088047027588,0.20773841440677643,-0.43883585929870605,-0.10640145093202591,0.17537488043308258,-0.3014649450778961,-0.0970226526260376,0.096539206802845,-0.5266255736351013,-0.012765336781740189,0.1422509402036667,-0.646583080291748,-0.08526713401079178,0.14554733037948608,-0.49823883175849915,-0.08736423403024673,0.1345619410276413,-0.37691062688827515,-0.06127307191491127,0.0015066236956045032,-0.5277373194694519,-0.02422584779560566,0.03530413284897804,-0.7182738780975342,-0.058963485062122345,0.06273510307073593,-0.8250982761383057,-0.05710285156965256,0.08584420382976532,-0.9344160556793213,-0.0437658354640007,0.0,0.0,0.0,0.0,0.0,0.0,0.0,0.0,0.0,0.0,0.0,0.0,0.0,0.0,0.0,0.0,0.0,0.0,0.0,0.0,0.0,0.0,0.0,0.0,0.0,0.0,0.0,0.0,0.0,0.0,0.0,0.0,0.0,0.0,0.0,0.0,0.0,0.0,0.0,0.0,0.0,0.0,0.0,0.0,0.0,0.0,0.0,0.0,0.0,0.0,0.0,0.0,0.0,0.0,0.0,0.0,0.0,0.0,0.0,0.0,0.0,0.0,0.0,WATER
0.0,0.0,0.0,0.16759136319160461,-0.02781127393245697,-0.02228267677128315,0.31423676013946533,-0.18285487592220306,-0.015256565064191818,0.3943246901035309,-0.31324365735054016,-0.01463425625115633,0.4578492045402527,-0.37027353048324585,-0.014268296770751476,0.27730792760849,-0.4853367805480957,0.011377311311662197,0.333577036857605,-0.6963565349578857,-0.003571839304640889,0.3561575412750244,-0.820068895816803,-0.006333290599286556,0.3710687756538391,-0.9285860061645508,-0.005988946184515953,0.18699736893177032,-0.5131763219833374,0.00010655855294317007,0.22356174886226654,-0.6256684064865112,-0.07799892872571945,0.20367635786533356,-0.4598095417022705,-0.10855789482593536,0.17696447670459747,-0.3211934268474579,-0.10115686804056168,0.09833664447069168,-0.5233650207519531,-0.013338361866772175,0.13448601961135864,-0.6478144526481628,-0.0885833129286766,0.13940049707889557,-0.4975712299346924,-0.09272447973489761,0.13137832283973694,-0.3724976181983948,-0.06719236075878143,0.0015538822626695037,-0.5221609473228455,-0.027273504063487053,0.03206098452210426,-0.7154281735420227,-0.06403319537639618,0.05679411441087723,-0.8254346251487732,-0.06351173669099808,0.0780569389462471,-0.934707760810852,-0.0508972592651844,0.0,0.0,0.0,0.0,0.0,0.0,0.0,0.0,0.0,0.0,0.0,0.0,0.0,0.0,0.0,0.0,0.0,0.0,0.0,0.0,0.0,0.0,0.0,0.0,0.0,0.0,0.0,0.0,0.0,0.0,0.0,0.0,0.0,0.0,0.0,0.0,0.0,0.0,0.0,0.0,0.0,0.0,0.0,0.0,0.0,0.0,0.0,0.0,0.0,0.0,0.0,0.0,0.0,0.0,0.0,0.0,0.0,0.0,0.0,0.0,0.0,0.0,0.0,WATER
0.0,0.0,0.0,0.1669890135526657,-0.03201133385300636,-0.02024160698056221,0.3106403052806854,-0.18564346432685852,-0.013102966360747814,0.3898705244064331,-0.3119810223579407,-0.012996168807148933,0.4537215828895569,-0.3689316511154175,-0.013047735206782818,0.2708755135536194,-0.48909300565719604,0.014713363721966743,0.32547271251678467,-0.6981344819068909,-0.0007267849869094789,0.34987589716911316,-0.8223578333854675,-0.004373564850538969,0.3663679361343384,-0.930459201335907,-0.004484393633902073,0.18016408383846283,-0.5156643390655518,0.0021029808558523655,0.21705825626850128,-0.6274790167808533,-0.07640082389116287,0.1991940289735794,-0.4605991542339325,-0.10746587067842484,0.17329081892967224,-0.3221456706523895,-0.10024961084127426,0.09138674288988113,-0.5242935419082642,-0.012728768400847912,0.12824103236198425,-0.647889256477356,-0.08918439596891403,0.13385501503944397,-0.49491891264915466,-0.09314531832933426,0.12607510387897491,-0.3701711595058441,-0.06695104390382767,-0.004365482367575169,-0.5213169455528259,-0.02783997729420662,0.02688523754477501,-0.7152858376502991,-0.06596476584672928,0.05246239900588989,-0.8257547616958618,-0.06536006182432175,0.07421744614839554,-0.9374878406524658,-0.052292000502347946,0.0,0.0,0.0,0.0,0.0,0.0,0.0,0.0,0.0,0.0,0.0,0.0,0.0,0.0,0.0,0.0,0.0,0.0,0.0,0.0,0.0,0.0,0.0,0.0,0.0,0.0,0.0,0.0,0.0,0.0,0.0,0.0,0.0,0.0,0.0,0.0,0.0,0.0,0.0,0.0,0.0,0.0,0.0,0.0,0.0,0.0,0.0,0.0,0.0,0.0,0.0,0.0,0.0,0.0,0.0,0.0,0.0,0.0,0.0,0.0,0.0,0.0,0.0,WATER
0.0,0.0,0.0,0.1673605889081955,-0.032777365297079086,-0.021579954773187637,0.30956384539604187,-0.18668924272060394,-0.015697907656431198,0.390163391828537,-0.31185203790664673,-0.017337685450911522,0.4585058093070984,-0.36371520161628723,-0.01986118033528328,0.27041563391685486,-0.487083375453949,0.014603596180677414,0.3280833661556244,-0.6969600319862366,-0.0017528225434944034,0.35236454010009766,-0.8208044171333313,-0.006407612934708595,0.3689058721065521,-0.9294388890266418,-0.007194895762950182,0.17916488647460938,-0.5127319693565369,0.0019027494126930833,0.21170756220817566,-0.6295115351676941,-0.07649120688438416,0.19613856077194214,-0.4695914387702942,-0.10855462402105331,0.17291738092899323,-0.33168119192123413,-0.1024300754070282,0.09026600420475006,-0.5201868414878845,-0.01327979564666748,0.12623760104179382,-0.64702308177948,-0.09036873281002045,0.13347455859184265,-0.4945896863937378,-0.09448213130235672,0.12738294899463654,-0.3664696514606476,-0.06830441206693649,-0.0054577188566327095,-0.5157950520515442,-0.029005873948335648,0.026089657098054886,-0.709496021270752,-0.06735136359930038,0.053054019808769226,-0.8225865960121155,-0.06683770567178726,0.07723280042409897,-0.9356296062469482,-0.05398350581526756,0.0,0.0,0.0,0.0,0.0,0.0,0.0,0.0,0.0,0.0,0.0,0.0,0.0,0.0,0.0,0.0,0.0,0.0,0.0,0.0,0.0,0.0,0.0,0.0,0.0,0.0,0.0,0.0,0.0,0.0,0.0,0.0,0.0,0.0,0.0,0.0,0.0,0.0,0.0,0.0,0.0,0.0,0.0,0.0,0.0,0.0,0.0,0.0,0.0,0.0,0.0,0.0,0.0,0.0,0.0,0.0,0.0,0.0,0.0,0.0,0.0,0.0,0.0,WATER
0.0,0.0,0.0,0.16635586321353912,-0.031522877514362335,-0.02306428551673889,0.31138625741004944,-0.18191459774971008,-0.018862085416913033,0.39324235916137695,-0.30402567982673645,-0.02168050967156887,0.45993009209632874,-0.3550351858139038,-0.024902446195483208,0.2696834206581116,-0.4852977395057678,0.013036169111728668,0.3278493881225586,-0.6970914602279663,-0.0027730618603527546,0.35125818848609924,-0.8210102319717407,-0.007338115479797125,0.3679136335849762,-0.92982417345047,-0.008158731274306774,0.17750932276248932,-0.5110556483268738,0.0012742409016937017,0.2157725840806961,-0.6261284947395325,-0.07658747583627701,0.20390185713768005,-0.46641072630882263,-0.10899124294519424,0.18276838958263397,-0.32927393913269043,-0.10327404737472534,0.08846086263656616,-0.5193156599998474,-0.012864931486546993,0.12643423676490784,-0.6474087238311768,-0.08727230876684189,0.13648779690265656,-0.49547943472862244,-0.09167519956827164,0.13293291628360748,-0.3673984110355377,-0.06640239804983139,-0.006560502573847771,-0.5166255235671997,-0.02783183939754963,0.02730429917573929,-0.7056092023849487,-0.0626908391714096,0.055833298712968826,-0.81606125831604,-0.06181394308805466,0.08069885522127151,-0.9281059503555298,-0.049460269510746,0.0,0.0,0.0,0.0,0.0,0.0,0.0,0.0,0.0,0.0,0.0,0.0,0.0,0.0,0.0,0.0,0.0,0.0,0.0,0.0,0.0,0.0,0.0,0.0,0.0,0.0,0.0,0.0,0.0,0.0,0.0,0.0,0.0,0.0,0.0,0.0,0.0,0.0,0.0,0.0,0.0,0.0,0.0,0.0,0.0,0.0,0.0,0.0,0.0,0.0,0.0,0.0,0.0,0.0,0.0,0.0,0.0,0.0,0.0,0.0,0.0,0.0,0.0,WATER
0.0,0.0,0.0,0.16646432876586914,-0.027077773585915565,-0.027816835790872574,0.3127790093421936,-0.18486124277114868,-0.022208837792277336,0.3954996168613434,-0.315250426530838,-0.022734031081199646,0.46547821164131165,-0.36501529812812805,-0.02378775365650654,0.2733974754810333,-0.48587295413017273,0.01021354366093874,0.32992854714393616,-0.6952093243598938,-0.005177618004381657,0.3532617688179016,-0.8194323182106018,-0.00835102703422308,0.37066650390625,-0.9287301301956177,-0.008162152953445911,0.18346163630485535,-0.5133870244026184,0.001993943704292178,0.20922788977622986,-0.6287896037101746,-0.07646036148071289,0.18533983826637268,-0.4682120084762573,-0.10775136947631836,0.15983746945858002,-0.3297358453273773,-0.10016198456287384,0.09579913318157196,-0.5242503881454468,-0.008941985666751862,0.12654772400856018,-0.6486942768096924,-0.08742902427911758,0.1255899965763092,-0.49407652020454407,-0.09228267520666122,0.1164608970284462,-0.3651869297027588,-0.06540937721729279,0.0007427798118442297,-0.5231581330299377,-0.020662855356931686,0.029551707208156586,-0.7136154770851135,-0.05890035256743431,0.05228385701775551,-0.8236767649650574,-0.058182716369628906,0.07456205785274506,-0.9330012202262878,-0.04441961646080017,0.0,0.0,0.0,0.0,0.0,0.0,0.0,0.0,0.0,0.0,0.0,0.0,0.0,0.0,0.0,0.0,0.0,0.0,0.0,0.0,0.0,0.0,0.0,0.0,0.0,0.0,0.0,0.0,0.0,0.0,0.0,0.0,0.0,0.0,0.0,0.0,0.0,0.0,0.0,0.0,0.0,0.0,0.0,0.0,0.0,0.0,0.0,0.0,0.0,0.0,0.0,0.0,0.0,0.0,0.0,0.0,0.0,0.0,0.0,0.0,0.0,0.0,0.0,WATER
0.0,0.0,0.0,0.16938310861587524,-0.03346040099859238,-0.02013307809829712,0.3120637834072113,-0.1962881088256836,-0.011618760414421558,0.3925318419933319,-0.3228388726711273,-0.011148734949529171,0.46332189440727234,-0.36233407258987427,-0.011909098364412785,0.2645336091518402,-0.49033424258232117,0.01770254410803318,0.3229590058326721,-0.6996800303459167,0.0024919076822698116,0.34843137860298157,-0.8228285908699036,-0.0012642660876736045,0.367321252822876,-0.930092990398407,-0.0014364072121679783,0.17382313311100006,-0.5161631107330322,0.005891954060643911,0.2009180188179016,-0.6317090392112732,-0.07190392166376114,0.18447136878967285,-0.4722539484500885,-0.10367333143949509,0.1633017361164093,-0.33542612195014954,-0.09711835533380508,0.08604707568883896,-0.5247901082038879,-0.008326558396220207,0.11773832887411118,-0.6463618874549866,-0.08601485937833786,0.12111146003007889,-0.4895263910293579,-0.09158767014741898,0.11367132514715195,-0.35877031087875366,-0.06575287133455276,-0.008525049313902855,-0.5215506553649902,-0.022846965119242668,0.017876552417874336,-0.7123960852622986,-0.06128684803843498,0.040924299508333206,-0.8247664570808411,-0.061988070607185364,0.06279663741588593,-0.9346104860305786,-0.04988721013069153,0.0,0.0,0.0,0.0,0.0,0.0,0.0,0.0,0.0,0.0,0.0,0.0,0.0,0.0,0.0,0.0,0.0,0.0,0.0,0.0,0.0,0.0,0.0,0.0,0.0,0.0,0.0,0.0,0.0,0.0,0.0,0.0,0.0,0.0,0.0,0.0,0.0,0.0,0.0,0.0,0.0,0.0,0.0,0.0,0.0,0.0,0.0,0.0,0.0,0.0,0.0,0.0,0.0,0.0,0.0,0.0,0.0,0.0,0.0,0.0,0.0,0.0,0.0,WATER
0.0,0.0,0.0,0.17059700191020966,-0.03165815398097038,-0.027375750243663788,0.3128400146961212,-0.19586902856826782,-0.021454783156514168,0.39259329438209534,-0.32758939266204834,-0.022193485870957375,0.4636268615722656,-0.36120545864105225,-0.023867763578891754,0.2623744308948517,-0.49119946360588074,0.01155468262732029,0.3206998109817505,-0.6977656483650208,-0.0055407192558050156,0.3448553681373596,-0.8216555118560791,-0.01031177956610918,0.36372897028923035,-0.9314383268356323,-0.011133512482047081,0.17128586769104004,-0.517496645450592,0.003309521358460188,0.19373250007629395,-0.6341814398765564,-0.0772017240524292,0.17128609120845795,-0.4706503748893738,-0.10765035450458527,0.14920495450496674,-0.3301999270915985,-0.09864585846662521,0.08323625475168228,-0.5276665687561035,-0.007915325462818146,0.11165040731430054,-0.6500517725944519,-0.08814679831266403,0.11032135039567947,-0.4878595471382141,-0.09169512242078781,0.10251326858997345,-0.3533819615840912,-0.06278582662343979,-0.011310250498354435,-0.5256339907646179,-0.020030684769153595,0.014088661409914494,-0.7149726152420044,-0.058401934802532196,0.03611956909298897,-0.8265683054924011,-0.05733683705329895,0.05907135084271431,-0.9367551803588867,-0.043178316205739975,0.0,0.0,0.0,0.0,0.0,0.0,0.0,0.0,0.0,0.0,0.0,0.0,0.0,0.0,0.0,0.0,0.0,0.0,0.0,0.0,0.0,0.0,0.0,0.0,0.0,0.0,0.0,0.0,0.0,0.0,0.0,0.0,0.0,0.0,0.0,0.0,0.0,0.0,0.0,0.0,0.0,0.0,0.0,0.0,0.0,0.0,0.0,0.0,0.0,0.0,0.0,0.0,0.0,0.0,0.0,0.0,0.0,0.0,0.0,0.0,0.0,0.0,0.0,WATER
0.0,0.0,0.0,0.16743160784244537,-0.03622935339808464,-0.026827342808246613,0.30718493461608887,-0.201713427901268,-0.02076278068125248,0.38896089792251587,-0.3334757089614868,-0.021592620760202408,0.4595915973186493,-0.3671466112136841,-0.02324073575437069,0.2580360174179077,-0.48785191774368286,0.012935509905219078,0.31756696105003357,-0.695525050163269,-0.005719505716115236,0.34334278106689453,-0.8208523988723755,-0.012140868231654167,0.3635168671607971,-0.9314772486686707,-0.014339025132358074,0.16674715280532837,-0.5147145390510559,0.004076004959642887,0.1913948357105255,-0.6363814473152161,-0.07819988578557968,0.16817326843738556,-0.4723179042339325,-0.10913533717393875,0.14520682394504547,-0.3317256569862366,-0.10021284967660904,0.07835619896650314,-0.5253075361251831,-0.007938931696116924,0.10764254629611969,-0.6545025706291199,-0.08800484240055084,0.10477431863546371,-0.4939766526222229,-0.09027320146560669,0.09655968844890594,-0.35969120264053345,-0.06076176092028618,-0.016606217250227928,-0.5228124856948853,-0.02114708162844181,0.007971850223839283,-0.7092773914337158,-0.059923700988292694,0.029453707858920097,-0.8231264352798462,-0.059459056705236435,0.05271901190280914,-0.9359090924263,-0.04596797749400139,0.0,0.0,0.0,0.0,0.0,0.0,0.0,0.0,0.0,0.0,0.0,0.0,0.0,0.0,0.0,0.0,0.0,0.0,0.0,0.0,0.0,0.0,0.0,0.0,0.0,0.0,0.0,0.0,0.0,0.0,0.0,0.0,0.0,0.0,0.0,0.0,0.0,0.0,0.0,0.0,0.0,0.0,0.0,0.0,0.0,0.0,0.0,0.0,0.0,0.0,0.0,0.0,0.0,0.0,0.0,0.0,0.0,0.0,0.0,0.0,0.0,0.0,0.0,WATER
0.0,0.0,0.0,0.1683618426322937,-0.036654938012361526,-0.029797183349728584,0.3134237229824066,-0.20820091664791107,-0.025188064202666283,0.39827898144721985,-0.3422337770462036,-0.02683231793344021,0.46681955456733704,-0.3634369671344757,-0.029372571036219597,0.26323962211608887,-0.4834408164024353,0.00705864978954196,0.32164520025253296,-0.6920130848884583,-0.012538676150143147,0.3465386629104614,-0.8188072443008423,-0.0188666470348835,0.36737632751464844,-0.9298326373100281,-0.021113794296979904,0.1714123785495758,-0.5114595293998718,-0.0006120227044448256,0.19558820128440857,-0.638911783695221,-0.08407318592071533,0.16989481449127197,-0.4754190742969513,-0.1140858605504036,0.14571088552474976,-0.33112582564353943,-0.10390262305736542,0.08187537640333176,-0.5230813026428223,-0.011352763511240482,0.10796686261892319,-0.654529333114624,-0.0903584212064743,0.10191618651151657,-0.4980841875076294,-0.09242836385965347,0.09272471070289612,-0.3643001914024353,-0.06280170381069183,-0.014633454382419586,-0.5215715765953064,-0.023670092225074768,0.009937782771885395,-0.705426037311554,-0.05991974472999573,0.02944682165980339,-0.8190754055976868,-0.05907341092824936,0.0495612770318985,-0.9308853149414062,-0.04583057016134262,0.0,0.0,0.0,0.0,0.0,0.0,0.0,0.0,0.0,0.0,0.0,0.0,0.0,0.0,0.0,0.0,0.0,0.0,0.0,0.0,0.0,0.0,0.0,0.0,0.0,0.0,0.0,0.0,0.0,0.0,0.0,0.0,0.0,0.0,0.0,0.0,0.0,0.0,0.0,0.0,0.0,0.0,0.0,0.0,0.0,0.0,0.0,0.0,0.0,0.0,0.0,0.0,0.0,0.0,0.0,0.0,0.0,0.0,0.0,0.0,0.0,0.0,0.0,WATER
0.0,0.0,0.0,0.17322850227355957,-0.0372547022998333,-0.022939618676900864,0.31840217113494873,-0.2080858051776886,-0.01338439155369997,0.4041343927383423,-0.3405708074569702,-0.010060462169349194,0.4744502305984497,-0.3734099864959717,-0.007142369169741869,0.26717624068260193,-0.48528656363487244,0.01562238298356533,0.3245963454246521,-0.6962689161300659,0.0016624985728412867,0.3476581871509552,-0.822798490524292,-0.0007555642514489591,0.3641943633556366,-0.9313228130340576,-0.000498768815305084,0.17382721602916718,-0.5142164826393127,0.00702452939003706,0.19663269817829132,-0.6423441767692566,-0.07181235402822495,0.17360852658748627,-0.47921136021614075,-0.10099195688962936,0.14990676939487457,-0.33587005734443665,-0.0911249965429306,0.08309625834226608,-0.5267996788024902,-0.004005779046565294,0.10867586731910706,-0.6592441201210022,-0.07807948440313339,0.1070948913693428,-0.5075106620788574,-0.08099739253520966,0.1000204086303711,-0.37701544165611267,-0.05347629263997078,-0.014228285290300846,-0.5274075269699097,-0.015836626291275024,0.011332448571920395,-0.712751030921936,-0.050284553319215775,0.03239690139889717,-0.8248032927513123,-0.050454068928956985,0.05227126553654671,-0.9347278475761414,-0.03825956955552101,0.0,0.0,0.0,0.0,0.0,0.0,0.0,0.0,0.0,0.0,0.0,0.0,0.0,0.0,0.0,0.0,0.0,0.0,0.0,0.0,0.0,0.0,0.0,0.0,0.0,0.0,0.0,0.0,0.0,0.0,0.0,0.0,0.0,0.0,0.0,0.0,0.0,0.0,0.0,0.0,0.0,0.0,0.0,0.0,0.0,0.0,0.0,0.0,0.0,0.0,0.0,0.0,0.0,0.0,0.0,0.0,0.0,0.0,0.0,0.0,0.0,0.0,0.0,WATER
0.0,0.0,0.0,0.17606332898139954,-0.026357877999544144,-0.04014434665441513,0.32417795062065125,-0.19332323968410492,-0.035416580736637115,0.4122851490974426,-0.3308316171169281,-0.03359799459576607,0.4831271171569824,-0.3665670156478882,-0.032590534538030624,0.27512326836586,-0.4781179428100586,-0.0011919833486899734,0.3302309513092041,-0.684088408946991,-0.020817751064896584,0.35319390892982483,-0.8159936666488647,-0.026661589741706848,0.37082064151763916,-0.9282828569412231,-0.0279817096889019,0.18182358145713806,-0.5039551258087158,-0.0035391366109251976,0.19587498903274536,-0.643330991268158,-0.08543332666158676,0.1727651059627533,-0.4891839325428009,-0.11370439827442169,0.15533821284770966,-0.34738871455192566,-0.10162253677845001,0.08968450129032135,-0.5101282000541687,-0.010181370191276073,0.10442715883255005,-0.6228106617927551,-0.09489451348781586,0.09840767085552216,-0.46397027373313904,-0.09896853566169739,0.09316415339708328,-0.33685413002967834,-0.06777841597795486,-0.00801366288214922,-0.5069147348403931,-0.0187540240585804,0.01594916172325611,-0.6930906176567078,-0.061678048223257065,0.036233752965927124,-0.802063524723053,-0.062303416430950165,0.05954064428806305,-0.9107940196990967,-0.04802259802818298,0.0,0.0,0.0,0.0,0.0,0.0,0.0,0.0,0.0,0.0,0.0,0.0,0.0,0.0,0.0,0.0,0.0,0.0,0.0,0.0,0.0,0.0,0.0,0.0,0.0,0.0,0.0,0.0,0.0,0.0,0.0,0.0,0.0,0.0,0.0,0.0,0.0,0.0,0.0,0.0,0.0,0.0,0.0,0.0,0.0,0.0,0.0,0.0,0.0,0.0,0.0,0.0,0.0,0.0,0.0,0.0,0.0,0.0,0.0,0.0,0.0,0.0,0.0,WATER
0.0,0.0,0.0,0.17171700298786163,-0.025486107915639877,-0.03606107458472252,0.32276177406311035,-0.19123415648937225,-0.03291620686650276,0.4148538410663605,-0.32942503690719604,-0.03431857004761696,0.4861266016960144,-0.36895668506622314,-0.03613638877868652,0.2732188403606415,-0.4709607660770416,0.0005134700913913548,0.32835158705711365,-0.6874027252197266,-0.018165037035942078,0.350171834230423,-0.8185478448867798,-0.02340323105454445,0.3680223226547241,-0.9294743537902832,-0.025237299501895905,0.1799699068069458,-0.5006282329559326,-0.004407167434692383,0.19171175360679626,-0.6317646503448486,-0.0888717994093895,0.16407209634780884,-0.4784409999847412,-0.12065896391868591,0.14165854454040527,-0.339462012052536,-0.11204554885625839,0.08888112753629684,-0.5121966004371643,-0.012771066278219223,0.10281728953123093,-0.6443268060684204,-0.09322168678045273,0.10036835819482803,-0.49556031823158264,-0.09821976721286774,0.0965351089835167,-0.36493298411369324,-0.07094213366508484,-0.007867159321904182,-0.511390209197998,-0.02317110076546669,0.01435523945838213,-0.6961277723312378,-0.06242045387625694,0.03172677010297775,-0.8115975260734558,-0.06449570506811142,0.05193730816245079,-0.9240795969963074,-0.053074270486831665,0.0,0.0,0.0,0.0,0.0,0.0,0.0,0.0,0.0,0.0,0.0,0.0,0.0,0.0,0.0,0.0,0.0,0.0,0.0,0.0,0.0,0.0,0.0,0.0,0.0,0.0,0.0,0.0,0.0,0.0,0.0,0.0,0.0,0.0,0.0,0.0,0.0,0.0,0.0,0.0,0.0,0.0,0.0,0.0,0.0,0.0,0.0,0.0,0.0,0.0,0.0,0.0,0.0,0.0,0.0,0.0,0.0,0.0,0.0,0.0,0.0,0.0,0.0,WATER
0.0,0.0,0.0,0.1738452911376953,-0.023301642388105392,-0.039017606526613235,0.32502177357673645,-0.1880897879600525,-0.03475206717848778,0.41749125719070435,-0.3272368907928467,-0.03441436216235161,0.48986661434173584,-0.36893054842948914,-0.03459957242012024,0.2759491205215454,-0.4672694206237793,0.0009111418621614575,0.33267849683761597,-0.6823297739028931,-0.017173176631331444,0.35395386815071106,-0.8162650465965271,-0.020982956513762474,0.37165144085884094,-0.9281337857246399,-0.021045934408903122,0.18252184987068176,-0.4979456961154938,-0.002115810988470912,0.1888667494058609,-0.6315850019454956,-0.08714403957128525,0.15638719499111176,-0.478023886680603,-0.11788196861743927,0.13354477286338806,-0.33729133009910583,-0.10666657239198685,0.09137079119682312,-0.5098884701728821,-0.009098081849515438,0.09606294333934784,-0.6306911110877991,-0.09209246188402176,0.0895894393324852,-0.4775581657886505,-0.09833185374736786,0.08677414804697037,-0.34837400913238525,-0.06931092590093613,-0.0050811260007321835,-0.5102561712265015,-0.018024839460849762,0.014863603748381138,-0.6924284100532532,-0.05692782998085022,0.0311044380068779,-0.8038125038146973,-0.05774025246500969,0.05096300691366196,-0.9125767350196838,-0.04409312456846237,0.0,0.0,0.0,0.0,0.0,0.0,0.0,0.0,0.0,0.0,0.0,0.0,0.0,0.0,0.0,0.0,0.0,0.0,0.0,0.0,0.0,0.0,0.0,0.0,0.0,0.0,0.0,0.0,0.0,0.0,0.0,0.0,0.0,0.0,0.0,0.0,0.0,0.0,0.0,0.0,0.0,0.0,0.0,0.0,0.0,0.0,0.0,0.0,0.0,0.0,0.0,0.0,0.0,0.0,0.0,0.0,0.0,0.0,0.0,0.0,0.0,0.0,0.0,WATER
0.0,0.0,0.0,0.1698824018239975,-0.02693692408502102,-0.03521300107240677,0.32038331031799316,-0.19766274094581604,-0.02959151193499565,0.4146658480167389,-0.33441460132598877,-0.02860044315457344,0.486749529838562,-0.37395283579826355,-0.02825113572180271,0.26650649309158325,-0.47462332248687744,0.0038648098707199097,0.322220116853714,-0.6906198859214783,-0.012019544839859009,0.34474605321884155,-0.8213410377502441,-0.014631647616624832,0.3619340658187866,-0.9320951104164124,-0.014225021935999393,0.17298449575901031,-0.5028561949729919,-0.00060572026995942,0.1843179613351822,-0.6322920918464661,-0.08231117576360703,0.15722477436065674,-0.47703438997268677,-0.11264082789421082,0.1342584490776062,-0.33842241764068604,-0.1027352586388588,0.0819615051150322,-0.5132045745849609,-0.008528969250619411,0.09441448748111725,-0.6411982774734497,-0.08881562203168869,0.09054019302129745,-0.48659923672676086,-0.09389897435903549,0.08544841408729553,-0.35486656427383423,-0.06566172093153,-0.014343931339681149,-0.5130107402801514,-0.018138285726308823,0.005440155044198036,-0.698942244052887,-0.056295860558748245,0.022629888728260994,-0.8122385740280151,-0.056814324110746384,0.04280347377061844,-0.9223777055740356,-0.043819960206747055,0.0,0.0,0.0,0.0,0.0,0.0,0.0,0.0,0.0,0.0,0.0,0.0,0.0,0.0,0.0,0.0,0.0,0.0,0.0,0.0,0.0,0.0,0.0,0.0,0.0,0.0,0.0,0.0,0.0,0.0,0.0,0.0,0.0,0.0,0.0,0.0,0.0,0.0,0.0,0.0,0.0,0.0,0.0,0.0,0.0,0.0,0.0,0.0,0.0,0.0,0.0,0.0,0.0,0.0,0.0,0.0,0.0,0.0,0.0,0.0,0.0,0.0,0.0,WATER
0.0,0.0,0.0,0.16994532942771912,-0.025556866079568863,-0.03509845584630966,0.3192363977432251,-0.19327178597450256,-0.030612437054514885,0.4122403860092163,-0.32659053802490234,-0.031437769532203674,0.4824698567390442,-0.3691391944885254,-0.033309243619441986,0.26665303111076355,-0.47321319580078125,0.0015786176081746817,0.32260480523109436,-0.6885225772857666,-0.017932767048478127,0.3458774983882904,-0.8206443786621094,-0.02240040898323059,0.3631313443183899,-0.9314744472503662,-0.022157322615385056,0.17333804070949554,-0.49969759583473206,-0.003875718219205737,0.18501350283622742,-0.6261327862739563,-0.0902756080031395,0.15205468237400055,-0.46917158365249634,-0.12123271077871323,0.1249602735042572,-0.3287135362625122,-0.10967566817998886,0.08199197053909302,-0.5086496472358704,-0.012807543389499187,0.09277421236038208,-0.6269446015357971,-0.09803950041532516,0.08373375982046127,-0.4694407880306244,-0.10303768515586853,0.07650383561849594,-0.33850520849227905,-0.07213953137397766,-0.014414219185709953,-0.506790041923523,-0.02313803881406784,0.00420122966170311,-0.6898087859153748,-0.06350725144147873,0.02025575190782547,-0.8006082773208618,-0.06271585822105408,0.03980575501918793,-0.9097678065299988,-0.04718153178691864,0.0,0.0,0.0,0.0,0.0,0.0,0.0,0.0,0.0,0.0,0.0,0.0,0.0,0.0,0.0,0.0,0.0,0.0,0.0,0.0,0.0,0.0,0.0,0.0,0.0,0.0,0.0,0.0,0.0,0.0,0.0,0.0,0.0,0.0,0.0,0.0,0.0,0.0,0.0,0.0,0.0,0.0,0.0,0.0,0.0,0.0,0.0,0.0,0.0,0.0,0.0,0.0,0.0,0.0,0.0,0.0,0.0,0.0,0.0,0.0,0.0,0.0,0.0,WATER
0.0,0.0,0.0,0.16819599270820618,-0.023712223395705223,-0.03617434576153755,0.3185598850250244,-0.18944883346557617,-0.03306150436401367,0.4107152223587036,-0.32599934935569763,-0.03502779081463814,0.4828851819038391,-0.37274208664894104,-0.037924278527498245,0.26626020669937134,-0.47502243518829346,0.0013879919424653053,0.3207971751689911,-0.6903133392333984,-0.018800213932991028,0.3439945876598358,-0.8218731880187988,-0.02391989156603813,0.3601953387260437,-0.9325729012489319,-0.023813437670469284,0.17336955666542053,-0.4993843734264374,-0.003302944591268897,0.18660858273506165,-0.620940625667572,-0.09013549238443375,0.15270209312438965,-0.4592204689979553,-0.12116527557373047,0.12468929588794708,-0.3189393877983093,-0.10937868058681488,0.08198720216751099,-0.5071445107460022,-0.011533898301422596,0.09452426433563232,-0.622237503528595,-0.09878873080015182,0.08433050662279129,-0.46166935563087463,-0.10308516025543213,0.07546186447143555,-0.33109724521636963,-0.07087843865156174,-0.014996514655649662,-0.5051180124282837,-0.020996173843741417,0.00509916665032506,-0.6906250715255737,-0.06251612305641174,0.020045379176735878,-0.8008936643600464,-0.060305267572402954,0.03799805790185928,-0.9105677604675293,-0.04302419722080231,0.0,0.0,0.0,0.0,0.0,0.0,0.0,0.0,0.0,0.0,0.0,0.0,0.0,0.0,0.0,0.0,0.0,0.0,0.0,0.0,0.0,0.0,0.0,0.0,0.0,0.0,0.0,0.0,0.0,0.0,0.0,0.0,0.0,0.0,0.0,0.0,0.0,0.0,0.0,0.0,0.0,0.0,0.0,0.0,0.0,0.0,0.0,0.0,0.0,0.0,0.0,0.0,0.0,0.0,0.0,0.0,0.0,0.0,0.0,0.0,0.0,0.0,0.0,WATER
0.0,0.0,0.0,0.16915228962898254,-0.022291729226708412,-0.037745703011751175,0.3217785656452179,-0.18557365238666534,-0.03570477291941643,0.4169370234012604,-0.32413217425346375,-0.03818132355809212,0.48991528153419495,-0.3735870122909546,-0.0413476824760437,0.26918700337409973,-0.46921679377555847,-0.0016399454325437546,0.3258711099624634,-0.6862552165985107,-0.02326265349984169,0.34988757967948914,-0.8188059329986572,-0.029589077457785606,0.3664250373840332,-0.9299482703208923,-0.0304766446352005,0.1764770895242691,-0.4973791837692261,-0.00519131775945425,0.18924804031848907,-0.6217644214630127,-0.09368246793746948,0.15272000432014465,-0.46089980006217957,-0.12504859268665314,0.12325941026210785,-0.3200121819972992,-0.11376349627971649,0.08525727689266205,-0.5080497860908508,-0.012403729371726513,0.09849565476179123,-0.6301029920578003,-0.09865620732307434,0.08710109442472458,-0.47556841373443604,-0.10259292274713516,0.07792836427688599,-0.34604984521865845,-0.07126317918300629,-0.011563275940716267,-0.5073353052139282,-0.02121419459581375,0.009673787280917168,-0.6906683444976807,-0.06293763220310211,0.024513263255357742,-0.8015414476394653,-0.062150564044713974,0.04249460995197296,-0.9106694459915161,-0.04626530781388283,0.0,0.0,0.0,0.0,0.0,0.0,0.0,0.0,0.0,0.0,0.0,0.0,0.0,0.0,0.0,0.0,0.0,0.0,0.0,0.0,0.0,0.0,0.0,0.0,0.0,0.0,0.0,0.0,0.0,0.0,0.0,0.0,0.0,0.0,0.0,0.0,0.0,0.0,0.0,0.0,0.0,0.0,0.0,0.0,0.0,0.0,0.0,0.0,0.0,0.0,0.0,0.0,0.0,0.0,0.0,0.0,0.0,0.0,0.0,0.0,0.0,0.0,0.0,WATER
0.0,0.0,0.0,0.17124773561954498,-0.023801511153578758,-0.0373307429254055,0.3206840753555298,-0.18728628754615784,-0.034674279391765594,0.4124707281589508,-0.3254902958869934,-0.037164028733968735,0.4837754964828491,-0.3766035735607147,-0.040466707199811935,0.2639387845993042,-0.4707752466201782,0.002318435348570347,0.3212369978427887,-0.6872568726539612,-0.01764010451734066,0.34622976183891296,-0.8193753957748413,-0.022913653403520584,0.364511102437973,-0.9309138655662537,-0.023039741441607475,0.1723436564207077,-0.4965655505657196,-0.0015067588537931442,0.1847354918718338,-0.6161403656005859,-0.08785273134708405,0.14936593174934387,-0.4578660726547241,-0.11955402791500092,0.12214231491088867,-0.32084164023399353,-0.1087527647614479,0.08189188688993454,-0.5069844722747803,-0.009043348953127861,0.09452556073665619,-0.6227267384529114,-0.09608841687440872,0.08229754865169525,-0.4627513587474823,-0.10011210292577744,0.07313565164804459,-0.33310210704803467,-0.06821217387914658,-0.014627085998654366,-0.5073403120040894,-0.01803075522184372,0.003219720907509327,-0.6908676028251648,-0.05897216126322746,0.017141632735729218,-0.8002316355705261,-0.0562768317759037,0.03605325147509575,-0.9096593260765076,-0.03892161697149277,0.0,0.0,0.0,0.0,0.0,0.0,0.0,0.0,0.0,0.0,0.0,0.0,0.0,0.0,0.0,0.0,0.0,0.0,0.0,0.0,0.0,0.0,0.0,0.0,0.0,0.0,0.0,0.0,0.0,0.0,0.0,0.0,0.0,0.0,0.0,0.0,0.0,0.0,0.0,0.0,0.0,0.0,0.0,0.0,0.0,0.0,0.0,0.0,0.0,0.0,0.0,0.0,0.0,0.0,0.0,0.0,0.0,0.0,0.0,0.0,0.0,0.0,0.0,WATER
0.0,0.0,0.0,0.17091919481754303,-0.025459036231040955,-0.04489285126328468,0.31617459654808044,-0.19086094200611115,-0.04287829250097275,0.40398910641670227,-0.3292981684207916,-0.04177961125969887,0.4789409935474396,-0.37837889790534973,-0.0411931611597538,0.25969943404197693,-0.4711547791957855,-0.01196830254048109,0.316573828458786,-0.6827844977378845,-0.032967809587717056,0.3422900438308716,-0.818688154220581,-0.038485582917928696,0.35911405086517334,-0.9324714541435242,-0.03916611149907112,0.16283583641052246,-0.4934789836406708,-0.010450620204210281,0.17600785195827484,-0.6135507822036743,-0.09737352281808853,0.13796384632587433,-0.4500177800655365,-0.12718676030635834,0.1080901101231575,-0.30703088641166687,-0.11504871398210526,0.07049117982387543,-0.4983803927898407,-0.012834585271775723,0.08159040659666061,-0.602215588092804,-0.10266395658254623,0.06698181480169296,-0.44660165905952454,-0.10856153070926666,0.05452319234609604,-0.3217419385910034,-0.07720369100570679,-0.024700094014406204,-0.49409300088882446,-0.016734076663851738,-0.007764038629829884,-0.6800596117973328,-0.06355919688940048,0.006160797085613012,-0.788067102432251,-0.06499320268630981,0.024520309641957283,-0.8945135474205017,-0.04954540729522705,0.0,0.0,0.0,0.0,0.0,0.0,0.0,0.0,0.0,0.0,0.0,0.0,0.0,0.0,0.0,0.0,0.0,0.0,0.0,0.0,0.0,0.0,0.0,0.0,0.0,0.0,0.0,0.0,0.0,0.0,0.0,0.0,0.0,0.0,0.0,0.0,0.0,0.0,0.0,0.0,0.0,0.0,0.0,0.0,0.0,0.0,0.0,0.0,0.0,0.0,0.0,0.0,0.0,0.0,0.0,0.0,0.0,0.0,0.0,0.0,0.0,0.0,0.0,WATER
0.0,0.0,0.0,0.1668328046798706,-0.02650938741862774,-0.047216035425662994,0.3221297264099121,-0.19269037246704102,-0.04894658178091049,0.42007043957710266,-0.32708215713500977,-0.052642811089754105,0.4956190586090088,-0.3726128339767456,-0.05666406825184822,0.2591387629508972,-0.46928128600120544,-0.012947749346494675,0.31486204266548157,-0.6859475374221802,-0.03458205237984657,0.33726048469543457,-0.8220183253288269,-0.03994027152657509,0.35394883155822754,-0.9343997836112976,-0.04021574184298515,0.1673191487789154,-0.49310892820358276,-0.01178052369505167,0.16807213425636292,-0.6112499833106995,-0.10039400309324265,0.12251600623130798,-0.4517046809196472,-0.12986475229263306,0.09281957894563675,-0.3120225667953491,-0.1167057603597641,0.07678620517253876,-0.5004438161849976,-0.014801988378167152,0.07639700919389725,-0.6038784980773926,-0.10453986376523972,0.05513971298933029,-0.44600042700767517,-0.10893934220075607,0.04488726705312729,-0.3225337564945221,-0.07594501227140427,-0.018448255956172943,-0.4981859624385834,-0.019808221608400345,-0.007322401739656925,-0.680474579334259,-0.06266322731971741,0.0020608771592378616,-0.7885943055152893,-0.060667846351861954,0.018838396295905113,-0.8955510854721069,-0.042783837765455246,0.0,0.0,0.0,0.0,0.0,0.0,0.0,0.0,0.0,0.0,0.0,0.0,0.0,0.0,0.0,0.0,0.0,0.0,0.0,0.0,0.0,0.0,0.0,0.0,0.0,0.0,0.0,0.0,0.0,0.0,0.0,0.0,0.0,0.0,0.0,0.0,0.0,0.0,0.0,0.0,0.0,0.0,0.0,0.0,0.0,0.0,0.0,0.0,0.0,0.0,0.0,0.0,0.0,0.0,0.0,0.0,0.0,0.0,0.0,0.0,0.0,0.0,0.0,WATER
0.0,0.0,0.0,0.1659339815378189,-0.033409371972084045,-0.04361245781183243,0.3176139295101166,-0.19693101942539215,-0.045437369495630264,0.41330328583717346,-0.32754671573638916,-0.049439687281847,0.48677942156791687,-0.37702611088752747,-0.05378022789955139,0.25353747606277466,-0.47405004501342773,-0.014571522362530231,0.305209219455719,-0.6898863911628723,-0.036341506987810135,0.3282736539840698,-0.825456440448761,-0.04199617728590965,0.3463813066482544,-0.9371181726455688,-0.04277290403842926,0.1610468029975891,-0.49383795261383057,-0.015884188935160637,0.16062821447849274,-0.6079170107841492,-0.10235639661550522,0.12265948951244354,-0.4473012387752533,-0.13052785396575928,0.09727107733488083,-0.3072067201137543,-0.11814943701028824,0.06991948932409286,-0.49560055136680603,-0.021009517833590508,0.06752091646194458,-0.593802809715271,-0.10926469415426254,0.054630886763334274,-0.4362221956253052,-0.11237117648124695,0.04918147251009941,-0.3136034905910492,-0.08031546324491501,-0.025356687605381012,-0.48934313654899597,-0.027904421091079712,-0.01606842689216137,-0.6714363694190979,-0.07218211144208908,-0.006851731799542904,-0.7786497473716736,-0.07060029357671738,0.00913151353597641,-0.8874069452285767,-0.05388406664133072,0.0,0.0,0.0,0.0,0.0,0.0,0.0,0.0,0.0,0.0,0.0,0.0,0.0,0.0,0.0,0.0,0.0,0.0,0.0,0.0,0.0,0.0,0.0,0.0,0.0,0.0,0.0,0.0,0.0,0.0,0.0,0.0,0.0,0.0,0.0,0.0,0.0,0.0,0.0,0.0,0.0,0.0,0.0,0.0,0.0,0.0,0.0,0.0,0.0,0.0,0.0,0.0,0.0,0.0,0.0,0.0,0.0,0.0,0.0,0.0,0.0,0.0,0.0,WATER
0.0,0.0,0.0,0.1658196598291397,-0.03597049415111542,-0.03795289993286133,0.31613069772720337,-0.19845260679721832,-0.04019888490438461,0.4124686121940613,-0.3267875909805298,-0.0468568280339241,0.48618006706237793,-0.3760015666484833,-0.05453888326883316,0.25175660848617554,-0.47385236620903015,-0.010315477848052979,0.304120808839798,-0.6911612153053284,-0.034329626709222794,0.32753732800483704,-0.8255645036697388,-0.0418086051940918,0.3452993929386139,-0.9374862909317017,-0.04344920068979263,0.15983854234218597,-0.4948738217353821,-0.015024963766336441,0.16191041469573975,-0.6076886653900146,-0.10533588379621506,0.12458713352680206,-0.44421476125717163,-0.13551783561706543,0.09635104238986969,-0.3023563325405121,-0.12370822578668594,0.0691772848367691,-0.4986865818500519,-0.023033468052744865,0.06947805732488632,-0.6075647473335266,-0.11078751087188721,0.05690959468483925,-0.4514983296394348,-0.11245334148406982,0.04977233335375786,-0.3257317543029785,-0.07962992042303085,-0.02564948983490467,-0.4911191761493683,-0.032672490924596786,-0.01563221588730812,-0.6721380949020386,-0.07521193474531174,-0.005497761536389589,-0.7809809446334839,-0.07252130657434464,0.009680375456809998,-0.8908816576004028,-0.055151280015707016,0.0,0.0,0.0,0.0,0.0,0.0,0.0,0.0,0.0,0.0,0.0,0.0,0.0,0.0,0.0,0.0,0.0,0.0,0.0,0.0,0.0,0.0,0.0,0.0,0.0,0.0,0.0,0.0,0.0,0.0,0.0,0.0,0.0,0.0,0.0,0.0,0.0,0.0,0.0,0.0,0.0,0.0,0.0,0.0,0.0,0.0,0.0,0.0,0.0,0.0,0.0,0.0,0.0,0.0,0.0,0.0,0.0,0.0,0.0,0.0,0.0,0.0,0.0,WATER
0.0,0.0,0.0,0.1631728857755661,-0.03461699187755585,-0.04719666764140129,0.31357723474502563,-0.19852368533611298,-0.05134245380759239,0.412241667509079,-0.32655826210975647,-0.0573199987411499,0.48528653383255005,-0.3787073791027069,-0.06337234377861023,0.25535401701927185,-0.4739249348640442,-0.017958832904696465,0.30694934725761414,-0.6890830993652344,-0.03981497883796692,0.3281973898410797,-0.8244995474815369,-0.045758821070194244,0.3436969220638275,-0.937919020652771,-0.04669266939163208,0.16275401413440704,-0.49395066499710083,-0.018421297892928123,0.165723979473114,-0.6040785312652588,-0.10515754669904709,0.12784549593925476,-0.44164562225341797,-0.1338886171579361,0.10085766762495041,-0.2995384931564331,-0.12141826003789902,0.0719669833779335,-0.4969608187675476,-0.022990571334958076,0.07301313430070877,-0.5960010886192322,-0.1106279268860817,0.060155078768730164,-0.43854212760925293,-0.1149403303861618,0.05286374315619469,-0.3154973089694977,-0.08352074772119522,-0.021304016932845116,-0.4922238886356354,-0.029696805402636528,-0.013364157639443874,-0.6761271953582764,-0.07197292894124985,-0.00649213045835495,-0.7814319729804993,-0.06980201601982117,0.007588246371597052,-0.8876034021377563,-0.05274466052651405,0.0,0.0,0.0,0.0,0.0,0.0,0.0,0.0,0.0,0.0,0.0,0.0,0.0,0.0,0.0,0.0,0.0,0.0,0.0,0.0,0.0,0.0,0.0,0.0,0.0,0.0,0.0,0.0,0.0,0.0,0.0,0.0,0.0,0.0,0.0,0.0,0.0,0.0,0.0,0.0,0.0,0.0,0.0,0.0,0.0,0.0,0.0,0.0,0.0,0.0,0.0,0.0,0.0,0.0,0.0,0.0,0.0,0.0,0.0,0.0,0.0,0.0,0.0,WATER
0.0,0.0,0.0,0.16123120486736298,-0.03447840362787247,-0.04518887400627136,0.3090542256832123,-0.20015673339366913,-0.04710598289966583,0.4048457443714142,-0.33208268880844116,-0.051235899329185486,0.47631779313087463,-0.38514015078544617,-0.055383309721946716,0.2512269616127014,-0.47516554594039917,-0.012990069575607777,0.3014655113220215,-0.6929005980491638,-0.03362099826335907,0.3214586079120636,-0.8284215927124023,-0.03808088228106499,0.33706432580947876,-0.9407265782356262,-0.037698160856962204,0.15829356014728546,-0.49450576305389404,-0.013443713076412678,0.16291144490242004,-0.6064192652702332,-0.10073821991682053,0.122296042740345,-0.44586479663848877,-0.12978480756282806,0.09353244304656982,-0.30441051721572876,-0.11664648354053497,0.06723808497190475,-0.4972513020038605,-0.017883319407701492,0.06937722861766815,-0.5979883670806885,-0.10646045207977295,0.05518660694360733,-0.4408113658428192,-0.11151774972677231,0.04769982770085335,-0.31698164343833923,-0.07982873916625977,-0.02720479667186737,-0.49243301153182983,-0.024082381278276443,-0.02118416130542755,-0.6747404336929321,-0.06706267595291138,-0.015241771005094051,-0.7806712985038757,-0.06561129540205002,-0.0015039807185530663,-0.8875814080238342,-0.04857092350721359,0.0,0.0,0.0,0.0,0.0,0.0,0.0,0.0,0.0,0.0,0.0,0.0,0.0,0.0,0.0,0.0,0.0,0.0,0.0,0.0,0.0,0.0,0.0,0.0,0.0,0.0,0.0,0.0,0.0,0.0,0.0,0.0,0.0,0.0,0.0,0.0,0.0,0.0,0.0,0.0,0.0,0.0,0.0,0.0,0.0,0.0,0.0,0.0,0.0,0.0,0.0,0.0,0.0,0.0,0.0,0.0,0.0,0.0,0.0,0.0,0.0,0.0,0.0,WATER
0.0,0.0,0.0,0.15936778485774994,-0.04325185343623161,-0.04251648858189583,0.3016877770423889,-0.21069641411304474,-0.044915128499269485,0.398804247379303,-0.33561021089553833,-0.04968252405524254,0.4707798957824707,-0.381023645401001,-0.054986484348773956,0.24217985570430756,-0.4794872999191284,-0.01673196256160736,0.2920423150062561,-0.6939214468002319,-0.038589172065258026,0.31271252036094666,-0.8302764892578125,-0.04456979036331177,0.32870563864707947,-0.9433339834213257,-0.04553769528865814,0.1486576795578003,-0.4964260756969452,-0.019011324271559715,0.14874482154846191,-0.6063655614852905,-0.1051788479089737,0.11125224083662033,-0.4434383511543274,-0.13285081088542938,0.08664293587207794,-0.301440566778183,-0.11977019160985947,0.05730120837688446,-0.49477440118789673,-0.024790780618786812,0.05487401410937309,-0.586959183216095,-0.11205410957336426,0.043196506798267365,-0.43049687147140503,-0.1158483475446701,0.03867058828473091,-0.3092121481895447,-0.08407662808895111,-0.0355134941637516,-0.4845995604991913,-0.03225582093000412,-0.031042641028761864,-0.6662980318069458,-0.07561161369085312,-0.02667141705751419,-0.7724292278289795,-0.07351691275835037,-0.015013209544122219,-0.8788087964057922,-0.05618594214320183,0.0,0.0,0.0,0.0,0.0,0.0,0.0,0.0,0.0,0.0,0.0,0.0,0.0,0.0,0.0,0.0,0.0,0.0,0.0,0.0,0.0,0.0,0.0,0.0,0.0,0.0,0.0,0.0,0.0,0.0,0.0,0.0,0.0,0.0,0.0,0.0,0.0,0.0,0.0,0.0,0.0,0.0,0.0,0.0,0.0,0.0,0.0,0.0,0.0,0.0,0.0,0.0,0.0,0.0,0.0,0.0,0.0,0.0,0.0,0.0,0.0,0.0,0.0,WATER
0.0,0.0,0.0,0.1630776822566986,-0.04221224784851074,-0.04829337075352669,0.3019452691078186,-0.21505865454673767,-0.052020907402038574,0.3904719352722168,-0.35461223125457764,-0.05627591162919998,0.4646212160587311,-0.4044422507286072,-0.06080503389239311,0.24014213681221008,-0.47577524185180664,-0.023129841312766075,0.28637275099754333,-0.6905818581581116,-0.047678250819444656,0.30746743083000183,-0.8304957151412964,-0.05520656704902649,0.3191637396812439,-0.9459564089775085,-0.05745382979512215,0.1431606262922287,-0.49092811346054077,-0.022303689271211624,0.14144472777843475,-0.5965563654899597,-0.11433378607034683,0.10506825149059296,-0.4302841126918793,-0.1445457637310028,0.07708652317523956,-0.2868229150772095,-0.13247273862361908,0.050908736884593964,-0.48658615350723267,-0.02529444545507431,0.047550201416015625,-0.5806044340133667,-0.11745959520339966,0.04054415225982666,-0.4270267188549042,-0.12238867580890656,0.03489376977086067,-0.3032008111476898,-0.09051541239023209,-0.041435856372117996,-0.47130200266838074,-0.03028484433889389,-0.037745602428913116,-0.6544732451438904,-0.07849706709384918,-0.030927719548344612,-0.7615779042243958,-0.07968095690011978,-0.01792742870748043,-0.8703422546386719,-0.06401530653238297,0.0,0.0,0.0,0.0,0.0,0.0,0.0,0.0,0.0,0.0,0.0,0.0,0.0,0.0,0.0,0.0,0.0,0.0,0.0,0.0,0.0,0.0,0.0,0.0,0.0,0.0,0.0,0.0,0.0,0.0,0.0,0.0,0.0,0.0,0.0,0.0,0.0,0.0,0.0,0.0,0.0,0.0,0.0,0.0,0.0,0.0,0.0,0.0,0.0,0.0,0.0,0.0,0.0,0.0,0.0,0.0,0.0,0.0,0.0,0.0,0.0,0.0,0.0,WATER
0.0,0.0,0.0,0.15915904939174652,-0.034486349672079086,-0.05126978084445,0.301817923784256,-0.21173205971717834,-0.05592656880617142,0.3962317407131195,-0.35295289754867554,-0.06169957295060158,0.47460973262786865,-0.396390825510025,-0.06802289187908173,0.23541149497032166,-0.4742768406867981,-0.024106435477733612,0.28313159942626953,-0.6935297250747681,-0.04969753324985504,0.30205023288726807,-0.8318488597869873,-0.05689764395356178,0.31705155968666077,-0.9465780258178711,-0.058891911059617996,0.1447269767522812,-0.48955026268959045,-0.0219724178314209,0.13138897716999054,-0.5982757210731506,-0.11550767719745636,0.09209425002336502,-0.4361504316329956,-0.14478285610675812,0.07120102643966675,-0.2964787781238556,-0.13149163126945496,0.0553319938480854,-0.48661571741104126,-0.02428574301302433,0.03695495054125786,-0.5751954913139343,-0.11946044862270355,0.02593006007373333,-0.41449469327926636,-0.12404774129390717,0.027237100526690483,-0.28910699486732483,-0.09016764163970947,-0.036345984786748886,-0.4752987027168274,-0.028812557458877563,-0.03402354568243027,-0.6520447134971619,-0.07750440388917923,-0.031645651906728745,-0.7589098215103149,-0.0779385045170784,-0.021137284114956856,-0.866750955581665,-0.06108025088906288,0.0,0.0,0.0,0.0,0.0,0.0,0.0,0.0,0.0,0.0,0.0,0.0,0.0,0.0,0.0,0.0,0.0,0.0,0.0,0.0,0.0,0.0,0.0,0.0,0.0,0.0,0.0,0.0,0.0,0.0,0.0,0.0,0.0,0.0,0.0,0.0,0.0,0.0,0.0,0.0,0.0,0.0,0.0,0.0,0.0,0.0,0.0,0.0,0.0,0.0,0.0,0.0,0.0,0.0,0.0,0.0,0.0,0.0,0.0,0.0,0.0,0.0,0.0,WATER
0.0,0.0,0.0,0.15849296748638153,-0.03828616440296173,-0.05036073923110962,0.29767319560050964,-0.2173600047826767,-0.056868746876716614,0.38834282755851746,-0.35790324211120605,-0.06489106267690659,0.4675469696521759,-0.4050642251968384,-0.07329563796520233,0.23390062153339386,-0.47651323676109314,-0.027712006121873856,0.27764004468917847,-0.6949004530906677,-0.055141378194093704,0.29367172718048096,-0.8340749144554138,-0.06268541514873505,0.30656898021698,-0.949641764163971,-0.06477630883455276,0.14118357002735138,-0.4917255640029907,-0.02782081812620163,0.13272003829479218,-0.5952321887016296,-0.12343218922615051,0.09514429420232773,-0.4326670169830322,-0.1520567685365677,0.07247712463140488,-0.2933575510978699,-0.13810031116008759,0.049805864691734314,-0.48697495460510254,-0.032377127557992935,0.03861363232135773,-0.569876492023468,-0.13059738278388977,0.029112817719578743,-0.4021863639354706,-0.13390523195266724,0.029450271278619766,-0.27567383646965027,-0.09881269931793213,-0.04278421774506569,-0.47398892045021057,-0.03905530273914337,-0.04062896594405174,-0.6517192721366882,-0.08993680030107498,-0.03486338630318642,-0.7572986483573914,-0.09025098383426666,-0.019510755315423012,-0.8671172857284546,-0.07345851510763168,0.0,0.0,0.0,0.0,0.0,0.0,0.0,0.0,0.0,0.0,0.0,0.0,0.0,0.0,0.0,0.0,0.0,0.0,0.0,0.0,0.0,0.0,0.0,0.0,0.0,0.0,0.0,0.0,0.0,0.0,0.0,0.0,0.0,0.0,0.0,0.0,0.0,0.0,0.0,0.0,0.0,0.0,0.0,0.0,0.0,0.0,0.0,0.0,0.0,0.0,0.0,0.0,0.0,0.0,0.0,0.0,0.0,0.0,0.0,0.0,0.0,0.0,0.0,WATER
0.0,0.0,0.0,0.15795636177062988,-0.03948289901018143,-0.050542425364255905,0.29612216353416443,-0.21577803790569305,-0.05754943937063217,0.38701683282852173,-0.3585151731967926,-0.0659242793917656,0.4667028784751892,-0.4084329307079315,-0.07479444891214371,0.23264098167419434,-0.4761604070663452,-0.02864185720682144,0.27706366777420044,-0.6935465335845947,-0.05546455457806587,0.29410380125045776,-0.8326186537742615,-0.06281799077987671,0.3075714111328125,-0.9493067860603333,-0.064934141933918,0.14010724425315857,-0.4915619194507599,-0.02817586436867714,0.1281784325838089,-0.5891240835189819,-0.12388068437576294,0.08960869163274765,-0.42135724425315857,-0.15269535779953003,0.06609947979450226,-0.2784728705883026,-0.13867437839508057,0.04934057965874672,-0.4879140853881836,-0.03178885206580162,0.03195343166589737,-0.5693913102149963,-0.1282012015581131,0.024892520159482956,-0.40506231784820557,-0.13152551651000977,0.027309993281960487,-0.2788894474506378,-0.09696996957063675,-0.04283469170331955,-0.47631871700286865,-0.037463780492544174,-0.041927631944417953,-0.6508504152297974,-0.08597999066114426,-0.03882436454296112,-0.7543437480926514,-0.08483079820871353,-0.02735649049282074,-0.863068163394928,-0.0670766830444336,0.0,0.0,0.0,0.0,0.0,0.0,0.0,0.0,0.0,0.0,0.0,0.0,0.0,0.0,0.0,0.0,0.0,0.0,0.0,0.0,0.0,0.0,0.0,0.0,0.0,0.0,0.0,0.0,0.0,0.0,0.0,0.0,0.0,0.0,0.0,0.0,0.0,0.0,0.0,0.0,0.0,0.0,0.0,0.0,0.0,0.0,0.0,0.0,0.0,0.0,0.0,0.0,0.0,0.0,0.0,0.0,0.0,0.0,0.0,0.0,0.0,0.0,0.0,WATER
0.0,0.0,0.0,0.1584133803844452,-0.03941792622208595,-0.0493563711643219,0.29841065406799316,-0.21505126357078552,-0.05524211376905441,0.3897688686847687,-0.358761727809906,-0.06313694268465042,0.46952518820762634,-0.40444499254226685,-0.07157484441995621,0.23206797242164612,-0.4713127911090851,-0.02565857581794262,0.2782822251319885,-0.691464364528656,-0.05338069424033165,0.29566118121147156,-0.8317583203315735,-0.060932427644729614,0.3092809021472931,-0.9488943815231323,-0.06280706077814102,0.14042481780052185,-0.4885275959968567,-0.025080211460590363,0.12579230964183807,-0.5913625359535217,-0.12372791022062302,0.08566237986087799,-0.4235389828681946,-0.15367911756038666,0.06152655556797981,-0.2799534797668457,-0.13920502364635468,0.0508858896791935,-0.48820433020591736,-0.028463469818234444,0.029953086748719215,-0.5781868696212769,-0.12470006942749023,0.020760834217071533,-0.41990119218826294,-0.12816230952739716,0.0224333256483078,-0.2950912117958069,-0.09318030625581741,-0.04042532294988632,-0.47920846939086914,-0.03399753198027611,-0.039062391966581345,-0.65189528465271,-0.08151586353778839,-0.03616829589009285,-0.7558019161224365,-0.08040265738964081,-0.026630574837327003,-0.863440990447998,-0.062138136476278305,0.0,0.0,0.0,0.0,0.0,0.0,0.0,0.0,0.0,0.0,0.0,0.0,0.0,0.0,0.0,0.0,0.0,0.0,0.0,0.0,0.0,0.0,0.0,0.0,0.0,0.0,0.0,0.0,0.0,0.0,0.0,0.0,0.0,0.0,0.0,0.0,0.0,0.0,0.0,0.0,0.0,0.0,0.0,0.0,0.0,0.0,0.0,0.0,0.0,0.0,0.0,0.0,0.0,0.0,0.0,0.0,0.0,0.0,0.0,0.0,0.0,0.0,0.0,WATER
0.0,0.0,0.0,0.15748389065265656,-0.035223785787820816,-0.05187060683965683,0.29726606607437134,-0.21504022181034088,-0.05813554301857948,0.387381911277771,-0.360234797000885,-0.06559687852859497,0.46708324551582336,-0.40815725922584534,-0.07374761998653412,0.23228296637535095,-0.475458562374115,-0.02817334234714508,0.2778392434120178,-0.69395512342453,-0.055046796798706055,0.2961199879646301,-0.8326287269592285,-0.06309597194194794,0.3099118173122406,-0.9484937787055969,-0.06568294018507004,0.14133305847644806,-0.4899156391620636,-0.027041083201766014,0.12903842329978943,-0.5895038843154907,-0.12291527539491653,0.09099788963794708,-0.425418496131897,-0.15288515388965607,0.06812403351068497,-0.2869385778903961,-0.13977783918380737,0.051541656255722046,-0.485538512468338,-0.03024200350046158,0.033606622368097305,-0.5648212432861328,-0.12802602350711823,0.025932760909199715,-0.39957520365715027,-0.13288787007331848,0.027664341032505035,-0.2735465168952942,-0.09870730340480804,-0.04003279283642769,-0.47354602813720703,-0.0356137752532959,-0.03993525728583336,-0.6515563726425171,-0.08540952950716019,-0.03538917377591133,-0.7575548887252808,-0.08552315086126328,-0.02194681391119957,-0.865956723690033,-0.06834431737661362,0.0,0.0,0.0,0.0,0.0,0.0,0.0,0.0,0.0,0.0,0.0,0.0,0.0,0.0,0.0,0.0,0.0,0.0,0.0,0.0,0.0,0.0,0.0,0.0,0.0,0.0,0.0,0.0,0.0,0.0,0.0,0.0,0.0,0.0,0.0,0.0,0.0,0.0,0.0,0.0,0.0,0.0,0.0,0.0,0.0,0.0,0.0,0.0,0.0,0.0,0.0,0.0,0.0,0.0,0.0,0.0,0.0,0.0,0.0,0.0,0.0,0.0,0.0,WATER
0.0,0.0,0.0,0.15747639536857605,-0.03705741465091705,-0.05257708579301834,0.2979934811592102,-0.21817877888679504,-0.059627361595630646,0.3897511065006256,-0.3654003441333771,-0.06769110262393951,0.4697842597961426,-0.41065266728401184,-0.07625050097703934,0.23526783287525177,-0.4719725549221039,-0.0298626646399498,0.2818244695663452,-0.6899086236953735,-0.057792652398347855,0.2988987863063812,-0.8298454880714417,-0.06649168580770493,0.3120931386947632,-0.9474712610244751,-0.06997193396091461,0.1444299966096878,-0.49004024267196655,-0.027801336720585823,0.1314323991537094,-0.5902508497238159,-0.1245795488357544,0.09115798026323318,-0.4259103536605835,-0.1538698971271515,0.06664928793907166,-0.2859906554222107,-0.14031636714935303,0.05480962619185448,-0.48876407742500305,-0.030044743791222572,0.03568102419376373,-0.5730342864990234,-0.12600018084049225,0.026419496163725853,-0.41224250197410583,-0.12965722382068634,0.027542786672711372,-0.2865864336490631,-0.095609650015831,-0.036760829389095306,-0.47780805826187134,-0.03471861034631729,-0.03481099754571915,-0.6481828093528748,-0.0832880511879921,-0.03309199959039688,-0.749894917011261,-0.08336273580789566,-0.024074086919426918,-0.854988694190979,-0.06653612852096558,0.0,0.0,0.0,0.0,0.0,0.0,0.0,0.0,0.0,0.0,0.0,0.0,0.0,0.0,0.0,0.0,0.0,0.0,0.0,0.0,0.0,0.0,0.0,0.0,0.0,0.0,0.0,0.0,0.0,0.0,0.0,0.0,0.0,0.0,0.0,0.0,0.0,0.0,0.0,0.0,0.0,0.0,0.0,0.0,0.0,0.0,0.0,0.0,0.0,0.0,0.0,0.0,0.0,0.0,0.0,0.0,0.0,0.0,0.0,0.0,0.0,0.0,0.0,WATER
0.0,0.0,0.0,0.15952201187610626,-0.03909188508987427,-0.053104933351278305,0.2996646463871002,-0.22306986153125763,-0.05932902172207832,0.39141619205474854,-0.3748503625392914,-0.06555235385894775,0.47549593448638916,-0.42025819420814514,-0.0721900537610054,0.24001452326774597,-0.4752158522605896,-0.02760956436395645,0.28250864148139954,-0.6929343342781067,-0.05525693669915199,0.2983882427215576,-0.833908200263977,-0.06419944763183594,0.30891185998916626,-0.9487354755401611,-0.06689128279685974,0.14753811061382294,-0.48841193318367004,-0.025624901056289673,0.1332758367061615,-0.5971164703369141,-0.12255651503801346,0.09733249247074127,-0.4326627254486084,-0.1535150557756424,0.0778532475233078,-0.28939902782440186,-0.140089750289917,0.056172970682382584,-0.48347190022468567,-0.028112158179283142,0.03642406687140465,-0.5587093830108643,-0.12667611241340637,0.028482822701334953,-0.39874735474586487,-0.13290390372276306,0.030376238748431206,-0.27435317635536194,-0.09890082478523254,-0.03945962339639664,-0.4707053601741791,-0.032747361809015274,-0.03973696008324623,-0.6465096473693848,-0.0818662941455841,-0.03614480420947075,-0.7527426481246948,-0.0818098708987236,-0.024183286353945732,-0.8597224354743958,-0.06427191942930222,0.0,0.0,0.0,0.0,0.0,0.0,0.0,0.0,0.0,0.0,0.0,0.0,0.0,0.0,0.0,0.0,0.0,0.0,0.0,0.0,0.0,0.0,0.0,0.0,0.0,0.0,0.0,0.0,0.0,0.0,0.0,0.0,0.0,0.0,0.0,0.0,0.0,0.0,0.0,0.0,0.0,0.0,0.0,0.0,0.0,0.0,0.0,0.0,0.0,0.0,0.0,0.0,0.0,0.0,0.0,0.0,0.0,0.0,0.0,0.0,0.0,0.0,0.0,WATER
0.0,0.0,0.0,0.1569087952375412,-0.040633801370859146,-0.04776841402053833,0.29752713441848755,-0.22749285399913788,-0.0527973510324955,0.38779979944229126,-0.3752119541168213,-0.059222690761089325,0.4734610617160797,-0.40954259037971497,-0.06642141193151474,0.23036253452301025,-0.47620537877082825,-0.029075276106595993,0.27568042278289795,-0.6938955783843994,-0.055079493671655655,0.29161661863327026,-0.8345540165901184,-0.061799660325050354,0.30360883474349976,-0.9506623148918152,-0.06374015659093857,0.1388481855392456,-0.4900425374507904,-0.02898482419550419,0.1238107904791832,-0.5860397815704346,-0.12301204353570938,0.09026388823986053,-0.422469824552536,-0.15095694363117218,0.07063665986061096,-0.28411194682121277,-0.13729052245616913,0.04993293434381485,-0.4853675365447998,-0.03257973492145538,0.026216214522719383,-0.5589770674705505,-0.12642864882946014,0.023232193663716316,-0.3987639844417572,-0.13049836456775665,0.028883997350931168,-0.2752892076969147,-0.09747563302516937,-0.04198750481009483,-0.47263103723526,-0.038115255534648895,-0.04249074310064316,-0.6439803838729858,-0.0851854458451271,-0.04016442596912384,-0.7474884986877441,-0.08506082743406296,-0.031613390892744064,-0.8541029691696167,-0.06866127252578735,0.0,0.0,0.0,0.0,0.0,0.0,0.0,0.0,0.0,0.0,0.0,0.0,0.0,0.0,0.0,0.0,0.0,0.0,0.0,0.0,0.0,0.0,0.0,0.0,0.0,0.0,0.0,0.0,0.0,0.0,0.0,0.0,0.0,0.0,0.0,0.0,0.0,0.0,0.0,0.0,0.0,0.0,0.0,0.0,0.0,0.0,0.0,0.0,0.0,0.0,0.0,0.0,0.0,0.0,0.0,0.0,0.0,0.0,0.0,0.0,0.0,0.0,0.0,WATER
0.0,0.0,0.0,0.15561428666114807,-0.04182307422161102,-0.048792753368616104,0.29194748401641846,-0.2249394804239273,-0.05568127706646919,0.38267141580581665,-0.37113502621650696,-0.06435859203338623,0.46449965238571167,-0.40806740522384644,-0.07384397834539413,0.22947612404823303,-0.47434043884277344,-0.030864128842949867,0.27324020862579346,-0.6941456198692322,-0.05896088108420372,0.29004910588264465,-0.8337939977645874,-0.06657851487398148,0.30259478092193604,-0.9506219029426575,-0.06895148009061813,0.13884985446929932,-0.489175021648407,-0.03128596395254135,0.12188015133142471,-0.5843745470046997,-0.1275923252105713,0.08817590773105621,-0.41906970739364624,-0.15577208995819092,0.0682314783334732,-0.2796611189842224,-0.14202968776226044,0.049409907311201096,-0.4841277301311493,-0.03559108078479767,0.025395434349775314,-0.5616381764411926,-0.1316676139831543,0.022688627243041992,-0.4000277817249298,-0.13494566082954407,0.028817279264330864,-0.27485567331314087,-0.10097748041152954,-0.042881060391664505,-0.47003570199012756,-0.04200729727745056,-0.04314110428094864,-0.6412000060081482,-0.09067000448703766,-0.04152601584792137,-0.7459465861320496,-0.09066910296678543,-0.03334716334939003,-0.8544743657112122,-0.07413060963153839,0.0,0.0,0.0,0.0,0.0,0.0,0.0,0.0,0.0,0.0,0.0,0.0,0.0,0.0,0.0,0.0,0.0,0.0,0.0,0.0,0.0,0.0,0.0,0.0,0.0,0.0,0.0,0.0,0.0,0.0,0.0,0.0,0.0,0.0,0.0,0.0,0.0,0.0,0.0,0.0,0.0,0.0,0.0,0.0,0.0,0.0,0.0,0.0,0.0,0.0,0.0,0.0,0.0,0.0,0.0,0.0,0.0,0.0,0.0,0.0,0.0,0.0,0.0,WATER
0.0,0.0,0.0,0.15569190680980682,-0.04517607390880585,-0.04411458596587181,0.28946542739868164,-0.23101085424423218,-0.049225568771362305,0.3764481544494629,-0.37639567255973816,-0.057223133742809296,0.4559745788574219,-0.4151000380516052,-0.06596861779689789,0.22710880637168884,-0.4764930009841919,-0.02814929373562336,0.2701444923877716,-0.6961032748222351,-0.056035321205854416,0.28639301657676697,-0.8343077898025513,-0.06330259889364243,0.2990807890892029,-0.9519475698471069,-0.0659279152750969,0.13611340522766113,-0.49085772037506104,-0.031200598925352097,0.12328577786684036,-0.5822107195854187,-0.12774677574634552,0.08871512860059738,-0.41772961616516113,-0.15554015338420868,0.06648418307304382,-0.2802135646343231,-0.14205147325992584,0.046914465725421906,-0.48417794704437256,-0.03786025941371918,0.02906905859708786,-0.5619990825653076,-0.13349130749702454,0.026723673567175865,-0.39864522218704224,-0.13536271452903748,0.030945736914873123,-0.27127131819725037,-0.10121109336614609,-0.0445789210498333,-0.46807801723480225,-0.04647793248295784,-0.04509936273097992,-0.640235185623169,-0.096373550593853,-0.04201160743832588,-0.7467929124832153,-0.0975942388176918,-0.03215254470705986,-0.8569188714027405,-0.08235037326812744,0.0,0.0,0.0,0.0,0.0,0.0,0.0,0.0,0.0,0.0,0.0,0.0,0.0,0.0,0.0,0.0,0.0,0.0,0.0,0.0,0.0,0.0,0.0,0.0,0.0,0.0,0.0,0.0,0.0,0.0,0.0,0.0,0.0,0.0,0.0,0.0,0.0,0.0,0.0,0.0,0.0,0.0,0.0,0.0,0.0,0.0,0.0,0.0,0.0,0.0,0.0,0.0,0.0,0.0,0.0,0.0,0.0,0.0,0.0,0.0,0.0,0.0,0.0,WATER
0.0,0.0,0.0,0.15663176774978638,-0.047493647783994675,-0.04082202911376953,0.290048748254776,-0.22911101579666138,-0.04668676108121872,0.37678849697113037,-0.3746111989021301,-0.056979406625032425,0.4555048644542694,-0.41767266392707825,-0.06807519495487213,0.22901731729507446,-0.47191449999809265,-0.026123804971575737,0.27163439989089966,-0.6960033178329468,-0.05610811337828636,0.28821080923080444,-0.8332093358039856,-0.06437190622091293,0.30075228214263916,-0.9513265490531921,-0.06727438420057297,0.13743697106838226,-0.48858869075775146,-0.031165514141321182,0.1275349110364914,-0.5775927901268005,-0.13134506344795227,0.09061530232429504,-0.4088244140148163,-0.16020336747169495,0.06370176374912262,-0.27052047848701477,-0.14678242802619934,0.04841557517647743,-0.48540863394737244,-0.03952396288514137,0.034239016473293304,-0.574067234992981,-0.1352725476026535,0.02995140664279461,-0.41283848881721497,-0.13552197813987732,0.03081084042787552,-0.28424784541130066,-0.1003962904214859,-0.04272911325097084,-0.4714510440826416,-0.04980367794632912,-0.042756062000989914,-0.6435323357582092,-0.09919612854719162,-0.03914760425686836,-0.7494808435440063,-0.09953410178422928,-0.030227836221456528,-0.8600026369094849,-0.0833704024553299,0.0,0.0,0.0,0.0,0.0,0.0,0.0,0.0,0.0,0.0,0.0,0.0,0.0,0.0,0.0,0.0,0.0,0.0,0.0,0.0,0.0,0.0,0.0,0.0,0.0,0.0,0.0,0.0,0.0,0.0,0.0,0.0,0.0,0.0,0.0,0.0,0.0,0.0,0.0,0.0,0.0,0.0,0.0,0.0,0.0,0.0,0.0,0.0,0.0,0.0,0.0,0.0,0.0,0.0,0.0,0.0,0.0,0.0,0.0,0.0,0.0,0.0,0.0,WATER
0.0,0.0,0.0,0.15604537725448608,-0.04086226969957352,-0.04983818158507347,0.28909367322921753,-0.22547581791877747,-0.054826345294713974,0.37657859921455383,-0.3717495799064636,-0.06062604859471321,0.4549967348575592,-0.4153546094894409,-0.06673380732536316,0.23081815242767334,-0.4735448956489563,-0.030999694019556046,0.27479395270347595,-0.693398654460907,-0.058603137731552124,0.29318463802337646,-0.8340339660644531,-0.06585925817489624,0.30576226115226746,-0.9497038722038269,-0.06761684268712997,0.13854283094406128,-0.48752179741859436,-0.030905291438102722,0.12147726118564606,-0.5841855406761169,-0.1277586668729782,0.09032391011714935,-0.4211083650588989,-0.15683811902999878,0.07267957180738449,-0.28099387884140015,-0.1430692821741104,0.047977570444345474,-0.4806358218193054,-0.034791238605976105,0.024943223223090172,-0.5484318137168884,-0.13277365267276764,0.023933300748467445,-0.38647010922431946,-0.13805997371673584,0.030767269432544708,-0.2634504735469818,-0.10438317805528641,-0.04483315348625183,-0.4655448794364929,-0.040693365037441254,-0.04671930894255638,-0.6364477872848511,-0.09127270430326462,-0.04139752686023712,-0.7408479452133179,-0.09270859509706497,-0.02831488847732544,-0.8481438755989075,-0.0766071155667305,0.0,0.0,0.0,0.0,0.0,0.0,0.0,0.0,0.0,0.0,0.0,0.0,0.0,0.0,0.0,0.0,0.0,0.0,0.0,0.0,0.0,0.0,0.0,0.0,0.0,0.0,0.0,0.0,0.0,0.0,0.0,0.0,0.0,0.0,0.0,0.0,0.0,0.0,0.0,0.0,0.0,0.0,0.0,0.0,0.0,0.0,0.0,0.0,0.0,0.0,0.0,0.0,0.0,0.0,0.0,0.0,0.0,0.0,0.0,0.0,0.0,0.0,0.0,WATER
0.0,0.0,0.0,0.15805156528949738,-0.042798105627298355,-0.045623406767845154,0.2945960462093353,-0.22419042885303497,-0.05094876512885094,0.3821110725402832,-0.3684985339641571,-0.05861702188849449,0.4599112570285797,-0.4155099093914032,-0.06689877063035965,0.23087745904922485,-0.4705233573913574,-0.030323291197419167,0.27742236852645874,-0.6911250948905945,-0.05826529487967491,0.2961258590221405,-0.8300509452819824,-0.06582477688789368,0.3104504942893982,-0.9481198787689209,-0.068477101624012,0.1380343735218048,-0.48750558495521545,-0.03248760104179382,0.12547563016414642,-0.5771861672401428,-0.12976394593715668,0.09446614980697632,-0.41055431962013245,-0.15871593356132507,0.07411028444766998,-0.2732029855251312,-0.14600126445293427,0.04785354062914848,-0.483562707901001,-0.038200199604034424,0.02843305841088295,-0.561342716217041,-0.13480795919895172,0.029704127460718155,-0.39568331837654114,-0.13806045055389404,0.036926522850990295,-0.2672972083091736,-0.10445096343755722,-0.04361933469772339,-0.47003406286239624,-0.04589421674609184,-0.04345249384641647,-0.6432507634162903,-0.09655554592609406,-0.03993605077266693,-0.7490456104278564,-0.0983625128865242,-0.029706820845603943,-0.8581033945083618,-0.08320242166519165,0.0,0.0,0.0,0.0,0.0,0.0,0.0,0.0,0.0,0.0,0.0,0.0,0.0,0.0,0.0,0.0,0.0,0.0,0.0,0.0,0.0,0.0,0.0,0.0,0.0,0.0,0.0,0.0,0.0,0.0,0.0,0.0,0.0,0.0,0.0,0.0,0.0,0.0,0.0,0.0,0.0,0.0,0.0,0.0,0.0,0.0,0.0,0.0,0.0,0.0,0.0,0.0,0.0,0.0,0.0,0.0,0.0,0.0,0.0,0.0,0.0,0.0,0.0,WATER
0.0,0.0,0.0,0.157831609249115,-0.0433637835085392,-0.04499802738428116,0.2953112721443176,-0.22141307592391968,-0.051920145750045776,0.3819545805454254,-0.36844637989997864,-0.061850741505622864,0.45951688289642334,-0.4196759760379791,-0.07210877537727356,0.23230096697807312,-0.4690818786621094,-0.031280625611543655,0.2795177698135376,-0.6922102570533752,-0.06250729411840439,0.2984788715839386,-0.8292235136032104,-0.07125302404165268,0.3131226599216461,-0.9468240141868591,-0.07401663810014725,0.13858650624752045,-0.4902886152267456,-0.03390037268400192,0.1283322125673294,-0.5795051455497742,-0.13604781031608582,0.09441061317920685,-0.408062607049942,-0.16593021154403687,0.0697396919131279,-0.2691497504711151,-0.15245167911052704,0.048661213368177414,-0.4909377694129944,-0.039924781769514084,0.03315170481801033,-0.5772981643676758,-0.13779811561107635,0.033179495483636856,-0.41136816143989563,-0.13949310779571533,0.03795607015490532,-0.2809368669986725,-0.10429642349481583,-0.042540404945611954,-0.4797917902469635,-0.04799170792102814,-0.0416853129863739,-0.6526331901550293,-0.0982326939702034,-0.03742096945643425,-0.7575037479400635,-0.09897949546575546,-0.027539053931832314,-0.8660106658935547,-0.08249034732580185,0.0,0.0,0.0,0.0,0.0,0.0,0.0,0.0,0.0,0.0,0.0,0.0,0.0,0.0,0.0,0.0,0.0,0.0,0.0,0.0,0.0,0.0,0.0,0.0,0.0,0.0,0.0,0.0,0.0,0.0,0.0,0.0,0.0,0.0,0.0,0.0,0.0,0.0,0.0,0.0,0.0,0.0,0.0,0.0,0.0,0.0,0.0,0.0,0.0,0.0,0.0,0.0,0.0,0.0,0.0,0.0,0.0,0.0,0.0,0.0,0.0,0.0,0.0,WATER
0.0,0.0,0.0,0.1560124158859253,-0.04614781588315964,-0.044449273496866226,0.29105085134506226,-0.2279147505760193,-0.0501423180103302,0.37744688987731934,-0.37254467606544495,-0.0585489459335804,0.4573184549808502,-0.4183975160121918,-0.06744689494371414,0.22883494198322296,-0.4725337624549866,-0.030007077381014824,0.2756555378437042,-0.6924229860305786,-0.06049389764666557,0.293643593788147,-0.8309525847434998,-0.06891156733036041,0.3078855872154236,-0.9487351179122925,-0.07147146016359329,0.13494624197483063,-0.4900805354118347,-0.03276216983795166,0.1243770495057106,-0.5864048004150391,-0.13324470818042755,0.09090856462717056,-0.4155794382095337,-0.1615699678659439,0.06919456273317337,-0.273501455783844,-0.14674732089042664,0.0447944812476635,-0.4868345856666565,-0.03909771516919136,0.028510114178061485,-0.5678278803825378,-0.13727053999900818,0.02713351882994175,-0.40035542845726013,-0.13832221925258636,0.03247125446796417,-0.2700510621070862,-0.10207092016935349,-0.046627599745988846,-0.47307026386260986,-0.047354910522699356,-0.045720674097537994,-0.6454895734786987,-0.09853573888540268,-0.04101335629820824,-0.7511059045791626,-0.09933722764253616,-0.029690513387322426,-0.8602414727210999,-0.08272325247526169,0.0,0.0,0.0,0.0,0.0,0.0,0.0,0.0,0.0,0.0,0.0,0.0,0.0,0.0,0.0,0.0,0.0,0.0,0.0,0.0,0.0,0.0,0.0,0.0,0.0,0.0,0.0,0.0,0.0,0.0,0.0,0.0,0.0,0.0,0.0,0.0,0.0,0.0,0.0,0.0,0.0,0.0,0.0,0.0,0.0,0.0,0.0,0.0,0.0,0.0,0.0,0.0,0.0,0.0,0.0,0.0,0.0,0.0,0.0,0.0,0.0,0.0,0.0,WATER
0.0,0.0,0.0,0.15569888055324554,-0.04237569496035576,-0.04963270574808121,0.292191743850708,-0.22127655148506165,-0.05690740421414375,0.37937575578689575,-0.36609315872192383,-0.06617805361747742,0.46085527539253235,-0.41728636622428894,-0.07569406926631927,0.23049964010715485,-0.4725179374217987,-0.03151041269302368,0.277206689119339,-0.6919704675674438,-0.06312337517738342,0.29493728280067444,-0.8298719525337219,-0.07250011712312698,0.31005245447158813,-0.9477062821388245,-0.07563226670026779,0.13669632375240326,-0.4912298619747162,-0.03214694559574127,0.12386661022901535,-0.5900447368621826,-0.13414081931114197,0.0895576998591423,-0.41842079162597656,-0.16305220127105713,0.06978938728570938,-0.27762001752853394,-0.14798316359519958,0.04553411155939102,-0.4879152774810791,-0.037079013884067535,0.028714679181575775,-0.570168137550354,-0.1380859613418579,0.02517026849091053,-0.39695894718170166,-0.13921594619750977,0.031000573188066483,-0.26646822690963745,-0.10176312178373337,-0.04676435887813568,-0.47428098320961,-0.044342827051877975,-0.045628637075424194,-0.6452310681343079,-0.09711969643831253,-0.04087061062455177,-0.7487574219703674,-0.09790705144405365,-0.02829168364405632,-0.8582860827445984,-0.08058598637580872,0.0,0.0,0.0,0.0,0.0,0.0,0.0,0.0,0.0,0.0,0.0,0.0,0.0,0.0,0.0,0.0,0.0,0.0,0.0,0.0,0.0,0.0,0.0,0.0,0.0,0.0,0.0,0.0,0.0,0.0,0.0,0.0,0.0,0.0,0.0,0.0,0.0,0.0,0.0,0.0,0.0,0.0,0.0,0.0,0.0,0.0,0.0,0.0,0.0,0.0,0.0,0.0,0.0,0.0,0.0,0.0,0.0,0.0,0.0,0.0,0.0,0.0,0.0,WATER
0.0,0.0,0.0,0.15497155487537384,-0.039378825575113297,-0.0509820356965065,0.29238924384117126,-0.21938617527484894,-0.058871932327747345,0.3810935914516449,-0.36411210894584656,-0.06868336349725723,0.46330705285072327,-0.41460955142974854,-0.07875221222639084,0.2316390722990036,-0.4712619185447693,-0.03329980745911598,0.27907469868659973,-0.691301167011261,-0.06455019861459732,0.29709336161613464,-0.8288367986679077,-0.07340902090072632,0.3125075101852417,-0.9468299746513367,-0.07649897783994675,0.13843636214733124,-0.49025091528892517,-0.033675845712423325,0.12418098002672195,-0.5878198146820068,-0.1349087655544281,0.08945691585540771,-0.41954055428504944,-0.16363422572612762,0.06910111755132675,-0.2821058928966522,-0.14922556281089783,0.04786238819360733,-0.48630210757255554,-0.03848410025238991,0.030278751626610756,-0.5695068836212158,-0.13938236236572266,0.02691170759499073,-0.3959895968437195,-0.14072662591934204,0.03275293484330177,-0.2659568190574646,-0.10396672040224075,-0.043639715760946274,-0.47202494740486145,-0.04581845551729202,-0.04230096936225891,-0.6430720686912537,-0.0990806445479393,-0.03763137385249138,-0.7472971081733704,-0.10069507360458374,-0.02463587187230587,-0.858989953994751,-0.0843496099114418,0.0,0.0,0.0,0.0,0.0,0.0,0.0,0.0,0.0,0.0,0.0,0.0,0.0,0.0,0.0,0.0,0.0,0.0,0.0,0.0,0.0,0.0,0.0,0.0,0.0,0.0,0.0,0.0,0.0,0.0,0.0,0.0,0.0,0.0,0.0,0.0,0.0,0.0,0.0,0.0,0.0,0.0,0.0,0.0,0.0,0.0,0.0,0.0,0.0,0.0,0.0,0.0,0.0,0.0,0.0,0.0,0.0,0.0,0.0,0.0,0.0,0.0,0.0,WATER
0.0,0.0,0.0,0.15495596826076508,-0.040739770978689194,-0.049299970269203186,0.292409747838974,-0.21992579102516174,-0.057078052312135696,0.3808669447898865,-0.36490753293037415,-0.0673285573720932,0.4628728926181793,-0.4152200222015381,-0.07785230129957199,0.23116782307624817,-0.4704352617263794,-0.031803544610738754,0.2790132462978363,-0.691448450088501,-0.06351134926080704,0.29700225591659546,-0.8284991383552551,-0.0728374794125557,0.3126745820045471,-0.9467889070510864,-0.07632327824831009,0.1378977745771408,-0.49001598358154297,-0.03299729526042938,0.12361975759267807,-0.587792694568634,-0.13447006046772003,0.08824331313371658,-0.41899415850639343,-0.16342152655124664,0.06740296632051468,-0.2822588384151459,-0.1494256854057312,0.047361820936203,-0.4871533513069153,-0.0384717620909214,0.02997322380542755,-0.5744925737380981,-0.1384221464395523,0.025330666452646255,-0.4021141827106476,-0.13905824720859528,0.030179649591445923,-0.2718587815761566,-0.10229410976171494,-0.044115759432315826,-0.47373154759407043,-0.04649607837200165,-0.04222441464662552,-0.6444762349128723,-0.09903330355882645,-0.03755499795079231,-0.7485278248786926,-0.1003292053937912,-0.024887630715966225,-0.8597055673599243,-0.08389537781476974,0.0,0.0,0.0,0.0,0.0,0.0,0.0,0.0,0.0,0.0,0.0,0.0,0.0,0.0,0.0,0.0,0.0,0.0,0.0,0.0,0.0,0.0,0.0,0.0,0.0,0.0,0.0,0.0,0.0,0.0,0.0,0.0,0.0,0.0,0.0,0.0,0.0,0.0,0.0,0.0,0.0,0.0,0.0,0.0,0.0,0.0,0.0,0.0,0.0,0.0,0.0,0.0,0.0,0.0,0.0,0.0,0.0,0.0,0.0,0.0,0.0,0.0,0.0,WATER
0.0,0.0,0.0,0.1561620980501175,-0.04174341261386871,-0.05386915057897568,0.2903768718242645,-0.21978744864463806,-0.06183721125125885,0.37797561287879944,-0.3631548583507538,-0.07052262872457504,0.45545968413352966,-0.4077291786670685,-0.07942622900009155,0.22974663972854614,-0.47361117601394653,-0.03388835862278938,0.27508535981178284,-0.6898605823516846,-0.06638166308403015,0.29425865411758423,-0.8313222527503967,-0.07704603672027588,0.3070826828479767,-0.9483055472373962,-0.08010388910770416,0.13687266409397125,-0.4896104633808136,-0.03289802372455597,0.11338797956705093,-0.5828114151954651,-0.13546232879161835,0.08158382773399353,-0.41392403841018677,-0.1661226451396942,0.06521379202604294,-0.2717101275920868,-0.15150783956050873,0.04569821059703827,-0.48371005058288574,-0.03658856824040413,0.014015560038387775,-0.5443190932273865,-0.13957947492599487,0.013154913671314716,-0.37874409556388855,-0.1452805995941162,0.022524394094944,-0.2551574409008026,-0.1093902438879013,-0.047062698751688004,-0.4680977463722229,-0.042617764323949814,-0.048067428171634674,-0.6383865475654602,-0.09519927948713303,-0.042527906596660614,-0.7422077059745789,-0.09569387137889862,-0.0301002636551857,-0.8485497832298279,-0.07735609263181686,0.0,0.0,0.0,0.0,0.0,0.0,0.0,0.0,0.0,0.0,0.0,0.0,0.0,0.0,0.0,0.0,0.0,0.0,0.0,0.0,0.0,0.0,0.0,0.0,0.0,0.0,0.0,0.0,0.0,0.0,0.0,0.0,0.0,0.0,0.0,0.0,0.0,0.0,0.0,0.0,0.0,0.0,0.0,0.0,0.0,0.0,0.0,0.0,0.0,0.0,0.0,0.0,0.0,0.0,0.0,0.0,0.0,0.0,0.0,0.0,0.0,0.0,0.0,WATER
0.0,0.0,0.0,0.15790539979934692,-0.0426584929227829,-0.04770347476005554,0.2938084304332733,-0.21763280034065247,-0.05515243113040924,0.3796103596687317,-0.36194878816604614,-0.06476519256830215,0.45892974734306335,-0.41045302152633667,-0.0750662237405777,0.23123183846473694,-0.47476115822792053,-0.03266696259379387,0.27583974599838257,-0.6910170912742615,-0.06366812437772751,0.29189684987068176,-0.8310995697975159,-0.07244129478931427,0.3043197691440582,-0.9495989680290222,-0.07517454773187637,0.13710540533065796,-0.4920766353607178,-0.034430354833602905,0.11816909909248352,-0.5814192891120911,-0.13402007520198822,0.0846133902668953,-0.41052430868148804,-0.16243617236614227,0.06504415720701218,-0.26976439356803894,-0.1482645720243454,0.04479285702109337,-0.48668205738067627,-0.0400397926568985,0.018696706742048264,-0.5597940683364868,-0.14031794667243958,0.01682962290942669,-0.39310866594314575,-0.14237569272518158,0.02407541126012802,-0.26582223176956177,-0.10634477436542511,-0.049292974174022675,-0.4705553352832794,-0.0475417822599411,-0.05095808953046799,-0.6441660523414612,-0.10035552084445953,-0.04718675836920738,-0.7489724159240723,-0.1003563404083252,-0.035960711538791656,-0.8581181168556213,-0.08264791965484619,0.0,0.0,0.0,0.0,0.0,0.0,0.0,0.0,0.0,0.0,0.0,0.0,0.0,0.0,0.0,0.0,0.0,0.0,0.0,0.0,0.0,0.0,0.0,0.0,0.0,0.0,0.0,0.0,0.0,0.0,0.0,0.0,0.0,0.0,0.0,0.0,0.0,0.0,0.0,0.0,0.0,0.0,0.0,0.0,0.0,0.0,0.0,0.0,0.0,0.0,0.0,0.0,0.0,0.0,0.0,0.0,0.0,0.0,0.0,0.0,0.0,0.0,0.0,WATER
0.0,0.0,0.0,0.15567752718925476,-0.04106815531849861,-0.05148697271943092,0.2931842803955078,-0.21766036748886108,-0.059000637382268906,0.37930673360824585,-0.3626556694507599,-0.06770383566617966,0.45998767018318176,-0.409551203250885,-0.07677870988845825,0.22937367856502533,-0.4752323031425476,-0.03333306312561035,0.2750115990638733,-0.6922591328620911,-0.06412433832883835,0.2909822165966034,-0.8327973484992981,-0.07288959622383118,0.3038524389266968,-0.9497339129447937,-0.07536136358976364,0.13650895655155182,-0.49136725068092346,-0.03296612203121185,0.11476466059684753,-0.5835760235786438,-0.132987841963768,0.08201182633638382,-0.4151083528995514,-0.16183339059352875,0.06559627503156662,-0.27533963322639465,-0.1472131907939911,0.04554338380694389,-0.48533618450164795,-0.03700163960456848,0.014412113465368748,-0.5539477467536926,-0.1385851800441742,0.015178550966084003,-0.3855893611907959,-0.14270900189876556,0.02728307619690895,-0.25947800278663635,-0.10704870522022247,-0.04745544120669365,-0.4700416922569275,-0.04314982891082764,-0.04937577247619629,-0.6403424739837646,-0.09593885391950607,-0.04681260138750076,-0.7429729104042053,-0.09673885256052017,-0.03590088710188866,-0.8510231375694275,-0.07929224520921707,0.0,0.0,0.0,0.0,0.0,0.0,0.0,0.0,0.0,0.0,0.0,0.0,0.0,0.0,0.0,0.0,0.0,0.0,0.0,0.0,0.0,0.0,0.0,0.0,0.0,0.0,0.0,0.0,0.0,0.0,0.0,0.0,0.0,0.0,0.0,0.0,0.0,0.0,0.0,0.0,0.0,0.0,0.0,0.0,0.0,0.0,0.0,0.0,0.0,0.0,0.0,0.0,0.0,0.0,0.0,0.0,0.0,0.0,0.0,0.0,0.0,0.0,0.0,WATER
0.0,0.0,0.0,0.15513838827610016,-0.04529491066932678,-0.04811646044254303,0.2891670763492584,-0.22580353915691376,-0.05384888872504234,0.373741090297699,-0.3699184060096741,-0.06165558472275734,0.4553784430027008,-0.4158253073692322,-0.06998439133167267,0.22593899071216583,-0.4803933799266815,-0.029400264844298363,0.2693190276622772,-0.6969422698020935,-0.05903437361121178,0.2847137749195099,-0.8363348245620728,-0.06679265201091766,0.2975268065929413,-0.9522441029548645,-0.06862245500087738,0.13198764622211456,-0.49615636467933655,-0.030939975753426552,0.11072400212287903,-0.5854344964027405,-0.1312001347541809,0.07972200214862823,-0.41699498891830444,-0.1607329100370407,0.06303175538778305,-0.27706220746040344,-0.1464451402425766,0.04091820493340492,-0.48898711800575256,-0.036648597568273544,0.012350888922810555,-0.554351806640625,-0.138550266623497,0.014053045772016048,-0.3839222192764282,-0.14318762719631195,0.02496514655649662,-0.25676003098487854,-0.10781187564134598,-0.051787927746772766,-0.47155022621154785,-0.04421728849411011,-0.05610482767224312,-0.6423537731170654,-0.09735383838415146,-0.05276662856340408,-0.7464205622673035,-0.09865539520978928,-0.04130041226744652,-0.8559411764144897,-0.08166703581809998,0.0,0.0,0.0,0.0,0.0,0.0,0.0,0.0,0.0,0.0,0.0,0.0,0.0,0.0,0.0,0.0,0.0,0.0,0.0,0.0,0.0,0.0,0.0,0.0,0.0,0.0,0.0,0.0,0.0,0.0,0.0,0.0,0.0,0.0,0.0,0.0,0.0,0.0,0.0,0.0,0.0,0.0,0.0,0.0,0.0,0.0,0.0,0.0,0.0,0.0,0.0,0.0,0.0,0.0,0.0,0.0,0.0,0.0,0.0,0.0,0.0,0.0,0.0,WATER
0.0,0.0,0.0,0.15457496047019958,-0.04629959166049957,-0.04824550822377205,0.28756460547447205,-0.22485503554344177,-0.055971112102270126,0.37407469749450684,-0.3667568862438202,-0.0660853460431099,0.4546130895614624,-0.419102281332016,-0.07655463367700577,0.22760483622550964,-0.47907888889312744,-0.0323009118437767,0.2697944641113281,-0.6972997188568115,-0.06414701789617538,0.2852333188056946,-0.8347623944282532,-0.07319562137126923,0.2979126572608948,-0.9515787959098816,-0.07580170780420303,0.13302373886108398,-0.49639078974723816,-0.03419047221541405,0.11351287364959717,-0.584913969039917,-0.13629166781902313,0.07854293286800385,-0.41319388151168823,-0.16541436314582825,0.05852397158741951,-0.2731495499610901,-0.15068770945072174,0.04095151275396347,-0.49082618951797485,-0.04018246755003929,0.01749711111187935,-0.5643877983093262,-0.14193780720233917,0.016191264614462852,-0.393391877412796,-0.14399756491184235,0.024326207116246223,-0.26427528262138367,-0.10714340955018997,-0.051939643919467926,-0.4740595519542694,-0.04824622720479965,-0.055083874613046646,-0.6452999114990234,-0.10150931030511856,-0.0521099679172039,-0.7489538192749023,-0.10194654017686844,-0.040523309260606766,-0.8580929636955261,-0.08411066234111786,0.0,0.0,0.0,0.0,0.0,0.0,0.0,0.0,0.0,0.0,0.0,0.0,0.0,0.0,0.0,0.0,0.0,0.0,0.0,0.0,0.0,0.0,0.0,0.0,0.0,0.0,0.0,0.0,0.0,0.0,0.0,0.0,0.0,0.0,0.0,0.0,0.0,0.0,0.0,0.0,0.0,0.0,0.0,0.0,0.0,0.0,0.0,0.0,0.0,0.0,0.0,0.0,0.0,0.0,0.0,0.0,0.0,0.0,0.0,0.0,0.0,0.0,0.0,WATER
0.0,0.0,0.0,0.15451397001743317,-0.046951234340667725,-0.04781084880232811,0.2876552939414978,-0.22553810477256775,-0.054581064730882645,0.3736380934715271,-0.3684464395046234,-0.06370123475790024,0.45439448952674866,-0.4193055331707001,-0.07310523092746735,0.2254667580127716,-0.4783444404602051,-0.0317937433719635,0.26830485463142395,-0.6966320872306824,-0.06315631419420242,0.2837478816509247,-0.8354477882385254,-0.07178779691457748,0.2965379059314728,-0.9521504044532776,-0.07399284094572067,0.13092941045761108,-0.4952643811702728,-0.03349240869283676,0.11033298075199127,-0.5827838182449341,-0.13561874628067017,0.07604283094406128,-0.41310614347457886,-0.16493180394172668,0.05743805691599846,-0.27439892292022705,-0.15020833909511566,0.03895942121744156,-0.4899912178516388,-0.03919146582484245,0.010862026363611221,-0.5597379803657532,-0.14080893993377686,0.009958148002624512,-0.3924265205860138,-0.14419955015182495,0.01993369869887829,-0.2667093873023987,-0.10806404054164886,-0.054043546319007874,-0.47444769740104675,-0.04684047773480415,-0.05664693936705589,-0.6439903974533081,-0.09973202645778656,-0.054206982254981995,-0.7470953464508057,-0.10045915096998215,-0.04411958530545235,-0.8548253178596497,-0.08266105502843857,0.0,0.0,0.0,0.0,0.0,0.0,0.0,0.0,0.0,0.0,0.0,0.0,0.0,0.0,0.0,0.0,0.0,0.0,0.0,0.0,0.0,0.0,0.0,0.0,0.0,0.0,0.0,0.0,0.0,0.0,0.0,0.0,0.0,0.0,0.0,0.0,0.0,0.0,0.0,0.0,0.0,0.0,0.0,0.0,0.0,0.0,0.0,0.0,0.0,0.0,0.0,0.0,0.0,0.0,0.0,0.0,0.0,0.0,0.0,0.0,0.0,0.0,0.0,WATER
0.0,0.0,0.0,0.15460096299648285,-0.04702698066830635,-0.04859621450304985,0.28804537653923035,-0.22516269981861115,-0.055433791130781174,0.37431731820106506,-0.36728185415267944,-0.06442850083112717,0.4551093876361847,-0.4169994294643402,-0.07364179193973541,0.22626034915447235,-0.47552168369293213,-0.033529601991176605,0.26874956488609314,-0.6941946148872375,-0.06666568666696548,0.28377583622932434,-0.8336711525917053,-0.07662878185510635,0.29652565717697144,-0.9516751766204834,-0.07991787046194077,0.13171342015266418,-0.4937538802623749,-0.03468415141105652,0.11103809624910355,-0.5818929672241211,-0.1388535499572754,0.07596942037343979,-0.4106827676296234,-0.16815735399723053,0.05702955275774002,-0.2719157934188843,-0.15321916341781616,0.03982597962021828,-0.4891793429851532,-0.0400318019092083,0.010049551725387573,-0.5609633922576904,-0.14230196177959442,0.00939236395061016,-0.3931891620159149,-0.1451200246810913,0.01997707225382328,-0.2668222486972809,-0.10857272893190384,-0.05281664431095123,-0.47388970851898193,-0.04755748435854912,-0.055915504693984985,-0.6423253417015076,-0.10130071640014648,-0.05385628342628479,-0.7453761100769043,-0.10286056250333786,-0.04432103410363197,-0.8539221882820129,-0.0856766626238823,0.0,0.0,0.0,0.0,0.0,0.0,0.0,0.0,0.0,0.0,0.0,0.0,0.0,0.0,0.0,0.0,0.0,0.0,0.0,0.0,0.0,0.0,0.0,0.0,0.0,0.0,0.0,0.0,0.0,0.0,0.0,0.0,0.0,0.0,0.0,0.0,0.0,0.0,0.0,0.0,0.0,0.0,0.0,0.0,0.0,0.0,0.0,0.0,0.0,0.0,0.0,0.0,0.0,0.0,0.0,0.0,0.0,0.0,0.0,0.0,0.0,0.0,0.0,WATER
0.0,0.0,0.0,0.15613135695457458,-0.04000219702720642,-0.054920494556427,0.2932794392108917,-0.22192180156707764,-0.06155809015035629,0.38015881180763245,-0.36936154961586,-0.06795697659254074,0.46019381284713745,-0.41477614641189575,-0.07483122497797012,0.22630459070205688,-0.47946861386299133,-0.034815672785043716,0.2658984065055847,-0.6960035562515259,-0.06321103125810623,0.2814754545688629,-0.8385344743728638,-0.07116569578647614,0.29198193550109863,-0.9536166191101074,-0.07322484254837036,0.13324189186096191,-0.490520179271698,-0.032376717776060104,0.10304147750139236,-0.5761364698410034,-0.13282769918441772,0.07055860757827759,-0.4055539667606354,-0.16381241381168365,0.05481620505452156,-0.2629152536392212,-0.15006950497627258,0.04308028519153595,-0.48020708560943604,-0.03427908942103386,0.0036454445216804743,-0.5310202240943909,-0.13631607592105865,0.005055653862655163,-0.3691188395023346,-0.14479663968086243,0.01734367571771145,-0.24871815741062164,-0.11148159950971603,-0.049526285380125046,-0.46109142899513245,-0.03823293745517731,-0.06053878739476204,-0.6314283013343811,-0.09075473994016647,-0.06084389239549637,-0.7366641759872437,-0.09254665672779083,-0.05224953964352608,-0.8443295359611511,-0.07554556429386139,0.0,0.0,0.0,0.0,0.0,0.0,0.0,0.0,0.0,0.0,0.0,0.0,0.0,0.0,0.0,0.0,0.0,0.0,0.0,0.0,0.0,0.0,0.0,0.0,0.0,0.0,0.0,0.0,0.0,0.0,0.0,0.0,0.0,0.0,0.0,0.0,0.0,0.0,0.0,0.0,0.0,0.0,0.0,0.0,0.0,0.0,0.0,0.0,0.0,0.0,0.0,0.0,0.0,0.0,0.0,0.0,0.0,0.0,0.0,0.0,0.0,0.0,0.0,WATER
0.0,0.0,0.0,0.15695981681346893,-0.04032042622566223,-0.05883149430155754,0.2960294485092163,-0.22171051800251007,-0.06606925278902054,0.3817484676837921,-0.3725319504737854,-0.07255718857049942,0.4653126299381256,-0.41753071546554565,-0.07945993542671204,0.22338110208511353,-0.47963690757751465,-0.037202950567007065,0.2645550072193146,-0.6926488876342773,-0.06831206381320953,0.2798323631286621,-0.8363129496574402,-0.07842233031988144,0.2901664674282074,-0.9534870982170105,-0.0816444605588913,0.12969331443309784,-0.49575451016426086,-0.03229760378599167,0.09723374247550964,-0.580309271812439,-0.13690219819545746,0.06635203957557678,-0.40956029295921326,-0.1700376719236374,0.051542285829782486,-0.26819896697998047,-0.15653648972511292,0.039630308747291565,-0.4893609881401062,-0.03219005838036537,-0.007331698667258024,-0.5373594164848328,-0.13826988637447357,-0.005210513714700937,-0.37172916531562805,-0.14929138123989105,0.0089576356112957,-0.25006982684135437,-0.11600064486265182,-0.05253530293703079,-0.4735538065433502,-0.034312956035137177,-0.0612814724445343,-0.6410830020904541,-0.08907868713140488,-0.061212170869112015,-0.7433520555496216,-0.09253581613302231,-0.053577721118927,-0.849680483341217,-0.07583587616682053,0.0,0.0,0.0,0.0,0.0,0.0,0.0,0.0,0.0,0.0,0.0,0.0,0.0,0.0,0.0,0.0,0.0,0.0,0.0,0.0,0.0,0.0,0.0,0.0,0.0,0.0,0.0,0.0,0.0,0.0,0.0,0.0,0.0,0.0,0.0,0.0,0.0,0.0,0.0,0.0,0.0,0.0,0.0,0.0,0.0,0.0,0.0,0.0,0.0,0.0,0.0,0.0,0.0,0.0,0.0,0.0,0.0,0.0,0.0,0.0,0.0,0.0,0.0,WATER
0.0,0.0,0.0,0.155171737074852,-0.03874388337135315,-0.06030348315834999,0.2953033447265625,-0.22131171822547913,-0.06842298060655594,0.3825761675834656,-0.3719623386859894,-0.075605608522892,0.46820640563964844,-0.41921332478523254,-0.08313841372728348,0.22272683680057526,-0.47952648997306824,-0.04019713029265404,0.26244989037513733,-0.6943988800048828,-0.07304702699184418,0.27737730741500854,-0.8378430008888245,-0.083856001496315,0.28727608919143677,-0.9538818597793579,-0.08707322925329208,0.1282794177532196,-0.49516406655311584,-0.03447146341204643,0.0927044004201889,-0.5789133906364441,-0.14140883088111877,0.062437430024147034,-0.4044337570667267,-0.17457634210586548,0.050426874309778214,-0.26383382081985474,-0.16037899255752563,0.037227533757686615,-0.48924294114112854,-0.03364061564207077,-0.012507569044828415,-0.5365587472915649,-0.1418209820985794,-0.010361505672335625,-0.36978673934936523,-0.15263980627059937,0.005051595624536276,-0.2485721856355667,-0.11806177347898483,-0.05595261603593826,-0.47466564178466797,-0.03504178300499916,-0.06457360833883286,-0.6437229514122009,-0.09117413312196732,-0.06618184596300125,-0.7464398741722107,-0.09425415843725204,-0.060813456773757935,-0.8517560362815857,-0.07623716443777084,0.0,0.0,0.0,0.0,0.0,0.0,0.0,0.0,0.0,0.0,0.0,0.0,0.0,0.0,0.0,0.0,0.0,0.0,0.0,0.0,0.0,0.0,0.0,0.0,0.0,0.0,0.0,0.0,0.0,0.0,0.0,0.0,0.0,0.0,0.0,0.0,0.0,0.0,0.0,0.0,0.0,0.0,0.0,0.0,0.0,0.0,0.0,0.0,0.0,0.0,0.0,0.0,0.0,0.0,0.0,0.0,0.0,0.0,0.0,0.0,0.0,0.0,0.0,WATER
0.0,0.0,0.0,0.15698227286338806,-0.038830164819955826,-0.06174951419234276,0.2960609197616577,-0.21972356736660004,-0.07072784006595612,0.3829452693462372,-0.37054842710494995,-0.07909558713436127,0.46912217140197754,-0.42069634795188904,-0.08800453692674637,0.22101254761219025,-0.47718605399131775,-0.040010854601860046,0.2615031599998474,-0.6914855241775513,-0.07453445345163345,0.27648457884788513,-0.836250901222229,-0.08701779693365097,0.28718680143356323,-0.9535190463066101,-0.0912427306175232,0.12704241275787354,-0.4935900866985321,-0.03424074873328209,0.09048483520746231,-0.5744622945785522,-0.1427411139011383,0.060732558369636536,-0.40074777603149414,-0.17713665962219238,0.05057026445865631,-0.26030436158180237,-0.16356919705867767,0.03614279255270958,-0.4875563383102417,-0.03379024565219879,-0.014101569540798664,-0.5304662585258484,-0.14308853447437286,-0.01154338289052248,-0.36451229453086853,-0.15444017946720123,0.0048999241553246975,-0.24416472017765045,-0.11996114253997803,-0.05613838881254196,-0.4722197651863098,-0.03587543964385986,-0.06536449491977692,-0.642153263092041,-0.09255417436361313,-0.06619609147310257,-0.7460195422172546,-0.09578246623277664,-0.059187229722738266,-0.8517362475395203,-0.07772976160049438,0.0,0.0,0.0,0.0,0.0,0.0,0.0,0.0,0.0,0.0,0.0,0.0,0.0,0.0,0.0,0.0,0.0,0.0,0.0,0.0,0.0,0.0,0.0,0.0,0.0,0.0,0.0,0.0,0.0,0.0,0.0,0.0,0.0,0.0,0.0,0.0,0.0,0.0,0.0,0.0,0.0,0.0,0.0,0.0,0.0,0.0,0.0,0.0,0.0,0.0,0.0,0.0,0.0,0.0,0.0,0.0,0.0,0.0,0.0,0.0,0.0,0.0,0.0,WATER
0.0,0.0,0.0,0.15279895067214966,-0.03363765776157379,-0.06822912395000458,0.2888755798339844,-0.21307387948036194,-0.08092810213565826,0.37581735849380493,-0.36579403281211853,-0.0913928672671318,0.46379658579826355,-0.4204612076282501,-0.10182365775108337,0.2143986076116562,-0.47775784134864807,-0.048366203904151917,0.25403210520744324,-0.6910248398780823,-0.08544068783521652,0.2708010971546173,-0.8360190987586975,-0.09967853873968124,0.2812391519546509,-0.9538336992263794,-0.10538399964570999,0.12078689783811569,-0.49121034145355225,-0.040686242282390594,0.08422001451253891,-0.5682825446128845,-0.15137425065040588,0.0588545985519886,-0.3915710747241974,-0.18542665243148804,0.051538992673158646,-0.2539568543434143,-0.17210395634174347,0.03035261482000351,-0.481126993894577,-0.03900163620710373,-0.02162552997469902,-0.5200088024139404,-0.15116596221923828,-0.015662921592593193,-0.3534983694553375,-0.16210804879665375,0.0034549219999462366,-0.23633666336536407,-0.1273447573184967,-0.060255266726017,-0.4625794589519501,-0.040406905114650726,-0.06889582425355911,-0.6332792639732361,-0.10100556164979935,-0.07159576565027237,-0.7379306554794312,-0.10533765703439713,-0.0675467699766159,-0.847598671913147,-0.08781460672616959,0.0,0.0,0.0,0.0,0.0,0.0,0.0,0.0,0.0,0.0,0.0,0.0,0.0,0.0,0.0,0.0,0.0,0.0,0.0,0.0,0.0,0.0,0.0,0.0,0.0,0.0,0.0,0.0,0.0,0.0,0.0,0.0,0.0,0.0,0.0,0.0,0.0,0.0,0.0,0.0,0.0,0.0,0.0,0.0,0.0,0.0,0.0,0.0,0.0,0.0,0.0,0.0,0.0,0.0,0.0,0.0,0.0,0.0,0.0,0.0,0.0,0.0,0.0,WATER
0.0,0.0,0.0,0.15330180525779724,-0.037254638969898224,-0.06944038718938828,0.28766462206840515,-0.21340997517108917,-0.08337073028087616,0.3741725981235504,-0.3617980182170868,-0.09546402096748352,0.45990633964538574,-0.42159193754196167,-0.10713259130716324,0.21462614834308624,-0.4755764305591583,-0.05209578573703766,0.25471243262290955,-0.6902405023574829,-0.09151231497526169,0.272245317697525,-0.8336471915245056,-0.10614799708127975,0.2843387722969055,-0.9521706104278564,-0.11190418899059296,0.11952856928110123,-0.493720680475235,-0.04460589587688446,0.08627144247293472,-0.570392906665802,-0.15865617990493774,0.05973903834819794,-0.3938153088092804,-0.1933714598417282,0.05090788006782532,-0.2565855383872986,-0.17991061508655548,0.027467595413327217,-0.48682522773742676,-0.043318409472703934,-0.020463166758418083,-0.5271766185760498,-0.15926453471183777,-0.015635322779417038,-0.35784459114074707,-0.17128975689411163,0.0025879116728901863,-0.23927299678325653,-0.1362030804157257,-0.06356137245893478,-0.47076737880706787,-0.04516805708408356,-0.0700586661696434,-0.6404271721839905,-0.10896200686693192,-0.07223302125930786,-0.7449597716331482,-0.11555777490139008,-0.06791384518146515,-0.8534483909606934,-0.0989881381392479,0.0,0.0,0.0,0.0,0.0,0.0,0.0,0.0,0.0,0.0,0.0,0.0,0.0,0.0,0.0,0.0,0.0,0.0,0.0,0.0,0.0,0.0,0.0,0.0,0.0,0.0,0.0,0.0,0.0,0.0,0.0,0.0,0.0,0.0,0.0,0.0,0.0,0.0,0.0,0.0,0.0,0.0,0.0,0.0,0.0,0.0,0.0,0.0,0.0,0.0,0.0,0.0,0.0,0.0,0.0,0.0,0.0,0.0,0.0,0.0,0.0,0.0,0.0,WATER
0.0,0.0,0.0,0.15286241471767426,-0.03797059506177902,-0.06794124096632004,0.28842607140541077,-0.21235615015029907,-0.08228258043527603,0.3754425644874573,-0.35994601249694824,-0.09501156955957413,0.460129052400589,-0.4199894666671753,-0.10759398341178894,0.21399284899234772,-0.47516512870788574,-0.05255814641714096,0.25345635414123535,-0.6899967789649963,-0.09226921945810318,0.2714053988456726,-0.8333579897880554,-0.10732177644968033,0.2831580936908722,-0.9523540735244751,-0.11332804709672928,0.11941738426685333,-0.49339166283607483,-0.04584568366408348,0.08460303395986557,-0.567287802696228,-0.16055792570114136,0.05627003684639931,-0.39003244042396545,-0.19611874222755432,0.04429810866713524,-0.2516227066516876,-0.18307198584079742,0.027644112706184387,-0.4861129820346832,-0.0448627844452858,-0.0213819220662117,-0.5263844728469849,-0.160007506608963,-0.016871988773345947,-0.3584345877170563,-0.17142124474048615,-0.0004958242061547935,-0.23959815502166748,-0.1363050937652588,-0.0636640265583992,-0.4684869945049286,-0.04690638184547424,-0.07320506125688553,-0.6371973752975464,-0.1097441241145134,-0.07433203607797623,-0.7408190369606018,-0.11547066271305084,-0.06925796717405319,-0.8479025959968567,-0.09833114594221115,0.0,0.0,0.0,0.0,0.0,0.0,0.0,0.0,0.0,0.0,0.0,0.0,0.0,0.0,0.0,0.0,0.0,0.0,0.0,0.0,0.0,0.0,0.0,0.0,0.0,0.0,0.0,0.0,0.0,0.0,0.0,0.0,0.0,0.0,0.0,0.0,0.0,0.0,0.0,0.0,0.0,0.0,0.0,0.0,0.0,0.0,0.0,0.0,0.0,0.0,0.0,0.0,0.0,0.0,0.0,0.0,0.0,0.0,0.0,0.0,0.0,0.0,0.0,WATER
0.0,0.0,0.0,0.15354515612125397,-0.03822312504053116,-0.06864906847476959,0.28909584879875183,-0.21609504520893097,-0.08178810775279999,0.37478187680244446,-0.3647521138191223,-0.09288137406110764,0.45970451831817627,-0.4243035316467285,-0.10388502478599548,0.2145763784646988,-0.47531241178512573,-0.05283312126994133,0.2531823217868805,-0.6889670491218567,-0.09180227667093277,0.26971879601478577,-0.833519697189331,-0.1065644696354866,0.2809525728225708,-0.9530979990959167,-0.1125599667429924,0.11947593092918396,-0.4934383034706116,-0.0453103668987751,0.08221524953842163,-0.5651153922080994,-0.1597377210855484,0.05452078953385353,-0.3884706199169159,-0.1954059600830078,0.0450286939740181,-0.2517109215259552,-0.18250307440757751,0.027172544971108437,-0.48594486713409424,-0.04366375505924225,-0.023547401651740074,-0.5212950706481934,-0.1593306064605713,-0.018691711127758026,-0.3536432683467865,-0.17238178849220276,-0.000892830896191299,-0.23593482375144958,-0.13807617127895355,-0.06429730355739594,-0.4691365659236908,-0.04497527703642845,-0.07357275485992432,-0.6383628845214844,-0.10870429873466492,-0.07591500878334045,-0.7436457872390747,-0.11577491462230682,-0.07171188294887543,-0.8515839576721191,-0.0995142012834549,0.0,0.0,0.0,0.0,0.0,0.0,0.0,0.0,0.0,0.0,0.0,0.0,0.0,0.0,0.0,0.0,0.0,0.0,0.0,0.0,0.0,0.0,0.0,0.0,0.0,0.0,0.0,0.0,0.0,0.0,0.0,0.0,0.0,0.0,0.0,0.0,0.0,0.0,0.0,0.0,0.0,0.0,0.0,0.0,0.0,0.0,0.0,0.0,0.0,0.0,0.0,0.0,0.0,0.0,0.0,0.0,0.0,0.0,0.0,0.0,0.0,0.0,0.0,WATER
0.0,0.0,0.0,0.15417751669883728,-0.04294716194272041,-0.06473945826292038,0.28805631399154663,-0.21997050940990448,-0.07682297378778458,0.37217870354652405,-0.36458835005760193,-0.08730234950780869,0.4558127522468567,-0.4227989912033081,-0.09744997322559357,0.21302390098571777,-0.4752126634120941,-0.05222402140498161,0.2523859739303589,-0.6905068755149841,-0.09013175219297409,0.26807254552841187,-0.8344478011131287,-0.1031610369682312,0.2792849540710449,-0.9540882706642151,-0.10823904722929001,0.11734423786401749,-0.4927726089954376,-0.0459098294377327,0.08235049992799759,-0.5656973123550415,-0.1567651927471161,0.05333946645259857,-0.3903059661388397,-0.1886722594499588,0.043754469603300095,-0.255032479763031,-0.1744280755519867,0.024937491863965988,-0.48467445373535156,-0.04515484720468521,-0.024683959782123566,-0.5248875617980957,-0.15794235467910767,-0.019626742228865623,-0.3569270670413971,-0.16756387054920197,-0.0004999235388822854,-0.23963265120983124,-0.13233532011508942,-0.0664968267083168,-0.46711719036102295,-0.0471566803753376,-0.07613872736692429,-0.6359925866127014,-0.11002977192401886,-0.07974763959646225,-0.7401862144470215,-0.11604157835245132,-0.07601777464151382,-0.8484413027763367,-0.09965856373310089,0.0,0.0,0.0,0.0,0.0,0.0,0.0,0.0,0.0,0.0,0.0,0.0,0.0,0.0,0.0,0.0,0.0,0.0,0.0,0.0,0.0,0.0,0.0,0.0,0.0,0.0,0.0,0.0,0.0,0.0,0.0,0.0,0.0,0.0,0.0,0.0,0.0,0.0,0.0,0.0,0.0,0.0,0.0,0.0,0.0,0.0,0.0,0.0,0.0,0.0,0.0,0.0,0.0,0.0,0.0,0.0,0.0,0.0,0.0,0.0,0.0,0.0,0.0,WATER
0.0,0.0,0.0,0.15336568653583527,-0.03771812096238136,-0.06688724458217621,0.28703489899635315,-0.21450404822826385,-0.08045637607574463,0.3726295828819275,-0.36031198501586914,-0.09259078651666641,0.4575497508049011,-0.42021432518959045,-0.10437797755002975,0.2140449434518814,-0.47523465752601624,-0.05331382527947426,0.25216326117515564,-0.6904023885726929,-0.09315547347068787,0.26854074001312256,-0.8341392874717712,-0.10759753733873367,0.2799038589000702,-0.9533218145370483,-0.11327620595693588,0.11781605333089828,-0.4939703047275543,-0.04689455032348633,0.08322171866893768,-0.5643234848976135,-0.16005003452301025,0.05633758008480072,-0.38536709547042847,-0.1930220127105713,0.0472758486866951,-0.2495201677083969,-0.17885388433933258,0.0246225968003273,-0.4868144690990448,-0.04639146476984024,-0.02522367425262928,-0.5245640277862549,-0.1614077389240265,-0.018919989466667175,-0.35403361916542053,-0.17164911329746246,0.0007692078943364322,-0.23652629554271698,-0.13590015470981598,-0.0673440471291542,-0.47002720832824707,-0.04881982132792473,-0.07518033683300018,-0.6389955878257751,-0.11246555298566818,-0.07865744084119797,-0.7420889139175415,-0.11816469579935074,-0.07598279416561127,-0.8502664566040039,-0.10101808607578278,0.0,0.0,0.0,0.0,0.0,0.0,0.0,0.0,0.0,0.0,0.0,0.0,0.0,0.0,0.0,0.0,0.0,0.0,0.0,0.0,0.0,0.0,0.0,0.0,0.0,0.0,0.0,0.0,0.0,0.0,0.0,0.0,0.0,0.0,0.0,0.0,0.0,0.0,0.0,0.0,0.0,0.0,0.0,0.0,0.0,0.0,0.0,0.0,0.0,0.0,0.0,0.0,0.0,0.0,0.0,0.0,0.0,0.0,0.0,0.0,0.0,0.0,0.0,WATER
0.0,0.0,0.0,0.15286898612976074,-0.0422646589577198,-0.06791412085294724,0.2830081284046173,-0.21677538752555847,-0.0837247297167778,0.367626816034317,-0.35924816131591797,-0.09802897274494171,0.4520816206932068,-0.4201605021953583,-0.11219540983438492,0.2080056220293045,-0.4736616313457489,-0.05707062780857086,0.24556627869606018,-0.688571035861969,-0.10015120357275009,0.263289213180542,-0.8323666453361511,-0.11772851645946503,0.2755628228187561,-0.9530367255210876,-0.12564261257648468,0.11164364218711853,-0.49008166790008545,-0.051158320158720016,0.07801458984613419,-0.5626294016838074,-0.1664845198392868,0.05341171473264694,-0.38200023770332336,-0.20070570707321167,0.045955006033182144,-0.24587060511112213,-0.18780961632728577,0.018419060856103897,-0.48129919171333313,-0.051341552287340164,-0.027641914784908295,-0.5193990468978882,-0.16787369549274445,-0.02033773623406887,-0.3489222824573517,-0.17755097150802612,-0.0009419164853170514,-0.23152972757816315,-0.1416682004928589,-0.07247565686702728,-0.4632106125354767,-0.05467067286372185,-0.08089030534029007,-0.6362552642822266,-0.12052034586668015,-0.08267414569854736,-0.7416700124740601,-0.12666738033294678,-0.077875055372715,-0.8509930372238159,-0.1098840981721878,0.0,0.0,0.0,0.0,0.0,0.0,0.0,0.0,0.0,0.0,0.0,0.0,0.0,0.0,0.0,0.0,0.0,0.0,0.0,0.0,0.0,0.0,0.0,0.0,0.0,0.0,0.0,0.0,0.0,0.0,0.0,0.0,0.0,0.0,0.0,0.0,0.0,0.0,0.0,0.0,0.0,0.0,0.0,0.0,0.0,0.0,0.0,0.0,0.0,0.0,0.0,0.0,0.0,0.0,0.0,0.0,0.0,0.0,0.0,0.0,0.0,0.0,0.0,WATER
0.0,0.0,0.0,0.15104661881923676,-0.041540179401636124,-0.06688227504491806,0.28038281202316284,-0.21441896259784698,-0.08259927481412888,0.36470577120780945,-0.3552563488483429,-0.09709326177835464,0.4478638768196106,-0.41628050804138184,-0.11109483987092972,0.20671848952770233,-0.47178784012794495,-0.057549793273210526,0.24580436944961548,-0.6881884932518005,-0.10099978744983673,0.263143390417099,-0.8322249054908752,-0.1178186684846878,0.2752673029899597,-0.9531875252723694,-0.12514542043209076,0.1114107221364975,-0.4900631010532379,-0.0521140992641449,0.07812760770320892,-0.5614135265350342,-0.16731511056423187,0.05333326756954193,-0.38231730461120605,-0.20014320313930511,0.0460369847714901,-0.24819280207157135,-0.18652129173278809,0.018909335136413574,-0.48203545808792114,-0.05281265825033188,-0.0273353923112154,-0.5188689231872559,-0.16914017498493195,-0.01925140991806984,-0.34829220175743103,-0.1779395341873169,0.0009634856833145022,-0.2318648248910904,-0.14176909625530243,-0.07148290425539017,-0.46426302194595337,-0.05664290487766266,-0.08135303854942322,-0.6352169513702393,-0.12240754067897797,-0.08400457352399826,-0.7387739419937134,-0.1286776214838028,-0.07987474650144577,-0.8462108969688416,-0.11212838441133499,0.0,0.0,0.0,0.0,0.0,0.0,0.0,0.0,0.0,0.0,0.0,0.0,0.0,0.0,0.0,0.0,0.0,0.0,0.0,0.0,0.0,0.0,0.0,0.0,0.0,0.0,0.0,0.0,0.0,0.0,0.0,0.0,0.0,0.0,0.0,0.0,0.0,0.0,0.0,0.0,0.0,0.0,0.0,0.0,0.0,0.0,0.0,0.0,0.0,0.0,0.0,0.0,0.0,0.0,0.0,0.0,0.0,0.0,0.0,0.0,0.0,0.0,0.0,WATER
0.0,0.0,0.0,0.15035732090473175,-0.04148189350962639,-0.06844151020050049,0.27945810556411743,-0.2143605500459671,-0.08496595174074173,0.36432692408561707,-0.3553988039493561,-0.09987087547779083,0.44801267981529236,-0.4176570177078247,-0.11419764906167984,0.20570363104343414,-0.4721110463142395,-0.05992061272263527,0.24441954493522644,-0.6879145503044128,-0.10402916371822357,0.26215144991874695,-0.8316389918327332,-0.12142299115657806,0.27444303035736084,-0.9528729915618896,-0.1292824000120163,0.1105402410030365,-0.4900713264942169,-0.053771261125802994,0.07656524330377579,-0.5601617693901062,-0.1689726561307907,0.0521848201751709,-0.38076353073120117,-0.20141631364822388,0.045317769050598145,-0.2469976395368576,-0.18787039816379547,0.01800079457461834,-0.48139405250549316,-0.053922321647405624,-0.028331836685538292,-0.5183356404304504,-0.1702926605939865,-0.01931387186050415,-0.34759271144866943,-0.17870308458805084,0.0017328665126115084,-0.2310190051794052,-0.14254683256149292,-0.07237391918897629,-0.46330082416534424,-0.05737016722559929,-0.08223314583301544,-0.6344603300094604,-0.12378758937120438,-0.08514603972434998,-0.7384798526763916,-0.13046859204769135,-0.08104931563138962,-0.846922755241394,-0.11432775110006332,0.0,0.0,0.0,0.0,0.0,0.0,0.0,0.0,0.0,0.0,0.0,0.0,0.0,0.0,0.0,0.0,0.0,0.0,0.0,0.0,0.0,0.0,0.0,0.0,0.0,0.0,0.0,0.0,0.0,0.0,0.0,0.0,0.0,0.0,0.0,0.0,0.0,0.0,0.0,0.0,0.0,0.0,0.0,0.0,0.0,0.0,0.0,0.0,0.0,0.0,0.0,0.0,0.0,0.0,0.0,0.0,0.0,0.0,0.0,0.0,0.0,0.0,0.0,WATER
0.0,0.0,0.0,0.1494099199771881,-0.04058176279067993,-0.06772567331790924,0.27873656153678894,-0.214174285531044,-0.08380178362131119,0.36362555623054504,-0.35475489497184753,-0.0983494445681572,0.4464486241340637,-0.4157635271549225,-0.11232536286115646,0.20554344356060028,-0.47142621874809265,-0.05940920487046242,0.24353381991386414,-0.6881029009819031,-0.10421796888113022,0.2604747712612152,-0.8319600224494934,-0.12218122184276581,0.2720242738723755,-0.9534327983856201,-0.1302642822265625,0.11098707467317581,-0.4893622100353241,-0.053225282579660416,0.0757015272974968,-0.5611997246742249,-0.16882996261119843,0.05119239538908005,-0.3797485828399658,-0.20109125971794128,0.04481872171163559,-0.24575671553611755,-0.187170147895813,0.01868182234466076,-0.48107245564460754,-0.05328090116381645,-0.02988620102405548,-0.5192885994911194,-0.16931068897247314,-0.02054751291871071,-0.3481382429599762,-0.17703978717327118,0.001092241844162345,-0.23116964101791382,-0.14031778275966644,-0.0719110369682312,-0.4631175696849823,-0.05659900978207588,-0.0814814418554306,-0.6345982551574707,-0.12244176864624023,-0.08491417020559311,-0.7383415102958679,-0.12838855385780334,-0.08179356157779694,-0.8462351560592651,-0.11160013824701309,0.0,0.0,0.0,0.0,0.0,0.0,0.0,0.0,0.0,0.0,0.0,0.0,0.0,0.0,0.0,0.0,0.0,0.0,0.0,0.0,0.0,0.0,0.0,0.0,0.0,0.0,0.0,0.0,0.0,0.0,0.0,0.0,0.0,0.0,0.0,0.0,0.0,0.0,0.0,0.0,0.0,0.0,0.0,0.0,0.0,0.0,0.0,0.0,0.0,0.0,0.0,0.0,0.0,0.0,0.0,0.0,0.0,0.0,0.0,0.0,0.0,0.0,0.0,WATER
0.0,0.0,0.0,0.14809590578079224,-0.03815913945436478,-0.07031742483377457,0.27593159675598145,-0.2114814817905426,-0.08791797608137131,0.3600323498249054,-0.3536880612373352,-0.10343493521213531,0.44321995973587036,-0.41670194268226624,-0.118196040391922,0.2044178992509842,-0.46887636184692383,-0.06289028376340866,0.2420847862958908,-0.6857855319976807,-0.10888269543647766,0.2601816952228546,-0.8303405046463013,-0.1273287534713745,0.2720005512237549,-0.9527026414871216,-0.1355482041835785,0.10973705351352692,-0.48692771792411804,-0.05583208426833153,0.07415338605642319,-0.5572704076766968,-0.17283834517002106,0.05008471757173538,-0.37509626150131226,-0.20566067099571228,0.043624453246593475,-0.2415066361427307,-0.19193927943706512,0.017760779708623886,-0.47932007908821106,-0.055096108466386795,-0.03059365227818489,-0.5169641375541687,-0.17237475514411926,-0.021167326718568802,-0.34611624479293823,-0.18022345006465912,-7.538612408097833e-05,-0.23010458052158356,-0.14333437383174896,-0.07200963795185089,-0.46200448274612427,-0.057777442038059235,-0.08135662227869034,-0.6338571906089783,-0.12413696199655533,-0.08429639786481857,-0.7370727062225342,-0.1296868771314621,-0.08104176074266434,-0.8446877002716064,-0.11239056289196014,0.0,0.0,0.0,0.0,0.0,0.0,0.0,0.0,0.0,0.0,0.0,0.0,0.0,0.0,0.0,0.0,0.0,0.0,0.0,0.0,0.0,0.0,0.0,0.0,0.0,0.0,0.0,0.0,0.0,0.0,0.0,0.0,0.0,0.0,0.0,0.0,0.0,0.0,0.0,0.0,0.0,0.0,0.0,0.0,0.0,0.0,0.0,0.0,0.0,0.0,0.0,0.0,0.0,0.0,0.0,0.0,0.0,0.0,0.0,0.0,0.0,0.0,0.0,WATER
0.0,0.0,0.0,0.14805051684379578,-0.038631126284599304,-0.06962990760803223,0.2759530246257782,-0.21211086213588715,-0.08667253702878952,0.35981398820877075,-0.35413387417793274,-0.10178352892398834,0.4425751268863678,-0.417135089635849,-0.11603781580924988,0.20478199422359467,-0.47090744972229004,-0.06192532926797867,0.24246765673160553,-0.687681257724762,-0.10735976696014404,0.2601620852947235,-0.8314945101737976,-0.1252855360507965,0.2714632749557495,-0.9531838297843933,-0.13322247564792633,0.11020726710557938,-0.4892747700214386,-0.05514301732182503,0.07419966906309128,-0.5582013726234436,-0.17193399369716644,0.05016683414578438,-0.37579146027565,-0.2044912725687027,0.04348038509488106,-0.24213097989559174,-0.19062918424606323,0.018250975757837296,-0.4813735783100128,-0.05468076094985008,-0.031090915203094482,-0.5177057981491089,-0.17204368114471436,-0.021239450201392174,-0.345994234085083,-0.1799696981906891,0.00016988074639812112,-0.22941942512989044,-0.14313212037086487,-0.07158622145652771,-0.46367260813713074,-0.05758386105298996,-0.08079814910888672,-0.634796679019928,-0.12435691803693771,-0.08431770652532578,-0.738512396812439,-0.13039827346801758,-0.08195127546787262,-0.8471274375915527,-0.11346311122179031,0.0,0.0,0.0,0.0,0.0,0.0,0.0,0.0,0.0,0.0,0.0,0.0,0.0,0.0,0.0,0.0,0.0,0.0,0.0,0.0,0.0,0.0,0.0,0.0,0.0,0.0,0.0,0.0,0.0,0.0,0.0,0.0,0.0,0.0,0.0,0.0,0.0,0.0,0.0,0.0,0.0,0.0,0.0,0.0,0.0,0.0,0.0,0.0,0.0,0.0,0.0,0.0,0.0,0.0,0.0,0.0,0.0,0.0,0.0,0.0,0.0,0.0,0.0,WATER
0.0,0.0,0.0,0.14787819981575012,-0.04042080417275429,-0.0681941881775856,0.27480843663215637,-0.21400359272956848,-0.08457580208778381,0.35845544934272766,-0.35415205359458923,-0.09905179589986801,0.4406009018421173,-0.4155844748020172,-0.11262478679418564,0.2028774917125702,-0.4708583652973175,-0.06101527065038681,0.24143286049365997,-0.6867554187774658,-0.10605205595493317,0.2590149939060211,-0.8314972519874573,-0.12365823239088058,0.2702523171901703,-0.9537627100944519,-0.13153116405010223,0.10792950540781021,-0.48914963006973267,-0.054625388234853745,0.07413022220134735,-0.5608931183815002,-0.17029833793640137,0.050436630845069885,-0.37824422121047974,-0.20138776302337646,0.043743111193180084,-0.24343803524971008,-0.18660451471805573,0.015871822834014893,-0.4807978570461273,-0.0545303039252758,-0.03127339854836464,-0.517947793006897,-0.17079579830169678,-0.020705966278910637,-0.3460366129875183,-0.17763033509254456,0.0008277269080281258,-0.22902126610279083,-0.14035800099372864,-0.073702372610569,-0.4624362289905548,-0.05773546174168587,-0.0833602249622345,-0.6333844065666199,-0.12405133992433548,-0.08562631905078888,-0.7355127930641174,-0.12996378540992737,-0.08160977065563202,-0.8424584269523621,-0.1131945550441742,0.0,0.0,0.0,0.0,0.0,0.0,0.0,0.0,0.0,0.0,0.0,0.0,0.0,0.0,0.0,0.0,0.0,0.0,0.0,0.0,0.0,0.0,0.0,0.0,0.0,0.0,0.0,0.0,0.0,0.0,0.0,0.0,0.0,0.0,0.0,0.0,0.0,0.0,0.0,0.0,0.0,0.0,0.0,0.0,0.0,0.0,0.0,0.0,0.0,0.0,0.0,0.0,0.0,0.0,0.0,0.0,0.0,0.0,0.0,0.0,0.0,0.0,0.0,WATER
0.0,0.0,0.0,0.14804577827453613,-0.04199617728590965,-0.0688069611787796,0.2744993567466736,-0.21856024861335754,-0.08421120792627335,0.35742294788360596,-0.3583962619304657,-0.09753801673650742,0.4392850697040558,-0.41925737261772156,-0.10978091508150101,0.2003384381532669,-0.47502726316452026,-0.059662509709596634,0.23855698108673096,-0.6893278360366821,-0.10417044907808304,0.2561541497707367,-0.8335286974906921,-0.12140361219644547,0.2670895457267761,-0.9549837708473206,-0.1291096955537796,0.10554968565702438,-0.4917124807834625,-0.05288596823811531,0.07325957715511322,-0.5629377365112305,-0.16920073330402374,0.050815604627132416,-0.38068893551826477,-0.2006569504737854,0.04460351541638374,-0.24576735496520996,-0.1858157515525818,0.013443105854094028,-0.4820456802845001,-0.05269492417573929,-0.032787494361400604,-0.5182488560676575,-0.1698804646730423,-0.02115982584655285,-0.34660622477531433,-0.17779529094696045,0.0010079662315547466,-0.22944533824920654,-0.14080001413822174,-0.07592495530843735,-0.4631170928478241,-0.055837225168943405,-0.08478087186813354,-0.6345992684364319,-0.12391948699951172,-0.08691054582595825,-0.7385539412498474,-0.13173380494117737,-0.08331667631864548,-0.8473379611968994,-0.11607318371534348,0.0,0.0,0.0,0.0,0.0,0.0,0.0,0.0,0.0,0.0,0.0,0.0,0.0,0.0,0.0,0.0,0.0,0.0,0.0,0.0,0.0,0.0,0.0,0.0,0.0,0.0,0.0,0.0,0.0,0.0,0.0,0.0,0.0,0.0,0.0,0.0,0.0,0.0,0.0,0.0,0.0,0.0,0.0,0.0,0.0,0.0,0.0,0.0,0.0,0.0,0.0,0.0,0.0,0.0,0.0,0.0,0.0,0.0,0.0,0.0,0.0,0.0,0.0,WATER
0.0,0.0,0.0,0.1482732743024826,-0.04031573235988617,-0.06756965816020966,0.2737593650817871,-0.21850000321865082,-0.08181299269199371,0.35597294569015503,-0.35904011130332947,-0.09435628354549408,0.43748024106025696,-0.41912755370140076,-0.10601162910461426,0.2000541090965271,-0.4728763699531555,-0.057308975607156754,0.23797349631786346,-0.6892398595809937,-0.10133487731218338,0.25546959042549133,-0.8340352177619934,-0.11814475804567337,0.2662549316883087,-0.9557114839553833,-0.1253949999809265,0.10585002601146698,-0.48859530687332153,-0.050973184406757355,0.07245871424674988,-0.5630883574485779,-0.16682825982570648,0.050078824162483215,-0.3816010355949402,-0.1982741504907608,0.04467067867517471,-0.2467597872018814,-0.1832316517829895,0.014060151763260365,-0.4786951243877411,-0.0511387400329113,-0.03213241323828697,-0.5183274745941162,-0.167694091796875,-0.021198252215981483,-0.34794968366622925,-0.17532195150852203,0.0008854357874952257,-0.230470210313797,-0.1379947066307068,-0.0751948207616806,-0.45968592166900635,-0.05457232892513275,-0.0841115340590477,-0.6321143507957458,-0.12161456048488617,-0.08628658950328827,-0.737011194229126,-0.1286858320236206,-0.08229827135801315,-0.845148503780365,-0.11245069652795792,0.0,0.0,0.0,0.0,0.0,0.0,0.0,0.0,0.0,0.0,0.0,0.0,0.0,0.0,0.0,0.0,0.0,0.0,0.0,0.0,0.0,0.0,0.0,0.0,0.0,0.0,0.0,0.0,0.0,0.0,0.0,0.0,0.0,0.0,0.0,0.0,0.0,0.0,0.0,0.0,0.0,0.0,0.0,0.0,0.0,0.0,0.0,0.0,0.0,0.0,0.0,0.0,0.0,0.0,0.0,0.0,0.0,0.0,0.0,0.0,0.0,0.0,0.0,WATER
0.0,0.0,0.0,0.1481439173221588,-0.040515124797821045,-0.06909065693616867,0.27382799983024597,-0.21914981305599213,-0.08394462615251541,0.35654470324516296,-0.3607635796070099,-0.09661301970481873,0.43902426958084106,-0.4205915629863739,-0.10824611783027649,0.20046910643577576,-0.4744366705417633,-0.05969861522316933,0.23839715123176575,-0.6899831891059875,-0.10342096537351608,0.2556164562702179,-0.8338831067085266,-0.12011957913637161,0.2661142945289612,-0.9554662108421326,-0.12754440307617188,0.10606154054403305,-0.49121272563934326,-0.05253051966428757,0.07228992134332657,-0.5628324151039124,-0.16795207560062408,0.05055604875087738,-0.38172802329063416,-0.19909818470478058,0.04542352259159088,-0.24750711023807526,-0.1842242032289505,0.014118490740656853,-0.4820573925971985,-0.05188992992043495,-0.03263561800122261,-0.5189849734306335,-0.16845180094242096,-0.021078579127788544,-0.3468768298625946,-0.17623016238212585,0.0013885664520785213,-0.22869873046875,-0.13924267888069153,-0.07504360377788544,-0.4640093445777893,-0.05462527275085449,-0.08421576768159866,-0.6349833011627197,-0.12205737829208374,-0.08700405806303024,-0.7396701574325562,-0.12959587574005127,-0.08363733440637589,-0.8486167192459106,-0.11386346817016602,0.0,0.0,0.0,0.0,0.0,0.0,0.0,0.0,0.0,0.0,0.0,0.0,0.0,0.0,0.0,0.0,0.0,0.0,0.0,0.0,0.0,0.0,0.0,0.0,0.0,0.0,0.0,0.0,0.0,0.0,0.0,0.0,0.0,0.0,0.0,0.0,0.0,0.0,0.0,0.0,0.0,0.0,0.0,0.0,0.0,0.0,0.0,0.0,0.0,0.0,0.0,0.0,0.0,0.0,0.0,0.0,0.0,0.0,0.0,0.0,0.0,0.0,0.0,WATER
0.0,0.0,0.0,0.14848995208740234,-0.04183889552950859,-0.06871190667152405,0.2736000716686249,-0.21932369470596313,-0.08403191715478897,0.3556149899959564,-0.36081138253211975,-0.09735245257616043,0.4383770525455475,-0.42419272661209106,-0.10963461548089981,0.19983066618442535,-0.473859041929245,-0.058653078973293304,0.23704828321933746,-0.6895654797554016,-0.10314883291721344,0.2538934350013733,-0.8339733481407166,-0.12033899873495102,0.26385724544525146,-0.9560266733169556,-0.12803241610527039,0.1053808331489563,-0.48941925168037415,-0.05215039476752281,0.07143279910087585,-0.5630330443382263,-0.16887877881526947,0.04943377152085304,-0.3802335262298584,-0.20054112374782562,0.04403165727853775,-0.24488438665866852,-0.18566997349262238,0.0134458402171731,-0.47920700907707214,-0.05228901654481888,-0.03358377888798714,-0.5184741020202637,-0.16964629292488098,-0.022138474509119987,-0.34717798233032227,-0.17704607546329498,0.00020621188741642982,-0.2293374389410019,-0.13953891396522522,-0.07558336108922958,-0.45965003967285156,-0.05585729330778122,-0.08508224785327911,-0.6329914927482605,-0.12397561967372894,-0.08797202259302139,-0.7395628690719604,-0.13163255155086517,-0.08499886095523834,-0.8502794504165649,-0.11579020321369171,0.0,0.0,0.0,0.0,0.0,0.0,0.0,0.0,0.0,0.0,0.0,0.0,0.0,0.0,0.0,0.0,0.0,0.0,0.0,0.0,0.0,0.0,0.0,0.0,0.0,0.0,0.0,0.0,0.0,0.0,0.0,0.0,0.0,0.0,0.0,0.0,0.0,0.0,0.0,0.0,0.0,0.0,0.0,0.0,0.0,0.0,0.0,0.0,0.0,0.0,0.0,0.0,0.0,0.0,0.0,0.0,0.0,0.0,0.0,0.0,0.0,0.0,0.0,WATER
0.0,0.0,0.0,0.1499805599451065,-0.041387755423784256,-0.0684460997581482,0.2755970358848572,-0.2205032855272293,-0.08274571597576141,0.356502890586853,-0.36184796690940857,-0.09479901939630508,0.43893492221832275,-0.4254514276981354,-0.10576636344194412,0.19978255033493042,-0.47413304448127747,-0.057909782975912094,0.23727081716060638,-0.6890574097633362,-0.10189203917980194,0.2547627091407776,-0.8340840935707092,-0.11854017525911331,0.2649049460887909,-0.9560229182243347,-0.12587937712669373,0.10529191792011261,-0.48877599835395813,-0.05115971714258194,0.07311967760324478,-0.5608392953872681,-0.16735386848449707,0.05348498746752739,-0.3772899806499481,-0.19835419952869415,0.04919492080807686,-0.24250398576259613,-0.1832103431224823,0.01365659199655056,-0.47753170132637024,-0.0511850006878376,-0.03143230825662613,-0.5152429938316345,-0.16855846345424652,-0.018182652071118355,-0.3440406024456024,-0.17595750093460083,0.004716083873063326,-0.22730126976966858,-0.13860422372817993,-0.07499545067548752,-0.4568726420402527,-0.05457980930805206,-0.08452415466308594,-0.6310093402862549,-0.12364856153726578,-0.08739323168992996,-0.7375745177268982,-0.1321486085653305,-0.08487781137228012,-0.848673403263092,-0.11695954948663712,0.0,0.0,0.0,0.0,0.0,0.0,0.0,0.0,0.0,0.0,0.0,0.0,0.0,0.0,0.0,0.0,0.0,0.0,0.0,0.0,0.0,0.0,0.0,0.0,0.0,0.0,0.0,0.0,0.0,0.0,0.0,0.0,0.0,0.0,0.0,0.0,0.0,0.0,0.0,0.0,0.0,0.0,0.0,0.0,0.0,0.0,0.0,0.0,0.0,0.0,0.0,0.0,0.0,0.0,0.0,0.0,0.0,0.0,0.0,0.0,0.0,0.0,0.0,WATER
0.0,0.0,0.0,0.1500767320394516,-0.04207570478320122,-0.0681256502866745,0.27615857124328613,-0.22155652940273285,-0.08261509239673615,0.35607239603996277,-0.3638906478881836,-0.0950268879532814,0.4387075901031494,-0.4278463125228882,-0.10632022470235825,0.19855912029743195,-0.4764263927936554,-0.05900146812200546,0.23643888533115387,-0.6919275522232056,-0.103209488093853,0.2529354393482208,-0.8353338241577148,-0.11958462744951248,0.2630358338356018,-0.9563870429992676,-0.12702709436416626,0.10370940715074539,-0.49118268489837646,-0.05253174155950546,0.07294865697622299,-0.561454713344574,-0.1698984056711197,0.0515354759991169,-0.377962589263916,-0.20060601830482483,0.045118242502212524,-0.2429443895816803,-0.18535347282886505,0.011551806703209877,-0.4793681502342224,-0.05288761854171753,-0.03272305801510811,-0.5184340476989746,-0.17106905579566956,-0.018919695168733597,-0.3461381196975708,-0.17804932594299316,0.004257564898580313,-0.22781607508659363,-0.140629842877388,-0.07794851064682007,-0.4580383002758026,-0.05662285536527634,-0.0877406895160675,-0.6317120790481567,-0.12707756459712982,-0.09043821692466736,-0.738461971282959,-0.13680455088615417,-0.08741617947816849,-0.850405216217041,-0.1226314902305603,0.0,0.0,0.0,0.0,0.0,0.0,0.0,0.0,0.0,0.0,0.0,0.0,0.0,0.0,0.0,0.0,0.0,0.0,0.0,0.0,0.0,0.0,0.0,0.0,0.0,0.0,0.0,0.0,0.0,0.0,0.0,0.0,0.0,0.0,0.0,0.0,0.0,0.0,0.0,0.0,0.0,0.0,0.0,0.0,0.0,0.0,0.0,0.0,0.0,0.0,0.0,0.0,0.0,0.0,0.0,0.0,0.0,0.0,0.0,0.0,0.0,0.0,0.0,WATER
0.0,0.0,0.0,0.14930754899978638,-0.04423544555902481,-0.0664009377360344,0.2756349444389343,-0.22230979800224304,-0.08075626939535141,0.3547305762767792,-0.36396002769470215,-0.09367574006319046,0.43687209486961365,-0.42783504724502563,-0.10559358447790146,0.200972780585289,-0.4753112196922302,-0.05728582292795181,0.23854467272758484,-0.6904834508895874,-0.10226834565401077,0.25453081727027893,-0.8340307474136353,-0.11932680010795593,0.2644246220588684,-0.9560145139694214,-0.12694808840751648,0.1060846596956253,-0.49149906635284424,-0.05187360569834709,0.07309623807668686,-0.5625998973846436,-0.16901721060276031,0.0509386770427227,-0.37926873564720154,-0.20014475286006927,0.04542693495750427,-0.244114950299263,-0.18502932786941528,0.013581334613263607,-0.48054713010787964,-0.05303430184721947,-0.03157147765159607,-0.5214494466781616,-0.1709337830543518,-0.01816430315375328,-0.34805822372436523,-0.17734433710575104,0.005732920486479998,-0.2288508415222168,-0.13933487236499786,-0.07666677981615067,-0.4593435823917389,-0.05744973197579384,-0.08640281111001968,-0.6330757141113281,-0.1265649050474167,-0.08985757827758789,-0.7391984462738037,-0.13452985882759094,-0.08689653128385544,-0.8500006794929504,-0.11889658868312836,0.0,0.0,0.0,0.0,0.0,0.0,0.0,0.0,0.0,0.0,0.0,0.0,0.0,0.0,0.0,0.0,0.0,0.0,0.0,0.0,0.0,0.0,0.0,0.0,0.0,0.0,0.0,0.0,0.0,0.0,0.0,0.0,0.0,0.0,0.0,0.0,0.0,0.0,0.0,0.0,0.0,0.0,0.0,0.0,0.0,0.0,0.0,0.0,0.0,0.0,0.0,0.0,0.0,0.0,0.0,0.0,0.0,0.0,0.0,0.0,0.0,0.0,0.0,WATER
0.0,0.0,0.0,0.14819391071796417,-0.04505927115678787,-0.06277879327535629,0.2756986916065216,-0.22463412582874298,-0.07438100874423981,0.3542692959308624,-0.36651235818862915,-0.08479465544223785,0.435018390417099,-0.42893028259277344,-0.09408769756555557,0.20016257464885712,-0.4787144958972931,-0.05246134474873543,0.23907852172851562,-0.6946454644203186,-0.09343504160642624,0.2537005841732025,-0.8373146653175354,-0.1068878099322319,0.26441681385040283,-0.9578744173049927,-0.11207305639982224,0.10528545081615448,-0.49309664964675903,-0.04753291234374046,0.07554950565099716,-0.5639809966087341,-0.1615162491798401,0.05011844262480736,-0.38282695412635803,-0.1906720995903015,0.04246889054775238,-0.24686755239963531,-0.1741875857114792,0.013181440532207489,-0.48124003410339355,-0.04870105907320976,-0.029797114431858063,-0.5260365605354309,-0.16349183022975922,-0.017244109883904457,-0.353768914937973,-0.1688774675130844,0.006910137832164764,-0.23284600675106049,-0.13078458607196808,-0.07744620740413666,-0.4596201181411743,-0.05282022804021835,-0.08819681406021118,-0.6317606568336487,-0.11973381787538528,-0.09220117330551147,-0.7377106547355652,-0.12731942534446716,-0.08822958916425705,-0.8477877974510193,-0.11178719252347946,0.0,0.0,0.0,0.0,0.0,0.0,0.0,0.0,0.0,0.0,0.0,0.0,0.0,0.0,0.0,0.0,0.0,0.0,0.0,0.0,0.0,0.0,0.0,0.0,0.0,0.0,0.0,0.0,0.0,0.0,0.0,0.0,0.0,0.0,0.0,0.0,0.0,0.0,0.0,0.0,0.0,0.0,0.0,0.0,0.0,0.0,0.0,0.0,0.0,0.0,0.0,0.0,0.0,0.0,0.0,0.0,0.0,0.0,0.0,0.0,0.0,0.0,0.0,WATER
0.0,0.0,0.0,0.14855067431926727,-0.043201565742492676,-0.06677789241075516,0.2756580412387848,-0.21955804526805878,-0.08074983209371567,0.3566093146800995,-0.3604481816291809,-0.0931887999176979,0.436355859041214,-0.4253436028957367,-0.1045043095946312,0.20115062594413757,-0.4792063236236572,-0.05506543070077896,0.23890577256679535,-0.6939464211463928,-0.09791664034128189,0.2547215223312378,-0.8364600539207458,-0.11397270113229752,0.26466429233551025,-0.956710696220398,-0.12106730043888092,0.10756546258926392,-0.4938684105873108,-0.049264468252658844,0.0720636174082756,-0.5654383897781372,-0.16383062303066254,0.04964087903499603,-0.3844522535800934,-0.1948394775390625,0.04535691440105438,-0.2496928870677948,-0.1801941692829132,0.01540243998169899,-0.4815819561481476,-0.04999304190278053,-0.032656263560056686,-0.5225995779037476,-0.16608093678951263,-0.019670851528644562,-0.34924980998039246,-0.17265893518924713,0.005470617208629847,-0.2297397255897522,-0.1353665292263031,-0.07535501569509506,-0.4598834216594696,-0.05400923267006874,-0.08740833401679993,-0.6312883496284485,-0.12177443504333496,-0.09173411130905151,-0.7379730343818665,-0.1293487846851349,-0.08816409856081009,-0.8503376841545105,-0.11387644708156586,0.0,0.0,0.0,0.0,0.0,0.0,0.0,0.0,0.0,0.0,0.0,0.0,0.0,0.0,0.0,0.0,0.0,0.0,0.0,0.0,0.0,0.0,0.0,0.0,0.0,0.0,0.0,0.0,0.0,0.0,0.0,0.0,0.0,0.0,0.0,0.0,0.0,0.0,0.0,0.0,0.0,0.0,0.0,0.0,0.0,0.0,0.0,0.0,0.0,0.0,0.0,0.0,0.0,0.0,0.0,0.0,0.0,0.0,0.0,0.0,0.0,0.0,0.0,WATER
0.0,0.0,0.0,0.1492181122303009,-0.04717925563454628,-0.0666334256529808,0.276579886674881,-0.22236444056034088,-0.08008319139480591,0.35539379715919495,-0.36415624618530273,-0.0915534719824791,0.43498730659484863,-0.42969948053359985,-0.10165276378393173,0.20007465779781342,-0.48107486963272095,-0.05415072664618492,0.23908460140228271,-0.6944876313209534,-0.09603087604045868,0.25466904044151306,-0.8365280032157898,-0.11117919534444809,0.26448962092399597,-0.9571836590766907,-0.11766321212053299,0.10602092742919922,-0.4958222806453705,-0.04766010865569115,0.07260700315237045,-0.5685377717018127,-0.16207468509674072,0.049534913152456284,-0.3861812651157379,-0.19267866015434265,0.044395651668310165,-0.24972330033779144,-0.1772758811712265,0.014323856681585312,-0.4841974377632141,-0.04758807644248009,-0.03249429911375046,-0.528854250907898,-0.16313886642456055,-0.019051630049943924,-0.3576929271221161,-0.16995126008987427,0.0063768597319722176,-0.23826459050178528,-0.1325904279947281,-0.07626119256019592,-0.46287721395492554,-0.0507400706410408,-0.0874023288488388,-0.635619580745697,-0.11848150193691254,-0.09126472473144531,-0.7428349256515503,-0.12669402360916138,-0.08748910576105118,-0.8547682762145996,-0.11140523850917816,0.0,0.0,0.0,0.0,0.0,0.0,0.0,0.0,0.0,0.0,0.0,0.0,0.0,0.0,0.0,0.0,0.0,0.0,0.0,0.0,0.0,0.0,0.0,0.0,0.0,0.0,0.0,0.0,0.0,0.0,0.0,0.0,0.0,0.0,0.0,0.0,0.0,0.0,0.0,0.0,0.0,0.0,0.0,0.0,0.0,0.0,0.0,0.0,0.0,0.0,0.0,0.0,0.0,0.0,0.0,0.0,0.0,0.0,0.0,0.0,0.0,0.0,0.0,WATER
0.0,0.0,0.0,0.14564481377601624,-0.04845353215932846,-0.06060222163796425,0.27155232429504395,-0.22700415551662445,-0.07262281328439713,0.3481005132198334,-0.3682614266872406,-0.08452535420656204,0.4253542721271515,-0.4328354001045227,-0.09524451196193695,0.19703294336795807,-0.47759556770324707,-0.04948139563202858,0.23518553376197815,-0.6965044140815735,-0.09089504182338715,0.24850450456142426,-0.8394965529441833,-0.10533709824085236,0.25791627168655396,-0.9598327875137329,-0.11045518517494202,0.10292308777570724,-0.49013349413871765,-0.0453747920691967,0.07627904415130615,-0.5625362992286682,-0.15968994796276093,0.04851477965712547,-0.3807728886604309,-0.19044624269008636,0.039251722395420074,-0.2419990748167038,-0.17450445890426636,0.011107122525572777,-0.4791852831840515,-0.04678435996174812,-0.028360381722450256,-0.5357652306556702,-0.15821781754493713,-0.01958518661558628,-0.3691897988319397,-0.16263219714164734,0.0019299457781016827,-0.24663826823234558,-0.12414617091417313,-0.07982342690229416,-0.4591996967792511,-0.051233600825071335,-0.08676029741764069,-0.6328208446502686,-0.11212440580129623,-0.09082340449094772,-0.7386361360549927,-0.11567829549312592,-0.08733967691659927,-0.8447224497795105,-0.09730343520641327,0.0,0.0,0.0,0.0,0.0,0.0,0.0,0.0,0.0,0.0,0.0,0.0,0.0,0.0,0.0,0.0,0.0,0.0,0.0,0.0,0.0,0.0,0.0,0.0,0.0,0.0,0.0,0.0,0.0,0.0,0.0,0.0,0.0,0.0,0.0,0.0,0.0,0.0,0.0,0.0,0.0,0.0,0.0,0.0,0.0,0.0,0.0,0.0,0.0,0.0,0.0,0.0,0.0,0.0,0.0,0.0,0.0,0.0,0.0,0.0,0.0,0.0,0.0,WATER
0.0,0.0,0.0,0.14878816902637482,-0.04509187117218971,-0.06543527543544769,0.2759457230567932,-0.21739816665649414,-0.07740651816129684,0.3534140884876251,-0.35940271615982056,-0.08795587718486786,0.4295811653137207,-0.42414480447769165,-0.09676835685968399,0.20149759948253632,-0.4761098623275757,-0.05004449933767319,0.2403959184885025,-0.6940407752990723,-0.09146437048912048,0.25405487418174744,-0.837846577167511,-0.1052931696176529,0.26254281401634216,-0.958583652973175,-0.11040204018354416,0.10676591843366623,-0.48943907022476196,-0.04435795173048973,0.07658927142620087,-0.5702653527259827,-0.16138623654842377,0.05159962177276611,-0.3866516351699829,-0.19264107942581177,0.046350713819265366,-0.24608319997787476,-0.1761942058801651,0.014529109932482243,-0.47897955775260925,-0.04509624093770981,-0.030287403613328934,-0.5342624187469482,-0.16111773252487183,-0.019700542092323303,-0.3667907118797302,-0.1679454892873764,0.004935197066515684,-0.2473345845937729,-0.1297033131122589,-0.07657688111066818,-0.4605884850025177,-0.04910891875624657,-0.08526979386806488,-0.6341275572776794,-0.11529563367366791,-0.09026303887367249,-0.7421320080757141,-0.12279536575078964,-0.0877590999007225,-0.853436291217804,-0.10667981952428818,0.0,0.0,0.0,0.0,0.0,0.0,0.0,0.0,0.0,0.0,0.0,0.0,0.0,0.0,0.0,0.0,0.0,0.0,0.0,0.0,0.0,0.0,0.0,0.0,0.0,0.0,0.0,0.0,0.0,0.0,0.0,0.0,0.0,0.0,0.0,0.0,0.0,0.0,0.0,0.0,0.0,0.0,0.0,0.0,0.0,0.0,0.0,0.0,0.0,0.0,0.0,0.0,0.0,0.0,0.0,0.0,0.0,0.0,0.0,0.0,0.0,0.0,0.0,WATER
0.0,0.0,0.0,0.14993327856063843,-0.042651958763599396,-0.06703418493270874,0.27879390120506287,-0.22021283209323883,-0.07752736657857895,0.354653537273407,-0.36430826783180237,-0.08546441793441772,0.43343427777290344,-0.4256657660007477,-0.09155704826116562,0.20405803620815277,-0.4788246154785156,-0.051145121455192566,0.24328012764453888,-0.6948939561843872,-0.08975772559642792,0.2567025125026703,-0.8390604257583618,-0.10081183910369873,0.2650776505470276,-0.9586079120635986,-0.1039457619190216,0.10887865722179413,-0.49419957399368286,-0.04307582974433899,0.08039140701293945,-0.5699912905693054,-0.15768395364284515,0.05564991384744644,-0.3853656053543091,-0.1868380457162857,0.04892849177122116,-0.242978036403656,-0.1687496155500412,0.016854558140039444,-0.4853838384151459,-0.041514597833156586,-0.026438267901539803,-0.5324798226356506,-0.15648925304412842,-0.014711473137140274,-0.36184173822402954,-0.1642315834760666,0.009309455752372742,-0.24161098897457123,-0.12645816802978516,-0.07406659424304962,-0.4684554934501648,-0.043082963675260544,-0.08329281210899353,-0.6400744915008545,-0.10861571878194809,-0.08745961636304855,-0.7451645135879517,-0.11688651144504547,-0.08476244658231735,-0.8545516133308411,-0.10144653171300888,0.0,0.0,0.0,0.0,0.0,0.0,0.0,0.0,0.0,0.0,0.0,0.0,0.0,0.0,0.0,0.0,0.0,0.0,0.0,0.0,0.0,0.0,0.0,0.0,0.0,0.0,0.0,0.0,0.0,0.0,0.0,0.0,0.0,0.0,0.0,0.0,0.0,0.0,0.0,0.0,0.0,0.0,0.0,0.0,0.0,0.0,0.0,0.0,0.0,0.0,0.0,0.0,0.0,0.0,0.0,0.0,0.0,0.0,0.0,0.0,0.0,0.0,0.0,WATER
0.0,0.0,0.0,0.15015338361263275,-0.04689015448093414,-0.06541483104228973,0.2770341634750366,-0.2249024659395218,-0.07610667496919632,0.353513240814209,-0.36575862765312195,-0.08481008559465408,0.4310038089752197,-0.42869049310684204,-0.09176404029130936,0.20140831172466278,-0.48051780462265015,-0.0518844835460186,0.23983104526996613,-0.6954156160354614,-0.09256689250469208,0.2533227503299713,-0.8386377692222595,-0.10543518513441086,0.26242730021476746,-0.9586610794067383,-0.11000343412160873,0.10608553886413574,-0.49594661593437195,-0.04528108239173889,0.07946118712425232,-0.5716047286987305,-0.1614931970834732,0.05493508651852608,-0.3873831629753113,-0.19110172986984253,0.048205774277448654,-0.24582715332508087,-0.1735842525959015,0.013928710483014584,-0.48596495389938354,-0.04524952173233032,-0.025805993005633354,-0.5340949296951294,-0.16138237714767456,-0.01435120776295662,-0.3612165153026581,-0.1683434396982193,0.008779922500252724,-0.23949043452739716,-0.13030165433883667,-0.07626856863498688,-0.46745598316192627,-0.048381343483924866,-0.08562451601028442,-0.6396066546440125,-0.11625336110591888,-0.08878003805875778,-0.7452423572540283,-0.12585945427417755,-0.08431623131036758,-0.855875551700592,-0.11148596554994583,0.0,0.0,0.0,0.0,0.0,0.0,0.0,0.0,0.0,0.0,0.0,0.0,0.0,0.0,0.0,0.0,0.0,0.0,0.0,0.0,0.0,0.0,0.0,0.0,0.0,0.0,0.0,0.0,0.0,0.0,0.0,0.0,0.0,0.0,0.0,0.0,0.0,0.0,0.0,0.0,0.0,0.0,0.0,0.0,0.0,0.0,0.0,0.0,0.0,0.0,0.0,0.0,0.0,0.0,0.0,0.0,0.0,0.0,0.0,0.0,0.0,0.0,0.0,WATER
0.0,0.0,0.0,0.14959919452667236,-0.04516156017780304,-0.066346175968647,0.27569496631622314,-0.22182856500148773,-0.07753506302833557,0.35275548696517944,-0.36179497838020325,-0.08645359426736832,0.4296875596046448,-0.423607736825943,-0.09381290525197983,0.20134824514389038,-0.47910076379776,-0.05409151315689087,0.2392866313457489,-0.693516731262207,-0.09554338455200195,0.2539093792438507,-0.8373963236808777,-0.10960199683904648,0.26268601417541504,-0.9579911231994629,-0.1151043251156807,0.10662674903869629,-0.4951727092266083,-0.047025926411151886,0.0778828039765358,-0.5673618316650391,-0.16276699304580688,0.054865021258592606,-0.38257884979248047,-0.1925906091928482,0.04843669384717941,-0.24261298775672913,-0.17571748793125153,0.014599728398025036,-0.48558464646339417,-0.04651670157909393,-0.02821842022240162,-0.5279554724693298,-0.16258729994297028,-0.01599840633571148,-0.35561710596084595,-0.17003172636032104,0.007565345615148544,-0.23593740165233612,-0.13249890506267548,-0.0758131593465805,-0.46729183197021484,-0.04919968917965889,-0.08581400662660599,-0.638879656791687,-0.11743216961622238,-0.0888601765036583,-0.7446070313453674,-0.12707455456256866,-0.08463344722986221,-0.8549678921699524,-0.11269648373126984,0.0,0.0,0.0,0.0,0.0,0.0,0.0,0.0,0.0,0.0,0.0,0.0,0.0,0.0,0.0,0.0,0.0,0.0,0.0,0.0,0.0,0.0,0.0,0.0,0.0,0.0,0.0,0.0,0.0,0.0,0.0,0.0,0.0,0.0,0.0,0.0,0.0,0.0,0.0,0.0,0.0,0.0,0.0,0.0,0.0,0.0,0.0,0.0,0.0,0.0,0.0,0.0,0.0,0.0,0.0,0.0,0.0,0.0,0.0,0.0,0.0,0.0,0.0,WATER
0.0,0.0,0.0,0.15019607543945312,-0.0450078509747982,-0.06763370335102081,0.27678942680358887,-0.22301767766475677,-0.07865025848150253,0.35343706607818604,-0.3637872636318207,-0.0869942307472229,0.43099382519721985,-0.42644572257995605,-0.09348693490028381,0.20203785598278046,-0.48014381527900696,-0.0535624623298645,0.23994076251983643,-0.6946596503257751,-0.09420877695083618,0.25358104705810547,-0.8382206559181213,-0.1071087047457695,0.262057363986969,-0.958556056022644,-0.11178641766309738,0.10679010301828384,-0.4958542585372925,-0.04544692113995552,0.07997622340917587,-0.5704474449157715,-0.16201980412006378,0.05505574122071266,-0.38468462228775024,-0.19146160781383514,0.04716479033231735,-0.24221894145011902,-0.17352139949798584,0.014516647905111313,-0.48644495010375977,-0.04406149685382843,-0.026538444682955742,-0.5332255959510803,-0.16083326935768127,-0.014987337402999401,-0.3604712188243866,-0.16820313036441803,0.007964557968080044,-0.23938718438148499,-0.13007953763008118,-0.07587703317403793,-0.46888822317123413,-0.04594007134437561,-0.08564534038305283,-0.6401810646057129,-0.11493776738643646,-0.08854693919420242,-0.7457213401794434,-0.12542884051799774,-0.08432327955961227,-0.8563190698623657,-0.11139153689146042,0.0,0.0,0.0,0.0,0.0,0.0,0.0,0.0,0.0,0.0,0.0,0.0,0.0,0.0,0.0,0.0,0.0,0.0,0.0,0.0,0.0,0.0,0.0,0.0,0.0,0.0,0.0,0.0,0.0,0.0,0.0,0.0,0.0,0.0,0.0,0.0,0.0,0.0,0.0,0.0,0.0,0.0,0.0,0.0,0.0,0.0,0.0,0.0,0.0,0.0,0.0,0.0,0.0,0.0,0.0,0.0,0.0,0.0,0.0,0.0,0.0,0.0,0.0,WATER
0.0,0.0,0.0,0.15009719133377075,-0.04648111015558243,-0.06533782184123993,0.27485421299934387,-0.22641132771968842,-0.07563970237970352,0.3515583872795105,-0.36706265807151794,-0.08378241211175919,0.42975160479545593,-0.42632734775543213,-0.09026369452476501,0.20165900886058807,-0.4815860688686371,-0.05106618255376816,0.23946337401866913,-0.6957416534423828,-0.09127236157655716,0.25271084904670715,-0.8386704325675964,-0.1042875200510025,0.26144203543663025,-0.9590050578117371,-0.10935012996196747,0.10666914284229279,-0.49654027819633484,-0.04428522288799286,0.08304587006568909,-0.5763274431228638,-0.15935015678405762,0.055969152599573135,-0.3906344771385193,-0.18823766708374023,0.04629509523510933,-0.247298464179039,-0.1702333688735962,0.014423804357647896,-0.4864038825035095,-0.04411735758185387,-0.021858638152480125,-0.5364245772361755,-0.159454345703125,-0.011294076219201088,-0.36241036653518677,-0.16562266647815704,0.010138428770005703,-0.23946784436702728,-0.12714000046253204,-0.07613963633775711,-0.46807220578193665,-0.04711471125483513,-0.08545948565006256,-0.6418331265449524,-0.11496517062187195,-0.0878797322511673,-0.7476548552513123,-0.12447946518659592,-0.08265376091003418,-0.8589547872543335,-0.11017969995737076,0.0,0.0,0.0,0.0,0.0,0.0,0.0,0.0,0.0,0.0,0.0,0.0,0.0,0.0,0.0,0.0,0.0,0.0,0.0,0.0,0.0,0.0,0.0,0.0,0.0,0.0,0.0,0.0,0.0,0.0,0.0,0.0,0.0,0.0,0.0,0.0,0.0,0.0,0.0,0.0,0.0,0.0,0.0,0.0,0.0,0.0,0.0,0.0,0.0,0.0,0.0,0.0,0.0,0.0,0.0,0.0,0.0,0.0,0.0,0.0,0.0,0.0,0.0,WATER
0.0,0.0,0.0,0.14982207119464874,-0.0476347953081131,-0.06474500894546509,0.27381548285484314,-0.22787156701087952,-0.0760517418384552,0.3502787947654724,-0.3679228127002716,-0.08574911952018738,0.4275990426540375,-0.4265563488006592,-0.09372024983167648,0.19987311959266663,-0.4810792803764343,-0.051301922649145126,0.23701243102550507,-0.6971530914306641,-0.09152431041002274,0.2503249943256378,-0.8391408324241638,-0.10452727228403091,0.25983941555023193,-0.9594181776046753,-0.10954603552818298,0.10372928529977798,-0.4965449571609497,-0.045456718653440475,0.08338021486997604,-0.5752051472663879,-0.16054849326610565,0.056751661002635956,-0.39074599742889404,-0.1901414394378662,0.04595161974430084,-0.24793243408203125,-0.17295317351818085,0.011270738206803799,-0.4871979355812073,-0.04604131728410721,-0.020636092871427536,-0.5410887598991394,-0.1604173183441162,-0.00996645912528038,-0.3670045733451843,-0.16627857089042664,0.010343161411583424,-0.2429201602935791,-0.12814947962760925,-0.0786900445818901,-0.4689805507659912,-0.0498824305832386,-0.08690844476222992,-0.6426776647567749,-0.11581795662641525,-0.0888744443655014,-0.7470820546150208,-0.12420392781496048,-0.08335664123296738,-0.8572145700454712,-0.10957098007202148,0.0,0.0,0.0,0.0,0.0,0.0,0.0,0.0,0.0,0.0,0.0,0.0,0.0,0.0,0.0,0.0,0.0,0.0,0.0,0.0,0.0,0.0,0.0,0.0,0.0,0.0,0.0,0.0,0.0,0.0,0.0,0.0,0.0,0.0,0.0,0.0,0.0,0.0,0.0,0.0,0.0,0.0,0.0,0.0,0.0,0.0,0.0,0.0,0.0,0.0,0.0,0.0,0.0,0.0,0.0,0.0,0.0,0.0,0.0,0.0,0.0,0.0,0.0,WATER
